Date,Open,High,Low,Close,Volume,Change
2015-01-02,40950,40950,40950,40950,0,0.0
2015-01-05,40050,41000,40050,40450,397,-0.012210012210012167
2015-01-06,40500,40500,40000,40250,248,-0.0049443757725586845
2015-01-07,40550,40550,39600,40200,32,-0.001242236024844745
2015-01-08,40200,40200,40000,40200,581,0.0
2015-01-09,40200,40450,40000,40200,1135,0.0
2015-01-12,39950,40050,39350,40050,100,-0.003731343283582045
2015-01-13,40200,40200,40000,40100,48,0.0012484394506866447
2015-01-14,40350,40350,39650,40100,44,0.0
2015-01-15,40300,40300,40000,40100,19,0.0
2015-01-16,40300,40300,39800,40250,17,0.0037406483790523026
2015-01-19,40250,40500,39800,40300,82,0.001242236024844745
2015-01-20,40300,40550,40100,40100,527,-0.00496277915632759
2015-01-21,40400,40400,40000,40000,215,-0.0024937655860348684
2015-01-22,40250,40500,39800,40500,278,0.012499999999999956
2015-01-23,40600,40600,40600,40600,1,0.0024691358024691024
2015-01-26,40450,40450,40450,40450,5,-0.003694581280788145
2015-01-27,40700,40700,40600,40700,57,0.006180469715698411
2015-01-28,40500,42450,40500,42000,875,0.03194103194103204
2015-01-29,40950,42050,40550,41900,80,-0.0023809523809523725
2015-01-30,42100,42200,41650,41950,156,0.0011933174224343368
2015-02-02,41700,41950,41700,41950,20,0.0
2015-02-03,42100,42200,42100,42200,138,0.005959475566150285
2015-02-04,42450,42450,42350,42350,51,0.0035545023696681444
2015-02-05,42500,42500,42450,42450,3,0.0023612750885477762
2015-02-06,42500,42500,42200,42450,8,0.0
2015-02-09,42400,42450,42400,42450,153,0.0
2015-02-10,42200,42500,41800,42500,213,0.0011778563015312216
2015-02-11,42750,42750,42250,42700,8,0.004705882352941115
2015-02-12,42700,42850,42700,42850,7,0.003512880562060783
2015-02-13,42600,43000,42200,42900,13,0.001166861143523823
2015-02-16,42900,43000,42650,42950,29,0.0011655011655011815
2015-02-17,42700,43050,42700,43000,7,0.0011641443538998875
2015-02-23,43150,43150,42300,43150,42,0.0034883720930232176
2015-02-24,43150,43150,42900,42900,32,-0.005793742757821518
2015-02-25,42900,43200,41650,42500,301,-0.009324009324009341
2015-02-26,42900,42900,41900,42450,104,-0.0011764705882353343
2015-02-27,42200,42650,41650,42250,150,-0.004711425206124886
2015-03-02,42250,42250,41650,42200,154,-0.0011834319526626835
2015-03-03,41950,42450,41950,42400,10,0.004739336492890933
2015-03-04,42150,42300,41750,42100,242,-0.007075471698113178
2015-03-05,42100,42500,42000,42500,402,0.009501187648456089
2015-03-06,42600,42700,42600,42600,3,0.0023529411764706687
2015-03-09,42250,43100,42250,42700,261,0.0023474178403755097
2015-03-10,42450,42950,42450,42950,309,0.005854800936768045
2015-03-11,42700,43000,42500,42900,549,-0.0011641443538998875
2015-03-12,42950,42950,41050,42700,486,-0.004662004662004615
2015-03-13,42450,43000,42450,42800,231,0.0023419203747072626
2015-03-16,42950,43300,42550,43300,495,0.011682242990654235
2015-03-17,43050,43600,42100,42100,480,-0.02771362586605086
2015-03-18,42250,42950,42050,42950,4647,0.020190023752969077
2015-03-19,42700,43050,41450,42950,687,0.0
2015-03-20,42900,42900,41700,42400,510,-0.012805587892898762
2015-03-23,42400,44850,42400,43850,1830,0.034198113207547065
2015-03-24,43850,43850,42650,43800,320,-0.0011402508551880963
2015-03-25,43800,43950,42950,43000,195,-0.0182648401826484
2015-03-26,43000,43550,43000,43550,2,0.012790697674418539
2015-03-27,43550,43550,43100,43300,50,-0.00574052812858783
2015-03-30,43650,43700,43050,43050,14,-0.005773672055427226
2015-03-31,43050,43300,42250,43300,155,0.005807200929152101
2015-04-01,43600,43600,43050,43450,27,0.0034642032332563577
2015-04-02,43650,43650,43200,43500,25,0.0011507479861909697
2015-04-03,43750,44500,42800,44100,1342,0.01379310344827589
2015-04-06,44100,44250,44000,44250,1134,0.00340136054421758
2015-04-07,44250,44700,44250,44700,933,0.01016949152542379
2015-04-08,44700,45800,44700,45800,899,0.02460850111856816
2015-04-09,45800,46300,45800,46300,549,0.01091703056768556
2015-04-10,46600,46600,46050,46600,90,0.00647948164146861
2015-04-13,46600,46750,45000,45100,590,-0.03218884120171672
2015-04-14,45100,46750,44850,46150,1813,0.02328159645232808
2015-04-15,46150,48500,46150,48100,2067,0.04225352112676051
2015-04-16,48100,49150,47600,48750,1856,0.013513513513513598
2015-04-17,48400,50700,48400,49200,2954,0.009230769230769154
2015-04-20,49000,49900,49000,49250,1497,0.00101626016260159
2015-04-21,49000,49800,48500,48500,1700,-0.015228426395939132
2015-04-22,48500,49450,48300,48300,289,-0.004123711340206171
2015-04-23,48300,48550,47000,47000,347,-0.026915113871635588
2015-04-24,47000,47400,46250,47050,561,0.0010638297872340718
2015-04-27,47350,47650,46850,47650,140,0.012752391073326264
2015-04-28,47950,47950,47550,47850,409,0.0041972717733473885
2015-04-29,47850,48000,47000,47900,1019,0.0010449320794148065
2015-04-30,47650,47850,47000,47850,132,-0.0010438413361169019
2015-05-04,48000,48000,47600,48000,4,0.0031347962382444194
2015-05-06,48000,48000,47250,47800,16,-0.004166666666666652
2015-05-07,47100,47950,47050,47700,185,-0.0020920502092049986
2015-05-08,47700,49350,47500,48500,1125,0.016771488469601747
2015-05-11,48800,49300,48550,49150,1343,0.013402061855670055
2015-05-12,49300,50000,48800,49850,2327,0.014242115971515812
2015-05-13,49600,50400,49500,50400,332,0.011033099297893756
2015-05-14,50400,50700,50400,50500,181,0.001984126984126977
2015-05-15,50500,50700,50400,50700,263,0.003960396039603964
2015-05-18,50500,50500,49400,49400,1134,-0.02564102564102566
2015-05-19,49400,49900,49400,49900,90,0.010121457489878471
2015-05-20,49850,49900,49700,49900,161,0.0
2015-05-21,50200,50200,49650,50000,23,0.002004008016031955
2015-05-22,49700,50200,49500,50200,414,0.0040000000000000036
2015-05-26,50500,50500,49600,49850,284,-0.006972111553784854
2015-05-27,50400,50400,48950,49550,287,-0.006018054162487463
2015-05-28,49550,51800,48200,51500,706,0.039354187689202735
2015-05-29,51200,51200,50200,50700,104,-0.01553398058252431
2015-06-01,50400,50600,50400,50600,28,-0.0019723865877712132
2015-06-02,50000,50000,49300,49700,119,-0.017786561264822143
2015-06-03,49700,49800,47700,49700,37,0.0
2015-06-04,49450,49950,49450,49900,47,0.004024144869215318
2015-06-05,49650,49950,49000,49450,320,-0.009018036072144242
2015-06-08,49200,49950,48000,49000,316,-0.009100101112234582
2015-06-09,49000,49000,48500,48500,18,-0.010204081632653073
2015-06-10,48250,48500,47300,47500,72,-0.020618556701030966
2015-06-11,48300,49250,47250,49250,109,0.03684210526315779
2015-06-12,49250,53700,49250,52800,6718,0.07208121827411174
2015-06-15,53300,65600,53300,64600,24358,0.2234848484848484
2015-06-16,65500,74600,62000,66400,22911,0.02786377708978338
2015-06-17,67500,68000,61200,67500,10558,0.016566265060240948
2015-06-18,0,0,0,67500,0,0.0
2015-06-19,69500,69500,65800,68500,3461,0.014814814814814836
2015-06-22,67600,68600,67100,68000,1217,-0.007299270072992692
2015-06-23,68200,70000,68200,70000,3587,0.02941176470588225
2015-06-24,70000,91000,69900,91000,19865,0.30000000000000004
2015-06-25,85600,88700,75000,80100,27419,-0.1197802197802198
2015-06-26,81800,81800,75300,76700,8098,-0.04244694132334581
2015-06-29,75900,78500,73200,75000,11865,-0.022164276401564487
2015-06-30,78500,78500,71500,75400,4632,0.005333333333333412
2015-07-01,75500,78500,74100,77000,3404,0.021220159151193574
2015-07-02,77500,82400,75600,79300,8358,0.029870129870129825
2015-07-03,80600,87000,80600,85100,19872,0.0731399747793191
2015-07-06,85100,95800,83800,91000,23628,0.06933019976498245
2015-07-07,96900,114000,79900,86000,37760,-0.05494505494505497
2015-07-08,87100,99000,83900,95900,27680,0.11511627906976751
2015-07-09,93000,115500,90000,109000,42357,0.1366006256517205
2015-07-10,114500,135000,111000,122000,35455,0.11926605504587151
2015-07-13,125000,129000,109500,117000,19584,-0.040983606557377095
2015-07-14,118000,124500,116000,118500,14667,0.012820512820512775
2015-07-15,120000,120000,110500,116000,15708,-0.021097046413502074
2015-07-16,114500,117000,103500,106000,13870,-0.08620689655172409
2015-07-17,107500,107500,93500,101000,10271,-0.047169811320754707
2015-07-20,98100,100000,92500,95400,8466,-0.055445544554455495
2015-07-21,95900,97400,94300,94600,4135,-0.008385744234800874
2015-07-22,97000,103000,93000,94000,6921,-0.006342494714587699
2015-07-23,94900,99800,90700,95500,5212,0.015957446808510634
2015-07-24,95900,100000,92300,99800,7647,0.04502617801047126
2015-07-27,99800,99800,81800,85800,8999,-0.14028056112224452
2015-07-28,82100,84300,78500,82600,6822,-0.037296037296037254
2015-07-29,83900,84500,74100,74100,7699,-0.10290556900726389
2015-07-30,71100,75000,71100,73100,5408,-0.013495276653171406
2015-07-31,72700,76900,72500,75100,1566,0.02735978112175097
2015-08-03,74300,76300,73300,74500,1017,-0.007989347536617841
2015-08-04,75200,77800,74100,75800,1809,0.01744966442953011
2015-08-05,76300,79900,76000,76000,3250,0.0026385224274405594
2015-08-06,77000,81600,77000,81200,6306,0.06842105263157894
2015-08-07,79500,82000,77300,80700,2669,-0.006157635467980316
2015-08-10,81000,84200,81000,83500,2928,0.03469640644361838
2015-08-11,84800,85300,79400,81200,3282,-0.02754491017964067
2015-08-12,79100,80900,71200,74000,6147,-0.08866995073891626
2015-08-13,74000,77000,73600,76000,2272,0.027027027027026973
2015-08-17,76500,76900,73600,76900,871,0.011842105263157876
2015-08-18,76000,76000,70200,72300,2902,-0.05981794538361507
2015-08-19,71900,72800,67900,70500,2005,-0.024896265560165998
2015-08-20,66100,72900,66100,70700,2151,0.0028368794326241176
2015-08-21,70000,70000,66000,66100,2428,-0.06506364922206509
2015-08-24,66000,69000,63100,64800,803,-0.01966717095310133
2015-08-25,64800,66300,63800,65800,1170,0.015432098765432167
2015-08-26,65400,67600,65000,67500,1276,0.02583586626139822
2015-08-27,67300,68500,67100,67900,643,0.00592592592592589
2015-08-28,68100,68900,68100,68200,383,0.004418262150220897
2015-08-31,67800,68600,67000,68400,594,0.0029325513196480912
2015-09-01,68800,69900,65200,65300,4620,-0.04532163742690054
2015-09-02,65300,65400,64000,64700,659,-0.009188361408882129
2015-09-03,65500,66700,64500,64500,2025,-0.0030911901081916993
2015-09-04,65000,65000,61700,61700,1735,-0.04341085271317835
2015-09-07,61200,62900,61200,61600,700,-0.0016207455429497752
2015-09-08,61900,62000,60300,60300,769,-0.02110389610389607
2015-09-09,61300,64000,60400,64000,1496,0.06135986733001664
2015-09-10,64900,66300,63900,66300,1986,0.035937499999999956
2015-09-11,66300,67700,66100,67000,610,0.010558069381598756
2015-09-14,68000,68800,66700,68500,575,0.02238805970149249
2015-09-15,68800,69900,68000,69000,1354,0.007299270072992803
2015-09-16,68600,69300,67700,69100,944,0.0014492753623187582
2015-09-17,69500,69500,67000,67000,398,-0.03039073806078152
2015-09-18,67900,71400,67500,71300,1723,0.06417910447761188
2015-09-21,70900,70900,68500,70000,1006,-0.018232819074333828
2015-09-22,70000,70000,69000,70000,91,0.0
2015-09-23,69600,69600,65100,66400,2236,-0.05142857142857138
2015-09-24,67800,68600,66100,66100,457,-0.004518072289156572
2015-09-25,65700,65700,63600,63800,2511,-0.03479576399394857
2015-09-30,62200,64900,62200,64800,31,0.01567398119122254
2015-10-01,62300,65500,62300,65500,189,0.010802469135802406
2015-10-02,65500,65500,64000,65500,203,0.0
2015-10-05,66600,69800,66600,68800,1166,0.05038167938931304
2015-10-06,69200,69200,68200,68900,464,0.0014534883720929148
2015-10-07,67000,71000,67000,70900,1208,0.029027576197387495
2015-10-08,71300,71400,70100,71400,1502,0.007052186177715081
2015-10-12,71400,71800,70300,70300,406,-0.01540616246498594
2015-10-13,71300,71300,70000,70000,125,-0.004267425320056861
2015-10-14,70600,70600,69000,69500,268,-0.0071428571428571175
2015-10-15,69500,70900,69500,70900,203,0.020143884892086295
2015-10-16,70800,71700,70200,71700,305,0.01128349788434413
2015-10-19,69000,71400,69000,69600,467,-0.029288702928870314
2015-10-20,70700,71100,70000,71100,218,0.02155172413793105
2015-10-21,71400,72500,71400,72500,141,0.019690576652601877
2015-10-22,74800,74800,71300,71700,317,-0.011034482758620734
2015-10-23,71700,72800,71400,72600,594,0.012552301255230214
2015-10-26,72600,72900,70700,70700,572,-0.026170798898071612
2015-10-27,70700,71900,70700,71900,174,0.016973125884016893
2015-10-28,72300,72300,70600,71900,223,0.0
2015-10-29,72300,72300,70100,70300,587,-0.022253129346314293
2015-10-30,69900,70300,69700,70200,631,-0.0014224751066855834
2015-11-02,70200,70300,69800,70200,453,0.0
2015-11-03,70200,72000,70000,70900,1273,0.009971509971509862
2015-11-04,70000,71000,70000,71000,481,0.0014104372355430161
2015-11-05,72900,72900,71000,71900,168,0.012676056338028152
2015-11-06,72000,73900,71500,73900,802,0.02781641168289295
2015-11-09,74700,74700,71000,71200,865,-0.03653585926928282
2015-11-10,70000,70200,68000,68000,748,-0.0449438202247191
2015-11-11,68900,69900,68900,69400,12,0.020588235294117574
2015-11-12,68500,70000,68500,70000,653,0.008645533141210304
2015-11-13,68600,70300,68600,69900,1236,-0.0014285714285714457
2015-11-16,65700,69900,65500,66000,2244,-0.05579399141630903
2015-11-17,66800,71800,66500,71000,735,0.07575757575757569
2015-11-18,69200,71300,69200,70800,474,-0.0028169014084507005
2015-11-19,70800,71300,70100,70900,296,0.0014124293785311437
2015-11-20,71200,71600,70400,71600,197,0.009873060648801113
2015-11-23,72000,72100,70600,72100,525,0.006983240223463749
2015-11-24,72100,72500,71100,72500,425,0.00554785020804438
2015-11-25,72500,72900,70600,72500,241,0.0
2015-11-26,72500,73500,71600,73400,353,0.012413793103448256
2015-11-27,73500,73800,71900,73400,500,0.0
2015-11-30,73400,73400,71600,72800,183,-0.008174386920980936
2015-12-01,72400,73000,70600,73000,109,0.0027472527472527375
2015-12-02,73300,73300,71900,73100,129,0.00136986301369868
2015-12-03,72700,73200,70900,73000,391,-0.001367989056087593
2015-12-04,72600,73000,70500,71600,222,-0.019178082191780854
2015-12-07,71600,72400,70800,72000,16,0.005586592178770999
2015-12-08,72400,72400,69700,69800,73,-0.030555555555555558
2015-12-09,69800,71200,69800,71200,3,0.02005730659025784
2015-12-10,71500,71500,70800,71300,4,0.001404494382022392
2015-12-11,71600,71600,68100,71000,59,-0.0042075736325385416
2015-12-14,69300,69300,67400,69200,636,-0.025352112676056304
2015-12-15,69300,70100,67500,70100,22,0.013005780346820872
2015-12-16,69800,70700,68100,70000,168,-0.0014265335235378318
2015-12-17,69600,70400,68500,70400,72,0.005714285714285783
2015-12-18,70000,70700,68600,70700,219,0.0042613636363635354
2015-12-21,70300,70400,69100,70000,628,-0.00990099009900991
2015-12-22,69600,70700,68500,69700,99,-0.004285714285714337
2015-12-23,69300,69400,68300,68300,7506,-0.020086083213773365
2015-12-24,68200,68300,68100,68200,240,-0.0014641288433382416
2015-12-28,68600,70400,67800,67800,533,-0.0058651026392961825
2015-12-29,67400,69100,67000,69100,438,0.019174041297935096
2015-12-30,69100,69900,68400,68500,110,-0.00868306801736618
2016-01-04,68700,69200,66200,68300,911,-0.0029197080291970545
2016-01-05,68200,69400,67700,69400,452,0.016105417276720324
2016-01-06,69100,72600,68800,72400,1792,0.043227665706051965
2016-01-07,70600,72800,70600,72400,810,0.0
2016-01-08,72900,74800,71600,74800,939,0.03314917127071815
2016-01-11,74800,74800,70100,74200,658,-0.008021390374331583
2016-01-12,73800,73800,72100,73600,216,-0.008086253369272267
2016-01-13,73600,74400,73300,74400,810,0.010869565217391353
2016-01-14,74000,74000,71000,71700,192,-0.03629032258064513
2016-01-15,72900,72900,71100,71200,152,-0.006973500697350032
2016-01-18,71200,72300,71200,72200,205,0.014044943820224809
2016-01-19,72600,72600,71300,72000,166,-0.0027700831024930483
2016-01-20,72000,72000,70400,71000,355,-0.01388888888888884
2016-01-21,70800,71600,69000,71600,692,0.008450704225352101
2016-01-22,71200,71700,68200,71700,269,0.0013966480446927498
2016-01-25,72100,72200,71200,71200,716,-0.006973500697350032
2016-01-26,71900,71900,69700,70500,1399,-0.0098314606741573
2016-01-27,71000,71000,70000,71000,261,0.007092198581560183
2016-01-28,70600,72000,70300,72000,1259,0.014084507042253502
2016-01-29,72500,74000,71800,74000,148,0.02777777777777768
2016-02-01,74200,77400,74000,76700,2429,0.03648648648648645
2016-02-02,77000,78000,76000,77400,590,0.009126466753585305
2016-02-03,77000,77800,74900,77800,177,0.0051679586563306845
2016-02-04,78000,80500,77300,80300,1229,0.03213367609254503
2016-02-05,80300,80400,78100,80000,331,-0.0037359900373599153
2016-02-11,79400,79400,76500,77800,306,-0.02749999999999997
2016-02-12,78700,78700,70000,73600,754,-0.05398457583547556
2016-02-15,72500,76100,72500,75700,48,0.028532608695652106
2016-02-16,75800,76000,75800,76000,4,0.003963011889035695
2016-02-17,75600,75800,73000,74300,250,-0.022368421052631593
2016-02-18,74400,75600,73500,74900,73,0.008075370121130465
2016-02-19,75400,75400,74500,75300,8,0.005340453938584844
2016-02-22,75700,76000,74900,75800,29,0.006640106241699861
2016-02-23,75400,76000,74000,76000,72,0.0026385224274405594
2016-02-24,75600,77200,75600,77000,385,0.013157894736842035
2016-02-25,77400,79400,76800,78300,236,0.016883116883116944
2016-02-26,78300,81000,77100,81000,1510,0.034482758620689724
2016-02-29,81000,81500,80000,81500,471,0.006172839506172867
2016-03-02,81500,81700,80000,80700,208,-0.009815950920245453
2016-03-03,80700,81300,80000,81000,11043,0.0037174721189590088
2016-03-04,81400,82000,78500,79600,2791,-0.01728395061728394
2016-03-07,79600,80400,78100,80400,294,0.01005025125628145
2016-03-08,79500,80500,77800,79100,816,-0.016169154228855676
2016-03-09,79500,80000,77700,80000,195,0.011378002528444897
2016-03-10,80000,80500,78100,80400,108,0.004999999999999893
2016-03-11,80400,81000,79300,80900,56,0.006218905472636926
2016-03-14,80900,81400,80000,81400,57,0.006180469715698411
2016-03-15,81400,81500,80500,81400,60,0.0
2016-03-16,80500,81400,79600,81300,75,-0.0012285012285012664
2016-03-17,81300,81300,80000,81100,25,-0.002460024600245969
2016-03-18,81400,81400,79000,80900,215,-0.002466091245376112
2016-03-21,80000,81500,78800,81000,73,0.0012360939431397266
2016-03-22,80600,80800,78200,78200,430,-0.03456790123456788
2016-03-23,78000,79300,73600,75100,992,-0.039641943734015306
2016-03-24,75100,75800,72000,72000,1001,-0.04127829560585883
2016-03-25,71500,74000,71000,72100,731,0.001388888888888884
2016-03-28,71100,72500,70200,70900,1172,-0.01664355062413314
2016-03-29,70500,71900,69400,71300,314,0.005641748942172065
2016-03-30,70900,71600,68800,69900,3213,-0.01963534361851338
2016-03-31,70100,71400,69500,71200,165,0.01859799713876975
2016-04-01,71200,72600,71100,72200,146,0.014044943820224809
2016-04-04,71800,72500,71800,72300,9,0.0013850415512466352
2016-04-05,72100,72800,71900,72700,188,0.0055325034578146415
2016-04-06,72300,76000,72300,75800,225,0.04264099037138935
2016-04-07,75800,77000,73400,75700,268,-0.0013192612137202797
2016-04-08,75300,76200,75100,76200,70,0.006605019815059343
2016-04-11,75800,76700,72300,76500,42,0.003937007874015741
2016-04-12,74200,77000,74200,76600,134,0.0013071895424836555
2016-04-14,76500,77000,75000,76800,24,0.0026109660574411553
2016-04-15,76700,76800,75100,76800,109,0.0
2016-04-18,76400,77300,76100,77300,13,0.006510416666666741
2016-04-19,75000,78200,75000,78000,121,0.009055627425614388
2016-04-20,77000,79000,77000,78900,374,0.011538461538461497
2016-04-21,76000,79000,76000,78900,88,0.0
2016-04-22,78900,79000,78000,78900,10,0.0
2016-04-25,78500,78900,77900,78700,24,-0.0025348542458808465
2016-04-26,77000,78900,77000,78900,6,0.0025412960609911828
2016-04-27,78900,79000,78900,79000,4,0.0012674271229404788
2016-04-28,78400,78900,77400,78700,16,-0.0037974683544304
2016-04-29,78900,79000,75000,78600,52,-0.0012706480304955914
2016-05-02,75600,79000,75600,78500,14,-0.0012722646310432406
2016-05-03,78900,78900,76100,78600,1012,0.001273885350318471
2016-05-04,76400,78200,75400,77100,417,-0.01908396946564883
2016-05-09,75600,77700,75600,77500,66,0.005188067444876765
2016-05-10,75700,77500,75700,77500,7,0.0
2016-05-11,77500,78000,77000,77000,41,-0.006451612903225823
2016-05-12,77400,77500,77400,77500,3,0.006493506493506551
2016-05-13,77500,77500,75300,77000,9,-0.006451612903225823
2016-05-16,75100,77000,75100,76900,16,-0.0012987012987012436
2016-05-17,76800,77400,75800,77000,95,0.0013003901170351995
2016-05-18,77400,77500,75600,77400,12,0.0051948051948051965
2016-05-19,77500,77500,75500,76900,43,-0.006459948320413411
2016-05-20,77300,77400,76700,76800,10,-0.0013003901170350884
2016-05-23,77200,77300,75600,77000,19,0.0026041666666667407
2016-05-24,76000,77500,75100,76900,38,-0.0012987012987012436
2016-05-25,77100,77200,75000,76900,39,0.0
2016-05-26,76800,76900,73100,73800,645,-0.04031209362808841
2016-05-27,73200,75500,72800,75200,399,0.01897018970189701
2016-05-30,75200,75700,73600,75600,23,0.005319148936170137
2016-05-31,73700,75600,73400,75400,246,-0.002645502645502673
2016-06-01,75400,75400,73100,75100,44,-0.003978779840848823
2016-06-02,73200,75400,73200,75000,40,-0.0013315579227696217
2016-06-03,74400,75500,73300,75100,65,0.0013333333333334085
2016-06-07,73500,75600,73500,75600,393,0.0066577896138482195
2016-06-08,75000,76100,75000,75800,68,0.002645502645502562
2016-06-09,76100,76200,75800,75900,48,0.0013192612137202797
2016-06-10,74300,76400,74300,76000,154,0.0013175230566535578
2016-06-13,76000,76000,74100,75100,159,-0.011842105263157876
2016-06-14,75000,75100,74400,75000,28,-0.0013315579227696217
2016-06-15,75400,75500,75000,75000,63,0.0
2016-06-16,75300,75300,73700,75000,22,0.0
2016-06-17,75100,75100,73300,74900,39,-0.0013333333333332975
2016-06-20,73600,75100,73200,74500,53,-0.005340453938584733
2016-06-21,74000,74300,74000,74300,9,-0.0026845637583892135
2016-06-22,73100,74300,73100,74200,23,-0.0013458950201884479
2016-06-23,73100,74200,72500,73900,47,-0.0040431266846361336
2016-06-24,73900,73900,70100,72900,170,-0.013531799729364025
2016-06-27,69200,71000,69200,69500,221,-0.04663923182441698
2016-06-28,70700,71500,70700,71300,5,0.025899280575539585
2016-06-29,71700,71700,71700,71700,4,0.005610098176718203
2016-06-30,71800,72200,71000,71700,71,0.0
2016-07-01,72200,72200,71100,72100,12,0.00557880055788007
2016-07-04,72500,72600,72500,72500,144,0.00554785020804438
2016-07-05,72900,73000,72900,73000,5,0.006896551724137945
2016-07-06,73400,73400,70000,73100,43,0.00136986301369868
2016-07-07,72900,72900,70500,72900,11,-0.002735978112175075
2016-07-08,70500,72900,70500,72800,18,-0.00137174211248281
2016-07-11,71000,72800,71000,72600,14,-0.0027472527472527375
2016-07-12,71000,72600,71000,72600,11,0.0
2016-07-13,71100,72900,69000,72200,238,-0.0055096418732781816
2016-07-14,70400,72000,70400,72000,41,-0.0027700831024930483
2016-07-15,70500,72000,70500,71700,130,-0.004166666666666652
2016-07-18,70500,71600,70500,71500,33,-0.002789400278940035
2016-07-19,70700,71500,70200,71400,104,-0.0013986013986013734
2016-07-20,71400,71400,71400,71400,2,0.0
2016-07-21,70000,71400,70000,71400,9,0.0
2016-07-22,70300,71500,70300,71500,24,0.0014005602240896309
2016-07-25,70400,71700,70200,71200,82,-0.004195804195804231
2016-07-26,70200,71200,69800,71000,132,-0.002808988764044895
2016-07-27,70100,71200,70000,71200,105,0.0028169014084507005
2016-07-28,69900,71200,69700,70400,82,-0.011235955056179803
2016-07-29,69700,70300,69100,70200,17,-0.0028409090909090606
2016-08-01,69100,70000,68900,70000,42,-0.002849002849002802
2016-08-02,69000,70400,68700,70200,59,0.0028571428571428914
2016-08-03,69100,70200,68800,70000,20,-0.002849002849002802
2016-08-04,69200,70500,69200,70500,7,0.0071428571428571175
2016-08-05,69400,70900,69300,70500,30,0.0
2016-08-08,70000,70700,70000,70300,27,-0.0028368794326241176
2016-08-09,69600,70300,69600,70300,7,0.0
2016-08-10,69600,70000,69500,70000,47,-0.004267425320056861
2016-08-11,70000,70600,70000,70400,6,0.005714285714285783
2016-08-12,69500,70700,69500,70400,25,0.0
2016-08-16,70300,70500,70300,70300,7,-0.0014204545454545858
2016-08-17,69500,70400,69500,70300,19,0.0
2016-08-18,69500,70500,69400,70100,19,-0.002844950213371278
2016-08-19,69500,70300,69500,70100,8,0.0
2016-08-22,69500,70300,69100,69900,126,-0.0028530670470755526
2016-08-23,69200,70000,69200,70000,9,0.0014306151645206988
2016-08-24,69200,70000,69200,70000,83,0.0
2016-08-25,69200,70100,68500,68600,85,-0.020000000000000018
2016-08-26,69100,70300,69100,70000,97,0.020408163265306145
2016-08-29,69200,69200,69000,69000,11,-0.014285714285714235
2016-08-30,68100,69600,67500,68700,127,-0.004347826086956497
2016-08-31,67800,68200,67800,68200,3,-0.00727802037845704
2016-09-01,68100,68100,67500,67900,60,-0.004398826979472137
2016-09-02,67900,67900,63000,64200,1369,-0.05449189985272462
2016-09-05,64200,65900,64200,65200,271,0.015576323987538832
2016-09-06,65200,65500,64000,65300,516,0.0015337423312884457
2016-09-07,65000,65200,64400,65200,12,-0.0015313935681470214
2016-09-08,65400,65400,64900,65000,60,-0.0030674846625766694
2016-09-09,65000,65200,65000,65200,9,0.003076923076922977
2016-09-12,64000,64600,63700,64600,22,-0.009202453987730008
2016-09-13,64000,64400,63100,64100,141,-0.007739938080495334
2016-09-19,64000,64300,63400,64300,42,0.0031201248049921304
2016-09-20,64400,64600,64400,64600,53,0.004665629860031162
2016-09-21,64100,64800,64100,64800,13,0.003095975232198178
2016-09-22,64100,64400,64100,64400,18,-0.006172839506172867
2016-09-23,64500,65000,63700,65000,106,0.009316770186335477
2016-09-26,65400,65700,65300,65300,332,0.004615384615384688
2016-09-27,65200,65700,64900,65700,626,0.006125574272588086
2016-09-28,65900,66000,65900,66000,13,0.004566210045662045
2016-09-29,67000,67000,65000,66100,17,0.0015151515151514694
2016-09-30,66500,66500,66400,66400,55,0.004538577912254205
2016-10-04,66400,66400,66400,66400,6,0.0
2016-10-05,66400,66400,66400,66400,1,0.0
2016-10-06,66700,66700,65000,66500,14,0.001506024096385561
2016-10-07,65200,65700,64800,65700,413,-0.012030075187969946
2016-10-10,60400,66400,60400,66400,403,0.010654490106544845
2016-10-11,66300,66400,65200,66100,49,-0.004518072289156572
2016-10-12,65900,66400,65800,66300,23,0.00302571860816947
2016-10-13,66300,66300,66300,66300,1,0.0
2016-10-14,66600,66600,66400,66400,5,0.0015082956259426794
2016-10-17,66400,66400,66400,66400,1,0.0
2016-10-18,65200,65600,65000,65600,309,-0.012048192771084376
2016-10-19,65000,65100,65000,65000,303,-0.009146341463414642
2016-10-20,64900,65500,64500,65400,85,0.006153846153846176
2016-10-21,63000,65200,63000,65200,26,-0.003058103975535187
2016-10-24,64700,65600,64700,65600,5,0.006134969325153339
2016-10-25,65500,65500,65500,65500,1,-0.0015243902439023849
2016-10-26,65500,65900,65500,65900,4,0.006106870229007688
2016-10-27,65900,65900,65300,65800,13,-0.0015174506828528056
2016-10-28,64500,64500,64000,64000,18,-0.027355623100303927
2016-10-31,62200,64500,62200,64500,188,0.0078125
2016-11-01,63500,64500,63100,64400,5,-0.0015503875968991832
2016-11-02,64800,64800,62500,64400,9,0.0
2016-11-03,63900,64500,63900,64500,2,0.0015527950310558758
2016-11-04,64800,64800,63000,64800,3,0.0046511627906977715
2016-11-07,64800,64800,64700,64700,2,-0.0015432098765432167
2016-11-08,64700,64800,64200,64500,114,-0.0030911901081916993
2016-11-09,64000,64000,64000,64000,1,-0.007751937984496138
2016-11-10,64000,64900,63700,64800,2133,0.012499999999999956
2016-11-11,64600,64800,64600,64800,3,0.0
2016-11-14,65000,65000,63400,65000,76,0.0030864197530864335
2016-11-15,65300,65300,63500,65300,119,0.004615384615384688
2016-11-16,65500,65500,65500,65500,46,0.003062787136294043
2016-11-17,65000,65400,63800,65400,22,-0.0015267175572518665
2016-11-18,65500,65500,65500,65500,1,0.001529051987767538
2016-11-21,65500,65500,65500,65500,4,0.0
2016-11-22,64000,65200,64000,65100,79,-0.006106870229007688
2016-11-23,65400,65400,63900,64500,36,-0.009216589861751112
2016-11-24,64600,64700,64600,64700,2,0.0031007751937983663
2016-11-25,64600,64700,62700,64000,67,-0.010819165378670781
2016-11-28,63900,63900,63700,63700,4,-0.004687499999999956
2016-11-29,63700,63900,63000,63800,51,0.0015698587127157548
2016-11-30,64200,64200,64200,64200,4,0.006269592476489061
2016-12-01,63800,63800,63800,63800,1,-0.006230529595015577
2016-12-02,63800,64300,62400,64200,22,0.006269592476489061
2016-12-05,63000,64000,62500,62500,105,-0.026479750778816147
2016-12-06,63500,63600,63500,63500,8,0.016000000000000014
2016-12-07,63800,63800,62700,62700,12,-0.012598425196850394
2016-12-08,64900,69900,62800,63800,90,0.01754385964912286
2016-12-09,64100,64100,64100,64100,1,0.004702194357366851
2016-12-12,64200,64400,63500,64200,4,0.0015600624024960652
2016-12-13,64100,64200,64100,64200,18,0.0
2016-12-14,64200,64200,63000,63800,69,-0.006230529595015577
2016-12-15,64000,64000,63000,64000,90,0.0031347962382444194
2016-12-16,64000,64200,63400,64100,110,0.0015624999999999112
2016-12-19,64400,64400,63800,64400,19,0.004680187207488196
2016-12-20,64600,64600,64500,64500,3,0.0015527950310558758
2016-12-21,64700,64700,64400,64400,5,-0.0015503875968991832
2016-12-22,64000,64600,63500,64400,12,0.0
2016-12-23,64700,64800,61700,64700,181,0.004658385093167627
2016-12-26,63600,64600,63600,64600,21,-0.0015455950540957941
2016-12-27,64600,64600,63100,64300,401,-0.004643962848297267
2016-12-28,64200,64200,62300,63500,47,-0.01244167962674958
2016-12-29,63500,63800,63500,63800,16,0.0047244094488188
2017-01-02,63800,63800,63800,63800,1,0.0
2017-01-03,63800,63800,62300,63600,107,-0.0031347962382445305
2017-01-04,63600,63600,62300,63600,16,0.0
2017-01-05,63600,63600,63600,63600,8,0.0
2017-01-06,63600,63900,62600,63600,26,0.0
2017-01-09,62700,63600,62300,63400,128,-0.0031446540880503138
2017-01-10,63300,63300,60000,60700,104,-0.04258675078864349
2017-01-11,61700,61900,60500,61600,28,0.014827018121911006
2017-01-12,61600,62000,60700,61700,10,0.0016233766233766378
2017-01-13,61700,61900,61700,61900,6,0.0032414910858995505
2017-01-16,61900,61900,59600,61500,197,-0.00646203554119551
2017-01-17,61400,61400,60300,61400,23,-0.001626016260162566
2017-01-18,61400,61400,61400,61400,3,0.0
2017-01-19,60900,61400,60900,61400,20,0.0
2017-01-20,61400,61400,58500,61100,207,-0.004885993485342022
2017-01-23,60800,61000,58900,60300,101,-0.013093289689034338
2017-01-24,59900,59900,58000,58300,394,-0.03316749585406298
2017-01-25,58400,58400,57500,58200,254,-0.0017152658662092923
2017-01-26,57800,57900,57000,57100,258,-0.018900343642611728
2017-01-31,57000,57000,57000,57000,2,-0.0017513134851138146
2017-02-01,57000,57300,56900,57300,48,0.0052631578947368585
2017-02-02,56500,57000,55400,57000,300,-0.005235602094240788
2017-02-03,56500,56500,56100,56100,52,-0.015789473684210575
2017-02-06,56500,56500,55300,56400,40,0.005347593582887722
2017-02-07,56400,56500,55000,56400,270,0.0
2017-02-08,56400,56400,55100,55800,112,-0.010638297872340385
2017-02-09,56100,56400,56100,56200,4,0.007168458781362075
2017-02-10,55000,55800,52500,55600,1577,-0.010676156583629859
2017-02-13,55600,55600,55300,55500,503,-0.0017985611510791255
2017-02-14,56700,56800,55300,56400,682,0.016216216216216273
2017-02-15,56300,56400,55400,56400,164,0.0
2017-02-16,56800,59500,55500,56900,101,0.00886524822695045
2017-02-17,57000,57200,55600,57200,21,0.005272407732864748
2017-02-20,57500,57600,56000,57400,40,0.0034965034965035446
2017-02-21,56000,57100,56000,57100,101,-0.005226480836236891
2017-02-22,57100,57500,56000,57500,111,0.007005253940455258
2017-02-23,57700,59000,56700,58000,77,0.008695652173912993
2017-02-24,56700,58000,56400,56400,614,-0.02758620689655178
2017-02-27,55400,57400,55400,56500,771,0.0017730496453900457
2017-02-28,59900,59900,55500,57900,193,0.024778761061946986
2017-03-02,58200,58300,56300,58200,361,0.005181347150259086
2017-03-03,58500,58600,56500,56500,95,-0.029209621993127155
2017-03-06,56200,57300,56100,56100,262,-0.0070796460176991705
2017-03-07,56400,57200,56000,57000,314,0.016042780748663166
2017-03-08,57200,57300,56900,57000,288,0.0
2017-03-09,57200,57300,57100,57300,49,0.0052631578947368585
2017-03-10,57400,57400,57100,57100,97,-0.003490401396160525
2017-03-13,56900,57600,56900,57400,123,0.005253940455341555
2017-03-14,61000,61000,57000,57000,158,-0.006968641114982632
2017-03-15,57300,57500,57300,57300,9,0.0052631578947368585
2017-03-16,57900,58600,56900,57500,131,0.003490401396160525
2017-03-17,57700,57800,56500,57600,279,0.0017391304347826875
2017-03-20,57600,58000,57600,57600,27,0.0
2017-03-21,57500,57500,56800,57500,154,-0.0017361111111111605
2017-03-22,56300,56800,56000,56300,436,-0.02086956521739125
2017-03-23,56600,57000,56400,56700,12,0.007104795737122638
2017-03-24,56300,57800,56300,57700,344,0.01763668430335108
2017-03-27,57700,58100,57300,57500,120,-0.0034662045060658286
2017-03-28,57600,57900,57600,57600,27,0.0017391304347826875
2017-03-29,57600,58000,57600,58000,26,0.00694444444444442
2017-03-30,57900,59000,57000,59000,66,0.01724137931034475
2017-03-31,58000,58700,57800,58500,323,-0.008474576271186418
2017-04-03,58500,58900,57500,58600,76,0.0017094017094017033
2017-04-04,58500,58500,58100,58400,73,-0.0034129692832765013
2017-04-05,58400,58800,58200,58800,72,0.006849315068493178
2017-04-06,58800,58800,58800,58800,54,0.0
2017-04-07,58800,58800,58700,58700,52,-0.00170068027210879
2017-04-10,58700,58700,57700,58200,60,-0.008517887563884163
2017-04-11,58200,58200,58100,58100,3,-0.0017182130584192379
2017-04-12,57500,58100,57500,58100,6,0.0
2017-04-13,58100,59200,58100,59200,82,0.018932874354561147
2017-04-14,58800,59300,58800,59300,178,0.0016891891891892552
2017-04-17,59300,59500,59200,59500,115,0.003372681281618828
2017-04-18,59500,59500,59500,59500,89,0.0
2017-04-19,59500,59600,58200,59600,88,0.001680672268907557
2017-04-20,59600,60000,58800,59800,234,0.003355704697986628
2017-04-21,59800,59900,59800,59900,49,0.0016722408026756952
2017-04-24,59900,60000,59900,59900,266,0.0
2017-04-25,59100,59900,59000,59900,48,0.0
2017-04-26,59900,60400,59000,60400,369,0.008347245409014992
2017-04-27,60400,61000,59600,60400,80,0.0
2017-04-28,60700,60700,59200,59200,109,-0.019867549668874163
2017-05-02,59500,60200,59200,59200,50,0.0
2017-05-04,59200,59600,59000,59600,69,0.006756756756756799
2017-05-08,59700,60600,59200,60600,1176,0.016778523489932917
2017-05-10,60800,60800,60100,60500,39,-0.0016501650165016146
2017-05-11,60000,60900,59600,60500,133,0.0
2017-05-12,60000,60000,60000,60000,23,-0.008264462809917328
2017-05-15,59000,60000,59000,60000,44,0.0
2017-05-16,60000,60000,59900,59900,4,-0.0016666666666667052
2017-05-17,60000,60000,58700,59600,163,-0.005008347245408995
2017-05-18,59600,59600,59500,59500,60,-0.001677852348993314
2017-05-19,59100,59500,58100,59500,302,0.0
2017-05-22,59200,59400,58600,58600,146,-0.015126050420168013
2017-05-23,58600,60000,58300,59100,278,0.008532423208191142
2017-05-24,59300,60100,59300,60100,110,0.016920473773265554
2017-05-25,60100,60700,59700,60700,177,0.009983361064891838
2017-05-26,60900,61400,60900,61000,571,0.0049423393739702615
2017-05-29,61100,62800,61100,61400,552,0.006557377049180246
2017-05-30,62000,62400,60900,62100,332,0.01140065146579805
2017-05-31,62300,62400,61000,61900,251,-0.0032206119162641045
2017-06-01,62400,62500,61000,62300,665,0.00646203554119551
2017-06-02,61600,62700,61400,62700,555,0.006420545746388395
2017-06-05,62700,63100,61900,63000,378,0.004784688995215225
2017-06-07,63000,63200,61900,63000,162,0.0
2017-06-08,63000,63500,61800,63400,542,0.006349206349206327
2017-06-09,63400,64700,63000,64500,1243,0.017350157728706517
2017-06-12,64900,65200,62900,64400,437,-0.0015503875968991832
2017-06-13,63300,65000,63300,65000,109,0.009316770186335477
2017-06-14,64100,65500,64100,65500,322,0.007692307692307665
2017-06-15,65500,65800,64000,65500,86,0.0
2017-06-16,65200,65500,63800,65400,176,-0.0015267175572518665
2017-06-19,65200,65500,64000,64500,393,-0.013761467889908285
2017-06-20,63800,64300,61700,62000,738,-0.03875968992248058
2017-06-21,61200,63400,60600,63400,251,0.022580645161290214
2017-06-22,64000,64000,61800,62300,89,-0.017350157728706628
2017-06-23,63300,64800,62300,62900,61,0.009630818619582593
2017-06-26,61900,63200,61200,62400,212,-0.007949125596184436
2017-06-27,62400,62400,60500,61000,592,-0.022435897435897467
2017-06-28,60500,61000,59500,61000,1836,0.0
2017-06-29,60000,60600,59000,59500,2155,-0.024590163934426257
2017-06-30,59300,60500,58800,60500,873,0.01680672268907557
2017-07-03,59900,60400,59300,59900,740,-0.00991735537190086
2017-07-04,59900,59900,58900,59600,785,-0.005008347245408995
2017-07-05,59200,59600,58300,59000,1332,-0.010067114093959773
2017-07-06,59000,59500,56900,56900,5670,-0.035593220338983045
2017-07-07,57000,63700,57000,58600,3705,0.02987697715289972
2017-07-10,58600,58600,57500,58400,843,-0.0034129692832765013
2017-07-11,57900,58700,56900,57500,3099,-0.015410958904109595
2017-07-12,57500,58700,56400,57800,4470,0.00521739130434784
2017-07-13,57800,58400,57800,58100,1145,0.00519031141868509
2017-07-14,58500,58500,57800,58400,286,0.005163511187607606
2017-07-17,58200,58800,57900,58700,300,0.005136986301369939
2017-07-18,59000,59000,58000,58800,74,0.0017035775127767216
2017-07-19,59000,59000,58000,58700,843,-0.00170068027210879
2017-07-20,58100,58800,58100,58800,488,0.0017035775127767216
2017-07-21,58800,58800,58400,58500,115,-0.005102040816326481
2017-07-24,58500,58600,57600,58500,1854,0.0
2017-07-25,58500,58900,58500,58700,282,0.0034188034188034067
2017-07-26,58500,58700,58300,58700,120,0.0
2017-07-27,58700,59000,58400,58400,340,-0.005110732538330498
2017-07-28,58800,58800,58200,58400,291,0.0
2017-07-31,57700,59000,57700,58400,1562,0.0
2017-08-01,58400,59000,58400,58800,56,0.006849315068493178
2017-08-02,58500,59300,58200,59200,134,0.006802721088435382
2017-08-03,59300,59300,58600,58700,1603,-0.008445945945945943
2017-08-04,58700,58900,58500,58500,201,-0.0034071550255536653
2017-08-07,58500,58700,58100,58600,254,0.0017094017094017033
2017-08-08,58600,59000,58600,58800,134,0.0034129692832765013
2017-08-09,59000,59000,58600,58700,251,-0.00170068027210879
2017-08-10,58200,58800,58200,58400,648,-0.005110732538330498
2017-08-11,58300,58800,58100,58800,289,0.006849315068493178
2017-08-14,58800,58800,57900,58200,336,-0.010204081632653073
2017-08-16,58200,58200,57500,57700,524,-0.00859106529209619
2017-08-17,57700,58300,57700,58200,451,0.008665511265164572
2017-08-18,58200,58300,58000,58200,357,0.0
2017-08-21,58400,58900,58200,58200,200,0.0
2017-08-22,58000,58300,56200,56200,1961,-0.03436426116838487
2017-08-23,57000,57600,57000,57500,1357,0.02313167259786475
2017-08-24,57600,58200,57600,57700,577,0.003478260869565153
2017-08-25,57100,58500,57100,58300,436,0.010398613518197486
2017-08-28,58200,58700,58000,58000,494,-0.005145797598627766
2017-08-29,58800,58800,58100,58100,70,0.0017241379310344307
2017-08-30,58100,58500,58100,58500,80,0.0068846815834766595
2017-08-31,58500,58500,58000,58400,165,-0.0017094017094017033
2017-09-01,55600,57600,55400,56900,2527,-0.025684931506849362
2017-09-04,57200,57200,56800,56800,195,-0.0017574692442882123
2017-09-05,56800,56800,56800,56800,23,0.0
2017-09-06,56600,56600,55600,56300,421,-0.008802816901408494
2017-09-07,56200,56500,56100,56100,174,-0.003552397868561319
2017-09-08,56100,56100,56100,56100,110,0.0
2017-09-11,56700,57500,56600,57300,311,0.021390374331550888
2017-09-12,57500,57500,56600,56800,73,-0.008726003490401424
2017-09-13,56500,56900,56400,56800,83,0.0
2017-09-14,56800,56800,56500,56800,125,0.0
2017-09-15,56800,56800,56700,56700,19,-0.0017605633802817433
2017-09-18,56900,56900,56600,56600,93,-0.0017636684303351524
2017-09-19,56600,56600,56600,56600,62,0.0
2017-09-20,56600,56600,55500,56000,239,-0.010600706713780883
2017-09-21,56000,56100,55700,56000,61,0.0
2017-09-22,55100,55900,54500,54700,366,-0.023214285714285743
2017-09-25,55600,55800,53000,54300,861,-0.007312614259597838
2017-09-26,54300,54300,52000,52700,2488,-0.029465930018416242
2017-09-27,52500,53500,52500,52900,425,0.00379506641366234
2017-09-28,53200,55600,52600,55400,271,0.047258979206049156
2017-09-29,55300,55300,54200,55300,131,-0.0018050541516245744
2017-10-10,55100,55100,55100,55100,43,-0.003616636528028905
2017-10-11,55100,56700,55100,55900,166,0.014519056261343088
2017-10-12,56100,56100,55600,55600,44,-0.00536672629695889
2017-10-13,55600,55800,55600,55800,16,0.003597122302158251
2017-10-16,55800,56100,55800,56000,191,0.0035842293906809264
2017-10-17,56000,56000,55100,55500,28,-0.008928571428571397
2017-10-18,55500,55500,55500,55500,15,0.0
2017-10-19,54000,55800,54000,55500,188,0.0
2017-10-20,55000,55000,52000,54600,370,-0.01621621621621616
2017-10-23,54700,57600,54700,55700,586,0.020146520146520075
2017-10-24,56500,56500,56400,56500,75,0.014362657091562037
2017-10-25,56600,56600,56100,56500,66,0.0
2017-10-26,56600,56600,55500,56400,53,-0.001769911504424737
2017-10-27,56600,56600,55000,55300,79,-0.019503546099290725
2017-10-30,55500,55500,54900,55200,169,-0.001808318264014508
2017-10-31,55200,55300,55000,55300,210,0.0018115942028984477
2017-11-01,56300,56300,54700,55300,510,0.0
2017-11-02,55400,55400,54400,55400,567,0.001808318264014508
2017-11-03,55400,56700,55000,55600,2882,0.0036101083032491488
2017-11-06,55800,57300,54500,56800,4051,0.021582733812949728
2017-11-07,57100,65600,56700,57200,49793,0.007042253521126751
2017-11-08,58300,58400,57300,57400,4510,0.0034965034965035446
2017-11-09,58200,59100,57300,57500,4550,0.0017421602787457413
2017-11-10,57500,60000,57000,59000,6272,0.026086956521739202
2017-11-13,61000,62000,59000,59700,10412,0.011864406779660941
2017-11-14,59100,59700,57500,58000,4217,-0.028475711892797295
2017-11-15,57500,58800,56600,57100,3004,-0.01551724137931032
2017-11-16,56600,57500,56000,56200,4169,-0.015761821366024553
2017-11-17,57200,58200,56100,57800,4292,0.028469750889679624
2017-11-20,58200,58500,57000,57500,3044,-0.00519031141868509
2017-11-21,57500,57900,56800,57400,2962,-0.0017391304347825765
2017-11-22,57500,57500,56700,57200,1826,-0.0034843205574912606
2017-11-23,57200,58200,56300,57500,1410,0.005244755244755206
2017-11-24,57600,57700,57000,57400,1584,-0.0017391304347825765
2017-11-27,57400,57900,57000,57700,2431,0.005226480836237002
2017-11-28,57800,57800,56300,56700,1793,-0.017331022530329254
2017-11-29,56700,56700,55600,55600,1739,-0.01940035273368612
2017-11-30,55700,56200,55600,55600,1334,0.0
2017-12-01,56600,56600,54900,56100,1391,0.008992805755395628
2017-12-04,55700,56200,55600,56200,575,0.0017825311942958333
2017-12-05,56500,56600,55500,56100,490,-0.001779359430605032
2017-12-06,56200,56400,56100,56200,587,0.0017825311942958333
2017-12-07,56200,56200,55100,55900,598,-0.005338078291814985
2017-12-08,55900,56100,55300,55900,247,0.0
2017-12-11,56200,56300,55300,56200,171,0.005366726296958779
2017-12-12,56700,56700,55500,56100,751,-0.001779359430605032
2017-12-13,56600,56600,55500,56500,922,0.007130124777183555
2017-12-14,56600,56700,56200,56400,343,-0.001769911504424737
2017-12-15,56100,56600,56000,56500,1171,0.0017730496453900457
2017-12-18,56900,56900,55500,56500,302,0.0
2017-12-19,56500,56700,55900,56400,1523,-0.001769911504424737
2017-12-20,56000,56700,56000,56600,1617,0.0035460992907800915
2017-12-21,56500,56700,56000,56700,783,0.0017667844522968323
2017-12-22,56700,57000,56600,56900,1551,0.003527336860670305
2017-12-26,57000,57200,56700,57200,1234,0.005272407732864748
2017-12-27,56400,56400,55800,55800,5341,-0.02447552447552448
2017-12-28,55800,56400,55500,55800,446,0.0
2018-01-02,55800,56100,55500,55800,840,0.0
2018-01-03,55800,56100,55500,56100,683,0.005376344086021501
2018-01-04,56100,56100,55600,55800,645,-0.005347593582887722
2018-01-05,56000,57100,55800,56600,1901,0.014336917562723928
2018-01-08,56900,57900,56600,57000,2779,0.007067137809187329
2018-01-09,57300,57300,56900,57300,422,0.0052631578947368585
2018-01-10,57300,57500,57100,57400,1002,0.0017452006980802626
2018-01-11,57700,57900,57100,57400,1233,0.0
2018-01-12,57800,57800,56700,57400,924,0.0
2018-01-15,57400,57400,56800,57100,441,-0.005226480836236891
2018-01-16,57100,57400,56800,57300,562,0.003502626970227629
2018-01-17,57400,57400,56500,57300,816,0.0
2018-01-18,57300,57400,56500,57400,574,0.0017452006980802626
2018-01-19,57200,57400,57100,57300,594,-0.0017421602787456303
2018-01-22,56800,57000,56500,56700,492,-0.010471204188481686
2018-01-23,56600,56600,56200,56600,423,-0.0017636684303351524
2018-01-24,56600,56700,56300,56600,1309,0.0
2018-01-25,56600,56600,55700,56400,543,-0.0035335689045936647
2018-01-26,56600,57000,56100,56900,992,0.00886524822695045
2018-01-29,57100,57400,56700,57400,2739,0.008787346221441172
2018-01-30,58100,70900,58000,62300,95885,0.08536585365853666
2018-01-31,60500,60800,57100,57900,15031,-0.0706260032102729
2018-02-01,57800,58400,57100,57400,7441,-0.008635578583765069
2018-02-02,57400,58900,57100,57900,4187,0.008710801393728262
2018-02-05,57000,57900,56700,57700,2259,-0.003454231433506094
2018-02-06,56500,56800,55500,56200,2942,-0.025996533795493937
2018-02-07,56500,57000,55600,55900,1183,-0.005338078291814985
2018-02-08,56300,56500,55800,55900,541,0.0
2018-02-09,55800,55800,54600,55000,981,-0.01610017889087656
2018-02-12,55200,55600,54400,54400,1602,-0.010909090909090868
2018-02-13,54700,54700,54200,54600,334,0.003676470588235281
2018-02-14,54600,57200,54600,56500,756,0.0347985347985349
2018-02-19,55500,57000,55500,57000,680,0.008849557522123908
2018-02-20,56500,56600,55900,56300,847,-0.012280701754386003
2018-02-21,56000,56300,55300,55300,984,-0.017761989342806372
2018-02-22,56100,56100,55000,56000,147,0.012658227848101333
2018-02-23,56000,56000,54400,55000,1160,-0.017857142857142905
2018-02-26,55000,55400,54600,55000,983,0.0
2018-02-27,55400,55500,55000,55500,196,0.009090909090909038
2018-02-28,55000,55200,54500,55100,579,-0.007207207207207245
2018-03-02,54500,54900,54300,54900,359,-0.003629764065335772
2018-03-05,54900,55200,54600,54800,252,-0.0018214936247723523
2018-03-06,54800,54900,54500,54900,40,0.0018248175182482562
2018-03-07,55000,55300,53000,53500,725,-0.025500910746812377
2018-03-08,53500,53800,53000,53600,126,0.0018691588785046953
2018-03-09,53600,53800,53000,53500,561,-0.001865671641791078
2018-03-12,53600,53900,52300,52300,2308,-0.02242990654205612
2018-03-13,52900,53000,52000,52700,1328,0.007648183556405286
2018-03-14,52700,52900,52000,52600,364,-0.00189753320683117
2018-03-15,52900,52900,52100,52800,221,0.0038022813688212143
2018-03-16,52600,52800,52000,52300,550,-0.009469696969697017
2018-03-19,51500,52500,51500,52400,147,0.0019120458891013214
2018-03-20,52100,52200,51700,52000,727,-0.007633587786259555
2018-03-21,52000,52000,51000,51900,900,-0.0019230769230769162
2018-03-22,51900,52000,51100,51100,648,-0.015414258188824692
2018-03-23,51100,51100,49900,50400,2507,-0.013698630136986356
2018-03-26,50400,50400,49400,50400,866,0.0
2018-03-27,50600,50600,50000,50500,1600,0.001984126984126977
2018-03-28,50300,50500,49600,50400,416,-0.001980198019801982
2018-03-29,50400,50400,49600,50200,49,-0.003968253968253954
2018-03-30,50300,50700,49650,50100,396,-0.0019920318725099584
2018-04-02,50100,51300,50100,51000,429,0.017964071856287456
2018-04-03,51000,52000,50100,51800,267,0.015686274509803866
2018-04-04,51800,52100,50800,51000,444,-0.015444015444015413
2018-04-05,51000,51000,50300,51000,187,0.0
2018-04-06,51000,51100,50600,51100,241,0.0019607843137254832
2018-04-09,51100,51900,50600,51700,154,0.011741682974559797
2018-04-10,51500,51500,49500,51300,347,-0.007736943907156624
2018-04-11,51000,51800,50900,51300,65,0.0
2018-04-12,51300,51500,50400,51500,113,0.003898635477582957
2018-04-13,51800,52000,50800,51800,105,0.005825242718446644
2018-04-16,50500,51800,50500,51800,132,0.0
2018-04-17,51800,52300,51000,51000,400,-0.015444015444015413
2018-04-18,51500,51700,51000,51400,393,0.007843137254901933
2018-04-19,50800,52400,50800,51900,904,0.009727626459143934
2018-04-20,52100,52400,52000,52400,273,0.009633911368015502
2018-04-23,52400,52400,51700,52000,355,-0.007633587786259555
2018-04-24,51500,51900,51500,51800,188,-0.0038461538461538325
2018-04-25,51600,52100,51500,51700,506,-0.0019305019305019266
2018-04-26,51800,52300,51500,52300,359,0.011605415860735047
2018-04-27,52200,52500,52000,52200,506,-0.0019120458891013214
2018-04-30,52900,53500,52300,53300,1451,0.021072796934865856
2018-05-02,53300,54300,53000,54000,951,0.013133208255159401
2018-05-03,54800,54800,53300,53500,96,-0.0092592592592593
2018-05-04,53000,53700,53000,53600,285,0.0018691588785046953
2018-05-08,54200,54400,53500,53800,564,0.003731343283582156
2018-05-09,54000,54900,53900,54700,2513,0.016728624535315983
2018-05-10,54800,56000,54300,55800,1471,0.02010968921389389
2018-05-11,55000,55900,54600,55800,351,0.0
2018-05-14,55800,56900,55500,55800,2196,0.0
2018-05-15,56300,56600,55000,56300,713,0.008960573476702427
2018-05-16,56000,56500,54300,56300,945,0.0
2018-05-17,55600,56300,55100,55600,107,-0.01243339253996445
2018-05-18,55900,55900,54000,55000,286,-0.010791366906474864
2018-05-21,56500,57800,56200,57000,6119,0.036363636363636376
2018-05-23,57800,59900,56900,57100,5645,0.0017543859649122862
2018-05-24,57800,57800,54200,54500,2491,-0.045534150612959734
2018-05-25,54300,55000,54000,54900,250,0.007339449541284404
2018-05-28,56900,56900,54000,54900,1503,0.0
2018-05-29,55000,55000,53000,53400,1042,-0.02732240437158473
2018-05-30,54200,54800,51900,53700,1216,0.00561797752808979
2018-05-31,53700,53700,52500,53700,231,0.0
2018-06-01,53900,54200,52600,54000,581,0.005586592178770999
2018-06-04,54300,55400,54000,55300,1458,0.024074074074074137
2018-06-05,55400,55600,54500,55400,299,0.001808318264014508
2018-06-07,54500,55600,54400,55300,768,-0.0018050541516245744
2018-06-08,55500,55500,54200,55300,295,0.0
2018-06-11,55500,56000,54200,56000,975,0.012658227848101333
2018-06-12,55700,55700,54600,55600,535,-0.0071428571428571175
2018-06-14,55800,55800,54300,54700,290,-0.01618705035971224
2018-06-15,55500,55500,54100,55300,35,0.010968921389396646
2018-06-18,55200,55400,54500,54700,491,-0.010849909584086825
2018-06-19,54100,54500,53600,53800,357,-0.01645338208409508
2018-06-20,53500,54400,53100,53800,196,0.0
2018-06-21,53800,55600,53200,53200,158,-0.01115241635687736
2018-06-22,53800,53800,52500,53100,173,-0.001879699248120259
2018-06-25,53500,54000,52200,54000,214,0.016949152542372836
2018-06-26,53700,53700,53000,53600,68,-0.007407407407407418
2018-06-27,53600,54000,53500,54000,187,0.00746268656716409
2018-06-28,54200,54500,53200,53900,424,-0.0018518518518518823
2018-06-29,53800,53900,53000,53900,191,0.0
2018-07-02,54000,54000,52000,52500,705,-0.025974025974025983
2018-07-03,52500,52700,52300,52700,108,0.003809523809523707
2018-07-04,52000,52600,51300,52600,32,-0.00189753320683117
2018-07-05,53000,53300,52300,52400,208,-0.0038022813688213253
2018-07-06,52400,53400,52400,53400,164,0.01908396946564883
2018-07-09,52500,53400,52500,53400,203,0.0
2018-07-10,53900,53900,52900,53500,99,0.001872659176029856
2018-07-11,53100,53600,53000,53600,132,0.0018691588785046953
2018-07-12,53900,53900,53100,53700,86,0.001865671641791078
2018-07-13,53900,53900,52500,52900,186,-0.014897579143389184
2018-07-16,53500,53600,52500,53300,68,0.007561436672967936
2018-07-17,53600,53600,53300,53300,132,0.0
2018-07-18,53600,53800,53100,53400,132,0.0018761726078799779
2018-07-19,52500,53000,52100,53000,101,-0.0074906367041198685
2018-07-20,53000,53000,52300,52300,61,-0.013207547169811318
2018-07-23,52300,52300,51500,52200,48,-0.0019120458891013214
2018-07-24,52600,53000,52600,53000,96,0.015325670498084198
2018-07-25,53000,53000,52000,52700,85,-0.005660377358490565
2018-07-26,52700,52800,52000,52800,71,0.00189753320683117
2018-07-27,52900,53000,52500,53000,35,0.0037878787878788955
2018-07-30,53000,53300,52200,53000,171,0.0
2018-07-31,52900,54700,52900,53000,277,0.0
2018-08-01,53300,53800,53300,53700,32,0.013207547169811429
2018-08-02,53900,53900,53400,53400,53,-0.005586592178770999
2018-08-03,53000,53700,53000,53700,12,0.00561797752808979
2018-08-06,54000,54500,53700,54500,97,0.014897579143389184
2018-08-07,54800,54800,53900,54600,50,0.0018348623853210455
2018-08-08,54900,55100,53000,54200,35,-0.0073260073260073
2018-08-09,54600,54600,53000,53900,29,-0.005535055350553542
2018-08-10,54400,54400,53000,54000,13,0.0018552875695732052
2018-08-13,54000,54000,52300,53000,121,-0.01851851851851849
2018-08-14,53800,53800,52000,52700,505,-0.005660377358490565
2018-08-16,52700,52700,51300,52000,1203,-0.013282732447817858
2018-08-17,52500,52500,52100,52100,33,0.0019230769230769162
2018-08-20,52400,53000,52000,53000,143,0.017274472168905985
2018-08-21,53200,53300,52900,53100,110,0.0018867924528302993
2018-08-22,53300,53400,52600,52900,439,-0.0037664783427495685
2018-08-23,53300,53300,52100,52900,524,0.0
2018-08-24,53100,53500,52600,53500,118,0.011342155009451904
2018-08-27,53500,54000,53500,53500,158,0.0
2018-08-28,53800,54400,53800,53900,508,0.007476635514018781
2018-08-29,53900,54200,53900,54000,409,0.0018552875695732052
2018-08-30,54000,54000,53800,54000,9,0.0
2018-08-31,54000,54600,54000,54600,384,0.011111111111111072
2018-09-03,54600,54800,54400,54400,260,-0.00366300366300365
2018-09-04,54400,54900,54400,54900,306,0.009191176470588314
2018-09-05,54900,55000,54100,54900,140,0.0
2018-09-06,55000,55000,54000,54800,249,-0.0018214936247723523
2018-09-07,54800,54800,54100,54800,205,0.0
2018-09-10,54800,55100,54800,55000,400,0.0036496350364962904
2018-09-11,55000,55500,55000,55500,674,0.009090909090909038
2018-09-12,55700,56000,55500,56000,564,0.009009009009008917
2018-09-13,56000,56600,56000,56200,1660,0.0035714285714285587
2018-09-14,56200,56700,55600,56500,209,0.005338078291814874
2018-09-17,56800,56800,55700,56300,103,-0.0035398230088495852
2018-09-18,56300,56300,55800,56200,70,-0.001776198934280604
2018-09-19,55500,56100,55500,55900,171,-0.005338078291814985
2018-09-20,56300,56300,55500,55500,35,-0.007155635062611854
2018-09-21,55500,55500,55200,55200,20,-0.00540540540540535
2018-09-27,56100,56100,54500,54500,27,-0.0126811594202898
2018-09-28,54500,55200,54300,55200,126,0.012844036697247763
2018-10-01,55300,55700,55000,55400,82,0.0036231884057971175
2018-10-02,55400,56100,54300,54300,2688,-0.019855595667869985
2018-10-04,54300,54600,54000,54500,350,0.0036832412523020164
2018-10-05,54500,54500,53500,54400,1627,-0.0018348623853210455
2018-10-08,54400,54800,53800,54800,145,0.007352941176470562
2018-10-10,53900,54000,52200,53100,234,-0.031021897810219023
2018-10-11,52000,52000,50100,52000,83,-0.020715630885122405
2018-10-12,51200,53000,51200,53000,124,0.019230769230769162
2018-10-15,52500,53800,52500,53700,231,0.013207547169811429
2018-10-16,52200,53100,52000,52300,848,-0.02607076350093107
2018-10-17,52900,53000,52500,52500,619,0.003824091778202643
2018-10-18,53000,54600,52600,52600,234,0.0019047619047618536
2018-10-19,52400,52400,52300,52400,137,-0.0038022813688213253
2018-10-22,53500,53500,51000,52400,2397,0.0
2018-10-23,52300,52300,51100,51900,237,-0.009541984732824416
2018-10-24,51100,51800,50600,50600,2656,-0.025048169556840083
2018-10-25,50700,50700,49100,50200,388,-0.007905138339920903
2018-10-26,50200,50200,49000,49000,352,-0.0239043824701195
2018-10-29,47700,48950,47600,47600,600,-0.02857142857142858
2018-10-30,45050,47800,45050,47800,451,0.004201680672268893
2018-10-31,47000,47800,47000,47800,439,0.0
2018-11-01,47800,49000,47800,49000,13,0.025104602510460206
2018-11-02,49000,49200,49000,49200,4,0.004081632653061273
2018-11-05,49000,49000,48000,48950,45,-0.005081300813008172
2018-11-06,48950,48950,48900,48950,47,0.0
2018-11-07,49000,49300,45100,45300,2488,-0.07456588355464755
2018-11-08,46050,48500,45500,47700,608,0.052980132450331174
2018-11-09,48500,48500,47700,47700,94,0.0
2018-11-12,47700,47700,47700,47700,5,0.0
2018-11-13,47400,48900,46000,46200,387,-0.03144654088050314
2018-11-14,46900,47050,46900,46950,20,0.016233766233766156
2018-11-15,47500,47700,47000,47700,136,0.015974440894568787
2018-11-16,48450,48450,46650,48000,95,0.0062893081761006275
2018-11-19,48000,49150,48000,48700,1552,0.014583333333333393
2018-11-20,49000,49000,48250,48800,318,0.002053388090349051
2018-11-21,48300,49100,48150,48950,411,0.0030737704918033515
2018-11-22,49000,49500,48600,49400,376,0.009193054136874323
2018-11-23,49000,49350,48550,49350,53,-0.0010121457489878916
2018-11-26,48800,49350,48800,49050,106,-0.006079027355623046
2018-11-27,49050,49500,49000,49100,1073,0.0010193679918450993
2018-11-28,49300,49550,48800,49150,129,0.0010183299389001643
2018-11-29,49300,49300,48800,49300,264,0.003051881993896277
2018-11-30,48750,49400,48750,49300,733,0.0
2018-12-03,49300,49500,49300,49450,299,0.0030425963488844854
2018-12-04,49450,49850,49350,49850,82,0.008088978766430666
2018-12-05,49500,49700,48800,49600,111,-0.005015045135406182
2018-12-06,49600,49600,48800,49550,129,-0.0010080645161290036
2018-12-07,49550,50000,49000,49850,116,0.006054490413723412
2018-12-10,49850,49850,48500,48950,140,-0.01805416248746239
2018-12-11,48600,49500,48100,49000,131,0.0010214504596526286
2018-12-12,49000,49000,47850,48900,614,-0.0020408163265306367
2018-12-13,48900,48900,48300,48900,209,0.0
2018-12-14,48900,48900,48350,48500,259,-0.008179959100204526
2018-12-17,48900,48900,48050,48400,244,-0.0020618556701030855
2018-12-18,48650,48650,48000,48600,20,0.004132231404958775
2018-12-19,48650,48700,48100,48600,68,0.0
2018-12-20,48600,48700,47800,48300,615,-0.006172839506172867
2018-12-21,48300,48600,48000,48500,359,0.0041407867494824835
2018-12-24,48550,48550,48500,48500,12,0.0
2018-12-26,48000,48900,47750,48600,368,0.0020618556701030855
2018-12-27,47700,48300,47000,47100,180,-0.030864197530864224
2018-12-28,47200,47550,46750,47400,182,0.006369426751592355
2019-01-02,46900,47200,45850,45850,275,-0.03270042194092826
2019-01-03,45850,47300,45750,46700,169,0.018538713195201728
2019-01-04,46950,46950,45850,46650,101,-0.0010706638115631772
2019-01-07,46850,47000,46850,46950,73,0.006430868167202508
2019-01-08,46950,46950,46400,46700,130,-0.005324813631522929
2019-01-09,46900,47250,46700,47250,2225,0.01177730192719495
2019-01-10,47400,47400,47200,47250,39,0.0
2019-01-11,47250,47250,46050,46950,729,-0.006349206349206327
2019-01-14,47200,47200,46800,46950,35,0.0
2019-01-15,47250,47250,46400,47150,47,0.004259850905218299
2019-01-16,47200,47200,46100,46950,116,-0.0042417815482502785
2019-01-17,47250,47250,45200,46850,123,-0.0021299254526091493
2019-01-18,47200,47200,46700,47100,307,0.005336179295624355
2019-01-21,47100,48900,46700,47700,1435,0.01273885350318471
2019-01-22,47600,48150,47400,47500,398,-0.004192872117400381
2019-01-23,48250,48300,47600,48050,47,0.011578947368421133
2019-01-24,47600,48200,47600,48150,229,0.0020811654526535772
2019-01-25,47600,48200,47100,48000,156,-0.0031152647975077885
2019-01-28,47800,48700,47600,48200,298,0.004166666666666652
2019-01-29,48200,48300,47550,48150,163,-0.0010373443983402453
2019-01-30,48150,48150,47600,48100,46,-0.0010384215991692258
2019-01-31,47850,48250,47750,47750,41,-0.007276507276507305
2019-02-01,47900,47900,47600,47850,144,0.0020942408376962707
2019-02-07,48100,48150,48100,48150,48,0.006269592476489061
2019-02-08,48050,48050,47850,48050,69,-0.0020768431983385627
2019-02-11,48050,48100,47750,48100,133,0.0010405827263266776
2019-02-12,48100,48300,48100,48200,165,0.0020790020790020236
2019-02-13,48200,48300,48100,48300,74,0.0020746887966804906
2019-02-14,48250,48550,47550,48350,357,0.0010351966873705098
2019-02-15,47900,48300,47500,47850,1269,-0.010341261633919352
2019-02-18,47900,47900,47700,47700,298,-0.0031347962382445305
2019-02-19,47700,48000,47700,48000,207,0.0062893081761006275
2019-02-20,47900,48200,47900,48150,674,0.0031250000000000444
2019-02-21,47950,48350,47950,48350,388,0.004153686396677125
2019-02-22,48300,49150,47950,49150,392,0.016546018614270963
2019-02-25,48050,49800,48050,49650,244,0.010172939979654183
2019-02-26,48650,50000,48650,49750,258,0.002014098690835908
2019-02-27,49100,49650,49050,49600,11,-0.0030150753768843908
2019-02-28,49050,49900,48600,49800,184,0.0040322580645162365
2019-03-04,49500,49600,48850,48950,64,-0.017068273092369468
2019-03-05,49450,50900,48200,49350,105,0.008171603677221695
2019-03-06,50300,50300,48850,49400,165,0.0010131712259371373
2019-03-07,49400,50200,48850,49300,36,-0.002024291497975672
2019-03-08,49000,49300,48750,49100,63,-0.0040567951318458695
2019-03-11,49100,49100,48250,49000,397,-0.0020366598778004397
2019-03-12,50500,50500,48950,49000,288,0.0
2019-03-13,49000,49900,48600,48950,608,-0.0010204081632653184
2019-03-14,49700,49700,48550,49500,286,0.011235955056179803
2019-03-15,49500,50200,49500,49550,218,0.0010101010101009056
2019-03-18,49550,50900,49350,49700,420,0.003027245206861817
2019-03-19,49550,50000,49550,49800,175,0.002012072434607548
2019-03-20,50500,50500,48600,49700,578,-0.002008032128514081
2019-03-21,50500,50700,49400,49950,324,0.005030181086519203
2019-03-22,50500,50900,49300,49900,92,-0.0010010010010009784
2019-03-25,49050,49850,48450,49850,340,-0.0010020040080159776
2019-03-26,49150,49800,49050,49800,35,-0.0010030090270812808
2019-03-27,49100,49650,49100,49650,35,-0.003012048192771122
2019-03-28,49550,49550,49100,49550,33,-0.002014098690835797
2019-03-29,49500,49550,48300,49400,413,-0.003027245206861706
2019-04-01,49400,49400,48900,49350,395,-0.0010121457489878916
2019-04-02,49700,49700,49200,49600,22,0.005065856129685908
2019-04-03,50300,50300,49000,49950,127,0.007056451612903247
2019-04-04,49800,50000,49750,49950,260,0.0
2019-04-05,50300,50300,48550,49900,883,-0.0010010010010009784
2019-04-08,49900,50000,49350,49900,134,0.0
2019-04-09,49900,50100,49500,49900,629,0.0
2019-04-10,51000,51000,49550,50000,89,0.002004008016031955
2019-04-11,50000,50000,49900,50000,579,0.0
2019-04-12,50900,50900,50000,50500,3170,0.010000000000000009
2019-04-15,51800,51800,50800,51500,1298,0.01980198019801982
2019-04-16,51500,53600,51500,52100,1652,0.011650485436893288
2019-04-17,52100,55100,52100,54900,4074,0.05374280230326289
2019-04-18,54800,55300,51100,53100,2896,-0.032786885245901676
2019-04-19,53600,53600,50800,52000,1325,-0.020715630885122405
2019-04-22,51900,52800,50600,52500,1096,0.009615384615384581
2019-04-23,53500,54800,51700,54400,4381,0.036190476190476106
2019-04-24,53300,54300,53300,54100,1257,-0.005514705882352922
2019-04-25,53100,54000,52000,52100,726,-0.0369685767097967
2019-04-26,52400,53000,49950,49950,898,-0.041266794625719805
2019-04-29,50600,50600,49350,49450,431,-0.010010010010010006
2019-04-30,50000,50700,48600,49150,674,-0.006066734074823055
2019-05-02,49850,50100,49500,49500,315,0.007121057985757906
2019-05-03,50000,50600,49500,50600,115,0.022222222222222143
2019-05-07,50600,50600,49850,50000,523,-0.011857707509881465
2019-05-08,50000,50000,49500,49850,297,-0.0030000000000000027
2019-05-09,50000,50500,49000,49500,243,-0.007021063189568744
2019-05-10,49950,49950,48600,48950,195,-0.011111111111111072
2019-05-13,49900,49900,46850,47250,1288,-0.03472931562819204
2019-05-14,50000,50000,46850,47000,842,-0.005291005291005346
2019-05-15,47950,47950,47000,47150,542,0.0031914893617022155
2019-05-16,48450,49600,47600,47600,435,0.009544008483563182
2019-05-17,48550,48750,47700,48450,277,0.017857142857142794
2019-05-20,49000,49300,47950,47950,47,-0.01031991744066052
2019-05-21,48950,48950,47500,47500,42,-0.009384775808133461
2019-05-22,48600,48600,47500,47700,64,0.004210526315789442
2019-05-23,47550,48350,47550,47700,248,0.0
2019-05-24,48900,48900,47000,47850,201,0.003144654088050425
2019-05-27,47150,47650,47150,47200,227,-0.013584117032392928
2019-05-28,47700,47700,47200,47250,39,0.0010593220338983578
2019-05-29,48350,48350,47150,47500,342,0.005291005291005346
2019-05-30,48600,48600,48600,48600,1,0.023157894736842044
2019-05-31,48800,48800,47050,47400,351,-0.024691358024691357
2019-06-03,47300,47800,47300,47800,34,0.00843881856540074
2019-06-04,47500,47750,47000,47550,533,-0.005230125523012608
2019-06-05,47550,50100,47500,48500,159,0.019978969505783484
2019-06-07,48500,48900,48250,48700,44,0.004123711340206171
2019-06-10,49500,49500,48000,48200,50,-0.010266940451745366
2019-06-11,48550,48600,48100,48550,37,0.007261410788381717
2019-06-12,48500,49750,48350,49000,194,0.009268795056642576
2019-06-13,48450,48900,48400,48800,632,-0.004081632653061273
2019-06-14,49150,49150,47450,48450,116,-0.0071721311475410054
2019-06-17,48650,48850,48450,48800,38,0.007223942208462342
2019-06-18,49200,49200,48000,48600,318,-0.004098360655737654
2019-06-19,49150,49150,48650,49100,367,0.010288065843621297
2019-06-20,49500,49500,48700,49000,261,-0.0020366598778004397
2019-06-21,49000,49700,48650,48750,768,-0.005102040816326481
2019-06-24,49300,49300,48650,48650,414,-0.002051282051282022
2019-06-25,48850,48850,48850,48850,268,0.004110996916752319
2019-06-26,49200,49200,48500,49000,53,0.003070624360286489
2019-06-27,49100,49200,49000,49000,299,0.0
2019-06-28,49250,50000,48800,49950,120,0.019387755102040716
2019-07-01,50100,50400,49950,50000,519,0.0010010010010010895
2019-07-02,50000,50000,49000,49850,74,-0.0030000000000000027
2019-07-03,49850,50300,49350,49950,292,0.0020060180541625616
2019-07-04,49350,49950,49350,49400,24,-0.011011011011010985
2019-07-05,49400,49850,49300,49700,1355,0.006072874493927127
2019-07-08,49700,49700,49550,49600,414,-0.002012072434607659
2019-07-09,48600,48750,48150,48750,147,-0.017137096774193505
2019-07-10,49000,49000,48900,48900,115,0.003076923076922977
2019-07-11,49450,49500,49400,49500,260,0.012269938650306678
2019-07-12,49000,49600,48500,49600,69,0.002020202020202033
2019-07-15,49400,49400,49100,49400,14,-0.0040322580645161255
2019-07-16,49000,49250,48150,48150,203,-0.0253036437246964
2019-07-17,48150,49000,47550,48100,258,-0.0010384215991692258
2019-07-18,48100,48550,48100,48550,9,0.009355509355509328
2019-07-19,48800,48900,48000,48900,146,0.00720906282183309
2019-07-22,48900,48900,48900,48900,10,0.0
2019-07-23,48300,48800,48300,48800,25,-0.002044989775051076
2019-07-24,48800,48800,47750,48400,185,-0.008196721311475419
2019-07-25,48400,48400,47950,48000,14,-0.008264462809917328
2019-07-26,47750,47750,47000,47000,252,-0.02083333333333337
2019-07-29,46550,47100,46550,46600,596,-0.008510638297872353
2019-07-30,46600,47600,46500,46500,986,-0.0021459227467811592
2019-07-31,46500,48500,46350,46400,3167,-0.0021505376344086446
2019-08-01,46300,48350,45200,45700,1019,-0.015086206896551713
2019-08-02,45700,46000,45050,45100,2299,-0.013129102844638973
2019-08-05,45100,46200,44350,44550,415,-0.012195121951219523
2019-08-06,44550,45250,43100,44250,288,-0.006734006734006703
2019-08-07,44150,45950,43550,45000,92,0.016949152542372836
2019-08-08,47400,47400,44100,44500,1492,-0.011111111111111072
2019-08-09,44700,44750,43350,43350,818,-0.025842696629213457
2019-08-12,43450,43900,42950,42950,1657,-0.009227220299884653
2019-08-13,43050,43050,42800,42800,988,-0.0034924330616996624
2019-08-14,42850,45000,42850,43200,158,0.009345794392523255
2019-08-16,43700,43700,42900,42900,129,-0.00694444444444442
2019-08-19,42850,43000,42850,42850,751,-0.0011655011655011815
2019-08-20,42850,43500,42800,43500,106,0.015169194865811031
2019-08-21,42950,43650,42950,43450,89,-0.0011494252873562871
2019-08-22,43500,43500,43000,43400,78,-0.0011507479861909697
2019-08-23,43050,43350,42850,43050,122,-0.008064516129032251
2019-08-26,42850,42850,41150,41150,635,-0.0441347270615563
2019-08-27,41300,44150,41300,42150,611,0.024301336573511634
2019-08-28,42150,42950,42150,42950,82,0.018979833926453082
2019-08-29,42550,43000,42450,42450,41,-0.011641443538998875
2019-08-30,43000,43000,42100,42100,365,-0.00824499411071844
2019-09-02,43150,43200,42650,42650,9,0.013064133016627011
2019-09-03,42600,43500,42550,42600,305,-0.0011723329425556983
2019-09-04,42600,42950,42250,42850,94,0.005868544600938996
2019-09-05,43250,44800,42850,43800,653,0.022170361726954413
2019-09-06,43800,43800,42400,42800,328,-0.022831050228310557
2019-09-09,42800,43900,41000,42350,1032,-0.010514018691588745
2019-09-10,42100,42350,42050,42250,208,-0.0023612750885477762
2019-09-11,42800,43050,42200,43050,625,0.018934911242603603
2019-09-16,43500,43500,41900,43000,1325,-0.0011614401858304202
2019-09-17,43000,43800,43000,43650,536,0.015116279069767424
2019-09-18,43650,44350,43450,43950,314,0.0068728522336769515
2019-09-19,43400,44750,43400,44300,478,0.007963594994311762
2019-09-20,43550,44500,43550,44200,118,-0.0022573363431150906
2019-09-23,44000,45000,44000,44400,47,0.004524886877828038
2019-09-24,45900,45900,43800,43950,317,-0.010135135135135087
2019-09-25,43950,45700,43850,44600,858,0.014789533560864543
2019-09-26,44600,44600,43750,44300,90,-0.006726457399103158
2019-09-27,44000,44250,43500,43500,50,-0.018058690744920947
2019-09-30,43750,44250,43500,44150,12,0.014942528735632177
2019-10-01,44150,44600,43800,44600,137,0.010192525481313774
2019-10-02,44700,44700,43650,44400,28,-0.004484304932735439
2019-10-04,44400,44400,43050,44150,74,-0.005630630630630629
2019-10-07,43050,44050,43050,44050,35,-0.0022650056625141968
2019-10-08,43950,43950,43250,43950,28,-0.002270147559591429
2019-10-10,43850,43900,42250,43800,84,-0.0034129692832765013
2019-10-11,43950,43950,43550,43950,26,0.003424657534246478
2019-10-14,44300,44750,43350,44700,69,0.017064846416382284
2019-10-15,44900,44900,43900,44800,371,0.0022371364653244186
2019-10-16,45400,45400,44800,45200,35,0.008928571428571397
2019-10-17,45200,45700,45000,45000,45,-0.004424778761061954
2019-10-18,45100,45100,43200,44500,519,-0.011111111111111072
2019-10-21,44350,44350,43250,44300,172,-0.004494382022471877
2019-10-22,45000,45000,43750,44500,89,0.004514672686230181
2019-10-23,44050,45550,43550,44450,133,-0.0011235955056180247
2019-10-24,44450,44700,43450,43450,256,-0.022497187851518552
2019-10-25,43950,43950,42600,42600,794,-0.019562715765247374
2019-10-28,42600,43700,42350,42350,588,-0.005868544600938996
2019-10-29,42350,42500,42100,42500,436,0.0035419126328217754
2019-10-30,42500,43000,42000,42750,472,0.00588235294117645
2019-10-31,42750,42750,42000,42600,305,-0.0035087719298245723
2019-11-01,42200,42950,42050,42600,385,0.0
2019-11-04,42600,43250,42450,42850,158,0.005868544600938996
2019-11-05,43400,43400,42750,42900,396,0.001166861143523823
2019-11-06,43050,43250,42850,43200,229,0.006993006993007089
2019-11-07,43500,43650,42900,43350,71,0.003472222222222321
2019-11-08,43350,44850,43350,44050,351,0.016147635524798254
2019-11-11,44100,44250,42550,43050,831,-0.022701475595913734
2019-11-12,42700,43500,42700,43150,151,0.0023228803716608404
2019-11-13,43300,43500,42850,43500,471,0.008111239860950192
2019-11-14,43500,43500,42850,43150,117,-0.008045977011494232
2019-11-15,43150,44450,43100,43300,560,0.0034762456546928444
2019-11-18,43300,43900,42650,43750,284,0.010392609699769073
2019-11-19,43750,43950,43000,43050,124,-0.016000000000000014
2019-11-20,43000,43200,42850,43200,97,0.0034843205574912606
2019-11-21,43200,43750,42500,43500,406,0.00694444444444442
2019-11-22,43450,43550,43000,43500,535,0.0
2019-11-25,43000,44050,43000,43500,165,0.0
2019-11-26,43500,44000,43500,43500,340,0.0
2019-11-27,43700,45350,43500,44050,369,0.012643678160919603
2019-11-28,44100,45050,43800,44450,68,0.009080590238365494
2019-11-29,44450,44450,43600,43650,120,-0.017997750281214864
2019-12-02,43650,44600,43650,44400,98,0.01718213058419238
2019-12-03,44900,44900,44050,44700,108,0.006756756756756799
2019-12-04,44700,44950,44000,44800,187,0.0022371364653244186
2019-12-05,44300,44400,43750,44400,353,-0.008928571428571397
2019-12-06,44350,44400,42500,43950,516,-0.010135135135135087
2019-12-09,43950,43950,43000,43600,212,-0.007963594994311762
2019-12-10,43550,43900,43450,43850,69,0.005733944954128489
2019-12-11,43900,45250,43900,44050,127,0.004561003420752607
2019-12-12,44050,44500,44050,44500,115,0.010215664018161208
2019-12-13,44650,45100,44300,44500,91,0.0
2019-12-16,44700,45350,44500,44500,61,0.0
2019-12-17,44550,45200,44550,44750,65,0.00561797752808979
2019-12-18,44550,44900,44200,44650,129,-0.0022346368715083775
2019-12-19,44650,44850,44500,44600,159,-0.0011198208286674616
2019-12-20,44900,44900,44500,44800,509,0.004484304932735439
2019-12-23,44800,44800,44300,44700,182,-0.0022321428571429047
2019-12-24,44700,47700,44600,44900,3666,0.004474272930648837
2019-12-26,45350,45600,44900,45600,686,0.015590200445434244
2019-12-27,44000,44200,41050,43850,1625,-0.03837719298245612
2019-12-30,43650,43700,43300,43600,98,-0.005701254275940704
2020-01-02,43350,43400,42950,43050,273,-0.012614678899082521
2020-01-03,43000,43200,42600,43050,175,0.0
2020-01-06,43300,43300,42850,43150,44,0.0023228803716608404
2020-01-07,43000,43100,42750,42950,125,-0.004634994206257237
2020-01-08,42900,44850,41900,42050,851,-0.020954598370197863
2020-01-09,42750,42750,42200,42250,33,0.0047562425683709275
2020-01-10,42250,42250,42000,42250,165,0.0
2020-01-13,42250,42550,42000,42400,237,0.0035502958579882726
2020-01-14,42100,42650,42100,42450,20,0.001179245283018826
2020-01-15,42450,42500,42000,42500,934,0.0011778563015312216
2020-01-16,42450,42450,42100,42100,26,-0.009411764705882342
2020-01-17,42100,42200,41650,42050,154,-0.001187648456057011
2020-01-20,42050,42350,41700,41950,153,-0.0023781212841854638
2020-01-21,41950,41950,41700,41900,102,-0.0011918951132300348
2020-01-22,42700,42700,41750,42450,144,0.013126491646778149
2020-01-23,42450,42450,42400,42450,11,0.0
2020-01-28,42450,42450,41500,41800,161,-0.01531213191990577
2020-01-29,41800,41800,41500,41550,143,-0.005980861244019087
2020-01-30,41600,41600,41150,41150,1028,-0.009626955475330878
2020-01-31,41350,42150,40850,40850,1028,-0.007290400972053468
2020-02-03,39500,40450,39500,39900,430,-0.023255813953488413
2020-02-04,40000,40000,39900,40000,360,0.0025062656641603454
2020-02-05,40000,40200,39600,40050,924,0.0012499999999999734
2020-02-06,39900,40200,39600,40100,10657,0.0012484394506866447
2020-02-07,40300,40300,39800,40050,1848,-0.0012468827930174342
2020-02-10,40050,40800,40050,40200,14902,0.0037453183520599342
2020-02-11,40300,40300,40050,40150,1187,-0.0012437810945273853
2020-02-12,40050,40050,39800,39900,1143,-0.0062266500622665255
2020-02-13,39900,40050,39800,39900,1475,0.0
2020-02-14,40000,40500,39800,40000,652,0.0025062656641603454
2020-02-17,39850,39950,39850,39950,570,-0.0012499999999999734
2020-02-18,40000,40000,39900,39950,348,0.0
2020-02-19,39950,39950,39800,39900,1377,-0.0012515644555695093
2020-02-20,39950,40000,39800,39850,523,-0.0012531328320801727
2020-02-21,39800,39800,39500,39550,686,-0.007528230865746499
2020-02-24,39450,39450,38800,38850,501,-0.017699115044247815
2020-02-25,38850,38850,38400,38700,506,-0.0038610038610038533
2020-02-26,39750,39750,36750,38100,1263,-0.015503875968992276
2020-02-27,37700,38100,37700,37750,583,-0.009186351706036766
2020-02-28,38350,38350,36600,37200,956,-0.014569536423841067
2020-03-02,37200,37350,36750,36900,370,-0.008064516129032251
2020-03-03,37850,38850,37350,37350,210,0.012195121951219523
2020-03-04,38000,38000,37200,37450,245,0.0026773761713521083
2020-03-05,38650,38650,37450,37450,343,0.0
2020-03-06,37450,37650,37150,37150,196,-0.008010680907877155
2020-03-09,36750,36750,35300,36000,1499,-0.030955585464333746
2020-03-10,34900,36800,34900,35750,446,-0.00694444444444442
2020-03-11,36300,36300,35100,35300,549,-0.012587412587412583
2020-03-12,35300,35350,33800,34400,763,-0.025495750708215303
2020-03-13,32700,32700,30400,32400,1719,-0.05813953488372092
2020-03-16,34900,34900,30950,31950,761,-0.01388888888888884
2020-03-17,28300,32100,28300,31050,201,-0.028169014084507005
2020-03-18,31050,31050,29850,29850,1502,-0.03864734299516903
2020-03-19,29600,30150,27000,27000,1032,-0.09547738693467334
2020-03-20,25650,28450,25650,27100,857,0.0037037037037037646
2020-03-23,26800,26800,25250,25550,446,-0.05719557195571956
2020-03-24,26000,27000,25600,26400,2200,0.03326810176125239
2020-03-25,26800,28550,26800,28500,730,0.07954545454545459
2020-03-26,28700,29500,28350,28700,853,0.007017543859649145
2020-03-27,28850,29700,28700,28950,2137,0.008710801393728262
2020-03-30,28900,28900,27900,28750,3911,-0.006908462867012077
2020-03-31,29900,30800,29300,30600,299,0.06434782608695655
2020-04-01,31950,31950,30600,30600,480,0.0
2020-04-02,30950,31800,30000,31500,386,0.02941176470588225
2020-04-03,31050,31500,30100,31150,137,-0.011111111111111072
2020-04-06,31200,32300,30100,32200,1922,0.03370786516853941
2020-04-07,33300,33300,32000,32200,765,0.0
2020-04-08,32900,32950,32150,32200,3019,0.0
2020-04-09,33000,33000,32250,32450,1304,0.007763975155279601
2020-04-10,32450,33200,32400,32650,233,0.006163328197226425
2020-04-13,32650,33700,32350,33500,205,0.026033690658499253
2020-04-14,33500,33950,33000,33950,233,0.013432835820895495
2020-04-16,33950,34200,33600,34100,233,0.004418262150220897
2020-04-17,35950,35950,34650,35650,286,0.045454545454545414
2020-04-20,35700,35700,35000,35400,643,-0.007012622720897643
2020-04-21,35400,35400,34050,34150,830,-0.035310734463276816
2020-04-22,33850,34200,33000,33850,365,-0.008784773060029227
2020-04-23,33950,34500,33950,34500,14,0.019202363367799125
2020-04-24,34000,34750,33950,34750,44,0.007246376811594235
2020-04-27,34900,35550,34600,35550,221,0.02302158273381294
2020-04-28,35550,35550,34600,35100,262,-0.012658227848101222
2020-04-29,35100,35950,34500,35000,264,-0.002849002849002802
2020-05-04,35000,36000,34000,34700,802,-0.008571428571428563
2020-05-06,35050,35050,34500,34700,96,0.0
2020-05-07,35000,35500,35000,35450,594,0.021613832853025983
2020-05-08,35450,35800,35150,35450,506,0.0
2020-05-11,35400,35550,35100,35550,61,0.0028208744710860323
2020-05-12,35400,35800,34850,34950,399,-0.016877637130801704
2020-05-13,34950,35150,34400,35150,78,0.005722460658083017
2020-05-14,34600,35200,34600,34850,94,-0.008534850640113834
2020-05-15,34700,35150,34600,34950,147,0.0028694404591105283
2020-05-18,35400,36300,35400,36100,2096,0.03290414878397718
2020-05-19,36300,37050,35300,36900,1466,0.02216066481994461
2020-05-20,36850,37500,35900,37250,332,0.009485094850948617
2020-05-21,36600,37600,36600,37250,332,0.0
2020-05-22,37000,37150,36500,37000,290,-0.006711409395973145
2020-05-25,36500,37250,36500,37200,304,0.00540540540540535
2020-05-26,37200,37850,36650,37400,558,0.005376344086021501
2020-05-27,37800,37800,37400,37650,113,0.006684491978609541
2020-05-28,37000,37500,36700,36700,586,-0.025232403718459473
2020-05-29,36900,37300,35950,37100,514,0.01089918256130784
2020-06-01,36300,37400,36300,37100,133,0.0
2020-06-02,36500,37350,36500,37300,374,0.005390835579514919
2020-06-03,37300,37700,37200,37250,629,-0.0013404825737265424
2020-06-04,37300,38050,37250,37550,433,0.008053691275167862
2020-06-05,37550,38050,37550,38000,143,0.011984021304926706
2020-06-08,38000,38400,37650,38400,478,0.010526315789473717
2020-06-09,39650,39900,38600,39900,2220,0.0390625
2020-06-10,40100,41350,39600,40650,3216,0.018796992481203034
2020-06-11,40850,41200,38350,38500,7702,-0.052890528905289
2020-06-12,37900,39450,37300,38950,3342,0.011688311688311748
2020-06-15,39750,45700,39400,40800,24144,0.047496790757381335
2020-06-16,41300,48000,41300,45000,41228,0.10294117647058831
2020-06-17,43500,56800,43150,51600,115167,0.14666666666666672
2020-06-18,52000,55700,49000,49100,70315,-0.04844961240310075
2020-06-19,50100,51100,41800,42500,24294,-0.1344195519348269
2020-06-22,42150,48900,40050,42500,67620,0.0
2020-06-23,43700,45800,41350,43750,16275,0.02941176470588225
2020-06-24,43800,44200,40950,42500,12455,-0.02857142857142858
2020-06-25,42500,43300,41500,42600,3338,0.0023529411764706687
2020-06-26,43450,43450,41000,41550,3514,-0.02464788732394363
2020-06-29,43000,43000,41600,41850,5008,0.0072202166064982976
2020-06-30,42200,43150,41600,42700,2795,0.020310633213858953
2020-07-01,43300,43400,42300,42300,1722,-0.00936768149882905
2020-07-02,41700,43300,41700,42050,2539,-0.005910165484633523
2020-07-03,42200,42800,41850,42400,1642,0.00832342449464929
2020-07-06,42550,43750,42450,43600,2703,0.028301886792452935
2020-07-07,43600,44650,42900,44650,5073,0.02408256880733939
2020-07-08,44300,47450,44200,47400,11933,0.06159014557670783
2020-07-09,48000,49150,46050,48600,7762,0.025316455696202445
2020-07-10,48950,48950,45800,47350,4671,-0.025720164609053464
2020-07-13,47250,47350,45400,46000,3926,-0.028511087645195388
2020-07-14,46000,46400,45000,45750,1791,-0.005434782608695676
2020-07-15,45750,46500,45000,45100,1905,-0.014207650273224015
2020-07-16,44600,45800,43950,44700,996,-0.008869179600886956
2020-07-17,44050,44900,43000,43150,2602,-0.03467561521252793
2020-07-20,43200,44800,42700,44550,2499,0.03244495944380077
2020-07-21,57900,57900,57900,57900,14133,0.29966329966329974
2020-07-22,57000,68000,50700,51100,107066,-0.11744386873920554
2020-07-23,51100,51100,47250,50300,21093,-0.015655577299412915
2020-07-24,51200,51700,48550,49450,9259,-0.016898608349900646
2020-07-27,48900,61000,48550,55100,124374,0.11425682507583423
2020-07-28,53100,53200,50800,52600,11259,-0.04537205081669693
2020-07-29,52600,62900,50500,55200,54038,0.049429657794676896
2020-07-30,55800,57100,53600,54100,10942,-0.019927536231884035
2020-07-31,54100,55100,51900,51900,5717,-0.0406654343807763
2020-08-03,52300,54200,50600,52400,4032,0.009633911368015502
2020-08-04,51700,53200,51700,52300,2730,-0.001908396946564861
2020-08-05,51700,52400,50800,51500,4221,-0.015296367112810683
2020-08-06,52500,52600,51100,51800,2387,0.005825242718446644
2020-08-07,52400,53000,51200,52000,3199,0.0038610038610038533
2020-08-10,53300,54500,51300,54300,6032,0.044230769230769296
2020-08-11,54300,54700,53500,54300,3391,0.0
2020-08-12,54500,54700,52500,54400,5170,0.0018416206261511192
2020-08-13,56300,56900,53700,54300,10517,-0.0018382352941176405
2020-08-14,53900,54700,52200,54000,1817,-0.0055248618784530246
2020-08-18,53200,54000,48050,51200,5203,-0.051851851851851816
2020-08-19,50600,52500,50600,52000,991,0.015625
2020-08-20,52000,52800,48700,49800,3690,-0.04230769230769227
2020-08-21,50200,50400,48800,50300,580,0.010040160642570184
2020-08-24,50300,50300,49450,49900,1933,-0.007952286282306154
2020-08-25,50000,50500,49050,50000,565,0.002004008016031955
2020-08-26,50500,50500,48950,49700,1056,-0.006000000000000005
2020-08-27,49200,49650,48000,48450,3182,-0.02515090543259557
2020-08-28,49000,49200,48550,48550,931,0.002063983488132193
2020-08-31,48550,50300,48550,50000,1892,0.029866117404737436
2020-09-01,50000,50000,49100,49500,295,-0.010000000000000009
2020-09-02,49600,49950,49000,49200,971,-0.0060606060606061
2020-09-03,49200,49200,48650,48900,746,-0.0060975609756097615
2020-09-04,48800,48800,48000,48800,916,-0.002044989775051076
2020-09-07,48800,49700,48700,49700,974,0.018442622950819665
2020-09-08,49750,50000,49300,49800,411,0.002012072434607548
2020-09-09,49750,49750,48750,49000,427,-0.016064257028112428
2020-09-10,50600,50600,48700,49000,758,0.0
2020-09-11,49900,49900,48000,49750,1228,0.015306122448979664
2020-09-14,49800,51000,49750,51000,2922,0.025125628140703515
2020-09-15,51200,51200,49850,50200,567,-0.015686274509803977
2020-09-16,49800,50100,49500,49950,360,-0.004980079681274896
2020-09-17,49950,50100,48400,49200,1666,-0.01501501501501501
2020-09-18,49600,49800,48800,49250,1296,0.00101626016260159
2020-09-21,49000,49000,48200,48250,1520,-0.02030456852791873
2020-09-22,47500,48400,46000,46000,2288,-0.04663212435233166
2020-09-23,47900,47900,45500,47350,558,0.02934782608695663
2020-09-24,47250,47250,44800,47200,1750,-0.0031678986272439813
2020-09-25,47150,47700,46150,47700,368,0.010593220338983134
2020-09-28,47700,48150,47000,47000,268,-0.014675052410901501
2020-09-29,47750,47800,47000,47800,344,0.017021276595744705
2020-10-05,47800,48000,47700,48000,567,0.004184100418409997
2020-10-06,48000,48200,47800,48000,480,0.0
2020-10-07,48000,48000,47850,47950,755,-0.0010416666666667185
2020-10-08,47950,48250,47950,48150,305,0.004171011470281538
2020-10-12,48150,48250,47900,48250,342,0.0020768431983384517
2020-10-13,48600,48600,48000,48300,455,0.0010362694300518616
2020-10-14,48500,48500,47700,48100,108,-0.0041407867494823725
2020-10-15,49300,49300,48100,48100,165,0.0
2020-10-16,48100,48500,47700,48200,735,0.0020790020790020236
2020-10-19,48200,48700,47500,48300,468,0.0020746887966804906
2020-10-20,48300,48300,47750,48100,205,-0.0041407867494823725
2020-10-21,48100,48450,48100,48450,467,0.007276507276507305
2020-10-22,48900,48900,47900,48200,249,-0.00515995872033026
2020-10-23,48600,48600,47900,47900,195,-0.006224066390041472
2020-10-26,47750,48800,47700,47700,128,-0.0041753653444676075
2020-10-27,47650,47650,47000,47500,260,-0.004192872117400381
2020-10-28,47500,47500,46000,47350,458,-0.0031578947368421373
2020-10-29,43550,46550,43550,46500,462,-0.017951425554382228
2020-10-30,46200,47000,46200,46200,138,-0.006451612903225823
2020-11-02,46250,46800,46250,46750,55,0.011904761904761862
2020-11-03,46850,47800,46650,47800,972,0.022459893048128343
2020-11-04,48700,48700,47450,48200,69,0.008368200836819994
2020-11-05,48300,48300,47650,47650,288,-0.011410788381742698
2020-11-06,47650,48100,47500,47600,82,-0.0010493179433368471
2020-11-09,47950,48000,47750,47950,326,0.007352941176470562
2020-11-10,47500,47800,47500,47800,738,-0.0031282586027111536
2020-11-11,47800,47900,47800,47800,239,0.0
2020-11-12,47800,47850,47500,47850,362,0.0010460251046024993
2020-11-13,47800,47850,47800,47850,206,0.0
2020-11-16,47850,47900,47800,47800,324,-0.0010449320794148065
2020-11-17,47800,47850,47750,47750,438,-0.0010460251046024993
2020-11-18,47750,48350,47750,48000,690,0.005235602094240788
2020-11-19,48000,48200,47800,48200,451,0.004166666666666652
2020-11-20,47500,48150,47500,47800,250,-0.008298755186721962
2020-11-23,48350,48350,48200,48200,509,0.008368200836819994
2020-11-24,48200,48250,48150,48150,248,-0.0010373443983402453
2020-11-25,48000,48300,48000,48000,742,-0.0031152647975077885
2020-11-26,48000,48000,47900,47900,202,-0.002083333333333326
2020-11-27,47850,48250,47750,47800,352,-0.0020876826722338038
2020-11-30,48400,48400,47700,48100,294,0.006276150627614996
2020-12-01,48150,48150,47750,48000,205,-0.0020790020790020236
2020-12-02,47950,48000,47850,48000,361,0.0
2020-12-03,48000,48050,47750,48050,296,0.0010416666666666075
2020-12-04,48050,48200,47750,48200,544,0.003121748178980255
2020-12-07,48200,48200,47700,47800,2468,-0.008298755186721962
2020-12-08,48100,48100,47650,47900,630,0.0020920502092049986
2020-12-09,48250,48250,47850,47900,413,0.0
2020-12-10,47550,47900,47550,47900,369,0.0
2020-12-11,47950,48150,47900,48000,840,0.0020876826722338038
2020-12-14,48400,48400,47850,48100,2246,0.002083333333333437
2020-12-15,48100,48100,47850,48000,172,-0.0020790020790020236
2020-12-16,48000,48250,48000,48200,1220,0.004166666666666652
2020-12-17,48500,48500,48150,48150,322,-0.0010373443983402453
2020-12-18,48750,48750,48000,48500,242,0.007268951194184803
2020-12-21,48800,50400,48500,50400,3419,0.039175257731958846
2020-12-22,50400,50400,49500,49800,985,-0.011904761904761862
2020-12-23,50300,50500,50000,50100,2175,0.006024096385542244
2020-12-24,49900,49950,49650,49950,829,-0.0029940119760478723
2020-12-28,50700,50700,50200,50300,1219,0.00700700700700696
2020-12-29,49900,49900,49200,49400,923,-0.017892644135188873
2020-12-30,49400,49600,49200,49600,692,0.004048582995951344
2021-01-04,49600,49600,49100,49100,1485,-0.01008064516129037
2021-01-05,49500,49500,49100,49200,260,0.0020366598778003286
2021-01-06,49650,49650,48800,49550,2328,0.007113821138211351
2021-01-07,49700,49750,49700,49750,1309,0.004036326942482349
2021-01-08,50300,50300,49350,49950,344,0.004020100502512669
2021-01-11,49950,49950,48750,48800,1016,-0.02302302302302306
2021-01-12,47700,49000,47700,48100,425,-0.014344262295082011
2021-01-13,49700,49700,48850,49000,141,0.018711018711018657
2021-01-14,49750,49750,49400,49750,661,0.015306122448979664
2021-01-15,50000,50800,49800,50500,2836,0.015075376884422065
2021-01-18,50100,50700,49900,49900,901,-0.011881188118811892
2021-01-19,50100,50300,50000,50300,747,0.008016032064128265
2021-01-20,50300,50500,50000,50500,896,0.003976143141153132
2021-01-21,50700,54000,50700,53800,5656,0.0653465346534654
2021-01-22,55000,55000,52500,53400,1473,-0.0074349442379182396
2021-01-25,54400,54400,52300,53300,1442,-0.0018726591760299671
2021-01-26,54800,54800,53300,54500,2406,0.022514071294559068
2021-01-27,69300,70800,68300,70800,53694,0.2990825688073395
2021-01-28,61800,65000,60300,61100,28018,-0.13700564971751417
2021-01-29,56200,59500,56200,56800,13538,-0.0703764320785597
2021-02-01,56800,63500,55800,61100,7895,0.07570422535211274
2021-02-02,59400,61500,58000,58400,4794,-0.04418985270049103
2021-02-03,58400,59600,56100,56900,6288,-0.025684931506849362
2021-02-04,57300,57300,56100,56400,2533,-0.008787346221441172
2021-02-05,57200,57200,56200,56600,993,0.0035460992907800915
2021-02-08,57300,59100,57300,58600,2323,0.035335689045936425
2021-02-09,58600,58600,57500,57900,1169,-0.011945392491467532
2021-02-10,58000,58400,57500,58100,610,0.003454231433505983
2021-02-15,58300,58900,58300,58900,2134,0.013769363166953541
2021-02-16,58800,58900,57400,57600,1639,-0.022071307300509324
2021-02-17,57500,57800,57000,57000,785,-0.01041666666666663
2021-02-18,56800,56900,56100,56100,1700,-0.015789473684210575
2021-02-19,55500,56100,55100,56100,2405,0.0
2021-02-22,56500,56500,55600,55900,333,-0.0035650623885917776
2021-02-23,57100,57100,56000,56800,818,0.01610017889087656
2021-02-24,57100,57100,55200,55200,504,-0.028169014084507005
2021-02-25,55500,55900,55300,55800,677,0.010869565217391353
2021-02-26,55900,55900,54200,54300,370,-0.026881720430107503
2021-03-02,54900,56700,54900,56500,62,0.04051565377532218
2021-03-03,56000,57100,56000,57100,835,0.010619469026548645
2021-03-04,58400,58400,56700,57500,1752,0.007005253940455258
2021-03-05,57300,58800,57100,57100,1992,-0.006956521739130417
2021-03-08,58000,58800,58000,58600,2271,0.02626970227670755
2021-03-09,58500,59300,58500,59300,2389,0.011945392491467643
2021-03-10,59800,59800,57600,58800,193,-0.00843170320404718
2021-03-11,59400,59400,58600,59400,535,0.010204081632652962
2021-03-12,59500,60200,58900,58900,1185,-0.008417508417508435
2021-03-15,59800,59800,59500,59800,193,0.015280135823429575
2021-03-16,60000,60200,58800,59600,464,-0.0033444816053511683
2021-03-17,60000,60000,58500,59100,1751,-0.008389261744966459
2021-03-18,59900,59900,59700,59700,50,0.010152284263959421
2021-03-19,59400,59400,58800,59000,595,-0.011725293132328285
2021-03-22,59800,59800,58500,58700,230,-0.005084745762711895
2021-03-23,59900,59900,59300,59300,53,0.010221465076660996
2021-03-24,59300,59300,58800,58800,1688,-0.00843170320404718
2021-03-25,59900,59900,58800,59300,759,0.008503401360544283
2021-03-26,59300,59700,58900,59600,339,0.005059021922428242
2021-03-29,60200,60200,59600,60000,1002,0.006711409395973256
2021-03-30,60000,60400,59600,60400,536,0.006666666666666599
2021-03-31,60000,60500,59800,60500,600,0.0016556291390728006
2021-04-01,60200,60600,60000,60600,435,0.0016528925619834212
2021-04-02,60100,60200,60000,60200,331,-0.0066006600660065695
2021-04-05,59900,60400,59900,60400,503,0.0033222591362125353
2021-04-06,60300,61000,60100,60900,253,0.008278145695364225
2021-04-07,61100,61900,61100,61800,2128,0.014778325123152802
2021-04-08,61400,62000,61400,61900,194,0.0016181229773462036
2021-04-09,61700,62600,61500,62300,4383,0.00646203554119551
2021-04-12,63600,64000,63000,63100,3224,0.01284109149277679
2021-04-13,63100,64000,63100,64000,937,0.014263074484944571
2021-04-14,64000,64700,64000,64300,669,0.004687499999999956
2021-04-15,64300,66900,64300,66900,1513,0.04043545878693622
2021-04-16,68300,68300,66800,68000,1563,0.01644245142002987
2021-04-19,69000,71600,69000,71200,4223,0.04705882352941182
2021-04-20,72000,89700,72000,79900,20836,0.122191011235955
2021-04-21,80000,84800,80000,83900,13093,0.050062578222778376
2021-04-22,82700,84000,82600,83100,6295,-0.009535160905840279
2021-04-23,82900,83300,82500,83100,3041,0.0
2021-04-26,84000,87000,84000,86100,4848,0.036101083032491044
2021-04-27,87000,87000,83000,83000,2973,-0.03600464576074336
2021-04-28,82800,82800,77400,77400,6726,-0.06746987951807226
2021-04-29,78400,78900,77400,78700,3397,0.01679586563307489
2021-04-30,80500,80500,78700,79800,1889,0.013977128335451061
2021-05-03,80900,80900,78000,78000,1839,-0.022556390977443663
2021-05-04,82900,82900,77700,77900,4247,-0.0012820512820512775
2021-05-06,77900,82200,77900,81900,2034,0.051347881899871606
2021-05-07,83700,83800,80000,81400,2678,-0.006105006105006083
2021-05-10,82900,83700,82500,83700,2939,0.02825552825552835
2021-05-11,83600,83700,82000,82600,3957,-0.01314217443249699
2021-05-12,82600,82600,80500,80500,1317,-0.025423728813559365
2021-05-13,80000,80000,78500,79600,1628,-0.011180124223602483
2021-05-14,80700,80700,77700,77800,1859,-0.022613065326633208
2021-05-17,79400,79400,73800,74800,3569,-0.03856041131105403
2021-05-18,77500,78100,76700,77100,1219,0.03074866310160429
2021-05-20,77100,77100,75700,75900,1346,-0.015564202334630295
2021-05-21,77500,78000,75000,76400,349,0.006587615283267567
2021-05-24,77200,77900,76100,77400,944,0.01308900523560208
2021-05-25,79900,79900,77300,77400,234,0.0
2021-05-26,77900,77900,77100,77800,520,0.0051679586563306845
2021-05-27,77800,77800,76400,77800,857,0.0
2021-05-28,77000,77000,76600,76700,484,-0.014138817480719768
2021-05-31,77400,77400,75900,76700,340,0.0
2021-06-01,77200,77200,76400,77200,102,0.006518904823989535
2021-06-02,76500,77200,76400,76400,339,-0.010362694300518172
2021-06-03,76400,76700,75300,76400,479,0.0
2021-06-04,76400,77000,76100,77000,1183,0.007853403141361293
2021-06-07,78000,78000,77100,77400,183,0.0051948051948051965
2021-06-08,78000,78000,76800,77200,265,-0.0025839793281653423
2021-06-09,78700,78700,75400,76000,1076,-0.015544041450777257
2021-06-10,75900,76200,75500,75900,314,-0.001315789473684159
2021-06-11,77400,77400,75400,75400,193,-0.006587615283267456
2021-06-14,76000,76300,75500,76000,238,0.007957559681697646
2021-06-15,76100,76100,75100,75400,621,-0.007894736842105288
2021-06-16,75300,75600,75100,75200,847,-0.0026525198938992522
2021-06-17,75400,75400,74300,74300,585,-0.01196808510638303
2021-06-18,75300,75300,73700,75300,1054,0.013458950201884257
2021-06-21,73500,73500,73000,73200,825,-0.027888446215139417
2021-06-22,73800,75000,73800,73800,432,0.008196721311475308
2021-06-23,75000,75000,73700,73700,480,-0.0013550135501354532
2021-06-24,74500,74500,73700,74300,673,0.008141112618724522
2021-06-25,75000,75000,73800,74000,573,-0.004037685060565233
2021-06-28,75000,75000,74100,74700,415,0.009459459459459474
2021-06-29,75000,75000,74200,74300,267,-0.0053547523427041055
2021-06-30,74100,74900,74100,74900,454,0.008075370121130465
2021-07-01,75300,75900,75000,75800,131,0.012016021361815676
2021-07-02,76100,76100,74500,75400,559,-0.00527704485488123
2021-07-05,78000,78000,73100,74000,234,-0.018567639257294433
2021-07-06,74400,75000,74100,75000,164,0.013513513513513598
2021-07-07,76300,76300,73900,73900,434,-0.014666666666666717
2021-07-08,75000,75000,72500,72500,856,-0.018944519621109657
2021-07-09,72000,72000,69100,70100,3667,-0.03310344827586209
2021-07-12,70300,70300,69300,70100,767,0.0
2021-07-13,71800,71800,71200,71500,292,0.0199714693295292
2021-07-14,72300,72300,71500,71600,359,0.0013986013986013734
2021-07-15,73400,73400,71300,72000,328,0.005586592178770999
2021-07-16,73300,73300,72000,72600,210,0.008333333333333304
2021-07-19,71400,72500,71400,71400,229,-0.016528925619834656
2021-07-20,71900,71900,70800,71400,352,0.0
2021-07-21,71400,71400,70200,70500,365,-0.012605042016806678
2021-07-22,70800,70800,70300,70500,108,0.0
2021-07-23,70700,71800,70700,71800,419,0.018439716312056653
2021-07-26,71800,75000,71800,74400,1277,0.0362116991643453
2021-07-27,74700,74700,73000,74000,449,-0.005376344086021501
2021-07-28,74000,74000,72300,72900,229,-0.014864864864864824
2021-07-29,74000,74000,71900,71900,167,-0.013717421124828544
2021-07-30,72000,72200,71000,71000,681,-0.012517385257301838
2021-08-02,71600,71700,71000,71600,202,0.008450704225352101
2021-08-03,71600,71600,69900,69900,471,-0.023743016759776525
2021-08-04,69900,70400,69200,70300,270,0.005722460658083017
2021-08-05,70300,71800,70300,71000,746,0.009957325746799528
2021-08-06,71000,71300,70300,70700,234,-0.004225352112676051
2021-08-09,70700,71700,70700,70700,277,0.0
2021-08-10,70700,71400,70500,70500,2206,-0.0028288543140028155
2021-08-11,70500,71000,70500,71000,396,0.007092198581560183
2021-08-12,72200,72200,71000,71500,1319,0.007042253521126751
2021-08-13,71600,71800,70100,71500,1624,0.0
2021-08-17,71800,71900,71000,71900,1718,0.005594405594405494
2021-08-18,72400,72400,71400,72300,384,0.0055632823365785455
2021-08-19,72300,72300,68900,68900,1480,-0.047026279391424675
2021-08-20,68900,68900,68100,68300,417,-0.00870827285921627
2021-08-23,68300,69600,68300,69000,134,0.01024890190336758
2021-08-24,69400,70900,69000,70300,944,0.018840579710144967
2021-08-25,70900,70900,69600,70300,237,0.0
2021-08-26,70400,70900,70400,70800,132,0.007112375533428139
2021-08-27,70900,71200,70900,70900,832,0.0014124293785311437
2021-08-30,71300,71700,71300,71500,377,0.008462623413258097
2021-08-31,71800,71900,70600,71200,389,-0.004195804195804231
2021-09-01,71400,73400,71300,73000,730,0.02528089887640439
2021-09-02,73700,75000,73400,74700,2267,0.023287671232876672
2021-09-03,74500,74700,73600,74500,712,-0.0026773761713521083
2021-09-06,74500,75000,74500,75000,477,0.006711409395973256
2021-09-07,75000,76000,75000,75900,2330,0.01200000000000001
2021-09-08,75400,78100,75400,77700,1646,0.02371541501976293
2021-09-09,77700,78000,74900,75000,895,-0.03474903474903479
2021-09-10,76000,76500,74000,75500,3925,0.006666666666666599
2021-09-13,75500,75700,74000,74000,1460,-0.019867549668874163
2021-09-14,74400,74800,73300,74300,570,0.004054054054054124
2021-09-15,74000,74000,73800,74000,827,-0.004037685060565233
2021-09-16,74500,74500,73000,73900,392,-0.0013513513513513375
2021-09-17,74100,74100,73500,73800,579,-0.0013531799729363803
2021-09-23,74600,74600,71700,71700,1188,-0.028455284552845517
2021-09-24,72300,72300,69800,70000,1868,-0.023709902370990243
2021-09-27,70400,70400,69000,69500,1569,-0.0071428571428571175
2021-09-28,69400,69400,68500,68500,301,-0.014388489208633115
2021-09-29,68000,68900,67600,68900,190,0.005839416058394109
2021-09-30,69000,69400,69000,69400,420,0.007256894049346929
2021-10-01,70000,70000,68800,69300,187,-0.0014409221902017544
2021-10-05,70000,70000,69500,69500,29,0.0028860028860029363
2021-10-06,69000,69500,68000,69000,730,-0.007194244604316502
2021-10-07,69700,69900,68900,69600,295,0.008695652173912993
2021-10-08,70200,70200,69400,69400,80,-0.002873563218390829
2021-10-12,69900,70000,69000,69700,69,0.004322766570605152
2021-10-13,69700,70100,69100,69800,86,0.0014347202295552641
2021-10-14,70500,70500,70000,70000,97,0.002865329512893977
2021-10-15,70900,70900,69900,69900,670,-0.0014285714285714457
2021-10-18,70600,70600,69900,69900,123,0.0
2021-10-19,70000,70000,69200,69700,164,-0.0028612303290415086
2021-10-20,70000,70000,69200,69600,448,-0.0014347202295552641
2021-10-21,69600,69600,68900,69400,452,-0.002873563218390829
2021-10-22,70000,70000,69900,69900,89,0.007204610951008661
2021-10-25,70600,70600,70000,70000,6,0.0014306151645206988
2021-10-26,70800,71600,70600,70700,80,0.010000000000000009
2021-10-27,70800,70800,69800,70500,55,-0.0028288543140028155
2021-10-28,70500,70500,69700,69800,78,-0.009929078014184411
2021-10-29,70000,70000,68900,68900,284,-0.012893982808022897
2021-11-01,69000,69000,68900,69000,466,0.0014513788098693414
2021-11-02,69300,69400,68900,69400,185,0.005797101449275255
2021-11-03,69900,69900,68400,68900,396,-0.007204610951008661
2021-11-04,68900,69100,68900,68900,48,0.0
2021-11-05,69900,69900,67700,67900,354,-0.014513788098693747
2021-11-08,68500,68500,67700,67700,262,-0.002945508100147265
2021-11-09,69900,69900,67100,67700,254,0.0
2021-11-10,69000,69000,66400,66400,698,-0.019202363367799125
2021-11-11,66700,66700,65900,66000,280,-0.0060240963855421326
2021-11-12,67900,68800,67600,67800,94,0.027272727272727337
2021-11-15,68900,68900,68000,68800,95,0.014749262536873253
2021-11-16,69000,70800,69000,70100,394,0.018895348837209225
2021-11-17,70900,70900,69600,70000,43,-0.0014265335235378318
2021-11-18,71900,71900,69000,70100,40,0.0014285714285713347
2021-11-19,70800,70800,69000,69900,218,-0.0028530670470755526
2021-11-22,70400,70400,68800,69800,213,-0.0014306151645206988
2021-11-23,71800,71800,69100,69800,106,0.0
2021-11-24,69400,69400,68600,69300,105,-0.007163323782234943
2021-11-25,69700,69700,67200,69700,492,0.005772005772005873
2021-11-26,69700,69700,67000,67100,654,-0.0373027259684362
2021-11-29,66400,67600,66400,66800,194,-0.0044709388971684305
2021-11-30,67000,67000,65500,65500,250,-0.019461077844311392
2021-12-01,66100,67000,66100,66900,41,0.021374045801526798
2021-12-02,67500,68300,67500,68300,316,0.020926756352765308
2021-12-03,69000,69900,69000,69400,31,0.016105417276720324
2021-12-06,69900,70000,69200,70000,55,0.008645533141210304
2021-12-07,70900,70900,69400,69800,165,-0.0028571428571428914
2021-12-08,70000,71400,70000,71000,190,0.017191977077363862
2021-12-09,72800,72800,70400,71000,127,0.0
2021-12-10,71500,71500,70000,70000,74,-0.014084507042253502
2021-12-13,70500,70500,69800,70400,612,0.005714285714285783
2021-12-14,70900,70900,70500,70800,27,0.005681818181818121
2021-12-15,71400,71400,70000,70100,48,-0.009887005649717562
2021-12-16,70600,70600,69800,70000,216,-0.0014265335235378318
2021-12-17,70600,70600,69300,70000,29,0.0
2021-12-20,70000,70000,69100,70000,60,0.0
2021-12-21,70000,70000,67900,69900,184,-0.0014285714285714457
2021-12-22,70000,70300,69800,69900,186,0.0
2021-12-23,69900,69900,69600,69600,128,-0.0042918454935622075
2021-12-24,69500,69700,69500,69700,253,0.001436781609195359
2021-12-27,69700,69700,69000,69700,291,0.0
2021-12-28,70300,70300,69100,70200,2452,0.007173601147776099
2021-12-29,68900,69900,68800,69000,61,-0.017094017094017144
2021-12-30,69300,69300,68000,69000,156,0.0
2022-01-03,69000,69000,67700,68600,47,-0.005797101449275366
2022-01-04,68600,68600,67600,68200,474,-0.005830903790087438
2022-01-05,68500,68500,67300,68200,428,0.0
2022-01-06,67300,68000,67100,67800,162,-0.0058651026392961825
2022-01-07,67800,67800,67100,67500,227,-0.004424778761061954
2022-01-10,67500,67500,67200,67200,60,-0.004444444444444473
2022-01-11,69600,69600,66900,67500,157,0.0044642857142858094
2022-01-12,67500,68800,66900,68800,127,0.01925925925925931
2022-01-13,67600,69300,67600,69100,13,0.0043604651162789665
2022-01-14,69000,69000,67600,67900,103,-0.01736613603473225
2022-01-17,68800,68800,66500,66600,81,-0.019145802650957333
2022-01-18,67300,67500,66800,66800,10,0.0030030030030030463
2022-01-19,67300,67300,66000,66300,195,-0.007485029940119792
2022-01-20,66300,66900,65900,66800,23,0.007541478129713397
2022-01-21,68000,68000,66900,67200,31,0.0059880239520957446
2022-01-24,67100,67100,65400,65400,398,-0.0267857142857143
2022-01-25,65900,65900,64000,64800,322,-0.00917431192660545
2022-01-26,65200,65200,64800,65200,20,0.006172839506172867
2022-01-27,65800,65800,64200,64800,225,-0.006134969325153339
2022-01-28,64900,65500,63000,65500,332,0.010802469135802406
2022-02-03,67400,67400,65900,66300,40,0.012213740458015376
2022-02-04,66700,66700,65000,66000,568,-0.004524886877828038
2022-02-07,66500,66700,65200,66300,206,0.00454545454545463
2022-02-08,66500,66500,65600,66200,15,-0.0015082956259426794
2022-02-09,66900,66900,66700,66700,24,0.007552870090634434
2022-02-10,66300,66300,66200,66300,29,-0.005997001499250421
2022-02-11,66300,66300,65500,65900,290,-0.006033182503770718
2022-02-14,65800,65900,65700,65700,6,-0.003034901365705611
2022-02-15,65400,65400,63700,64900,669,-0.0121765601217656
2022-02-16,66000,66000,64400,65600,160,0.01078582434514641
2022-02-17,66300,66300,65900,65900,72,0.004573170731707377
2022-02-18,66000,66000,64900,65600,365,-0.004552352048558417
2022-02-21,64900,65200,64700,65200,79,-0.0060975609756097615
2022-02-22,64500,64800,64000,64800,688,-0.006134969325153339
2022-02-23,64800,64800,63600,64600,254,-0.0030864197530864335
2022-02-24,64800,64800,62300,63400,1095,-0.018575851393188847
2022-02-25,64800,65000,63300,64000,83,0.009463722397476282
2022-02-28,64800,64800,62700,64600,112,0.009374999999999911
2022-03-02,64600,64800,63800,64400,36,-0.003095975232198178
2022-03-03,65100,65100,63600,64600,209,0.0031055900621117516
2022-03-04,64900,65000,63000,63000,1320,-0.024767801857585092
2022-03-07,62300,62300,61500,61500,618,-0.023809523809523836
2022-03-08,61700,61700,61000,61000,305,-0.008130081300813052
2022-03-10,62000,62700,62000,62000,66,0.016393442622950838
2022-03-11,62100,62100,60900,60900,887,-0.01774193548387093
2022-03-14,61000,61900,60700,60700,216,-0.003284072249589487
2022-03-15,61500,61500,61000,61500,290,0.01317957166392092
2022-03-16,61500,61600,61500,61500,97,0.0
2022-03-17,62400,62400,61500,61500,327,0.0
2022-03-18,61500,61500,61000,61300,51,-0.003252032520325243
2022-03-21,61700,61700,61300,61700,269,0.006525285481239873
2022-03-22,61900,61900,61500,61800,928,0.0016207455429497752
2022-03-23,61900,62000,61900,62000,55,0.003236245954692629
2022-03-24,62000,62500,61900,62500,149,0.008064516129032251
2022-03-25,62100,63300,61700,63300,190,0.012799999999999923
2022-03-28,63100,63100,62600,63000,55,-0.004739336492891044
2022-03-29,63000,63100,62500,63000,96,0.0
2022-03-30,63100,63100,62400,63100,111,0.0015873015873015817
2022-03-31,63100,63400,63100,63400,140,0.004754358161648264
2022-04-01,63400,63400,62000,62000,235,-0.02208201892744477
2022-04-04,63100,63100,61800,62200,529,0.003225806451612856
2022-04-05,62300,62300,62000,62100,179,-0.001607717041800627
2022-04-06,62400,62400,62100,62400,258,0.004830917874396157
2022-04-07,63500,63500,62300,62700,25,0.004807692307692291
2022-04-08,62900,63500,62400,62900,217,0.0031897926634769647
2022-04-11,62900,62900,62800,62800,54,-0.0015898251192368873
2022-04-12,62800,62800,62200,62500,153,-0.004777070063694322
2022-04-13,62700,62700,62200,62200,259,-0.0048000000000000265
2022-04-14,63000,63000,62200,62300,81,0.001607717041800738
2022-04-15,62500,62500,62100,62100,286,-0.0032102728731941976
2022-04-18,62100,62900,62100,62900,256,0.012882447665056418
2022-04-19,63000,64000,63000,63400,194,0.007949125596184325
2022-04-20,63800,70000,63800,65800,4350,0.03785488958990535
2022-04-21,65000,65000,63400,64200,1702,-0.024316109422492405
2022-04-22,64100,64800,64100,64600,298,0.006230529595015577
2022-04-25,64300,64900,64000,64000,942,-0.009287925696594423
2022-04-26,64300,64300,63800,64000,196,0.0
2022-04-27,64000,64200,63600,64000,469,0.0
2022-04-28,64300,64300,64100,64100,136,0.0015624999999999112
2022-04-29,64400,65500,64300,65500,347,0.021840873634945357
2022-05-02,65200,65900,65200,65700,115,0.003053435114503733
2022-05-03,65700,65800,64600,64600,188,-0.016742770167427756
2022-05-04,65500,65500,64600,64600,168,0.0
2022-05-06,64900,64900,64600,64600,32,0.0
2022-05-09,64900,64900,63600,63600,110,-0.015479876160990669
2022-05-10,63600,63600,62300,62300,620,-0.020440251572327095
2022-05-11,63200,63200,62200,62900,52,0.009630818619582593
2022-05-12,62700,62800,62100,62300,195,-0.009538950715421324
2022-05-13,62600,62600,61900,62500,63,0.0032102728731941976
2022-05-16,62800,62900,62000,62900,85,0.006399999999999961
2022-05-17,62900,62900,62400,62900,122,0.0
2022-05-18,62800,63200,62500,63000,40,0.0015898251192367763
2022-05-19,62900,62900,61800,62300,164,-0.011111111111111072
2022-05-20,62300,62800,62200,62800,294,0.008025682182985605
2022-05-23,62800,62800,62500,62600,9,-0.0031847133757961776
2022-05-24,62200,62200,62000,62000,101,-0.009584664536741228
2022-05-25,62000,62700,61900,62500,502,0.008064516129032251
2022-05-26,62500,62600,62100,62500,248,0.0
2022-05-27,62800,62800,62800,62800,1,0.0047999999999999154
2022-05-30,63100,63100,62100,62900,88,0.0015923566878981443
2022-05-31,63200,63200,62400,62800,172,-0.0015898251192368873
2022-06-02,62800,62900,62700,62900,22,0.0015923566878981443
2022-06-03,62000,62400,62000,62400,979,-0.007949125596184436
2022-06-07,62400,62400,61900,61900,216,-0.008012820512820484
2022-06-08,62100,62200,61800,62200,202,0.004846526655896577
2022-06-09,62500,62500,61900,62200,87,0.0
2022-06-10,62400,62400,61800,62200,150,0.0
2022-06-13,62500,62500,61800,62300,27,0.001607717041800738
2022-06-14,62400,62400,62000,62000,25,-0.0048154093097912964
2022-06-15,62300,62300,61500,61700,133,-0.004838709677419395
2022-06-16,62000,62000,61400,61800,189,0.0016207455429497752
2022-06-17,61800,61800,60900,61300,33,-0.008090614886731351
2022-06-20,60700,60700,59500,59600,264,-0.027732463295269127
2022-06-21,59700,59700,59400,59400,121,-0.003355704697986628
2022-06-22,59900,59900,57900,57900,291,-0.025252525252525304
2022-06-23,57800,58300,57600,57600,337,-0.005181347150259086
2022-06-24,57500,57500,57300,57300,614,-0.00520833333333337
2022-06-27,57600,57800,57300,57800,260,0.008726003490401313
2022-06-28,58200,58200,58200,58200,18,0.006920415224913601
2022-06-29,57200,58300,57200,58300,140,0.0017182130584192379
2022-06-30,58800,58800,58700,58700,39,0.006861063464836947
2022-07-01,59200,59200,57500,57500,80,-0.020442930153321992
2022-07-04,57800,57800,56700,57800,126,0.00521739130434784
2022-07-05,57900,58100,57900,58100,19,0.00519031141868509
2022-07-06,57200,58200,57100,58200,122,0.001721170395869276
2022-07-07,58500,60300,58300,59500,127,0.022336769759450092
2022-07-08,60100,60400,59300,60000,41,0.008403361344537785
2022-07-11,60600,60600,58700,60400,34,0.006666666666666599
2022-07-12,60900,60900,59200,60000,55,-0.0066225165562914245
2022-07-13,59600,59900,59000,59900,26,-0.0016666666666667052
2022-07-14,60400,60400,58600,59600,38,-0.005008347245408995
2022-07-15,59000,60100,59000,60100,15,0.008389261744966348
2022-07-18,59900,60000,59900,60000,106,-0.0016638935108153063
2022-07-19,60200,60200,60000,60000,3,0.0
2022-07-20,60200,60200,59300,59900,167,-0.0016666666666667052
2022-07-21,59800,60000,59800,60000,15,0.0016694490818029983
2022-07-22,60600,60600,60400,60400,24,0.006666666666666599
2022-07-25,60400,60400,60100,60100,6,-0.004966887417218513
2022-07-26,60700,60700,60100,60400,8,0.004991680532445919
2022-07-27,60600,60600,60600,60600,1,0.0033112582781456013
2022-07-28,60800,60800,59200,60500,16,-0.0016501650165016146
2022-07-29,60800,60800,60600,60600,5,0.0016528925619834212
2022-08-01,60900,60900,60000,60000,27,-0.00990099009900991
2022-08-02,60000,60000,60000,60000,11,0.0
2022-08-03,60000,60000,59100,60000,10,0.0
2022-08-04,60000,60000,59100,59800,49,-0.0033333333333332993
2022-08-05,59800,59900,59800,59800,44,0.0
2022-08-08,59700,59700,59700,59700,14,-0.0016722408026755842
2022-08-09,59700,59700,59300,59600,14,-0.0016750418760469454
2022-08-10,59600,59600,59400,59500,19,-0.001677852348993314
2022-08-11,59600,59600,59600,59600,205,0.001680672268907557
2022-08-12,59600,60000,59100,60000,253,0.006711409395973256
2022-08-16,60500,60500,60000,60500,42,0.008333333333333304
2022-08-17,60500,60500,60400,60400,20,-0.0016528925619834212
2022-08-18,60300,60300,59300,60300,53,-0.0016556291390728006
2022-08-19,60200,60300,59300,60300,162,0.0
2022-08-22,58300,60300,58300,60300,19,0.0
2022-08-23,60300,60300,59300,60300,66,0.0
2022-08-24,60300,60300,59400,59400,61,-0.014925373134328401
2022-08-25,59900,60100,59900,60100,27,0.011784511784511675
2022-08-26,60400,60400,59800,59800,17,-0.004991680532445919
2022-08-29,59700,59700,58700,59600,45,-0.0033444816053511683
2022-08-30,59400,59400,59200,59400,21,-0.003355704697986628
2022-08-31,59900,59900,59200,59600,7,0.0033670033670034627
2022-09-01,60000,60000,59600,59600,9,0.0
2022-09-02,59500,60500,59500,59500,18,-0.001677852348993314
2022-09-05,60300,60300,59700,59700,9,0.003361344537815114
2022-09-06,59900,59900,59500,59500,5,-0.00335008375209378
2022-09-07,60000,60000,59200,59600,7,0.001680672268907557
2022-09-08,59800,59800,59700,59700,5,0.001677852348993314
2022-09-13,59500,59500,59000,59500,72,-0.00335008375209378
2022-09-14,59000,59200,58700,58800,79,-0.0117647058823529
2022-09-15,60800,60800,58800,59000,217,0.00340136054421758
2022-09-16,59000,59000,58500,58500,37,-0.008474576271186418
2022-09-19,59300,59300,58400,58500,13,0.0
2022-09-20,58600,60800,58600,59700,28,0.02051282051282044
2022-09-21,60000,60000,58200,59000,83,-0.011725293132328285
2022-09-22,58900,58900,57300,57300,207,-0.028813559322033888
2022-09-23,57500,60100,57200,60100,66,0.048865619546247796
2022-09-26,59800,59800,56900,59100,483,-0.016638935108153063
2022-09-27,59300,59300,59300,59300,2,0.0033840947546530664
2022-09-28,59300,59300,58700,59000,65,-0.005059021922428353
2022-09-29,59200,59200,57200,59100,124,0.0016949152542373724
2022-09-30,59900,59900,58700,58900,24,-0.0033840947546531774
2022-10-04,59800,59800,59500,59500,23,0.01018675721561979
2022-10-05,61200,61200,58500,58500,30,-0.01680672268907568
2022-10-06,59900,59900,58800,59400,30,0.01538461538461533
2022-10-07,60300,60300,58200,58200,27,-0.02020202020202022
2022-10-11,59200,59200,58100,58100,34,-0.0017182130584192379
2022-10-12,59700,59700,57200,57200,35,-0.015490533562822706
2022-10-13,58600,58600,56500,57200,62,0.0
2022-10-14,57600,57600,57000,57200,65,0.0
2022-10-17,57700,57700,57700,57700,1,0.00874125874125875
2022-10-18,57700,57700,57700,57700,4,0.0
2022-10-19,59300,59300,57600,57700,15,0.0
2022-10-20,58000,58000,57100,57500,10,-0.0034662045060658286
2022-10-21,58600,58600,57100,58200,14,0.012173913043478368
2022-10-24,58200,58200,58100,58200,6,0.0
2022-10-25,58900,58900,58100,58900,22,0.012027491408934665
2022-10-26,59500,59500,57300,57800,92,-0.018675721561969394
2022-10-27,57900,57900,57800,57800,3,0.0
2022-10-28,57800,57800,57700,57700,16,-0.0017301038062284002
2022-10-31,57700,57700,57700,57700,22,0.0
2022-11-01,57900,57900,56900,57400,97,-0.005199306759098743
2022-11-02,57000,57600,56500,56500,80,-0.015679442508710784
2022-11-03,57000,57000,56500,56500,85,0.0
2022-11-04,57100,57100,56500,57000,19,0.008849557522123908
2022-11-07,57200,57200,55500,56900,610,-0.0017543859649122862
2022-11-08,56700,56700,55100,55900,1698,-0.017574692442882234
2022-11-09,55900,56300,55800,56300,92,0.007155635062611854
2022-11-10,56300,56400,55200,56400,188,0.001776198934280604
2022-11-11,56400,56400,56000,56300,82,-0.0017730496453900457
2022-11-14,57000,57000,56500,56500,10,0.003552397868561208
2022-11-15,55500,56200,55500,56200,115,-0.005309734513274322
2022-11-16,57800,57800,56200,57000,86,0.014234875444839812
2022-11-17,57000,57100,56700,56800,31,-0.0035087719298245723
2022-11-18,57900,57900,56500,56800,17,0.0
2022-11-21,57600,57600,56500,56700,13,-0.0017605633802817433
2022-11-22,56700,56700,55800,56100,322,-0.010582010582010581
2022-11-23,56200,56200,56100,56100,30,0.0
2022-11-24,56600,56600,55800,56400,33,0.005347593582887722
2022-11-25,56800,56800,55900,56500,192,0.0017730496453900457
2022-11-28,56800,56800,55600,56000,134,-0.008849557522123908
2022-11-29,55600,56000,55400,56000,172,0.0
2022-11-30,56000,56800,56000,56800,23,0.014285714285714235
2022-12-01,56900,57400,56800,57400,286,0.010563380281690238
2022-12-02,58000,58300,57900,58300,76,0.015679442508710784
2022-12-05,58400,58400,57000,58300,201,0.0
2022-12-06,57600,58000,57600,57900,18,-0.006861063464837058
2022-12-07,57900,57900,56800,57100,361,-0.013816925734024155
2022-12-08,57700,57700,56300,57000,264,-0.0017513134851138146
2022-12-09,56800,57000,56100,56900,305,-0.0017543859649122862
2022-12-12,57200,57200,56400,57100,103,0.0035149384885764245
2022-12-13,57400,57400,56600,56700,2024,-0.007005253940455369
2022-12-14,57000,57100,56100,57000,275,0.005291005291005346
2022-12-15,57500,58000,57000,57900,48,0.015789473684210575
2022-12-16,57900,57900,57500,57900,19,0.0
2022-12-19,58500,58600,57000,57800,294,-0.0017271157167529916
2022-12-20,57600,57900,57200,57200,408,-0.01038062283737029
2022-12-21,57200,57200,56800,57100,186,-0.0017482517482517723
2022-12-22,57200,57200,57000,57100,299,0.0
2022-12-23,57500,57500,56500,57000,494,-0.0017513134851138146
2022-12-26,56600,56800,56300,56800,440,-0.0035087719298245723
2022-12-27,56300,57300,56000,57300,1126,0.008802816901408494
2022-12-28,56200,56200,55200,55600,75,-0.029668411867364797
2022-12-29,55300,55500,55100,55500,49,-0.0017985611510791255
2023-01-02,55500,55800,55000,55400,30,-0.0018018018018017834
2023-01-03,55100,55300,55100,55300,10,-0.0018050541516245744
2023-01-04,55400,55800,55100,55800,46,0.009041591320072317
2023-01-05,56000,56000,55900,55900,32,0.0017921146953405742
2023-01-06,56100,56100,56000,56100,9,0.003577817531305927
2023-01-09,56500,56500,54500,56200,52,0.0017825311942958333
2023-01-10,56200,56500,56200,56300,37,0.001779359430605032
2023-01-11,56400,56500,56300,56300,33,0.0
2023-01-12,56600,56600,55100,56300,132,0.0
2023-01-13,56000,56100,55500,56000,47,-0.005328596802841923
2023-01-16,56000,56700,56000,56500,29,0.008928571428571397
2023-01-17,56900,56900,56000,56600,35,0.001769911504424737
2023-01-18,56600,56700,54900,54900,500,-0.030035335689045928
2023-01-19,55000,55000,54500,54500,416,-0.007285974499089298
2023-01-20,55000,55000,54300,54700,63,0.003669724770642091
2023-01-25,54800,55500,54800,55500,94,0.014625228519195677
2023-01-26,55400,55400,55300,55300,92,-0.003603603603603567
2023-01-27,55300,55300,55000,55300,251,0.0
2023-01-30,55300,55400,55000,55400,69,0.001808318264014508
2023-01-31,55500,55800,55000,55600,66,0.0036101083032491488
2023-02-01,55400,55400,55000,55200,44,-0.007194244604316502
2023-02-02,55300,55300,55200,55200,11,0.0
2023-02-03,55200,55200,54400,54400,1163,-0.01449275362318836
2023-02-06,54400,54400,53800,54000,998,-0.007352941176470562
2023-02-07,54300,54300,54000,54100,229,0.0018518518518517713
2023-02-08,54400,54600,54100,54600,91,0.009242144177449063
2023-02-09,54500,54600,54100,54600,99,0.0
2023-02-10,54600,54600,54300,54600,65,0.0
2023-02-13,54600,54600,54100,54600,99,0.0
2023-02-14,54700,54700,54300,54500,279,-0.001831501831501825
2023-02-15,54600,54700,53900,54400,258,-0.0018348623853210455
2023-02-16,54400,54400,54400,54400,105,0.0
2023-02-17,54600,54600,54000,54000,396,-0.007352941176470562
2023-02-20,54200,54200,53800,53900,934,-0.0018518518518518823
2023-02-21,54100,54100,54000,54100,799,0.0037105751391466324
2023-02-22,53700,54300,53700,54300,512,0.003696857670979714
2023-02-23,53800,55500,53800,55500,499,0.022099447513812098
2023-02-24,56000,56000,55000,55500,299,0.0
2023-02-27,55300,55300,54500,55000,261,-0.009009009009009028
2023-02-28,54600,55100,54600,55100,96,0.0018181818181817189
2023-03-02,55100,56000,55100,56000,483,0.016333938294010864
2023-03-03,56500,56500,56100,56100,174,0.0017857142857142794
2023-03-06,56200,56200,55000,55200,246,-0.016042780748663055
2023-03-07,55900,56500,55300,56500,141,0.023550724637681153
2023-03-08,56500,56500,55300,55700,299,-0.01415929203539823
2023-03-09,55900,56200,55300,55800,38,0.0017953321364452268
2023-03-10,55900,55900,55000,55500,525,-0.005376344086021501
2023-03-13,55700,55700,54200,55000,107,-0.009009009009009028
2023-03-14,54300,54900,54300,54700,33,-0.00545454545454549
2023-03-15,54900,54900,54500,54800,93,0.001828153564899404
2023-03-16,54800,54800,54300,54600,72,-0.0036496350364964014
2023-03-17,54700,54900,54300,54900,38,0.005494505494505475
2023-03-20,54800,54900,54500,54500,68,-0.007285974499089298
2023-03-21,55000,55000,54700,54700,51,0.003669724770642091
2023-03-22,55000,55000,54600,54800,20,0.001828153564899404
2023-03-23,54900,54900,54600,54800,30,0.0
