Date,Open,High,Low,Close,Volume,Change
2015-01-02,18100,18100,18000,18000,60,0.0
2015-01-05,18000,18050,17550,17600,1736,-0.022222222222222254
2015-01-06,17600,17850,17550,17750,264,0.008522727272727293
2015-01-07,17600,18050,17400,18050,1758,0.016901408450704203
2015-01-08,17800,18000,17700,17900,393,-0.008310249307479256
2015-01-09,18000,18000,17800,17850,318,-0.0027932960893854997
2015-01-12,17800,17800,17500,17700,491,-0.008403361344537785
2015-01-13,17700,17750,17500,17700,722,0.0
2015-01-14,17950,17950,17950,17950,1,0.01412429378531077
2015-01-15,17600,17800,17500,17800,310,-0.00835654596100277
2015-01-16,17700,17750,17500,17700,971,-0.005617977528089901
2015-01-19,17650,17700,17650,17650,48,-0.0028248587570621764
2015-01-20,17650,17900,17650,17900,717,0.014164305949008416
2015-01-21,17800,17800,17550,17800,253,-0.005586592178770999
2015-01-22,17650,17700,17500,17600,1399,-0.011235955056179803
2015-01-23,17600,17600,17450,17600,669,0.0
2015-01-26,17400,17600,17400,17400,2348,-0.011363636363636354
2015-01-27,17400,17500,17400,17400,985,0.0
2015-01-28,17400,17400,17300,17400,1769,0.0
2015-01-29,17400,17400,17250,17400,1566,0.0
2015-01-30,17400,17500,17200,17500,3488,0.005747126436781658
2015-02-02,17400,17500,17200,17200,2675,-0.017142857142857126
2015-02-03,17200,17500,17200,17500,1420,0.01744186046511631
2015-02-04,17500,17500,17300,17450,1147,-0.0028571428571428914
2015-02-05,17450,17450,17400,17450,411,0.0
2015-02-06,17300,17450,17300,17400,490,-0.002865329512893977
2015-02-09,17400,17800,17100,17100,4174,-0.017241379310344862
2015-02-10,17000,17250,17000,17150,3040,0.0029239766081872176
2015-02-11,17150,17150,16900,17150,2140,0.0
2015-02-12,17150,17150,16950,16950,1143,-0.011661807580174877
2015-02-13,16950,17100,16950,17100,1222,0.008849557522123908
2015-02-16,17100,17100,16900,17050,545,-0.0029239766081871066
2015-02-17,17050,17100,17050,17100,516,0.0029325513196480912
2015-02-23,17100,17150,16950,17100,1379,0.0
2015-02-24,17100,17150,17000,17100,1732,0.0
2015-02-25,17100,17200,17000,17150,1412,0.0029239766081872176
2015-02-26,17150,17150,17050,17100,757,-0.002915451895043719
2015-02-27,17450,17450,17100,17300,1229,0.011695906432748648
2015-03-02,17300,17700,17100,17650,2152,0.020231213872832443
2015-03-03,17600,17650,17250,17300,1130,-0.019830028328611915
2015-03-04,17350,17400,17300,17350,877,0.0028901734104045396
2015-03-05,17350,17350,17150,17350,3991,0.0
2015-03-06,17350,17350,17200,17300,491,-0.0028818443804035088
2015-03-09,17400,17450,17200,17300,2556,0.0
2015-03-10,17300,17400,17150,17300,1172,0.0
2015-03-11,17300,17300,17000,17100,4493,-0.011560693641618491
2015-03-12,17200,17400,17100,17400,2009,0.01754385964912286
2015-03-13,17400,17550,17400,17550,1451,0.008620689655172376
2015-03-16,17550,17700,17500,17600,1555,0.002849002849002913
2015-03-17,17900,17900,17650,17800,1371,0.011363636363636465
2015-03-18,17950,17950,17800,17850,2420,0.002808988764045006
2015-03-19,17950,17950,17750,17800,1132,-0.0028011204481792618
2015-03-20,17900,17900,17500,17700,1066,-0.005617977528089901
2015-03-23,17700,17750,17550,17700,2104,0.0
2015-03-24,17700,17700,17500,17650,3540,-0.0028248587570621764
2015-03-25,17650,17700,17500,17650,1448,0.0
2015-03-26,17650,17700,17550,17700,1722,0.0028328611898016387
2015-03-27,17750,17900,17550,17600,1711,-0.005649717514124242
2015-03-30,17850,17850,17600,17650,422,0.0028409090909091717
2015-03-31,17550,17800,17550,17700,616,0.0028328611898016387
2015-04-01,17700,17800,17600,17650,1778,-0.0028248587570621764
2015-04-02,17800,17800,17650,17700,1798,0.0028328611898016387
2015-04-03,17700,17900,17700,17900,2697,0.011299435028248483
2015-04-06,17900,18350,17850,18200,6839,0.016759776536312776
2015-04-07,18250,18500,18100,18150,1744,-0.0027472527472527375
2015-04-08,18100,18300,18100,18200,1759,0.0027548209366390353
2015-04-09,18200,18350,18200,18250,2585,0.0027472527472527375
2015-04-10,18250,18400,18250,18250,1685,0.0
2015-04-13,18350,18350,18150,18250,1629,0.0
2015-04-14,18400,18400,18200,18300,1214,0.00273972602739736
2015-04-15,18300,18350,18250,18300,3239,0.0
2015-04-16,18250,18450,17950,18100,10375,-0.010928961748633892
2015-04-17,18100,18200,18100,18100,3924,0.0
2015-04-20,18100,18100,17900,17950,6681,-0.008287292817679592
2015-04-21,18000,18000,17750,17800,15842,-0.00835654596100277
2015-04-22,17800,18000,17700,17800,11194,0.0
2015-04-23,17800,17900,17650,17700,10084,-0.005617977528089901
2015-04-24,17850,17900,17750,17800,4880,0.005649717514124353
2015-04-27,17800,17950,17750,17900,6345,0.00561797752808979
2015-04-28,17900,17950,17800,17950,2860,0.0027932960893854997
2015-04-29,17950,17950,17800,17900,1160,-0.0027855153203342198
2015-04-30,17900,17900,17800,17800,1264,-0.005586592178770999
2015-05-04,17900,17900,17750,17900,2031,0.00561797752808979
2015-05-06,17700,17950,17700,17850,5949,-0.0027932960893854997
2015-05-07,17900,17900,17750,17850,5007,0.0
2015-05-08,17850,17900,17850,17850,1878,0.0
2015-05-11,17850,17900,17800,17800,1635,-0.0028011204481792618
2015-05-12,17900,17900,17800,17800,1844,0.0
2015-05-13,17800,18100,17800,18100,3611,0.016853932584269593
2015-05-14,18200,18250,18050,18200,1295,0.005524861878453136
2015-05-15,18200,18200,18000,18000,1308,-0.01098901098901095
2015-05-18,18100,18100,17950,18000,2211,0.0
2015-05-19,18000,18050,17950,17950,2873,-0.002777777777777768
2015-05-20,17950,18050,17800,17900,5272,-0.0027855153203342198
2015-05-21,17900,17950,17850,17900,246,0.0
2015-05-22,17900,17950,17700,17850,3055,-0.0027932960893854997
2015-05-26,17850,18000,17800,17800,1555,-0.0028011204481792618
2015-05-27,17950,17950,17650,17800,2328,0.0
2015-05-28,17900,17950,17850,17900,980,0.00561797752808979
2015-05-29,17850,17850,17750,17750,7512,-0.008379888268156388
2015-06-01,17750,17900,17700,17850,1334,0.005633802816901401
2015-06-02,17850,17850,17700,17800,1981,-0.0028011204481792618
2015-06-03,17800,17900,17750,17900,1350,0.00561797752808979
2015-06-04,17950,17950,17700,17800,774,-0.005586592178770999
2015-06-05,17800,17800,17700,17750,1261,-0.002808988764044895
2015-06-08,17600,17950,17550,17800,1714,0.0028169014084507005
2015-06-09,17900,17900,17700,17850,2342,0.002808988764045006
2015-06-10,17900,17900,17750,17800,1044,-0.0028011204481792618
2015-06-11,17800,17900,17700,17850,1272,0.002808988764045006
2015-06-12,17850,17850,17700,17700,799,-0.008403361344537785
2015-06-15,17700,17800,17700,17750,729,0.0028248587570620654
2015-06-16,17700,17750,17600,17700,1895,-0.0028169014084507005
2015-06-17,17800,18100,17600,17950,8460,0.01412429378531077
2015-06-18,20100,22200,18200,18750,137417,0.04456824512534818
2015-06-19,19200,19750,18300,18650,23041,-0.005333333333333301
2015-06-22,18600,19350,18550,18750,33772,0.00536193029490617
2015-06-23,18400,18750,18300,18600,28735,-0.008000000000000007
2015-06-24,18600,20300,18600,19550,76537,0.051075268817204256
2015-06-25,19050,19400,18650,18900,22334,-0.03324808184143224
2015-06-26,19000,19150,18500,18800,10958,-0.005291005291005346
2015-06-29,18350,18750,18300,18700,6456,-0.005319148936170248
2015-06-30,18500,19250,18500,19000,13509,0.016042780748663166
2015-07-01,19150,19400,18700,19300,11767,0.015789473684210575
2015-07-02,19000,19700,18950,19300,13301,0.0
2015-07-03,19700,20000,19350,19600,22730,0.015544041450777257
2015-07-06,19900,19900,19000,19050,18836,-0.028061224489795866
2015-07-07,19300,19300,18150,18600,19738,-0.023622047244094446
2015-07-08,18600,18900,18450,18700,5323,0.005376344086021501
2015-07-09,18500,18900,18400,18900,8161,0.010695187165775444
2015-07-10,19250,19350,18700,19050,6382,0.007936507936507908
2015-07-13,19000,19200,18900,19150,9369,0.005249343832020914
2015-07-14,19300,20100,19200,19600,28652,0.023498694516971286
2015-07-15,20200,20700,19600,20100,38838,0.025510204081632626
2015-07-16,20500,20700,19950,20000,17411,-0.00497512437810943
2015-07-17,20300,20300,19200,19650,15135,-0.01749999999999996
2015-07-20,19750,19750,19050,19050,9204,-0.03053435114503822
2015-07-21,19200,19350,19000,19150,8258,0.005249343832020914
2015-07-22,19250,19250,18800,19250,5143,0.005221932114882533
2015-07-23,19250,19250,18850,19250,4515,0.0
2015-07-24,19150,19250,18900,19150,3580,-0.0051948051948051965
2015-07-27,19150,19150,18550,18800,7394,-0.018276762402088753
2015-07-28,18800,18900,18450,18850,4897,0.0026595744680850686
2015-07-29,18750,19000,18650,18700,2795,-0.007957559681697646
2015-07-30,18700,18900,18600,18700,3032,0.0
2015-07-31,18700,18900,18550,18700,4662,0.0
2015-08-03,18700,18900,18550,18750,2203,0.002673796791443861
2015-08-04,18750,19000,18650,18950,2721,0.010666666666666602
2015-08-05,18900,19050,18800,19000,3116,0.0026385224274405594
2015-08-06,19100,19200,18900,19000,3000,0.0
2015-08-07,19000,19100,18650,18800,4148,-0.010526315789473717
2015-08-10,18800,19000,18500,18700,4329,-0.005319148936170248
2015-08-11,18700,18850,18600,18800,2990,0.005347593582887722
2015-08-12,18800,18900,18550,18800,2908,0.0
2015-08-13,18750,18950,18500,18800,3717,0.0
2015-08-17,18650,18800,18300,18650,6937,-0.007978723404255317
2015-08-18,18650,18650,18500,18650,2851,0.0
2015-08-19,18600,18600,18150,18300,7903,-0.018766756032171594
2015-08-20,18350,18350,18150,18300,3150,0.0
2015-08-21,17950,18250,17850,18000,7435,-0.016393442622950838
2015-08-24,18200,18200,17550,17650,6076,-0.019444444444444486
2015-08-25,17650,17900,17600,17900,3388,0.014164305949008416
2015-08-26,18150,18150,17800,18000,2268,0.005586592178770999
2015-08-27,18300,18300,18050,18200,615,0.011111111111111072
2015-08-28,18300,18450,18250,18450,2367,0.013736263736263687
2015-08-31,18500,18600,18400,18500,1750,0.0027100271002709064
2015-09-01,18550,18550,18200,18400,1349,-0.00540540540540535
2015-09-02,18400,18400,18050,18300,1565,-0.005434782608695676
2015-09-03,18550,18600,18000,18250,4393,-0.002732240437158473
2015-09-04,18100,18250,18000,18100,1839,-0.008219178082191747
2015-09-07,18200,18250,18000,18150,498,0.0027624309392264568
2015-09-08,18150,18200,18000,18150,1371,0.0
2015-09-09,18200,18250,18000,18250,4421,0.005509641873278293
2015-09-10,18200,18300,18100,18300,1320,0.00273972602739736
2015-09-11,18300,18350,18050,18150,3953,-0.008196721311475419
2015-09-14,18250,18400,18150,18350,4793,0.011019283746556363
2015-09-15,18400,18400,18200,18400,3166,0.0027247956403269047
2015-09-16,18450,18450,18250,18400,3282,0.0
2015-09-17,18450,18450,18250,18400,1682,0.0
2015-09-18,18450,18450,18350,18450,2529,0.0027173913043478937
2015-09-21,18450,18450,18300,18400,2088,-0.0027100271002710175
2015-09-22,18400,18400,18300,18350,2540,-0.0027173913043477826
2015-09-23,18350,18350,18200,18300,2113,-0.0027247956403270157
2015-09-24,18350,18350,18150,18250,2798,-0.002732240437158473
2015-09-25,18150,18350,18150,18300,1780,0.00273972602739736
2015-09-30,18300,18300,18150,18300,2417,0.0
2015-10-01,18350,18500,18350,18500,3785,0.010928961748633892
2015-10-02,18500,18600,18450,18550,4960,0.002702702702702675
2015-10-05,18550,18650,18500,18650,4304,0.005390835579514919
2015-10-06,18700,18700,18350,18600,3381,-0.002680965147453085
2015-10-07,18850,18850,18350,18550,3112,-0.0026881720430107503
2015-10-08,18550,18550,18400,18550,1508,0.0
2015-10-12,18650,18650,18400,18550,1806,0.0
2015-10-13,18600,18700,18450,18650,4758,0.005390835579514919
2015-10-14,18650,18750,18600,18650,6118,0.0
2015-10-15,18750,18850,18700,18850,4431,0.01072386058981234
2015-10-16,18900,18900,18700,18800,2571,-0.0026525198938992522
2015-10-19,18800,18950,18700,18850,2408,0.0026595744680850686
2015-10-20,18800,18900,18800,18850,3558,0.0
2015-10-21,18700,18850,18650,18800,3822,-0.0026525198938992522
2015-10-22,18750,18850,18700,18750,2401,-0.0026595744680850686
2015-10-23,18750,18850,18700,18850,2638,0.005333333333333412
2015-10-26,18850,18900,18700,18750,1358,-0.0053050397877983935
2015-10-27,18800,18950,18750,18900,6907,0.008000000000000007
2015-10-28,18900,18950,18800,18850,2523,-0.002645502645502673
2015-10-29,18950,19000,18800,18950,2171,0.0053050397877985045
2015-10-30,18900,18950,18750,18900,2873,-0.0026385224274406704
2015-11-02,18900,19000,18700,18900,3300,0.0
2015-11-03,18900,18900,18800,18800,2577,-0.005291005291005346
2015-11-04,18800,18900,18800,18900,993,0.005319148936170137
2015-11-05,18950,18950,18800,18850,898,-0.002645502645502673
2015-11-06,18850,18900,18750,18800,820,-0.0026525198938992522
2015-11-09,18650,18800,18600,18800,2688,0.0
2015-11-10,18750,18800,18600,18750,1356,-0.0026595744680850686
2015-11-11,18600,18750,18500,18700,3902,-0.002666666666666706
2015-11-12,18700,18700,18600,18700,298,0.0
2015-11-13,18600,18700,18500,18700,1600,0.0
2015-11-16,18650,18700,18500,18700,927,0.0
2015-11-17,18700,18900,18700,18900,3461,0.010695187165775444
2015-11-18,18900,18900,18700,18700,1311,-0.010582010582010581
2015-11-19,18700,18900,18700,18800,2008,0.005347593582887722
2015-11-20,18800,18900,18750,18800,539,0.0
2015-11-23,18800,18950,18700,18800,1694,0.0
2015-11-24,18800,18900,18650,18650,7548,-0.007978723404255317
2015-11-25,18650,18800,18550,18700,986,0.002680965147453085
2015-11-26,18700,18750,18650,18750,1587,0.002673796791443861
2015-11-27,18700,18900,18700,18800,3984,0.002666666666666595
2015-11-30,18900,19050,18650,18750,10662,-0.0026595744680850686
2015-12-01,18750,18950,18750,18950,2439,0.010666666666666602
2015-12-02,18950,19050,18750,18950,1056,0.0
2015-12-03,18900,19050,18700,19050,3575,0.005277044854881341
2015-12-04,19000,19100,18800,19000,2668,-0.002624671916010457
2015-12-07,19100,19100,18700,18900,6252,-0.0052631578947368585
2015-12-08,18900,18900,18750,18900,1228,0.0
2015-12-09,18850,18900,18700,18700,4093,-0.010582010582010581
2015-12-10,18800,18850,18600,18800,1955,0.005347593582887722
2015-12-11,18800,18850,18600,18800,1838,0.0
2015-12-14,18700,18800,18650,18800,933,0.0
2015-12-15,18800,18850,18650,18850,884,0.0026595744680850686
2015-12-16,18800,18950,18800,18950,2480,0.0053050397877985045
2015-12-17,18900,19000,18850,18950,1485,0.0
2015-12-18,18850,19000,18850,19000,8064,0.0026385224274405594
2015-12-21,18950,19050,18950,19000,4321,0.0
2015-12-22,19000,19050,18900,18900,1533,-0.0052631578947368585
2015-12-23,18900,19000,18800,19000,3848,0.005291005291005346
2015-12-24,19000,19100,18900,19050,7387,0.002631578947368318
2015-12-28,19050,19100,18950,19100,8665,0.002624671916010568
2015-12-29,18500,18550,18200,18200,5219,-0.04712041884816753
2015-12-30,18250,18350,18100,18300,2505,0.005494505494505475
2016-01-04,18300,18350,18050,18350,2415,0.002732240437158362
2016-01-05,18300,18350,18050,18300,1013,-0.0027247956403270157
2016-01-06,18300,18350,18200,18300,2156,0.0
2016-01-07,18300,19350,18250,18850,24513,0.030054644808743092
2016-01-08,18500,19050,18450,18950,7190,0.0053050397877985045
2016-01-11,18850,18950,17850,18800,5173,-0.0079155672823219
2016-01-12,18800,18850,18500,18650,5016,-0.007978723404255317
2016-01-13,18600,18800,18450,18650,5576,0.0
2016-01-14,18500,18650,18300,18550,2881,-0.00536193029490617
2016-01-15,18500,18750,18450,18600,2873,0.0026954177897573484
2016-01-18,18500,18750,18400,18700,4602,0.005376344086021501
2016-01-19,18650,19150,18550,19050,16375,0.018716577540107027
2016-01-20,19050,19200,18500,19000,12584,-0.002624671916010457
2016-01-21,18900,19050,18500,18900,5750,-0.0052631578947368585
2016-01-22,18800,18800,18600,18650,1197,-0.013227513227513255
2016-01-25,18650,18700,18550,18650,2702,0.0
2016-01-26,18650,18700,18450,18650,4717,0.0
2016-01-27,18650,18850,18400,18700,2503,0.002680965147453085
2016-01-28,18400,18950,18400,18900,4336,0.010695187165775444
2016-01-29,18900,19200,18900,19150,10758,0.013227513227513255
2016-02-01,19150,19700,19150,19600,8660,0.023498694516971286
2016-02-02,19600,19650,19250,19450,4448,-0.007653061224489832
2016-02-03,19250,19500,19200,19500,1486,0.0025706940874035134
2016-02-04,19550,19750,19200,19500,4331,0.0
2016-02-05,19500,19800,19250,19700,2486,0.01025641025641022
2016-02-11,19350,19700,19150,19700,2154,0.0
2016-02-12,19700,19800,19100,19750,9042,0.002538071065989911
2016-02-15,19750,20000,19750,19950,12756,0.010126582278481067
2016-02-16,19950,20250,19900,20000,2230,0.0025062656641603454
2016-02-17,20000,20200,19100,19450,7650,-0.02749999999999997
2016-02-18,19450,19800,19450,19750,2475,0.015424164524421524
2016-02-19,19750,19850,19350,19850,1734,0.005063291139240533
2016-02-22,19600,19850,19300,19800,1116,-0.0025188916876573986
2016-02-23,19750,19850,19500,19850,4656,0.002525252525252597
2016-02-24,19850,19850,19600,19850,9647,0.0
2016-02-25,19850,19950,19650,19900,2878,0.0025188916876575096
2016-02-26,19800,19900,19700,19900,251,0.0
2016-02-29,19900,19900,19650,19650,859,-0.012562814070351758
2016-03-02,19550,19750,19400,19750,1494,0.0050890585241729624
2016-03-03,19750,19750,19500,19700,2524,-0.0025316455696202667
2016-03-04,19700,19700,19300,19450,4219,-0.012690355329949221
2016-03-07,19450,19550,19250,19550,3236,0.005141388174807249
2016-03-08,19700,19700,19400,19600,2458,0.002557544757033181
2016-03-09,19550,19600,19400,19600,1298,0.0
2016-03-10,19550,19600,19450,19550,1552,-0.0025510204081632404
2016-03-11,19400,19600,19400,19550,755,0.0
2016-03-14,19550,19750,19500,19650,2510,0.005115089514066584
2016-03-15,19650,20200,19600,20000,11829,0.01781170483460559
2016-03-16,19950,20100,19750,20000,1902,0.0
2016-03-17,20000,20000,19750,19900,3162,-0.0050000000000000044
2016-03-18,19900,20000,19700,19850,2454,-0.002512562814070307
2016-03-21,19850,19950,19650,19900,1778,0.0025188916876575096
2016-03-22,19900,19900,19700,19800,1320,-0.005025125628140725
2016-03-23,19800,19800,19650,19700,1446,-0.005050505050505083
2016-03-24,19900,19900,19600,19800,322,0.0050761421319796
2016-03-25,19800,19800,19200,19700,2652,-0.005050505050505083
2016-03-28,19700,19750,19550,19750,1373,0.002538071065989911
2016-03-29,19600,19850,19600,19800,2786,0.0025316455696202667
2016-03-30,19600,19800,19500,19650,4067,-0.007575757575757569
2016-03-31,19650,19750,19550,19700,1461,0.0025445292620864812
2016-04-01,19750,19750,19300,19500,2447,-0.010152284263959421
2016-04-04,19500,19650,19450,19550,1699,0.002564102564102555
2016-04-05,19600,19650,19500,19600,907,0.002557544757033181
2016-04-06,19600,19700,19500,19650,1630,0.0025510204081633514
2016-04-07,19500,19650,19400,19650,1221,0.0
2016-04-08,19700,19700,19550,19650,703,0.0
2016-04-11,19650,19700,19350,19650,1231,0.0
2016-04-12,19700,19700,19350,19600,1299,-0.0025445292620864812
2016-04-14,19700,19700,19400,19550,1566,-0.0025510204081632404
2016-04-15,19600,19650,19500,19600,2863,0.002557544757033181
2016-04-18,19600,19600,19300,19600,841,0.0
2016-04-19,19550,19650,19550,19650,1164,0.0025510204081633514
2016-04-20,19650,19750,19400,19600,4032,-0.0025445292620864812
2016-04-21,19500,19650,19350,19600,4731,0.0
2016-04-22,19600,19650,19400,19650,1451,0.0025510204081633514
2016-04-25,19600,19650,19500,19650,470,0.0
2016-04-26,19650,19750,19550,19750,2308,0.0050890585241729624
2016-04-27,19750,19750,19650,19650,1062,-0.005063291139240533
2016-04-28,19650,19700,19600,19700,673,0.0025445292620864812
2016-04-29,19700,19800,19550,19700,950,0.0
2016-05-02,19700,19750,19600,19600,273,-0.005076142131979711
2016-05-03,19600,19750,19350,19750,7035,0.007653061224489832
2016-05-04,19750,19750,19450,19650,608,-0.005063291139240533
2016-05-09,19550,19650,19450,19650,1398,0.0
2016-05-10,19650,19800,19450,19700,3166,0.0025445292620864812
2016-05-11,19700,19700,19500,19650,490,-0.0025380710659898
2016-05-12,19650,19800,19500,19700,1909,0.0025445292620864812
2016-05-13,19500,19750,19500,19550,672,-0.0076142131979695105
2016-05-16,19550,19750,19550,19700,1949,0.007672634271099765
2016-05-17,19700,19700,19400,19600,2633,-0.005076142131979711
2016-05-18,19600,19650,19500,19500,458,-0.005102040816326481
2016-05-19,19650,19650,19350,19450,638,-0.002564102564102555
2016-05-20,19350,19550,19300,19450,1433,0.0
2016-05-23,19450,19500,19400,19500,2075,0.0025706940874035134
2016-05-24,19500,19500,18900,19450,2227,-0.002564102564102555
2016-05-25,19600,19600,19450,19450,549,0.0
2016-05-26,19350,19600,19350,19500,247,0.0025706940874035134
2016-05-27,19500,19600,19400,19450,313,-0.002564102564102555
2016-05-30,19500,19550,19300,19450,514,0.0
2016-05-31,19450,19550,19400,19500,654,0.0025706940874035134
2016-06-01,19500,19500,19400,19400,1445,-0.00512820512820511
2016-06-02,19400,19500,19350,19400,1136,0.0
2016-06-03,19400,19400,19050,19200,2992,-0.010309278350515427
2016-06-07,19400,19400,19100,19300,3115,0.005208333333333259
2016-06-08,19250,19250,19100,19250,2252,-0.002590673575129543
2016-06-09,19250,19300,19100,19250,1634,0.0
2016-06-10,19300,19300,19200,19300,1365,0.0025974025974024872
2016-06-13,19300,19400,19200,19200,1028,-0.005181347150259086
2016-06-14,19200,19400,19200,19200,1276,0.0
2016-06-15,19200,19400,19200,19400,95,0.01041666666666674
2016-06-16,19200,19400,19000,19200,1558,-0.010309278350515427
2016-06-17,19200,19300,19000,19000,2626,-0.01041666666666663
2016-06-20,19350,19350,19000,19200,965,0.010526315789473717
2016-06-21,19200,19200,18950,19150,1859,-0.0026041666666666297
2016-06-22,19150,19150,19000,19100,1237,-0.0026109660574412663
2016-06-23,19150,19200,19050,19100,324,0.0
2016-06-24,19300,19350,18550,18800,2127,-0.015706806282722474
2016-06-27,18500,19000,18500,18850,5754,0.0026595744680850686
2016-06-28,19000,19000,18850,19000,2708,0.007957559681697646
2016-06-29,19000,19100,18950,19050,456,0.002631578947368318
2016-06-30,19100,19150,19050,19100,734,0.002624671916010568
2016-07-01,19100,19200,18950,19200,524,0.005235602094240788
2016-07-04,19350,19400,19050,19050,267,-0.0078125
2016-07-05,19050,19250,19050,19150,667,0.005249343832020914
2016-07-06,19300,19300,19000,19100,869,-0.0026109660574412663
2016-07-07,19150,19150,19050,19100,696,0.0
2016-07-08,19100,19100,18950,19000,2087,-0.005235602094240788
2016-07-11,19000,19100,18900,19100,1993,0.0052631578947368585
2016-07-12,19100,19100,18900,19100,1364,0.0
2016-07-13,19100,19200,19050,19150,801,0.002617801047120505
2016-07-14,19150,19150,19000,19050,812,-0.005221932114882533
2016-07-15,19050,19100,18850,19050,1590,0.0
2016-07-18,19200,19200,19150,19150,91,0.005249343832020914
2016-07-19,19150,19150,19000,19050,1029,-0.005221932114882533
2016-07-20,19100,19100,18900,19050,2287,0.0
2016-07-21,19050,19100,18900,19000,1048,-0.002624671916010457
2016-07-22,19000,19000,18950,19000,1037,0.0
2016-07-25,19000,19050,18900,18900,1440,-0.0052631578947368585
2016-07-26,19050,19050,18950,19000,879,0.005291005291005346
2016-07-27,19000,19050,18900,19000,1174,0.0
2016-07-28,19000,19050,18950,19000,343,0.0
2016-07-29,19100,19100,18850,18950,3324,-0.0026315789473684292
2016-08-01,18950,19050,18850,19000,1095,0.0026385224274405594
2016-08-02,19000,19000,18800,19000,1434,0.0
2016-08-03,19000,19000,18850,18900,3051,-0.0052631578947368585
2016-08-04,18900,19000,18850,19000,5067,0.005291005291005346
2016-08-05,19050,19050,19000,19050,751,0.002631578947368318
2016-08-08,19050,19050,18850,18950,5311,-0.005249343832021025
2016-08-09,19050,19050,18950,19000,313,0.0026385224274405594
2016-08-10,19000,19000,18900,19000,2227,0.0
2016-08-11,19000,19000,18900,18950,4203,-0.0026315789473684292
2016-08-12,19000,19000,18900,18950,1971,0.0
2016-08-16,18950,19000,18850,18900,1600,-0.0026385224274406704
2016-08-17,18900,19000,18750,18850,7695,-0.002645502645502673
2016-08-18,18900,18900,18750,18900,3684,0.0026525198938991412
2016-08-19,18900,18900,18700,18800,2529,-0.005291005291005346
2016-08-22,18900,18900,18550,18600,6809,-0.010638297872340385
2016-08-23,18650,18750,18600,18750,11196,0.008064516129032251
2016-08-24,18800,18800,18600,18750,2430,0.0
2016-08-25,18750,18750,18600,18650,5159,-0.005333333333333301
2016-08-26,18750,18750,18650,18700,1488,0.002680965147453085
2016-08-29,18600,18800,18550,18700,695,0.0
2016-08-30,18750,18750,18650,18700,2126,0.0
2016-08-31,18700,18750,18600,18650,4148,-0.002673796791443861
2016-09-01,18700,18700,18600,18600,3485,-0.002680965147453085
2016-09-02,18600,18650,18550,18600,6883,0.0
2016-09-05,18650,18700,18550,18650,4363,0.0026881720430107503
2016-09-06,18700,18700,18600,18650,2037,0.0
2016-09-07,18700,18700,18550,18600,5765,-0.002680965147453085
2016-09-08,18650,18650,18550,18600,5084,0.0
2016-09-09,18600,18600,18550,18600,1505,0.0
2016-09-12,18600,18600,18550,18600,2989,0.0
2016-09-13,18600,18650,18550,18600,4370,0.0
2016-09-19,18650,18650,18450,18600,6218,0.0
2016-09-20,18650,18650,18550,18550,2869,-0.0026881720430107503
2016-09-21,18600,18650,18550,18600,2845,0.0026954177897573484
2016-09-22,18650,18800,18600,18650,2687,0.0026881720430107503
2016-09-23,18650,18750,18600,18700,2474,0.002680965147453085
2016-09-26,18750,18750,18650,18750,2630,0.002673796791443861
2016-09-27,18750,18800,18600,18750,1973,0.0
2016-09-28,18800,18800,18650,18750,3007,0.0
2016-09-29,18750,18800,18700,18750,1804,0.0
2016-09-30,18750,19000,18700,19000,10753,0.01333333333333342
2016-10-04,18900,18900,18750,18850,2281,-0.007894736842105288
2016-10-05,18850,18850,18750,18800,3012,-0.0026525198938992522
2016-10-06,18900,18950,18750,18850,3176,0.0026595744680850686
2016-10-07,18850,18850,18750,18750,3090,-0.0053050397877983935
2016-10-10,18800,18800,18700,18800,519,0.002666666666666595
2016-10-11,18750,18800,18750,18750,1226,-0.0026595744680850686
2016-10-12,18800,18900,18700,18750,1966,0.0
2016-10-13,18800,18800,18750,18750,2168,0.0
2016-10-14,18850,18850,18700,18700,1835,-0.002666666666666706
2016-10-17,18750,18800,18700,18750,995,0.002673796791443861
2016-10-18,18750,18750,18700,18750,78,0.0
2016-10-19,18800,18800,18700,18700,657,-0.002666666666666706
2016-10-20,18800,18800,18600,18700,1514,0.0
2016-10-21,18750,18750,18650,18700,1010,0.0
2016-10-24,18800,18800,18650,18650,2053,-0.002673796791443861
2016-10-25,18700,18700,18500,18600,4103,-0.002680965147453085
2016-10-26,18500,18550,18400,18450,3910,-0.008064516129032251
2016-10-27,18600,18750,18500,18550,5626,0.005420054200542035
2016-10-28,18650,18800,18600,18700,6879,0.008086253369272267
2016-10-31,18700,18750,18550,18700,1929,0.0
2016-11-01,18700,18700,18350,18600,3388,-0.005347593582887722
2016-11-02,18600,18600,18300,18300,6312,-0.016129032258064502
2016-11-03,18450,18500,18400,18400,994,0.005464480874316946
2016-11-04,18500,18500,18350,18350,812,-0.0027173913043477826
2016-11-07,18500,18550,18450,18500,1076,0.008174386920980936
2016-11-08,18550,18600,18500,18500,1134,0.0
2016-11-09,18550,18550,18250,18250,4700,-0.013513513513513487
2016-11-10,18400,18550,18400,18500,1251,0.013698630136986356
2016-11-11,18500,18550,18300,18400,4006,-0.00540540540540535
2016-11-14,18300,18550,18300,18550,2031,0.008152173913043459
2016-11-15,18550,18650,18550,18550,3552,0.0
2016-11-16,18550,18650,18400,18550,4194,0.0
2016-11-17,18600,18600,18500,18600,528,0.0026954177897573484
2016-11-18,18600,18600,18450,18500,860,-0.005376344086021501
2016-11-21,18600,18600,18400,18500,560,0.0
2016-11-22,18550,18550,18450,18550,585,0.002702702702702675
2016-11-23,18550,18650,18350,18650,3502,0.005390835579514919
2016-11-24,18600,18650,18550,18600,1535,-0.002680965147453085
2016-11-25,18650,18650,18600,18600,3548,0.0
2016-11-28,18700,18700,18600,18600,2672,0.0
2016-11-29,18700,18750,18600,18700,787,0.005376344086021501
2016-11-30,18600,18750,18600,18750,1122,0.002673796791443861
2016-12-01,18800,18900,18600,18850,4125,0.005333333333333412
2016-12-02,18850,18850,18650,18850,417,0.0
2016-12-05,18850,18850,18600,18650,552,-0.010610079575596787
2016-12-06,18750,18800,18400,18750,4239,0.00536193029490617
2016-12-07,18800,18850,18500,18750,4979,0.0
2016-12-08,18750,18850,18500,18800,6880,0.002666666666666595
2016-12-09,18850,18850,18550,18750,3165,-0.0026595744680850686
2016-12-12,18750,18750,18550,18750,3546,0.0
2016-12-13,18750,18750,18600,18700,1089,-0.002666666666666706
2016-12-14,18750,18750,18650,18650,788,-0.002673796791443861
2016-12-15,18700,18900,18650,18800,1957,0.008042895442359255
2016-12-16,18900,18900,18750,18850,3613,0.0026595744680850686
2016-12-19,18900,18950,18850,18950,1425,0.0053050397877985045
2016-12-20,18950,19250,18900,19050,6053,0.005277044854881341
2016-12-21,19050,19050,18700,19000,2943,-0.002624671916010457
2016-12-22,19050,19050,18900,19000,1782,0.0
2016-12-23,19050,19100,18950,19050,1791,0.002631578947368318
2016-12-26,19050,19150,19000,19100,4929,0.002624671916010568
2016-12-27,19100,19150,19000,19050,9299,-0.002617801047120394
2016-12-28,18150,18450,18150,18350,4603,-0.03674540682414695
2016-12-29,18450,18450,18250,18400,3197,0.0027247956403269047
2017-01-02,18400,18450,18000,18100,2988,-0.016304347826086918
2017-01-03,18250,18250,18050,18250,1638,0.008287292817679592
2017-01-04,18200,18300,18150,18250,341,0.0
2017-01-05,18350,18350,18100,18200,2015,-0.002739726027397249
2017-01-06,18350,18350,18200,18300,245,0.005494505494505475
2017-01-09,18300,18350,18200,18300,214,0.0
2017-01-10,18300,18300,18150,18300,84,0.0
2017-01-11,18300,18350,18200,18300,1151,0.0
2017-01-12,18350,18350,18100,18250,630,-0.002732240437158473
2017-01-13,18250,18250,18100,18250,273,0.0
2017-01-16,18250,18300,18100,18200,1512,-0.002739726027397249
2017-01-17,18200,18200,18050,18050,1447,-0.008241758241758212
2017-01-18,18050,18150,18050,18050,1259,0.0
2017-01-19,18050,18150,18050,18100,936,0.0027700831024930483
2017-01-20,18100,18150,18050,18100,809,0.0
2017-01-23,18000,18100,17950,18100,1102,0.0
2017-01-24,18100,18100,17800,18100,1137,0.0
2017-01-25,18100,18100,17900,18000,447,-0.0055248618784530246
2017-01-26,18000,18000,17950,17950,358,-0.002777777777777768
2017-01-31,18100,18100,17900,17900,1533,-0.0027855153203342198
2017-02-01,18000,18000,17900,17950,506,0.0027932960893854997
2017-02-02,18100,18100,17800,17850,1557,-0.005571030640668551
2017-02-03,18000,18000,17850,17850,456,0.0
2017-02-06,18000,18000,17800,17800,1022,-0.0028011204481792618
2017-02-07,17950,17950,17800,17950,543,0.008426966292134797
2017-02-08,18000,18000,17800,17900,1498,-0.0027855153203342198
2017-02-09,18000,18000,17800,17850,1807,-0.0027932960893854997
2017-02-10,17950,17950,17850,17850,450,0.0
2017-02-13,17950,18000,17800,17800,934,-0.0028011204481792618
2017-02-14,17900,17950,17800,17900,591,0.00561797752808979
2017-02-15,18000,18000,17900,17950,844,0.0027932960893854997
2017-02-16,17950,18000,17900,18000,1088,0.0027855153203342198
2017-02-17,18000,18000,17900,18000,460,0.0
2017-02-20,18050,18050,17950,18000,139,0.0
2017-02-21,18100,18100,18000,18050,4228,0.002777777777777768
2017-02-22,18100,18100,18000,18050,549,0.0
2017-02-23,18100,18100,17950,18050,477,0.0
2017-02-24,18100,18150,18000,18150,727,0.005540166204986097
2017-02-27,18150,18150,17950,18150,983,0.0
2017-02-28,18150,18200,18050,18200,1076,0.0027548209366390353
2017-03-02,18200,18200,17900,18100,3674,-0.005494505494505475
2017-03-03,18100,18100,17900,17900,1730,-0.011049723756906049
2017-03-06,17950,18050,17900,18050,479,0.008379888268156499
2017-03-07,17900,18150,17800,18100,4281,0.0027700831024930483
2017-03-08,18100,18100,17950,18050,1176,-0.002762430939226568
2017-03-09,18050,18200,17900,18100,2867,0.0027700831024930483
2017-03-10,18050,18200,18050,18050,3132,-0.002762430939226568
2017-03-13,18150,18150,18000,18150,238,0.005540166204986097
2017-03-14,18150,18150,18000,18150,729,0.0
2017-03-15,18150,18200,18050,18150,5028,0.0
2017-03-16,18200,18200,18050,18150,5007,0.0
2017-03-17,18200,18200,18000,18050,811,-0.0055096418732781816
2017-03-20,18050,18150,18000,18150,1577,0.005540166204986097
2017-03-21,18100,18100,17900,18050,15834,-0.0055096418732781816
2017-03-22,18100,18100,17900,17900,2094,-0.008310249307479256
2017-03-23,18000,18000,17750,17900,9339,0.0
2017-03-24,17950,17950,17850,17950,1932,0.0027932960893854997
2017-03-27,18050,18050,17950,18000,562,0.0027855153203342198
2017-03-28,18000,18050,17850,18050,5370,0.002777777777777768
2017-03-29,18050,18050,17850,18000,9864,-0.0027700831024930483
2017-03-30,18050,18050,17900,17900,199,-0.005555555555555536
2017-03-31,17900,18000,17900,17900,1375,0.0
2017-04-03,17950,18000,17900,17900,1946,0.0
2017-04-04,18000,18000,17850,18000,7961,0.005586592178770999
2017-04-05,18000,18000,17850,18000,3667,0.0
2017-04-06,18000,18000,17850,18000,5312,0.0
2017-04-07,18000,18000,17900,18000,2194,0.0
2017-04-10,17950,17950,17750,17850,5601,-0.008333333333333304
2017-04-11,17950,17950,17650,17800,9383,-0.0028011204481792618
2017-04-12,17850,17850,17700,17800,3382,0.0
2017-04-13,17800,17800,17650,17750,4937,-0.002808988764044895
2017-04-14,17850,17850,17500,17650,14142,-0.005633802816901401
2017-04-17,17700,17700,17500,17600,4083,-0.0028328611898017497
2017-04-18,17700,17700,17500,17550,3074,-0.0028409090909090606
2017-04-19,17600,17700,17500,17700,4207,0.008547008547008517
2017-04-20,17750,17750,17700,17750,1284,0.0028248587570620654
2017-04-21,17800,17850,17700,17800,2003,0.0028169014084507005
2017-04-24,17850,17850,17800,17850,818,0.002808988764045006
2017-04-25,17850,17900,17850,17900,2510,0.0028011204481792618
2017-04-26,17900,18050,17900,18000,3331,0.005586592178770999
2017-04-27,18000,18100,17950,18050,3947,0.002777777777777768
2017-04-28,18050,18050,18000,18050,438,0.0
2017-05-02,18100,18150,18050,18050,714,0.0
2017-05-04,18100,18100,17900,17950,5239,-0.005540166204986097
2017-05-08,18000,18100,17900,18050,6507,0.0055710306406684396
2017-05-10,18050,18100,18050,18100,8336,0.0027700831024930483
2017-05-11,18150,18150,18050,18100,510,0.0
2017-05-12,18000,18150,18000,18100,969,0.0
2017-05-15,18100,18250,18100,18200,3500,0.005524861878453136
2017-05-16,18250,18300,18100,18300,3070,0.005494505494505475
2017-05-17,18350,18400,18250,18400,1973,0.005464480874316946
2017-05-18,18250,18400,18000,18350,9199,-0.0027173913043477826
2017-05-19,18250,18550,18250,18500,12954,0.008174386920980936
2017-05-22,18500,18600,18350,18500,4965,0.0
2017-05-23,18500,18650,18450,18450,2672,-0.002702702702702675
2017-05-24,18550,18650,18500,18600,2122,0.008130081300812941
2017-05-25,18600,18700,18400,18650,5724,0.0026881720430107503
2017-05-26,18700,18800,18500,18750,3116,0.00536193029490617
2017-05-29,18800,18800,18650,18700,1411,-0.002666666666666706
2017-05-30,18800,18800,18550,18650,763,-0.002673796791443861
2017-05-31,18650,18700,18550,18600,1399,-0.002680965147453085
2017-06-01,18750,18750,18450,18600,769,0.0
2017-06-02,18650,18700,18600,18700,1774,0.005376344086021501
2017-06-05,18700,18700,18500,18650,972,-0.002673796791443861
2017-06-07,18600,18650,18450,18550,3017,-0.00536193029490617
2017-06-08,18700,18700,18550,18600,734,0.0026954177897573484
2017-06-09,18600,18650,18450,18650,1509,0.0026881720430107503
2017-06-12,18650,18650,18400,18400,3859,-0.013404825737265424
2017-06-13,18400,18800,18400,18600,6577,0.010869565217391353
2017-06-14,18550,18750,18550,18650,2473,0.0026881720430107503
2017-06-15,18700,18750,18550,18550,956,-0.00536193029490617
2017-06-16,18550,18700,18500,18650,2259,0.005390835579514919
2017-06-19,18650,18800,18450,18750,6258,0.00536193029490617
2017-06-20,18750,18850,18600,18600,7484,-0.008000000000000007
2017-06-21,18750,18750,18500,18500,1119,-0.005376344086021501
2017-06-22,18450,18600,18450,18550,395,0.002702702702702675
2017-06-23,18550,18700,18550,18550,518,0.0
2017-06-26,18550,18650,18500,18650,439,0.005390835579514919
2017-06-27,18650,18750,18650,18700,5125,0.002680965147453085
2017-06-28,18700,18800,18400,18550,7383,-0.008021390374331583
2017-06-29,18550,18900,18550,18900,4450,0.018867924528301883
2017-06-30,18850,18900,18700,18700,4126,-0.010582010582010581
2017-07-03,18550,18700,18550,18550,772,-0.008021390374331583
2017-07-04,18600,18800,18550,18800,419,0.013477088948786964
2017-07-05,18700,18750,18700,18700,12,-0.005319148936170248
2017-07-06,18500,18700,18500,18550,711,-0.008021390374331583
2017-07-07,18550,18550,18500,18550,340,0.0
2017-07-10,18650,18650,18400,18400,807,-0.008086253369272267
2017-07-11,18450,18500,18400,18500,575,0.005434782608695565
2017-07-12,18400,18550,18350,18400,205,-0.00540540540540535
2017-07-13,18650,18900,18450,18800,5027,0.021739130434782705
2017-07-14,18700,18900,18450,18600,1764,-0.010638297872340385
2017-07-17,18750,18750,18500,18500,326,-0.005376344086021501
2017-07-18,18500,18700,18500,18700,125,0.0108108108108107
2017-07-19,18700,18700,18600,18700,1555,0.0
2017-07-20,18700,19100,18600,18600,4428,-0.005347593582887722
2017-07-21,18800,19150,18700,19000,2902,0.021505376344086002
2017-07-24,19000,19100,18650,19000,1321,0.0
2017-07-25,18800,19200,18750,19150,4334,0.007894736842105177
2017-07-26,19200,19300,18900,19250,3859,0.005221932114882533
2017-07-27,19150,19400,18850,19350,4218,0.0051948051948051965
2017-07-28,19300,19350,19050,19100,4112,-0.012919896640826822
2017-07-31,18950,19250,18850,19250,4527,0.007853403141361293
2017-08-01,19150,19400,19150,19250,1105,0.0
2017-08-02,19000,19350,18950,19200,5676,-0.0025974025974025983
2017-08-03,19100,19150,18850,18850,2508,-0.01822916666666663
2017-08-04,18900,19100,18900,19050,231,0.010610079575596787
2017-08-07,19050,19100,19050,19050,158,0.0
2017-08-08,19100,19250,18900,18900,3001,-0.007874015748031482
2017-08-09,19200,19200,18900,19050,407,0.007936507936507908
2017-08-10,19050,19350,18600,19150,11736,0.005249343832020914
2017-08-11,19000,19150,18900,19000,1980,-0.007832898172323799
2017-08-14,18750,19150,18750,19100,504,0.0052631578947368585
2017-08-16,19200,19800,19200,19250,7408,0.007853403141361293
2017-08-17,19250,19400,19150,19400,2255,0.007792207792207684
2017-08-18,19350,19500,19100,19500,2226,0.005154639175257714
2017-08-21,19500,19550,19250,19400,375,-0.00512820512820511
2017-08-22,19400,19400,19300,19400,949,0.0
2017-08-23,19450,19450,19200,19400,718,0.0
2017-08-24,19400,19450,19200,19450,919,0.002577319587628857
2017-08-25,19450,19650,19200,19650,2289,0.010282776349614497
2017-08-28,19600,19650,19250,19650,1618,0.0
2017-08-29,19550,19650,19400,19650,2105,0.0
2017-08-30,19650,19650,19350,19650,2512,0.0
2017-08-31,19650,19650,19400,19600,7232,-0.0025445292620864812
2017-09-01,19550,19550,19200,19500,3027,-0.005102040816326481
2017-09-04,19000,19650,18900,19550,10962,0.002564102564102555
2017-09-05,19550,19550,19200,19200,497,-0.01790281329923271
2017-09-06,19100,19450,19050,19250,392,0.0026041666666667407
2017-09-07,19250,19650,19250,19600,4406,0.018181818181818077
2017-09-08,19450,19500,19300,19300,279,-0.015306122448979553
2017-09-11,19500,19500,19200,19350,239,0.002590673575129543
2017-09-12,19200,19500,19150,19200,528,-0.007751937984496138
2017-09-13,19150,19400,19100,19200,999,0.0
2017-09-14,19350,19350,19150,19250,264,0.0026041666666667407
2017-09-15,19450,19450,19050,19100,172,-0.007792207792207795
2017-09-18,19100,19300,18950,19250,658,0.007853403141361293
2017-09-19,19250,19300,19150,19200,1279,-0.0025974025974025983
2017-09-20,19100,19200,19000,19150,1677,-0.0026041666666666297
2017-09-21,18650,19100,18650,19050,1495,-0.005221932114882533
2017-09-22,19450,19450,18800,19050,3184,0.0
2017-09-25,19000,19000,18800,19000,1595,-0.002624671916010457
2017-09-26,19000,19000,18800,18900,588,-0.0052631578947368585
2017-09-27,18950,19050,18700,18900,869,0.0
2017-09-28,19000,19050,18750,19000,377,0.005291005291005346
2017-09-29,19000,19300,19000,19250,1801,0.013157894736842035
2017-10-10,19200,19300,19150,19300,774,0.0025974025974024872
2017-10-11,19300,19500,19300,19450,2651,0.007772020725388629
2017-10-12,19450,19550,18850,19500,5781,0.0025706940874035134
2017-10-13,19500,19500,19200,19500,1553,0.0
2017-10-16,19450,19550,18800,19500,13301,0.0
2017-10-17,19500,19500,19350,19350,400,-0.007692307692307665
2017-10-18,19350,19500,18950,19250,692,-0.0051679586563307955
2017-10-19,19200,19250,19100,19100,831,-0.007792207792207795
2017-10-20,19100,19400,19100,19300,1122,0.010471204188481575
2017-10-23,19300,19300,19050,19300,624,0.0
2017-10-24,19100,19300,19100,19200,80,-0.005181347150259086
2017-10-25,19200,19200,19050,19200,466,0.0
2017-10-26,19200,19300,19100,19300,559,0.005208333333333259
2017-10-27,19300,19400,19050,19100,1105,-0.010362694300518172
2017-10-30,19100,19250,19100,19250,475,0.007853403141361293
2017-10-31,19050,19250,19050,19200,700,-0.0025974025974025983
2017-11-01,19100,19200,19000,19150,4821,-0.0026041666666666297
2017-11-02,19150,19150,19000,19050,448,-0.005221932114882533
2017-11-03,19050,19100,18850,18950,1341,-0.005249343832021025
2017-11-06,18950,19050,18800,18950,2323,0.0
2017-11-07,19000,19200,18700,18800,15739,-0.0079155672823219
2017-11-08,18800,19000,18700,18750,9313,-0.0026595744680850686
2017-11-09,18700,18950,18700,18750,397,0.0
2017-11-10,18750,18800,18500,18750,4307,0.0
2017-11-13,18750,18750,18550,18650,1453,-0.005333333333333301
2017-11-14,18800,18800,18600,18650,877,0.0
2017-11-15,18650,18750,18650,18650,965,0.0
2017-11-16,18800,18800,18150,18400,18188,-0.013404825737265424
2017-11-17,18550,18600,18400,18400,2747,0.0
2017-11-20,18550,18600,18300,18450,8142,0.0027173913043478937
2017-11-21,18500,18600,18450,18600,896,0.008130081300812941
2017-11-22,18600,18600,18450,18550,1572,-0.0026881720430107503
2017-11-23,18600,18600,18450,18550,169,0.0
2017-11-24,18600,18600,18400,18600,1287,0.0026954177897573484
2017-11-27,18600,18650,18500,18550,1105,-0.0026881720430107503
2017-11-28,18650,18650,18500,18600,1176,0.0026954177897573484
2017-11-29,18600,18650,18400,18450,2085,-0.008064516129032251
2017-11-30,18650,18650,18300,18550,537,0.005420054200542035
2017-12-01,18500,18550,18400,18500,999,-0.0026954177897574594
2017-12-04,18550,18600,18450,18550,520,0.002702702702702675
2017-12-05,18600,18650,18550,18600,356,0.0026954177897573484
2017-12-06,18600,18900,18550,18650,527,0.0026881720430107503
2017-12-07,18700,18700,18500,18650,971,0.0
2017-12-08,18700,18700,18500,18600,171,-0.002680965147453085
2017-12-11,18550,18750,18500,18600,238,0.0
2017-12-12,18800,18800,18550,18700,1362,0.005376344086021501
2017-12-13,18750,18750,18600,18650,798,-0.002673796791443861
2017-12-14,18700,18850,18650,18800,1210,0.008042895442359255
2017-12-15,18850,18850,18700,18700,891,-0.005319148936170248
2017-12-18,18800,18800,18700,18750,965,0.002673796791443861
2017-12-19,18750,18750,18650,18750,748,0.0
2017-12-20,18650,18750,18650,18700,1808,-0.002666666666666706
2017-12-21,18700,18750,18650,18750,2437,0.002673796791443861
2017-12-22,18700,18800,18700,18750,2053,0.0
2017-12-26,18750,18850,18650,18850,6387,0.005333333333333412
2017-12-27,18450,18450,18100,18300,2917,-0.02917771883289122
2017-12-28,18300,18350,18250,18300,310,0.0
2018-01-02,18350,18500,18000,18250,378,-0.002732240437158473
2018-01-03,18350,18350,18250,18350,1315,0.005479452054794498
2018-01-04,18250,18250,18100,18200,341,-0.008174386920980936
2018-01-05,18250,18300,18100,18300,358,0.005494505494505475
2018-01-08,18300,18300,18050,18200,573,-0.005464480874316946
2018-01-09,18250,18250,18100,18250,592,0.0027472527472527375
2018-01-10,18100,18200,18100,18150,207,-0.005479452054794498
2018-01-11,18250,18250,18000,18150,965,0.0
2018-01-12,18250,18250,17950,18050,2351,-0.0055096418732781816
2018-01-15,18050,18050,17850,17950,3380,-0.005540166204986097
2018-01-16,18050,18050,17900,18050,966,0.0055710306406684396
2018-01-17,18100,18100,17950,18000,641,-0.0027700831024930483
2018-01-18,18050,18050,17900,18050,606,0.002777777777777768
2018-01-19,18050,18050,17900,17950,1139,-0.005540166204986097
2018-01-22,18000,18050,17900,18050,1479,0.0055710306406684396
2018-01-23,18150,18150,18050,18150,279,0.005540166204986097
2018-01-24,18200,18250,18100,18100,2548,-0.0027548209366391463
2018-01-25,18200,18250,18000,18150,1323,0.0027624309392264568
2018-01-26,18200,18200,17950,18050,1097,-0.0055096418732781816
2018-01-29,18100,18200,18050,18100,857,0.0027700831024930483
2018-01-30,18250,18250,18100,18100,639,0.0
2018-01-31,18200,18200,18050,18150,1199,0.0027624309392264568
2018-02-01,18250,18250,18100,18200,648,0.0027548209366390353
2018-02-02,18200,18200,18100,18200,550,0.0
2018-02-05,18200,18200,18050,18200,1821,0.0
2018-02-06,18000,18050,17800,18000,2245,-0.01098901098901095
2018-02-07,18000,18150,17900,17900,485,-0.005555555555555536
2018-02-08,18050,18050,17700,18000,1311,0.005586592178770999
2018-02-09,18000,18000,17800,17850,700,-0.008333333333333304
2018-02-12,17950,17950,17200,17600,12660,-0.014005602240896309
2018-02-13,17400,17600,17300,17550,5234,-0.0028409090909090606
2018-02-14,17300,17500,16850,17350,20781,-0.01139601139601143
2018-02-19,17350,17350,17050,17350,4571,0.0
2018-02-20,17400,17400,17300,17400,377,0.0028818443804035088
2018-02-21,17400,17400,17300,17400,275,0.0
2018-02-22,17400,17400,17300,17350,318,-0.002873563218390829
2018-02-23,17350,17350,16700,17250,31944,-0.0057636887608069065
2018-02-26,17250,17350,17100,17150,1640,-0.005797101449275366
2018-02-27,17300,17300,17050,17150,3569,0.0
2018-02-28,17250,17250,17000,17150,1184,0.0
2018-03-02,17100,17200,16850,17100,901,-0.002915451895043719
2018-03-05,17200,17200,17000,17100,557,0.0
2018-03-06,17150,17150,17050,17100,399,0.0
2018-03-07,17150,17150,16950,17150,603,0.0029239766081872176
2018-03-08,17150,17150,17100,17100,95,-0.002915451895043719
2018-03-09,17100,17200,17050,17150,2405,0.0029239766081872176
2018-03-12,17150,17200,17050,17150,1394,0.0
2018-03-13,17150,17150,17050,17150,876,0.0
2018-03-14,17150,17200,17100,17200,118,0.00291545189504383
2018-03-15,17150,17300,17150,17250,810,0.0029069767441860517
2018-03-16,17350,17400,17300,17350,1573,0.005797101449275255
2018-03-19,17500,17500,17300,17350,263,0.0
2018-03-20,17350,17400,17300,17400,1044,0.0028818443804035088
2018-03-21,17400,17450,17350,17450,115,0.002873563218390718
2018-03-22,17300,17500,17300,17500,1374,0.002865329512893977
2018-03-23,17450,17450,17200,17300,747,-0.011428571428571455
2018-03-26,17300,17550,17100,17400,2444,0.005780346820809301
2018-03-27,17550,17550,17350,17500,389,0.005747126436781658
2018-03-28,17500,17550,17300,17500,736,0.0
2018-03-29,17550,17550,17350,17500,1277,0.0
2018-03-30,17600,17600,17300,17600,723,0.005714285714285783
2018-04-02,17650,17650,17300,17600,1946,0.0
2018-04-03,17650,17700,17500,17650,740,0.0028409090909091717
2018-04-04,17650,17650,17400,17450,402,-0.011331444759206777
2018-04-05,17550,17550,17450,17450,40,0.0
2018-04-06,17600,17600,17250,17300,322,-0.008595988538681931
2018-04-09,17200,17450,17200,17250,839,-0.0028901734104046506
2018-04-10,17300,17300,17000,17300,382,0.0028985507246377384
2018-04-11,17450,17500,17200,17250,549,-0.0028901734104046506
2018-04-12,17400,17400,17200,17250,366,0.0
2018-04-13,17250,17250,17200,17250,371,0.0
2018-04-16,17300,17300,17000,17050,784,-0.011594202898550732
2018-04-17,17200,17200,17100,17100,68,0.0029325513196480912
2018-04-18,17250,17250,17150,17150,986,0.0029239766081872176
2018-04-19,17250,17250,17100,17150,104,0.0
2018-04-20,17150,17150,16800,17100,10380,-0.002915451895043719
2018-04-23,17450,17450,17150,17250,980,0.00877192982456143
2018-04-24,17250,17300,17000,17250,8916,0.0
2018-04-25,17150,17250,16950,17050,3529,-0.011594202898550732
2018-04-26,17100,17150,16950,17100,3074,0.0029325513196480912
2018-04-27,17150,17150,17000,17150,644,0.0029239766081872176
2018-04-30,17150,17800,17050,17650,1547,0.029154518950437414
2018-05-02,17250,17550,17150,17250,593,-0.022662889518413554
2018-05-03,17500,17500,17200,17300,435,0.0028985507246377384
2018-05-04,17300,17300,17150,17300,2903,0.0
2018-05-08,17300,17300,17150,17300,483,0.0
2018-05-09,17250,17400,17200,17400,2327,0.005780346820809301
2018-05-10,17400,17400,17250,17350,175,-0.002873563218390829
2018-05-11,17450,17450,17250,17350,97,0.0
2018-05-14,17300,17450,17250,17450,1621,0.0057636887608070175
2018-05-15,17400,17400,17200,17400,1234,-0.002865329512893977
2018-05-16,17400,17400,16700,16950,15729,-0.025862068965517238
2018-05-17,17100,17150,16850,17050,2129,0.005899705014749346
2018-05-18,17100,17250,17050,17250,1364,0.011730205278592365
2018-05-21,17300,18450,17100,17650,16343,0.023188405797101463
2018-05-23,17850,18700,17550,17850,14015,0.011331444759206777
2018-05-24,17900,17900,17050,17700,12425,-0.008403361344537785
2018-05-25,17200,17600,17000,17550,5139,-0.008474576271186418
2018-05-28,17200,17550,17000,17550,7923,0.0
2018-05-29,17550,17650,17250,17650,2156,0.005698005698005604
2018-05-30,17500,17650,17250,17250,4455,-0.022662889518413554
2018-05-31,17100,18000,17100,17800,3132,0.03188405797101446
2018-06-01,17700,17700,17400,17700,1312,-0.005617977528089901
2018-06-04,17700,18100,17350,17800,2222,0.005649717514124353
2018-06-05,17800,17800,17400,17800,1286,0.0
2018-06-07,17750,17800,17300,17650,9178,-0.008426966292134797
2018-06-08,17600,17600,17350,17500,520,-0.008498583569405138
2018-06-11,17450,17450,17300,17400,538,-0.005714285714285672
2018-06-12,17400,17700,17250,17700,1669,0.01724137931034475
2018-06-14,17600,17700,17300,17450,1859,-0.01412429378531077
2018-06-15,17550,17600,17450,17600,1792,0.008595988538681931
2018-06-18,17350,17600,17300,17400,1291,-0.011363636363636354
2018-06-19,17400,17400,17000,17000,3748,-0.02298850574712641
2018-06-20,17150,17150,17000,17100,774,0.00588235294117645
2018-06-21,17100,17100,16900,17000,1552,-0.005847953216374324
2018-06-22,16950,17350,16700,17250,6760,0.014705882352941124
2018-06-25,17250,17250,16700,16950,12590,-0.017391304347826098
2018-06-26,16900,16900,16650,16900,3662,-0.002949852507374673
2018-06-27,16850,17050,16600,17050,4554,0.008875739644970349
2018-06-28,17000,17050,16850,17000,2842,-0.0029325513196480912
2018-06-29,17000,17000,16750,17000,3850,0.0
2018-07-02,16900,16900,16550,16750,2781,-0.014705882352941124
2018-07-03,16700,16850,16500,16800,3707,0.0029850746268655914
2018-07-04,16750,16750,16500,16700,941,-0.005952380952380931
2018-07-05,16650,16700,16550,16700,289,0.0
2018-07-06,16700,16950,16500,16900,435,0.011976047904191711
2018-07-09,16900,16900,16350,16700,3295,-0.011834319526627168
2018-07-10,16700,16850,15100,15350,110554,-0.08083832335329344
2018-07-11,15400,15650,15150,15600,18642,0.016286644951140072
2018-07-12,15550,15600,15350,15600,4880,0.0
2018-07-13,15600,15650,15450,15600,5503,0.0
2018-07-16,15600,15600,15400,15550,4826,-0.0032051282051281937
2018-07-17,15550,15550,15350,15500,2308,-0.003215434083601254
2018-07-18,15500,15500,15300,15500,6833,0.0
2018-07-19,15400,15450,15250,15450,2158,-0.003225806451612856
2018-07-20,15500,15500,15150,15400,7109,-0.003236245954692518
2018-07-23,15350,15400,14850,14950,14905,-0.02922077922077926
2018-07-24,14900,15100,14900,14950,1340,0.0
2018-07-25,15000,15100,14850,14900,2416,-0.0033444816053511683
2018-07-26,15000,15000,14850,14850,1610,-0.003355704697986628
2018-07-27,14850,15000,14850,14900,3428,0.0033670033670034627
2018-07-30,15000,15000,14900,14900,1205,0.0
2018-07-31,15000,15050,14800,14900,4410,0.0
2018-08-01,15050,15200,14850,14900,2572,0.0
2018-08-02,15000,15050,14900,14900,1109,0.0
2018-08-03,14950,15000,14850,14900,2137,0.0
2018-08-06,15000,15050,14950,14950,1012,0.003355704697986628
2018-08-07,15000,15000,14900,14950,1473,0.0
2018-08-08,15000,15000,14850,14850,5113,-0.006688963210702337
2018-08-09,14950,14950,14800,14850,2590,0.0
2018-08-10,14900,15000,14900,14900,1069,0.0033670033670034627
2018-08-13,14900,15000,14800,14850,2574,-0.003355704697986628
2018-08-14,14900,15000,14850,14900,1869,0.0033670033670034627
2018-08-16,14850,14900,14400,14550,10648,-0.023489932885906062
2018-08-17,14650,14750,14550,14650,736,0.0068728522336769515
2018-08-20,14750,14750,14600,14600,518,-0.0034129692832765013
2018-08-21,14600,14900,14600,14800,893,0.013698630136986356
2018-08-22,14700,14800,14700,14750,13981,-0.0033783783783783994
2018-08-23,14850,14850,14700,14750,663,0.0
2018-08-24,14700,14750,14700,14700,1050,-0.003389830508474523
2018-08-27,14650,14800,14650,14750,791,0.00340136054421758
2018-08-28,14800,15100,14800,14800,854,0.003389830508474523
2018-08-29,14950,14950,14800,14850,570,0.0033783783783782884
2018-08-30,15000,15000,14800,14800,492,-0.0033670033670033517
2018-08-31,14950,14950,14850,14900,639,0.006756756756756799
2018-09-03,15000,15000,14900,14900,127,0.0
2018-09-04,15000,15000,14800,14850,848,-0.003355704697986628
2018-09-05,14950,14950,14650,14700,1831,-0.010101010101010055
2018-09-06,14800,14800,14600,14650,524,-0.003401360544217691
2018-09-07,14650,14700,14550,14600,824,-0.0034129692832765013
2018-09-10,14750,14750,14550,14650,636,0.003424657534246478
2018-09-11,14700,14750,14550,14650,638,0.0
2018-09-12,14700,14750,14600,14600,693,-0.0034129692832765013
2018-09-13,14700,14750,14650,14700,437,0.006849315068493178
2018-09-14,14750,14900,14750,14900,1082,0.013605442176870763
2018-09-17,14900,14900,14750,14900,324,0.0
2018-09-18,14900,14950,14850,14900,245,0.0
2018-09-19,15000,15000,14700,14700,1530,-0.01342281879194629
2018-09-20,14900,14900,14700,14800,581,0.006802721088435382
2018-09-21,15000,15000,14700,14700,881,-0.006756756756756799
2018-09-27,14850,14850,14650,14650,585,-0.003401360544217691
2018-09-28,14700,14800,14600,14700,3887,0.0034129692832765013
2018-10-01,14800,14950,14700,14750,2409,0.00340136054421758
2018-10-02,14850,14950,14800,14850,1041,0.006779661016949046
2018-10-04,14900,14900,14650,14700,1371,-0.010101010101010055
2018-10-05,14850,14850,14700,14700,311,0.0
2018-10-08,14850,14850,14650,14650,841,-0.003401360544217691
2018-10-10,14650,14800,14550,14650,1008,0.0
2018-10-11,14450,14650,14000,14250,3897,-0.027303754266211566
2018-10-12,14100,14250,14100,14200,2527,-0.0035087719298245723
2018-10-15,14200,14200,14100,14150,971,-0.0035211267605633756
2018-10-16,14100,14200,14100,14150,680,0.0
2018-10-17,14150,14300,14050,14050,9337,-0.007067137809187329
2018-10-18,14150,14200,14100,14100,282,0.003558718861210064
2018-10-19,14100,14150,14000,14050,1708,-0.0035460992907800915
2018-10-22,14050,14150,14000,14050,620,0.0
2018-10-23,14250,14250,14000,14050,822,0.0
2018-10-24,14150,14150,14050,14100,350,0.003558718861210064
2018-10-25,14100,14250,13950,14050,2784,-0.0035460992907800915
2018-10-26,14200,14200,13850,13850,1328,-0.014234875444839812
2018-10-29,13900,13900,13550,13800,3774,-0.0036101083032491488
2018-10-30,13800,15100,13800,13950,3095,0.010869565217391353
2018-10-31,13800,14100,13800,14100,639,0.010752688172043001
2018-11-01,14150,14150,14100,14150,285,0.0035460992907800915
2018-11-02,14150,14300,14100,14150,561,0.0
2018-11-05,14250,14300,14200,14250,1898,0.007067137809187329
2018-11-06,14400,14400,14250,14250,104,0.0
2018-11-07,14350,14450,14150,14400,461,0.010526315789473717
2018-11-08,14350,14500,14350,14500,1587,0.00694444444444442
2018-11-09,14550,14550,14250,14400,1416,-0.006896551724137945
2018-11-12,14550,14550,14250,14350,1122,-0.00347222222222221
2018-11-13,14550,14550,14150,14300,1215,-0.0034843205574912606
2018-11-14,14550,14550,14150,14400,1054,0.006993006993007089
2018-11-15,14250,14700,14250,14450,1994,0.003472222222222321
2018-11-16,14400,14850,14350,14750,2874,0.02076124567474058
2018-11-19,14750,14950,14550,14700,1951,-0.003389830508474523
2018-11-20,14600,14800,14550,14700,1613,0.0
2018-11-21,14550,14750,14550,14750,808,0.00340136054421758
2018-11-22,14850,14900,14600,14800,1650,0.003389830508474523
2018-11-23,14800,14850,14550,14800,1519,0.0
2018-11-26,14850,14900,14750,14850,507,0.0033783783783782884
2018-11-27,14850,14900,14650,14750,1381,-0.006734006734006703
2018-11-28,14750,14900,14700,14850,442,0.006779661016949046
2018-11-29,14950,14950,14700,14900,1170,0.0033670033670034627
2018-11-30,14900,14950,14700,14850,934,-0.003355704697986628
2018-12-03,14950,14950,14650,14800,1965,-0.0033670033670033517
2018-12-04,14700,14850,14650,14750,1888,-0.0033783783783783994
2018-12-05,14750,15000,14700,14950,2213,0.013559322033898313
2018-12-06,15000,15000,14650,14850,479,-0.006688963210702337
2018-12-07,14700,15000,14700,14750,2713,-0.006734006734006703
2018-12-10,14750,14950,14700,14700,1375,-0.003389830508474523
2018-12-11,14750,14950,14750,14900,2443,0.013605442176870763
2018-12-12,15000,15000,14750,14950,295,0.003355704697986628
2018-12-13,15000,15000,14850,14950,266,0.0
2018-12-14,14950,15050,14800,14950,1261,0.0
2018-12-17,14850,15000,14850,14900,1017,-0.0033444816053511683
2018-12-18,14900,15050,14800,15000,344,0.006711409395973256
2018-12-19,15000,15000,14700,14850,6282,-0.010000000000000009
2018-12-20,14850,14850,14600,14850,3483,0.0
2018-12-21,14800,14800,14650,14800,1807,-0.0033670033670033517
2018-12-24,14650,14950,14650,14700,1292,-0.006756756756756799
2018-12-26,14700,14850,14600,14850,3691,0.010204081632652962
2018-12-27,14500,14500,14200,14200,1952,-0.043771043771043794
2018-12-28,14500,14500,14000,14500,2724,0.021126760563380254
2019-01-02,14500,14500,14250,14500,63,0.0
2019-01-03,14350,14500,14100,14300,353,-0.01379310344827589
2019-01-04,14150,14300,14150,14300,329,0.0
2019-01-07,14300,14300,14200,14300,168,0.0
2019-01-08,14350,14350,14200,14300,53,0.0
2019-01-09,14300,14400,14150,14350,170,0.0034965034965035446
2019-01-10,14350,14400,14250,14300,62,-0.0034843205574912606
2019-01-11,14300,14300,14100,14200,389,-0.006993006993006978
2019-01-14,14000,14200,14000,14100,216,-0.007042253521126751
2019-01-15,14100,14250,14000,14150,868,0.0035460992907800915
2019-01-16,14250,14250,14000,14150,376,0.0
2019-01-17,14150,14200,14100,14150,267,0.0
2019-01-18,14150,14300,14150,14300,148,0.010600706713780994
2019-01-21,14300,14300,14250,14250,84,-0.0034965034965035446
2019-01-22,14250,14250,14150,14250,66,0.0
2019-01-23,14150,14300,14150,14200,77,-0.0035087719298245723
2019-01-24,14200,14250,14200,14250,915,0.0035211267605634866
2019-01-25,14200,14500,14150,14500,902,0.01754385964912286
2019-01-28,14200,14450,14200,14350,571,-0.010344827586206917
2019-01-29,14300,14500,14300,14500,1542,0.010452961672473782
2019-01-30,14500,14500,14400,14450,1120,-0.0034482758620689724
2019-01-31,14500,14550,14500,14550,86,0.006920415224913601
2019-02-01,14550,14550,14300,14500,380,-0.0034364261168384758
2019-02-07,14500,14650,14500,14600,195,0.006896551724137945
2019-02-08,14700,14700,14600,14650,67,0.003424657534246478
2019-02-11,14650,14700,14600,14650,295,0.0
2019-02-12,14650,14650,14550,14550,200,-0.0068259385665528916
2019-02-13,14550,14700,14550,14600,243,0.0034364261168384758
2019-02-14,14600,14650,14550,14650,75,0.003424657534246478
2019-02-15,14750,14750,14550,14650,36,0.0
2019-02-18,14650,14700,14550,14700,482,0.0034129692832765013
2019-02-19,14700,14700,14600,14650,373,-0.003401360544217691
2019-02-20,14650,14700,14650,14700,514,0.0034129692832765013
2019-02-21,14700,14700,14650,14650,322,-0.003401360544217691
2019-02-22,14650,14650,14600,14650,368,0.0
2019-02-25,14900,14900,14650,14700,469,0.0034129692832765013
2019-02-26,14700,14750,14700,14750,1432,0.00340136054421758
2019-02-27,14750,14850,14750,14850,648,0.006779661016949046
2019-02-28,14850,14850,14600,14600,1242,-0.01683501683501687
2019-03-04,14900,14900,14750,14750,1414,0.010273972602739656
2019-03-05,14750,14750,14700,14700,1203,-0.003389830508474523
2019-03-06,14700,14750,14600,14650,1350,-0.003401360544217691
2019-03-07,14700,14800,14650,14800,1376,0.010238907849829282
2019-03-08,14950,14950,14700,14700,176,-0.006756756756756799
2019-03-11,14700,14700,14600,14700,1002,0.0
2019-03-12,14700,14800,14700,14700,911,0.0
2019-03-13,14850,14900,14750,14850,1565,0.010204081632652962
2019-03-14,14850,14900,14850,14900,1946,0.0033670033670034627
2019-03-15,14850,14950,14850,14950,2128,0.003355704697986628
2019-03-18,14950,14950,14850,14950,1257,0.0
2019-03-19,14950,15000,14850,15000,586,0.0033444816053511683
2019-03-20,14950,14950,14900,14950,724,-0.0033333333333332993
2019-03-21,14950,14950,14800,14850,1536,-0.006688963210702337
2019-03-22,14900,14950,14850,14950,1779,0.006734006734006703
2019-03-25,14900,14900,14700,14900,1242,-0.0033444816053511683
2019-03-26,14900,15000,14850,15000,733,0.006711409395973256
2019-03-27,15000,15000,14950,15000,421,0.0
2019-03-28,14950,14950,14900,14950,786,-0.0033333333333332993
2019-03-29,14950,15050,14950,15000,253,0.0033444816053511683
2019-04-01,15050,15050,14900,15000,533,0.0
2019-04-02,14950,15000,14900,14950,391,-0.0033333333333332993
2019-04-03,14950,15000,14900,14950,756,0.0
2019-04-04,15000,15000,14950,15000,307,0.0033444816053511683
2019-04-05,15000,15000,14950,15000,296,0.0
2019-04-08,15000,15000,14850,14950,1511,-0.0033333333333332993
2019-04-09,14950,15000,14950,14950,625,0.0
2019-04-10,14950,15000,14900,15000,1075,0.0033444816053511683
2019-04-11,15000,15050,15000,15000,252,0.0
2019-04-12,15050,15050,14900,15050,948,0.0033333333333334103
2019-04-15,15050,15200,15050,15200,1552,0.009966777408637828
2019-04-16,15250,15300,15150,15200,475,0.0
2019-04-17,15300,15400,15200,15350,2622,0.009868421052631637
2019-04-18,15400,15400,15200,15200,1681,-0.009771986970684043
2019-04-19,15350,15450,15350,15450,2200,0.016447368421052655
2019-04-22,15600,15700,15500,15700,4426,0.016181229773462702
2019-04-23,15700,15700,15650,15700,1145,0.0
2019-04-24,15500,18700,15500,16750,85762,0.06687898089171984
2019-04-25,16300,16300,15700,16000,23417,-0.04477611940298509
2019-04-26,16200,16500,16000,16300,13017,0.018750000000000044
2019-04-29,16300,16550,16200,16550,7220,0.015337423312883347
2019-04-30,16300,16300,16000,16300,7597,-0.015105740181268867
2019-05-02,16500,16500,16000,16200,4305,-0.006134969325153339
2019-05-03,16200,16350,16100,16300,2247,0.006172839506172867
2019-05-07,16300,16300,16150,16250,1356,-0.0030674846625766694
2019-05-08,16400,16400,16000,16150,2984,-0.006153846153846176
2019-05-09,16050,16050,15900,15950,3443,-0.012383900928792602
2019-05-10,15900,16250,15900,16250,1884,0.018808777429467183
2019-05-13,16250,16350,16000,16250,3790,0.0
2019-05-14,16050,16250,16000,16200,1115,-0.003076923076923088
2019-05-15,16350,16400,16150,16400,9650,0.012345679012345734
2019-05-16,16400,16400,16150,16150,2529,-0.015243902439024404
2019-05-17,16150,16200,16100,16200,1315,0.003095975232198178
2019-05-20,16200,16400,16200,16250,967,0.0030864197530864335
2019-05-21,16250,16250,16100,16200,972,-0.003076923076923088
2019-05-22,16100,16150,16050,16150,1288,-0.0030864197530864335
2019-05-23,16150,16250,16050,16150,423,0.0
2019-05-24,16000,16150,16000,16100,1441,-0.003095975232198178
2019-05-27,16000,16150,15950,16000,964,-0.006211180124223614
2019-05-28,16050,16050,16000,16050,419,0.0031250000000000444
2019-05-29,16050,16050,15800,15950,2443,-0.006230529595015577
2019-05-30,16300,16300,15900,16000,2456,0.0031347962382444194
2019-05-31,16300,16300,15900,16100,122,0.006250000000000089
2019-06-03,16300,16350,15900,16250,2752,0.009316770186335477
2019-06-04,16350,16350,16100,16300,2026,0.003076923076922977
2019-06-05,16200,16550,16200,16550,2757,0.015337423312883347
2019-06-07,16550,16650,16450,16650,1399,0.0060422960725075026
2019-06-10,16650,16650,16450,16600,567,-0.0030030030030030463
2019-06-11,16600,16600,16500,16600,328,0.0
2019-06-12,16550,16600,16500,16600,844,0.0
2019-06-13,16650,16750,16600,16750,1365,0.009036144578313143
2019-06-14,16650,16750,16550,16600,336,-0.008955223880596996
2019-06-17,16650,16650,16550,16650,1302,0.003012048192771122
2019-06-18,16650,16700,16500,16500,529,-0.009009009009009028
2019-06-19,16450,16600,16450,16500,1055,0.0
2019-06-20,16500,16500,16350,16400,777,-0.0060606060606061
2019-06-21,16700,16700,16300,16300,1269,-0.0060975609756097615
2019-06-24,16250,16300,16200,16250,3121,-0.0030674846625766694
2019-06-25,16200,16450,16100,16300,1371,0.003076923076922977
2019-06-26,16250,16250,16000,16250,2568,-0.0030674846625766694
2019-06-27,16250,16250,15950,16050,3731,-0.012307692307692353
2019-06-28,16200,16200,16000,16050,4203,0.0
2019-07-01,16250,16250,15900,15900,2284,-0.009345794392523366
2019-07-02,15900,16100,15750,16100,5158,0.012578616352201255
2019-07-03,16100,16300,16100,16200,1772,0.006211180124223503
2019-07-04,16150,16350,16150,16300,922,0.006172839506172867
2019-07-05,16300,17850,16300,16500,41908,0.012269938650306678
2019-07-08,17150,17600,16800,16900,42491,0.024242424242424176
2019-07-09,16500,16950,16350,16600,16025,-0.017751479289940808
2019-07-10,16450,17400,16450,17000,6896,0.024096385542168752
2019-07-11,17250,17250,16700,17050,3695,0.002941176470588225
2019-07-12,16800,16950,16600,16700,5250,-0.02052785923753664
2019-07-15,16700,16750,16650,16750,3801,0.0029940119760478723
2019-07-16,16600,16600,16100,16350,11702,-0.023880597014925398
2019-07-17,16450,16550,16400,16550,2270,0.012232415902140747
2019-07-18,16550,16600,16450,16600,885,0.0030211480362538623
2019-07-19,16650,16850,16600,16800,2622,0.012048192771084265
2019-07-22,16800,16850,16750,16850,798,0.0029761904761904656
2019-07-23,16800,16900,16700,16900,1781,0.0029673590504450953
2019-07-24,16850,16950,16550,16900,2743,0.0
2019-07-25,16700,16700,16300,16450,2099,-0.026627218934911268
2019-07-26,16500,16550,16300,16300,1348,-0.00911854103343468
2019-07-29,16550,17200,16500,16950,16724,0.039877300613496924
2019-07-30,17200,17600,16450,16550,21532,-0.02359882005899705
2019-07-31,16600,16750,16000,16400,8123,-0.009063444108761365
2019-08-01,16400,16600,16100,16200,2283,-0.012195121951219523
2019-08-02,16600,16600,15900,15900,12768,-0.01851851851851849
2019-08-05,16150,17000,15900,16000,19555,0.0062893081761006275
2019-08-06,16100,16100,15500,15800,5166,-0.012499999999999956
2019-08-07,15800,16050,15700,15850,5029,0.0031645569620253333
2019-08-08,15850,15950,15550,15900,2571,0.003154574132492094
2019-08-09,15950,15950,15700,15750,1883,-0.009433962264150941
2019-08-12,15950,15950,15400,15750,3359,0.0
2019-08-13,15750,16000,15750,16000,759,0.015873015873015817
2019-08-14,16000,16500,16000,16450,3667,0.028124999999999956
2019-08-16,16500,16500,16000,16300,1034,-0.00911854103343468
2019-08-19,16400,16400,16050,16300,850,0.0
2019-08-20,16150,16400,16050,16300,2174,0.0
2019-08-21,16300,16400,16200,16300,1343,0.0
2019-08-22,16300,16500,16300,16400,5646,0.006134969325153339
2019-08-23,16400,16550,16000,16500,7865,0.0060975609756097615
2019-08-26,16500,16500,16000,16050,2172,-0.027272727272727226
2019-08-27,16050,16300,16050,16300,318,0.015576323987538832
2019-08-28,16300,16300,16150,16150,578,-0.009202453987730008
2019-08-29,16250,16350,16250,16300,253,0.009287925696594534
2019-08-30,16300,16550,16300,16550,2919,0.015337423312883347
2019-09-02,16550,17500,16550,17500,20061,0.05740181268882183
2019-09-03,17000,17550,17000,17450,5571,-0.0028571428571428914
2019-09-04,17500,17900,17500,17900,13583,0.025787965616045794
2019-09-05,17850,17900,17000,17900,5330,0.0
2019-09-06,17550,17850,17550,17750,858,-0.008379888268156388
2019-09-09,17550,17800,17550,17750,902,0.0
2019-09-10,17900,17950,17600,17750,3398,0.0
2019-09-11,17800,17900,17700,17800,2799,0.0028169014084507005
2019-09-16,17850,18150,17850,18000,6801,0.011235955056179803
2019-09-17,18000,18000,17750,17800,1631,-0.011111111111111072
2019-09-18,17800,17900,17550,17900,3186,0.00561797752808979
2019-09-19,17750,17900,17750,17900,934,0.0
2019-09-20,17900,17950,17700,17850,1761,-0.0027932960893854997
2019-09-23,17900,17900,17400,17400,2055,-0.025210084033613467
2019-09-24,17400,17550,17350,17550,783,0.008620689655172376
2019-09-25,17650,17650,17350,17500,359,-0.002849002849002802
2019-09-26,17450,17600,17450,17550,458,0.0028571428571428914
2019-09-27,17750,17750,17400,17650,1020,0.005698005698005604
2019-09-30,17800,17800,17300,17700,2488,0.0028328611898016387
2019-10-01,17750,17800,17500,17800,2151,0.005649717514124353
2019-10-02,17950,17950,17600,17750,1199,-0.002808988764044895
2019-10-04,17900,17900,17200,17200,3335,-0.030985915492957705
2019-10-07,17200,17200,16700,16700,3240,-0.029069767441860517
2019-10-08,16550,17000,16550,16950,4137,0.014970059880239583
2019-10-10,16850,16900,16650,16850,2474,-0.005899705014749235
2019-10-11,16700,16850,16550,16850,4296,0.0
2019-10-14,16800,16850,16500,16650,3793,-0.011869436201780381
2019-10-15,16600,16850,16400,16800,1220,0.009009009009008917
2019-10-16,16800,17000,16800,17000,2013,0.011904761904761862
2019-10-17,16900,17050,16900,17050,502,0.002941176470588225
2019-10-18,17050,17250,17000,17250,1160,0.011730205278592365
2019-10-21,17300,17300,17050,17250,846,0.0
2019-10-22,17400,17750,17150,17700,3644,0.026086956521739202
2019-10-23,17750,17750,16950,16950,1298,-0.0423728813559322
2019-10-24,17100,17550,17050,17500,2216,0.032448377581120846
2019-10-25,17450,17500,17300,17500,242,0.0
2019-10-28,17500,17650,17300,17600,230,0.005714285714285783
2019-10-29,17400,17600,17350,17450,230,-0.008522727272727293
2019-10-30,17500,17550,17200,17450,1358,0.0
2019-10-31,17450,17650,17200,17650,1267,0.011461318051575908
2019-11-01,17300,17950,17300,17950,6556,0.016997167138810276
2019-11-04,18000,18150,17950,18000,2622,0.0027855153203342198
2019-11-05,18150,18150,17850,17900,353,-0.005555555555555536
2019-11-06,17900,17950,17800,17800,724,-0.005586592178770999
2019-11-07,17750,17900,17550,17850,493,0.002808988764045006
2019-11-08,17800,17800,17600,17750,1342,-0.0056022408963585235
2019-11-11,17750,17850,17700,17850,252,0.005633802816901401
2019-11-12,17950,17950,17600,17850,461,0.0
2019-11-13,17600,17850,17550,17850,636,0.0
2019-11-14,17650,17900,17650,17900,1275,0.0028011204481792618
2019-11-15,17850,17900,17800,17900,885,0.0
2019-11-18,17900,17900,17600,17800,533,-0.005586592178770999
2019-11-19,17800,18100,17750,18000,3313,0.011235955056179803
2019-11-20,18000,18150,17800,18000,3172,0.0
2019-11-21,17950,17950,17750,17750,426,-0.01388888888888884
2019-11-22,18150,18150,17750,17900,458,0.008450704225352101
2019-11-25,17900,17900,17750,17750,1912,-0.008379888268156388
2019-11-26,17650,17700,17500,17700,1195,-0.0028169014084507005
2019-11-27,17700,17700,17650,17700,473,0.0
2019-11-28,17700,17700,17450,17650,1571,-0.0028248587570621764
2019-11-29,17800,17800,17350,17650,1783,0.0
2019-12-02,17650,17700,17450,17700,191,0.0028328611898016387
2019-12-03,17550,17700,17550,17650,1008,-0.0028248587570621764
2019-12-04,17500,17700,17500,17650,1779,0.0
2019-12-05,17850,17850,17600,17650,1453,0.0
2019-12-06,17550,17750,17550,17750,4008,0.0056657223796034994
2019-12-09,17750,17750,17650,17650,736,-0.005633802816901401
2019-12-10,17600,17650,17400,17600,864,-0.0028328611898017497
2019-12-11,17500,17600,17500,17600,468,0.0
2019-12-12,17500,17600,17500,17600,156,0.0
2019-12-13,17500,17500,17400,17500,1178,-0.005681818181818232
2019-12-16,17450,17700,17450,17500,486,0.0
2019-12-17,17500,17500,17450,17450,1625,-0.0028571428571428914
2019-12-18,17500,17600,17500,17600,370,0.008595988538681931
2019-12-19,17600,17650,17400,17600,1417,0.0
2019-12-20,17600,18050,17550,17700,827,0.005681818181818121
2019-12-23,17750,17800,17700,17800,1337,0.005649717514124353
2019-12-24,18050,18050,17700,17750,2825,-0.002808988764044895
2019-12-26,17800,17800,17750,17750,1449,0.0
2019-12-27,16900,17400,16900,17400,3065,-0.019718309859154903
2019-12-30,17400,17500,17350,17450,642,0.002873563218390718
2020-01-02,17450,17450,17250,17300,847,-0.008595988538681931
2020-01-03,17250,17250,17200,17200,3404,-0.005780346820809301
2020-01-06,17100,17350,17050,17250,3511,0.0029069767441860517
2020-01-07,17250,17300,17150,17200,3215,-0.0028985507246376274
2020-01-08,17050,17200,16900,16900,1579,-0.01744186046511631
2020-01-09,16900,17200,16900,17000,1528,0.00591715976331364
2020-01-10,17450,17450,16900,16900,1026,-0.00588235294117645
2020-01-13,16900,17050,16750,17000,3276,0.00591715976331364
2020-01-14,17000,17550,16900,17500,18995,0.02941176470588225
2020-01-15,17250,18250,17100,18250,22158,0.04285714285714293
2020-01-16,18250,18250,17500,18200,4988,-0.002739726027397249
2020-01-17,18150,18750,18150,18550,12575,0.019230769230769162
2020-01-20,18550,18700,18250,18250,4097,-0.016172506738544423
2020-01-21,18250,18500,18100,18250,4111,0.0
2020-01-22,18250,18500,18200,18400,20075,0.008219178082191858
2020-01-23,18400,18400,18150,18150,2169,-0.013586956521739135
2020-01-28,18000,18100,17650,17650,3243,-0.02754820936639113
2020-01-29,18100,18100,17550,17600,3302,-0.0028328611898017497
2020-01-30,17600,17800,17500,17500,1111,-0.005681818181818232
2020-01-31,17500,17500,17000,17200,1881,-0.017142857142857126
2020-02-03,17000,17000,16600,17000,3074,-0.011627906976744207
2020-02-04,17000,17300,16950,17300,1785,0.01764705882352935
2020-02-05,17300,17300,17000,17000,10786,-0.017341040462427793
2020-02-06,17300,17350,16950,17000,4384,0.0
2020-02-07,17200,17950,17150,17450,4615,0.026470588235294024
2020-02-10,17450,17450,17150,17450,467,0.0
2020-02-11,17500,17800,17250,17250,3444,-0.011461318051575908
2020-02-12,17350,17850,17050,17300,32974,0.0028985507246377384
2020-02-13,17200,17300,16950,17200,8001,-0.005780346820809301
2020-02-14,17200,17300,16900,17150,4457,-0.0029069767441860517
2020-02-17,16900,17350,16900,17300,3052,0.008746355685131268
2020-02-18,17150,17350,16950,17150,2118,-0.00867052023121384
2020-02-19,17100,17650,16950,17600,18436,0.026239067055393583
2020-02-20,17700,17800,17350,17600,3110,0.0
2020-02-21,17600,17600,17100,17100,1269,-0.02840909090909094
2020-02-24,16950,16950,16350,16500,4639,-0.03508771929824561
2020-02-25,16500,16650,16300,16600,1983,0.0060606060606061
2020-02-26,16350,16450,16050,16400,1766,-0.012048192771084376
2020-02-27,16400,16500,16100,16100,1478,-0.018292682926829285
2020-02-28,16000,16000,15150,15350,6025,-0.04658385093167705
2020-03-02,15350,15350,15000,15150,2255,-0.013029315960912058
2020-03-03,15300,15550,15250,15400,3948,0.01650165016501659
2020-03-04,15400,15900,15300,15700,9917,0.01948051948051943
2020-03-05,15800,16200,15750,16200,7906,0.031847133757961776
2020-03-06,16200,16300,15650,15900,8510,-0.01851851851851849
2020-03-09,15950,16000,15300,15300,5749,-0.037735849056603765
2020-03-10,15300,15400,14400,15400,8280,0.006535947712418277
2020-03-11,15350,15650,14700,15050,4720,-0.022727272727272707
2020-03-12,15050,15050,13900,14000,5835,-0.06976744186046513
2020-03-13,11800,13800,11800,13100,20856,-0.06428571428571428
2020-03-16,13650,13650,13000,13050,5552,-0.003816793893129722
2020-03-17,13050,13450,12650,13400,3894,0.026819923371647514
2020-03-18,13650,13650,12900,12900,5583,-0.03731343283582089
2020-03-19,12900,12900,11300,11500,6338,-0.10852713178294571
2020-03-20,11500,12650,11050,12200,7845,0.0608695652173914
2020-03-23,11900,11900,11250,11250,2477,-0.07786885245901642
2020-03-24,11350,11850,11000,11700,8580,0.040000000000000036
2020-03-25,12350,12650,12000,12350,9799,0.05555555555555558
2020-03-26,12550,12900,12400,12600,8322,0.020242914979757165
2020-03-27,12850,13000,12500,12700,5936,0.007936507936507908
2020-03-30,12250,12950,12200,12950,6354,0.019685039370078705
2020-03-31,13200,13900,12550,13300,4934,0.027027027027026973
2020-04-01,13300,13600,13000,13000,2800,-0.022556390977443663
2020-04-02,13200,13300,12650,13300,2466,0.023076923076922995
2020-04-03,13900,13900,13000,13450,4830,0.011278195488721776
2020-04-06,13750,14200,13650,14200,3822,0.055762081784386686
2020-04-07,14700,14750,14400,14550,4164,0.02464788732394374
2020-04-08,14700,14750,14300,14650,3188,0.0068728522336769515
2020-04-09,14700,14900,14550,14700,2365,0.0034129692832765013
2020-04-10,14700,14700,14400,14700,2031,0.0
2020-04-13,14750,14900,14450,14650,2129,-0.003401360544217691
2020-04-14,14800,14850,14500,14800,799,0.010238907849829282
2020-04-16,14750,14950,14500,14900,1868,0.006756756756756799
2020-04-17,14900,15150,14700,15150,2417,0.016778523489932917
2020-04-20,15400,15400,15000,15100,1013,-0.0033003300330033403
2020-04-21,15000,15100,14550,15000,1631,-0.0066225165562914245
2020-04-22,15000,15150,14600,15100,1196,0.006666666666666599
2020-04-23,15150,15200,14800,15150,889,0.0033112582781456013
2020-04-24,15300,15600,15000,15600,2401,0.02970297029702973
2020-04-27,15850,16000,15700,15850,1970,0.01602564102564097
2020-04-28,16000,16100,15800,15950,1959,0.006309148264984188
2020-04-29,16000,16050,15600,16050,3015,0.006269592476489061
2020-05-04,16050,16500,15900,16250,6242,0.012461059190031154
2020-05-06,16450,17050,16350,17050,4043,0.04923076923076919
2020-05-07,17000,17450,17000,17300,5850,0.014662756598240456
2020-05-08,16950,17350,16650,16700,3389,-0.034682080924855474
2020-05-11,16700,16700,16350,16600,1895,-0.005988023952095856
2020-05-12,16700,17000,16450,17000,2898,0.024096385542168752
2020-05-13,16900,17050,16700,16900,1083,-0.00588235294117645
2020-05-14,16850,17250,16850,16900,2346,0.0
2020-05-15,16900,17350,16800,17200,9067,0.01775147928994092
2020-05-18,17500,18000,17350,17500,9553,0.01744186046511631
2020-05-19,18000,18000,17550,17600,6402,0.005714285714285783
2020-05-20,17950,18100,17900,17950,5933,0.019886363636363535
2020-05-21,18200,18300,17850,18000,3741,0.0027855153203342198
2020-05-22,18300,18300,17500,17900,2498,-0.005555555555555536
2020-05-25,18000,18000,17350,17900,3060,0.0
2020-05-26,18050,18050,17700,17950,1725,0.0027932960893854997
2020-05-27,17900,17900,17650,17750,4134,-0.011142061281337101
2020-05-28,17750,17850,17450,17750,4781,0.0
2020-05-29,17550,18100,17550,17800,4419,0.0028169014084507005
2020-06-01,17800,18550,17800,18400,13285,0.03370786516853941
2020-06-02,18400,18600,18150,18450,6040,0.0027173913043478937
2020-06-03,18650,18650,18300,18400,5519,-0.0027100271002710175
2020-06-04,18200,18500,18000,18350,17122,-0.0027173913043477826
2020-06-05,18350,18350,18250,18350,2571,0.0
2020-06-08,18450,18450,18150,18250,4304,-0.00544959128065392
2020-06-09,18250,18600,18050,18500,6463,0.013698630136986356
2020-06-10,18500,19300,18450,18900,25490,0.021621621621621623
2020-06-11,19300,19350,18900,19250,15785,0.0185185185185186
2020-06-12,19150,22000,18000,20600,76735,0.07012987012987004
2020-06-15,21950,26550,19600,23450,391415,0.13834951456310685
2020-06-16,24550,25850,23350,24000,94236,0.023454157782516027
2020-06-17,24000,25200,22650,24550,65897,0.022916666666666696
2020-06-18,25450,25550,23300,24600,63668,0.0020366598778003286
2020-06-19,25150,25250,23350,23700,48122,-0.03658536585365857
2020-06-22,23900,23900,22000,23400,35165,-0.012658227848101222
2020-06-23,23500,24300,22700,23400,19761,0.0
2020-06-24,23450,23600,22550,23200,22721,-0.008547008547008517
2020-06-25,22550,23300,22150,22600,9631,-0.025862068965517238
2020-06-26,22900,22950,22000,22750,8313,0.006637168141592875
2020-06-29,22150,22450,21800,22050,7863,-0.03076923076923077
2020-06-30,22100,22500,21950,22350,7364,0.013605442176870763
2020-07-01,22350,22450,21300,21650,7440,-0.031319910514541416
2020-07-02,21650,22050,21600,21800,5664,0.006928406466512715
2020-07-03,21800,22800,21700,22400,12618,0.02752293577981657
2020-07-06,23000,23050,21800,22400,6783,0.0
2020-07-07,22400,24000,22150,23300,10797,0.0401785714285714
2020-07-08,23150,24000,22800,23150,6715,-0.006437768240343367
2020-07-09,23150,23500,22800,23050,10381,-0.004319654427645814
2020-07-10,23100,24000,22200,23100,15862,0.002169197396963085
2020-07-13,23150,23150,22250,22600,10558,-0.02164502164502169
2020-07-14,22700,22750,21100,22200,6140,-0.017699115044247815
2020-07-15,22200,22550,21700,22000,2903,-0.009009009009009028
2020-07-16,21950,21950,21250,21600,5366,-0.018181818181818188
2020-07-17,21400,21900,21000,21650,4650,0.0023148148148148806
2020-07-20,21600,25300,20150,21500,51327,-0.006928406466512715
2020-07-21,21700,23850,21700,22450,56292,0.04418604651162794
2020-07-22,22450,22550,21100,22200,18296,-0.011135857461024523
2020-07-23,22400,22450,21600,22150,6820,-0.0022522522522522292
2020-07-24,22200,22250,21550,21700,8297,-0.020316027088036148
2020-07-27,21700,24200,21700,22250,54966,0.025345622119815614
2020-07-28,22300,22400,21750,22200,6494,-0.0022471910112359383
2020-07-29,22200,22550,21850,22550,5821,0.015765765765765716
2020-07-30,22550,22850,22200,22500,6475,-0.0022172949002217113
2020-07-31,22500,22650,21600,22300,7483,-0.008888888888888835
2020-08-03,22300,23250,22100,22700,13208,0.017937219730941756
2020-08-04,23200,23200,22650,23100,10603,0.017621145374449254
2020-08-05,23150,24050,23150,23900,22729,0.03463203463203457
2020-08-06,24000,24050,23000,23500,15063,-0.01673640167364021
2020-08-07,23700,23700,22200,23150,14259,-0.014893617021276562
2020-08-10,23150,23250,22650,23050,5632,-0.004319654427645814
2020-08-11,22950,23450,22850,23250,6532,0.008676789587852562
2020-08-12,23400,23950,23100,23200,15452,-0.0021505376344086446
2020-08-13,23250,23650,23050,23100,6245,-0.004310344827586188
2020-08-14,23300,23400,22150,22400,28073,-0.030303030303030276
2020-08-18,22400,22400,21000,21100,10047,-0.0580357142857143
2020-08-19,21150,21650,21000,21100,5100,0.0
2020-08-20,21100,21600,20300,20700,5384,-0.018957345971563955
2020-08-21,21200,21200,20200,20700,3160,0.0
2020-08-24,20700,21600,20300,21250,3688,0.02657004830917864
2020-08-25,21250,21700,21200,21650,2236,0.018823529411764683
2020-08-26,21650,21900,20950,21200,4276,-0.020785219399538146
2020-08-27,21200,21500,20200,20450,5945,-0.035377358490566
2020-08-28,20450,20950,20250,20350,5782,-0.004889975550122272
2020-08-31,20300,20600,20250,20550,4141,0.00982800982800991
2020-09-01,20550,20850,20400,20850,1639,0.014598540145985384
2020-09-02,20950,21000,20600,20850,3737,0.0
2020-09-03,20950,21000,20550,20700,4333,-0.007194244604316502
2020-09-04,20000,20650,20000,20300,5477,-0.019323671497584516
2020-09-07,20300,20750,20250,20600,1876,0.014778325123152802
2020-09-08,20600,22000,20600,21550,8660,0.04611650485436902
2020-09-09,21550,21650,20650,21450,3348,-0.004640371229698403
2020-09-10,21450,21650,20650,21600,2565,0.006993006993007089
2020-09-11,21200,21900,21200,21500,2729,-0.00462962962962965
2020-09-14,21500,21800,21250,21650,2241,0.006976744186046435
2020-09-15,21900,21950,21300,21650,5122,0.0
2020-09-16,21700,21800,21450,21600,4641,-0.002309468822170868
2020-09-17,21600,21600,21050,21300,1485,-0.01388888888888884
2020-09-18,21600,21900,20900,21400,7332,0.0046948356807512415
2020-09-21,21400,21750,20800,21200,2004,-0.009345794392523366
2020-09-22,21450,21450,20250,20400,4327,-0.037735849056603765
2020-09-23,20400,20850,20000,20700,1406,0.014705882352941124
2020-09-24,20100,20450,19950,20050,2799,-0.03140096618357491
2020-09-25,20100,21000,20050,20350,830,0.014962593516209433
2020-09-28,20400,21600,20400,21350,3993,0.0491400491400491
2020-09-29,21450,21500,20950,21300,750,-0.0023419203747072626
2020-10-05,21350,21450,20750,20950,3043,-0.016431924882629123
2020-10-06,21000,21800,21000,21750,8565,0.038186157517899666
2020-10-07,21600,21650,21450,21650,1441,-0.0045977011494252595
2020-10-08,21600,21800,21450,21700,1734,0.002309468822170979
2020-10-12,21850,22050,21650,21700,6155,0.0
2020-10-13,21800,21850,21550,21850,2906,0.00691244239631339
2020-10-14,21950,22050,21400,21900,2388,0.0022883295194509046
2020-10-15,21900,22100,21500,22050,11562,0.006849315068493178
2020-10-16,22050,22100,21250,21900,4543,-0.006802721088435382
2020-10-19,21900,22050,21550,21950,1269,0.0022831050228311334
2020-10-20,21950,21950,21350,21500,1314,-0.02050113895216399
2020-10-21,21500,21750,21050,21650,1944,0.006976744186046435
2020-10-22,21650,21700,21100,21500,2104,-0.006928406466512715
2020-10-23,21550,21550,21050,21100,2387,-0.018604651162790753
2020-10-26,21100,21100,20500,20600,3939,-0.023696682464455
2020-10-27,20550,20850,20200,20650,4733,0.0024271844660195274
2020-10-28,20650,21200,20450,21200,1662,0.026634382566586012
2020-10-29,21150,21150,20350,20750,1071,-0.021226415094339646
2020-10-30,20800,21150,20500,20550,1180,-0.009638554216867434
2020-11-02,20550,20550,20250,20450,866,-0.0048661800486617945
2020-11-03,20500,20800,20450,20500,1694,0.0024449877750611915
2020-11-04,20600,21050,20500,21000,3928,0.024390243902439046
2020-11-05,21200,21200,20850,20950,1519,-0.0023809523809523725
2020-11-06,20950,21100,20850,20950,820,0.0
2020-11-09,20750,21050,20750,20900,1189,-0.0023866348448687846
2020-11-10,21250,21250,20800,21050,2909,0.0071770334928229484
2020-11-11,21050,21200,20850,21150,2864,0.004750593824228044
2020-11-12,21150,21150,20700,21150,2716,0.0
2020-11-13,21000,21150,20800,20900,10832,-0.011820330969267157
2020-11-16,20900,21250,20900,21250,5451,0.01674641148325362
2020-11-17,21350,21400,21000,21050,2081,-0.009411764705882342
2020-11-18,21050,21400,20850,21100,3149,0.002375296912114022
2020-11-19,20900,21650,20600,21200,2178,0.004739336492890933
2020-11-20,21250,21300,20800,21050,4624,-0.007075471698113178
2020-11-23,21250,21250,20950,21050,4168,0.0
2020-11-24,21150,21150,20800,20800,9394,-0.01187648456057011
2020-11-25,20900,21250,20850,20850,30378,0.0024038461538462563
2020-11-26,21050,21050,20800,20800,5729,-0.0023980815347721673
2020-11-27,20750,20900,20550,20700,5928,-0.004807692307692291
2020-11-30,20600,20800,20400,20650,5389,-0.0024154589371980784
2020-12-01,20650,20700,20450,20650,4038,0.0
2020-12-02,20500,20700,20400,20600,2618,-0.002421307506053294
2020-12-03,20500,20800,20400,20750,4615,0.00728155339805836
2020-12-04,20700,20750,20350,20600,3298,-0.0072289156626506035
2020-12-07,20600,20700,20350,20550,1470,-0.0024271844660194164
2020-12-08,20550,20700,20400,20600,1620,0.0024330900243310083
2020-12-09,20650,22700,20450,20500,22538,-0.004854368932038833
2020-12-10,20450,21150,20450,21050,7297,0.02682926829268295
2020-12-11,21200,21300,20900,21050,2618,0.0
2020-12-14,21150,21150,20650,20850,2800,-0.009501187648456089
2020-12-15,20850,20950,20600,20800,3628,-0.0023980815347721673
2020-12-16,20800,20900,20600,20850,1406,0.0024038461538462563
2020-12-17,20800,20900,20650,20800,1091,-0.0023980815347721673
2020-12-18,20900,20950,20750,20800,2991,0.0
2020-12-21,20800,20900,20600,20600,2153,-0.009615384615384581
2020-12-22,20650,20800,20450,20700,2797,0.004854368932038833
2020-12-23,20750,20850,20500,20850,3205,0.007246376811594235
2020-12-24,20800,20850,20550,20850,3205,0.0
2020-12-28,20850,20950,20750,20850,10538,0.0
2020-12-29,20700,20700,20300,20450,2673,-0.01918465227817745
2020-12-30,20450,20650,20050,20350,2330,-0.004889975550122272
2021-01-04,20350,20400,19500,20150,3988,-0.009828009828009798
2021-01-05,20100,20400,20050,20350,3989,0.00992555831265518
2021-01-06,20350,21500,20350,20900,28039,0.027027027027026973
2021-01-07,21100,21500,21000,21350,18342,0.021531100478468845
2021-01-08,21600,21650,20700,21050,6091,-0.014051522248243575
2021-01-11,21100,21100,20150,20600,6120,-0.02137767220902609
2021-01-12,20450,20850,20350,20800,3316,0.009708737864077666
2021-01-13,20900,21050,20800,20900,4751,0.004807692307692291
2021-01-14,20900,21300,20800,21300,6864,0.019138755980861344
2021-01-15,21400,21400,21050,21200,2698,-0.0046948356807511304
2021-01-18,21200,21200,20600,21000,3729,-0.009433962264150941
2021-01-19,20950,21000,20750,21000,1532,0.0
2021-01-20,21050,21150,20950,21150,2597,0.0071428571428571175
2021-01-21,21250,21300,20700,21300,3088,0.007092198581560183
2021-01-22,21350,21450,20950,21400,7564,0.0046948356807512415
2021-01-25,21450,21450,21250,21250,3854,-0.007009345794392496
2021-01-26,21350,21350,20800,21200,3293,-0.0023529411764705577
2021-01-27,21000,21300,20800,21100,3510,-0.004716981132075526
2021-01-28,20950,20950,20700,20900,2488,-0.009478672985781977
2021-01-29,20900,20950,20150,20350,3489,-0.02631578947368418
2021-02-01,20350,20500,19850,20450,5612,0.004914004914004844
2021-02-02,20450,20700,20400,20600,2710,0.007334963325183352
2021-02-03,20600,20850,20500,20500,1258,-0.004854368932038833
2021-02-04,20500,20500,20150,20350,1682,-0.007317073170731714
2021-02-05,20300,20800,20300,20750,3516,0.019656019656019597
2021-02-08,20750,20950,20600,20800,1329,0.002409638554216942
2021-02-09,20850,20900,20550,20700,1947,-0.004807692307692291
2021-02-10,20700,20700,20500,20600,1729,-0.004830917874396157
2021-02-15,20550,20750,20300,20600,3523,0.0
2021-02-16,20600,20750,20300,20750,3238,0.00728155339805836
2021-02-17,20750,20750,20250,20450,2173,-0.014457831325301207
2021-02-18,20450,20500,20200,20300,1665,-0.007334963325183352
2021-02-19,20300,20450,20100,20350,1808,0.0024630541871921707
2021-02-22,20350,20450,20100,20100,2675,-0.012285012285012331
2021-02-23,20200,20300,20100,20200,1360,0.004975124378109541
2021-02-24,20200,20450,19950,20100,2301,-0.004950495049504955
2021-02-25,20150,20450,19950,20350,2085,0.01243781094527363
2021-02-26,20200,20200,19900,19900,2010,-0.02211302211302213
2021-03-02,20250,20250,19750,19900,1772,0.0
2021-03-03,20000,20200,19900,20050,2034,0.007537688442211143
2021-03-04,19950,20400,19850,20200,3121,0.007481296758104827
2021-03-05,20200,20250,19900,20100,2236,-0.004950495049504955
2021-03-08,20200,20450,20150,20300,3844,0.00995024875621886
2021-03-09,20300,20500,20200,20450,1999,0.00738916256157629
2021-03-10,20450,20500,20200,20200,1334,-0.012224938875305624
2021-03-11,20250,20500,19900,20350,6387,0.007425742574257432
2021-03-12,20300,20300,19750,19850,18498,-0.02457002457002455
2021-03-15,20100,20100,19800,19950,4501,0.005037783375314797
2021-03-16,19950,20200,19900,20200,5263,0.012531328320801949
2021-03-17,20200,20250,19950,20200,5524,0.0
2021-03-18,20200,20200,20000,20150,4450,-0.0024752475247524774
2021-03-19,20100,20300,19950,20250,3462,0.00496277915632759
2021-03-22,20250,20250,20000,20150,1118,-0.004938271604938316
2021-03-23,20100,20200,20100,20200,1484,0.002481389578163684
2021-03-24,20100,20350,20050,20350,3296,0.007425742574257432
2021-03-25,20350,20350,20200,20300,867,-0.002457002457002422
2021-03-26,20300,20300,20050,20200,4451,-0.0049261083743842304
2021-03-29,20200,20250,20000,20150,5142,-0.0024752475247524774
2021-03-30,20150,20150,20000,20100,2183,-0.002481389578163795
2021-03-31,20100,20200,20000,20150,1848,0.0024875621890547706
2021-04-01,20050,20250,20050,20150,1751,0.0
2021-04-02,20150,20350,20050,20350,5656,0.00992555831265518
2021-04-05,20300,20300,20000,20150,4452,-0.009828009828009798
2021-04-06,20150,20200,20050,20150,1569,0.0
2021-04-07,20200,20300,20150,20300,3189,0.007444168734491274
2021-04-08,20350,20400,20150,20350,2691,0.0024630541871921707
2021-04-09,20350,20450,20250,20450,1969,0.004914004914004844
2021-04-12,20500,20500,20300,20450,1969,0.0
2021-04-13,20350,20450,20350,20450,1670,0.0
2021-04-14,20450,20450,20300,20450,1567,0.0
2021-04-15,20450,20450,20250,20300,2028,-0.007334963325183352
2021-04-16,20400,20450,20200,20450,7433,0.00738916256157629
2021-04-19,20500,21250,20450,20900,15350,0.022004889975550057
2021-04-20,20800,21750,20800,21450,15977,0.026315789473684292
2021-04-21,21450,21500,21050,21400,9966,-0.002331002331002363
2021-04-22,21450,21550,21150,21450,11296,0.002336448598130758
2021-04-23,21500,21550,21250,21550,13948,0.004662004662004726
2021-04-26,21700,22100,21500,21850,8656,0.0139211136890951
2021-04-27,22100,22100,21600,21900,5236,0.0022883295194509046
2021-04-28,22050,22100,21600,21850,8146,-0.0022831050228310223
2021-04-29,21600,21750,21450,21650,6769,-0.009153318077803174
2021-04-30,21850,22400,21550,21900,14357,0.011547344110854452
2021-05-03,22250,23000,21850,22550,32425,0.029680365296803624
2021-05-04,22450,22850,21800,22450,17471,-0.0044345898004434225
2021-05-06,22450,22950,22000,22850,12121,0.017817371937639104
2021-05-07,22900,23450,22700,23100,18746,0.010940919037199182
2021-05-10,23350,24450,23100,23650,29933,0.023809523809523725
2021-05-11,24050,24050,23100,23500,15781,-0.006342494714587699
2021-05-12,23600,23600,22000,22850,9990,-0.02765957446808509
2021-05-13,22750,22900,22250,22850,4992,0.0
2021-05-14,23050,23400,22600,23050,8218,0.00875273522975939
2021-05-17,23200,23250,22550,22950,10291,-0.004338394793926281
2021-05-18,23100,23300,22600,22850,6051,-0.004357298474945481
2021-05-20,22700,22900,22600,22700,3217,-0.006564551422319487
2021-05-21,22700,22900,21500,22300,13013,-0.017621145374449365
2021-05-24,22350,28300,22350,24500,468504,0.09865470852017943
2021-05-25,23450,24200,22600,23050,88061,-0.0591836734693878
2021-05-26,23150,24300,22950,23600,32433,0.02386117136659438
2021-05-27,23700,24050,23050,23550,15283,-0.0021186440677966045
2021-05-28,23550,23750,22600,23650,30803,0.00424628450106157
2021-05-31,23700,24400,23350,24150,21727,0.02114164904862581
2021-06-01,24300,24550,24000,24550,20086,0.016563146997929712
2021-06-02,24650,24800,24000,24550,15171,0.0
2021-06-03,24550,24850,24100,24650,14486,0.004073319755600879
2021-06-04,24450,24800,24050,24450,6448,-0.008113590263691739
2021-06-07,24450,24500,23500,24050,9076,-0.01635991820040905
2021-06-08,24100,24400,23850,24200,4788,0.006237006237006293
2021-06-09,24250,24300,23950,24150,4541,-0.0020661157024793875
2021-06-10,24150,24550,23850,23900,4868,-0.010351966873705987
2021-06-11,23950,24500,23950,24100,6031,0.008368200836819994
2021-06-14,24100,24300,23550,23850,9472,-0.010373443983402453
2021-06-15,23900,24000,23600,23700,3482,-0.0062893081761006275
2021-06-16,23550,23850,23500,23850,6133,0.006329113924050667
2021-06-17,23950,24400,23650,24350,9987,0.020964360587002018
2021-06-18,24500,24500,23950,24150,3101,-0.008213552361396315
2021-06-21,24250,24500,23600,23850,5073,-0.012422360248447228
2021-06-22,23850,23950,23550,23700,3681,-0.0062893081761006275
2021-06-23,23600,23700,22900,23150,10026,-0.02320675105485237
2021-06-24,23150,23200,22650,23000,4020,-0.006479481641468721
2021-06-25,23100,23200,22800,23100,2607,0.004347826086956497
2021-06-28,22800,23250,22750,22850,4252,-0.010822510822510845
2021-06-29,22950,23150,22700,23100,4936,0.010940919037199182
2021-06-30,23400,23450,22850,23000,2035,-0.0043290043290042934
2021-07-01,23100,23100,22700,22750,1508,-0.010869565217391353
2021-07-02,23000,23000,22550,22750,2225,0.0
2021-07-05,22750,22900,22600,22650,1688,-0.00439560439560438
2021-07-06,22950,22950,22600,22700,1336,0.002207505518763808
2021-07-07,22650,22650,22150,22250,4692,-0.01982378854625555
2021-07-08,22500,22500,21950,22000,2748,-0.011235955056179803
2021-07-09,21950,21950,20950,21400,7322,-0.027272727272727226
2021-07-12,21400,21650,21400,21600,1930,0.009345794392523255
2021-07-13,21700,22000,21600,21900,3332,0.01388888888888884
2021-07-14,21900,22200,21650,22200,1401,0.013698630136986356
2021-07-15,22250,22400,22100,22400,2096,0.009009009009008917
2021-07-16,22400,22500,22150,22500,1671,0.0044642857142858094
2021-07-19,22550,24850,22150,22200,74077,-0.013333333333333308
2021-07-20,22250,22400,21600,21850,8148,-0.015765765765765716
2021-07-21,21900,22250,21600,22200,2958,0.016018306636155666
2021-07-22,22200,22400,21900,22200,3902,0.0
2021-07-23,22450,22450,21800,22100,2242,-0.0045045045045044585
2021-07-26,22100,22100,21700,21750,2156,-0.015837104072398245
2021-07-27,21750,22050,21550,21750,3734,0.0
2021-07-28,21750,21750,21300,21600,2422,-0.006896551724137945
2021-07-29,21600,21750,21300,21500,1496,-0.00462962962962965
2021-07-30,21500,21850,21300,21300,572,-0.009302325581395321
2021-08-02,21350,21500,21100,21350,1247,0.0023474178403755097
2021-08-03,21350,21450,21000,21250,3382,-0.004683840749414525
2021-08-04,21250,21450,21000,21450,1970,0.009411764705882453
2021-08-05,21450,21500,21200,21400,3305,-0.002331002331002363
2021-08-06,21400,21450,21250,21300,1003,-0.004672897196261627
2021-08-09,21350,21400,21250,21350,2210,0.0023474178403755097
2021-08-10,21350,21350,21000,21050,2661,-0.014051522248243575
2021-08-11,21050,21250,20800,21000,1951,-0.002375296912114022
2021-08-12,21000,21050,20850,21000,894,0.0
2021-08-13,21150,21150,20400,20500,2743,-0.023809523809523836
2021-08-17,20500,20500,20000,20150,2736,-0.017073170731707332
2021-08-18,20200,20800,20150,20350,1870,0.00992555831265518
2021-08-19,20650,20650,19500,19650,4137,-0.03439803439803435
2021-08-20,19650,19850,19500,19500,2322,-0.007633587786259555
2021-08-23,19650,20150,19600,19800,1979,0.01538461538461533
2021-08-24,20150,20650,20050,20600,5186,0.04040404040404044
2021-08-25,20750,20850,20450,20650,1401,0.0024271844660195274
2021-08-26,20900,21200,20700,20900,1503,0.012106537530266248
2021-08-27,20900,21050,20450,20900,2225,0.0
2021-08-30,21000,21200,20900,21150,2261,0.011961722488038173
2021-08-31,21200,21200,20950,21150,494,0.0
2021-09-01,21150,21400,21000,21350,2714,0.009456264775413725
2021-09-02,21350,21550,21350,21450,1362,0.004683840749414525
2021-09-03,21450,21600,21000,21450,1593,0.0
2021-09-06,21500,21500,21100,21450,3696,0.0
2021-09-07,21450,21450,21150,21400,1336,-0.002331002331002363
2021-09-08,21400,21400,21150,21300,1139,-0.004672897196261627
2021-09-09,21400,21400,20950,21200,1832,-0.0046948356807511304
2021-09-10,21100,21300,21050,21300,1309,0.004716981132075526
2021-09-13,21300,21400,20800,21000,2451,-0.014084507042253502
2021-09-14,21050,21100,20950,21100,1308,0.004761904761904745
2021-09-15,21100,21150,20900,21100,1441,0.0
2021-09-16,21100,21200,20850,21200,2035,0.004739336492890933
2021-09-17,21200,21300,21100,21300,2495,0.004716981132075526
2021-09-23,21300,21400,20800,21150,4572,-0.007042253521126751
2021-09-24,21050,21100,20850,21000,973,-0.007092198581560294
2021-09-27,21000,21000,20700,20800,776,-0.00952380952380949
2021-09-28,20900,20900,20500,20700,1186,-0.004807692307692291
2021-09-29,20300,20700,20250,20550,1315,-0.007246376811594235
2021-09-30,20800,20800,20400,20700,382,0.007299270072992803
2021-10-01,20650,20700,20350,20500,1194,-0.009661835748792313
2021-10-05,20300,20900,20200,20900,4049,0.019512195121951237
2021-10-06,20900,21000,20700,21000,3098,0.004784688995215225
2021-10-07,21000,21200,20700,20950,2045,-0.0023809523809523725
2021-10-08,20950,21150,20550,20950,2430,0.0
2021-10-12,21050,21100,20600,21100,1651,0.007159904534606243
2021-10-13,21100,21350,20900,21350,5348,0.011848341232227444
2021-10-14,21400,21400,21100,21350,1775,0.0
2021-10-15,21350,21450,21150,21400,3827,0.0023419203747072626
2021-10-18,21500,21500,21050,21400,1479,0.0
2021-10-19,21400,21450,21100,21100,2819,-0.014018691588784993
2021-10-20,21200,21350,20650,20800,5844,-0.014218009478673022
2021-10-21,20950,21050,20500,20750,2473,-0.0024038461538461453
2021-10-22,20750,20750,20650,20700,3495,-0.002409638554216831
2021-10-25,20800,21250,20800,21250,5260,0.02657004830917864
2021-10-26,21250,21350,21200,21300,2749,0.0023529411764706687
2021-10-27,21300,21400,20900,21050,3045,-0.011737089201877882
2021-10-28,21050,21150,20700,20850,2460,-0.009501187648456089
2021-10-29,20850,21000,20700,20900,2313,0.0023980815347721673
2021-11-01,20850,21100,20850,20950,856,0.0023923444976077235
2021-11-02,21050,21100,20750,21050,1077,0.004773269689737569
2021-11-03,21050,21050,20600,20700,1205,-0.016627078384798155
2021-11-04,20700,20800,20400,20600,2757,-0.004830917874396157
2021-11-05,20600,20650,20250,20450,1720,-0.007281553398058249
2021-11-08,20450,20750,20350,20750,1279,0.014669926650366705
2021-11-09,20800,20800,20500,20700,641,-0.002409638554216831
2021-11-10,20600,20800,19900,20000,8435,-0.033816425120772986
2021-11-11,20100,20200,19900,20000,1803,0.0
2021-11-12,20000,20250,20000,20200,345,0.010000000000000009
2021-11-15,20250,20300,20100,20250,1306,0.0024752475247524774
2021-11-16,20300,20350,20150,20250,714,0.0
2021-11-17,20200,20200,19850,19900,2684,-0.01728395061728394
2021-11-18,20000,20200,19700,19800,3627,-0.005025125628140725
2021-11-19,19800,20100,19700,19900,1694,0.005050505050504972
2021-11-22,20050,20100,19800,20000,992,0.005025125628140614
2021-11-23,20000,20100,19800,19950,1228,-0.0024999999999999467
2021-11-24,19950,19950,19700,19850,1809,-0.005012531328320802
2021-11-25,19850,19850,19550,19650,1100,-0.010075566750629705
2021-11-26,19700,19700,18900,19200,3574,-0.022900763358778664
2021-11-29,18800,19150,18700,18850,5828,-0.01822916666666663
2021-11-30,18800,18900,18400,18450,4355,-0.021220159151193685
2021-12-01,18450,18600,18300,18550,2092,0.005420054200542035
2021-12-02,18400,18750,18150,18750,3307,0.010781671159029615
2021-12-03,18750,19400,18750,19400,3454,0.03466666666666662
2021-12-06,19350,19400,18900,19400,811,0.0
2021-12-07,19350,19550,19200,19550,1234,0.0077319587628865705
2021-12-08,19600,19650,19250,19450,1831,-0.005115089514066473
2021-12-09,19400,19600,19350,19550,349,0.005141388174807249
2021-12-10,19500,19900,19450,19700,2293,0.007672634271099765
2021-12-13,19700,19800,19500,19500,734,-0.010152284263959421
2021-12-14,19500,19500,19100,19450,940,-0.002564102564102555
2021-12-15,19400,19400,19100,19150,1335,-0.015424164524421635
2021-12-16,19300,19300,19050,19050,2082,-0.005221932114882533
2021-12-17,19050,19200,19050,19200,1269,0.007874015748031482
2021-12-20,19200,19400,19050,19050,542,-0.0078125
2021-12-21,19200,19200,18950,19100,1611,0.002624671916010568
2021-12-22,19100,19400,19000,19200,1777,0.005235602094240788
2021-12-23,19250,19300,19050,19200,674,0.0
2021-12-24,19200,19250,19150,19250,1888,0.0026041666666667407
2021-12-27,19250,19650,19250,19600,2691,0.018181818181818077
2021-12-28,19650,19750,19450,19750,4119,0.007653061224489832
2021-12-29,19200,19250,19050,19250,2204,-0.025316455696202556
2021-12-30,19400,19400,18800,19100,309,-0.007792207792207795
2022-01-03,19000,19300,18800,19300,2193,0.010471204188481575
2022-01-04,19350,19350,18900,18900,1159,-0.020725388601036232
2022-01-05,19100,19100,18700,19100,1074,0.010582010582010692
2022-01-06,18800,19050,18650,19050,1637,-0.002617801047120394
2022-01-07,19050,19100,18750,19050,643,0.0
2022-01-10,19250,19250,18800,18900,462,-0.007874015748031482
2022-01-11,18950,19100,18650,18800,1310,-0.005291005291005346
2022-01-12,18800,19000,18600,19000,3080,0.010638297872340496
2022-01-13,18950,19100,18750,19100,2068,0.0052631578947368585
2022-01-14,19100,19100,18800,19000,281,-0.005235602094240788
2022-01-17,19000,19000,18700,18750,624,-0.013157894736842146
2022-01-18,18800,19050,18500,18750,1066,0.0
2022-01-19,18750,18800,18500,18750,409,0.0
2022-01-20,18750,18950,18650,18800,165,0.002666666666666595
2022-01-21,18600,18900,18600,18800,284,0.0
2022-01-24,18800,18950,18400,18800,1894,0.0
2022-01-25,18800,18850,17800,18200,3199,-0.03191489361702127
2022-01-26,18200,18200,17900,18050,1307,-0.008241758241758212
2022-01-27,18200,18200,17600,17600,1693,-0.024930747922437657
2022-01-28,17450,18050,17450,18050,753,0.02556818181818188
2022-02-03,18100,18700,18050,18650,1194,0.0332409972299168
2022-02-04,18650,20000,18500,19500,14536,0.04557640750670244
2022-02-07,19200,19900,19100,19650,5351,0.007692307692307665
2022-02-08,19950,20000,19550,19750,3140,0.0050890585241729624
2022-02-09,19850,20000,19550,19700,1786,-0.0025316455696202667
2022-02-10,19800,20900,19750,20450,11928,0.038071065989847774
2022-02-11,19550,20150,19550,19700,7505,-0.03667481662591687
2022-02-14,19700,19950,19300,19400,2230,-0.015228426395939132
2022-02-15,19400,19450,18800,19400,2136,0.0
2022-02-16,19400,19500,19100,19450,5101,0.002577319587628857
2022-02-17,19450,19850,19250,19550,1873,0.005141388174807249
2022-02-18,19450,21350,19400,20300,21951,0.038363171355498826
2022-02-21,20600,21000,20350,20850,9641,0.027093596059113212
2022-02-22,20600,20700,20050,20400,4502,-0.021582733812949617
2022-02-23,20600,20700,20000,20150,1525,-0.01225490196078427
2022-02-24,20350,20350,19350,19850,2910,-0.01488833746898266
2022-02-25,20150,20300,19800,20100,1194,0.012594458438287104
2022-02-28,20250,20250,19850,20000,616,-0.00497512437810943
2022-03-02,19950,20400,19850,20150,1502,0.007500000000000062
2022-03-03,20250,20300,20000,20100,971,-0.002481389578163795
2022-03-04,20100,20400,20000,20300,2453,0.00995024875621886
2022-03-07,20450,20450,19650,19900,2548,-0.019704433497536922
2022-03-08,20200,20300,19500,19900,3683,0.0
2022-03-10,19900,20350,19900,20350,1947,0.022613065326633208
2022-03-11,20200,20400,20000,20300,1927,-0.002457002457002422
2022-03-14,20400,20450,20100,20300,1721,0.0
2022-03-15,20300,20350,20100,20250,1148,-0.0024630541871921707
2022-03-16,20250,20500,20150,20350,1244,0.004938271604938205
2022-03-17,20650,20650,20000,20350,1082,0.0
2022-03-18,20450,20600,20150,20350,2413,0.0
2022-03-21,20450,20500,20300,20400,888,0.002457002457002533
2022-03-22,20500,20500,20300,20400,1346,0.0
2022-03-23,20400,20550,20300,20450,1483,0.002450980392156854
2022-03-24,20450,20550,20250,20550,4048,0.004889975550122161
2022-03-25,20550,20650,20400,20600,1275,0.0024330900243310083
2022-03-28,20650,20650,20250,20500,1492,-0.004854368932038833
2022-03-29,20600,20600,20400,20500,1281,0.0
2022-03-30,20600,20600,20300,20500,927,0.0
2022-03-31,20500,20550,20400,20550,1671,0.0024390243902439046
2022-04-01,20550,20750,20350,20600,3645,0.0024330900243310083
2022-04-04,20800,20800,20000,20400,3347,-0.009708737864077666
2022-04-05,20400,20600,20300,20600,1034,0.009803921568627416
2022-04-06,20600,20600,20400,20400,958,-0.009708737864077666
2022-04-07,20400,20400,20200,20300,702,-0.004901960784313708
2022-04-08,20200,20300,20100,20250,1315,-0.0024630541871921707
2022-04-11,20200,20500,20200,20500,2374,0.012345679012345734
2022-04-12,20600,20600,20200,20350,1255,-0.007317073170731714
2022-04-13,20350,20500,20250,20500,865,0.0073710073710073765
2022-04-14,20500,20550,20300,20450,966,-0.0024390243902439046
2022-04-15,20600,20650,20300,20350,1899,-0.004889975550122272
2022-04-18,20450,20750,20350,20650,2371,0.014742014742014753
2022-04-19,20650,20800,20400,20550,2388,-0.004842615012106588
2022-04-20,20650,24900,20600,21700,153075,0.05596107055961075
2022-04-21,21700,21800,21300,21450,18089,-0.011520737327188946
2022-04-22,21300,22050,21000,21600,9514,0.006993006993007089
2022-04-25,21500,22900,21150,22050,19520,0.02083333333333326
2022-04-26,22050,22700,22000,22200,9640,0.006802721088435382
2022-04-27,21750,22050,21450,22050,11626,-0.006756756756756799
2022-04-28,21950,22300,21800,22200,4469,0.006802721088435382
2022-04-29,22050,22050,21550,21700,8329,-0.022522522522522515
2022-05-02,21500,21650,21300,21550,2859,-0.00691244239631339
2022-05-03,21550,22000,21150,21650,5656,0.004640371229698292
2022-05-04,21600,21600,20900,20900,8838,-0.034642032332563466
2022-05-06,20750,20950,20650,20950,1580,0.0023923444976077235
2022-05-09,20900,21100,20650,20950,9000,0.0
2022-05-10,20700,20750,20400,20650,1466,-0.014319809069212375
2022-05-11,20600,20750,20400,20750,4228,0.004842615012106588
2022-05-12,20700,20950,20500,20750,678,0.0
2022-05-13,21000,21000,20500,20850,1950,0.004819277108433662
2022-05-16,21000,21350,20800,21000,1011,0.007194244604316502
2022-05-17,21000,21550,21000,21200,1305,0.00952380952380949
2022-05-18,21300,21300,20700,21150,998,-0.002358490566037763
2022-05-19,21100,21100,20550,20750,861,-0.01891252955082745
2022-05-20,20750,20900,20600,20900,731,0.0072289156626506035
2022-05-23,20850,20950,20550,20900,912,0.0
2022-05-24,20900,20900,20650,20700,585,-0.009569377990430672
2022-05-25,20650,21400,20600,21300,2966,0.02898550724637672
2022-05-26,21250,21250,21000,21250,975,-0.0023474178403756207
2022-05-27,21250,21350,21000,21200,1011,-0.0023529411764705577
2022-05-30,21300,21300,21150,21250,867,0.002358490566037652
2022-05-31,21300,21350,21000,21250,1089,0.0
2022-06-02,21250,21300,21200,21250,371,0.0
2022-06-03,21300,21300,21050,21100,1630,-0.007058823529411784
2022-06-07,21100,21100,20550,20800,1582,-0.014218009478673022
2022-06-08,20800,22100,20100,20700,6139,-0.004807692307692291
2022-06-09,21000,21000,20550,20700,918,0.0
2022-06-10,20500,20900,20450,20700,306,0.0
2022-06-13,20700,20700,20000,20000,2270,-0.033816425120772986
2022-06-14,19700,20100,19450,19900,1857,-0.0050000000000000044
2022-06-15,19900,20300,19750,19900,1053,0.0
2022-06-16,20000,20200,19700,19750,492,-0.007537688442211032
2022-06-17,19050,19650,19050,19500,852,-0.012658227848101222
2022-06-20,19100,19550,18800,19550,937,0.002564102564102555
2022-06-21,19450,19500,19000,19400,477,-0.007672634271099765
2022-06-22,19050,19500,18850,18850,799,-0.028350515463917536
2022-06-23,18600,18900,18150,18350,1170,-0.02652519893899208
2022-06-24,18500,18800,18350,18800,1769,0.02452316076294281
2022-06-27,18950,19150,18800,19100,814,0.015957446808510634
2022-06-28,19000,19100,18950,19100,234,0.0
2022-06-29,19150,19150,18550,19100,403,0.0
2022-06-30,19050,19050,18700,18950,309,-0.007853403141361293
2022-07-01,18700,18950,18600,18850,386,-0.00527704485488123
2022-07-04,18950,19350,18350,18850,384,0.0
2022-07-05,18950,19000,18850,18950,181,0.0053050397877985045
2022-07-06,19000,19050,18800,19000,330,0.0026385224274405594
2022-07-07,19050,19100,18600,19100,349,0.0052631578947368585
2022-07-08,19100,19150,18650,19150,752,0.002617801047120505
2022-07-11,19300,19300,18600,18950,1605,-0.010443864229765065
2022-07-12,18850,18850,18550,18600,278,-0.01846965699208447
2022-07-13,18700,18750,18050,18400,1177,-0.010752688172043001
2022-07-14,18100,19900,18100,18200,7675,-0.010869565217391353
2022-07-15,18100,18450,18050,18300,1214,0.005494505494505475
2022-07-18,18300,18450,18200,18450,1406,0.008196721311475308
2022-07-19,18400,18450,18200,18350,3329,-0.005420054200542035
2022-07-20,18400,18450,18200,18300,2967,-0.0027247956403270157
2022-07-21,18350,18350,18300,18350,257,0.002732240437158362
2022-07-22,18400,18400,18250,18300,1457,-0.0027247956403270157
2022-07-25,18200,18300,18000,18250,1383,-0.002732240437158473
2022-07-26,18050,18500,18050,18150,1546,-0.005479452054794498
2022-07-27,18050,18350,18050,18350,580,0.011019283746556363
2022-07-28,18400,18400,18150,18350,1961,0.0
2022-07-29,18300,18350,18300,18350,1356,0.0
2022-08-01,18300,19500,18250,18650,6119,0.016348773841961872
2022-08-02,18400,18750,18350,18650,330,0.0
2022-08-03,18750,19000,18650,19000,447,0.018766756032171594
2022-08-04,19100,19300,18950,19100,575,0.0052631578947368585
2022-08-05,19100,19200,18650,18650,1156,-0.023560209424083767
2022-08-08,18650,19000,18600,18950,238,0.01608579088471851
2022-08-09,18950,19000,18750,18950,676,0.0
2022-08-10,18950,19000,18750,18950,1800,0.0
2022-08-11,19000,19200,18900,19100,149,0.0079155672823219
2022-08-12,19100,19400,19100,19400,845,0.015706806282722585
2022-08-16,19400,19550,19050,19300,1692,-0.005154639175257714
2022-08-17,19250,19250,18800,19100,1012,-0.010362694300518172
2022-08-18,19100,19100,18750,19100,509,0.0
2022-08-19,19100,19100,18750,19100,2298,0.0
2022-08-22,19050,19100,18550,18700,1507,-0.020942408376963373
2022-08-23,18300,18700,18250,18450,2110,-0.013368983957219305
2022-08-24,18800,18800,18300,18400,856,-0.0027100271002710175
2022-08-25,18450,18600,18300,18450,1949,0.0027173913043478937
2022-08-26,18600,18900,18400,18550,2538,0.005420054200542035
2022-08-29,18150,18400,18050,18400,2679,-0.008086253369272267
2022-08-30,18400,18450,18200,18450,7117,0.0027173913043478937
2022-08-31,18400,18450,18250,18400,485,-0.0027100271002710175
2022-09-01,18400,18400,18100,18350,467,-0.0027173913043477826
2022-09-02,18400,18400,18100,18350,381,0.0
2022-09-05,18300,18350,18050,18300,1859,-0.0027247956403270157
2022-09-06,18300,18300,18150,18300,125,0.0
2022-09-07,18300,18300,17750,18150,1468,-0.008196721311475419
2022-09-08,18150,18150,18000,18100,479,-0.0027548209366391463
2022-09-13,18300,18500,18150,18250,4073,0.008287292817679592
2022-09-14,17950,18200,17950,18100,484,-0.008219178082191747
2022-09-15,18100,18100,17950,18100,1209,0.0
2022-09-16,18100,18100,17700,18000,1525,-0.0055248618784530246
2022-09-19,18000,18000,17650,17900,1231,-0.005555555555555536
2022-09-20,17900,17950,17700,17850,731,-0.0027932960893854997
2022-09-21,17850,18000,17700,17850,457,0.0
2022-09-22,17850,17850,17650,17850,926,0.0
2022-09-23,17850,17850,17350,17500,1540,-0.019607843137254943
2022-09-26,17500,17500,16550,16900,1864,-0.03428571428571425
2022-09-27,16850,18300,16650,17000,5193,0.00591715976331364
2022-09-28,16900,17100,16550,16900,1562,-0.00588235294117645
2022-09-29,16900,17350,16650,17000,373,0.00591715976331364
2022-09-30,16900,17000,16650,17000,1513,0.0
2022-10-04,17250,17250,16750,17000,798,0.0
2022-10-05,17400,17400,16450,16550,2470,-0.026470588235294135
2022-10-06,16650,16850,16600,16850,370,0.01812688821752273
2022-10-07,16800,16800,16600,16750,334,-0.005934718100890191
2022-10-11,16650,16650,15900,16300,1656,-0.0268656716417911
2022-10-12,16300,16750,16000,16750,1285,0.027607361963190247
2022-10-13,16700,16700,16050,16450,1230,-0.017910447761193993
2022-10-14,16250,16550,16250,16550,591,0.006079027355623046
2022-10-17,16400,16450,15750,16050,1803,-0.030211480362537735
2022-10-18,16100,16250,16000,16200,1910,0.009345794392523255
2022-10-19,16200,16200,15950,16050,1539,-0.0092592592592593
2022-10-20,16100,16150,16050,16150,418,0.006230529595015577
2022-10-21,16200,16200,16050,16100,203,-0.003095975232198178
2022-10-24,16350,16350,15950,16150,435,0.0031055900621117516
2022-10-25,16150,16600,15950,16150,968,0.0
2022-10-26,16200,16200,15750,16100,674,-0.003095975232198178
2022-10-27,15900,16100,15900,16100,806,0.0
2022-10-28,16100,16300,16000,16100,704,0.0
2022-10-31,16050,16200,16050,16100,94,0.0
2022-11-01,16100,16200,16000,16200,766,0.006211180124223503
2022-11-02,16200,16550,16150,16350,596,0.0092592592592593
2022-11-03,15800,16550,15800,16350,823,0.0
2022-11-04,16150,16650,16050,16400,829,0.003058103975535076
2022-11-07,16250,16550,16200,16450,1156,0.0030487804878047697
2022-11-08,16500,16600,16250,16450,379,0.0
2022-11-09,16450,16600,16450,16550,725,0.006079027355623046
2022-11-10,16550,16650,16350,16500,524,-0.0030211480362537513
2022-11-11,16700,16700,16450,16550,2943,0.003030303030302939
2022-11-14,16700,16800,16500,16500,784,-0.0030211480362537513
2022-11-15,16650,16650,16250,16650,470,0.009090909090909038
2022-11-16,16700,16700,16300,16600,2428,-0.0030030030030030463
2022-11-17,16700,16700,16500,16650,231,0.003012048192771122
2022-11-18,16750,16750,16450,16650,179,0.0
2022-11-21,16750,17650,16500,17000,10170,0.021021021021021102
2022-11-22,17000,17000,16200,16300,5809,-0.04117647058823526
2022-11-23,16400,16750,16300,16450,1257,0.009202453987730008
2022-11-24,16600,16600,16250,16450,985,0.0
2022-11-25,16500,16500,16150,16200,4759,-0.015197568389057725
2022-11-28,16250,16300,15800,16200,1602,0.0
2022-11-29,16150,16250,16050,16200,744,0.0
2022-11-30,16250,16300,16100,16200,1713,0.0
2022-12-01,16250,16550,16250,16550,2136,0.021604938271605034
2022-12-02,16600,16700,16300,16400,334,-0.009063444108761365
2022-12-05,16400,16600,16250,16450,1689,0.0030487804878047697
2022-12-06,16450,16550,16400,16450,984,0.0
2022-12-07,16550,16550,16350,16500,279,0.003039513677811634
2022-12-08,16500,16650,16250,16500,1005,0.0
2022-12-09,16650,16650,16200,16550,1057,0.003030303030302939
2022-12-12,16550,16600,16500,16550,394,0.0
2022-12-13,16900,16900,16550,16600,722,0.0030211480362538623
2022-12-14,16650,16850,16550,16850,1573,0.015060240963855387
2022-12-15,16800,17000,16650,17000,1660,0.008902077151335286
2022-12-16,16600,16950,16600,16950,848,-0.002941176470588225
2022-12-19,16950,16950,16650,16900,546,-0.002949852507374673
2022-12-20,16850,16900,16650,16900,107,0.0
2022-12-21,16900,17000,16800,17000,1920,0.00591715976331364
2022-12-22,17050,17200,17000,17200,1191,0.0117647058823529
2022-12-23,17150,17250,17100,17250,1959,0.0029069767441860517
2022-12-26,17250,17250,17000,17250,2084,0.0
2022-12-27,17250,17400,17050,17400,4124,0.008695652173912993
2022-12-28,16950,16950,16650,16750,1537,-0.03735632183908044
2022-12-29,16500,17000,16500,16600,126,-0.008955223880596996
2023-01-02,16700,16700,16050,16300,354,-0.01807228915662651
2023-01-03,16450,16450,15700,16200,1448,-0.006134969325153339
2023-01-04,16200,16300,15700,16250,1385,0.0030864197530864335
2023-01-05,16250,16550,16000,16350,179,0.006153846153846176
2023-01-06,16300,16300,15900,16200,2882,-0.00917431192660545
2023-01-09,16350,16400,16200,16350,1203,0.0092592592592593
2023-01-10,16350,16600,16350,16550,390,0.012232415902140747
2023-01-11,16550,16600,16300,16550,356,0.0
2023-01-12,16600,16600,16400,16550,752,0.0
2023-01-13,16600,16700,16500,16700,339,0.009063444108761365
2023-01-16,16700,16800,16550,16800,220,0.0059880239520957446
2023-01-17,16800,16850,16350,16600,1537,-0.011904761904761862
2023-01-18,16750,16750,16300,16500,158,-0.0060240963855421326
2023-01-19,16650,17000,15900,16300,4380,-0.012121212121212088
2023-01-20,16350,16600,16150,16600,349,0.018404907975460016
2023-01-25,16490,16680,16380,16390,1474,-0.012650602409638556
2023-01-26,16390,16390,16290,16300,1772,-0.005491153142159866
2023-01-27,16330,16370,16330,16370,894,0.004294478527607337
2023-01-30,16370,16650,16240,16340,988,-0.0018326206475259843
2023-01-31,16340,16490,16300,16460,228,0.007343941248469932
2023-02-01,16360,16640,16350,16460,331,0.0
2023-02-02,16420,16620,16200,16330,841,-0.007897934386391303
2023-02-03,16330,16490,16330,16410,191,0.004898958971218725
2023-02-06,16360,16370,16320,16340,254,-0.004265691651432091
2023-02-07,16410,16420,16300,16320,726,-0.001223990208078285
2023-02-08,16320,16320,16290,16320,569,0.0
2023-02-09,16320,16650,16310,16400,1031,0.004901960784313708
2023-02-10,16500,16500,16360,16380,516,-0.0012195121951219523
2023-02-13,16380,16660,16330,16440,784,0.00366300366300365
2023-02-14,16440,16550,16400,16500,750,0.0036496350364962904
2023-02-15,16450,16490,16360,16360,641,-0.00848484848484854
2023-02-16,16550,16550,16360,16430,467,0.0042787286063570296
2023-02-17,16500,16500,16340,16500,249,0.004260499087035852
2023-02-20,16930,16930,16500,16650,1726,0.009090909090909038
2023-02-21,16790,16790,16570,16600,475,-0.0030030030030030463
2023-02-22,16590,16590,16430,16550,207,-0.003012048192771122
2023-02-23,16550,16550,16330,16450,360,-0.0060422960725075026
2023-02-24,16500,16510,16260,16300,598,-0.00911854103343468
2023-02-27,16300,16450,15850,16120,1042,-0.011042944785276121
2023-02-28,16220,16220,16120,16120,120,0.0
2023-03-02,16120,16160,16100,16100,544,-0.001240694789081842
2023-03-03,16100,16220,16090,16090,472,-0.0006211180124223725
2023-03-06,16090,16130,16010,16130,793,0.0024860161591049312
2023-03-07,16040,16390,15830,16010,629,-0.007439553626782391
2023-03-08,16010,16100,15920,15940,583,-0.004372267332916957
2023-03-09,15950,16030,15940,15970,268,0.0018820577164366803
2023-03-10,15960,16000,15900,16000,515,0.0018785222291797243
2023-03-13,16000,16140,15920,16040,199,0.0024999999999999467
2023-03-14,16040,16040,15920,15960,508,-0.004987531172069848
2023-03-15,15970,16200,15930,16140,990,0.011278195488721776
2023-03-16,16110,16160,15910,16100,247,-0.0024783147459727095
2023-03-17,16100,16100,15940,16060,1086,-0.00248447204968949
2023-03-20,16060,16390,15750,16150,430,0.005603985056039873
2023-03-21,16300,16300,16070,16070,521,-0.004953560371517063
2023-03-22,16000,16160,15750,15990,1733,-0.004978220286247614
2023-03-23,16000,16010,15940,15940,1222,-0.0031269543464665928
