Date,Open,High,Low,Close,Volume,Change
2015-01-02,5450,5570,5450,5530,48783,-0.007181328545781018
2015-01-05,5430,5590,5400,5500,47278,-0.005424954792043413
2015-01-06,5480,5570,5450,5470,49260,-0.00545454545454549
2015-01-07,5470,5580,5400,5540,42517,0.01279707495429605
2015-01-08,5550,5600,5400,5500,65098,-0.0072202166064981865
2015-01-09,5550,5580,5490,5540,78677,0.0072727272727273196
2015-01-12,5540,5660,5540,5560,42854,0.0036101083032491488
2015-01-13,5560,5640,5550,5600,39527,0.007194244604316502
2015-01-14,5680,5790,5650,5720,83171,0.021428571428571352
2015-01-15,5730,5800,5630,5750,38536,0.005244755244755206
2015-01-16,5750,5750,5520,5640,57341,-0.019130434782608674
2015-01-19,5680,5760,5640,5680,49574,0.007092198581560183
2015-01-20,5670,5710,5550,5600,51381,-0.014084507042253502
2015-01-21,5590,5670,5550,5610,27058,0.0017857142857142794
2015-01-22,5610,5610,5500,5550,77386,-0.010695187165775444
2015-01-23,5550,5620,5540,5600,39200,0.009009009009008917
2015-01-26,5620,5670,5580,5610,24544,0.0017857142857142794
2015-01-27,5610,5610,5520,5570,43207,-0.007130124777183555
2015-01-28,5530,5570,5470,5550,58827,-0.0035906642728904536
2015-01-29,5500,5620,5500,5600,50050,0.009009009009008917
2015-01-30,5620,6300,5600,5980,646593,0.06785714285714284
2015-02-02,5980,6000,5810,5910,181083,-0.01170568561872909
2015-02-03,5890,6050,5850,5930,88453,0.0033840947546530664
2015-02-04,5950,5950,5850,5890,84762,-0.006745362563237767
2015-02-05,5890,5970,5830,5890,62445,0.0
2015-02-06,5920,6100,5860,5980,113384,0.015280135823429575
2015-02-09,5940,6050,5900,5940,125048,-0.006688963210702337
2015-02-10,6000,6080,5860,5930,64401,-0.0016835016835017313
2015-02-11,5940,6010,5910,6010,65467,0.013490725126475533
2015-02-12,6010,6080,5950,6000,58385,-0.0016638935108153063
2015-02-13,6000,6040,5960,6000,46196,0.0
2015-02-16,6020,6250,5990,6160,310268,0.026666666666666616
2015-02-17,6200,6210,5980,6080,208836,-0.012987012987012991
2015-02-23,6090,6150,5990,6130,96779,0.008223684210526327
2015-02-24,6240,6340,6160,6300,180830,0.027732463295269127
2015-02-25,6350,6370,6230,6250,111834,-0.007936507936507908
2015-02-26,6250,6310,6220,6270,102443,0.0032000000000000917
2015-02-27,6270,6330,6190,6250,91472,-0.0031897926634768536
2015-03-02,6260,6320,6190,6240,85234,-0.0016000000000000458
2015-03-03,6240,6400,6170,6350,78655,0.017628205128205066
2015-03-04,6350,6400,6290,6300,56039,-0.007874015748031482
2015-03-05,6300,6440,6300,6410,112905,0.0174603174603174
2015-03-06,6410,6600,6410,6510,161657,0.015600624024961096
2015-03-09,6500,6600,6450,6500,46259,-0.001536098310291889
2015-03-10,6500,6580,6390,6470,106643,-0.004615384615384577
2015-03-11,6390,6890,6390,6640,124390,0.026275115919629055
2015-03-12,6640,6740,6560,6720,114767,0.012048192771084265
2015-03-13,6720,6790,6630,6770,73609,0.007440476190476275
2015-03-16,6770,6930,6770,6900,145932,0.019202363367799125
2015-03-17,6910,6920,6830,6900,92492,0.0
2015-03-18,6900,7090,6790,7040,158027,0.020289855072463725
2015-03-19,7090,7140,6970,7040,111614,0.0
2015-03-20,7070,7350,7040,7250,421207,0.029829545454545414
2015-03-23,7330,7940,7280,7680,671974,0.05931034482758624
2015-03-24,7750,7810,7520,7770,232722,0.01171875
2015-03-25,7770,7800,7580,7680,202898,-0.01158301158301156
2015-03-26,7670,7920,7600,7790,266175,0.01432291666666674
2015-03-27,7670,7760,7400,7470,204285,-0.04107830551989733
2015-03-30,7470,7550,7400,7500,138427,0.004016064257028162
2015-03-31,7540,7550,7450,7510,108081,0.0013333333333334085
2015-04-01,7540,7820,7430,7670,296573,0.02130492676431417
2015-04-02,7770,7770,7560,7560,133354,-0.014341590612777066
2015-04-03,7590,7650,7420,7520,88596,-0.005291005291005346
2015-04-06,7490,7640,7490,7510,107793,-0.0013297872340425343
2015-04-07,7590,7590,7480,7540,92827,0.003994673768308976
2015-04-08,7540,7900,7510,7840,254054,0.039787798408488007
2015-04-09,7890,8890,7870,8620,1022631,0.09948979591836737
2015-04-10,8700,8750,8450,8680,295376,0.006960556844547661
2015-04-13,8700,9140,8600,8610,379878,-0.008064516129032251
2015-04-14,8680,9090,8540,8910,346486,0.03484320557491283
2015-04-15,9000,9110,8800,9050,248655,0.015712682379348974
2015-04-16,9070,9070,8790,8930,194864,-0.013259668508287303
2015-04-17,8840,8980,8790,8820,157533,-0.012318029115341522
2015-04-20,8750,9010,8630,8900,225940,0.009070294784580435
2015-04-21,9000,9050,8790,8820,137570,-0.008988764044943864
2015-04-22,8760,9050,8210,8750,278831,-0.007936507936507908
2015-04-23,8750,8830,8370,8700,170302,-0.005714285714285672
2015-04-24,8690,8780,8400,8580,126701,-0.01379310344827589
2015-04-27,8620,8620,8490,8600,63445,0.002331002331002363
2015-04-28,8460,8740,8460,8630,85049,0.0034883720930232176
2015-04-29,8550,8660,8380,8500,63493,-0.015063731170335992
2015-04-30,8500,8540,8300,8330,47563,-0.020000000000000018
2015-05-04,8350,8380,7800,8040,121415,-0.03481392557022811
2015-05-06,7850,8000,7600,7850,202850,-0.023631840796019876
2015-05-07,7700,7880,7540,7850,115308,0.0
2015-05-08,7910,8180,7810,8170,126650,0.040764331210191074
2015-05-11,8170,8300,8170,8220,80971,0.006119951040391758
2015-05-12,8300,8400,8190,8300,93596,0.009732360097323589
2015-05-13,8340,8450,8280,8430,74925,0.015662650602409567
2015-05-14,8450,8490,8310,8470,63928,0.004744958481613271
2015-05-15,8500,8780,8420,8580,117413,0.01298701298701288
2015-05-18,8600,8700,8300,8470,132129,-0.012820512820512775
2015-05-19,8430,8760,8430,8610,146176,0.016528925619834656
2015-05-20,8700,9900,8690,9890,1757390,0.14866434378629512
2015-05-21,10050,10650,9790,9850,1275772,-0.004044489383215333
2015-05-22,9920,9950,9360,9360,659586,-0.04974619289340099
2015-05-26,9400,9660,9250,9510,313847,0.01602564102564097
2015-05-27,9500,9510,9040,9130,285377,-0.039957939011566745
2015-05-28,9230,9510,9160,9460,225990,0.03614457831325302
2015-05-29,9460,9580,9330,9370,193097,-0.009513742071881603
2015-06-01,9510,9880,9260,9680,353896,0.033084311632870955
2015-06-02,9760,10800,9710,10400,1181302,0.07438016528925617
2015-06-03,10150,10400,9730,9870,571204,-0.0509615384615385
2015-06-04,9870,9930,9370,9450,284356,-0.04255319148936165
2015-06-05,9460,9700,9400,9490,171427,0.004232804232804144
2015-06-08,9390,9580,9190,9270,194483,-0.023182297154899945
2015-06-09,9200,9490,9200,9350,110623,0.008629989212513456
2015-06-10,9500,9500,8950,9110,223830,-0.025668449197860932
2015-06-11,9350,9360,9060,9280,117385,0.01866081229418226
2015-06-12,9280,9440,8880,8880,202208,-0.0431034482758621
2015-06-15,8710,9190,8610,8950,168206,0.007882882882882969
2015-06-16,8910,9100,8790,8900,188727,-0.005586592178770999
2015-06-17,8920,9140,8900,8980,117100,0.008988764044943753
2015-06-18,9080,9260,9010,9220,167227,0.026726057906458767
2015-06-19,9290,9360,9090,9140,93954,-0.008676789587852451
2015-06-22,9240,9290,8970,9040,102443,-0.01094091903719907
2015-06-23,9170,9260,8990,9240,138733,0.022123893805309658
2015-06-24,9260,9490,9200,9490,251488,0.027056277056277
2015-06-25,9480,9870,9430,9740,352966,0.026343519494204326
2015-06-26,9830,10350,9350,9350,909053,-0.04004106776180694
2015-06-29,9200,9380,8880,8880,365033,-0.05026737967914441
2015-06-30,8900,9150,8670,9070,227561,0.021396396396396344
2015-07-01,9120,10200,9100,10000,830475,0.10253583241455355
2015-07-02,10150,10650,9710,9970,998554,-0.0030000000000000027
2015-07-03,10050,10950,9990,10750,2044844,0.07823470411233702
2015-07-06,10450,12000,10400,11200,2396869,0.041860465116279055
2015-07-07,11650,12250,9650,9820,2296766,-0.12321428571428572
2015-07-08,9800,9890,9120,9260,877594,-0.05702647657841142
2015-07-09,8890,9200,8590,9000,785221,-0.02807775377969768
2015-07-10,9170,9540,8840,8910,560679,-0.010000000000000009
2015-07-13,9010,9210,8900,9210,204631,0.03367003367003374
2015-07-14,9390,9490,9150,9300,310379,0.009771986970684043
2015-07-15,9270,9490,9200,9460,283657,0.017204301075268713
2015-07-16,9460,9600,9330,9510,224498,0.005285412262156397
2015-07-17,9480,9500,9100,9110,220883,-0.04206098843322814
2015-07-20,9160,9330,9100,9240,169992,0.014270032930845167
2015-07-21,9250,9310,9050,9190,121631,-0.005411255411255422
2015-07-22,9200,9200,8960,9060,280011,-0.014145810663764968
2015-07-23,9020,9060,8900,9000,176745,-0.0066225165562914245
2015-07-24,9080,9260,8940,9220,155836,0.02444444444444449
2015-07-27,9210,9220,8790,8790,192486,-0.04663774403470711
2015-07-28,8630,8690,8280,8610,164939,-0.020477815699658675
2015-07-29,8750,8830,8320,8320,102481,-0.03368176538908241
2015-07-30,8280,8400,7900,7970,186963,-0.04206730769230771
2015-07-31,7970,8250,7830,8160,140730,0.023839397741530766
2015-08-03,8200,8310,8030,8070,83789,-0.011029411764705843
2015-08-04,7990,8300,7980,8290,114515,0.027261462205700138
2015-08-05,8300,8550,8280,8540,86605,0.030156815440289586
2015-08-06,8540,8690,8490,8530,76460,-0.0011709601873536313
2015-08-07,8530,8700,8380,8530,44914,0.0
2015-08-10,8600,8600,8320,8320,37390,-0.024618991793669442
2015-08-11,8470,8470,7980,8380,100003,0.007211538461538547
2015-08-12,8230,8310,7830,7920,159844,-0.054892601431980936
2015-08-13,7920,8250,7850,8100,64387,0.022727272727272707
2015-08-17,8120,8350,7960,7960,49708,-0.01728395061728394
2015-08-18,7980,8070,7610,7710,142106,-0.031407035175879394
2015-08-19,7700,7700,6950,7150,275683,-0.07263294422827493
2015-08-20,7050,7220,6900,7050,160224,-0.013986013986013957
2015-08-21,6730,7090,6600,6700,306133,-0.049645390070921946
2015-08-24,6450,6900,6440,6590,148289,-0.016417910447761197
2015-08-25,6600,7220,6550,6990,326603,0.060698027314112224
2015-08-26,6990,7150,6850,7100,116271,0.01573676680972813
2015-08-27,7150,7420,7100,7190,140126,0.012676056338028152
2015-08-28,7280,7310,7140,7240,123831,0.006954102920723182
2015-08-31,7230,7250,7050,7100,45362,-0.01933701657458564
2015-09-01,7100,7240,7000,7000,161801,-0.014084507042253502
2015-09-02,6910,7210,6870,7170,67865,0.024285714285714244
2015-09-03,7210,7250,7000,7010,83803,-0.02231520223152017
2015-09-04,7070,7140,6800,6860,97649,-0.021398002853067033
2015-09-07,6860,6920,6770,6790,74026,-0.010204081632653073
2015-09-08,6860,6880,6480,6580,285909,-0.030927835051546393
2015-09-09,6680,6920,6670,6880,192726,0.045592705167173175
2015-09-10,6810,6990,6800,6960,57782,0.011627906976744207
2015-09-11,7020,7150,6930,7070,93267,0.015804597701149392
2015-09-14,7100,7170,6950,6970,49947,-0.014144271570014189
2015-09-15,6930,7110,6900,7080,25566,0.015781922525107683
2015-09-16,7080,7260,7080,7200,113815,0.016949152542372836
2015-09-17,7250,7330,7100,7160,33806,-0.005555555555555536
2015-09-18,7200,7480,7200,7430,98713,0.0377094972067038
2015-09-21,7340,7390,7260,7270,48944,-0.021534320323014833
2015-09-22,7290,7450,7220,7350,32793,0.011004126547455195
2015-09-23,7270,7320,7070,7120,87499,-0.03129251700680269
2015-09-24,7090,7240,7080,7190,27562,0.00983146067415741
2015-09-25,7210,7210,7020,7170,37519,-0.0027816411682892728
2015-09-30,7030,7160,6870,7020,92237,-0.02092050209205021
2015-10-01,7020,7180,6970,7030,75962,0.0014245014245013454
2015-10-02,7080,7110,6990,7040,32838,0.0014224751066855834
2015-10-05,7100,7270,7090,7130,113462,0.012784090909090828
2015-10-06,7230,7360,7130,7240,70895,0.015427769985974837
2015-10-07,7240,7300,7060,7150,44594,-0.012430939226519389
2015-10-08,7170,7250,6970,6990,92443,-0.02237762237762242
2015-10-12,7060,7060,6820,6890,101855,-0.014306151645207432
2015-10-13,6950,6950,6830,6890,50477,0.0
2015-10-14,6840,6920,6700,6850,127547,-0.005805515239477477
2015-10-15,6850,6920,6800,6900,67695,0.007299270072992803
2015-10-16,6960,6980,6870,6960,77012,0.008695652173912993
2015-10-19,6990,7020,6850,6940,61455,-0.002873563218390829
2015-10-20,6950,7050,6850,7020,59979,0.011527377521613813
2015-10-21,7040,7040,6900,6900,53267,-0.017094017094017144
2015-10-22,7000,7000,6850,6900,31833,0.0
2015-10-23,6930,7070,6910,6980,53775,0.011594202898550732
2015-10-26,7040,7060,6970,7000,39308,0.002865329512893977
2015-10-27,7000,7080,6930,6990,87991,-0.0014285714285714457
2015-10-28,6990,7060,6940,7020,21632,0.0042918454935623185
2015-10-29,7080,7080,6950,7030,53904,0.0014245014245013454
2015-10-30,7030,7070,6870,6920,66160,-0.015647226173541973
2015-11-02,6880,6930,6810,6850,19073,-0.010115606936416222
2015-11-03,6880,6920,6780,6810,27137,-0.005839416058394109
2015-11-04,6810,7110,6810,7040,77015,0.03377386196769461
2015-11-05,7150,7850,7070,7490,440235,0.06392045454545459
2015-11-06,7720,7950,7540,7610,301490,0.01602136181575431
2015-11-09,7610,8060,7310,8030,455194,0.05519053876478308
2015-11-10,8000,8110,7570,7590,343619,-0.0547945205479452
2015-11-11,7530,8190,7510,8190,415496,0.07905138339920947
2015-11-12,8240,8480,8080,8410,409701,0.026862026862026767
2015-11-13,8200,8340,8050,8200,361832,-0.024970273483947647
2015-11-16,7880,8140,7730,8030,536776,-0.02073170731707319
2015-11-17,8110,8280,7980,8030,197266,0.0
2015-11-18,8010,8100,7750,7760,206662,-0.03362391033623913
2015-11-19,7780,7930,7740,7760,128846,0.0
2015-11-20,7790,7860,7600,7840,114134,0.010309278350515427
2015-11-23,8060,9200,8020,8510,1447412,0.0854591836734695
2015-11-24,8510,8600,8120,8260,281810,-0.029377203290246734
2015-11-25,8310,8360,8090,8220,200786,-0.004842615012106588
2015-11-26,8150,8270,8070,8070,210201,-0.018248175182481785
2015-11-27,8150,8150,7940,7940,160854,-0.01610904584882278
2015-11-30,7910,7910,7740,7750,168873,-0.023929471032745564
2015-12-01,7770,8200,7760,8180,295928,0.05548387096774188
2015-12-02,8220,8260,7900,7900,208479,-0.03422982885085579
2015-12-03,7830,7850,7650,7740,164412,-0.020253164556962022
2015-12-04,7610,7710,7560,7570,116154,-0.021963824289405687
2015-12-07,7620,7700,7440,7650,180896,0.010568031704095038
2015-12-08,7640,7780,7410,7500,211408,-0.019607843137254943
2015-12-09,7470,7680,7420,7440,83539,-0.008000000000000007
2015-12-10,7470,7540,7230,7400,159248,-0.005376344086021501
2015-12-11,7400,7410,7170,7200,139114,-0.027027027027026973
2015-12-14,7160,7160,6900,6910,156674,-0.040277777777777746
2015-12-15,6900,7500,6900,7210,125918,0.04341534008683068
2015-12-16,7300,7620,7210,7470,154524,0.03606102635228847
2015-12-17,7500,7560,7340,7440,133845,-0.004016064257028162
2015-12-18,7370,7680,7300,7650,159065,0.02822580645161299
2015-12-21,7550,7650,7500,7500,78950,-0.019607843137254943
2015-12-22,7550,7610,7420,7500,87185,0.0
2015-12-23,7480,7570,7430,7440,77572,-0.008000000000000007
2015-12-24,7530,7730,7440,7560,150996,0.016129032258064502
2015-12-28,7690,8120,7690,8000,453510,0.05820105820105814
2015-12-29,8140,8290,7950,8190,355335,0.023749999999999938
2015-12-30,8180,8180,8020,8140,166761,-0.006105006105006083
2016-01-04,8130,8150,7920,8140,281440,0.0
2016-01-05,8040,8250,8000,8190,243179,0.006142506142506221
2016-01-06,8200,8590,8110,8550,609906,0.04395604395604402
2016-01-07,8470,8690,8190,8380,704752,-0.019883040935672502
2016-01-08,8210,8900,8130,8770,802330,0.046539379474940246
2016-01-11,8870,10100,8800,9380,2844188,0.06955530216647654
2016-01-12,9560,9560,8930,9020,834633,-0.03837953091684432
2016-01-13,9190,9200,8600,8780,885059,-0.026607538802660757
2016-01-14,8610,8710,8420,8710,474061,-0.007972665148063829
2016-01-15,8720,8840,8450,8450,357135,-0.02985074626865669
2016-01-18,8320,8760,8300,8630,455032,0.02130177514792897
2016-01-19,8620,8830,8520,8800,440366,0.01969872537659323
2016-01-20,8770,9060,8400,8660,719046,-0.015909090909090873
2016-01-21,8790,9010,8630,8720,492932,0.006928406466512715
2016-01-22,8750,8890,8490,8670,297561,-0.005733944954128489
2016-01-25,8750,9140,8670,8980,629032,0.035755478662053086
2016-01-26,8970,9340,8910,9090,594779,0.012249443207126953
2016-01-27,9200,9210,8660,8730,407195,-0.03960396039603964
2016-01-28,8680,8850,8540,8800,248182,0.008018327605956443
2016-01-29,8840,9290,8750,9080,886006,0.031818181818181746
2016-02-01,9480,9730,9340,9410,1576796,0.03634361233480177
2016-02-02,9600,9680,9150,9160,880752,-0.026567481402762994
2016-02-03,9250,9940,9250,9510,1611939,0.03820960698689957
2016-02-04,9630,9690,9170,9210,695375,-0.03154574132492116
2016-02-05,9240,9520,9160,9510,618357,0.032573289902280145
2016-02-11,9070,9330,8570,8610,667543,-0.09463722397476337
2016-02-12,8310,8600,7700,7710,933129,-0.1045296167247387
2016-02-15,7950,8040,7730,8030,358474,0.04150453955901434
2016-02-16,8030,8250,8030,8040,256999,0.001245330012453305
2016-02-17,8170,8200,7760,7860,428503,-0.02238805970149249
2016-02-18,7980,7990,7800,7870,327298,0.0012722646310432406
2016-02-19,7880,7890,7740,7820,277191,-0.006353240152477735
2016-02-22,7820,8100,7770,8080,312241,0.03324808184143224
2016-02-23,8120,8130,7840,7850,280833,-0.02846534653465349
2016-02-24,7850,7950,7780,7810,150099,-0.005095541401273884
2016-02-25,7860,7960,7700,7760,216439,-0.006402048655569814
2016-02-26,7870,7910,7730,7900,156421,0.018041237113401998
2016-02-29,7900,7900,7650,7700,271304,-0.025316455696202556
2016-03-02,7750,7880,7720,7880,191527,0.023376623376623273
2016-03-03,7920,7920,7800,7890,163751,0.0012690355329949554
2016-03-04,7880,8000,7840,7900,180393,0.0012674271229404788
2016-03-07,7950,7990,7790,7810,211122,-0.011392405063291089
2016-03-08,7800,7890,7740,7810,137794,0.0
2016-03-09,7820,8030,7800,8000,232477,0.02432778489116516
2016-03-10,8000,8070,7940,8000,133772,0.0
2016-03-11,7980,8050,7920,8010,92895,0.0012499999999999734
2016-03-14,8050,8060,7960,7980,115755,-0.0037453183520599342
2016-03-15,7980,8020,7830,7830,115457,-0.018796992481203034
2016-03-16,7830,7930,7810,7860,59946,0.003831417624521105
2016-03-17,7910,8010,7830,7950,147930,0.011450381679389388
2016-03-18,7950,8260,7930,8260,317926,0.03899371069182389
2016-03-21,8300,8310,8130,8200,123793,-0.007263922518159771
2016-03-22,8200,8640,8190,8480,684981,0.034146341463414664
2016-03-23,8500,8500,8300,8380,153350,-0.011792452830188704
2016-03-24,8350,8440,8160,8300,110144,-0.009546539379474916
2016-03-25,8260,8500,8260,8370,112864,0.008433734939758963
2016-03-28,8440,8470,8270,8310,96593,-0.007168458781361964
2016-03-29,8310,8390,8210,8360,127357,0.006016847172081841
2016-03-30,8370,8470,8320,8340,110804,-0.0023923444976076125
2016-03-31,8370,8430,8000,8110,354740,-0.027577937649880147
2016-04-01,8150,8450,8150,8390,330275,0.03452527743526512
2016-04-04,8530,8970,8510,8900,881142,0.06078665077473189
2016-04-05,8940,8950,8700,8900,323475,0.0
2016-04-06,8900,9240,8800,8950,447833,0.00561797752808979
2016-04-07,9060,9260,9000,9120,352344,0.018994413407821265
2016-04-08,9050,9240,8910,9060,221392,-0.006578947368421018
2016-04-11,9120,9390,8840,9160,623213,0.011037527593819041
2016-04-12,9080,9160,8810,8810,410229,-0.03820960698689957
2016-04-14,8830,8950,8620,8840,218109,0.0034052213393871433
2016-04-15,8870,9090,8760,9020,202064,0.020361990950226172
2016-04-18,9070,9100,8850,8910,158796,-0.012195121951219523
2016-04-19,8940,9050,8870,9010,139229,0.011223344556677839
2016-04-20,9070,9210,8930,8960,232922,-0.005549389567147567
2016-04-21,9020,9050,8890,8930,136782,-0.0033482142857143016
2016-04-22,9000,9040,8890,8930,98225,0.0
2016-04-25,8950,9630,8950,9630,907794,0.07838745800671898
2016-04-26,9600,9900,9500,9530,797621,-0.010384215991692591
2016-04-27,9440,9550,9130,9160,440243,-0.03882476390346279
2016-04-28,9270,9310,9090,9130,219534,-0.0032751091703057122
2016-04-29,9110,9330,9050,9330,210588,0.02190580503833517
2016-05-02,9360,9380,9090,9090,254265,-0.025723472668810254
2016-05-03,9090,9300,9000,9050,132892,-0.004400440044004417
2016-05-04,8970,9030,8660,8700,362666,-0.03867403314917128
2016-05-09,8700,9240,8700,9120,271636,0.048275862068965614
2016-05-10,9130,9640,9120,9310,605125,0.02083333333333326
2016-05-11,9400,9660,9370,9430,422692,0.012889366272824887
2016-05-12,9440,9770,9350,9700,371307,0.028632025450689325
2016-05-13,9710,9740,9460,9490,202275,-0.02164948453608251
2016-05-16,9470,10150,9470,10100,980264,0.0642781875658589
2016-05-17,10250,10300,9920,10050,533964,-0.004950495049504955
2016-05-18,10100,11700,10050,10650,2574162,0.05970149253731338
2016-05-19,10550,11100,10100,10750,1410629,0.009389671361502261
2016-05-20,10800,11400,10650,10800,753916,0.0046511627906977715
2016-05-23,11100,11400,10850,11100,678196,0.02777777777777768
2016-05-24,11200,11950,10950,11550,1199632,0.04054054054054057
2016-05-25,11600,11750,10050,10200,1549992,-0.11688311688311692
2016-05-26,10300,10450,10000,10400,522664,0.019607843137254832
2016-05-27,10450,10500,10150,10250,247091,-0.014423076923076872
2016-05-30,10300,10500,9980,10400,254573,0.014634146341463428
2016-05-31,10450,10550,10200,10500,242286,0.009615384615384581
2016-06-01,10500,10600,10350,10400,322649,-0.00952380952380949
2016-06-02,10500,11000,10400,10900,449419,0.04807692307692313
2016-06-03,11000,11000,10600,10650,337465,-0.022935779816513735
2016-06-07,10700,10750,10450,10700,181624,0.0046948356807512415
2016-06-08,10800,11100,10700,10900,427260,0.01869158878504673
2016-06-09,10850,11300,10400,10600,549073,-0.02752293577981646
2016-06-10,10700,10750,10400,10650,308504,0.004716981132075526
2016-06-13,10700,10750,9980,10150,573462,-0.04694835680751175
2016-06-14,10050,10550,9900,10350,330124,0.019704433497536922
2016-06-15,10350,10550,10250,10400,144971,0.004830917874396157
2016-06-16,10400,11250,10300,10500,991321,0.009615384615384581
2016-06-17,10750,11050,10000,10150,910307,-0.033333333333333326
2016-06-20,10300,10300,10000,10200,255159,0.0049261083743843415
2016-06-21,10250,10250,9990,10100,278627,-0.009803921568627416
2016-06-22,10150,10150,9780,9830,315346,-0.026732673267326756
2016-06-23,9710,9870,9510,9730,293348,-0.010172939979654072
2016-06-24,9840,9910,8700,9080,621895,-0.06680369989722512
2016-06-27,8750,9480,8750,9400,334886,0.03524229074889873
2016-06-28,9210,9770,9210,9760,282254,0.038297872340425476
2016-06-29,9850,10100,9700,9750,352292,-0.0010245901639344135
2016-06-30,9850,10400,9760,10100,466039,0.03589743589743599
2016-07-01,10200,10200,9960,9960,208228,-0.013861386138613874
2016-07-04,10000,10400,9900,10400,275210,0.04417670682730934
2016-07-05,10400,10450,10200,10350,156010,-0.004807692307692291
2016-07-06,10250,10400,9990,10100,198457,-0.024154589371980673
2016-07-07,10300,11100,10200,10850,1346083,0.07425742574257432
2016-07-08,11000,11050,10500,10600,409317,-0.02304147465437789
2016-07-11,10750,10850,10550,10650,245693,0.004716981132075526
2016-07-12,10650,10750,10350,10550,213586,-0.009389671361502372
2016-07-13,10750,10850,10400,10450,227423,-0.009478672985781977
2016-07-14,10500,10500,10150,10300,153051,-0.014354066985645897
2016-07-15,10400,10400,10000,10100,240215,-0.01941747572815533
2016-07-18,10150,10200,9970,10100,169020,0.0
2016-07-19,10150,10200,10000,10050,110304,-0.004950495049504955
2016-07-20,10050,10200,9970,9970,216117,-0.007960199004975133
2016-07-21,10050,10100,9850,9870,224318,-0.010030090270812475
2016-07-22,9950,10100,9850,9990,156090,0.012158054711246091
2016-07-25,10050,10250,9940,9990,185413,0.0
2016-07-26,10050,10200,9980,10200,139615,0.021021021021021102
2016-07-27,10200,10250,9950,9970,174237,-0.022549019607843168
2016-07-28,10000,10050,9890,9920,132099,-0.005015045135406182
2016-07-29,9950,10100,9880,9920,93682,0.0
2016-08-01,9990,9990,9560,9590,236931,-0.03326612903225812
2016-08-02,9520,9800,9520,9610,95520,0.002085505735140769
2016-08-03,9560,9660,9020,9570,124763,-0.004162330905306932
2016-08-04,9650,9650,9500,9510,76492,-0.006269592476489061
2016-08-05,9520,9610,9390,9420,165691,-0.009463722397476393
2016-08-08,9490,9490,9310,9320,101265,-0.010615711252653925
2016-08-09,9330,9700,9300,9600,163792,0.030042918454935563
2016-08-10,9650,9850,9500,9820,104217,0.022916666666666696
2016-08-11,9800,9910,9660,9660,93000,-0.016293279022403295
2016-08-12,9710,9780,9620,9680,100669,0.0020703933747412417
2016-08-16,9630,9780,9560,9560,101567,-0.012396694214875992
2016-08-17,9570,9630,9260,9410,83871,-0.01569037656903771
2016-08-18,9360,9520,9300,9330,86979,-0.008501594048884176
2016-08-19,9400,9400,9220,9290,90527,-0.004287245444801746
2016-08-22,9300,9470,9090,9090,107968,-0.02152852529601723
2016-08-23,9250,9360,9090,9260,97880,0.018701870187018743
2016-08-24,9280,9310,9110,9130,52746,-0.01403887688984884
2016-08-25,9150,9220,9010,9070,138100,-0.006571741511500528
2016-08-26,9030,9120,8940,9000,112520,-0.007717750826901848
2016-08-29,9200,9600,9070,9150,275947,0.016666666666666607
2016-08-30,9240,9320,9070,9090,130098,-0.006557377049180357
2016-08-31,9100,9150,8670,8830,344837,-0.028602860286028653
2016-09-01,8800,8950,8750,8830,81059,0.0
2016-09-02,8900,9150,8800,9010,157090,0.020385050962627327
2016-09-05,9030,9530,9030,9530,367185,0.05771365149833518
2016-09-06,9470,9500,9340,9370,152344,-0.016789087093389332
2016-09-07,9350,9420,9180,9230,131412,-0.014941302027748127
2016-09-08,9180,9340,9080,9230,150905,0.0
2016-09-09,9160,9480,9120,9170,250696,-0.00650054171180936
2016-09-12,8950,9060,8850,8920,175069,-0.02726281352235549
2016-09-13,8950,9020,8850,8900,59138,-0.0022421524663677195
2016-09-19,8900,8920,8700,8820,102520,-0.008988764044943864
2016-09-20,8760,9210,8760,9200,134779,0.04308390022675734
2016-09-21,9200,9200,9000,9070,65481,-0.01413043478260867
2016-09-22,9100,9160,8980,9150,91236,0.008820286659316334
2016-09-23,9150,9490,9110,9400,205561,0.02732240437158473
2016-09-26,9360,9570,9190,9250,183706,-0.015957446808510634
2016-09-27,9250,9460,9240,9430,100238,0.019459459459459483
2016-09-28,9430,9430,9300,9390,69984,-0.0042417815482502785
2016-09-29,9360,9440,9350,9350,41651,-0.004259850905218299
2016-09-30,9320,9380,8960,8980,169214,-0.039572192513368964
2016-10-04,8900,9060,8730,8930,182860,-0.0055679287305122616
2016-10-05,9040,9040,8850,8880,69602,-0.005599104143337086
2016-10-06,8920,8920,8790,8870,101800,-0.0011261261261261701
2016-10-07,8920,8930,8600,8600,165036,-0.030439684329199523
2016-10-10,8630,8780,8630,8710,60178,0.012790697674418539
2016-10-11,8740,8770,8560,8660,123203,-0.00574052812858783
2016-10-12,8630,8730,8600,8670,40138,0.0011547344110853786
2016-10-13,8670,8780,8550,8560,66359,-0.012687427912341454
2016-10-14,8550,8630,8530,8600,37196,0.004672897196261738
2016-10-17,8630,8630,8400,8400,93901,-0.023255813953488413
2016-10-18,8370,8440,8320,8410,66735,0.0011904761904761862
2016-10-19,8440,8700,8360,8590,115902,0.021403091557669507
2016-10-20,8650,8650,8410,8460,69382,-0.015133876600698537
2016-10-21,8460,8480,8400,8420,31170,-0.004728132387706863
2016-10-24,8380,8550,8360,8390,47490,-0.0035629453681710332
2016-10-25,8390,8450,8100,8100,80944,-0.03456495828367101
2016-10-26,8110,8280,7930,8060,75784,-0.004938271604938316
2016-10-27,8070,8270,8070,8240,49274,0.022332506203474045
2016-10-28,8240,8260,7950,7980,103493,-0.03155339805825241
2016-10-31,7940,7970,7680,7780,81252,-0.02506265664160401
2016-11-01,7640,7930,7640,7770,86241,-0.0012853470437017567
2016-11-02,7770,7780,7380,7380,79911,-0.050193050193050204
2016-11-03,7300,7680,7290,7540,59346,0.021680216802167918
2016-11-04,7510,7630,7410,7580,40348,0.0053050397877985045
2016-11-07,7580,7670,7520,7600,71489,0.0026385224274405594
2016-11-08,7600,7740,7510,7680,30006,0.010526315789473717
2016-11-09,7630,7750,7060,7280,218802,-0.05208333333333337
2016-11-10,7500,7750,7430,7740,185896,0.06318681318681318
2016-11-11,7710,7980,7650,7900,64657,0.02067183462532296
2016-11-14,7900,7990,7860,7920,54980,0.0025316455696202667
2016-11-15,7990,8080,7770,7810,66070,-0.01388888888888884
2016-11-16,7980,8090,7880,8090,70633,0.03585147247119069
2016-11-17,8090,8130,8000,8130,36337,0.0049443757725586845
2016-11-18,8190,8250,8040,8140,64014,0.0012300123001229846
2016-11-21,8150,8150,7850,7990,52494,-0.01842751842751844
2016-11-22,8000,8050,7940,7980,41245,-0.0012515644555695093
2016-11-23,7950,8040,7910,7930,58658,-0.006265664160400974
2016-11-24,7880,7970,7830,7840,51800,-0.011349306431273631
2016-11-25,7840,8010,7840,7980,23612,0.017857142857142794
2016-11-28,8030,8030,7780,7890,43457,-0.011278195488721776
2016-11-29,7830,7910,7740,7810,49669,-0.010139416983523497
2016-11-30,7820,7880,7700,7720,38626,-0.011523687580025643
2016-12-01,7720,7760,7600,7680,75616,-0.005181347150259086
2016-12-02,7620,7760,7600,7610,81503,-0.00911458333333337
2016-12-05,7610,7680,7510,7560,53176,-0.006570302233902758
2016-12-06,7550,7670,7510,7590,46157,0.003968253968253954
2016-12-07,7560,7640,7390,7470,65348,-0.015810276679841917
2016-12-08,7620,7620,7450,7480,37690,0.0013386880856760541
2016-12-09,7530,7580,7460,7540,39179,0.008021390374331583
2016-12-12,7570,7810,7540,7740,54245,0.02652519893899208
2016-12-13,7780,7890,7710,7820,125368,0.010335917312661591
2016-12-14,7880,7970,7730,7900,93743,0.010230179028132946
2016-12-15,7810,7940,7810,7940,54720,0.005063291139240533
2016-12-16,7940,8040,7820,8000,60489,0.007556675062972307
2016-12-19,8000,8020,7880,7980,29259,-0.0024999999999999467
2016-12-20,7980,8000,7830,7920,25678,-0.007518796992481258
2016-12-21,7880,7960,7830,7900,34333,-0.002525252525252486
2016-12-22,7900,7910,7740,7800,49362,-0.012658227848101222
2016-12-23,7800,7940,7760,7830,31948,0.0038461538461538325
2016-12-26,7840,7950,7840,7930,41707,0.012771392081736943
2016-12-27,7930,7980,7880,7900,78257,-0.003783102143757877
2016-12-28,7950,8140,7850,8130,99508,0.029113924050632844
2016-12-29,8000,8130,7990,8120,48540,-0.0012300123001229846
2017-01-02,8160,8170,8060,8110,60571,-0.0012315270935960854
2017-01-03,8110,8170,8090,8110,32249,0.0
2017-01-04,8120,8190,8070,8150,74448,0.004932182490752224
2017-01-05,8170,8250,8140,8210,52130,0.007361963190184007
2017-01-06,8300,8300,8140,8160,48364,-0.006090133982947665
2017-01-09,8210,8210,8010,8080,69546,-0.009803921568627416
2017-01-10,8010,8080,7930,7950,96568,-0.016089108910891103
2017-01-11,7950,8040,7910,7910,53542,-0.005031446540880502
2017-01-12,7890,7930,7790,7850,75632,-0.007585335018963302
2017-01-13,7810,7970,7810,7900,52826,0.006369426751592355
2017-01-16,7910,8060,7810,7850,41817,-0.006329113924050667
2017-01-17,7890,8170,7810,8170,216637,0.040764331210191074
2017-01-18,8200,8210,7990,8070,139534,-0.012239902080783405
2017-01-19,8050,8080,7920,7920,86675,-0.018587360594795488
2017-01-20,7970,8020,7890,7950,44345,0.0037878787878788955
2017-01-23,8020,8400,7990,8350,288406,0.05031446540880502
2017-01-24,8370,8450,8260,8330,159507,-0.0023952095808382756
2017-01-25,8320,8350,8150,8180,162192,-0.01800720288115243
2017-01-26,8180,8440,8170,8340,131628,0.019559902200489088
2017-01-31,8400,8400,8150,8210,86947,-0.015587529976019199
2017-02-01,8200,8310,8130,8260,77835,0.006090133982947554
2017-02-02,8260,8320,8100,8120,96992,-0.016949152542372836
2017-02-03,8120,8200,8090,8170,62798,0.006157635467980205
2017-02-06,8260,8700,8260,8610,344191,0.05385556915544676
2017-02-07,8650,8660,8470,8480,178167,-0.015098722415795574
2017-02-08,8500,8640,8400,8440,152251,-0.004716981132075526
2017-02-09,8400,8460,8290,8460,81039,0.0023696682464455776
2017-02-10,8460,8500,8300,8360,107829,-0.011820330969267157
2017-02-13,8330,8440,8280,8300,137746,-0.0071770334928229484
2017-02-14,8320,8420,8300,8350,81747,0.006024096385542244
2017-02-15,8340,8650,8330,8550,162442,0.0239520958083832
2017-02-16,8570,8580,8420,8420,77437,-0.01520467836257311
2017-02-17,8420,8890,8380,8620,321248,0.02375296912114022
2017-02-20,8690,8700,8460,8510,147880,-0.012761020881670526
2017-02-21,8520,8650,8490,8530,93793,0.00235017626321965
2017-02-22,8560,8710,8550,8650,115668,0.014067995310668158
2017-02-23,8690,8710,8500,8580,97152,-0.008092485549133
2017-02-24,8620,8820,8600,8690,120593,0.012820512820512775
2017-02-27,8730,8980,8730,8930,210604,0.027617951668584606
2017-02-28,9000,9140,8750,8900,316121,-0.0033594624860022737
2017-03-02,8900,8930,8800,8880,127835,-0.0022471910112359383
2017-03-03,8850,8870,8690,8710,127950,-0.019144144144144115
2017-03-06,8710,9200,8670,9160,448429,0.051664753157290466
2017-03-07,9160,9160,8960,9020,174775,-0.015283842794759805
2017-03-08,9020,9150,9000,9040,183502,0.0022172949002217113
2017-03-09,9060,9100,9000,9000,184408,-0.004424778761061954
2017-03-10,9000,9070,8850,9040,270497,0.004444444444444473
2017-03-13,9050,9080,8940,8960,63329,-0.008849557522123908
2017-03-14,8960,9000,8800,8820,106237,-0.015625
2017-03-15,8810,8980,8810,8960,126305,0.015873015873015817
2017-03-16,8970,9060,8900,9060,92390,0.01116071428571419
2017-03-17,9070,9100,8880,8970,92558,-0.009933774834437137
2017-03-20,8970,8970,8870,8900,54443,-0.0078037904124860225
2017-03-21,8960,9010,8850,8870,173728,-0.003370786516853963
2017-03-22,8880,9120,8880,9010,109599,0.015783540022547893
2017-03-23,8990,9070,8900,8970,74038,-0.004439511653718142
2017-03-24,8960,8960,8690,8750,162931,-0.024526198439241864
2017-03-27,8770,9070,8750,9060,208086,0.035428571428571365
2017-03-28,9030,9180,9000,9130,174253,0.007726269315673218
2017-03-29,9130,9190,9020,9170,109368,0.004381161007666945
2017-03-30,9190,9190,9070,9160,75552,-0.0010905125408942062
2017-03-31,9160,9530,9070,9090,442169,-0.007641921397379958
2017-04-03,9130,9380,9130,9370,183606,0.030803080308030806
2017-04-04,9410,9420,9200,9280,107813,-0.009605122732123772
2017-04-05,9280,9440,9280,9350,138059,0.007543103448275801
2017-04-06,9350,9350,9170,9230,77091,-0.012834224598930466
2017-04-07,9260,9500,9260,9400,139263,0.018418201516793076
2017-04-10,9440,9480,9100,9220,174553,-0.019148936170212738
2017-04-11,9240,9450,9090,9450,155082,0.024945770065075923
2017-04-12,9430,9550,9340,9380,106840,-0.007407407407407418
2017-04-13,9380,9500,9360,9420,90904,0.004264392324093924
2017-04-14,9430,9500,9220,9230,84913,-0.02016985138004246
2017-04-17,9290,9400,9230,9390,48955,0.01733477789815807
2017-04-18,9340,9470,9330,9470,78044,0.008519701810436597
2017-04-19,9470,9490,9400,9470,87039,0.0
2017-04-20,9480,9510,9400,9430,73407,-0.004223864836325197
2017-04-21,9430,9470,9300,9370,66448,-0.006362672322375418
2017-04-24,9410,9410,9130,9170,101982,-0.021344717182497308
2017-04-25,9180,9260,9180,9240,47317,0.007633587786259444
2017-04-26,9250,9300,9180,9210,62915,-0.0032467532467532756
2017-04-27,9200,9270,9160,9220,54630,0.0010857763300760048
2017-04-28,9280,9280,9180,9200,59476,-0.002169197396963085
2017-05-02,9210,9260,9120,9120,57006,-0.008695652173912993
2017-05-04,9090,9300,9090,9290,96510,0.018640350877193068
2017-05-08,9300,9490,9300,9440,189911,0.016146393972013007
2017-05-10,9440,9460,9200,9210,120807,-0.024364406779661008
2017-05-11,9250,9320,9190,9300,76777,0.009771986970684043
2017-05-12,9300,9300,9120,9150,74236,-0.016129032258064502
2017-05-15,9240,9240,9000,9050,111684,-0.010928961748633892
2017-05-16,9100,9100,8730,8800,161039,-0.027624309392265234
2017-05-17,8800,8920,8740,8790,76934,-0.001136363636363602
2017-05-18,8770,8770,8600,8650,117171,-0.015927189988623414
2017-05-19,8620,8820,8620,8790,60575,0.016184971098266
2017-05-22,8790,8790,8680,8690,71350,-0.011376564277588153
2017-05-23,8740,8740,8660,8700,63183,0.0011507479861909697
2017-05-24,8780,8880,8780,8830,56837,0.014942528735632177
2017-05-25,8820,8850,8790,8810,69759,-0.0022650056625141968
2017-05-26,8810,8820,8700,8780,83211,-0.0034052213393870323
2017-05-29,8810,8830,8750,8760,53923,-0.002277904328018221
2017-05-30,8760,8910,8760,8850,70891,0.010273972602739656
2017-05-31,8830,9090,8830,8990,150658,0.01581920903954792
2017-06-01,9010,9040,8840,8940,89610,-0.005561735261401579
2017-06-02,8940,9020,8870,9000,90581,0.006711409395973256
2017-06-05,8990,9240,8970,9140,177175,0.015555555555555545
2017-06-07,9150,9160,8990,9090,108208,-0.005470459518599591
2017-06-08,9080,9210,8970,9130,255999,0.004400440044004306
2017-06-09,9140,9180,9000,9050,124202,-0.008762322015334112
2017-06-12,9020,9080,8870,8870,72203,-0.019889502762430955
2017-06-13,8930,9090,8900,9040,138036,0.01916572717023679
2017-06-14,9080,9080,8960,8960,97462,-0.008849557522123908
2017-06-15,8970,8980,8770,8810,173542,-0.016741071428571397
2017-06-16,8840,8840,8590,8680,158720,-0.014755959137343955
2017-06-19,8690,8720,8630,8680,63186,0.0
2017-06-20,8700,8700,8360,8450,213907,-0.026497695852534586
2017-06-21,8450,8600,8410,8600,95160,0.01775147928994092
2017-06-22,8600,8630,8520,8580,70449,-0.0023255813953488857
2017-06-23,8550,8660,8540,8630,110692,0.005827505827505908
2017-06-26,8610,8630,8520,8590,38738,-0.004634994206257237
2017-06-27,8590,8590,8470,8490,64198,-0.011641443538998875
2017-06-28,8480,8480,8350,8350,65937,-0.01648998822143699
2017-06-29,8340,8440,8330,8410,47668,0.007185628742514938
2017-06-30,8450,8540,8410,8470,48558,0.007134363852556502
2017-07-03,8470,8510,8410,8440,25073,-0.0035419126328217754
2017-07-04,8450,8490,8370,8430,44152,-0.0011848341232227888
2017-07-05,8430,8440,8300,8340,62841,-0.010676156583629859
2017-07-06,8340,8420,8300,8400,48957,0.007194244604316502
2017-07-07,8370,8370,8190,8270,91431,-0.015476190476190421
2017-07-10,8320,8320,8100,8100,83141,-0.02055622732769047
2017-07-11,8090,8180,8040,8180,78992,0.009876543209876631
2017-07-12,8150,8180,8030,8140,72867,-0.004889975550122272
2017-07-13,8120,8120,7950,8040,117249,-0.012285012285012331
2017-07-14,8040,8040,7850,7850,89967,-0.023631840796019876
2017-07-17,7860,8040,7850,8000,103717,0.019108280254777066
2017-07-18,8020,8050,7940,7970,54824,-0.003750000000000031
2017-07-19,7970,8030,7930,8030,59664,0.007528230865746499
2017-07-20,8030,8430,7970,8430,250698,0.04981320049813198
2017-07-21,8420,8500,8350,8430,178865,0.0
2017-07-24,8470,8470,8220,8240,123207,-0.022538552787663146
2017-07-25,8280,8430,8220,8280,95716,0.004854368932038833
2017-07-26,8340,8410,8290,8300,70591,0.0024154589371980784
2017-07-27,8320,8350,8260,8350,37499,0.006024096385542244
2017-07-28,8360,8360,8160,8180,89526,-0.02035928143712573
2017-07-31,8100,8270,8100,8180,40980,0.0
2017-08-01,8180,8260,8110,8200,59629,0.0024449877750611915
2017-08-02,8200,8470,8200,8380,145402,0.02195121951219514
2017-08-03,8450,8460,8250,8300,81858,-0.009546539379474916
2017-08-04,8380,8380,8210,8330,74052,0.0036144578313253017
2017-08-07,8330,8410,8320,8380,35043,0.006002400960384069
2017-08-08,8380,8380,8290,8330,28242,-0.005966587112171795
2017-08-09,8330,8330,8150,8150,93844,-0.021608643457383003
2017-08-10,8150,8280,8120,8200,54760,0.006134969325153339
2017-08-11,8150,8250,7980,8130,128133,-0.008536585365853666
2017-08-14,8240,8540,8200,8500,193156,0.045510455104551095
2017-08-16,8560,8620,8470,8580,121847,0.009411764705882453
2017-08-17,8550,8660,8530,8610,83360,0.0034965034965035446
2017-08-18,8530,8720,8530,8710,115578,0.011614401858304202
2017-08-21,8740,8920,8670,8730,105319,0.0022962112514350874
2017-08-22,8840,8920,8740,8920,151222,0.021764032073310347
2017-08-23,8940,9080,8910,8990,331724,0.007847533632286963
2017-08-24,8980,8980,8740,8820,173195,-0.018909899888765347
2017-08-25,8880,8880,8770,8840,62896,0.0022675736961450532
2017-08-28,8840,8980,8840,8910,91634,0.007918552036199067
2017-08-29,8920,9020,8750,8960,138307,0.0056116722783390305
2017-08-30,9000,9010,8900,9000,47839,0.0044642857142858094
2017-08-31,9000,9100,9000,9050,122738,0.005555555555555536
2017-09-01,9100,9100,9020,9040,66270,-0.0011049723756906271
2017-09-04,8850,8990,8770,8800,111207,-0.026548672566371723
2017-09-05,8810,8850,8670,8710,108670,-0.010227272727272751
2017-09-06,8670,8840,8590,8600,129728,-0.012629161882893203
2017-09-07,8710,8880,8710,8870,87084,0.0313953488372094
2017-09-08,8890,8900,8710,8710,87628,-0.018038331454340528
2017-09-11,8760,9090,8730,8940,141043,0.02640642939150406
2017-09-12,8950,8990,8850,8910,66985,-0.003355704697986628
2017-09-13,8920,9100,8920,9020,119189,0.012345679012345734
2017-09-14,9030,9070,8810,9070,173649,0.005543237250554389
2017-09-15,9060,9070,8930,9020,32080,-0.005512679162072764
2017-09-18,9020,9020,8850,8850,53061,-0.018847006651884657
2017-09-19,8840,8980,8770,8850,42998,0.0
2017-09-20,8870,9080,8840,8950,98136,0.011299435028248483
2017-09-21,8950,9000,8850,8870,69115,-0.00893854748603351
2017-09-22,8840,8950,8560,8640,135843,-0.025930101465614475
2017-09-25,8560,8790,8460,8460,86723,-0.02083333333333337
2017-09-26,8460,8500,8310,8400,46210,-0.007092198581560294
2017-09-27,8430,8590,8420,8550,39309,0.017857142857142794
2017-09-28,8580,8650,8550,8550,19868,0.0
2017-09-29,8600,8620,8550,8560,15105,0.0011695906432749315
2017-10-10,8570,8940,8570,8900,130263,0.03971962616822422
2017-10-11,8890,9000,8760,8940,92727,0.004494382022471877
2017-10-12,8940,8990,8840,8930,60083,-0.0011185682326622093
2017-10-13,8930,9080,8860,8970,113322,0.004479283314669624
2017-10-16,9040,9050,8850,8980,88278,0.0011148272017837968
2017-10-17,9000,9360,9000,9260,461848,0.031180400890868487
2017-10-18,9260,9340,9100,9190,123834,-0.0075593952483801186
2017-10-19,9270,9290,9070,9070,114497,-0.01305767138193692
2017-10-20,9010,9110,9000,9050,50993,-0.0022050716648290836
2017-10-23,9110,9340,9100,9270,188819,0.024309392265193353
2017-10-24,9260,9300,9160,9270,115701,0.0
2017-10-25,9270,9280,9170,9210,65649,-0.006472491909385147
2017-10-26,9240,9240,9030,9050,128044,-0.017372421281216077
2017-10-27,9110,9170,9040,9120,73998,0.007734806629834168
2017-10-30,9160,9180,9060,9080,83490,-0.004385964912280715
2017-10-31,9080,9080,8830,8840,181161,-0.026431718061673992
2017-11-01,8850,9170,8840,9170,115335,0.03733031674208154
2017-11-02,9170,9180,9030,9100,68630,-0.007633587786259555
2017-11-03,9080,9270,9070,9240,117255,0.01538461538461533
2017-11-06,9300,9500,9270,9490,369895,0.027056277056277
2017-11-07,9500,9530,9260,9340,166998,-0.015806111696522684
2017-11-08,9310,9700,9310,9540,520859,0.021413276231263323
2017-11-09,9770,9900,9630,9830,540600,0.03039832285115307
2017-11-10,9820,10250,9790,10150,402076,0.03255340793489325
2017-11-13,10250,10650,10150,10600,460926,0.044334975369458185
2017-11-14,10800,11200,10700,11100,732027,0.04716981132075482
2017-11-15,10950,11250,10650,10800,726653,-0.027027027027026973
2017-11-16,10850,11200,10350,10800,379162,0.0
2017-11-17,10800,11450,10700,11250,595862,0.04166666666666674
2017-11-20,11200,11550,11100,11500,397187,0.022222222222222143
2017-11-21,11400,11500,11200,11250,256717,-0.021739130434782594
2017-11-22,11300,11400,10850,11100,348354,-0.013333333333333308
2017-11-23,11050,11350,10800,11150,282817,0.0045045045045044585
2017-11-24,11200,11250,10800,10900,296010,-0.022421524663677084
2017-11-27,10900,11100,10650,11000,205062,0.00917431192660545
2017-11-28,10950,11050,10700,10750,146968,-0.022727272727272707
2017-11-29,10800,10950,10600,10750,196725,0.0
2017-11-30,10700,10800,10300,10300,336283,-0.041860465116279055
2017-12-01,10450,10650,10350,10550,216633,0.024271844660194164
2017-12-04,10600,10750,10250,10350,228353,-0.018957345971563955
2017-12-05,10300,10400,10100,10300,184698,-0.004830917874396157
2017-12-06,10300,10500,10100,10250,155578,-0.004854368932038833
2017-12-07,10200,10250,9770,9800,329528,-0.04390243902439028
2017-12-08,9850,9930,9740,9760,124909,-0.004081632653061273
2017-12-11,9760,9930,9740,9930,86535,0.01741803278688514
2017-12-12,9980,10050,9780,9830,137399,-0.010070493454179208
2017-12-13,9830,9960,9750,9830,171879,0.0
2017-12-14,9910,9910,9800,9850,153404,0.0020345879959309254
2017-12-15,9830,10100,9820,9990,304468,0.014213197969543234
2017-12-18,10000,10050,9690,9710,254871,-0.028028028028028062
2017-12-19,9710,9710,9310,9400,264554,-0.03192584963954681
2017-12-20,9360,9620,9340,9490,165736,0.009574468085106425
2017-12-21,9560,9560,9290,9320,125390,-0.017913593256059013
2017-12-22,9370,9370,9090,9260,226274,-0.006437768240343367
2017-12-26,9350,9580,9280,9370,215351,0.011879049676025932
2017-12-27,9430,9470,9300,9420,104946,0.005336179295624355
2017-12-28,9580,9750,9510,9750,155890,0.035031847133758065
2018-01-02,9750,9900,9700,9870,120676,0.012307692307692353
2018-01-03,9900,10250,9820,10000,268220,0.01317122593718345
2018-01-04,10050,10050,9680,9750,161342,-0.025000000000000022
2018-01-05,9750,9980,9750,9910,116604,0.016410256410256396
2018-01-08,10000,10150,9940,9950,158326,0.004036326942482349
2018-01-09,9950,10050,9690,9770,184742,-0.018090452261306567
2018-01-10,9800,9910,9770,9840,89778,0.007164790174001956
2018-01-11,9840,10350,9840,10300,317974,0.04674796747967469
2018-01-12,10350,10450,10100,10250,311381,-0.004854368932038833
2018-01-15,10300,10450,10100,10350,269179,0.009756097560975618
2018-01-16,10350,10350,10000,10050,216119,-0.02898550724637683
2018-01-17,10100,10100,9830,9900,224108,-0.014925373134328401
2018-01-18,9990,10250,9910,10100,234830,0.02020202020202011
2018-01-19,10150,10850,10150,10550,496024,0.044554455445544594
2018-01-22,10450,10800,10350,10500,241650,-0.004739336492891044
2018-01-23,10500,10700,10350,10500,157733,0.0
2018-01-24,10650,10650,10400,10500,187411,0.0
2018-01-25,10500,10600,10350,10500,179397,0.0
2018-01-26,10450,10900,10400,10750,251422,0.023809523809523725
2018-01-29,10700,10750,10500,10550,245952,-0.018604651162790753
2018-01-30,10500,11000,10300,10800,526654,0.023696682464454888
2018-01-31,10850,11300,10650,10800,485972,0.0
2018-02-01,10850,10900,10450,10450,298372,-0.03240740740740744
2018-02-02,10450,10500,10000,10300,294961,-0.014354066985645897
2018-02-05,9900,10650,9900,10050,313533,-0.024271844660194164
2018-02-06,9620,10000,9530,10000,305434,-0.00497512437810943
2018-02-07,10150,10750,10000,10050,588716,0.004999999999999893
2018-02-08,10150,10300,10000,10250,180650,0.01990049751243772
2018-02-09,9850,10200,9850,10050,166414,-0.019512195121951237
2018-02-12,10300,11050,10300,10900,673670,0.08457711442786064
2018-02-13,11100,11200,10400,10450,343493,-0.041284403669724745
2018-02-14,10450,10600,10150,10500,197459,0.004784688995215225
2018-02-19,10550,10800,10500,10650,197794,0.014285714285714235
2018-02-20,10750,13050,10650,12050,4543722,0.13145539906103276
2018-02-21,12050,12650,11900,12150,1091997,0.008298755186721962
2018-02-22,12250,13300,12000,12500,1805812,0.028806584362139898
2018-02-23,12400,12650,12150,12500,475850,0.0
2018-02-26,12750,12850,12050,12100,487602,-0.03200000000000003
2018-02-27,12200,12350,11800,12050,406559,-0.004132231404958664
2018-02-28,11950,12300,11400,11400,570361,-0.053941908713692976
2018-03-02,11450,11750,11400,11550,301574,0.013157894736842035
2018-03-05,11650,11750,11100,11250,365544,-0.025974025974025983
2018-03-06,11450,11600,11300,11350,162679,0.008888888888888946
2018-03-07,11500,11950,11350,11400,507488,0.004405286343612369
2018-03-08,11500,11700,11400,11500,336931,0.00877192982456143
2018-03-09,11600,11800,11400,11650,335997,0.01304347826086949
2018-03-12,11900,12400,11800,12150,568919,0.0429184549356223
2018-03-13,12250,12300,12000,12050,194821,-0.008230452674897082
2018-03-14,11950,12300,11850,12250,270990,0.016597510373443924
2018-03-15,12250,12950,12100,12800,730921,0.044897959183673564
2018-03-16,12850,12850,12400,12500,268782,-0.0234375
2018-03-19,12500,12550,12100,12100,247683,-0.03200000000000003
2018-03-20,11950,12600,11950,12300,281262,0.016528925619834656
2018-03-21,12450,12550,12250,12350,177979,0.004065040650406582
2018-03-22,12350,12950,12150,12250,461295,-0.0080971659919028
2018-03-23,11750,12000,11350,11550,528504,-0.05714285714285716
2018-03-26,11300,11650,11050,11600,496562,0.0043290043290042934
2018-03-27,11800,11850,11550,11550,149019,-0.004310344827586188
2018-03-28,11350,11800,11350,11600,175221,0.0043290043290042934
2018-03-29,11700,12150,11650,11900,192037,0.02586206896551735
2018-03-30,12050,12400,11900,12250,192869,0.02941176470588225
2018-04-02,12350,12350,11850,12050,201636,-0.01632653061224487
2018-04-03,11950,12400,11950,12350,169250,0.024896265560165887
2018-04-04,12550,12600,12150,12250,260021,-0.0080971659919028
2018-04-05,12450,12650,12250,12300,246051,0.004081632653061273
2018-04-06,12250,12350,11950,12000,246931,-0.024390243902439046
2018-04-09,11950,12550,11800,12550,309843,0.04583333333333339
2018-04-10,12550,12950,12350,12850,493495,0.0239043824701195
2018-04-11,12950,13400,12750,13150,633981,0.023346303501945442
2018-04-12,13250,13250,12450,12700,417912,-0.034220532319391594
2018-04-13,12600,13100,12400,12950,398688,0.019685039370078705
2018-04-16,13000,13050,12750,12900,153975,-0.0038610038610038533
2018-04-17,13000,13000,12550,12550,177401,-0.027131782945736482
2018-04-18,12650,12700,12100,12350,371564,-0.015936254980079667
2018-04-19,12300,12300,11850,12150,315272,-0.01619433198380571
2018-04-20,12150,12550,12000,12300,140028,0.012345679012345734
2018-04-23,12300,12500,11800,12250,305907,-0.004065040650406471
2018-04-24,12250,12500,11950,12000,149286,-0.020408163265306145
2018-04-25,11850,12100,11800,11850,144095,-0.012499999999999956
2018-04-26,12000,12150,11800,11800,105708,-0.00421940928270037
2018-04-27,11850,11950,11350,11650,240082,-0.012711864406779627
2018-04-30,11650,11650,11200,11550,243943,-0.008583690987124415
2018-05-02,11300,11700,11100,11450,282457,-0.008658008658008698
2018-05-03,11400,11600,11300,11400,128166,-0.004366812227074246
2018-05-04,11350,11650,11100,11450,176792,0.004385964912280604
2018-05-08,11550,11550,11150,11150,156726,-0.026200873362445365
2018-05-09,11150,11250,10700,11200,227226,0.004484304932735439
2018-05-10,11200,11300,10900,10950,89191,-0.022321428571428603
2018-05-11,10950,11200,10950,11000,104215,0.004566210045662045
2018-05-14,11000,11100,10550,10900,189786,-0.009090909090909038
2018-05-15,11000,11350,10900,11250,156107,0.032110091743119185
2018-05-16,11200,11450,11050,11300,123985,0.004444444444444473
2018-05-17,11350,11750,11250,11600,222032,0.026548672566371723
2018-05-18,11550,11700,11450,11550,87395,-0.004310344827586188
2018-05-21,11500,11650,11450,11550,51571,0.0
2018-05-23,11550,11550,11200,11400,63532,-0.012987012987012991
2018-05-24,11350,11500,11300,11300,61476,-0.00877192982456143
2018-05-25,11200,11350,11100,11250,271659,-0.004424778761061954
2018-05-28,11250,11600,11250,11550,60366,0.026666666666666616
2018-05-29,11500,11650,11400,11450,56965,-0.008658008658008698
2018-05-30,11350,11450,11200,11400,100702,-0.004366812227074246
2018-05-31,11400,11600,11250,11450,70704,0.004385964912280604
2018-06-01,11450,11700,11350,11550,79703,0.008733624454148492
2018-06-04,11550,12050,11300,11750,215783,0.017316017316017396
2018-06-05,11800,11950,11600,11700,66094,-0.004255319148936176
2018-06-07,11700,11750,11450,11650,65640,-0.004273504273504258
2018-06-08,11650,11700,11400,11500,67197,-0.012875536480686733
2018-06-11,11500,11650,11400,11500,35991,0.0
2018-06-12,11500,11750,11500,11650,58240,0.01304347826086949
2018-06-14,11650,12000,11550,12000,165452,0.030042918454935563
2018-06-15,12000,12050,11750,11800,71864,-0.01666666666666672
2018-06-18,11800,11900,11200,11450,155385,-0.029661016949152574
2018-06-19,11350,11450,10750,10850,215289,-0.05240174672489084
2018-06-20,10800,11250,10800,11200,61718,0.032258064516129004
2018-06-21,11200,11350,11000,11000,54794,-0.017857142857142905
2018-06-22,11000,11150,10850,11150,60641,0.013636363636363669
2018-06-25,11000,11200,10850,10900,176086,-0.022421524663677084
2018-06-26,10850,11100,10650,11000,61908,0.00917431192660545
2018-06-27,11100,11100,10550,10750,98881,-0.022727272727272707
2018-06-28,10750,10850,10250,10300,109892,-0.041860465116279055
2018-06-29,10350,10450,9990,10200,67505,-0.009708737864077666
2018-07-02,10200,10250,9900,9940,146002,-0.025490196078431393
2018-07-03,9940,10350,9940,10000,114950,0.006036217303822866
2018-07-04,9980,10450,9980,10450,45931,0.04499999999999993
2018-07-05,10450,10600,10150,10400,32153,-0.004784688995215336
2018-07-06,10450,10750,10150,10450,40958,0.004807692307692291
2018-07-09,10900,11300,10400,10450,144702,0.0
2018-07-10,10500,10750,10450,10500,47448,0.004784688995215225
2018-07-11,10500,10600,10350,10500,27316,0.0
2018-07-12,10450,11000,10400,10800,42613,0.02857142857142847
2018-07-13,10850,11050,10700,10950,31649,0.01388888888888884
2018-07-16,10950,11000,10700,10800,19437,-0.013698630136986356
2018-07-17,10850,11200,10700,11050,127186,0.02314814814814814
2018-07-18,11100,11250,10900,10950,56270,-0.009049773755656076
2018-07-19,11000,11000,10600,10600,96686,-0.03196347031963476
2018-07-20,10650,10750,10500,10500,22912,-0.009433962264150941
2018-07-23,10550,10600,10350,10350,55756,-0.014285714285714235
2018-07-24,10300,10800,10250,10700,65258,0.033816425120772875
2018-07-25,10550,10700,10150,10200,64850,-0.04672897196261683
2018-07-26,10200,10600,10200,10500,41959,0.02941176470588225
2018-07-27,10550,10700,10400,10650,33164,0.014285714285714235
2018-07-30,10650,11150,10450,10950,68997,0.028169014084507005
2018-07-31,10900,11150,10800,11050,78102,0.009132420091324311
2018-08-01,11050,11500,10950,11400,91051,0.03167420814479649
2018-08-02,11450,11700,11200,11450,104941,0.004385964912280604
2018-08-03,11500,11850,11400,11650,62460,0.017467248908296984
2018-08-06,11550,11750,11400,11650,40690,0.0
2018-08-07,11550,11700,11500,11650,29281,0.0
2018-08-08,11650,11800,11550,11550,60600,-0.008583690987124415
2018-08-09,11550,11650,11450,11600,23495,0.0043290043290042934
2018-08-10,11600,11600,11400,11500,27420,-0.008620689655172376
2018-08-13,11500,11650,11250,11300,40595,-0.017391304347826098
2018-08-14,11300,11400,11200,11300,45698,0.0
2018-08-16,11050,11100,10300,10600,247778,-0.06194690265486724
2018-08-17,10700,11350,10650,10900,116104,0.028301886792452935
2018-08-20,11050,11400,10700,11350,96590,0.041284403669724856
2018-08-21,11300,11450,11250,11450,40869,0.008810572687224738
2018-08-22,11400,12150,11150,11450,150405,0.0
2018-08-23,11450,11700,11300,11700,68284,0.02183406113537112
2018-08-24,11750,11800,11350,11400,86605,-0.02564102564102566
2018-08-27,11400,11600,11400,11450,41732,0.004385964912280604
2018-08-28,11450,11700,11400,11650,62377,0.017467248908296984
2018-08-29,11700,11700,11300,11600,54304,-0.0042918454935622075
2018-08-30,11500,11650,11350,11600,93124,0.0
2018-08-31,11500,11800,11500,11600,71357,0.0
2018-09-03,11700,11700,11450,11550,34494,-0.004310344827586188
2018-09-04,11500,11600,11400,11450,41102,-0.008658008658008698
2018-09-05,11450,11550,11350,11400,42718,-0.004366812227074246
2018-09-06,11350,11600,11250,11500,55464,0.00877192982456143
2018-09-07,11450,11600,11350,11450,37238,-0.004347826086956497
2018-09-10,11450,11550,11350,11400,36395,-0.004366812227074246
2018-09-11,11450,11550,11200,11550,41874,0.013157894736842035
2018-09-12,11600,11700,11350,11600,80433,0.0043290043290042934
2018-09-13,11550,11700,11400,11500,73528,-0.008620689655172376
2018-09-14,11500,11550,11200,11350,102381,-0.013043478260869601
2018-09-17,11300,11300,11000,11050,135163,-0.026431718061673992
2018-09-18,10950,11100,10800,10950,92846,-0.009049773755656076
2018-09-19,11050,11150,10650,10750,92323,-0.0182648401826484
2018-09-20,10800,11100,10750,11050,96411,0.027906976744185963
2018-09-21,11100,11100,10900,11100,27217,0.004524886877828038
2018-09-27,11100,11300,11000,11250,59632,0.013513513513513598
2018-09-28,11300,11500,11150,11350,81785,0.008888888888888946
2018-10-01,11250,11500,11100,11150,42239,-0.017621145374449365
2018-10-02,11250,11250,10850,10900,84470,-0.022421524663677084
2018-10-04,10950,11100,10800,10950,42691,0.004587155963302836
2018-10-05,10800,10900,10350,10600,113619,-0.03196347031963476
2018-10-08,10600,10650,10100,10100,168229,-0.047169811320754707
2018-10-10,10250,10250,9800,9900,183815,-0.01980198019801982
2018-10-11,9500,9770,9230,9250,181929,-0.06565656565656564
2018-10-12,9060,9660,9060,9600,95130,0.037837837837837895
2018-10-15,9600,9600,9360,9370,44621,-0.023958333333333304
2018-10-16,9350,9750,9350,9600,53432,0.0245464247598719
2018-10-17,9650,10050,9650,9890,81996,0.030208333333333393
2018-10-18,9820,9990,9650,9680,47239,-0.02123356926188069
2018-10-19,9570,9820,9550,9780,34401,0.010330578512396604
2018-10-22,9780,9910,9550,9580,110564,-0.020449897750511203
2018-10-23,9580,9630,8990,9080,105290,-0.05219206680584554
2018-10-24,9120,9260,8800,8800,80856,-0.03083700440528636
2018-10-25,8600,8780,8460,8580,146074,-0.025000000000000022
2018-10-26,8730,8790,8210,8370,151816,-0.02447552447552448
2018-10-29,8270,8550,7770,7900,103108,-0.056152927120669105
2018-10-30,7500,8320,7500,8230,295343,0.04177215189873418
2018-10-31,8250,9500,8160,9050,546775,0.09963547995139743
2018-11-01,9000,9410,9000,9210,117366,0.017679558011049812
2018-11-02,9340,9460,9130,9310,113927,0.010857763300760048
2018-11-05,9290,9940,9200,9510,172127,0.02148227712137496
2018-11-06,9520,9760,9420,9640,81099,0.013669821240799074
2018-11-07,9640,9900,9500,9570,144059,-0.007261410788381717
2018-11-08,9690,9990,9560,9740,131886,0.017763845350052154
2018-11-09,9740,10050,9450,9980,133154,0.024640657084188833
2018-11-12,9890,9890,9390,9420,155423,-0.05611222444889774
2018-11-13,9300,9680,9270,9470,68533,0.005307855626327074
2018-11-14,9460,9840,9460,9560,161809,0.009503695881731833
2018-11-15,9510,9610,9150,9390,179719,-0.01778242677824271
2018-11-16,9380,9730,9380,9600,51007,0.022364217252396124
2018-11-19,9570,9670,9560,9660,23946,0.006250000000000089
2018-11-20,9510,9670,9500,9500,17839,-0.0165631469979296
2018-11-21,9480,9580,9230,9480,137363,-0.002105263157894721
2018-11-22,9520,9760,9090,9590,181019,0.011603375527426074
2018-11-23,9590,9630,9410,9480,40882,-0.01147028154327423
2018-11-26,9580,9580,9390,9400,41585,-0.008438818565400852
2018-11-27,9450,9510,9410,9430,21198,0.0031914893617022155
2018-11-28,9480,9490,9150,9320,138261,-0.01166489925768821
2018-11-29,9410,9410,9260,9360,47101,0.0042918454935623185
2018-11-30,9370,9380,9100,9110,123667,-0.026709401709401726
2018-12-03,9230,9430,9230,9370,68336,0.028540065861690556
2018-12-04,9430,9490,9320,9400,28642,0.0032017075773747017
2018-12-05,9310,9430,9310,9420,21831,0.0021276595744681437
2018-12-06,9480,9610,9280,9430,112702,0.0010615711252655036
2018-12-07,9490,9890,9440,9690,127703,0.0275715800636267
2018-12-10,9590,9710,9520,9660,58399,-0.003095975232198178
2018-12-11,9660,9760,9320,9320,82378,-0.035196687370600444
2018-12-12,9330,9580,9330,9570,23962,0.02682403433476388
2018-12-13,9530,9700,9450,9600,71270,0.0031347962382444194
2018-12-14,9730,9730,9250,9430,168582,-0.017708333333333326
2018-12-17,9430,9670,9300,9500,131559,0.007423117709437932
2018-12-18,9500,9500,9090,9350,142335,-0.015789473684210575
2018-12-19,9350,9400,9100,9180,59515,-0.018181818181818188
2018-12-20,9180,9180,8870,8950,186214,-0.025054466230936767
2018-12-21,8950,9130,8950,9030,61176,0.00893854748603351
2018-12-24,8910,9340,8800,8830,135709,-0.022148394241417457
2018-12-26,8600,9160,8590,8730,325058,-0.011325028312570762
2018-12-27,8810,9120,8730,9040,65184,0.03550973654066447
2018-12-28,9080,9170,9030,9100,26013,0.006637168141592875
2019-01-02,9190,9430,9080,9340,88403,0.02637362637362628
2019-01-03,9340,9390,9130,9170,54992,-0.018201284796573902
2019-01-04,9100,9700,9100,9530,115336,0.03925845147219187
2019-01-07,9660,9800,9510,9530,107912,0.0
2019-01-08,9610,9640,9320,9520,108681,-0.0010493179433368471
2019-01-09,9520,9620,9380,9450,82564,-0.007352941176470562
2019-01-10,9430,9530,9350,9450,53611,0.0
2019-01-11,9400,9520,9390,9400,22406,-0.005291005291005346
2019-01-14,9470,9470,9360,9400,17930,0.0
2019-01-15,9380,9450,9350,9400,20020,0.0
2019-01-16,9440,9600,9400,9510,72822,0.011702127659574568
2019-01-17,9520,9670,9450,9640,69704,0.013669821240799074
2019-01-18,9640,9710,9600,9640,35072,0.0
2019-01-21,9660,9820,9650,9750,65445,0.011410788381742698
2019-01-22,9750,9860,9660,9800,42143,0.00512820512820511
2019-01-23,9840,9880,9740,9820,31492,0.0020408163265306367
2019-01-24,9820,10000,9710,10000,109714,0.018329938900203624
2019-01-25,10000,10100,9920,9980,24176,-0.0020000000000000018
2019-01-28,9970,10100,9860,9930,52888,-0.00501002004008011
2019-01-29,9930,10000,9690,9780,55670,-0.015105740181268867
2019-01-30,9730,9820,9580,9630,140428,-0.015337423312883458
2019-01-31,9720,9840,9580,9840,52731,0.02180685358255441
2019-02-01,9830,9890,9770,9840,20257,0.0
2019-02-07,9810,10100,9720,10000,138074,0.016260162601626105
2019-02-08,9930,10000,9900,9990,22134,-0.0010000000000000009
2019-02-11,10000,10300,9950,9990,196429,0.0
2019-02-12,10000,10100,9920,10050,50533,0.006006006006006093
2019-02-13,10050,10150,9960,10050,23716,0.0
2019-02-14,10050,10050,9890,9940,102144,-0.010945273631840835
2019-02-15,9950,10000,9710,9880,92273,-0.006036217303822977
2019-02-18,9880,9960,9850,9850,18197,-0.0030364372469635637
2019-02-19,9830,9930,9820,9860,34871,0.0010152284263960087
2019-02-20,9890,9900,9750,9800,50337,-0.006085192697768749
2019-02-21,9880,9910,9730,9830,44725,0.003061224489795844
2019-02-22,9750,9910,9700,9750,40910,-0.008138351983723258
2019-02-25,9800,9820,9680,9680,34874,-0.007179487179487132
2019-02-26,9750,10000,9680,9850,69962,0.017561983471074294
2019-02-27,9850,9990,9850,9930,84808,0.008121827411167404
2019-02-28,9930,9980,9720,9800,127433,-0.01309164149043307
2019-03-04,9810,10050,9800,10000,86244,0.020408163265306145
2019-03-05,10050,10150,9970,10100,65110,0.010000000000000009
2019-03-06,10150,10250,10050,10100,47791,0.0
2019-03-07,10050,10100,9910,9990,65924,-0.0108910891089109
2019-03-08,9990,10000,9860,9930,34591,-0.006006006006005982
2019-03-11,9930,9960,9700,9850,89651,-0.00805639476334341
2019-03-12,9900,9960,9870,9930,50658,0.008121827411167404
2019-03-13,9950,10150,9930,10050,74778,0.012084592145015005
2019-03-14,10050,10100,9990,10100,73439,0.004975124378109541
2019-03-15,10150,10150,9970,9970,59500,-0.012871287128712883
2019-03-18,10000,10050,9900,9990,37952,0.0020060180541625616
2019-03-19,9990,10100,9970,9980,78213,-0.0010010010010009784
2019-03-20,10050,10050,9860,10000,27138,0.002004008016031955
2019-03-21,10050,10050,9790,9820,62361,-0.018000000000000016
2019-03-22,9820,9920,9570,9680,187248,-0.014256619144602856
2019-03-25,9600,9720,9510,9650,100403,-0.0030991735537190257
2019-03-26,9630,9680,9560,9560,33185,-0.00932642487046631
2019-03-27,9600,9600,9440,9470,23278,-0.009414225941422605
2019-03-28,9540,9540,9070,9070,164879,-0.04223864836325242
2019-03-29,9140,9440,9040,9400,76176,0.036383682469680156
2019-04-01,9390,9480,9310,9420,31132,0.0021276595744681437
2019-04-02,9460,9460,9320,9390,51002,-0.0031847133757961776
2019-04-03,9480,9540,9400,9510,28078,0.012779552715654896
2019-04-04,9560,9590,9450,9560,38609,0.00525762355415349
2019-04-05,9540,9570,9400,9440,58908,-0.012552301255230103
2019-04-08,9570,9570,9410,9450,23721,0.0010593220338983578
2019-04-09,9480,9500,9350,9390,35620,-0.006349206349206327
2019-04-10,9390,9420,9250,9390,68686,0.0
2019-04-11,9440,9590,9340,9490,81137,0.010649627263045858
2019-04-12,9490,9660,9370,9600,60392,0.011591148577450028
2019-04-15,9570,9890,9480,9690,104176,0.009374999999999911
2019-04-16,9690,9770,9610,9710,31108,0.002063983488132193
2019-04-17,9740,9840,9640,9740,37533,0.003089598352214118
2019-04-18,9740,9890,9650,9650,51023,-0.00924024640657084
2019-04-19,9740,9790,9690,9720,26028,0.007253886010362587
2019-04-22,9740,9920,9680,9900,95700,0.0185185185185186
2019-04-23,9880,9960,9820,9920,55550,0.002020202020202033
2019-04-24,9950,9970,9800,9930,62744,0.0010080645161290036
2019-04-25,9940,9960,9700,9860,48468,-0.007049345417925457
2019-04-26,9890,9960,9770,9880,37701,0.0020283975659229903
2019-04-29,9840,9970,9830,9850,46248,-0.0030364372469635637
2019-04-30,9810,9950,9780,9780,38878,-0.007106598984771617
2019-05-02,9770,9890,9770,9870,25235,0.009202453987730008
2019-05-03,9870,9920,9790,9860,57649,-0.0010131712259371373
2019-05-07,9760,9880,9710,9860,18445,0.0
2019-05-08,9860,9930,9780,9810,18894,-0.005070993914807254
2019-05-09,9880,9880,9730,9820,40324,0.0010193679918450993
2019-05-10,9820,9820,9700,9800,32923,-0.0020366598778004397
2019-05-13,9840,9840,9610,9610,29504,-0.019387755102040827
2019-05-14,9600,9650,9460,9640,52369,0.003121748178980255
2019-05-15,9640,9680,9550,9570,34418,-0.007261410788381717
2019-05-16,9570,9670,9370,9390,51140,-0.018808777429467072
2019-05-17,9370,9550,9130,9260,48789,-0.013844515441959526
2019-05-20,9250,9450,9100,9350,229321,0.009719222462202914
2019-05-21,9350,9640,9350,9620,86187,0.02887700534759352
2019-05-22,9620,9620,9430,9430,31172,-0.01975051975051978
2019-05-23,9600,9600,9390,9440,55059,0.0010604453870626251
2019-05-24,9520,9520,9330,9380,14563,-0.006355932203389814
2019-05-27,9380,9410,9190,9320,28918,-0.006396588486140775
2019-05-28,9300,9400,9260,9300,31046,-0.0021459227467811592
2019-05-29,9370,9430,9210,9310,42534,0.0010752688172042113
2019-05-30,9260,9500,9200,9300,43638,-0.0010741138560687036
2019-05-31,9350,9600,9070,9200,138861,-0.010752688172043001
2019-06-03,9200,9250,9030,9230,66893,0.003260869565217428
2019-06-04,9220,9400,9100,9380,131427,0.01625135427952329
2019-06-05,9380,9570,9330,9490,57571,0.011727078891258014
2019-06-07,9450,9490,9160,9220,145811,-0.028451001053740765
2019-06-10,9220,9300,9180,9220,37730,0.0
2019-06-11,9270,9550,9210,9520,77472,0.03253796095444694
2019-06-12,9470,9780,9410,9600,136781,0.008403361344537785
2019-06-13,9600,9920,9530,9680,173213,0.008333333333333304
2019-06-14,9680,9870,9680,9730,56319,0.005165289256198413
2019-06-17,9790,9830,9650,9790,41302,0.006166495375128367
2019-06-18,9790,10150,9680,9900,152876,0.011235955056179803
2019-06-19,9900,9960,9730,9900,66758,0.0
2019-06-20,9930,9950,9810,9820,20025,-0.008080808080808133
2019-06-21,9780,9990,9780,9870,95774,0.005091649694501044
2019-06-24,9910,9920,9820,9880,19246,0.0010131712259371373
2019-06-25,9810,9890,9730,9860,25531,-0.002024291497975672
2019-06-26,9860,9900,9790,9840,12594,-0.0020283975659228792
2019-06-27,9890,9890,9700,9760,23986,-0.008130081300813052
2019-06-28,9800,9870,9610,9680,18528,-0.008196721311475419
2019-07-01,9680,9840,9680,9710,31341,0.0030991735537189147
2019-07-02,9810,9810,9700,9750,22238,0.004119464469618972
2019-07-03,9810,9810,9670,9750,25770,0.0
2019-07-04,9730,9780,9540,9740,45464,-0.0010256410256410664
2019-07-05,9750,9780,9490,9650,81317,-0.00924024640657084
2019-07-08,9650,9650,9210,9210,41576,-0.0455958549222798
2019-07-09,9350,9470,8980,9310,179334,0.010857763300760048
2019-07-10,9360,9520,9270,9380,33290,0.007518796992481258
2019-07-11,9480,9580,9380,9500,22715,0.01279317697228155
2019-07-12,9530,9740,9390,9530,62868,0.0031578947368420263
2019-07-15,9620,9960,9400,9800,193916,0.02833158447009443
2019-07-16,9800,9890,9660,9760,71302,-0.004081632653061273
2019-07-17,9750,9780,9560,9750,30731,-0.0010245901639344135
2019-07-18,9730,9730,9610,9690,50738,-0.006153846153846176
2019-07-19,9700,9810,9660,9770,18237,0.008255933952528327
2019-07-22,9770,9800,9600,9600,11527,-0.017400204708290734
2019-07-23,9600,9690,9490,9500,14635,-0.01041666666666663
2019-07-24,9500,9600,9440,9470,11037,-0.0031578947368421373
2019-07-25,9500,9550,9210,9360,17499,-0.011615628299894376
2019-07-26,9450,9450,9220,9390,14088,0.0032051282051281937
2019-07-29,9450,9450,8940,9080,68584,-0.03301384451544198
2019-07-30,9030,9150,8820,8920,95596,-0.017621145374449365
2019-07-31,8930,8980,8700,8920,53537,0.0
2019-08-01,8920,9180,8780,8900,36073,-0.0022421524663677195
2019-08-02,8710,8930,8590,8840,82479,-0.006741573033707815
2019-08-05,8840,8840,7990,8000,135515,-0.09502262443438914
2019-08-06,7640,8400,7640,7940,303102,-0.007499999999999951
2019-08-07,7970,8650,7500,8600,309525,0.08312342569269515
2019-08-08,8540,9010,8400,9000,89314,0.04651162790697683
2019-08-09,9020,9030,8770,8970,103254,-0.0033333333333332993
2019-08-12,9000,9000,8840,8920,7387,-0.005574136008918651
2019-08-13,8800,9360,8790,9160,60457,0.026905829596412634
2019-08-14,9150,9500,9110,9400,235291,0.026200873362445476
2019-08-16,9250,9250,8800,9020,108224,-0.04042553191489362
2019-08-19,9020,9060,8470,8720,480449,-0.03325942350332589
2019-08-20,8670,8800,8660,8760,73877,0.004587155963302836
2019-08-21,8770,9140,8720,9100,109741,0.038812785388127935
2019-08-22,9050,9300,8720,9150,147728,0.005494505494505475
2019-08-23,9020,9080,8850,8860,69108,-0.031693989071038264
2019-08-26,8810,8940,8650,8930,30632,0.007900677200902928
2019-08-27,8940,9000,8410,8730,403719,-0.022396416573348232
2019-08-28,8770,8770,8240,8390,252754,-0.038946162657502836
2019-08-29,8390,8440,8230,8230,155522,-0.019070321811680557
2019-08-30,8300,8340,8180,8230,110183,0.0
2019-09-02,8200,8290,7990,8070,93231,-0.019441069258809285
2019-09-03,8060,8150,7960,7970,144638,-0.012391573729863659
2019-09-04,7970,8090,7970,8050,42358,0.010037641154328814
2019-09-05,8070,8110,8020,8080,77480,0.003726708074534235
2019-09-06,8120,8120,7930,8000,189109,-0.00990099009900991
2019-09-09,8000,8190,7980,8000,57940,0.0
2019-09-10,8070,8080,7990,8000,13627,0.0
2019-09-11,8060,8180,7880,7900,395212,-0.012499999999999956
2019-09-16,7970,8150,7860,8110,68468,0.026582278481012578
2019-09-17,8130,8430,8090,8280,229106,0.020961775585696563
2019-09-18,8370,8370,8220,8300,32102,0.0024154589371980784
2019-09-19,8300,8350,8090,8180,113570,-0.014457831325301207
2019-09-20,8200,8240,8100,8210,29858,0.003667481662591676
2019-09-23,8200,8680,8050,8340,138928,0.015834348355663774
2019-09-24,8290,8390,8230,8230,30980,-0.013189448441247031
2019-09-25,8230,8470,8110,8240,126818,0.0012150668286756705
2019-09-26,8280,8280,7980,8120,70346,-0.014563106796116498
2019-09-27,8100,8130,7880,7980,144544,-0.017241379310344862
2019-09-30,7980,8040,7900,7910,26914,-0.00877192982456143
2019-10-01,7880,8180,7860,8100,103313,0.02402022756005051
2019-10-02,8120,8120,7680,7680,291165,-0.051851851851851816
2019-10-04,7690,7830,7670,7800,37463,0.015625
2019-10-07,7800,7850,7760,7790,15138,-0.0012820512820512775
2019-10-08,7790,7840,7770,7830,19135,0.005134788189987249
2019-10-10,7880,7880,7650,7840,31612,0.0012771392081736277
2019-10-11,7850,7900,7820,7850,28408,0.0012755102040815647
2019-10-14,7920,7930,7850,7900,20512,0.006369426751592355
2019-10-15,7890,7930,7680,7800,145252,-0.012658227848101222
2019-10-16,7870,8150,7850,8000,241290,0.02564102564102555
2019-10-17,8010,8120,7920,7940,11065,-0.007499999999999951
2019-10-18,7960,7980,7830,7830,33879,-0.013853904282115859
2019-10-21,7830,7870,7790,7800,42419,-0.003831417624521105
2019-10-22,7770,7940,7750,7860,212452,0.007692307692307665
2019-10-23,7940,7940,7740,7860,213459,0.0
2019-10-24,7860,8200,7750,7980,109246,0.01526717557251911
2019-10-25,7980,8130,7900,8000,38500,0.0025062656641603454
2019-10-28,8000,8440,8000,8120,227009,0.014999999999999902
2019-10-29,8080,8110,7780,7860,180160,-0.03201970443349755
2019-10-30,7910,7910,7500,7730,283033,-0.01653944020356235
2019-10-31,7780,7920,7600,7830,349763,0.012936610608020649
2019-11-01,7800,7840,7710,7770,99335,-0.007662835249042099
2019-11-04,7750,7880,7750,7850,55732,0.01029601029601035
2019-11-05,7850,8080,7840,8070,172022,0.028025477707006363
2019-11-06,8020,8520,8020,8370,546262,0.037174721189590976
2019-11-07,8310,8460,8190,8210,86701,-0.019115890083632014
2019-11-08,8220,8460,8150,8370,160729,0.01948842874543244
2019-11-11,8390,8390,8190,8270,56589,-0.01194743130227005
2019-11-12,8270,8440,8230,8250,37138,-0.00241837968561065
2019-11-13,8220,8280,8180,8190,39144,-0.0072727272727273196
2019-11-14,8220,8380,8160,8310,84060,0.0146520146520146
2019-11-15,8260,8370,8010,8150,47324,-0.019253910950661868
2019-11-18,8170,8260,8110,8200,30185,0.006134969325153339
2019-11-19,8200,8380,8080,8340,152795,0.017073170731707332
2019-11-20,8290,8350,8110,8270,270370,-0.008393285371702586
2019-11-21,8270,8330,8100,8270,170686,0.0
2019-11-22,8320,8330,8100,8100,57998,-0.02055622732769047
2019-11-25,8190,8240,8110,8190,32694,0.011111111111111072
2019-11-26,8240,8250,8100,8230,85259,0.004884004884004867
2019-11-27,8230,8240,8090,8210,120870,-0.002430133657351119
2019-11-28,8200,8320,8190,8260,115148,0.006090133982947554
2019-11-29,8260,8290,8140,8190,34505,-0.008474576271186418
2019-12-02,8190,8230,8100,8110,31702,-0.009768009768009733
2019-12-03,8100,8120,7970,8040,34777,-0.008631319358816225
2019-12-04,8070,8080,7950,8010,29710,-0.003731343283582045
2019-12-05,8010,8250,7750,7760,378075,-0.031210986267166008
2019-12-06,7800,7850,7680,7810,108137,0.006443298969072142
2019-12-09,7810,7860,7500,7580,280557,-0.02944942381562099
2019-12-10,7620,7660,7540,7600,62018,0.0026385224274405594
2019-12-11,7620,7850,7550,7700,99110,0.013157894736842035
2019-12-12,7750,7910,7700,7800,105534,0.01298701298701288
2019-12-13,7800,8180,7710,7860,689432,0.007692307692307665
2019-12-16,7860,8250,7860,8010,93201,0.01908396946564883
2019-12-17,8100,8260,7960,8170,235843,0.019975031210986316
2019-12-18,8230,8230,7980,8050,334713,-0.014687882496939975
2019-12-19,8030,8150,8000,8130,63093,0.009937888198757738
2019-12-20,8140,8210,8090,8140,50591,0.0012300123001229846
2019-12-23,8120,8240,8000,8150,115949,0.0012285012285011554
2019-12-24,8140,8180,7990,8150,150877,0.0
2019-12-26,8160,8160,8000,8000,318154,-0.018404907975460127
2019-12-27,8010,8150,7980,8140,57641,0.01750000000000007
2019-12-30,8110,8420,8110,8310,198584,0.020884520884520974
2020-01-02,8340,8400,8290,8400,111305,0.010830324909747224
2020-01-03,8400,8450,8290,8360,96437,-0.004761904761904745
2020-01-06,8290,8330,8120,8180,73230,-0.021531100478468845
2020-01-07,8200,8280,8090,8160,117904,-0.0024449877750610804
2020-01-08,8170,8170,7830,7930,263246,-0.028186274509803932
2020-01-09,8020,8060,7900,7900,50346,-0.003783102143757877
2020-01-10,7970,8140,7880,8100,77059,0.025316455696202445
2020-01-13,8140,8250,8070,8220,91646,0.014814814814814836
2020-01-14,8240,8240,8070,8140,100901,-0.009732360097323589
2020-01-15,8160,8170,8000,8090,72255,-0.00614250614250611
2020-01-16,8140,8140,8030,8030,80537,-0.007416563658838027
2020-01-17,8040,8130,8030,8110,47098,0.00996264009962644
2020-01-20,8140,8340,8100,8240,205611,0.01602959309494456
2020-01-21,8250,8280,8080,8130,161270,-0.013349514563106846
2020-01-22,8160,8470,8160,8290,251732,0.019680196801967975
2020-01-23,8390,8410,8290,8350,90264,0.007237635705669376
2020-01-28,8400,8960,8290,8590,915591,0.028742514970059974
2020-01-29,8640,8690,8110,8150,370187,-0.051222351571594826
2020-01-30,8180,8260,7990,8000,239447,-0.018404907975460127
2020-01-31,8030,8110,7880,7910,255775,-0.011249999999999982
2020-02-03,7790,7840,7370,7530,394550,-0.04804045512010113
2020-02-04,7550,7640,7530,7600,87815,0.009296148738379806
2020-02-05,7640,7770,7630,7680,120557,0.010526315789473717
2020-02-06,7750,7890,7690,7750,116790,0.00911458333333326
2020-02-07,7750,7790,7580,7670,182278,-0.010322580645161339
2020-02-10,7680,7690,7490,7620,120898,-0.006518904823989535
2020-02-11,7650,7680,7570,7650,66183,0.003937007874015741
2020-02-12,7650,7690,7540,7630,95648,-0.002614379084967311
2020-02-13,7660,7670,7540,7580,98128,-0.006553079947575369
2020-02-14,7600,7700,7550,7590,100164,0.0013192612137202797
2020-02-17,7600,7610,7510,7550,53442,-0.005270092226614009
2020-02-18,7520,7670,7380,7390,256144,-0.021192052980132492
2020-02-19,7420,7480,7390,7450,43486,0.008119079837618504
2020-02-20,7520,7540,7260,7330,139692,-0.016107382550335614
2020-02-21,7330,7350,7090,7180,218425,-0.02046384720327421
2020-02-24,6960,7090,6750,6800,220736,-0.05292479108635095
2020-02-25,6800,7040,6590,7020,149025,0.032352941176470695
2020-02-26,6980,7170,6840,7030,129260,0.0014245014245013454
2020-02-27,7090,7340,6990,7030,205047,0.0
2020-02-28,6860,7030,6670,6830,185609,-0.028449502133712667
2020-03-02,6740,6900,6710,6830,72101,0.0
2020-03-03,6950,7040,6860,6970,122598,0.020497803806734938
2020-03-04,6960,7100,6920,7030,105803,0.008608321377331363
2020-03-05,7090,7300,7070,7230,101494,0.028449502133712556
2020-03-06,7190,7330,7120,7250,119515,0.0027662517289073207
2020-03-09,7230,7230,7030,7060,85174,-0.026206896551724146
2020-03-10,6920,7070,6870,6940,172889,-0.016997167138810165
2020-03-11,6980,7110,6730,6770,156412,-0.02449567723342938
2020-03-12,6760,6760,6300,6420,398356,-0.05169867060561295
2020-03-13,5960,6150,5560,5870,357670,-0.08566978193146413
2020-03-16,5870,6050,5700,5710,359328,-0.027257240204429323
2020-03-17,5250,5730,5250,5570,148121,-0.024518388791593737
2020-03-18,5630,5780,5420,5420,155883,-0.026929982046678624
2020-03-19,5630,6450,4800,4985,504037,-0.0802583025830258
2020-03-20,5010,5290,5000,5190,206771,0.04112337011033107
2020-03-23,4900,5170,4850,5020,134269,-0.032755298651252374
2020-03-24,5170,5570,5100,5330,202739,0.06175298804780871
2020-03-25,5510,5670,5440,5630,175934,0.05628517823639778
2020-03-26,5720,6050,5540,5900,282680,0.047957371225577194
2020-03-27,6300,6300,5900,6130,193283,0.03898305084745757
2020-03-30,6130,6350,6000,6350,190170,0.03588907014681886
2020-03-31,6400,6650,6360,6550,143491,0.03149606299212593
2020-04-01,6610,6780,6500,6580,163650,0.004580152671755711
2020-04-02,6520,6680,6420,6610,146475,0.004559270516717229
2020-04-03,6680,6930,6580,6830,161419,0.033282904689863946
2020-04-06,6930,7220,6930,7190,218593,0.052708638360175586
2020-04-07,7300,7450,6930,7430,179098,0.033379694019471495
2020-04-08,7430,7700,7310,7650,201101,0.02960969044414541
2020-04-09,7750,7750,7530,7650,202716,0.0
2020-04-10,7700,7860,7310,7730,238244,0.010457516339869244
2020-04-13,7730,7750,7490,7490,128951,-0.031047865459249646
2020-04-14,7590,7590,7420,7500,145355,0.001335113484646211
2020-04-16,7420,7630,7330,7630,119442,0.017333333333333423
2020-04-17,7650,7730,7540,7720,139320,0.011795543905635641
2020-04-20,8700,8700,7850,8050,800932,0.042746113989637236
2020-04-21,8240,10450,8220,10450,11147681,0.2981366459627328
2020-04-22,11950,12450,10650,10750,12377730,0.028708133971291794
2020-04-23,10800,11500,10600,10900,2543063,0.013953488372093092
2020-04-24,10800,10800,10150,10150,697323,-0.06880733944954132
2020-04-27,10100,10550,10100,10450,487432,0.029556650246305383
2020-04-28,10950,12350,10950,11900,1450030,0.13875598086124397
2020-04-29,11650,11650,10900,11250,1007942,-0.054621848739495826
2020-05-04,10650,10800,10250,10600,710210,-0.05777777777777782
2020-05-06,10850,10850,10200,10600,771765,0.0
2020-05-07,10300,10650,10250,10400,534871,-0.018867924528301883
2020-05-08,10750,11100,10350,10500,996717,0.009615384615384581
2020-05-11,10600,10600,10150,10300,469424,-0.01904761904761909
2020-05-12,10350,10650,10150,10600,617130,0.029126213592232997
2020-05-13,10650,10650,10300,10350,380200,-0.02358490566037741
2020-05-14,10250,10900,10100,10700,1355080,0.033816425120772875
2020-05-15,10850,10950,10450,10550,680362,-0.014018691588784993
2020-05-18,10550,10800,10200,10700,622190,0.014218009478673022
2020-05-19,10500,10500,9910,10050,758107,-0.06074766355140182
2020-05-20,10100,10200,9990,10050,424923,0.0
2020-05-21,10050,10150,9710,9710,618577,-0.03383084577114426
2020-05-22,9760,10250,9760,10250,740048,0.0556127703398559
2020-05-25,10250,10450,10000,10300,453897,0.004878048780487809
2020-05-26,10400,10400,10050,10150,250626,-0.014563106796116498
2020-05-27,10650,12450,10600,11300,6795894,0.11330049261083741
2020-05-28,11350,11350,10450,10800,1106251,-0.04424778761061943
2020-05-29,10900,12150,10850,11550,4470917,0.06944444444444442
2020-06-01,11750,11900,11450,11600,1547269,0.0043290043290042934
2020-06-02,11600,11800,10950,11750,1171851,0.012931034482758674
2020-06-03,12100,12100,11450,11600,1193172,-0.012765957446808529
2020-06-04,11850,11850,11250,11350,975698,-0.02155172413793105
2020-06-05,12200,14750,11900,14750,17523169,0.2995594713656389
2020-06-08,14950,16750,14550,15400,15837277,0.04406779661016946
2020-06-09,15400,17500,14850,16100,13134543,0.045454545454545414
2020-06-10,16000,16750,15750,16100,2860356,0.0
2020-06-11,16050,16100,15150,15200,2015446,-0.05590062111801242
2020-06-12,14650,15800,14500,15350,1597695,0.009868421052631637
2020-06-15,15600,16450,14100,14650,2388709,-0.0456026058631922
2020-06-16,15200,16950,14950,15950,3693462,0.0887372013651877
2020-06-17,16900,17300,15400,15750,2449757,-0.01253918495297801
2020-06-18,15850,16050,15450,15950,1104813,0.012698412698412653
2020-06-19,16050,16050,15050,15700,857391,-0.01567398119122254
2020-06-22,15550,16200,15500,16000,793242,0.019108280254777066
2020-06-23,16100,18100,15700,16850,4128400,0.05312500000000009
2020-06-24,17050,17950,16700,16900,2410334,0.0029673590504450953
2020-06-25,16700,17850,16500,17500,2015059,0.035502958579881616
2020-06-26,17750,17800,16250,17000,1218309,-0.02857142857142858
2020-06-29,16800,17300,16450,16700,699133,-0.01764705882352946
2020-06-30,17150,17150,15600,16250,1096630,-0.026946107784431184
2020-07-01,16100,16600,15150,15200,947834,-0.06461538461538463
2020-07-02,15200,15550,14400,15150,1211802,-0.003289473684210509
2020-07-03,15050,15250,14750,15050,536560,-0.0066006600660065695
2020-07-06,15050,15300,14700,15150,530324,0.006644518272425293
2020-07-07,15150,15250,14850,15100,481223,-0.0033003300330033403
2020-07-08,15050,15550,14900,15200,667288,0.0066225165562914245
2020-07-09,15450,16050,15300,16050,1315716,0.05592105263157898
2020-07-10,16350,16700,15900,16350,1179178,0.01869158878504673
2020-07-13,16500,16600,15950,16000,553258,-0.021406727828746197
2020-07-14,16000,17000,16000,16800,1670969,0.050000000000000044
2020-07-15,16700,16700,15700,15700,1236148,-0.06547619047619047
2020-07-16,15750,15850,15050,15200,728717,-0.031847133757961776
2020-07-17,15050,16050,15050,15550,708937,0.023026315789473673
2020-07-20,15750,16400,15650,16300,847845,0.048231511254019255
2020-07-21,16150,17350,16100,16750,1892728,0.027607361963190247
2020-07-22,16950,21750,16450,21650,10002002,0.29253731343283573
2020-07-23,20650,27000,20050,23700,17433401,0.09468822170900704
2020-07-24,24550,25900,23050,23050,4381522,-0.02742616033755274
2020-07-27,23050,24300,20750,23000,2495898,-0.002169197396963085
2020-07-28,23000,24450,23000,23450,1924723,0.019565217391304346
2020-07-29,23500,24650,23450,24050,1828787,0.02558635394456288
2020-07-30,24400,24450,22100,23300,1021338,-0.03118503118503113
2020-07-31,23450,24850,22950,24400,2271790,0.047210300429184615
2020-08-03,24700,25600,23650,24050,1808460,-0.014344262295082011
2020-08-04,24300,26000,23450,26000,2884139,0.08108108108108114
2020-08-05,25500,31550,25100,28100,11359853,0.0807692307692307
2020-08-06,27750,29650,27600,28350,2129537,0.008896797153024938
2020-08-07,29250,29800,28450,29350,1525232,0.03527336860670194
2020-08-10,29650,31300,29150,30300,1476226,0.03236797274275971
2020-08-11,30350,34450,23750,24400,11121453,-0.19471947194719474
2020-08-12,25300,26700,24250,24950,3375125,0.02254098360655732
2020-08-13,24750,25150,21700,22550,3196774,-0.09619238476953906
2020-08-14,22400,22400,20700,21200,2252686,-0.05986696230598665
2020-08-18,21350,25000,21350,22000,4866233,0.037735849056603765
2020-08-19,22800,23900,22250,22900,2644150,0.040909090909091006
2020-08-20,23600,24200,22450,22850,1961789,-0.0021834061135370675
2020-08-21,23000,23200,21500,21650,999529,-0.05251641137855578
2020-08-24,21700,24050,21100,23100,2414561,0.06697459584295617
2020-08-25,22900,23550,22750,23250,1096492,0.006493506493506551
2020-08-26,23300,24200,23000,23750,1572466,0.021505376344086002
2020-08-27,23900,24700,23300,23750,1374591,0.0
2020-08-28,23750,23900,23000,23050,731100,-0.02947368421052632
2020-08-31,23200,24000,23000,23450,786605,0.017353579175704903
2020-09-01,23500,23900,23350,23650,604784,0.008528784648187626
2020-09-02,23850,25250,23450,24950,2551151,0.05496828752642702
2020-09-03,25500,26350,25000,25350,1628037,0.01603206412825653
2020-09-04,24150,25450,24100,25200,1072478,-0.00591715976331364
2020-09-07,25600,25700,25100,25550,813108,0.01388888888888884
2020-09-08,25650,28250,22300,23650,5096054,-0.07436399217221135
2020-09-09,23900,25150,22750,24550,2313031,0.038054968287526414
2020-09-10,25500,26100,24700,25950,1809380,0.05702647657841142
2020-09-11,28200,29600,26150,26750,3734243,0.030828516377649384
2020-09-14,26850,26850,25450,26300,809547,-0.016822429906542036
2020-09-15,26200,26950,25300,25400,911902,-0.034220532319391594
2020-09-16,24850,25700,24700,25050,681274,-0.013779527559055094
2020-09-17,24800,25850,24700,25300,722838,0.009980039920159722
2020-09-18,25000,25450,24750,25050,624243,-0.00988142292490124
2020-09-21,25300,26200,24600,25050,811682,0.0
2020-09-22,24600,25050,23500,24050,788037,-0.03992015968063867
2020-09-23,24150,24400,22500,23150,633571,-0.037422037422037424
2020-09-24,22450,22800,20950,21100,1097445,-0.08855291576673863
2020-09-25,21100,22750,20600,22100,612823,0.04739336492891
2020-09-28,22100,22500,21500,22000,442765,-0.004524886877828038
2020-09-29,22000,22050,20700,21850,551123,-0.006818181818181834
2020-10-05,22200,24350,21700,24100,1094057,0.10297482837528604
2020-10-06,24100,24350,23350,23750,463912,-0.014522821576763434
2020-10-07,23500,23550,23100,23500,322425,-0.010526315789473717
2020-10-08,23600,24850,23600,24150,716608,0.027659574468085202
2020-10-12,24500,24950,22950,24000,540131,-0.006211180124223614
2020-10-13,24200,24550,23900,24300,426678,0.012499999999999956
2020-10-14,23900,24200,23600,23850,420287,-0.01851851851851849
2020-10-15,23850,23850,22450,22750,508031,-0.04612159329140464
2020-10-16,22750,22950,20750,21550,912125,-0.05274725274725278
2020-10-19,21350,22900,20750,21300,590550,-0.011600928074245953
2020-10-20,20850,21600,19850,20300,745574,-0.04694835680751175
2020-10-21,20200,20500,19850,20100,402212,-0.009852216748768461
2020-10-22,19850,20050,19000,19200,620779,-0.04477611940298509
2020-10-23,19500,20600,19350,19800,567794,0.03125
2020-10-26,19500,19750,17000,17100,1338181,-0.13636363636363635
2020-10-27,16850,18150,15900,17500,854079,0.023391812865497075
2020-10-28,17250,19400,17250,18950,757160,0.08285714285714296
2020-10-29,18400,19300,18300,19150,424896,0.01055408970976246
2020-10-30,19500,19500,17700,17900,459297,-0.06527415143603132
2020-11-02,17850,18600,17650,18150,297779,0.013966480446927276
2020-11-03,18150,18700,17450,18400,357550,0.01377410468319562
2020-11-04,18750,18750,17950,18250,285222,-0.008152173913043459
2020-11-05,18300,18900,18250,18750,273054,0.027397260273972712
2020-11-06,19000,19250,18000,18300,379887,-0.02400000000000002
2020-11-09,18550,19100,18300,18950,321139,0.03551912568306004
2020-11-10,19950,20000,18000,18100,912306,-0.04485488126649073
2020-11-11,18250,18350,16700,17700,690470,-0.02209944751381221
2020-11-12,17500,18250,17500,17950,339516,0.01412429378531077
2020-11-13,17950,18800,17750,18450,561160,0.027855153203342642
2020-11-16,18950,19300,18550,18750,728497,0.016260162601626105
2020-11-17,18850,18850,17800,17950,648331,-0.04266666666666663
2020-11-18,17800,18350,17550,18050,481113,0.0055710306406684396
2020-11-19,18200,18850,18000,18600,730789,0.030470914127423754
2020-11-20,18700,21350,18400,19300,2497361,0.037634408602150504
2020-11-23,19400,19400,18600,18600,829449,-0.03626943005181349
2020-11-24,22150,24150,21000,21000,18110748,0.12903225806451624
2020-11-25,21500,21500,19700,19850,3089628,-0.05476190476190479
2020-11-26,19900,20250,19300,19750,1114933,-0.005037783375314908
2020-11-27,19800,20050,19500,19500,635582,-0.012658227848101222
2020-11-30,19550,19650,19050,19150,854958,-0.017948717948717996
2020-12-01,19150,19900,19050,19800,956640,0.03394255874673635
2020-12-02,20050,20350,19400,19750,875174,-0.002525252525252486
2020-12-03,19750,19900,19000,19150,701206,-0.03037974683544309
2020-12-04,19500,19600,18950,19000,543537,-0.007832898172323799
2020-12-07,19050,19450,18850,19050,535318,0.002631578947368318
2020-12-08,19200,19600,18600,18600,687202,-0.023622047244094446
2020-12-09,18800,18850,17900,18000,831661,-0.032258064516129004
2020-12-10,17750,18200,17650,18000,386252,0.0
2020-12-11,18050,18950,17850,18450,1046707,0.02499999999999991
2020-12-14,18650,19850,18450,19550,1828211,0.05962059620596216
2020-12-15,19700,19800,19050,19700,812174,0.007672634271099765
2020-12-16,19600,19600,18800,19200,612248,-0.025380710659898442
2020-12-17,19000,19100,18300,18900,618956,-0.015625
2020-12-18,19200,21900,19150,20450,7400180,0.08201058201058209
2020-12-21,22000,24350,21900,23450,10000048,0.1466992665036675
2020-12-22,23950,25500,22000,23900,7361077,0.019189765458422103
2020-12-23,23500,24300,20450,20450,2745447,-0.14435146443514646
2020-12-24,20300,20500,19500,20000,1222707,-0.022004889975550168
2020-12-28,20000,20050,18600,18650,1215378,-0.0675
2020-12-29,18750,19400,18750,19150,471430,0.02680965147453085
2020-12-30,19100,19800,18800,19650,623218,0.02610966057441244
2021-01-04,19750,19900,18850,19100,719076,-0.027989821882951627
2021-01-05,19000,19500,18650,19400,660993,0.015706806282722585
2021-01-06,19350,19850,19000,19700,692445,0.015463917525773141
2021-01-07,20000,20100,19500,19700,612986,0.0
2021-01-08,19850,19900,18950,19100,620141,-0.030456852791878153
2021-01-11,19000,19100,17850,18100,868959,-0.05235602094240843
2021-01-12,18000,18500,18000,18100,377078,0.0
2021-01-13,18000,18350,17900,18000,325304,-0.0055248618784530246
2021-01-14,18100,18850,18000,18450,395979,0.02499999999999991
2021-01-15,18600,18700,18000,18050,334730,-0.02168021680216803
2021-01-18,18000,18050,17050,17050,509279,-0.05540166204986152
2021-01-19,16900,17200,15900,16550,716826,-0.029325513196480912
2021-01-20,16550,17250,16550,16900,281517,0.02114803625377637
2021-01-21,17100,17200,16650,16700,292345,-0.011834319526627168
2021-01-22,16600,16650,16250,16400,288262,-0.017964071856287456
2021-01-25,16450,17000,16400,17000,279789,0.03658536585365857
2021-01-26,17150,17150,16500,16700,271418,-0.01764705882352946
2021-01-27,16700,16850,16300,16350,231488,-0.020958083832335328
2021-01-28,16200,16200,15750,15750,321083,-0.03669724770642202
2021-01-29,15900,16000,14750,15050,415174,-0.0444444444444444
2021-02-01,14800,15700,14800,15600,217267,0.03654485049833878
2021-02-02,15650,16050,15550,15800,170148,0.012820512820512775
2021-02-03,15850,15950,15500,15700,147509,-0.006329113924050667
2021-02-04,15700,15750,15250,15300,143047,-0.02547770700636942
2021-02-05,15450,15750,15200,15500,186469,0.013071895424836555
2021-02-08,15800,15800,15300,15400,159256,-0.006451612903225823
2021-02-09,15700,15700,15350,15400,153252,0.0
2021-02-10,15050,15650,15050,15350,192189,-0.0032467532467532756
2021-02-15,15450,15800,15150,15700,202964,0.0228013029315961
2021-02-16,16000,16150,15600,15700,333293,0.0
2021-02-17,16700,16850,15750,15800,638207,0.006369426751592355
2021-02-18,15650,16050,15500,15650,215478,-0.009493670886076
2021-02-19,15650,15700,15100,15400,218109,-0.015974440894568676
2021-02-22,15300,15500,15100,15150,171635,-0.016233766233766267
2021-02-23,15000,15100,14400,14400,354880,-0.04950495049504955
2021-02-24,14350,14600,13750,13750,271570,-0.04513888888888884
2021-02-25,13900,14450,13800,14450,244951,0.050909090909091015
2021-02-26,13950,14500,13800,14500,242941,0.0034602076124568004
2021-03-02,14750,14750,14100,14300,199410,-0.01379310344827589
2021-03-03,14150,14500,14100,14300,127587,0.0
2021-03-04,14200,14250,13600,13750,225778,-0.038461538461538436
2021-03-05,13600,13950,13400,13950,187692,0.014545454545454639
2021-03-08,15200,17200,14400,14400,3201857,0.032258064516129004
2021-03-09,14900,15300,14050,14750,607724,0.02430555555555558
2021-03-10,14800,14850,14200,14200,242598,-0.037288135593220306
2021-03-11,14100,14400,14000,14000,217350,-0.014084507042253502
2021-03-12,14150,14300,14000,14300,152528,0.021428571428571352
2021-03-15,14250,14600,14100,14350,176810,0.0034965034965035446
2021-03-16,14350,14850,14350,14700,229193,0.024390243902439046
2021-03-17,14900,15150,14700,15000,229342,0.020408163265306145
2021-03-18,15100,15300,14900,14900,227040,-0.00666666666666671
2021-03-19,14700,15000,14600,14900,140595,0.0
2021-03-22,15050,15050,14600,14650,194753,-0.016778523489932917
2021-03-23,14750,14850,14550,14650,178875,0.0
2021-03-24,14550,14650,14300,14300,181575,-0.023890784982935176
2021-03-25,14350,14400,14100,14200,120178,-0.006993006993006978
2021-03-26,14250,14350,14100,14200,98410,0.0
2021-03-29,14300,14350,14050,14200,112767,0.0
2021-03-30,14300,14400,14100,14150,117105,-0.0035211267605633756
2021-03-31,14150,14250,14000,14250,142773,0.007067137809187329
2021-04-01,14200,14300,14050,14050,146791,-0.01403508771929829
2021-04-02,14300,14750,14250,14450,323722,0.028469750889679624
2021-04-05,14600,14600,14250,14350,106239,-0.00692041522491349
2021-04-06,14350,14400,14100,14100,138948,-0.017421602787456414
2021-04-07,14200,14450,14100,14400,119400,0.02127659574468077
2021-04-08,14350,15150,14350,14950,473907,0.03819444444444442
2021-04-09,15000,15150,14700,15050,205650,0.006688963210702337
2021-04-12,15150,15550,15050,15500,300002,0.029900332225913706
2021-04-13,15500,15550,15250,15300,186169,-0.012903225806451646
2021-04-14,15250,15950,15100,15800,433602,0.03267973856209161
2021-04-15,15850,15900,15450,15600,204149,-0.012658227848101222
2021-04-16,15600,15650,15350,15400,208989,-0.012820512820512775
2021-04-19,15300,15600,15200,15450,169881,0.0032467532467532756
2021-04-20,15650,15650,15350,15450,196856,0.0
2021-04-21,15450,16200,15400,15600,576694,0.009708737864077666
2021-04-22,15750,15800,15400,15500,239113,-0.0064102564102563875
2021-04-23,15500,16050,15250,15600,351254,0.006451612903225712
2021-04-26,15750,16350,15700,16250,645319,0.04166666666666674
2021-04-27,16300,16500,16050,16100,355521,-0.009230769230769265
2021-04-28,16300,16300,15650,15800,415415,-0.018633540372670843
2021-04-29,15750,15800,15250,15350,249142,-0.02848101265822789
2021-04-30,15400,15600,15200,15350,160945,0.0
2021-05-03,15200,15450,14950,14950,210516,-0.026058631921824116
2021-05-04,14950,15050,14200,14550,301529,-0.026755852842809347
2021-05-06,14600,14800,14500,14600,143915,0.0034364261168384758
2021-05-07,14700,14900,14550,14850,130208,0.017123287671232834
2021-05-10,15050,15400,14850,15400,219045,0.03703703703703698
2021-05-11,15350,15400,15050,15300,134726,-0.00649350649350644
2021-05-12,15300,15400,14750,14900,130243,-0.02614379084967322
2021-05-13,14550,15000,14450,14550,161273,-0.023489932885906062
2021-05-14,14750,14750,14600,14700,98572,0.010309278350515427
2021-05-17,14800,15050,14700,15000,137869,0.020408163265306145
2021-05-18,15000,15150,14850,14950,106804,-0.0033333333333332993
2021-05-20,15200,15200,14700,14800,143099,-0.010033444816053505
2021-05-21,14850,14900,14650,14650,110068,-0.010135135135135087
2021-05-24,14800,14800,14300,14400,127994,-0.017064846416382284
2021-05-25,14400,14500,14250,14450,118947,0.003472222222222321
2021-05-26,14350,14600,14300,14500,71634,0.0034602076124568004
2021-05-27,14500,14650,14400,14600,87897,0.006896551724137945
2021-05-28,14650,14750,14450,14500,136282,-0.006849315068493178
2021-05-31,14550,14700,14500,14650,99060,0.010344827586206806
2021-06-01,14700,14700,14450,14600,114966,-0.0034129692832765013
2021-06-02,14700,14700,14450,14500,109559,-0.006849315068493178
2021-06-03,14550,14650,14450,14600,96158,0.006896551724137945
2021-06-04,14600,14800,14550,14700,133900,0.006849315068493178
2021-06-07,14800,15550,14750,15150,511140,0.030612244897959107
2021-06-08,15350,15500,15000,15050,272839,-0.0066006600660065695
2021-06-09,15000,15100,14700,14700,168044,-0.023255813953488413
2021-06-10,14600,15100,14600,15100,176342,0.027210884353741527
2021-06-11,15150,15200,14750,14900,146819,-0.013245033112582738
2021-06-14,14900,14950,14650,14650,107560,-0.016778523489932917
2021-06-15,14800,14800,14550,14600,142514,-0.0034129692832765013
2021-06-16,14600,14650,14500,14550,202631,-0.003424657534246589
2021-06-17,14600,14600,14400,14450,123852,-0.0068728522336769515
2021-06-18,14500,14550,14350,14450,116161,0.0
2021-06-21,14400,14600,14350,14500,123450,0.0034602076124568004
2021-06-22,14500,14550,14400,14450,99679,-0.0034482758620689724
2021-06-23,14450,14700,14400,14550,186682,0.006920415224913601
2021-06-24,14700,16150,14700,15400,1999686,0.05841924398625431
2021-06-25,15550,15600,15200,15400,378323,0.0
2021-06-28,15600,15800,15400,15750,404835,0.022727272727272707
2021-06-29,15800,16100,15600,15650,413276,-0.006349206349206327
2021-06-30,15650,15800,15450,15650,153804,0.0
2021-07-01,15700,15900,15450,15800,268235,0.009584664536741228
2021-07-02,15900,15950,15600,15750,266741,-0.0031645569620253333
2021-07-05,15850,16350,15800,16000,698678,0.015873015873015817
2021-07-06,16100,16200,15600,15700,284953,-0.018750000000000044
2021-07-07,15750,16350,15550,16100,645979,0.02547770700636942
2021-07-08,16100,16150,15300,15350,483775,-0.04658385093167705
2021-07-09,15200,15250,14800,14950,342502,-0.026058631921824116
2021-07-12,15000,15150,14900,15050,160334,0.006688963210702337
2021-07-13,15050,15100,14850,14850,184810,-0.013289036544850474
2021-07-14,14950,14950,14700,14750,118825,-0.006734006734006703
2021-07-15,15000,15000,14750,14850,149813,0.006779661016949046
2021-07-16,14850,14950,14650,14800,169898,-0.0033670033670033517
2021-07-19,14800,15200,14700,15100,206899,0.020270270270270174
2021-07-20,14950,15050,14800,14900,107379,-0.013245033112582738
2021-07-21,15050,15050,14750,14800,94116,-0.006711409395973145
2021-07-22,14750,14850,14650,14750,109511,-0.0033783783783783994
2021-07-23,14750,14900,14500,14600,107504,-0.01016949152542368
2021-07-26,14700,14700,14350,14400,192180,-0.013698630136986356
2021-07-27,14500,14550,14350,14400,96069,0.0
2021-07-28,14300,14600,14300,14450,94912,0.003472222222222321
2021-07-29,14500,14650,14500,14600,83468,0.01038062283737018
2021-07-30,14650,14750,14400,14650,115604,0.003424657534246478
2021-08-02,14700,14800,14550,14650,86857,0.0
2021-08-03,14650,15350,14550,15300,487257,0.04436860068259385
2021-08-04,15200,15300,15050,15200,162920,-0.006535947712418277
2021-08-05,15200,15350,15000,15100,133987,-0.006578947368421018
2021-08-06,15100,15150,14800,14900,132943,-0.013245033112582738
2021-08-09,14900,15600,14900,15250,451102,0.02348993288590595
2021-08-10,15400,15500,14900,14950,196867,-0.01967213114754096
2021-08-11,15100,15250,14800,14850,187785,-0.006688963210702337
2021-08-12,14900,15500,14850,15250,308830,0.026936026936027035
2021-08-13,15400,15500,14800,15050,347282,-0.013114754098360604
2021-08-17,15250,15250,14200,14400,305960,-0.04318936877076407
2021-08-18,14150,15900,14150,15150,862804,0.05208333333333326
2021-08-19,14950,15050,14400,14450,307361,-0.04620462046204621
2021-08-20,14500,15100,14350,14600,363250,0.01038062283737018
2021-08-23,14600,14950,14450,14950,167879,0.023972602739726012
2021-08-24,14950,15400,14900,15300,447868,0.02341137123745818
2021-08-25,15300,15350,14900,15250,210026,-0.0032679738562091387
2021-08-26,15150,15250,14900,14950,183202,-0.01967213114754096
2021-08-27,14950,15250,14800,14950,216563,0.0
2021-08-30,15100,15200,14900,15000,163341,0.0033444816053511683
2021-08-31,15000,15000,14600,14850,188409,-0.010000000000000009
2021-09-01,14800,14850,14700,14750,138523,-0.006734006734006703
2021-09-02,14800,15200,14750,15200,245233,0.03050847457627115
2021-09-03,15200,15350,15100,15100,316373,-0.006578947368421018
2021-09-06,15200,16200,15000,15900,1004155,0.052980132450331174
2021-09-07,15800,16000,15400,15500,435917,-0.02515723270440251
2021-09-08,15650,15650,15100,15150,336634,-0.022580645161290325
2021-09-09,15100,15250,14750,14750,320122,-0.02640264026402639
2021-09-10,14950,15350,14800,15150,197264,0.027118644067796627
2021-09-13,15100,15150,14800,14800,184195,-0.02310231023102305
2021-09-14,14900,15200,14850,15150,162910,0.023648648648648685
2021-09-15,15150,15350,15050,15100,176227,-0.0033003300330033403
2021-09-16,15200,15400,15100,15350,193940,0.01655629139072845
2021-09-17,15400,15500,15050,15050,167709,-0.019543973941368087
2021-09-23,14850,18600,14650,17800,13246110,0.18272425249169433
2021-09-24,17250,17950,16800,17950,4045645,0.008426966292134797
2021-09-27,17650,18600,17050,18050,2982393,0.0055710306406684396
2021-09-28,17650,19600,16450,16500,6178907,-0.08587257617728528
2021-09-29,16100,19200,15950,18550,10756122,0.12424242424242427
2021-09-30,19600,21450,17550,17850,16811805,-0.037735849056603765
2021-10-01,18100,20100,18000,19600,9327484,0.0980392156862746
2021-10-05,19050,19550,16650,16850,3099709,-0.14030612244897955
2021-10-06,17400,21550,16650,17750,11155661,0.05341246290801194
2021-10-07,17400,20800,17350,20050,16153551,0.12957746478873244
2021-10-08,20050,20950,18800,19350,7895987,-0.034912718204488824
2021-10-12,19650,20150,18300,18750,2757585,-0.03100775193798455
2021-10-13,18600,19200,17900,18300,2355082,-0.02400000000000002
2021-10-14,18300,19550,18200,19000,4740936,0.03825136612021862
2021-10-15,19200,19300,18150,18150,1768919,-0.044736842105263186
2021-10-18,18100,18500,17650,17800,1233996,-0.019283746556473802
2021-10-19,17900,18150,16900,17250,2080312,-0.030898876404494402
2021-10-20,17300,17700,17100,17400,817602,0.008695652173912993
2021-10-21,17400,17500,16200,16350,1319049,-0.06034482758620685
2021-10-22,16400,17300,16400,16650,1179936,0.0183486238532109
2021-10-25,16700,16750,16050,16150,652936,-0.03003003003003002
2021-10-26,16250,16900,16200,16400,695326,0.015479876160990669
2021-10-27,16550,16950,16400,16400,413391,0.0
2021-10-28,16500,17400,16300,16950,1431041,0.03353658536585358
2021-10-29,17000,17050,16250,16350,744265,-0.03539823008849563
2021-11-01,16600,16750,15650,15700,945767,-0.03975535168195721
2021-11-02,15650,15950,15500,15650,408605,-0.0031847133757961776
2021-11-03,15700,15800,15250,15400,486132,-0.015974440894568676
2021-11-04,15500,15600,14850,15100,611974,-0.01948051948051943
2021-11-05,15100,15150,14700,14850,434593,-0.01655629139072845
2021-11-08,16050,16150,14850,14900,1410877,0.0033670033670034627
2021-11-09,14800,15000,14200,14350,758616,-0.03691275167785235
2021-11-10,14350,14600,14250,14300,403734,-0.0034843205574912606
2021-11-11,14200,14300,13400,13650,657802,-0.045454545454545414
2021-11-12,13750,14100,13700,13900,353774,0.01831501831501825
2021-11-15,14050,14600,14000,14550,391045,0.046762589928057485
2021-11-16,14500,14600,14250,14500,163110,-0.0034364261168384758
2021-11-17,14550,14550,13850,13900,391170,-0.04137931034482756
2021-11-18,13900,14100,13700,14050,207701,0.010791366906474753
2021-11-19,14000,14050,13700,13800,299479,-0.017793594306049876
2021-11-22,13900,14100,13750,13900,300658,0.007246376811594235
2021-11-23,13900,14100,13800,13800,197034,-0.007194244604316502
2021-11-24,13900,13900,13450,13450,344250,-0.025362318840579712
2021-11-25,13550,13650,13400,13450,171803,0.0
2021-11-26,13500,14100,13450,13900,464025,0.03345724907063197
2021-11-29,13800,14400,13650,13850,349510,-0.003597122302158251
2021-11-30,13850,16600,13850,15200,7434103,0.09747292418772568
2021-12-01,15450,15900,14600,14900,1782076,-0.019736842105263164
2021-12-02,15450,15700,14800,14800,1158281,-0.006711409395973145
2021-12-03,14800,15200,14550,14950,639890,0.010135135135135087
2021-12-06,15050,15200,14300,14400,660698,-0.03678929765886285
2021-12-07,14500,14800,14100,14700,622238,0.02083333333333326
2021-12-08,14650,15050,14600,14750,547449,0.00340136054421758
2021-12-09,14800,15100,14450,14500,547846,-0.016949152542372836
2021-12-10,14500,14750,14400,14500,272819,0.0
2021-12-13,14550,14650,14350,14600,279636,0.006896551724137945
2021-12-14,14650,15400,14600,15150,1243597,0.03767123287671237
2021-12-15,15150,16500,15000,15700,3007419,0.03630363036303641
2021-12-16,15850,15850,15200,15300,710060,-0.02547770700636942
2021-12-17,15400,15950,15300,15450,859384,0.009803921568627416
2021-12-20,15600,15700,14750,14750,641772,-0.04530744336569581
2021-12-21,14850,14900,14400,14400,462721,-0.023728813559321993
2021-12-22,14450,16150,14200,14900,1736312,0.03472222222222232
2021-12-23,15150,15500,14550,14650,779201,-0.016778523489932917
2021-12-24,14650,14800,14450,14450,286922,-0.013651877133105783
2021-12-27,14550,15350,14550,14900,1034047,0.03114186851211076
2021-12-28,14850,14900,14500,14500,446260,-0.02684563758389258
2021-12-29,14550,14950,14500,14750,230891,0.01724137931034475
2021-12-30,14750,14800,14500,14600,215195,-0.01016949152542368
2022-01-03,14800,15000,14600,14950,255857,0.023972602739726012
2022-01-04,15000,15000,14750,14900,235805,-0.0033444816053511683
2022-01-05,14900,14900,14500,14550,308187,-0.023489932885906062
2022-01-06,14400,14600,14200,14250,303389,-0.020618556701030966
2022-01-07,14200,14650,14200,14600,158132,0.024561403508772006
2022-01-10,14500,14650,14300,14600,138462,0.0
2022-01-11,14600,14700,14300,14350,245241,-0.017123287671232834
2022-01-12,14400,14650,14350,14350,191616,0.0
2022-01-13,14400,14450,14100,14100,194975,-0.017421602787456414
2022-01-14,14050,14100,13650,13850,265414,-0.01773049645390068
2022-01-17,13700,13850,13250,13350,332838,-0.03610108303249093
2022-01-18,13250,13500,12800,13050,346408,-0.022471910112359605
2022-01-19,12650,13000,12450,12600,246837,-0.03448275862068961
2022-01-20,12550,12850,12550,12800,182269,0.015873015873015817
2022-01-21,12750,13050,12700,12800,115914,0.0
2022-01-24,12800,13050,12450,12550,225803,-0.01953125
2022-01-25,12450,12600,11650,11700,436923,-0.0677290836653387
2022-01-26,11550,12200,11550,11900,349961,0.017094017094017033
2022-01-27,12050,12150,11250,11250,280213,-0.054621848739495826
2022-01-28,11250,11800,11250,11700,258177,0.040000000000000036
2022-02-03,12000,12500,11950,12300,257095,0.05128205128205132
2022-02-04,12200,12450,12050,12450,135513,0.012195121951219523
2022-02-07,12550,12700,12150,12700,193826,0.02008032128514059
2022-02-08,12800,12800,12200,12300,193823,-0.03149606299212604
2022-02-09,12500,13650,12400,13150,1061879,0.06910569105691056
2022-02-10,13250,13750,13000,13200,571633,0.0038022813688212143
2022-02-11,13150,13200,12350,12400,353159,-0.06060606060606055
2022-02-14,12150,12200,11700,11850,312245,-0.04435483870967738
2022-02-15,11850,12500,11650,11950,577946,0.00843881856540074
2022-02-16,12300,12600,12250,12450,237247,0.04184100418410042
2022-02-17,12550,12850,12200,12450,392136,0.0
2022-02-18,12250,12500,12150,12400,153515,-0.004016064257028162
2022-02-21,12350,13050,12300,12900,536897,0.040322580645161255
2022-02-22,12500,12950,12500,12750,208419,-0.011627906976744207
2022-02-23,12800,13000,12650,12650,175395,-0.007843137254901933
2022-02-24,12500,12700,12150,12150,233193,-0.03952569169960474
2022-02-25,12350,12600,12200,12450,234491,0.024691358024691468
2022-02-28,12250,12800,12250,12650,128937,0.016064257028112428
2022-03-02,12650,12900,12600,12800,136796,0.011857707509881354
2022-03-03,12850,13100,12700,12900,208456,0.0078125
2022-03-04,12850,13000,12750,12950,142363,0.003875968992248069
2022-03-07,12950,13200,12750,12900,194201,-0.0038610038610038533
2022-03-08,12700,13050,12600,12850,134721,-0.003875968992248069
2022-03-10,13000,13050,12850,12900,122680,0.0038910505836575737
2022-03-11,12900,13050,12750,12850,102478,-0.003875968992248069
2022-03-14,12850,12850,12500,12550,124246,-0.023346303501945553
2022-03-15,12500,12950,12350,12850,170854,0.0239043824701195
2022-03-16,13000,13250,12850,13150,258748,0.023346303501945442
2022-03-17,13350,14300,13200,13550,1299712,0.03041825095057038
2022-03-18,14050,15350,13600,14350,2738024,0.05904059040590415
2022-03-21,14450,14550,13800,13850,529387,-0.03484320557491294
2022-03-22,13950,14200,13550,13650,441213,-0.014440433212996373
2022-03-23,13800,14100,13600,13650,396150,0.0
2022-03-24,13600,13700,13500,13600,164839,-0.00366300366300365
2022-03-25,13700,13950,13500,13900,248995,0.022058823529411686
2022-03-28,13900,13900,13600,13750,160036,-0.010791366906474864
2022-03-29,13850,14000,13650,13750,160334,0.0
2022-03-30,13800,14200,13750,13900,365447,0.01090909090909098
2022-03-31,13950,13950,13600,13650,214548,-0.017985611510791366
2022-04-01,13600,13650,13400,13400,156326,-0.01831501831501836
2022-04-04,13400,13500,13250,13350,125469,-0.003731343283582045
2022-04-05,13450,13450,13300,13300,85097,-0.0037453183520599342
2022-04-06,13250,13400,13100,13150,143518,-0.011278195488721776
2022-04-07,13050,13350,13050,13150,104263,0.0
2022-04-08,13200,13450,13100,13150,133040,0.0
2022-04-11,13200,13250,13000,13050,71330,-0.0076045627376425395
2022-04-12,12950,13050,12700,12800,120106,-0.019157088122605415
2022-04-13,12750,13050,12600,12950,94418,0.01171875
2022-04-14,12900,13250,12900,13200,85158,0.019305019305019266
2022-04-15,13150,13400,13050,13250,78223,0.0037878787878788955
2022-04-18,13200,13350,13050,13200,64157,-0.0037735849056603765
2022-04-19,13150,13350,13100,13200,74234,0.0
2022-04-20,13250,13250,12950,13050,95548,-0.011363636363636354
2022-04-21,12950,13150,12900,12950,116780,-0.007662835249042099
2022-04-22,12950,12950,12800,12900,65285,-0.0038610038610038533
2022-04-25,12750,12750,12450,12500,124512,-0.03100775193798455
2022-04-26,12550,12650,12500,12600,68450,0.008000000000000007
2022-04-27,12300,12550,12300,12400,107229,-0.015873015873015928
2022-04-28,12450,12600,12350,12600,107959,0.016129032258064502
2022-04-29,12650,12800,12500,12700,77443,0.007936507936507908
2022-05-02,12450,12700,12450,12600,49070,-0.007874015748031482
2022-05-03,12650,12800,12550,12700,66325,0.007936507936507908
2022-05-04,12650,12750,12400,12500,96316,-0.015748031496062964
2022-05-06,12400,12400,12100,12200,123803,-0.02400000000000002
2022-05-09,12000,12100,11600,11750,208512,-0.03688524590163933
2022-05-10,11400,11750,11250,11700,156931,-0.004255319148936176
2022-05-11,11600,11950,11600,11900,62010,0.017094017094017033
2022-05-12,11700,11850,11350,11450,108801,-0.037815126050420145
2022-05-13,11400,11750,11400,11750,68427,0.026200873362445476
2022-05-16,11800,12050,11750,11850,76716,0.008510638297872353
2022-05-17,11850,12000,11850,11900,69867,0.00421940928270037
2022-05-18,11950,12250,11700,12000,207503,0.008403361344537785
2022-05-19,11750,11950,11600,11900,93821,-0.008333333333333304
2022-05-20,11900,12000,11800,11850,93735,-0.004201680672268893
2022-05-23,11900,12200,11800,12100,144887,0.021097046413502074
2022-05-24,12100,12100,11800,11850,85789,-0.02066115702479343
2022-05-25,11850,12000,11750,11800,79303,-0.00421940928270037
2022-05-26,11800,12050,11800,11850,73542,0.004237288135593209
2022-05-27,11950,12000,11800,11850,111027,0.0
2022-05-30,11950,12150,11900,12050,96191,0.016877637130801704
2022-05-31,12050,12100,11850,11900,293055,-0.012448132780082943
2022-06-02,11850,12000,11850,11900,88269,0.0
2022-06-03,11950,12000,11850,11900,108082,0.0
2022-06-07,11900,11900,11500,11550,142627,-0.02941176470588236
2022-06-08,11650,11700,11450,11500,96891,-0.0043290043290042934
2022-06-09,11450,11500,11200,11350,172607,-0.013043478260869601
2022-06-10,11250,11350,10900,11050,254647,-0.026431718061673992
2022-06-13,10700,10800,10450,10450,256505,-0.05429864253393668
2022-06-14,10100,10350,10000,10100,377474,-0.03349282296650713
2022-06-15,10000,10150,9880,9960,230500,-0.013861386138613874
2022-06-16,10000,10150,9600,9600,217002,-0.03614457831325302
2022-06-17,9360,9920,9350,9890,244117,0.030208333333333393
2022-06-20,9850,9910,9320,9410,179414,-0.04853387259858444
2022-06-21,9360,9600,9360,9570,92162,0.01700318809776835
2022-06-22,9570,9880,9570,9650,191631,0.008359456635318674
2022-06-23,9660,9720,9050,9050,216840,-0.06217616580310881
2022-06-24,8920,9420,8920,9350,162314,0.03314917127071815
2022-06-27,9420,9850,9410,9670,97256,0.03422459893048124
2022-06-28,9670,9820,9570,9820,70950,0.015511892450879028
2022-06-29,9650,9870,9650,9840,70209,0.0020366598778003286
2022-06-30,9790,9880,9680,9690,94044,-0.015243902439024404
2022-07-01,9770,9800,9500,9590,67088,-0.01031991744066052
2022-07-04,9590,9590,9250,9360,73456,-0.023983315954118845
2022-07-05,9420,9880,9420,9850,96705,0.052350427350427386
2022-07-06,9850,10700,9850,10350,325324,0.050761421319796884
2022-07-07,10400,10600,10300,10500,113871,0.01449275362318847
2022-07-08,10550,10700,10400,10500,85747,0.0
2022-07-11,10500,11100,10500,10900,184120,0.03809523809523818
2022-07-12,11050,11300,10800,10950,253957,0.004587155963302836
2022-07-13,10950,11200,10650,10950,263215,0.0
2022-07-14,10950,11050,10700,10950,126540,0.0
2022-07-15,11000,11150,10800,11000,252862,0.004566210045662045
2022-07-18,11100,11300,10900,11000,215412,0.0
2022-07-19,11050,11300,11050,11100,295736,0.009090909090909038
2022-07-20,11250,11300,11050,11150,146127,0.0045045045045044585
2022-07-21,11200,11350,11000,11050,122754,-0.008968609865470878
2022-07-22,11050,11150,10750,10800,136286,-0.022624434389140302
2022-07-25,10800,11150,10500,10750,195984,-0.00462962962962965
2022-07-26,10700,10850,10650,10750,62601,0.0
2022-07-27,10750,10850,10650,10750,76328,0.0
2022-07-28,10850,10850,10600,10750,90935,0.0
2022-07-29,10800,10800,10450,10550,125744,-0.018604651162790753
2022-08-01,10550,10600,10350,10400,87506,-0.014218009478673022
2022-08-02,10350,10500,10150,10250,115870,-0.014423076923076872
2022-08-03,10300,10700,10250,10600,116818,0.034146341463414664
2022-08-04,10650,10900,10550,10650,110758,0.004716981132075526
2022-08-05,10650,10850,10600,10800,101359,0.014084507042253502
2022-08-08,10800,10900,10700,10800,60318,0.0
2022-08-09,10850,10850,10650,10700,58553,-0.0092592592592593
2022-08-10,10650,10700,10400,10500,93681,-0.01869158878504673
2022-08-11,10550,10700,10550,10700,59747,0.01904761904761898
2022-08-12,10700,10700,10500,10600,161170,-0.009345794392523366
2022-08-16,10700,10750,10600,10650,86445,0.004716981132075526
2022-08-17,10700,10750,10500,10600,104115,-0.0046948356807511304
2022-08-18,10650,10650,10250,10350,131201,-0.02358490566037741
2022-08-19,10350,10400,10150,10200,101479,-0.01449275362318836
2022-08-22,10100,10200,10000,10100,117420,-0.009803921568627416
2022-08-23,9980,10100,9910,9990,114976,-0.0108910891089109
2022-08-24,9960,10100,9940,10050,78273,0.006006006006006093
2022-08-25,10050,10250,10050,10200,56498,0.014925373134328401
2022-08-26,10300,10300,10100,10150,42810,-0.004901960784313708
2022-08-29,9940,9940,9830,9850,117999,-0.029556650246305383
2022-08-30,9900,9960,9860,9950,39035,0.010152284263959421
2022-08-31,10000,10050,9840,10050,57194,0.01005025125628145
2022-09-01,9990,9990,9740,9740,91632,-0.030845771144278555
2022-09-02,9800,9850,9650,9650,86638,-0.00924024640657084
2022-09-05,9610,9700,9480,9500,69897,-0.015544041450777257
2022-09-06,9460,9600,9460,9510,31758,0.001052631578947416
2022-09-07,9510,9510,9270,9280,93307,-0.024185068349106165
2022-09-08,9420,9420,9280,9290,50448,0.0010775862068965747
2022-09-13,9340,9680,9340,9610,80534,0.034445640473627526
2022-09-14,9400,9500,9310,9480,35028,-0.013527575442247697
2022-09-15,9560,9560,9350,9370,73547,-0.011603375527426185
2022-09-16,9350,9370,9200,9250,73122,-0.012806830309498363
2022-09-19,9230,9270,8990,8990,122249,-0.028108108108108154
2022-09-20,9100,9640,9030,9080,209536,0.010011123470522909
2022-09-21,8980,9240,8980,9090,72951,0.0011013215859030367
2022-09-22,9090,9120,8810,8960,87654,-0.014301430143014326
2022-09-23,8980,8980,8770,8780,69787,-0.0200892857142857
2022-09-26,8600,8700,8230,8300,128348,-0.0546697038724373
2022-09-27,8130,8350,8090,8250,90677,-0.0060240963855421326
2022-09-28,8170,8460,8060,8170,132599,-0.009696969696969648
2022-09-29,8230,8500,8230,8400,75794,0.028151774785801775
2022-09-30,8170,8800,8170,8260,77293,-0.01666666666666672
2022-10-04,8360,8790,8360,8770,119552,0.06174334140435844
2022-10-05,8810,8920,8620,8650,63619,-0.013683010262257711
2022-10-06,8620,8840,8620,8780,39005,0.015028901734104094
2022-10-07,8770,8770,8620,8760,27788,-0.002277904328018221
2022-10-11,8650,8660,8450,8600,105504,-0.0182648401826484
2022-10-12,8570,8750,8570,8720,60733,0.013953488372093092
2022-10-13,8720,8720,8390,8400,77677,-0.03669724770642202
2022-10-14,8460,8710,8420,8650,62211,0.029761904761904656
2022-10-17,8540,8970,8530,8910,67863,0.03005780346820819
2022-10-18,8950,9080,8950,9030,66005,0.013468013468013407
2022-10-19,9040,9080,8900,8950,38894,-0.008859357696566983
2022-10-20,8940,9020,8890,8900,28700,-0.005586592178770999
2022-10-21,8870,8930,8800,8810,26012,-0.010112359550561778
2022-10-24,8870,8990,8800,8860,44573,0.00567536889897835
2022-10-25,8870,9200,8870,9190,156743,0.03724604966139955
2022-10-26,9180,9310,9090,9140,79521,-0.005440696409140355
2022-10-27,9210,9220,9100,9120,40294,-0.002188183807439792
2022-10-28,9200,9200,9050,9110,34421,-0.0010964912280702066
2022-10-31,9150,9170,8990,9030,43488,-0.008781558726673966
2022-11-01,9020,9030,8950,9000,80296,-0.0033222591362126463
2022-11-02,9040,9140,8970,9080,60165,0.008888888888888946
2022-11-03,9060,9080,8980,9000,36673,-0.008810572687224627
2022-11-04,9000,9080,8900,9030,55958,0.0033333333333334103
2022-11-07,9020,9120,9010,9070,37763,0.0044296788482836025
2022-11-08,9110,9120,9070,9100,41204,0.00330760749724357
2022-11-09,9120,9260,9100,9110,92077,0.001098901098901095
2022-11-10,9070,9090,9000,9050,61919,-0.00658616904500553
2022-11-11,9190,9220,9120,9170,73753,0.013259668508287303
2022-11-14,9160,9390,9140,9270,92076,0.010905125408942284
2022-11-15,9200,9560,9190,9550,120799,0.030204962243797207
2022-11-16,9600,9610,9360,9390,89719,-0.01675392670157072
2022-11-17,9370,9380,9180,9200,119743,-0.020234291799786974
2022-11-18,9220,9320,9170,9180,68597,-0.0021739130434782483
2022-11-21,9180,9220,8920,8920,122918,-0.028322440087146017
2022-11-22,8910,9020,8860,8890,49216,-0.0033632286995515237
2022-11-23,8910,8990,8880,8920,37405,0.003374578177727683
2022-11-24,9000,9000,8930,8970,62649,0.005605381165919354
2022-11-25,9040,9090,8970,8980,60793,0.0011148272017837968
2022-11-28,9030,9030,8750,8770,69192,-0.023385300668151476
2022-11-29,8770,8910,8730,8840,32113,0.007981755986316896
2022-11-30,8850,9040,8760,9020,54288,0.020361990950226172
2022-12-01,9120,9260,9080,9220,88505,0.022172949002217335
2022-12-02,9210,9340,9130,9280,67391,0.006507592190889477
2022-12-05,9280,9460,9210,9270,75497,-0.0010775862068965747
2022-12-06,9240,9400,9170,9300,49135,0.003236245954692629
2022-12-07,9300,9350,9150,9280,35501,-0.0021505376344086446
2022-12-08,9280,9360,9180,9200,64070,-0.008620689655172376
2022-12-09,9290,9340,9180,9250,40825,0.005434782608695565
2022-12-12,9250,9540,9250,9520,130949,0.029189189189189113
2022-12-13,9630,10350,9600,9980,1274823,0.04831932773109249
2022-12-14,10200,10250,9850,9870,426526,-0.011022044088176308
2022-12-15,9980,10250,9980,10200,317155,0.033434650455927084
2022-12-16,10150,10200,9930,9970,163907,-0.022549019607843168
2022-12-19,10050,10100,9650,9660,199275,-0.031093279839518595
2022-12-20,9570,9630,9350,9400,137048,-0.026915113871635588
2022-12-21,9480,9880,9460,9840,153658,0.04680851063829783
2022-12-22,9880,9880,9720,9780,109860,-0.0060975609756097615
2022-12-23,9770,9770,9540,9580,106510,-0.020449897750511203
2022-12-26,9700,9930,9660,9660,208321,0.008350730688935215
2022-12-27,9700,9750,9520,9610,133273,-0.005175983436852993
2022-12-28,9540,9600,9400,9520,104398,-0.009365244536940653
2022-12-29,9510,9600,9230,9260,161137,-0.027310924369747913
2023-01-02,9400,9700,9340,9500,189606,0.02591792656587466
2023-01-03,9440,9620,9040,9200,188464,-0.03157894736842104
2023-01-04,9250,9420,9250,9330,66861,0.01413043478260878
2023-01-05,9370,9570,9350,9350,85184,0.002143622722400762
2023-01-06,9410,9440,9300,9410,59063,0.0064171122994651775
2023-01-09,9450,9530,9410,9490,116089,0.008501594048884176
2023-01-10,9460,9500,9390,9390,72948,-0.010537407797681753
2023-01-11,9480,9540,9430,9470,79785,0.008519701810436597
2023-01-12,9480,9510,9340,9400,97583,-0.007391763463569179
2023-01-13,9390,9400,9270,9330,102426,-0.007446808510638281
2023-01-16,9330,9350,9260,9340,65677,0.001071811361200492
2023-01-17,9300,9370,9230,9230,55289,-0.011777301927194839
2023-01-18,9230,9240,9130,9170,72001,-0.00650054171180936
2023-01-19,9110,9200,9050,9170,129930,0.0
2023-01-20,9170,9260,9170,9200,52043,0.0032715376226826187
2023-01-25,9260,9280,9200,9210,69045,0.0010869565217390686
2023-01-26,9260,9280,9220,9270,52294,0.006514657980456029
2023-01-27,9290,9330,9240,9290,55507,0.0021574973031284195
2023-01-30,9300,9370,9300,9330,65513,0.0043057050592034685
2023-01-31,9350,9400,9280,9380,54961,0.005359056806002238
2023-02-01,9410,9450,9370,9430,64283,0.005330490405117239
2023-02-02,9470,9510,9370,9480,118690,0.005302226935312904
2023-02-03,9470,9500,9390,9400,52676,-0.008438818565400852
2023-02-06,9400,9440,9310,9430,60587,0.0031914893617022155
2023-02-07,9450,9590,9400,9570,124238,0.014846235418875864
2023-02-08,9570,9580,9440,9480,118476,-0.009404388714733591
2023-02-09,9500,9530,9440,9490,79781,0.001054852320675037
2023-02-10,9510,9520,9330,9430,74148,-0.006322444678609096
2023-02-13,9430,9460,9360,9430,92591,0.0
2023-02-14,9490,9520,9360,9400,153609,-0.0031813361611876534
2023-02-15,9400,9410,9240,9270,90373,-0.013829787234042601
2023-02-16,9270,9420,9270,9340,43036,0.007551240560949246
2023-02-17,9310,9310,9180,9220,65459,-0.012847965738758016
2023-02-20,9290,9360,9180,9320,41838,0.010845986984815648
2023-02-21,9320,9360,9250,9280,37717,-0.0042918454935622075
2023-02-22,9210,9210,9110,9120,80243,-0.017241379310344862
2023-02-23,9130,9170,9110,9170,60906,0.005482456140350811
2023-02-24,9210,9210,9080,9090,67888,-0.008724100327153761
2023-02-27,9080,9090,8970,9090,61790,0.0
2023-02-28,9100,9110,9000,9020,45438,-0.007700770077007646
2023-03-02,9060,9080,9000,9000,59363,-0.0022172949002217113
2023-03-03,9020,9060,8970,9020,47021,0.0022222222222221255
2023-03-06,9050,9060,8960,8970,62057,-0.005543237250554278
2023-03-07,8980,9110,8980,9100,55307,0.01449275362318847
2023-03-08,9100,9100,9000,9070,47268,-0.003296703296703285
2023-03-09,9060,9090,8960,8990,58458,-0.008820286659316445
2023-03-10,8930,8930,8750,8760,92478,-0.025583982202447175
2023-03-13,8680,8760,8550,8640,60904,-0.013698630136986356
2023-03-14,8620,8630,8260,8370,58984,-0.03125
2023-03-15,8400,8540,8400,8420,50215,0.005973715651135025
2023-03-16,8330,8420,8170,8330,55206,-0.0106888361045131
2023-03-17,8360,8520,8350,8430,66998,0.01200480192076836
2023-03-20,8400,8580,8400,8460,40301,0.003558718861210064
2023-03-21,8590,8700,8470,8550,50018,0.010638297872340496
2023-03-22,8560,8570,8340,8400,69184,-0.01754385964912286
2023-03-23,8400,8400,8170,8270,79987,-0.015476190476190421
