Date,Open,High,Low,Close,Volume,Change
2015-01-02,191500,194000,183500,187500,83721,-0.04336734693877553
2015-01-05,186000,186500,179000,182500,69494,-0.026666666666666616
2015-01-06,179500,182500,178000,181500,42648,-0.005479452054794498
2015-01-07,180000,184500,178000,183500,57375,0.011019283746556363
2015-01-08,182000,187000,181500,184500,47157,0.005449591280654031
2015-01-09,185000,188500,182000,188000,51307,0.01897018970189701
2015-01-12,186000,191500,184500,190500,38166,0.013297872340425565
2015-01-13,191500,192500,189000,192000,34483,0.007874015748031482
2015-01-14,190000,192000,183500,183500,41388,-0.04427083333333337
2015-01-15,182000,183500,179500,182000,42729,-0.008174386920980936
2015-01-16,182000,182500,178000,182000,61254,0.0
2015-01-19,182000,183000,179000,182000,41980,0.0
2015-01-20,182500,183500,178000,179000,62788,-0.016483516483516536
2015-01-21,177500,181000,174500,176000,71014,-0.016759776536312887
2015-01-22,177500,177500,168000,172000,80126,-0.022727272727272707
2015-01-23,173000,178500,172000,175000,48949,0.01744186046511631
2015-01-26,173000,181500,173000,177000,59697,0.011428571428571344
2015-01-27,177000,178500,176000,178000,30696,0.005649717514124353
2015-01-28,178500,187000,174500,187000,83646,0.050561797752809
2015-01-29,187000,188000,183000,184000,40948,-0.016042780748663055
2015-01-30,187000,193500,184000,191500,82315,0.040760869565217295
2015-02-02,192500,193500,189500,191000,44933,-0.0026109660574412663
2015-02-03,188500,202000,188500,200000,116309,0.04712041884816753
2015-02-04,204000,204000,194500,194500,59741,-0.02749999999999997
2015-02-05,196000,201000,196000,199000,59594,0.023136246786632286
2015-02-06,197500,199500,194000,195500,39043,-0.017587939698492483
2015-02-09,195500,198000,192000,193500,28917,-0.010230179028132946
2015-02-10,196000,196000,186500,189000,48973,-0.023255813953488413
2015-02-11,190000,198500,187500,196000,42235,0.03703703703703698
2015-02-12,194500,198500,192500,197000,34426,0.005102040816326481
2015-02-13,198000,201000,194000,199500,29699,0.012690355329949332
2015-02-16,197000,202000,195000,195000,47382,-0.022556390977443663
2015-02-17,195000,200000,191500,200000,27057,0.02564102564102555
2015-02-23,182000,190500,175000,181500,221755,-0.09250000000000003
2015-02-24,183000,185500,179500,180000,104444,-0.008264462809917328
2015-02-25,182000,183500,179000,182500,54784,0.01388888888888884
2015-02-26,181500,184500,175500,178000,87543,-0.024657534246575352
2015-02-27,176500,181000,175500,181000,65226,0.016853932584269593
2015-03-02,178500,179500,170000,173000,123815,-0.04419889502762431
2015-03-03,173000,175000,170500,175000,59541,0.011560693641618602
2015-03-04,173500,174500,171500,171500,39377,-0.020000000000000018
2015-03-05,171500,173000,170000,170500,33080,-0.005830903790087438
2015-03-06,170500,172000,166500,168500,81521,-0.011730205278592365
2015-03-09,167500,171500,166000,170500,52069,0.011869436201780381
2015-03-10,169500,170500,165500,166000,60802,-0.02639296187683282
2015-03-11,164000,167000,163500,163500,48369,-0.015060240963855387
2015-03-12,162500,166500,162500,164000,40288,0.003058103975535076
2015-03-13,166000,176500,164500,176000,108233,0.07317073170731714
2015-03-16,175000,175500,169000,174000,70613,-0.011363636363636354
2015-03-17,174500,175000,171500,175000,55051,0.005747126436781658
2015-03-18,175500,178500,172000,172500,51770,-0.014285714285714235
2015-03-19,174000,174500,170000,170000,42139,-0.01449275362318836
2015-03-20,175500,187500,174500,187500,150235,0.10294117647058831
2015-03-23,190500,194500,184000,187000,69910,-0.002666666666666706
2015-03-24,187000,192500,184000,190000,56239,0.016042780748663166
2015-03-25,190000,195500,190000,195500,62707,0.02894736842105261
2015-03-26,195500,196000,191500,195500,49259,0.0
2015-03-27,198000,198000,190000,191000,68363,-0.023017902813299185
2015-03-30,192000,197000,191000,197000,42608,0.03141361256544495
2015-03-31,194000,196500,191000,195000,41681,-0.010152284263959421
2015-04-01,192500,197000,192500,195000,38793,0.0
2015-04-02,196000,196000,191000,191500,24463,-0.017948717948717996
2015-04-03,193000,194000,189000,192500,22589,0.005221932114882533
2015-04-06,191500,194000,189500,189500,17672,-0.01558441558441559
2015-04-07,189000,191000,182000,188500,43900,-0.00527704485488123
2015-04-08,190000,190000,186000,187000,30955,-0.007957559681697646
2015-04-09,187500,193500,187000,192500,41653,0.02941176470588225
2015-04-10,190000,193000,189500,192000,29870,-0.0025974025974025983
2015-04-13,190500,191000,187000,188500,50655,-0.01822916666666663
2015-04-14,189500,193000,186000,188000,34771,-0.0026525198938992522
2015-04-15,186500,193000,186500,193000,32203,0.02659574468085113
2015-04-16,191500,193500,190000,192500,34578,-0.002590673575129543
2015-04-17,191500,206000,191000,205500,95158,0.06753246753246755
2015-04-20,204500,215000,202000,208000,75605,0.012165450121654597
2015-04-21,209000,210000,199500,199500,65566,-0.04086538461538458
2015-04-22,199500,201000,195000,197500,66839,-0.010025062656641603
2015-04-23,198000,201500,193500,201500,46661,0.020253164556962133
2015-04-24,201000,201500,195500,196500,35839,-0.02481389578163773
2015-04-27,198000,200500,196500,199500,20014,0.01526717557251911
2015-04-28,202000,211000,199500,211000,71448,0.057644110275689275
2015-04-29,212000,215000,207000,208000,43028,-0.014218009478673022
2015-04-30,207500,208000,198500,204500,47241,-0.016826923076923128
2015-05-04,203500,211000,199500,199500,53738,-0.02444987775061125
2015-05-06,200500,207000,198000,200000,46759,0.0025062656641603454
2015-05-07,200000,201000,195500,196500,38270,-0.01749999999999996
2015-05-08,196500,201000,194500,201000,28784,0.022900763358778553
2015-05-11,201000,206000,200000,200500,28984,-0.0024875621890547706
2015-05-12,198500,200500,197500,198500,24478,-0.009975062344139696
2015-05-13,199000,201000,197000,198500,15185,0.0
2015-05-14,197000,200000,197000,198500,19346,0.0
2015-05-15,199000,200500,193500,195000,29821,-0.017632241813602012
2015-05-18,193500,200500,190500,200500,36816,0.028205128205128105
2015-05-19,198000,200000,195000,198500,27024,-0.009975062344139696
2015-05-20,196500,199000,193500,194500,42010,-0.02015113350125941
2015-05-21,193000,196000,189000,190500,44433,-0.020565552699228773
2015-05-22,190000,195000,188000,190000,50954,-0.002624671916010457
2015-05-26,189500,192500,183500,187500,80633,-0.013157894736842146
2015-05-27,184500,191000,184000,190500,37417,0.016000000000000014
2015-05-28,188500,191500,184500,189000,35124,-0.007874015748031482
2015-05-29,186500,190500,185500,188000,48515,-0.005291005291005346
2015-06-01,188000,194000,184000,193500,35286,0.0292553191489362
2015-06-02,193500,195000,188500,189500,25748,-0.02067183462532296
2015-06-03,189500,191500,187000,189500,26566,0.0
2015-06-04,186500,190500,184000,189000,36570,-0.0026385224274406704
2015-06-05,185500,188500,185500,185500,27697,-0.01851851851851849
2015-06-08,185000,194000,184500,192500,29495,0.037735849056603765
2015-06-09,194500,194500,188000,192000,43351,-0.0025974025974025983
2015-06-10,192500,192500,188000,188000,50054,-0.02083333333333337
2015-06-11,186000,187500,178500,178500,74615,-0.05053191489361697
2015-06-12,179000,181500,175000,178000,70336,-0.0028011204481792618
2015-06-15,175000,178000,170000,174000,88772,-0.022471910112359605
2015-06-16,175500,182000,175500,179500,51201,0.031609195402298784
2015-06-17,179500,182500,178500,180500,31593,0.0055710306406684396
2015-06-18,182500,185500,179000,185000,38191,0.024930747922437657
2015-06-19,186000,186500,181500,186500,39123,0.008108108108108025
2015-06-22,184000,186500,181500,186000,29948,-0.002680965147453085
2015-06-23,185500,188000,183000,183500,49172,-0.013440860215053752
2015-06-24,186000,186500,183000,184000,55849,0.0027247956403269047
2015-06-25,184500,195500,182500,194500,62236,0.057065217391304435
2015-06-26,194500,197500,191000,195000,41292,0.0025706940874035134
2015-06-29,191500,194000,186000,190000,43958,-0.02564102564102566
2015-06-30,190000,194000,187000,194000,36911,0.021052631578947434
2015-07-01,192000,195000,188000,188000,43846,-0.030927835051546393
2015-07-02,189000,193000,185500,191000,64943,0.015957446808510634
2015-07-03,191000,194000,189500,192500,59402,0.007853403141361293
2015-07-06,192000,192000,184000,187000,55990,-0.02857142857142858
2015-07-07,188000,188000,181000,185500,42165,-0.008021390374331583
2015-07-08,184000,184000,179000,180500,49500,-0.02695417789757415
2015-07-09,180000,183500,176000,182500,44601,0.011080332409972193
2015-07-10,184000,185500,179000,185500,43510,0.016438356164383494
2015-07-13,185500,190500,183000,189000,33017,0.018867924528301883
2015-07-14,188000,191000,186500,187000,21428,-0.010582010582010581
2015-07-15,188500,192000,187500,192000,29964,0.02673796791443861
2015-07-16,191000,193000,189500,192000,23663,0.0
2015-07-17,192500,194000,186500,186500,21104,-0.02864583333333337
2015-07-20,186500,188500,180500,187500,69821,0.00536193029490617
2015-07-21,187500,187500,175500,178500,112784,-0.04800000000000004
2015-07-22,178500,180500,174500,174500,55565,-0.022408963585434205
2015-07-23,175500,180000,174000,177000,36699,0.014326647564469885
2015-07-24,176500,177000,172000,173000,28328,-0.02259887005649719
2015-07-27,171500,174500,166500,173500,50410,0.0028901734104045396
2015-07-28,171000,172500,167000,171000,36753,-0.014409221902017322
2015-07-29,172000,174000,167000,169500,39010,-0.00877192982456143
2015-07-30,169500,173000,166000,170500,39681,0.005899705014749346
2015-07-31,173000,174000,166000,171500,53788,0.0058651026392961825
2015-08-03,173000,177000,171500,177000,36957,0.03206997084548102
2015-08-04,179000,179500,171500,175000,47259,-0.011299435028248594
2015-08-05,173000,176500,171500,175000,20945,0.0
2015-08-06,177000,177500,172500,176000,31098,0.005714285714285783
2015-08-07,175000,178500,174000,177000,21440,0.005681818181818121
2015-08-10,177000,177500,172000,172000,18592,-0.02824858757062143
2015-08-11,172500,174000,170000,171500,21691,-0.0029069767441860517
2015-08-12,174000,175000,168500,174000,33862,0.014577259475218707
2015-08-13,171500,174000,169000,173000,31429,-0.005747126436781658
2015-08-17,174000,174000,169000,170000,39962,-0.017341040462427793
2015-08-18,169500,171500,167000,169500,34184,-0.002941176470588225
2015-08-19,168000,170000,162500,168500,29775,-0.005899705014749235
2015-08-20,166000,182000,166000,176500,115036,0.04747774480712175
2015-08-21,173000,173500,165000,171500,77375,-0.028328611898016942
2015-08-24,172000,172500,162000,164500,72384,-0.04081632653061229
2015-08-25,164500,169500,156500,167000,77197,0.015197568389057725
2015-08-26,165500,171500,164000,170500,49615,0.020958083832335328
2015-08-27,171000,172500,166000,167000,74596,-0.02052785923753664
2015-08-28,168000,174500,167500,172500,64871,0.03293413173652704
2015-08-31,171000,179500,171000,178000,60485,0.03188405797101446
2015-09-01,175500,180000,175000,179500,51805,0.008426966292134797
2015-09-02,176000,179000,175000,176000,38740,-0.01949860724233987
2015-09-03,177000,178500,173000,177000,48576,0.005681818181818121
2015-09-04,190000,190000,179500,179500,133235,0.01412429378531077
2015-09-07,184500,185000,173000,174500,54199,-0.027855153203342642
2015-09-08,179000,179000,171500,175500,58992,0.005730659025787954
2015-09-09,176000,183500,176000,183000,67987,0.042735042735042805
2015-09-10,181500,191000,180500,191000,68702,0.04371584699453557
2015-09-11,190000,194000,185500,185500,64993,-0.028795811518324554
2015-09-14,186000,191500,185000,188500,31741,0.016172506738544534
2015-09-15,190000,191500,185500,186500,25254,-0.010610079575596787
2015-09-16,190000,190500,186500,187500,21573,0.00536193029490617
2015-09-17,187000,187500,177000,185500,46669,-0.010666666666666713
2015-09-18,185500,190000,184000,184000,61419,-0.008086253369272267
2015-09-21,183500,189500,183000,189500,54383,0.029891304347826164
2015-09-22,190000,195000,187000,195000,60477,0.029023746701847042
2015-09-23,192000,193500,187000,188500,28957,-0.033333333333333326
2015-09-24,191000,196000,187500,194500,46315,0.03183023872679036
2015-09-25,193500,196500,190000,193500,45562,-0.005141388174807249
2015-09-30,190000,199500,190000,199500,59396,0.03100775193798455
2015-10-01,196500,205000,196500,204000,49590,0.022556390977443552
2015-10-02,206000,206000,199500,199500,23493,-0.022058823529411797
2015-10-05,201000,208000,201000,202500,35814,0.015037593984962516
2015-10-06,206000,206000,203500,204500,29857,0.009876543209876631
2015-10-07,201500,205000,197000,198000,24944,-0.0317848410757946
2015-10-08,201000,204500,197500,202000,58736,0.02020202020202011
2015-10-12,202000,208000,202000,207500,45814,0.027227722772277252
2015-10-13,208000,208000,203000,204000,33859,-0.016867469879518038
2015-10-14,204000,205000,199000,205000,30275,0.004901960784313708
2015-10-15,204000,204000,197500,199000,33622,-0.029268292682926855
2015-10-16,200500,204000,200000,203000,27543,0.0201005025125629
2015-10-19,202500,203500,196000,198500,32217,-0.022167487684729092
2015-10-20,198500,205000,196500,204500,33419,0.030226700251889227
2015-10-21,204000,204500,198000,202000,45059,-0.012224938875305624
2015-10-22,200500,203000,193000,198000,38876,-0.01980198019801982
2015-10-23,201000,204000,198500,199000,26210,0.005050505050504972
2015-10-26,201000,205000,201000,205000,29902,0.03015075376884413
2015-10-27,205000,205000,196500,198000,35444,-0.034146341463414664
2015-10-28,199000,200500,195500,200000,19699,0.010101010101010166
2015-10-29,197500,197500,194000,196000,28404,-0.020000000000000018
2015-10-30,194000,197500,191500,195000,29876,-0.005102040816326481
2015-11-02,193000,195500,187000,187000,32907,-0.04102564102564099
2015-11-03,189000,199500,188000,195500,46394,0.045454545454545414
2015-11-04,196000,198000,193500,197500,19877,0.010230179028132946
2015-11-05,196000,197500,192000,195500,17019,-0.010126582278481067
2015-11-06,194500,199000,192500,196500,21037,0.005115089514066584
2015-11-09,194000,195500,192000,192000,11410,-0.022900763358778664
2015-11-10,190500,194500,189000,192500,35928,0.0026041666666667407
2015-11-11,190000,195000,189000,193000,22693,0.0025974025974024872
2015-11-12,193000,195500,190000,193500,18465,0.002590673575129543
2015-11-13,191000,193500,186500,189000,25938,-0.023255813953488413
2015-11-16,187000,193000,185000,191000,23167,0.010582010582010692
2015-11-17,191000,191000,187500,187500,20124,-0.01832460732984298
2015-11-18,187500,190000,187000,188500,16598,0.005333333333333412
2015-11-19,188500,189000,184000,184500,26194,-0.021220159151193685
2015-11-20,185000,188500,184500,187500,16670,0.016260162601626105
2015-11-23,189000,193500,189000,191500,21441,0.021333333333333426
2015-11-24,191000,192500,189500,191500,12960,0.0
2015-11-25,189500,193500,189000,193000,26404,0.007832898172323688
2015-11-26,193000,195000,191500,194000,16521,0.005181347150259086
2015-11-27,194500,194500,191500,193000,13473,-0.005154639175257714
2015-11-30,191000,194000,187500,192500,41894,-0.002590673575129543
2015-12-01,192000,196000,192000,193500,17105,0.0051948051948051965
2015-12-02,192000,197000,191500,196000,17253,0.012919896640826822
2015-12-03,196000,197000,190000,190000,27756,-0.030612244897959218
2015-12-04,190000,192000,188000,188000,12681,-0.010526315789473717
2015-12-07,188000,189500,184000,184500,30170,-0.018617021276595702
2015-12-08,185500,186000,182000,185000,25623,0.0027100271002709064
2015-12-09,187000,187000,183000,185000,12779,0.0
2015-12-10,186000,191000,186000,187000,28861,0.0108108108108107
2015-12-11,187000,191000,187000,190000,14784,0.016042780748663166
2015-12-14,189000,191000,185500,187500,14624,-0.013157894736842146
2015-12-15,190500,191000,188000,190000,15252,0.01333333333333342
2015-12-16,189000,189000,185500,185500,184354,-0.023684210526315752
2015-12-17,187000,188000,183000,184000,46242,-0.008086253369272267
2015-12-18,184500,186000,182500,184500,44005,0.0027173913043478937
2015-12-21,185000,186500,184000,186500,28722,0.01084010840108407
2015-12-22,185500,186500,184000,186000,16885,-0.002680965147453085
2015-12-23,185500,189500,184500,189500,26618,0.018817204301075252
2015-12-24,190000,191000,188000,188000,21803,-0.0079155672823219
2015-12-28,191000,191000,187500,187500,32695,-0.0026595744680850686
2015-12-29,186000,193000,186000,192000,25242,0.02400000000000002
2015-12-30,192000,192500,190000,191000,21002,-0.00520833333333337
2016-01-04,189000,190500,185000,185000,31606,-0.03141361256544506
2016-01-05,185000,201000,183500,200000,101763,0.08108108108108114
2016-01-06,200500,209000,200500,204500,63583,0.022499999999999964
2016-01-07,203500,203500,196500,197500,52582,-0.03422982885085579
2016-01-08,199500,202000,195000,201500,35066,0.020253164556962133
2016-01-11,201000,205000,199500,202500,44416,0.00496277915632759
2016-01-12,203000,205000,199500,200000,31638,-0.012345679012345734
2016-01-13,201500,209000,200500,206500,38941,0.03249999999999997
2016-01-14,205500,205500,199500,202500,26704,-0.01937046004842613
2016-01-15,206000,215000,205000,206000,52520,0.01728395061728394
2016-01-18,208500,210000,200500,202000,43907,-0.01941747572815533
2016-01-19,203000,204500,197500,204000,28789,0.00990099009900991
2016-01-20,206000,208000,198000,206000,36181,0.009803921568627416
2016-01-21,209000,209000,198000,198500,48085,-0.036407766990291246
2016-01-22,199000,206000,199000,205500,35160,0.035264483627204024
2016-01-25,206500,213000,204000,210500,46352,0.024330900243308973
2016-01-26,211000,211000,201500,209500,36125,-0.004750593824228044
2016-01-27,212000,220500,210000,215500,58735,0.02863961813842475
2016-01-28,214500,217500,212500,216000,36969,0.002320185614849146
2016-01-29,217000,224500,214000,220000,51671,0.0185185185185186
2016-02-01,226500,231000,222500,227500,57212,0.03409090909090917
2016-02-02,225000,227000,222000,223000,35506,-0.01978021978021982
2016-02-03,223000,223000,215500,216000,29404,-0.03139013452914796
2016-02-04,218000,221000,207000,215500,72233,-0.0023148148148147696
2016-02-05,215500,215500,205000,209000,103123,-0.030162412993039456
2016-02-11,206000,207500,201000,201500,45447,-0.03588516746411485
2016-02-12,201500,203000,190500,197500,68316,-0.01985111662531014
2016-02-15,200000,205500,195500,204500,45083,0.03544303797468351
2016-02-16,206000,206500,201500,204500,28749,0.0
2016-02-17,202000,204000,194500,197000,56526,-0.03667481662591687
2016-02-18,199000,200500,196000,199000,56371,0.010152284263959421
2016-02-19,198500,202500,197000,198500,30781,-0.002512562814070307
2016-02-22,198000,205000,196500,203000,28810,0.02267002518891692
2016-02-23,206000,206500,200000,204500,36934,0.00738916256157629
2016-02-24,204500,205000,199500,200000,20828,-0.022004889975550168
2016-02-25,201500,203000,198000,203000,34965,0.014999999999999902
2016-02-26,202000,203500,195500,198000,53555,-0.024630541871921152
2016-02-29,200500,200500,193500,195500,59992,-0.012626262626262652
2016-03-02,196000,199000,195000,199000,40768,0.01790281329923271
2016-03-03,198500,199500,195000,198500,37449,-0.002512562814070307
2016-03-04,197000,198000,194000,194500,45871,-0.02015113350125941
2016-03-07,195500,195500,192000,193500,32402,-0.005141388174807249
2016-03-08,193500,194500,189000,193500,35885,0.0
2016-03-09,192000,194500,192000,194500,21190,0.0051679586563306845
2016-03-10,194500,194500,192000,194500,33890,0.0
2016-03-11,194500,196000,193000,194500,22609,0.0
2016-03-14,194000,194000,190500,191000,37255,-0.01799485861182515
2016-03-15,191000,192000,190000,190500,19862,-0.002617801047120394
2016-03-16,191000,191500,188000,188500,38265,-0.01049868766404205
2016-03-17,190000,193000,189000,189500,35557,0.0053050397877985045
2016-03-18,189000,190500,186500,188500,40481,-0.00527704485488123
2016-03-21,187500,188000,183000,187000,42125,-0.007957559681697646
2016-03-22,187000,190500,184000,189500,40976,0.013368983957219305
2016-03-23,190000,197500,189500,196000,71448,0.03430079155672816
2016-03-24,195000,197500,191000,191000,33614,-0.025510204081632626
2016-03-25,191000,193500,188500,192500,23421,0.007853403141361293
2016-03-28,192500,195000,191500,193000,19356,0.0025974025974024872
2016-03-29,194000,194500,187500,190000,29693,-0.015544041450777257
2016-03-30,191500,192500,187000,188000,34466,-0.010526315789473717
2016-03-31,188000,191500,186000,190000,43833,0.010638297872340496
2016-04-01,190000,192000,187000,187000,36339,-0.015789473684210575
2016-04-04,185500,192500,185500,192000,27957,0.02673796791443861
2016-04-05,190000,191000,183500,186000,52399,-0.03125
2016-04-06,184500,186500,184000,185000,54279,-0.005376344086021501
2016-04-07,184500,189000,183000,188000,43422,0.016216216216216273
2016-04-08,188000,194000,185500,193000,37199,0.02659574468085113
2016-04-11,192000,194500,190000,192000,35405,-0.005181347150259086
2016-04-12,191000,192000,189000,190000,23614,-0.01041666666666663
2016-04-14,188500,191500,187000,189000,38849,-0.0052631578947368585
2016-04-15,187000,190000,187000,188000,24126,-0.005291005291005346
2016-04-18,188000,192500,187500,191500,46314,0.018617021276595702
2016-04-19,190500,194500,190500,192500,38784,0.005221932114882533
2016-04-20,194000,194000,188500,189000,49084,-0.018181818181818188
2016-04-21,189500,192000,188500,190000,27107,0.005291005291005346
2016-04-22,188500,189500,188500,189500,18650,-0.0026315789473684292
2016-04-25,189000,193500,189000,193000,47746,0.01846965699208436
2016-04-26,193000,193000,190500,192500,25213,-0.002590673575129543
2016-04-27,189500,194500,189000,194000,27917,0.007792207792207684
2016-04-28,194000,197000,191000,197000,48575,0.015463917525773141
2016-04-29,197000,197000,193500,194500,45529,-0.012690355329949221
2016-05-02,195000,197000,194500,196000,34918,0.007712082262210762
2016-05-03,196500,206000,196000,204500,110620,0.04336734693877542
2016-05-04,203000,208500,202000,206000,63713,0.007334963325183352
2016-05-09,207500,210500,205500,208000,47750,0.009708737864077666
2016-05-10,206000,208500,202000,208000,35819,0.0
2016-05-11,206000,206500,201500,202500,44903,-0.02644230769230771
2016-05-12,202000,205500,200500,203000,23207,0.0024691358024691024
2016-05-13,202000,204500,200500,201500,31003,-0.007389162561576401
2016-05-16,200000,210500,200000,210500,47067,0.04466501240694787
2016-05-17,208000,210500,206000,210500,45899,0.0
2016-05-18,210000,211000,207000,210500,37893,0.0
2016-05-19,211000,211500,205000,207500,40714,-0.014251781472684133
2016-05-20,207500,212000,205000,211000,42670,0.01686746987951815
2016-05-23,210000,210000,205000,206000,37563,-0.023696682464455
2016-05-24,205000,210000,205000,207000,32061,0.004854368932038833
2016-05-25,212000,212000,206000,209500,28901,0.012077294685990392
2016-05-26,210000,210500,207000,209000,16703,-0.0023866348448687846
2016-05-27,210500,210500,206500,210500,17686,0.0071770334928229484
2016-05-30,210500,211500,208500,210000,24785,-0.002375296912114022
2016-05-31,208500,218500,208500,214000,107832,0.01904761904761898
2016-06-01,212500,214000,209000,210500,27968,-0.016355140186915862
2016-06-02,209500,211000,207000,207000,30713,-0.016627078384798155
2016-06-03,207000,216500,207000,215000,42227,0.03864734299516903
2016-06-07,215000,222500,215000,220000,30331,0.023255813953488413
2016-06-08,217000,227000,213500,224500,57539,0.020454545454545503
2016-06-09,225500,225500,219000,219000,47386,-0.024498886414253906
2016-06-10,222000,234000,220000,228500,75643,0.04337899543378998
2016-06-13,232500,232500,224000,226000,40516,-0.01094091903719907
2016-06-14,224000,226500,222000,223500,32226,-0.011061946902654829
2016-06-15,220500,222500,216500,219500,46930,-0.017897091722595126
2016-06-16,218500,220000,215000,217000,30108,-0.011389521640091105
2016-06-17,218000,222500,216000,221000,23996,0.018433179723502224
2016-06-20,225000,225500,219000,222500,18345,0.006787330316742057
2016-06-21,219000,221000,217000,218000,22474,-0.020224719101123556
2016-06-22,217000,218000,214000,218000,20374,0.0
2016-06-23,215500,218000,214500,217500,15190,-0.002293577981651418
2016-06-24,215000,216500,205000,210000,44498,-0.03448275862068961
2016-06-27,204000,213500,204000,213000,26288,0.014285714285714235
2016-06-28,210000,214000,206500,211000,21331,-0.009389671361502372
2016-06-29,210000,214500,209000,211500,23954,0.0023696682464455776
2016-06-30,212500,217500,211500,217000,28051,0.026004728132387633
2016-07-01,215000,220000,215000,218000,22075,0.004608294930875667
2016-07-04,216000,216000,214000,215000,14047,-0.013761467889908285
2016-07-05,214000,217500,211500,216500,19102,0.006976744186046435
2016-07-06,218000,218000,207500,209000,53776,-0.034642032332563466
2016-07-07,208500,215500,208500,213500,19896,0.021531100478468845
2016-07-08,211500,219500,211500,219000,35341,0.025761124121779888
2016-07-11,221000,229500,220000,228500,39983,0.04337899543378998
2016-07-12,225500,230500,221500,223500,35573,-0.021881838074398252
2016-07-13,224000,229500,222500,224000,24001,0.0022371364653244186
2016-07-14,228000,228000,219500,224000,24681,0.0
2016-07-15,224000,228500,221500,222000,29558,-0.008928571428571397
2016-07-18,220000,224000,219000,221000,21229,-0.0045045045045044585
2016-07-19,221000,222500,217500,220500,19345,-0.002262443438914019
2016-07-20,218500,218500,214000,218000,28963,-0.0113378684807256
2016-07-21,218000,219500,214000,219000,24077,0.004587155963302836
2016-07-22,219500,219500,215000,215000,21959,-0.0182648401826484
2016-07-25,215500,218500,213000,215500,17711,0.0023255813953488857
2016-07-26,215500,217500,214500,216500,17124,0.004640371229698292
2016-07-27,216500,217500,214500,215500,22636,-0.004618937644341847
2016-07-28,215500,216000,208000,210000,42759,-0.025522041763341052
2016-07-29,209500,209500,198500,200500,89591,-0.04523809523809519
2016-08-01,201000,203500,199000,202500,55696,0.009975062344139696
2016-08-02,201500,214000,201500,212500,74667,0.04938271604938271
2016-08-03,210500,213000,210500,212500,30059,0.0
2016-08-04,214000,216500,209000,214000,41120,0.007058823529411784
2016-08-05,213000,219500,209500,212000,43904,-0.009345794392523366
2016-08-08,213500,216500,212000,215500,31020,0.01650943396226423
2016-08-09,217000,217500,214000,217500,22730,0.009280742459396807
2016-08-10,216000,220500,215500,220000,36034,0.011494252873563315
2016-08-11,219000,219000,213500,217000,31981,-0.013636363636363669
2016-08-12,217000,219500,214500,217000,23831,0.0
2016-08-16,218500,218500,210500,210500,35223,-0.02995391705069128
2016-08-17,211000,213000,206000,212500,38397,0.009501187648456089
2016-08-18,212000,212500,206000,207000,26943,-0.025882352941176467
2016-08-19,207000,207000,202500,203000,40196,-0.019323671497584516
2016-08-22,201000,203500,199000,202500,31588,-0.0024630541871921707
2016-08-23,202000,210000,201000,209000,48419,0.032098765432098775
2016-08-24,208000,209500,205500,209500,28534,0.0023923444976077235
2016-08-25,210000,212500,206000,207500,30803,-0.009546539379474916
2016-08-26,206000,209000,206000,208000,19436,0.002409638554216942
2016-08-29,208000,209000,204000,206500,25595,-0.007211538461538436
2016-08-30,205500,209000,205500,206500,15458,0.0
2016-08-31,208000,208000,200500,201000,39438,-0.0266343825665859
2016-09-01,203000,204000,196000,197500,77279,-0.01741293532338306
2016-09-02,198500,201500,197000,201500,36360,0.020253164556962133
2016-09-05,202500,203500,201000,202500,21183,0.00496277915632759
2016-09-06,202500,203000,199500,200000,31618,-0.012345679012345734
2016-09-07,201000,201000,197500,200000,47177,0.0
2016-09-08,200000,203500,199000,199000,35877,-0.0050000000000000044
2016-09-09,202000,204000,199500,201500,37223,0.012562814070351758
2016-09-12,201500,202500,199000,201500,27534,0.0
2016-09-13,201500,203000,200000,201500,36182,0.0
2016-09-19,199500,203000,199000,202500,23749,0.00496277915632759
2016-09-20,200500,205000,199000,204500,33972,0.009876543209876631
2016-09-21,204500,205500,202000,205500,23570,0.004889975550122161
2016-09-22,205500,207000,204000,206500,33996,0.0048661800486617945
2016-09-23,209000,209500,206500,209000,21204,0.012106537530266248
2016-09-26,209000,215500,209000,214500,45189,0.026315789473684292
2016-09-27,215000,222000,213000,221000,58249,0.030303030303030276
2016-09-28,221000,224000,217500,218500,44415,-0.011312217194570096
2016-09-29,218500,221500,214500,217000,29017,-0.006864988558352381
2016-09-30,217000,219500,212500,215500,29883,-0.00691244239631339
2016-10-04,214000,216500,212500,213000,17119,-0.011600928074245953
2016-10-05,212500,214500,209500,211500,27561,-0.007042253521126751
2016-10-06,213000,214000,209500,212500,19296,0.004728132387706863
2016-10-07,210500,212000,208500,210000,29500,-0.0117647058823529
2016-10-10,213000,214500,208500,211000,29336,0.004761904761904745
2016-10-11,213500,214500,210000,210000,28733,-0.004739336492891044
2016-10-12,212500,214000,210000,213500,32742,0.016666666666666607
2016-10-13,212000,215000,211000,213000,23785,-0.0023419203747072626
2016-10-14,212500,215500,212000,212500,22613,-0.0023474178403756207
2016-10-17,212500,213000,207000,212500,35360,0.0
2016-10-18,212500,214000,210500,214000,17199,0.007058823529411784
2016-10-19,213000,214500,210000,211000,14950,-0.014018691588784993
2016-10-20,210000,213500,209500,213000,13885,0.009478672985782088
2016-10-21,213000,215500,210000,211500,25986,-0.007042253521126751
2016-10-24,210500,212500,209500,212000,15275,0.0023640661938533203
2016-10-25,211500,212000,210000,211500,38462,-0.002358490566037763
2016-10-26,210500,211500,207500,210000,29103,-0.007092198581560294
2016-10-27,209500,210500,208500,210000,18229,0.0
2016-10-28,209000,209500,205000,205500,27108,-0.021428571428571463
2016-10-31,203500,205500,200500,201000,45079,-0.021897810218978075
2016-11-01,202000,207000,201500,206000,23610,0.02487562189054726
2016-11-02,208500,208500,200000,201000,45402,-0.024271844660194164
2016-11-03,200000,204500,195500,204000,38157,0.014925373134328401
2016-11-04,204000,206500,202000,206000,26676,0.009803921568627416
2016-11-07,207500,207500,201000,203000,20630,-0.014563106796116498
2016-11-08,204000,204000,197000,199500,36915,-0.017241379310344862
2016-11-09,199500,200000,191000,196500,45252,-0.015037593984962405
2016-11-10,198500,199000,195000,197500,43168,0.0050890585241729624
2016-11-11,198000,198500,189000,190500,65169,-0.03544303797468351
2016-11-14,190000,191500,187500,190500,42664,0.0
2016-11-15,190500,191000,188000,188500,36738,-0.01049868766404205
2016-11-16,190000,192500,188500,190500,39736,0.010610079575596787
2016-11-17,190000,190500,187000,187500,52912,-0.015748031496062964
2016-11-18,188000,193000,186500,193000,31169,0.029333333333333433
2016-11-21,195000,195000,191500,194500,54916,0.007772020725388629
2016-11-22,196000,199000,192000,197000,54825,0.01285347043701801
2016-11-23,194000,197000,193000,193500,30931,-0.017766497461928932
2016-11-24,192500,195000,191500,194000,42376,0.0025839793281654533
2016-11-25,195000,195000,188500,189000,38574,-0.02577319587628868
2016-11-28,189000,190000,186500,187000,45400,-0.010582010582010581
2016-11-29,187000,188000,184000,185000,41931,-0.010695187165775444
2016-11-30,187000,187000,182500,184000,109628,-0.00540540540540535
2016-12-01,184500,185000,178000,178000,45065,-0.03260869565217395
2016-12-02,178500,180500,173000,178500,47063,0.002808988764045006
2016-12-05,178500,183500,176500,182000,37562,0.019607843137254832
2016-12-06,184000,184000,179000,181500,41957,-0.0027472527472527375
2016-12-07,183000,184500,179000,184500,35285,0.016528925619834656
2016-12-08,185000,188000,182000,188000,46031,0.01897018970189701
2016-12-09,188000,188000,185000,186500,36944,-0.007978723404255317
2016-12-12,188000,188000,182000,182000,19204,-0.024128686327077764
2016-12-13,182500,183500,182000,182500,18020,0.0027472527472527375
2016-12-14,183000,184000,181500,182500,19280,0.0
2016-12-15,181000,184000,181000,182500,22494,0.0
2016-12-16,182500,183000,179000,180000,34748,-0.013698630136986356
2016-12-19,180500,181000,178500,179000,17186,-0.005555555555555536
2016-12-20,179500,180500,178500,179500,18436,0.0027932960893854997
2016-12-21,179000,180000,177000,178000,27061,-0.00835654596100277
2016-12-22,178000,179000,176000,178500,24515,0.002808988764045006
2016-12-23,177500,181000,176500,179500,17325,0.0056022408963585235
2016-12-26,179500,181000,175500,177000,29721,-0.013927576601671321
2016-12-27,178500,179500,175500,177000,31421,0.0
2016-12-28,176000,177500,174500,175500,26775,-0.008474576271186418
2016-12-29,176000,179500,174000,179000,26928,0.019943019943019946
2017-01-02,177500,180500,177500,179500,22044,0.0027932960893854997
2017-01-03,179500,181000,176000,176500,35591,-0.01671309192200554
2017-01-04,176500,178000,174000,175500,45309,-0.005665722379603388
2017-01-05,176000,176000,173500,175500,44590,0.0
2017-01-06,175500,177500,174000,177500,25870,0.01139601139601143
2017-01-09,176000,177500,171000,171500,49083,-0.033802816901408406
2017-01-10,171500,171500,166000,168000,65054,-0.020408163265306145
2017-01-11,167500,171000,165000,165500,58968,-0.014880952380952328
2017-01-12,164500,167000,163500,164000,72573,-0.009063444108761365
2017-01-13,163500,166000,163000,164000,51458,0.0
2017-01-16,165500,169500,165000,166500,66794,0.015243902439024293
2017-01-17,167000,168500,166000,167000,35536,0.0030030030030030463
2017-01-18,169000,169000,166500,166500,40507,-0.0029940119760478723
2017-01-19,166500,171000,166500,169500,70843,0.018018018018018056
2017-01-20,169500,174000,169500,170500,70772,0.005899705014749346
2017-01-23,171500,173000,169500,172000,41699,0.008797653958944274
2017-01-24,173000,173000,167000,167000,54346,-0.029069767441860517
2017-01-25,167500,168000,163500,165500,34161,-0.008982035928143728
2017-01-26,165500,166000,161000,162500,58802,-0.01812688821752262
2017-01-31,161000,163000,160500,163000,30339,0.003076923076922977
2017-02-01,163500,163500,159000,160000,51618,-0.018404907975460127
2017-02-02,160000,161000,155000,155500,87857,-0.028124999999999956
2017-02-03,155000,157500,155000,155500,55625,0.0
2017-02-06,157000,159000,155500,158500,35982,0.019292604501607746
2017-02-07,159500,159500,157000,158000,45619,-0.003154574132492094
2017-02-08,158000,159500,156000,158500,50215,0.0031645569620253333
2017-02-09,159000,160500,156500,159500,66218,0.006309148264984188
2017-02-10,161000,161000,156000,156500,55507,-0.018808777429467072
2017-02-13,157500,158000,155000,156000,46005,-0.0031948881789137795
2017-02-14,157000,157500,155000,156500,42715,0.0032051282051281937
2017-02-15,157500,169500,157000,169000,190723,0.07987220447284349
2017-02-16,169500,171000,166500,170500,98341,0.008875739644970349
2017-02-17,169000,169500,166000,168000,49831,-0.014662756598240456
2017-02-20,167000,168000,166000,167500,26956,-0.0029761904761904656
2017-02-21,167500,169000,164500,168500,57179,0.005970149253731405
2017-02-22,167000,170000,166000,170000,49957,0.008902077151335286
2017-02-23,170500,170500,167500,169000,38626,-0.00588235294117645
2017-02-24,169000,169500,167000,169500,29537,0.002958579881656709
2017-02-27,171000,171000,168500,171000,30973,0.008849557522123908
2017-02-28,171000,172500,166500,172500,55009,0.00877192982456143
2017-03-02,173500,174500,169000,171000,52849,-0.008695652173912993
2017-03-03,170000,170000,165500,166000,48451,-0.0292397660818714
2017-03-06,166000,166000,157500,163000,82223,-0.01807228915662651
2017-03-07,163500,164000,160500,161000,43813,-0.012269938650306789
2017-03-08,163000,169000,163000,167000,58172,0.037267080745341685
2017-03-09,167000,167000,164500,166000,31916,-0.005988023952095856
2017-03-10,165000,166000,162500,165500,36551,-0.003012048192771122
2017-03-13,165000,168500,163500,167500,40232,0.012084592145015005
2017-03-14,167500,167500,163500,164000,35143,-0.020895522388059695
2017-03-15,164000,164500,162000,163500,20492,-0.0030487804878048808
2017-03-16,162500,166500,161500,164000,32417,0.003058103975535076
2017-03-17,164500,164500,162000,164500,21638,0.0030487804878047697
2017-03-20,163500,165000,162000,162500,13824,-0.012158054711246202
2017-03-21,164000,166000,163000,164000,27045,0.009230769230769154
2017-03-22,164500,165500,158500,160000,46552,-0.024390243902439046
2017-03-23,161000,166000,160000,165500,43260,0.034375000000000044
2017-03-24,166000,172500,165500,171000,79115,0.0332326283987916
2017-03-27,172000,174000,167000,168000,41259,-0.01754385964912286
2017-03-28,169000,170000,168000,170000,24696,0.011904761904761862
2017-03-29,171000,173000,168500,169000,33408,-0.00588235294117645
2017-03-30,169000,169000,165500,168000,28636,-0.00591715976331364
2017-03-31,167500,167500,165500,166500,23697,-0.008928571428571397
2017-04-03,165500,167500,164000,167000,31550,0.0030030030030030463
2017-04-04,166000,166500,162500,164000,46696,-0.017964071856287456
2017-04-05,164000,164000,160000,161000,59777,-0.018292682926829285
2017-04-06,161000,162500,159000,161000,53483,0.0
2017-04-07,162000,163000,161000,162000,20946,0.006211180124223503
2017-04-10,161500,162000,159000,160000,20042,-0.012345679012345734
2017-04-11,159000,160500,158000,159500,22295,-0.0031250000000000444
2017-04-12,160000,160500,158000,160000,31202,0.0031347962382444194
2017-04-13,160500,161500,158500,160500,27765,0.0031250000000000444
2017-04-14,160000,160000,158000,158000,24906,-0.015576323987538943
2017-04-17,159500,162000,158500,161500,23851,0.02215189873417711
2017-04-18,162500,162500,160000,160000,25136,-0.009287925696594423
2017-04-19,159500,161000,159000,160000,26534,0.0
2017-04-20,160000,161500,159000,160000,80220,0.0
2017-04-21,160500,170000,160500,169500,107319,0.059374999999999956
2017-04-24,169000,173000,167500,170000,61925,0.002949852507374562
2017-04-25,170500,171000,169000,170500,32699,0.002941176470588225
2017-04-26,171000,171000,165000,166500,93115,-0.02346041055718473
2017-04-27,167500,169000,165500,166500,39983,0.0
2017-04-28,165000,167500,165000,166500,30029,0.0
2017-05-02,166500,169500,166500,168000,48300,0.009009009009008917
2017-05-04,167000,171000,167000,168000,41962,0.0
2017-05-08,168500,172000,167500,172000,62651,0.023809523809523725
2017-05-10,172000,179000,171500,178500,133117,0.03779069767441867
2017-05-11,178500,184000,175000,184000,148838,0.03081232492997188
2017-05-12,183000,183000,177000,178500,57388,-0.029891304347826053
2017-05-15,178500,179500,176000,176500,40147,-0.011204481792717047
2017-05-16,178000,184000,177000,179500,102999,0.016997167138810276
2017-05-17,180000,180500,176500,178000,87196,-0.00835654596100277
2017-05-18,178000,179000,175000,176500,34509,-0.008426966292134797
2017-05-19,178500,180000,176500,179000,32490,0.014164305949008416
2017-05-22,180000,182000,179000,180500,40295,0.008379888268156499
2017-05-23,180500,182000,178500,180500,41470,0.0
2017-05-24,181500,183000,180500,181000,41072,0.0027700831024930483
2017-05-25,181000,186000,180500,186000,102245,0.027624309392265234
2017-05-26,187500,192000,187500,192000,105260,0.032258064516129004
2017-05-29,190500,191500,186500,186500,53749,-0.02864583333333337
2017-05-30,187000,190000,186500,188000,31718,0.008042895442359255
2017-05-31,188000,193000,186500,192500,111185,0.02393617021276606
2017-06-01,192500,192500,188500,192000,53189,-0.0025974025974025983
2017-06-02,192000,199500,192000,199500,76373,0.0390625
2017-06-05,199500,199500,196000,198500,35346,-0.005012531328320802
2017-06-07,196000,200000,195500,197500,41672,-0.005037783375314908
2017-06-08,199000,199000,193500,195500,51295,-0.010126582278481067
2017-06-09,196000,196500,193000,196000,21010,0.002557544757033181
2017-06-12,194500,197000,190500,192500,29180,-0.017857142857142905
2017-06-13,192000,197000,192000,197000,25555,0.023376623376623273
2017-06-14,195000,197000,193000,194000,25927,-0.015228426395939132
2017-06-15,192000,196000,191500,193500,22746,-0.002577319587628857
2017-06-16,193000,194000,192000,193500,24957,0.0
2017-06-19,192500,195000,189500,191000,19330,-0.012919896640826822
2017-06-20,189500,191000,185500,186500,47872,-0.023560209424083767
2017-06-21,187000,190500,184500,189500,31201,0.01608579088471851
2017-06-22,188000,189000,184000,186500,35468,-0.0158311345646438
2017-06-23,188500,189000,185000,188000,27111,0.008042895442359255
2017-06-26,189500,191500,186000,188000,46891,0.0
2017-06-27,186500,187500,182000,182000,45776,-0.03191489361702127
2017-06-28,182500,182500,181500,182000,24156,0.0
2017-06-29,182500,182500,178500,179000,51327,-0.016483516483516536
2017-06-30,179500,181000,179000,180500,42052,0.008379888268156499
2017-07-03,181500,183000,180500,182500,41557,0.011080332409972193
2017-07-04,182500,182500,179500,181500,18108,-0.005479452054794498
2017-07-05,179500,181500,179000,180000,19982,-0.008264462809917328
2017-07-06,180000,183500,179500,180000,30196,0.0
2017-07-07,179000,184500,178500,181000,41749,0.005555555555555536
2017-07-10,180000,181500,178000,178500,32131,-0.013812154696132617
2017-07-11,178500,180000,178000,178500,16605,0.0
2017-07-12,178500,180500,178500,179000,25782,0.0028011204481792618
2017-07-13,180500,180500,178500,178500,41583,-0.0027932960893854997
2017-07-14,179000,182000,178000,180000,40459,0.008403361344537785
2017-07-17,181500,184500,179500,180000,34357,0.0
2017-07-18,181500,184000,180000,184000,38709,0.022222222222222143
2017-07-19,185000,185000,180000,181000,45078,-0.016304347826086918
2017-07-20,181500,181500,177500,178500,59473,-0.013812154696132617
2017-07-21,178000,179000,175500,176000,40432,-0.014005602240896309
2017-07-24,177500,180500,177000,179500,18777,0.019886363636363535
2017-07-25,180000,181000,178500,180000,23422,0.0027855153203342198
2017-07-26,181500,181500,180000,181000,24218,0.005555555555555536
2017-07-27,181500,183500,180500,183500,26063,0.013812154696132506
2017-07-28,182000,185000,182000,184000,36922,0.0027247956403269047
2017-07-31,185500,188000,184000,186500,32315,0.013586956521739024
2017-08-01,186500,187000,182500,183500,33147,-0.01608579088471851
2017-08-02,183000,183500,180500,181000,31981,-0.013623978201634857
2017-08-03,181000,182500,178500,182000,39088,0.005524861878453136
2017-08-04,182000,186500,182000,185000,49315,0.016483516483516425
2017-08-07,185500,185500,178000,180000,80388,-0.027027027027026973
2017-08-08,179000,181000,171000,172000,146438,-0.0444444444444444
2017-08-09,170000,173500,170000,171000,38455,-0.005813953488372103
2017-08-10,171000,174000,170500,174000,30575,0.01754385964912286
2017-08-11,170500,173500,167500,168500,37694,-0.031609195402298895
2017-08-14,168500,171000,168500,169000,15011,0.0029673590504450953
2017-08-16,170500,172000,169000,169500,23765,0.002958579881656709
2017-08-17,169000,172000,168500,171500,28040,0.01179941002949847
2017-08-18,170000,171500,169500,170000,20917,-0.008746355685131157
2017-08-21,169500,170000,167000,168500,24898,-0.008823529411764675
2017-08-22,169000,170500,168000,168500,15810,0.0
2017-08-23,168000,169500,166500,167500,23884,-0.005934718100890191
2017-08-24,167000,168500,166500,167000,19803,-0.0029850746268657025
2017-08-25,167000,167000,164000,165500,39943,-0.008982035928143728
2017-08-28,165500,168000,165000,167000,29786,0.009063444108761365
2017-08-29,167500,167500,164000,166500,28460,-0.0029940119760478723
2017-08-30,165000,170000,165000,170000,28714,0.021021021021021102
2017-08-31,169500,170500,168000,169000,18002,-0.00588235294117645
2017-09-01,168500,168500,165500,166000,20090,-0.017751479289940808
2017-09-04,164500,166000,164500,165000,21247,-0.0060240963855421326
2017-09-05,165500,167000,165000,166500,13130,0.009090909090909038
2017-09-06,166500,166500,165000,166000,38215,-0.0030030030030030463
2017-09-07,167000,168000,165500,166500,12030,0.003012048192771122
2017-09-08,167500,168000,165000,166000,13459,-0.0030030030030030463
2017-09-11,167000,171000,166500,167500,41196,0.009036144578313143
2017-09-12,168500,170000,165500,166000,23331,-0.008955223880596996
2017-09-13,166000,166500,163500,164500,26990,-0.009036144578313254
2017-09-14,163500,165000,162000,163500,33516,-0.006079027355623046
2017-09-15,164000,164500,161500,162500,42270,-0.006116207951070374
2017-09-18,162500,162500,161000,161500,35512,-0.006153846153846176
2017-09-19,161000,162500,161000,162000,25542,0.003095975232198178
2017-09-20,162500,163000,159000,159500,32075,-0.015432098765432056
2017-09-21,159500,160500,156500,157000,51155,-0.01567398119122254
2017-09-22,156000,159000,156000,157000,36872,0.0
2017-09-25,157500,158000,150500,152000,66749,-0.031847133757961776
2017-09-26,152000,154500,151000,154000,59540,0.013157894736842035
2017-09-27,155000,160000,154500,160000,72153,0.03896103896103886
2017-09-28,160000,161000,157000,160000,39601,0.0
2017-09-29,161000,163500,160000,163500,37193,0.02187500000000009
2017-10-10,163500,168000,163500,166500,50431,0.0183486238532109
2017-10-11,165000,167000,164000,166500,87197,0.0
2017-10-12,165500,166000,164500,165500,28296,-0.006006006006005982
2017-10-13,164500,165500,161500,164000,35224,-0.009063444108761365
2017-10-16,164000,165000,162000,164000,19888,0.0
2017-10-17,163500,164500,161000,162000,23863,-0.012195121951219523
2017-10-18,162000,164000,161000,161500,19948,-0.0030864197530864335
2017-10-19,162000,166000,161500,162500,27159,0.006191950464396356
2017-10-20,162500,163000,161500,163000,25366,0.003076923076922977
2017-10-23,162500,163000,161000,161500,20325,-0.009202453987730008
2017-10-24,161500,162000,160500,161000,17498,-0.003095975232198178
2017-10-25,161000,162000,157000,157500,74706,-0.021739130434782594
2017-10-26,157000,160500,156500,160500,46246,0.01904761904761898
2017-10-27,159500,162500,159500,161000,31194,0.0031152647975076775
2017-10-30,161500,161500,157000,158000,29272,-0.018633540372670843
2017-10-31,158000,159000,156500,157000,39647,-0.006329113924050667
2017-11-01,156500,157500,155000,155500,37702,-0.009554140127388533
2017-11-02,154500,156000,153500,154500,42446,-0.006430868167202619
2017-11-03,155500,158500,155500,157500,28737,0.01941747572815533
2017-11-06,156500,157500,155000,157000,20386,-0.0031746031746031633
2017-11-07,156000,159000,156000,158500,25311,0.009554140127388644
2017-11-08,158000,160000,155500,156500,53011,-0.012618296529968487
2017-11-09,156500,157000,153500,154000,68101,-0.015974440894568676
2017-11-10,154000,154500,151000,151500,55222,-0.016233766233766267
2017-11-13,151500,154500,151500,153000,33329,0.00990099009900991
2017-11-14,153000,155000,152000,154500,28711,0.009803921568627416
2017-11-15,154000,154500,151500,152000,31599,-0.016181229773462813
2017-11-16,152500,152500,150500,152000,46952,0.0
2017-11-17,153000,155500,153000,154000,61441,0.013157894736842035
2017-11-20,155000,156500,154500,155000,41450,0.006493506493506551
2017-11-21,155500,155500,153000,153500,23742,-0.009677419354838679
2017-11-22,153500,153500,151000,151500,29680,-0.013029315960912058
2017-11-23,151500,152000,151000,151000,21280,-0.0033003300330033403
2017-11-24,152000,152000,149500,150500,58236,-0.0033112582781457123
2017-11-27,150000,151500,149500,150000,24728,-0.0033222591362126463
2017-11-28,150000,152500,150000,152500,30655,0.016666666666666607
2017-11-29,152000,152500,149500,151000,53261,-0.00983606557377048
2017-11-30,151500,155000,150000,152000,84415,0.0066225165562914245
2017-12-01,152500,153500,150500,152500,30724,0.00328947368421062
2017-12-04,153500,155000,152500,154000,31445,0.009836065573770592
2017-12-05,154000,155500,154000,155000,35924,0.006493506493506551
2017-12-06,155000,155000,152500,154000,22978,-0.006451612903225823
2017-12-07,153000,154500,152000,154500,25448,0.0032467532467532756
2017-12-08,154500,154500,150500,151000,35828,-0.02265372168284785
2017-12-11,151000,151500,149000,151000,27852,0.0
2017-12-12,150000,151000,149500,151000,23485,0.0
2017-12-13,151000,152500,150500,151500,24735,0.0033112582781456013
2017-12-14,152000,152000,150000,150000,43486,-0.00990099009900991
2017-12-15,151000,152000,150500,152000,26440,0.01333333333333342
2017-12-18,152000,152000,150000,152000,27142,0.0
2017-12-19,151000,153500,149500,150000,43087,-0.013157894736842146
2017-12-20,150000,150000,140500,143000,91757,-0.046666666666666634
2017-12-21,142000,143000,140000,141000,62398,-0.013986013986013957
2017-12-22,141000,141000,137000,139500,53306,-0.010638297872340385
2017-12-26,139500,141000,138500,140000,38895,0.0035842293906809264
2017-12-27,140000,140500,137500,140000,31803,0.0
2017-12-28,140500,142500,139500,140000,34056,0.0
2018-01-02,140500,145000,140500,144000,48837,0.02857142857142847
2018-01-03,143000,147000,143000,145000,51940,0.00694444444444442
2018-01-04,145000,145500,144000,145000,50162,0.0
2018-01-05,145500,145500,141000,141500,44078,-0.024137931034482807
2018-01-08,142500,142500,139000,139000,35192,-0.017667844522968212
2018-01-09,139000,140000,138500,139500,54072,0.003597122302158251
2018-01-10,139500,142000,139000,139000,55805,-0.0035842293906810374
2018-01-11,140000,140000,139000,139500,32011,0.003597122302158251
2018-01-12,139500,141000,138000,138000,39903,-0.010752688172043001
2018-01-15,138000,139000,135000,137000,58077,-0.007246376811594235
2018-01-16,135500,140000,135500,138000,37913,0.007299270072992803
2018-01-17,137000,138000,135000,135500,53073,-0.018115942028985477
2018-01-18,135000,136500,133500,134000,45350,-0.011070110701106972
2018-01-19,133500,136000,133500,135000,26553,0.00746268656716409
2018-01-22,136000,137000,134500,135000,49550,0.0
2018-01-23,135000,135500,132500,134000,72851,-0.007407407407407418
2018-01-24,134000,135000,133500,134000,62350,0.0
2018-01-25,133500,135000,133500,134000,64256,0.0
2018-01-26,134500,137000,134000,136000,137649,0.014925373134328401
2018-01-29,138000,142500,137000,140500,119793,0.03308823529411775
2018-01-30,140500,147000,140500,144500,156033,0.028469750889679624
2018-01-31,145500,146500,142000,145000,131108,0.0034602076124568004
2018-02-01,143500,145500,143000,143500,48476,-0.010344827586206917
2018-02-02,143500,145500,143000,144500,60432,0.006968641114982521
2018-02-05,144500,144500,139000,142000,57346,-0.01730103806228378
2018-02-06,137500,141500,136000,140500,68728,-0.010563380281690127
2018-02-07,141000,142500,137500,137500,58335,-0.02135231316725983
2018-02-08,138000,139500,133000,135000,67214,-0.018181818181818188
2018-02-09,132500,132500,130000,130500,77944,-0.033333333333333326
2018-02-12,130500,131500,128000,130000,63252,-0.003831417624521105
2018-02-13,131000,131500,129500,129500,40477,-0.0038461538461538325
2018-02-14,130000,130000,128000,129000,63596,-0.0038610038610038533
2018-02-19,130000,131500,129000,131000,37931,0.015503875968992276
2018-02-20,130500,131500,129500,130000,37934,-0.007633587786259555
2018-02-21,130500,133000,128500,133000,40655,0.023076923076922995
2018-02-22,132500,133500,130500,132000,29161,-0.007518796992481258
2018-02-23,132500,133500,131000,133500,31560,0.011363636363636465
2018-02-26,134500,138000,133000,136500,65224,0.022471910112359605
2018-02-27,135500,137000,132500,135000,48394,-0.01098901098901095
2018-02-28,135000,136500,131500,132500,41175,-0.01851851851851849
2018-03-02,130000,131500,129000,131500,36875,-0.007547169811320753
2018-03-05,130500,131000,128000,128500,42044,-0.02281368821292773
2018-03-06,129000,129500,126000,126000,51005,-0.01945525291828798
2018-03-07,126000,126500,123500,124000,59577,-0.015873015873015928
2018-03-08,123500,124500,119500,122000,143355,-0.016129032258064502
2018-03-09,122500,128500,122000,128000,155426,0.049180327868852514
2018-03-12,128500,130000,126500,127500,76883,-0.00390625
2018-03-13,127000,129000,126500,128000,25139,0.0039215686274509665
2018-03-14,127000,130000,126500,129000,33296,0.0078125
2018-03-15,128500,131500,127000,130500,37912,0.011627906976744207
2018-03-16,127500,131500,127000,130500,1061689,0.0
2018-03-19,132500,137000,130500,136000,271858,0.04214559386973171
2018-03-20,135000,138000,134000,137500,115686,0.011029411764705843
2018-03-21,137500,139000,136000,137000,77270,-0.0036363636363636598
2018-03-22,137000,137500,133500,134500,89693,-0.018248175182481785
2018-03-23,132500,134000,130000,130000,75470,-0.03345724907063197
2018-03-26,129500,134500,128500,132000,115234,0.01538461538461533
2018-03-27,133000,134500,131000,134000,48996,0.015151515151515138
2018-03-28,133000,134500,130000,130500,42602,-0.026119402985074647
2018-03-29,131000,137500,131000,137500,116257,0.05363984674329503
2018-03-30,139000,139000,136000,137500,91920,0.0
2018-04-02,138500,142000,137500,138000,71402,0.0036363636363636598
2018-04-03,136500,141000,136000,139000,64027,0.007246376811594235
2018-04-04,140000,140500,135500,136000,46748,-0.021582733812949617
2018-04-05,137500,138500,135000,136000,46080,0.0
2018-04-06,136000,138000,134000,136500,25714,0.003676470588235281
2018-04-09,136500,139500,135000,139000,42339,0.01831501831501825
2018-04-10,138000,139000,136000,137500,41781,-0.010791366906474864
2018-04-11,136000,138000,136000,137000,39431,-0.0036363636363636598
2018-04-12,136000,136000,133500,135000,53844,-0.014598540145985384
2018-04-13,134500,145500,133500,144000,247237,0.06666666666666665
2018-04-16,144000,147000,142500,145000,109794,0.00694444444444442
2018-04-17,144500,148000,144000,146500,120082,0.010344827586206806
2018-04-18,148500,151500,146500,149500,133603,0.020477815699658786
2018-04-19,150000,151500,145000,150500,97546,0.006688963210702337
2018-04-20,151500,155500,148000,155000,131724,0.029900332225913706
2018-04-23,156000,157500,152500,155500,112277,0.003225806451612856
2018-04-24,156000,157500,151500,155000,78876,-0.003215434083601254
2018-04-25,154500,156000,151000,152000,59592,-0.01935483870967747
2018-04-26,152000,157500,148500,154500,83566,0.016447368421052655
2018-04-27,154500,157500,152500,153000,42752,-0.009708737864077666
2018-04-30,158500,160500,155000,156500,126458,0.02287581699346397
2018-05-02,159000,162500,153500,157000,125323,0.0031948881789136685
2018-05-03,156000,157000,152500,153000,53857,-0.02547770700636942
2018-05-04,151000,158000,150500,154000,50952,0.006535947712418277
2018-05-08,155500,155500,150000,152000,52189,-0.012987012987012991
2018-05-09,151000,154000,145000,154000,77339,0.013157894736842035
2018-05-10,152000,167500,151500,165500,279750,0.07467532467532467
2018-05-11,167500,176000,166500,174500,251545,0.05438066465256797
2018-05-14,175000,175500,171000,175000,114754,0.002865329512893977
2018-05-15,174000,175500,171500,171500,137327,-0.020000000000000018
2018-05-16,168000,170000,160500,164500,123020,-0.04081632653061229
2018-05-17,163500,167000,160000,161500,58990,-0.018237082066869248
2018-05-18,162500,163500,160500,162000,31313,0.003095975232198178
2018-05-21,162000,162500,157000,158000,53452,-0.024691358024691357
2018-05-23,155500,156500,151000,156000,81346,-0.012658227848101222
2018-05-24,157000,162500,155500,156000,67584,0.0
2018-05-25,152000,155500,148500,150500,77630,-0.03525641025641024
2018-05-28,157000,166500,156000,157000,129638,0.04318936877076407
2018-05-29,158500,158500,151000,151000,62416,-0.03821656050955413
2018-05-30,150000,151500,146000,148000,70991,-0.019867549668874163
2018-05-31,150000,152000,148000,149500,60187,0.010135135135135087
2018-06-01,149500,152500,147000,148000,54814,-0.010033444816053505
2018-06-04,151500,158000,151500,153000,108756,0.03378378378378377
2018-06-05,154500,154500,150500,152500,55147,-0.0032679738562091387
2018-06-07,152000,157500,151000,154000,89568,0.009836065573770592
2018-06-08,157000,157000,151000,154000,99739,0.0
2018-06-11,156500,162500,156500,161500,119811,0.04870129870129869
2018-06-12,163500,164500,159500,161500,101297,0.0
2018-06-14,157500,160000,156000,156500,70171,-0.03095975232198145
2018-06-15,156000,156000,150500,152000,95614,-0.028753993610223683
2018-06-18,152000,156500,151500,153000,56907,0.006578947368421018
2018-06-19,152000,155000,151500,154000,60192,0.006535947712418277
2018-06-20,152000,157000,151500,155500,38152,0.009740259740259827
2018-06-21,156000,162000,155000,158500,83759,0.019292604501607746
2018-06-22,159000,166500,156000,164000,173681,0.034700315457413256
2018-06-25,164500,166500,164000,164500,91672,0.0030487804878047697
2018-06-26,161000,163000,159500,160000,592452,-0.027355623100303927
2018-06-27,160500,163500,158000,160000,109656,0.0
2018-06-28,162000,166500,161000,163000,88803,0.018750000000000044
2018-06-29,165500,169000,163000,168000,90031,0.030674846625766916
2018-07-02,167000,169000,161500,163000,104205,-0.029761904761904767
2018-07-03,163000,169000,163000,167500,73375,0.027607361963190247
2018-07-04,166000,176500,165500,172500,146237,0.029850746268656803
2018-07-05,173000,174000,165500,169500,96180,-0.017391304347826098
2018-07-06,169500,171000,167500,168500,65635,-0.005899705014749235
2018-07-09,168500,174500,168500,173000,104318,0.026706231454005858
2018-07-10,174500,177500,171500,173000,53437,0.0
2018-07-11,172000,173500,167000,172500,64514,-0.0028901734104046506
2018-07-12,174000,174000,169000,170500,44448,-0.011594202898550732
2018-07-13,169500,171000,167000,170000,57474,-0.0029325513196480912
2018-07-16,169500,171500,166000,168000,67668,-0.0117647058823529
2018-07-17,168000,171500,167500,167500,71752,-0.0029761904761904656
2018-07-18,169000,172000,166500,167000,50799,-0.0029850746268657025
2018-07-19,167000,168000,151500,155000,163439,-0.07185628742514971
2018-07-20,155000,161500,155000,161500,64697,0.041935483870967794
2018-07-23,163500,164000,158000,161000,49062,-0.003095975232198178
2018-07-24,160000,161000,154000,155500,105740,-0.03416149068322982
2018-07-25,154500,157000,153000,156500,70571,0.006430868167202508
2018-07-26,158500,159000,155000,157500,64871,0.006389776357827559
2018-07-27,158500,158500,155000,156500,54995,-0.006349206349206327
2018-07-30,155000,155500,152000,154000,54634,-0.015974440894568676
2018-07-31,154000,154000,149500,151000,85640,-0.01948051948051943
2018-08-01,152000,153500,151000,152000,44268,0.0066225165562914245
2018-08-02,152000,157500,150000,151500,66864,-0.003289473684210509
2018-08-03,152500,154500,150000,154000,34246,0.01650165016501659
2018-08-06,153500,155000,151000,151500,43608,-0.016233766233766267
2018-08-07,150500,153000,150000,152500,31841,0.0066006600660066805
2018-08-08,151500,152500,149000,150500,60843,-0.013114754098360604
2018-08-09,149500,152500,149000,151000,108258,0.0033222591362125353
2018-08-10,151000,152000,149000,150500,64637,-0.0033112582781457123
2018-08-13,149000,149500,143000,143500,115677,-0.046511627906976716
2018-08-14,142500,146500,142500,144500,67326,0.006968641114982521
2018-08-16,142500,146000,142000,145000,60659,0.0034602076124568004
2018-08-17,145500,147000,143000,143500,85051,-0.010344827586206917
2018-08-20,144500,148000,144000,147500,72411,0.027874564459930307
2018-08-21,148500,153500,147000,152000,109993,0.03050847457627115
2018-08-22,152000,158000,150500,154500,131177,0.016447368421052655
2018-08-23,156500,158500,154500,157000,75861,0.016181229773462702
2018-08-24,156000,156500,154000,154500,34446,-0.015923566878980888
2018-08-27,153500,156000,152500,154000,53811,-0.003236245954692518
2018-08-28,154500,157000,153000,153500,47368,-0.0032467532467532756
2018-08-29,154000,155000,151000,153500,64046,0.0
2018-08-30,153000,154000,151500,153000,54666,-0.0032573289902280145
2018-08-31,153500,154500,151500,154000,40701,0.006535947712418277
2018-09-03,153000,153500,151000,152000,27295,-0.012987012987012991
2018-09-04,151500,151500,147500,148000,70080,-0.02631578947368418
2018-09-05,148000,154000,148000,152000,71284,0.027027027027026973
2018-09-06,152000,159500,151500,155500,124179,0.023026315789473673
2018-09-07,156000,163000,156000,161500,119869,0.03858520900321549
2018-09-10,159500,170000,159500,167000,155554,0.034055727554179516
2018-09-11,168500,168500,164000,165000,50483,-0.0119760479041916
2018-09-12,165000,170000,164000,166500,65848,0.009090909090909038
2018-09-13,166500,168500,165000,166000,41177,-0.0030030030030030463
2018-09-14,167000,169500,164500,165500,50711,-0.003012048192771122
2018-09-17,166000,166500,161000,164500,57236,-0.0060422960725075026
2018-09-18,163000,164000,159500,162000,73456,-0.015197568389057725
2018-09-19,162000,163000,157500,162000,70517,0.0
2018-09-20,160500,163000,157000,158000,74294,-0.024691358024691357
2018-09-21,160500,161500,156500,158000,63165,0.0
2018-09-27,158000,161500,154500,156000,121596,-0.012658227848101222
2018-09-28,155000,159000,152500,158000,86219,0.012820512820512775
2018-10-01,157000,160500,157000,158000,43030,0.0
2018-10-02,157500,162000,157500,161000,62755,0.018987341772152
2018-10-04,161500,161500,150000,151000,133334,-0.06211180124223603
2018-10-05,151000,155000,147000,153500,79004,0.01655629139072845
2018-10-08,153500,156000,151500,153000,32164,-0.0032573289902280145
2018-10-10,150500,154500,146000,148000,63328,-0.0326797385620915
2018-10-11,144500,146500,139500,140000,112513,-0.05405405405405406
2018-10-12,144000,152500,140500,147500,118772,0.0535714285714286
2018-10-15,147500,154000,147000,152000,68454,0.03050847457627115
2018-10-16,152000,153000,149000,150000,45169,-0.013157894736842146
2018-10-17,152500,155000,149000,151500,65518,0.010000000000000009
2018-10-18,151000,153500,149500,152500,54852,0.0066006600660066805
2018-10-19,150500,167000,148000,162000,261489,0.062295081967213006
2018-10-22,162000,168500,161500,163000,191750,0.006172839506172867
2018-10-23,162000,166000,161000,162000,118774,-0.006134969325153339
2018-10-24,163500,167000,161000,161500,101837,-0.0030864197530864335
2018-10-25,158500,163500,155000,162500,112362,0.006191950464396356
2018-10-26,161500,165000,155500,157500,54468,-0.03076923076923077
2018-10-29,158000,161000,153500,155000,60376,-0.015873015873015928
2018-10-30,155000,157000,150000,152000,66093,-0.01935483870967747
2018-10-31,152000,162000,150000,158500,103777,0.04276315789473695
2018-11-01,158500,160500,156000,157000,73108,-0.009463722397476393
2018-11-02,155500,160500,155500,159500,65340,0.015923566878981
2018-11-05,158000,162500,153500,155500,62446,-0.025078369905956133
2018-11-06,157000,158500,152500,157000,41561,0.009646302250803762
2018-11-07,157000,158500,153000,154500,65062,-0.015923566878980888
2018-11-08,156000,166000,156000,159000,120394,0.029126213592232997
2018-11-09,158000,160500,147500,155500,139032,-0.022012578616352196
2018-11-12,155500,157000,147000,148000,78325,-0.048231511254019255
2018-11-13,145500,149500,145000,149000,43437,0.006756756756756799
2018-11-14,151000,151000,143500,150000,101989,0.006711409395973256
2018-11-15,149000,150500,147500,150000,63861,0.0
2018-11-16,150000,152500,146500,149500,74425,-0.0033333333333332993
2018-11-19,148500,151000,148500,149500,38480,0.0
2018-11-20,149000,150000,144500,147000,84354,-0.01672240802675584
2018-11-21,146500,147500,143500,147500,54518,0.00340136054421758
2018-11-22,147000,148000,144500,145500,83605,-0.013559322033898313
2018-11-23,144000,146500,144000,145500,30666,0.0
2018-11-26,146500,152000,146500,147000,55568,0.010309278350515427
2018-11-27,148000,152000,147000,151000,53524,0.027210884353741527
2018-11-28,152500,153000,148000,149000,39237,-0.013245033112582738
2018-11-29,151500,157000,151500,155000,64216,0.04026845637583887
2018-11-30,154500,160000,153500,159000,82264,0.02580645161290329
2018-12-03,161000,161000,155500,156500,56348,-0.01572327044025157
2018-12-04,155500,159500,154500,158500,40511,0.012779552715654896
2018-12-05,157000,157500,154500,156000,32309,-0.01577287066246058
2018-12-06,158000,163000,156000,158000,89852,0.012820512820512775
2018-12-07,160000,162500,158500,160500,105767,0.015822784810126667
2018-12-10,157500,161000,156500,159000,37967,-0.009345794392523366
2018-12-11,157500,161500,157500,159500,63220,0.003144654088050425
2018-12-12,163000,165000,160500,162500,119735,0.018808777429467183
2018-12-13,163000,170500,163000,166500,106902,0.024615384615384706
2018-12-14,167000,170000,164000,167000,40571,0.0030030030030030463
2018-12-17,168500,169000,165000,168000,32714,0.0059880239520957446
2018-12-18,169500,169500,165500,169000,50657,0.005952380952380931
2018-12-19,169500,171500,169000,171500,60953,0.014792899408283988
2018-12-20,172000,172000,165000,170500,48599,-0.005830903790087438
2018-12-21,170500,171500,169500,170500,56708,0.0
2018-12-24,170500,170500,165000,167000,35558,-0.02052785923753664
2018-12-26,165000,167000,163500,165000,48387,-0.0119760479041916
2018-12-27,164000,169500,164000,168500,36451,0.021212121212121238
2018-12-28,169500,169500,165500,167000,28950,-0.008902077151335286
2019-01-02,166000,168000,163000,166500,35501,-0.0029940119760478723
2019-01-03,167000,167500,162500,163000,38021,-0.02102102102102099
2019-01-04,162000,164000,161000,163500,34069,0.0030674846625766694
2019-01-07,166000,168500,160500,162000,39074,-0.00917431192660545
2019-01-08,164000,164500,160500,161500,35181,-0.0030864197530864335
2019-01-09,162500,165500,162500,165500,37579,0.024767801857585203
2019-01-10,163000,165500,162500,163000,32185,-0.015105740181268867
2019-01-11,163000,169000,162000,168500,73512,0.033742331288343586
2019-01-14,167500,169500,166500,169000,40172,0.0029673590504450953
2019-01-15,169000,171000,166000,170500,66344,0.008875739644970349
2019-01-16,170000,177500,170000,174000,147165,0.02052785923753664
2019-01-17,174500,176000,170000,172500,52997,-0.008620689655172376
2019-01-18,174000,174500,168500,173500,57874,0.005797101449275255
2019-01-21,173500,173500,167500,168500,75936,-0.028818443804034533
2019-01-22,168000,170000,167500,169000,35585,0.0029673590504450953
2019-01-23,169000,171500,167500,170500,40542,0.008875739644970349
2019-01-24,169000,170000,165500,168000,67110,-0.014662756598240456
2019-01-25,167000,169000,166500,167000,50388,-0.005952380952380931
2019-01-28,166000,168000,164000,166500,57970,-0.0029940119760478723
2019-01-29,167500,168500,166000,168000,43412,0.009009009009008917
2019-01-30,168500,170000,165000,166500,62176,-0.008928571428571397
2019-01-31,168000,169000,165500,168000,62318,0.009009009009008917
2019-02-01,168000,169000,164500,164500,76594,-0.02083333333333337
2019-02-07,166000,166000,162000,164000,53520,-0.003039513677811523
2019-02-08,166500,175000,163500,174000,173157,0.060975609756097615
2019-02-11,175500,180500,174000,178500,178558,0.02586206896551735
2019-02-12,179500,180000,172000,173000,81747,-0.03081232492997199
2019-02-13,174500,177000,173000,175500,56672,0.014450867052023142
2019-02-14,174000,180500,173000,180500,69130,0.028490028490028463
2019-02-15,180500,180500,177000,179000,37137,-0.008310249307479256
2019-02-18,179000,179000,173500,177000,54513,-0.011173184357541888
2019-02-19,175000,180500,174000,177500,79543,0.0028248587570620654
2019-02-20,180000,183500,178500,181000,120323,0.019718309859154903
2019-02-21,180500,183000,179000,183000,60174,0.011049723756906049
2019-02-22,183000,184500,182500,184500,64124,0.008196721311475308
2019-02-25,186000,195000,185000,189000,132498,0.024390243902439046
2019-02-26,187000,191000,186500,188000,57470,-0.005291005291005346
2019-02-27,190000,192500,189000,190500,62401,0.013297872340425565
2019-02-28,190500,190500,188000,190000,76705,-0.002624671916010457
2019-03-04,190000,191500,188000,189500,43896,-0.0026315789473684292
2019-03-05,188000,190500,188000,190500,55860,0.005277044854881341
2019-03-06,190500,190500,186500,189500,48103,-0.005249343832021025
2019-03-07,189000,190500,185000,188000,47988,-0.0079155672823219
2019-03-08,188000,188000,179500,181500,74898,-0.034574468085106336
2019-03-11,181500,184000,180000,182500,47554,0.005509641873278293
2019-03-12,182500,185500,181500,183000,39299,0.00273972602739736
2019-03-13,185000,185000,179000,180500,49373,-0.013661202185792365
2019-03-14,183500,186000,180500,182500,54860,0.011080332409972193
2019-03-15,186000,186000,181500,184500,85714,0.010958904109588996
2019-03-18,184500,185500,181500,183500,28796,-0.005420054200542035
2019-03-19,185000,185000,178500,180000,59507,-0.019073569482288777
2019-03-20,178500,178500,174000,176500,64838,-0.019444444444444486
2019-03-21,176500,179500,172000,173000,61380,-0.019830028328611915
2019-03-22,171000,175500,171000,173000,38952,0.0
2019-03-25,170500,172000,168500,170500,38741,-0.014450867052023142
2019-03-26,169000,170000,165500,167000,96003,-0.02052785923753664
2019-03-27,168500,169000,163000,164500,85404,-0.014970059880239472
2019-03-28,163500,163500,159500,161500,99344,-0.018237082066869248
2019-03-29,162500,167000,162000,165500,68466,0.024767801857585203
2019-04-01,167000,171500,165500,169500,75471,0.024169184290030232
2019-04-02,169000,170500,167000,170000,72177,0.002949852507374562
2019-04-03,168000,171500,167000,170000,77892,0.0
2019-04-04,171000,171000,167000,167500,74502,-0.014705882352941124
2019-04-05,168500,169000,166500,168000,53889,0.0029850746268655914
2019-04-08,168000,171000,168000,170000,48557,0.011904761904761862
2019-04-09,171000,171000,167500,169000,48446,-0.00588235294117645
2019-04-10,168000,169500,167000,169500,65666,0.002958579881656709
2019-04-11,169000,170000,167000,167500,48669,-0.01179941002949858
2019-04-12,167000,169000,167000,168500,47485,0.005970149253731405
2019-04-15,167500,180000,165500,176500,205268,0.04747774480712175
2019-04-16,175500,175500,167500,168500,192274,-0.04532577903682722
2019-04-17,168500,168500,162000,163500,137677,-0.029673590504451064
2019-04-18,164000,164500,160000,160500,76537,-0.01834862385321101
2019-04-19,160000,161500,159500,160500,39510,0.0
2019-04-22,161500,162000,159000,161000,57503,0.0031152647975076775
2019-04-23,159500,161500,157500,159000,66207,-0.012422360248447228
2019-04-24,159500,159500,155500,156500,56649,-0.01572327044025157
2019-04-25,156000,157000,154500,155000,46157,-0.009584664536741228
2019-04-26,155000,160500,155000,158000,62654,0.019354838709677358
2019-04-29,157000,158500,155500,158500,67626,0.0031645569620253333
2019-04-30,157000,159500,156000,157500,44564,-0.006309148264984188
2019-05-02,156500,163000,155000,163000,95426,0.03492063492063502
2019-05-03,163000,168500,161000,168000,159751,0.030674846625766916
2019-05-07,165500,167000,161000,161500,101836,-0.038690476190476164
2019-05-08,161000,161500,159000,160000,56375,-0.009287925696594423
2019-05-09,161500,162000,154500,155500,58230,-0.028124999999999956
2019-05-10,155500,157000,152000,156000,75399,0.003215434083601254
2019-05-13,152500,153500,150000,150000,74707,-0.038461538461538436
2019-05-14,148000,154500,148000,151500,74122,0.010000000000000009
2019-05-15,151500,154500,150500,154000,46114,0.01650165016501659
2019-05-16,154000,155000,150500,152500,37323,-0.009740259740259716
2019-05-17,153000,154000,150000,150000,38762,-0.016393442622950838
2019-05-20,152000,154500,151000,151500,27221,0.010000000000000009
2019-05-21,150000,154000,150000,153000,22594,0.00990099009900991
2019-05-22,152500,154500,148000,148500,43002,-0.02941176470588236
2019-05-23,146500,148500,144500,146000,74164,-0.01683501683501687
2019-05-24,146500,149500,146500,148500,37840,0.017123287671232834
2019-05-27,147500,151000,147500,149500,30093,0.006734006734006703
2019-05-28,149500,153000,149000,152000,105124,0.01672240802675584
2019-05-29,153500,154500,149000,152000,36431,0.0
2019-05-30,152000,152000,148500,150500,31730,-0.009868421052631526
2019-05-31,149500,159500,149500,159500,74130,0.05980066445182719
2019-06-03,157000,160000,155500,159000,42093,-0.0031347962382445305
2019-06-04,160500,160500,156500,159500,61722,0.003144654088050425
2019-06-05,160000,160000,153000,153500,72137,-0.037617554858934144
2019-06-07,155000,159500,155000,156000,48136,0.016286644951140072
2019-06-10,157500,158500,153000,154500,46185,-0.009615384615384581
2019-06-11,154000,156000,153500,154500,30712,0.0
2019-06-12,153500,156000,152500,154500,32749,0.0
2019-06-13,154500,157000,154000,157000,41588,0.016181229773462702
2019-06-14,156500,156500,152000,152500,55118,-0.0286624203821656
2019-06-17,152500,153500,150000,150500,23551,-0.013114754098360604
2019-06-18,150000,152500,150000,151500,43379,0.006644518272425293
2019-06-19,152500,153500,150500,151500,38525,0.0
2019-06-20,150500,154500,150500,154000,36955,0.01650165016501659
2019-06-21,153500,155000,152500,154500,33702,0.0032467532467532756
2019-06-24,155000,155000,152000,153000,23238,-0.009708737864077666
2019-06-25,153000,154000,144500,144500,133333,-0.05555555555555558
2019-06-26,143500,144500,132000,133000,320260,-0.07958477508650519
2019-06-27,133500,135000,131500,132500,193763,-0.003759398496240629
2019-06-28,132500,135500,132000,134500,118591,0.015094339622641506
2019-07-01,136500,137000,133000,136000,62513,0.011152416356877248
2019-07-02,134500,135500,132000,132500,73249,-0.02573529411764708
2019-07-03,133500,134500,131500,132500,49806,0.0
2019-07-04,133500,133500,130500,133500,42080,0.007547169811320753
2019-07-05,133000,135000,133000,133500,43697,0.0
2019-07-08,134000,134000,131000,132000,27498,-0.011235955056179803
2019-07-09,132000,133000,130000,130500,32854,-0.011363636363636354
2019-07-10,129500,131500,129000,131000,28998,0.003831417624521105
2019-07-11,131500,135000,131500,134500,33854,0.026717557251908497
2019-07-12,136500,139500,135500,135500,109507,0.0074349442379182396
2019-07-15,135500,137500,134500,135000,32685,-0.0036900369003689537
2019-07-16,136500,137500,133500,136500,37678,0.011111111111111072
2019-07-17,136000,139000,135000,139000,48706,0.01831501831501825
2019-07-18,138000,141000,137000,140500,50420,0.010791366906474753
2019-07-19,140000,140500,138000,138500,44878,-0.014234875444839812
2019-07-22,138500,140000,137000,139000,17778,0.0036101083032491488
2019-07-23,138000,140000,138000,139000,30304,0.0
2019-07-24,138500,140500,137000,138000,30426,-0.007194244604316502
2019-07-25,139000,139000,134000,138000,53239,0.0
2019-07-26,138000,139000,135500,136000,25746,-0.01449275362318836
2019-07-29,135000,137000,131000,133000,47078,-0.022058823529411797
2019-07-30,132500,135000,131500,134000,24602,0.007518796992481258
2019-07-31,135000,138000,133000,137000,41348,0.02238805970149249
2019-08-01,136500,139000,135000,138000,42684,0.007299270072992803
2019-08-02,137000,140000,136500,139000,62927,0.007246376811594235
2019-08-05,139000,139000,134000,136500,46643,-0.017985611510791366
2019-08-06,134000,137000,131000,133000,49843,-0.02564102564102566
2019-08-07,132500,135000,131000,131000,30673,-0.015037593984962405
2019-08-08,132000,141500,130500,137000,129505,0.04580152671755733
2019-08-09,140000,140500,136000,137500,67559,0.0036496350364962904
2019-08-12,136500,142000,136000,141000,58334,0.025454545454545396
2019-08-13,139500,141500,138500,141500,38829,0.0035460992907800915
2019-08-14,142000,142500,140500,142000,36303,0.0035335689045936647
2019-08-16,142000,142000,135000,137500,70348,-0.03169014084507038
2019-08-19,137500,140000,137500,140000,28551,0.018181818181818077
2019-08-20,139000,141500,139000,140500,19479,0.0035714285714285587
2019-08-21,141500,142500,140500,141500,17740,0.007117437722419906
2019-08-22,141500,142000,139500,140000,20173,-0.010600706713780883
2019-08-23,138500,143000,137500,143000,30483,0.021428571428571352
2019-08-26,141000,142000,139000,141000,14665,-0.013986013986013957
2019-08-27,141500,143500,138500,139500,46127,-0.010638297872340385
2019-08-28,139000,141000,137500,139000,28330,-0.0035842293906810374
2019-08-29,140000,142000,139500,140500,33731,0.010791366906474753
2019-08-30,141500,143000,141000,143000,26985,0.017793594306049876
2019-09-02,142500,147000,142000,146000,48293,0.020979020979021046
2019-09-03,145500,146000,141500,142000,48218,-0.0273972602739726
2019-09-04,142000,143000,140500,142500,46107,0.0035211267605634866
2019-09-05,141500,142500,139500,140000,70325,-0.01754385964912286
2019-09-06,139500,141000,136000,136500,56699,-0.025000000000000022
2019-09-09,136500,138500,135000,135500,44017,-0.0073260073260073
2019-09-10,136000,137500,135500,137000,45867,0.011070110701107083
2019-09-11,137500,139500,137000,139500,109783,0.018248175182481674
2019-09-16,139500,140500,137500,140500,36523,0.007168458781362075
2019-09-17,138500,140500,138500,140000,44497,-0.003558718861209953
2019-09-18,140500,144000,140000,143500,62522,0.02499999999999991
2019-09-19,143000,144000,140000,141000,28886,-0.017421602787456414
2019-09-20,141000,143000,140000,142500,43555,0.010638297872340496
2019-09-23,143500,145000,143000,144000,49333,0.010526315789473717
2019-09-24,144500,147000,144000,146000,59692,0.01388888888888884
2019-09-25,146000,149000,144500,145000,74680,-0.006849315068493178
2019-09-26,146000,149500,145500,149000,115112,0.02758620689655178
2019-09-27,149000,149500,146500,146500,39555,-0.016778523489932917
2019-09-30,145500,147500,144000,144500,35245,-0.013651877133105783
2019-10-01,144500,146000,142000,142500,43493,-0.01384083044982698
2019-10-02,142500,143000,140000,141000,52832,-0.010526315789473717
2019-10-04,140000,145500,139500,140500,49714,-0.0035460992907800915
2019-10-07,141000,142500,139000,141500,38890,0.007117437722419906
2019-10-08,143000,146500,141000,145500,56181,0.028268551236749095
2019-10-10,144000,146000,142000,144500,60952,-0.0068728522336769515
2019-10-11,145500,146000,142500,145000,39342,0.0034602076124568004
2019-10-14,146000,147000,145500,145500,26946,0.0034482758620688614
2019-10-15,145500,147000,143000,144500,29628,-0.0068728522336769515
2019-10-16,144500,146000,143500,144500,25335,0.0
2019-10-17,144500,150000,144500,149000,114137,0.03114186851211076
2019-10-18,150500,157000,150000,155500,193462,0.043624161073825496
2019-10-21,157000,157000,153000,157000,44607,0.009646302250803762
2019-10-22,157000,159500,156000,158500,52582,0.009554140127388644
2019-10-23,158500,159000,156500,159000,30607,0.003154574132492094
2019-10-24,157000,157000,154000,156000,37066,-0.018867924528301883
2019-10-25,158000,158000,155500,157500,20397,0.009615384615384581
2019-10-28,158000,158000,154000,155500,24555,-0.012698412698412653
2019-10-29,157500,157500,153000,153500,34613,-0.012861736334405127
2019-10-30,152000,155500,151500,153500,37226,0.0
2019-10-31,154000,158000,153000,157500,44559,0.026058631921824116
2019-11-01,157000,159000,155000,157500,32891,0.0
2019-11-04,158500,163500,158500,163500,99150,0.03809523809523818
2019-11-05,164000,164000,161000,162500,34408,-0.006116207951070374
2019-11-06,161500,166000,161000,165000,70477,0.01538461538461533
2019-11-07,167500,169000,158500,163000,165321,-0.012121212121212088
2019-11-08,162500,162500,155500,157500,123966,-0.033742331288343586
2019-11-11,157500,159500,155500,157500,47512,0.0
2019-11-12,157000,159500,155000,159500,56895,0.012698412698412653
2019-11-13,158500,159500,156500,158000,42131,-0.009404388714733591
2019-11-14,158500,159500,157000,159000,35599,0.006329113924050667
2019-11-15,160000,161000,157500,158000,55995,-0.0062893081761006275
2019-11-18,157500,161000,157500,159000,39520,0.006329113924050667
2019-11-19,159000,160000,157000,160000,35649,0.0062893081761006275
2019-11-20,158500,160000,157500,159000,33124,-0.006249999999999978
2019-11-21,161000,161000,157000,158000,35242,-0.0062893081761006275
2019-11-22,158000,158500,156000,158000,25198,0.0
2019-11-25,158000,159500,158000,159500,30871,0.009493670886076
2019-11-26,159500,160000,157000,157000,73335,-0.01567398119122254
2019-11-27,158000,160000,158000,158000,51587,0.006369426751592355
2019-11-28,157500,160500,156500,160000,29733,0.012658227848101333
2019-11-29,158500,159500,157000,157500,34400,-0.015625
2019-12-02,158500,158500,154000,154000,35910,-0.022222222222222254
2019-12-03,153500,154000,151500,153500,29185,-0.0032467532467532756
2019-12-04,152000,153500,150000,151000,29191,-0.016286644951140072
2019-12-05,151000,152500,148000,149000,37412,-0.013245033112582738
2019-12-06,150000,151500,149000,150500,37037,0.010067114093959662
2019-12-09,151000,152000,150000,151500,37794,0.006644518272425293
2019-12-10,150000,157000,150000,157000,41683,0.03630363036303641
2019-12-11,157500,158000,154500,155000,27078,-0.01273885350318471
2019-12-12,156000,156500,153500,154500,78105,-0.003225806451612856
2019-12-13,154500,157000,154500,155000,29921,0.003236245954692629
2019-12-16,155500,157000,154500,154500,20639,-0.003225806451612856
2019-12-17,154000,156000,152000,152500,33368,-0.012944983818770184
2019-12-18,151000,153500,150500,152000,33348,-0.003278688524590123
2019-12-19,151500,153500,151500,152000,25008,0.0
2019-12-20,153500,153500,151500,153500,40208,0.009868421052631637
2019-12-23,154500,154500,151500,151500,30087,-0.013029315960912058
2019-12-24,151000,152000,149500,150000,18895,-0.00990099009900991
2019-12-26,151000,151000,149000,150000,24767,0.0
2019-12-27,149000,156000,148500,154500,51508,0.030000000000000027
2019-12-30,155500,156000,153000,155000,63767,0.003236245954692629
2020-01-02,155000,155500,152500,152500,24403,-0.016129032258064502
2020-01-03,153500,153500,147000,148000,72998,-0.02950819672131144
2020-01-06,147500,149000,144500,147000,67028,-0.006756756756756799
2020-01-07,147000,147500,145000,147000,25991,0.0
2020-01-08,144500,145500,141000,143500,46281,-0.023809523809523836
2020-01-09,143500,145500,142500,143500,57391,0.0
2020-01-10,142000,145000,141500,143500,47173,0.0
2020-01-13,143500,146000,142500,145500,30864,0.013937282229965264
2020-01-14,145500,147000,144500,145000,40149,-0.0034364261168384758
2020-01-15,145000,147000,144000,145500,31200,0.0034482758620688614
2020-01-16,145000,145500,143500,145000,31334,-0.0034364261168384758
2020-01-17,144500,146000,143000,144000,25778,-0.006896551724137945
2020-01-20,143500,146500,143500,145500,34966,0.01041666666666674
2020-01-21,147000,147500,145000,146000,20999,0.0034364261168384758
2020-01-22,145500,147000,143000,143500,47698,-0.017123287671232834
2020-01-23,143000,146000,141000,142000,98867,-0.010452961672473893
2020-01-28,138000,139500,135500,136000,49609,-0.04225352112676062
2020-01-29,137000,140000,134000,139000,45905,0.022058823529411686
2020-01-30,140000,147500,140000,143000,92106,0.02877697841726623
2020-01-31,142000,147000,142000,146000,59914,0.020979020979021046
2020-02-03,149500,153000,142500,142500,126962,-0.023972602739726012
2020-02-04,142500,143500,138500,141500,72637,-0.007017543859649145
2020-02-05,141500,144000,141500,143000,45135,0.010600706713780994
2020-02-06,144500,147000,142500,145500,52474,0.0174825174825175
2020-02-07,145500,151500,144500,147000,83620,0.010309278350515427
2020-02-10,147000,150000,143500,146500,96252,-0.003401360544217691
2020-02-11,146500,148500,143000,143500,70741,-0.020477815699658675
2020-02-12,143500,145500,142500,145000,62098,0.010452961672473782
2020-02-13,145000,148000,143500,148000,62816,0.020689655172413834
2020-02-14,147000,147500,143500,143500,50615,-0.030405405405405372
2020-02-17,144500,145000,141000,141500,56942,-0.013937282229965153
2020-02-18,141000,141500,139500,140000,40040,-0.010600706713780883
2020-02-19,142000,142000,138000,139000,46195,-0.0071428571428571175
2020-02-20,139000,140000,136000,137000,47111,-0.014388489208633115
2020-02-21,136500,139000,136000,136500,48417,-0.0036496350364964014
2020-02-24,138000,143000,134000,134500,193266,-0.0146520146520146
2020-02-25,136000,139000,134500,136500,64852,0.014869888475836479
2020-02-26,139000,139000,135500,137000,63000,0.00366300366300365
2020-02-27,137000,139000,136500,137500,48639,0.0036496350364962904
2020-02-28,134500,137000,132500,133500,88109,-0.029090909090909056
2020-03-02,134500,135500,130000,132000,46323,-0.011235955056179803
2020-03-03,134500,137000,133000,135000,57397,0.022727272727272707
2020-03-04,136000,142500,135000,142000,71964,0.051851851851851816
2020-03-05,143000,143000,140000,142000,45374,0.0
2020-03-06,141500,141500,138000,140500,32271,-0.010563380281690127
2020-03-09,141000,141500,134000,135500,64111,-0.03558718861209964
2020-03-10,135500,138500,135500,137000,44224,0.011070110701107083
2020-03-11,136500,139000,134500,136500,52057,-0.0036496350364964014
2020-03-12,138000,138000,130000,132000,64481,-0.03296703296703296
2020-03-13,122000,125000,110000,122000,145289,-0.0757575757575758
2020-03-16,126500,129000,118000,119500,89164,-0.020491803278688492
2020-03-17,113000,120500,112000,118500,110094,-0.008368200836820106
2020-03-18,122000,131000,121500,125500,112702,0.05907172995780585
2020-03-19,128000,137000,118000,127000,181614,0.01195219123505975
2020-03-20,130500,133500,124500,133500,109678,0.051181102362204633
2020-03-23,127000,134500,123500,132000,76485,-0.011235955056179803
2020-03-24,133000,134500,130500,132000,99427,0.0
2020-03-25,133500,135000,128500,131000,122132,-0.007575757575757569
2020-03-26,131500,132500,129000,129500,77888,-0.011450381679389277
2020-03-27,132000,132500,126500,129500,103550,0.0
2020-03-30,126500,133000,125500,132500,67910,0.02316602316602312
2020-03-31,133500,136000,132000,136000,83500,0.026415094339622636
2020-04-01,135500,136000,128000,128000,72016,-0.05882352941176472
2020-04-02,129000,133000,126000,131000,68311,0.0234375
2020-04-03,130000,130500,125500,127000,105709,-0.03053435114503822
2020-04-06,128500,131500,127500,131500,74357,0.03543307086614167
2020-04-07,133000,136000,131500,135000,93191,0.026615969581748944
2020-04-08,134500,138000,133500,136000,70682,0.007407407407407307
2020-04-09,137000,137000,134500,136500,89270,0.003676470588235281
2020-04-10,136000,136000,132500,135000,51587,-0.01098901098901095
2020-04-13,135000,135500,130500,131000,41272,-0.029629629629629672
2020-04-14,133000,135000,132000,133500,46245,0.01908396946564883
2020-04-16,133500,147000,133500,143000,168418,0.07116104868913853
2020-04-17,145000,148000,142000,147500,109994,0.03146853146853146
2020-04-20,149500,150000,144000,144500,57152,-0.02033898305084747
2020-04-21,145500,145500,138500,142500,67556,-0.01384083044982698
2020-04-22,141000,148000,140000,148000,81220,0.03859649122807007
2020-04-23,147000,150000,145000,148000,77878,0.0
2020-04-24,148000,148000,143500,146000,42807,-0.013513513513513487
2020-04-27,147000,152500,145500,150000,98372,0.027397260273972712
2020-04-28,150000,150000,145000,146500,53535,-0.023333333333333317
2020-04-29,147500,150000,147000,148000,55060,0.010238907849829282
2020-05-04,144000,145000,141500,141500,86017,-0.04391891891891897
2020-05-06,144000,147500,142500,146000,101053,0.03180212014134276
2020-05-07,145500,146500,144000,145000,51369,-0.006849315068493178
2020-05-08,145000,147000,144000,144000,58485,-0.006896551724137945
2020-05-11,144000,146000,143000,143000,66650,-0.00694444444444442
2020-05-12,143000,144000,140500,141000,63085,-0.013986013986013957
2020-05-13,141000,149500,141000,148500,196654,0.05319148936170204
2020-05-14,149500,149500,142000,144500,148524,-0.026936026936026924
2020-05-15,146000,148500,141500,148500,155712,0.02768166089965396
2020-05-18,149500,156500,147000,155000,232708,0.04377104377104368
2020-05-19,155500,156500,151500,155000,133656,0.0
2020-05-20,155500,157000,152000,156500,84190,0.00967741935483879
2020-05-21,156000,157000,153500,156000,67089,-0.0031948881789137795
2020-05-22,157500,160000,154000,155500,130720,-0.0032051282051281937
2020-05-25,158000,159500,154500,159500,60144,0.025723472668810254
2020-05-26,159500,159500,156000,157500,46891,-0.01253918495297801
2020-05-27,158000,158000,153500,154000,73142,-0.022222222222222254
2020-05-28,157000,157500,153500,155500,78357,0.009740259740259827
2020-05-29,157000,161000,155000,161000,108672,0.03536977491961424
2020-06-01,159000,163500,158500,163500,51806,0.01552795031055898
2020-06-02,161500,168000,161000,163500,72153,0.0
2020-06-03,165500,168500,164000,165000,76596,0.00917431192660545
2020-06-04,166000,166000,160500,165000,56818,0.0
2020-06-05,165000,165000,162000,164000,55237,-0.0060606060606061
2020-06-08,165500,167000,161000,161000,60056,-0.018292682926829285
2020-06-09,164000,164000,159000,161000,52292,0.0
2020-06-10,161000,166000,160000,165000,60960,0.024844720496894457
2020-06-11,162500,166500,160500,164500,76412,-0.00303030303030305
2020-06-12,159000,163000,158000,161000,53410,-0.021276595744680882
2020-06-15,161000,165000,155500,155500,61292,-0.03416149068322982
2020-06-16,158000,163500,158000,163000,53450,0.048231511254019255
2020-06-17,162500,165000,161000,162500,38741,-0.0030674846625766694
2020-06-18,161000,166000,161000,163000,54164,0.003076923076922977
2020-06-19,165500,165500,160500,162500,30020,-0.0030674846625766694
2020-06-22,161000,162500,159000,159000,37377,-0.021538461538461506
2020-06-23,159000,161000,157000,157500,46616,-0.009433962264150941
2020-06-24,156500,161000,156500,159500,56467,0.012698412698412653
2020-06-25,157500,161500,156500,159000,38219,-0.0031347962382445305
2020-06-26,159000,161500,157500,161500,31230,0.01572327044025168
2020-06-29,158500,160500,155500,156500,50075,-0.03095975232198145
2020-06-30,157500,161500,157000,157500,50811,0.006389776357827559
2020-07-01,158000,159000,157000,157500,23277,0.0
2020-07-02,158500,160500,158000,160500,31775,0.01904761904761898
2020-07-03,160500,162000,159000,161500,29672,0.006230529595015577
2020-07-06,162500,167000,161500,167000,57053,0.034055727554179516
2020-07-07,167000,167000,163500,166000,51214,-0.005988023952095856
2020-07-08,167000,168000,161500,163000,47104,-0.01807228915662651
2020-07-09,164000,166500,162000,166000,48159,0.018404907975460016
2020-07-10,166000,166000,162500,166000,39101,0.0
2020-07-13,167000,167000,163000,164000,37458,-0.012048192771084376
2020-07-14,162500,163000,159000,160500,35883,-0.021341463414634165
2020-07-15,163000,163000,160500,161000,28359,0.0031152647975076775
2020-07-16,160500,163000,160500,163000,32680,0.012422360248447228
2020-07-17,162000,163500,159500,160000,23708,-0.018404907975460127
2020-07-20,160000,162500,157500,161500,52071,0.009374999999999911
2020-07-21,161000,163000,160000,161500,44223,0.0
2020-07-22,161000,162500,154500,155000,91319,-0.04024767801857587
2020-07-23,155000,155500,150000,150500,84648,-0.029032258064516148
2020-07-24,150000,154000,149000,152500,67592,0.013289036544850585
2020-07-27,152500,156000,152000,154500,68008,0.013114754098360715
2020-07-28,153500,158000,152500,155000,102547,0.003236245954692629
2020-07-29,154000,156500,153000,155000,51037,0.0
2020-07-30,154000,155500,152000,152000,48392,-0.01935483870967747
2020-07-31,152000,154000,151500,153000,48334,0.006578947368421018
2020-08-03,153000,153000,150500,151000,36909,-0.013071895424836555
2020-08-04,151000,153500,151000,152500,41764,0.009933774834437026
2020-08-05,152000,153000,150500,152000,61416,-0.003278688524590123
2020-08-06,151000,155500,150500,153000,77997,0.006578947368421018
2020-08-07,155500,158000,150000,150500,147020,-0.016339869281045805
2020-08-10,150500,151000,148500,150000,169343,-0.0033222591362126463
2020-08-11,151000,155000,150000,154500,137374,0.030000000000000027
2020-08-12,154500,157500,152000,157000,85712,0.016181229773462702
2020-08-13,157000,157500,153000,154500,124211,-0.015923566878980888
2020-08-14,154500,156000,152500,154000,49459,-0.003236245954692518
2020-08-18,154000,155000,150500,151500,64502,-0.016233766233766267
2020-08-19,151000,152500,150500,152000,45677,0.0033003300330032292
2020-08-20,150500,152000,145000,145500,92023,-0.042763157894736836
2020-08-21,145500,148500,145000,147500,49497,0.013745704467353903
2020-08-24,147500,148500,145000,146000,59749,-0.01016949152542368
2020-08-25,147000,149500,146000,149000,51829,0.020547945205479534
2020-08-26,148500,150000,147000,150000,43631,0.006711409395973256
2020-08-27,148500,151500,147000,149500,60946,-0.0033333333333332993
2020-08-28,152000,153500,148000,149500,82901,0.0
2020-08-31,151500,154500,150500,151500,97195,0.013377926421404673
2020-09-01,154000,162000,153500,156500,154707,0.03300330033003296
2020-09-02,158000,159000,155000,159000,72831,0.015974440894568787
2020-09-03,157500,159000,156500,159000,68585,0.0
2020-09-04,155500,159500,155000,158500,75056,-0.0031446540880503138
2020-09-07,161000,161500,158500,160000,67442,0.009463722397476282
2020-09-08,161000,161000,156000,156000,60326,-0.025000000000000022
2020-09-09,155000,158000,154000,158000,36353,0.012820512820512775
2020-09-10,157000,159500,155000,156000,69745,-0.012658227848101222
2020-09-11,155500,156500,154500,156500,34534,0.0032051282051281937
2020-09-14,158000,158000,156500,158000,37545,0.009584664536741228
2020-09-15,157000,166000,155000,162500,177451,0.028481012658227778
2020-09-16,163000,185000,163000,177500,514853,0.0923076923076922
2020-09-17,179500,182000,173500,179500,192425,0.011267605633802802
2020-09-18,179500,182000,176500,182000,138109,0.013927576601671321
2020-09-21,181500,183000,172500,177000,141232,-0.027472527472527486
2020-09-22,173500,176000,168000,168500,123811,-0.04802259887005644
2020-09-23,170000,174500,166500,169500,104907,0.005934718100890191
2020-09-24,168000,173500,164000,170000,143177,0.002949852507374562
2020-09-25,170500,174000,168500,169500,73251,-0.002941176470588225
2020-09-28,170000,177500,168500,172000,74447,0.014749262536873253
2020-09-29,175000,180000,173500,177500,102032,0.03197674418604657
2020-10-05,177500,182000,173000,182000,102663,0.025352112676056304
2020-10-06,183000,183500,176000,179000,79140,-0.016483516483516536
2020-10-07,179000,185000,179000,183000,107720,0.022346368715083775
2020-10-08,185000,190000,182500,184000,96198,0.005464480874316946
2020-10-12,183500,190500,183000,188500,85669,0.024456521739130377
2020-10-13,187000,189000,183000,186500,86811,-0.010610079575596787
2020-10-14,193000,193500,177000,180500,252777,-0.03217158176943702
2020-10-15,183500,185500,179000,181500,138315,0.005540166204986097
2020-10-16,183500,183500,178000,181000,60771,-0.0027548209366391463
2020-10-19,183000,184000,178500,181500,66424,0.0027624309392264568
2020-10-20,181500,187000,179500,182500,76105,0.005509641873278293
2020-10-21,182000,184000,177500,179000,57818,-0.019178082191780854
2020-10-22,178000,178000,168500,170000,114299,-0.05027932960893855
2020-10-23,171500,172000,165500,167500,127101,-0.014705882352941124
2020-10-26,166000,166500,161000,163500,113145,-0.023880597014925398
2020-10-27,164000,165500,159000,160500,1884952,-0.01834862385321101
2020-10-28,159000,162000,157500,161000,87836,0.0031152647975076775
2020-10-29,159000,161000,157000,159000,88707,-0.012422360248447228
2020-10-30,160000,161000,155500,159500,83732,0.003144654088050425
2020-11-02,160000,161000,159000,161000,35714,0.00940438871473348
2020-11-03,160000,165000,160000,163000,71879,0.012422360248447228
2020-11-04,163500,164500,160500,162000,55479,-0.006134969325153339
2020-11-05,163000,166000,162000,166000,89516,0.024691358024691468
2020-11-06,166000,166000,158500,160000,173140,-0.03614457831325302
2020-11-09,160500,162500,160000,162000,102846,0.012499999999999956
2020-11-10,161000,161500,153500,155500,237909,-0.04012345679012341
2020-11-11,155500,158000,155500,158000,86741,0.016077170418006492
2020-11-12,158000,161000,156000,161000,94750,0.018987341772152
2020-11-13,160500,162500,158000,161000,96404,0.0
2020-11-16,162500,162500,159500,159500,73300,-0.009316770186335366
2020-11-17,159500,160000,157000,157000,69739,-0.01567398119122254
2020-11-18,158500,164500,157000,164000,151690,0.04458598726114649
2020-11-19,163500,171500,162000,166000,212258,0.012195121951219523
2020-11-20,167000,171000,167000,169500,112262,0.02108433734939763
2020-11-23,169500,169500,164500,169000,88154,-0.002949852507374673
2020-11-24,168500,168500,165000,165500,82112,-0.020710059171597628
2020-11-25,165500,166000,162500,163500,94025,-0.012084592145015116
2020-11-26,162500,166000,162500,166000,59500,0.015290519877675823
2020-11-27,166000,166000,161500,162500,72347,-0.02108433734939763
2020-11-30,164500,166000,162500,166000,118430,0.021538461538461506
2020-12-01,166000,166000,164000,164500,49589,-0.009036144578313254
2020-12-02,164500,164500,161500,162000,96844,-0.015197568389057725
2020-12-03,161500,162500,160500,162500,74693,0.0030864197530864335
2020-12-04,162500,163000,160500,161500,64608,-0.006153846153846176
2020-12-07,159500,160000,157500,158000,112933,-0.021671826625387025
2020-12-08,159000,160500,158000,159500,70202,0.009493670886076
2020-12-09,159000,161000,158500,160500,76452,0.006269592476489061
2020-12-10,162000,162000,158500,161500,135637,0.006230529595015577
2020-12-11,161500,162500,161000,161000,75168,-0.003095975232198178
2020-12-14,162500,162500,160000,161500,66886,0.0031055900621117516
2020-12-15,161500,162500,160500,161000,53821,-0.003095975232198178
2020-12-16,161500,162500,160500,161500,74179,0.0031055900621117516
2020-12-17,162500,162500,160500,160500,49182,-0.006191950464396245
2020-12-18,161000,163500,160500,163500,83471,0.01869158878504673
2020-12-21,164000,164000,161000,163500,60695,0.0
2020-12-22,163000,165000,161500,161500,74180,-0.012232415902140636
2020-12-23,162500,164000,162000,163000,45348,0.009287925696594534
2020-12-24,163000,164000,161000,163500,62372,0.0030674846625766694
2020-12-28,163500,164500,161000,164000,101842,0.003058103975535076
2020-12-29,162500,164500,162000,164000,65749,0.0
2020-12-30,164000,166500,163000,165500,70687,0.009146341463414531
2021-01-04,167500,169000,163500,168500,118757,0.01812688821752273
2021-01-05,168000,179000,167500,177000,275065,0.05044510385756684
2021-01-06,177000,177000,170500,172000,133609,-0.02824858757062143
2021-01-07,174000,177000,172000,174500,111350,0.014534883720930258
2021-01-08,175000,175000,170500,173000,119868,-0.008595988538681931
2021-01-11,173000,173500,167500,170000,138200,-0.017341040462427793
2021-01-12,171500,172000,168000,172000,88355,0.0117647058823529
2021-01-13,173000,173000,170000,170500,71433,-0.008720930232558155
2021-01-14,169500,172500,168500,171000,97606,0.0029325513196480912
2021-01-15,172000,176500,169000,169000,146533,-0.011695906432748537
2021-01-18,167500,168500,161000,161500,124302,-0.044378698224852076
2021-01-19,163000,167000,163000,165000,74337,0.021671826625387025
2021-01-20,165500,167500,163500,167000,72783,0.0121212121212122
2021-01-21,167500,169500,167000,169000,79789,0.011976047904191711
2021-01-22,171000,172000,166500,171000,109649,0.01183431952662728
2021-01-25,172000,173000,169500,172000,70851,0.005847953216374213
2021-01-26,172000,172000,169000,169500,62947,-0.014534883720930258
2021-01-27,171000,172000,167500,169000,83331,-0.002949852507374673
2021-01-28,167000,177000,165000,173500,186405,0.026627218934911268
2021-01-29,175500,175500,166500,168000,158729,-0.03170028818443804
2021-02-01,169500,171000,164500,170000,64790,0.011904761904761862
2021-02-02,170000,176000,169000,174000,122668,0.0235294117647058
2021-02-03,176500,191500,174000,189500,469408,0.08908045977011492
2021-02-04,193000,194500,185500,188500,198308,-0.00527704485488123
2021-02-05,189000,189000,182500,184000,92775,-0.023872679045092826
2021-02-08,185500,186500,178500,180000,109852,-0.021739130434782594
2021-02-09,180000,181000,176000,177000,69934,-0.01666666666666672
2021-02-10,177000,177000,172000,173500,118702,-0.019774011299435013
2021-02-15,176000,176000,172500,173500,95929,0.0
2021-02-16,174500,179000,173500,179000,102372,0.03170028818443793
2021-02-17,179500,179500,173000,174500,90898,-0.025139664804469275
2021-02-18,175500,176000,171500,171500,73557,-0.017191977077363862
2021-02-19,171500,173500,168500,170500,71528,-0.005830903790087438
2021-02-22,172000,174500,171500,171500,53738,0.0058651026392961825
2021-02-23,172000,172500,169000,170500,66345,-0.005830903790087438
2021-02-24,170500,171000,165500,165500,79450,-0.029325513196480912
2021-02-25,166500,168000,162500,167500,92447,0.012084592145015005
2021-02-26,165500,166000,162500,164000,71990,-0.020895522388059695
2021-03-02,166000,166500,162000,163000,57658,-0.0060975609756097615
2021-03-03,163000,170000,163000,168000,67078,0.030674846625766916
2021-03-04,168000,172500,166000,170500,104989,0.014880952380952328
2021-03-05,170500,170500,166500,167000,55587,-0.02052785923753664
2021-03-08,168000,170500,167000,168000,35081,0.0059880239520957446
2021-03-09,169000,170500,164000,165000,74939,-0.017857142857142905
2021-03-10,167000,169500,165000,166500,47118,0.009090909090909038
2021-03-11,167000,171000,167000,169000,65418,0.01501501501501501
2021-03-12,171000,171000,169500,170500,37967,0.008875739644970349
2021-03-15,170000,172000,168000,172000,42498,0.008797653958944274
2021-03-16,173000,176500,172500,176000,127553,0.023255813953488413
2021-03-17,176500,176500,174000,176000,48787,0.0
2021-03-18,176500,178500,174000,174000,61926,-0.011363636363636354
2021-03-19,172000,172500,169000,169500,62610,-0.025862068965517238
2021-03-22,171000,174000,169500,174000,51633,0.026548672566371723
2021-03-23,174500,175500,171500,173500,42919,-0.002873563218390829
2021-03-24,173500,182500,173000,180000,149224,0.03746397694524495
2021-03-25,181500,186000,172000,178500,209785,-0.008333333333333304
2021-03-26,180500,187000,180500,185000,152253,0.036414565826330625
2021-03-29,185000,190000,185000,189500,107560,0.024324324324324298
2021-03-30,190000,190500,184000,186500,78020,-0.0158311345646438
2021-03-31,186500,187000,181000,183000,71655,-0.018766756032171594
2021-04-01,182500,185500,178500,180500,74956,-0.013661202185792365
2021-04-02,179500,183000,179500,182000,43726,0.008310249307479145
2021-04-05,181500,182000,179500,180500,29617,-0.008241758241758212
2021-04-06,180000,183500,178000,183500,48109,0.016620498614958512
2021-04-07,182000,183500,180500,183000,37515,-0.0027247956403270157
2021-04-08,183000,183000,179000,179000,47903,-0.021857923497267784
2021-04-09,179000,180000,177500,178000,50022,-0.005586592178770999
2021-04-12,178500,180000,177000,178000,33527,0.0
2021-04-13,178500,178500,175000,175000,69826,-0.016853932584269704
2021-04-14,175500,177500,175500,176000,30917,0.005714285714285783
2021-04-15,176000,176500,174500,174500,43076,-0.008522727272727293
2021-04-16,174500,180500,174500,179500,66232,0.02865329512893977
2021-04-19,180000,180500,178500,179000,27927,-0.0027855153203342198
2021-04-20,180000,181000,178000,180000,48302,0.005586592178770999
2021-04-21,181000,181000,176000,178500,53612,-0.008333333333333304
2021-04-22,178000,179500,177000,177000,31722,-0.008403361344537785
2021-04-23,177000,178500,175500,176000,32772,-0.005649717514124242
2021-04-26,176500,181000,176000,180500,48585,0.02556818181818188
2021-04-27,180500,180500,177500,179000,28245,-0.008310249307479256
2021-04-28,180500,180500,178500,178500,28790,-0.0027932960893854997
2021-04-29,178500,179500,173000,174000,52779,-0.025210084033613467
2021-04-30,173000,176500,171000,171500,40781,-0.014367816091954033
2021-05-03,171500,173000,167500,167500,54026,-0.023323615160349864
2021-05-04,167000,169000,166000,168500,46680,0.005970149253731405
2021-05-06,168500,170000,167000,170000,46901,0.008902077151335286
2021-05-07,170500,175000,168500,168500,78677,-0.008823529411764675
2021-05-10,169000,174500,169000,172500,101583,0.023738872403560762
2021-05-11,173000,174500,169000,170500,76682,-0.011594202898550732
2021-05-12,170500,170500,165500,168500,73294,-0.011730205278592365
2021-05-13,166000,171500,165500,171500,68299,0.017804154302670572
2021-05-14,170000,171000,168500,170000,36920,-0.008746355685131157
2021-05-17,170000,170000,168500,169500,26626,-0.002941176470588225
2021-05-18,170500,171500,170000,171500,33343,0.01179941002949847
2021-05-20,169500,171000,168000,170000,29555,-0.008746355685131157
2021-05-21,170500,171500,169000,169500,31253,-0.002941176470588225
2021-05-24,169000,170000,165000,166500,43526,-0.017699115044247815
2021-05-25,167000,169500,167000,169500,40048,0.018018018018018056
2021-05-26,170500,174000,169500,170500,45148,0.005899705014749346
2021-05-27,169500,171500,168000,171500,78104,0.0058651026392961825
2021-05-28,171500,171500,169500,170000,29812,-0.008746355685131157
2021-05-31,171000,171000,168000,170000,44536,0.0
2021-06-01,170000,170500,168500,169500,46783,-0.002941176470588225
2021-06-02,169500,170500,168000,168500,48773,-0.005899705014749235
2021-06-03,168500,170000,168000,170000,46776,0.008902077151335286
2021-06-04,168500,169500,166500,167000,76675,-0.01764705882352946
2021-06-07,167000,168000,166000,166500,49827,-0.0029940119760478723
2021-06-08,167500,168500,166500,168000,30942,0.009009009009008917
2021-06-09,168000,168000,166000,166000,27831,-0.011904761904761862
2021-06-10,166500,167000,164000,165000,68888,-0.0060240963855421326
2021-06-11,165000,167000,165000,166500,28849,0.009090909090909038
2021-06-14,166500,168000,165500,167000,37022,0.0030030030030030463
2021-06-15,167000,167500,166000,166000,49236,-0.005988023952095856
2021-06-16,166500,175000,166500,175000,217574,0.054216867469879526
2021-06-17,175000,180000,175000,177500,124205,0.014285714285714235
2021-06-18,180000,180000,175500,178000,100079,0.0028169014084507005
2021-06-21,178500,179000,175500,177500,61518,-0.002808988764044895
2021-06-22,177000,178500,175000,175500,38956,-0.011267605633802802
2021-06-23,175500,178000,172500,177500,68832,0.01139601139601143
2021-06-24,177000,178000,174500,177500,53072,0.0
2021-06-25,176000,178500,175500,178500,59354,0.005633802816901401
2021-06-28,179500,181000,177000,180000,68684,0.008403361344537785
2021-06-29,180000,180000,177500,178000,40550,-0.011111111111111072
2021-06-30,176500,179500,176500,177000,41456,-0.005617977528089901
2021-07-01,177000,183500,176500,182000,78265,0.02824858757062154
2021-07-02,182000,182000,178000,180000,35058,-0.01098901098901095
2021-07-05,180000,181500,178500,179500,20634,-0.002777777777777768
2021-07-06,180500,182000,179500,181000,27924,0.008356545961002881
2021-07-07,180000,182000,178500,180500,39502,-0.002762430939226568
2021-07-08,180000,182000,178000,179000,43288,-0.008310249307479256
2021-07-09,179500,183500,175500,181500,64849,0.013966480446927276
2021-07-12,181000,182500,179500,181000,23593,-0.0027548209366391463
2021-07-13,182000,186000,182000,185000,63597,0.022099447513812098
2021-07-14,184000,184500,181500,183500,32888,-0.008108108108108136
2021-07-15,183500,184500,182000,183000,37571,-0.0027247956403270157
2021-07-16,182000,184500,181000,184500,20627,0.008196721311475308
2021-07-19,182000,185000,180000,183500,25442,-0.005420054200542035
2021-07-20,182000,183500,179000,179500,27843,-0.021798365122615793
2021-07-21,180000,180500,178000,179000,26001,-0.0027855153203342198
2021-07-22,179000,184000,177500,183500,64909,0.025139664804469275
2021-07-23,183500,184500,181500,183000,29164,-0.0027247956403270157
2021-07-26,185500,186000,180500,181500,41183,-0.008196721311475419
2021-07-27,180500,184000,180500,182500,23938,0.005509641873278293
2021-07-28,185000,185000,179500,181000,20303,-0.008219178082191747
2021-07-29,180500,182500,179500,180000,26871,-0.0055248618784530246
2021-07-30,179000,179500,175000,176000,38404,-0.022222222222222254
2021-08-02,177500,178000,175000,176500,20504,0.0028409090909091717
2021-08-03,175000,176500,172000,175000,50217,-0.008498583569405138
2021-08-04,174000,178000,174000,176500,24167,0.008571428571428674
2021-08-05,176500,183000,174500,183000,49068,0.03682719546742219
2021-08-06,183000,183000,174000,175500,109660,-0.040983606557377095
2021-08-09,175000,175000,168500,169500,119689,-0.03418803418803418
2021-08-10,170000,170000,167500,169000,46566,-0.002949852507374673
2021-08-11,169000,169000,167000,167500,50267,-0.00887573964497046
2021-08-12,168000,170000,168000,169000,46668,0.008955223880596996
2021-08-13,170000,170000,165000,165500,62208,-0.020710059171597628
2021-08-17,165500,167500,165500,166000,31727,0.0030211480362538623
2021-08-18,167000,169500,165000,168500,31617,0.015060240963855387
2021-08-19,166500,169000,165500,167000,30748,-0.008902077151335286
2021-08-20,167000,168500,164000,164000,42918,-0.017964071856287456
2021-08-23,166000,169000,165000,168000,29075,0.024390243902439046
2021-08-24,168500,169500,167500,169000,33950,0.005952380952380931
2021-08-25,167500,169500,167000,168000,116814,-0.00591715976331364
2021-08-26,167000,168500,166500,167500,30024,-0.0029761904761904656
2021-08-27,168000,170500,167500,169500,30210,0.011940298507462588
2021-08-30,170000,170500,168500,170000,21496,0.002949852507374562
2021-08-31,169500,171000,168000,171000,43992,0.00588235294117645
2021-09-01,169000,170500,168500,169000,76897,-0.011695906432748537
2021-09-02,169000,170500,168500,170000,21066,0.00591715976331364
2021-09-03,169000,172000,169000,171000,29168,0.00588235294117645
2021-09-06,171000,171500,170000,171500,18436,0.0029239766081872176
2021-09-07,170000,171500,168500,171000,35936,-0.002915451895043719
2021-09-08,169500,171500,169500,171500,29840,0.0029239766081872176
2021-09-09,171500,171500,169000,169500,38859,-0.011661807580174877
2021-09-10,169000,171000,168500,170000,31484,0.002949852507374562
2021-09-13,170000,170000,168500,170000,18376,0.0
2021-09-14,170500,171500,170000,170500,28265,0.002941176470588225
2021-09-15,169500,170500,169500,170500,25755,0.0
2021-09-16,169500,170000,167500,168000,26390,-0.014662756598240456
2021-09-17,167000,171000,166000,169000,35040,0.005952380952380931
2021-09-23,167000,168000,165000,167500,27795,-0.00887573964497046
2021-09-24,167000,168000,165500,166500,28332,-0.005970149253731294
2021-09-27,165000,166500,163000,163000,51438,-0.02102102102102099
2021-09-28,163000,163500,158500,159500,57434,-0.021472392638036797
2021-09-29,159000,159500,155000,156500,49522,-0.018808777429467072
2021-09-30,155500,156000,153000,153000,124960,-0.022364217252396124
2021-10-01,152000,154500,150500,150500,33394,-0.016339869281045805
2021-10-05,150000,153500,150000,151000,37823,0.0033222591362125353
2021-10-06,152500,153500,147500,150500,48434,-0.0033112582781457123
2021-10-07,151500,153000,151000,151000,26794,0.0033222591362125353
2021-10-08,151000,151500,147000,147000,44615,-0.026490066225165587
2021-10-12,146500,146500,143500,144500,42138,-0.017006802721088454
2021-10-13,143500,150000,143500,149000,53264,0.03114186851211076
2021-10-14,149500,150000,147000,148000,38259,-0.006711409395973145
2021-10-15,148000,149500,147500,148000,47746,0.0
2021-10-18,148000,148500,145500,147000,34951,-0.006756756756756799
2021-10-19,148500,149500,147000,149500,31879,0.017006802721088343
2021-10-20,150000,151500,149000,149500,31259,0.0
2021-10-21,149000,152500,148000,151500,31848,0.013377926421404673
2021-10-22,150000,151500,148000,149000,34204,-0.01650165016501648
2021-10-25,149000,151000,147500,150000,18707,0.006711409395973256
2021-10-26,151000,151000,148500,149000,29927,-0.00666666666666671
2021-10-27,149500,150000,147500,148000,23925,-0.006711409395973145
2021-10-28,148500,148500,145500,145500,26432,-0.016891891891891886
2021-10-29,145500,146500,142000,142000,45515,-0.02405498281786944
2021-11-01,143000,147000,142500,146000,27212,0.028169014084507005
2021-11-02,146500,149500,146000,148500,32006,0.017123287671232834
2021-11-03,150000,150000,145000,145500,20155,-0.02020202020202022
2021-11-04,146500,149000,144000,145000,33636,-0.0034364261168384758
2021-11-05,145000,146000,143000,144500,20873,-0.0034482758620689724
2021-11-08,145000,145000,142000,143500,29202,-0.00692041522491349
2021-11-09,144000,145500,139500,141000,44971,-0.017421602787456414
2021-11-10,138000,140500,138000,138500,33784,-0.01773049645390068
2021-11-11,138500,138500,135500,137500,29588,-0.0072202166064981865
2021-11-12,137500,140000,137500,139000,21930,0.01090909090909098
2021-11-15,140000,140500,138000,140000,19222,0.007194244604316502
2021-11-16,139000,142000,137000,140500,21419,0.0035714285714285587
2021-11-17,139000,139500,137500,137500,18157,-0.02135231316725983
2021-11-18,137500,140000,136000,136000,27606,-0.010909090909090868
2021-11-19,136000,138500,135500,136500,16378,0.003676470588235281
2021-11-22,136000,138000,135500,137500,21104,0.0073260073260073
2021-11-23,136000,137000,134500,135000,29028,-0.018181818181818188
2021-11-24,135000,136000,133500,135000,28007,0.0
2021-11-25,133500,134500,131000,131000,37820,-0.029629629629629672
2021-11-26,131000,131500,129500,129500,36146,-0.011450381679389277
2021-11-29,129000,133000,129000,129000,46563,-0.0038610038610038533
2021-11-30,129000,130500,124000,124000,72044,-0.03875968992248058
2021-12-01,124000,126000,123000,125000,60420,0.008064516129032251
2021-12-02,123500,130500,123000,129000,52668,0.03200000000000003
2021-12-03,128500,132000,127500,131000,33274,0.015503875968992276
2021-12-06,131500,131500,128000,130000,34541,-0.007633587786259555
2021-12-07,129500,132500,129000,131500,30366,0.011538461538461497
2021-12-08,133000,135000,131500,133500,47265,0.015209125475285079
2021-12-09,135000,136000,133000,134500,41935,0.0074906367041198685
2021-12-10,134500,136000,133000,135000,24775,0.0037174721189590088
2021-12-13,135000,136000,133000,134000,35184,-0.007407407407407418
2021-12-14,133000,135000,131500,131500,25931,-0.018656716417910446
2021-12-15,131500,133500,131000,131500,16396,0.0
2021-12-16,132000,133000,130500,132000,17275,0.0038022813688212143
2021-12-17,132000,134000,131000,133500,31490,0.011363636363636465
2021-12-20,133500,133500,130000,130000,25528,-0.02621722846441943
2021-12-21,130500,132000,129500,129500,23377,-0.0038461538461538325
2021-12-22,129500,131000,129000,130000,16556,0.0038610038610038533
2021-12-23,131000,131500,130000,130500,18977,0.0038461538461538325
2021-12-24,130500,131500,129000,129500,29213,-0.007662835249042099
2021-12-27,130000,131000,128500,129000,29982,-0.0038610038610038533
2021-12-28,129000,129500,123500,125000,190152,-0.03100775193798455
2021-12-29,125000,128000,124000,126500,58042,0.01200000000000001
2021-12-30,126500,126500,124500,126000,66720,-0.0039525691699604515
2022-01-03,125500,130000,125500,129000,48010,0.023809523809523725
2022-01-04,129500,129500,127500,129000,29849,0.0
2022-01-05,128000,129500,126000,126500,59947,-0.019379844961240345
2022-01-06,126500,127500,125000,125500,50687,-0.007905138339920903
2022-01-07,125500,127500,125000,127500,32423,0.015936254980079667
2022-01-10,126500,127500,125000,126000,26951,-0.0117647058823529
2022-01-11,125000,126500,124500,126000,36051,0.0
2022-01-12,126500,127500,126000,127500,27916,0.011904761904761862
2022-01-13,128000,128000,127000,128000,23848,0.0039215686274509665
2022-01-14,128000,128000,124500,124500,37157,-0.02734375
2022-01-17,124500,125000,122500,123500,36572,-0.008032128514056214
2022-01-18,124000,124000,121000,121500,31556,-0.01619433198380571
2022-01-19,120500,121500,119000,120000,40836,-0.012345679012345734
2022-01-20,120500,125000,120000,124000,35024,0.03333333333333344
2022-01-21,122500,125500,122500,124000,35527,0.0
2022-01-24,125000,125500,120500,121000,32670,-0.024193548387096753
2022-01-25,121000,121000,117000,117500,44706,-0.02892561983471076
2022-01-26,117000,118500,117000,117000,27250,-0.004255319148936176
2022-01-27,116500,117500,112000,113000,60702,-0.03418803418803418
2022-01-28,113500,117000,113000,116000,40308,0.026548672566371723
2022-02-03,116000,121500,116000,119000,35595,0.02586206896551735
2022-02-04,119000,122000,119000,121000,31654,0.01680672268907557
2022-02-07,121000,121500,118500,121000,28257,0.0
2022-02-08,122000,124000,121000,122000,31727,0.008264462809917328
2022-02-09,124000,125500,122500,125000,24623,0.024590163934426146
2022-02-10,124000,128000,124000,127500,48321,0.020000000000000018
2022-02-11,127000,127000,124000,124500,38299,-0.02352941176470591
2022-02-14,120500,122000,116000,117500,69980,-0.05622489959839361
2022-02-15,118000,125000,117500,122000,61383,0.038297872340425476
2022-02-16,122000,124500,120000,123500,39305,0.012295081967213184
2022-02-17,124000,125500,120500,123000,43336,-0.004048582995951455
2022-02-18,121500,124500,121000,124500,22205,0.012195121951219523
2022-02-21,121500,126000,121500,125000,30671,0.004016064257028162
2022-02-22,125000,126000,123000,125000,37730,0.0
2022-02-23,126500,126500,123500,124000,37535,-0.008000000000000007
2022-02-24,123500,125000,122000,123500,37325,-0.0040322580645161255
2022-02-25,124000,125000,123000,123500,29933,0.0
2022-02-28,123500,125000,122000,124000,37907,0.004048582995951344
2022-03-02,124500,133000,124000,131000,136465,0.056451612903225756
2022-03-03,133000,134000,131000,131500,77408,0.003816793893129722
2022-03-04,131500,134500,131000,132000,62447,0.0038022813688212143
2022-03-07,131500,132500,129000,130000,62195,-0.015151515151515138
2022-03-08,127500,131000,125000,128000,58777,-0.01538461538461533
2022-03-10,130000,134000,129500,133000,71427,0.0390625
2022-03-11,132500,135000,131000,134000,73432,0.007518796992481258
2022-03-14,133500,138000,132000,137500,95012,0.026119402985074647
2022-03-15,137000,137000,132500,133500,61811,-0.029090909090909056
2022-03-16,133500,135500,133500,134500,25623,0.0074906367041198685
2022-03-17,137000,138000,134000,134000,42514,-0.0037174721189591198
2022-03-18,134000,136500,133000,135500,68348,0.011194029850746245
2022-03-21,135500,135500,131000,131000,37265,-0.03321033210332103
2022-03-22,130500,133000,130500,132000,18726,0.007633587786259444
2022-03-23,132000,133500,132000,132500,28272,0.0037878787878788955
2022-03-24,131000,133500,130500,132000,26991,-0.0037735849056603765
2022-03-25,132000,132000,127000,127500,58671,-0.03409090909090906
2022-03-28,127000,130500,126000,130000,27455,0.019607843137254832
2022-03-29,131000,131500,129000,130500,33944,0.0038461538461538325
2022-03-30,131500,131500,130500,131000,22188,0.003831417624521105
2022-03-31,131500,132000,128000,129500,38131,-0.011450381679389277
2022-04-01,128000,128500,126500,126500,40994,-0.02316602316602312
2022-04-04,126500,127500,125000,127000,30107,0.0039525691699604515
2022-04-05,127000,128000,126000,128000,26338,0.007874015748031482
2022-04-06,127500,128500,126500,127000,25328,-0.0078125
2022-04-07,125500,127000,125000,125500,29713,-0.011811023622047223
2022-04-08,125500,126000,121500,122000,52197,-0.027888446215139417
2022-04-11,121500,122500,119500,122000,53137,0.0
2022-04-12,121000,125500,121000,123000,50776,0.008196721311475308
2022-04-13,124500,129000,123000,127500,120438,0.03658536585365857
2022-04-14,126500,130000,126000,129000,67263,0.0117647058823529
2022-04-15,127000,131500,126500,130000,60779,0.007751937984496138
2022-04-18,129500,132500,128000,132000,54533,0.01538461538461533
2022-04-19,132500,133000,129500,130000,60688,-0.015151515151515138
2022-04-20,129000,129500,127000,128000,65182,-0.01538461538461533
2022-04-21,129000,129500,127000,127000,46930,-0.0078125
2022-04-22,127000,128000,125000,125000,44550,-0.015748031496062964
2022-04-25,124000,124000,121500,122000,40942,-0.02400000000000002
2022-04-26,122500,123500,120500,121000,49158,-0.008196721311475419
2022-04-27,117500,121000,117000,119500,37442,-0.012396694214875992
2022-04-28,119000,122500,118000,121500,37567,0.01673640167364021
2022-04-29,121000,123500,121000,123000,27947,0.012345679012345734
2022-05-02,122500,123500,121000,122500,18957,-0.004065040650406471
2022-05-03,122000,123500,120500,121000,31103,-0.01224489795918371
2022-05-04,121000,122000,120500,122000,23075,0.008264462809917328
2022-05-06,120500,122000,119500,120500,27226,-0.012295081967213073
2022-05-09,120000,120500,117500,118500,35737,-0.016597510373444035
2022-05-10,119000,122500,115500,121500,71519,0.025316455696202445
2022-05-11,121000,128000,120000,127000,138674,0.04526748971193406
2022-05-12,127500,131500,126000,129000,114004,0.015748031496062964
2022-05-13,131000,132000,130000,131000,74074,0.015503875968992276
2022-05-16,131000,133000,129500,131500,63712,0.003816793893129722
2022-05-17,131000,132500,130500,131500,22972,0.0
2022-05-18,131000,133000,129000,132500,38045,0.0076045627376426506
2022-05-19,131000,131000,125500,125500,76344,-0.05283018867924527
2022-05-20,126500,127500,123000,124500,80555,-0.007968127490039834
2022-05-23,124500,124500,122000,123000,42648,-0.012048192771084376
2022-05-24,122500,126000,122500,125500,39830,0.020325203252032464
2022-05-25,126500,128000,124000,125500,35812,0.0
2022-05-26,124000,127500,124000,127500,36138,0.015936254980079667
2022-05-27,128000,130500,126500,129000,39071,0.0117647058823529
2022-05-30,130000,130500,129000,129500,21877,0.003875968992248069
2022-05-31,129500,130000,128000,129500,55135,0.0
2022-06-02,128000,128000,125000,125500,37414,-0.030888030888030937
2022-06-03,127000,129500,126000,129000,27737,0.027888446215139417
2022-06-07,128000,128500,124000,124000,42315,-0.03875968992248058
2022-06-08,124000,125000,122000,122500,36951,-0.012096774193548376
2022-06-09,122000,122500,119500,121000,76240,-0.01224489795918371
2022-06-10,119500,122000,119000,120500,31332,-0.004132231404958664
2022-06-13,119500,120000,114000,115500,72356,-0.04149377593360992
2022-06-14,114500,115000,110500,112000,72224,-0.030303030303030276
2022-06-15,113000,116500,110500,112500,75713,0.0044642857142858094
2022-06-16,113500,115000,113000,114000,32809,0.01333333333333342
2022-06-17,111500,111500,109500,111000,93726,-0.02631578947368418
2022-06-20,111500,113000,110000,112000,39203,0.009009009009008917
2022-06-21,113000,113500,111000,111500,24775,-0.004464285714285698
2022-06-22,112000,112000,109500,110000,22901,-0.013452914798206317
2022-06-23,110500,113000,109500,110000,43502,0.0
2022-06-24,109000,113500,109000,112500,31371,0.022727272727272707
2022-06-27,112500,115500,111500,115500,32090,0.026666666666666616
2022-06-28,115500,117000,113500,114500,27768,-0.008658008658008698
2022-06-29,114500,116000,113500,115000,17981,0.004366812227074135
2022-06-30,115500,116000,113500,114000,38856,-0.008695652173912993
2022-07-01,117000,117000,113000,114000,31916,0.0
2022-07-04,115500,119500,115000,117500,59687,0.030701754385964897
2022-07-05,118500,122000,118000,121500,45775,0.03404255319148941
2022-07-06,120000,121000,118000,118000,31135,-0.028806584362139898
2022-07-07,120000,120500,117000,117000,34175,-0.008474576271186418
2022-07-08,117500,122500,117500,122000,42152,0.042735042735042805
2022-07-11,120500,121000,115500,116000,52801,-0.049180327868852514
2022-07-12,116000,116000,111000,112500,45482,-0.030172413793103425
2022-07-13,114000,117000,113500,115000,38124,0.022222222222222143
2022-07-14,113500,115500,113500,115000,29343,0.0
2022-07-15,115000,115000,111000,111500,36943,-0.0304347826086957
2022-07-18,112000,113500,111000,113000,42909,0.013452914798206317
2022-07-19,112500,114000,112000,113000,33156,0.0
2022-07-20,114500,115000,112000,113000,45939,0.0
2022-07-21,113000,116500,112500,115500,57115,0.022123893805309658
2022-07-22,114500,117500,114000,116500,36704,0.008658008658008587
2022-07-25,116500,117500,115500,116000,26155,-0.0042918454935622075
2022-07-26,115000,119500,115000,118000,47196,0.01724137931034475
2022-07-27,118500,119500,117000,118000,31991,0.0
2022-07-28,118000,119500,115000,116000,43085,-0.016949152542372836
2022-07-29,117000,117000,115000,116500,39535,0.004310344827586299
2022-08-01,116000,116000,113500,114500,39794,-0.01716738197424894
2022-08-02,113500,114000,112000,113500,51539,-0.008733624454148492
2022-08-03,112500,115500,112500,115500,38494,0.017621145374449254
2022-08-04,115500,115500,114000,115000,28882,-0.0043290043290042934
2022-08-05,115000,116500,114000,114500,35495,-0.004347826086956497
2022-08-08,114000,115000,113000,115000,35349,0.004366812227074135
2022-08-09,116500,123000,116500,122500,152700,0.0652173913043479
2022-08-10,122500,127500,122000,125500,111423,0.02448979591836742
2022-08-11,125500,128000,123500,125500,67539,0.0
2022-08-12,125500,127500,124500,127500,57587,0.015936254980079667
2022-08-16,127500,129000,126000,128000,44182,0.0039215686274509665
2022-08-17,129000,129000,125500,127500,27923,-0.00390625
2022-08-18,126000,128000,125500,126500,31318,-0.007843137254901933
2022-08-19,126500,126500,123000,124500,27613,-0.015810276679841917
2022-08-22,123000,126000,121500,125000,41145,0.004016064257028162
2022-08-23,123000,125000,121500,121500,19310,-0.028000000000000025
2022-08-24,122500,123000,120500,121500,32027,0.0
2022-08-25,122000,122500,121000,122000,18160,0.004115226337448652
2022-08-26,122000,123500,120500,121500,28282,-0.004098360655737654
2022-08-29,118000,120000,117500,119500,30333,-0.016460905349794275
2022-08-30,118500,119500,117500,119000,33594,-0.004184100418409997
2022-08-31,118500,119500,118000,118500,40918,-0.004201680672268893
2022-09-01,118500,120000,117000,118000,38686,-0.00421940928270037
2022-09-02,118000,119000,116500,117500,24217,-0.004237288135593209
2022-09-05,118000,120000,115500,116500,20918,-0.008510638297872353
2022-09-06,117500,118500,115500,116500,24938,0.0
2022-09-07,115500,116000,112500,113500,33634,-0.025751072961373356
2022-09-08,114000,115500,112500,113500,31824,0.0
2022-09-13,115000,117000,114500,116500,37930,0.026431718061673992
2022-09-14,115000,115000,112000,112500,49252,-0.03433476394849788
2022-09-15,112500,113500,112000,113000,39694,0.004444444444444473
2022-09-16,112500,113000,107000,108500,101006,-0.03982300884955747
2022-09-19,108000,108500,104500,106500,64435,-0.018433179723502335
2022-09-20,108000,108500,106000,106500,46936,0.0
2022-09-21,106000,107500,104500,106000,45406,-0.0046948356807511304
2022-09-22,105000,105000,103000,103500,57898,-0.02358490566037741
2022-09-23,104500,104500,100500,100500,50854,-0.02898550724637683
2022-09-26,99900,100500,95300,96000,99928,-0.04477611940298509
2022-09-27,96000,97000,93500,95700,98001,-0.0031250000000000444
2022-09-28,94500,97500,93900,97200,119909,0.01567398119122254
2022-09-29,97400,98100,93700,94500,99381,-0.02777777777777779
2022-09-30,94200,94300,90000,90400,116038,-0.04338624338624342
2022-10-04,90600,93100,90600,92000,72918,0.017699115044247815
2022-10-05,92800,93500,85400,86600,168098,-0.05869565217391304
2022-10-06,86600,86900,85700,85900,115356,-0.008083140877598205
2022-10-07,85800,85800,82000,83200,154247,-0.03143189755529685
2022-10-11,80900,81500,78100,80300,214064,-0.034855769230769273
2022-10-12,79900,81000,78100,78600,159247,-0.021170610211706076
2022-10-13,78800,79400,77000,77500,111133,-0.013994910941475869
2022-10-14,78000,81000,77200,81000,139784,0.04516129032258065
2022-10-17,79400,79800,77900,78400,68385,-0.032098765432098775
2022-10-18,79800,84100,79500,84100,110364,0.07270408163265296
2022-10-19,84300,84400,82600,83200,60961,-0.010701545778834753
2022-10-20,83100,85000,82900,85000,88815,0.02163461538461542
2022-10-21,84700,84800,82200,82300,66799,-0.03176470588235292
2022-10-24,84200,84200,82300,82400,30003,0.0012150668286756705
2022-10-25,82500,82600,79700,79800,35761,-0.03155339805825241
2022-10-26,79800,80500,78900,80100,24498,0.003759398496240518
2022-10-27,80800,85000,80600,85000,93351,0.06117353308364537
2022-10-28,83900,87200,83800,86900,61613,0.022352941176470686
2022-10-31,87800,87900,84800,87900,62078,0.011507479861910141
2022-11-01,87600,88800,86000,86100,55215,-0.020477815699658675
2022-11-02,85200,87800,83800,87500,74431,0.016260162601626105
2022-11-03,85300,86400,84700,85000,62159,-0.02857142857142858
2022-11-04,84200,86300,83900,86300,61870,0.015294117647058902
2022-11-07,86500,87900,85700,87900,60393,0.018539976825028948
2022-11-08,88500,89400,86900,88500,83995,0.006825938566553003
2022-11-09,88500,88600,86500,86800,100133,-0.019209039548022555
2022-11-10,85900,86100,84000,84200,127591,-0.02995391705069128
2022-11-11,86500,88700,83800,86600,211458,0.028503562945368266
2022-11-14,86600,91000,86600,90000,149101,0.03926096997690531
2022-11-15,91000,91900,88500,91700,111815,0.018888888888888955
2022-11-16,92000,92400,88800,90600,95430,-0.01199563794983638
2022-11-17,90600,92600,89800,91400,75085,0.008830022075055233
2022-11-18,91600,91600,89500,89500,61414,-0.020787746170678356
2022-11-21,89900,89900,87400,88300,70263,-0.013407821229050265
2022-11-22,88700,89400,87200,88700,54516,0.0045300113250283935
2022-11-23,88700,90500,88500,89900,51134,0.013528748590755368
2022-11-24,89600,90800,88600,90700,47482,0.008898776418242438
2022-11-25,90700,92500,90100,92300,62954,0.01764057331863289
2022-11-28,91900,92000,89700,91400,68525,-0.009750812567713929
2022-11-29,91600,94200,90600,92500,97710,0.012035010940919078
2022-11-30,92500,92800,88400,88400,1264673,-0.044324324324324316
2022-12-01,89500,92700,89500,89900,172695,0.016968325791855143
2022-12-02,90500,90500,87900,88000,75783,-0.021134593993325956
2022-12-05,88700,89500,87200,87400,57403,-0.006818181818181834
2022-12-06,87400,87800,84600,84600,115145,-0.03203661327231122
2022-12-07,84800,85200,83300,84400,80145,-0.0023640661938534313
2022-12-08,84600,87900,84200,86700,76908,0.027251184834123254
2022-12-09,86800,91700,86800,90700,123633,0.046136101499423265
2022-12-12,91000,91600,89700,89800,54343,-0.009922822491730932
2022-12-13,90800,90800,89000,90000,38408,0.00222717149220486
2022-12-14,90700,91800,89600,91400,65864,0.015555555555555545
2022-12-15,91000,93400,90500,92400,77477,0.010940919037199182
2022-12-16,91600,92700,90300,91700,55107,-0.007575757575757569
2022-12-19,91200,91400,89200,89600,51162,-0.022900763358778664
2022-12-20,90300,91500,89100,90000,55064,0.0044642857142858094
2022-12-21,90900,90900,89300,89700,20204,-0.0033333333333332993
2022-12-22,90300,94500,90300,93400,101336,0.04124860646599782
2022-12-23,92800,94800,92400,93200,58368,-0.0021413276231263545
2022-12-26,93200,94300,92400,93400,43590,0.0021459227467810482
2022-12-27,94100,95700,93400,94800,67834,0.01498929336188426
2022-12-28,93800,95900,92500,94600,53721,-0.002109704641350185
2022-12-29,95600,97500,93300,93700,68572,-0.009513742071881603
2023-01-02,95100,95100,89700,91000,35326,-0.028815368196371427
2023-01-03,91600,92200,88800,89700,42142,-0.014285714285714235
2023-01-04,90300,90300,87200,87700,69220,-0.022296544035674493
2023-01-05,87700,90000,86800,89300,56368,0.018244013683010207
2023-01-06,87400,89300,87400,88700,45634,-0.006718924972004436
2023-01-09,89700,91300,88800,90600,31060,0.021420518602029315
2023-01-10,90500,90500,88800,89200,36055,-0.015452538631346546
2023-01-11,89600,89700,88200,89700,57368,0.005605381165919354
2023-01-12,89600,90300,88800,88800,57982,-0.010033444816053505
2023-01-13,90000,93100,89900,92700,83787,0.04391891891891886
2023-01-16,92400,93500,91600,93000,34112,0.003236245954692629
2023-01-17,92000,92900,90800,91700,30514,-0.013978494623655968
2023-01-18,91700,93500,91300,93500,31968,0.019629225736095934
2023-01-19,92100,94000,92100,93000,34301,-0.005347593582887722
2023-01-20,92200,92700,91200,92300,44209,-0.007526881720430145
2023-01-25,92500,93000,90200,90400,53685,-0.020585048754062862
2023-01-26,90300,90900,89500,90200,69383,-0.0022123893805309214
2023-01-27,90000,92000,89900,91500,51994,0.014412416851441234
2023-01-30,91500,91900,90200,90300,29220,-0.013114754098360604
2023-01-31,90900,90900,89900,90200,43132,-0.001107419712070845
2023-02-01,90200,90300,89400,90100,46094,-0.0011086474501108556
2023-02-02,90700,91300,90000,90400,55464,0.0033296337402886067
2023-02-03,90400,93300,89800,91900,65516,0.0165929203539823
2023-02-06,91400,91400,89700,89700,57365,-0.02393906420021763
2023-02-07,89700,89900,89100,89600,41820,-0.0011148272017836858
2023-02-08,89600,90400,89100,89800,51566,0.0022321428571427937
2023-02-09,90000,90700,89100,89100,51224,-0.007795100222717122
2023-02-10,89100,89300,86800,87200,91269,-0.021324354657688005
2023-02-13,87200,87900,86200,86500,44503,-0.008027522935779796
2023-02-14,87000,87100,85900,86500,34389,0.0
2023-02-15,86600,86600,83000,83500,109662,-0.034682080924855474
2023-02-16,83700,84800,83700,84400,31805,0.010778443113772518
2023-02-17,83700,84500,82900,83600,37878,-0.009478672985781977
2023-02-20,83600,85100,83000,84100,46005,0.005980861244019087
2023-02-21,84000,85000,83400,84800,32581,0.00832342449464929
2023-02-22,84200,84200,83100,83400,41104,-0.01650943396226412
2023-02-23,83400,84500,83300,83800,24913,0.004796163069544335
2023-02-24,83600,84300,83300,83300,35878,-0.005966587112171795
2023-02-27,82800,82900,81500,82500,40057,-0.009603841536614643
2023-02-28,82600,83600,81700,81700,45978,-0.009696969696969648
2023-03-02,82000,84600,81800,83600,57904,0.023255813953488413
2023-03-03,83600,83900,82100,82900,30126,-0.00837320574162681
2023-03-06,83500,83500,82300,82400,27357,-0.006031363088057851
2023-03-07,82500,83100,82200,82200,31380,-0.0024271844660194164
2023-03-08,81700,82100,80600,81000,46254,-0.014598540145985384
2023-03-09,81000,81700,80500,80800,43228,-0.0024691358024691024
2023-03-10,80600,80700,79300,79300,47171,-0.01856435643564358
2023-03-13,79900,79900,77500,79000,42525,-0.003783102143757877
2023-03-14,78200,78900,77300,77800,35409,-0.015189873417721489
2023-03-15,78700,78700,77200,77500,51730,-0.003856041131105381
2023-03-16,76800,77200,75900,76900,42435,-0.007741935483870921
2023-03-17,77600,78900,76800,78900,54526,0.026007802340702213
2023-03-20,79400,79500,77700,78500,21912,-0.005069708491761693
2023-03-21,78900,79100,78100,78700,25089,0.002547770700636942
2023-03-22,79000,79100,78100,78600,26852,-0.0012706480304955914
2023-03-23,78600,79300,77600,79200,42955,0.007633587786259444
