Date,Open,High,Low,Close,Volume,Change
2015-01-02,13093,13093,13093,13095,0,0.0011467889908256534
2015-01-05,13350,13350,13093,13095,437,0.0
2015-01-06,13122,13391,13122,13395,87,0.02290950744558984
2015-01-07,13135,13135,13135,13138,5,-0.019186263531168368
2015-01-08,12993,13263,12978,13194,719,0.004262444816562683
2015-01-09,13264,13264,13264,13266,10,0.005457025920873049
2015-01-12,13263,13335,13263,13281,110,0.0011307100859339059
2015-01-13,13121,13121,13121,13123,5,-0.011896694526014606
2015-01-14,13106,13121,13106,13123,10,0.0
2015-01-15,13121,13121,13121,13123,0,0.0
2015-01-16,13192,13192,13121,13123,120,0.0
2015-01-19,13121,13121,13121,13123,0,0.0
2015-01-20,13135,13149,13135,13152,230,0.0022098605501790214
2015-01-21,13192,13192,13192,13194,701,0.0031934306569343374
2015-01-22,13391,13391,13192,13194,46,0.0
2015-01-23,13122,13122,13049,13052,5206,-0.01076246778838863
2015-01-26,13049,13049,12836,12951,3883,-0.00773827765859636
2015-01-27,13192,13192,13192,13194,5,0.018763029881862403
2015-01-28,13093,13093,13007,13009,18,-0.014021524935576735
2015-01-29,13021,13021,13021,13023,5,0.0010761780305941215
2015-01-30,13021,13021,13021,13023,5,0.0
2015-02-02,13049,13049,13021,13023,81,0.0
2015-02-03,13021,13250,13021,13251,18,0.017507486754203994
2015-02-04,13235,13307,13235,13308,92,0.004301562146253213
2015-02-05,13192,13264,13192,13266,178,-0.003155996393147009
2015-02-06,13264,13264,13264,13266,10,0.0
2015-02-09,13250,13250,13250,13251,0,-0.001130710085934017
2015-02-10,13250,13250,13250,13251,23,0.0
2015-02-11,13121,13121,13121,13123,138,-0.009659648328428028
2015-02-12,13406,13406,13220,13323,1875,0.015240417587441879
2015-02-13,13406,13449,13192,13452,737,0.009682503940553921
2015-02-16,13449,13478,13307,13480,2077,0.0020814748736246447
2015-02-17,13478,13478,13350,13352,845,-0.00949554896142435
2015-02-23,13406,13406,13350,13352,2589,0.0
2015-02-24,13350,13549,13293,13550,3474,0.014829239065308641
2015-02-25,13421,13421,13406,13408,104,-0.010479704797047962
2015-02-26,13264,13293,13049,13237,7841,-0.012753579952267335
2015-02-27,13235,13250,13164,13251,593,0.0010576414595451222
2015-03-02,13207,13277,13178,13281,306,0.0022639800769752583
2015-03-03,13378,13378,13264,13352,719,0.005345982983208986
2015-03-04,13334,13350,13334,13352,166,0.0
2015-03-05,13335,13350,13335,13337,104,-0.0011234272019172709
2015-03-06,13335,13335,13135,13152,421,-0.013871185424008448
2015-03-09,13264,13307,13149,13152,449,0.0
2015-03-10,13135,13350,13135,13308,282,0.011861313868613221
2015-03-11,13264,13264,13135,13152,253,-0.011722272317403082
2015-03-12,13164,13164,13164,13165,23,0.0009884428223845276
2015-03-13,13192,13391,13192,13352,161,0.014204329661982484
2015-03-16,13335,13391,13335,13395,155,0.003220491312162954
2015-03-17,13363,13378,13163,13352,127,-0.003210153042179864
2015-03-18,13264,13335,13264,13266,1064,-0.006440982624325908
2015-03-19,13207,13363,13207,13365,794,0.00746268656716409
2015-03-20,13378,13649,13350,13380,3980,0.001122334455667895
2015-03-23,13391,13391,13235,13237,362,-0.010687593423019393
2015-03-24,13235,13406,13235,13408,742,0.012918334970159373
2015-03-25,13406,13406,13277,13294,1081,-0.008502386634844816
2015-03-26,13320,13506,13293,13508,87,0.016097487588385695
2015-03-27,13350,13350,13264,13266,1139,-0.01791530944625408
2015-03-30,13277,13464,13277,13337,2612,0.005352027740087362
2015-03-31,13406,13406,13335,13337,18,0.0
2015-04-01,13549,13805,13406,13779,5465,0.03314088625627942
2015-04-02,13777,13834,13563,13779,903,0.0
2015-04-03,14034,14034,13307,13408,1467,-0.026925030844038078
2015-04-06,13563,13563,13406,13550,265,0.010590692124105017
2015-04-07,13464,13577,13406,13579,207,0.0021402214022139265
2015-04-08,13791,13820,13449,13794,1812,0.015833271964062146
2015-04-09,13834,14077,13834,13908,4965,0.008264462809917328
2015-04-10,14048,14048,13905,13908,120,0.0
2015-04-13,13948,14090,13905,14064,932,0.011216566005176842
2015-04-14,13977,14034,13634,13694,247,-0.026308304891922596
2015-04-15,13691,13834,13691,13694,46,0.0
2015-04-16,13834,14261,13834,14179,3158,0.03541697093617646
2015-04-17,14261,14833,14261,14621,12236,0.031172861273714547
2015-04-20,14690,15189,14475,15121,4164,0.03419738731960886
2015-04-21,15332,15689,14976,15548,3192,0.028238873090404182
2015-04-22,15830,16116,14690,14977,1863,-0.03672498070491381
2015-04-23,14833,15617,14547,14977,1104,0.0
2015-04-24,14976,15403,14904,14906,2375,-0.004740602256793736
2015-04-27,14904,14976,14690,14906,259,0.0
2015-04-28,14976,14976,14689,14692,1353,-0.014356634912115918
2015-04-29,14690,15332,14690,15049,224,0.024298938197658604
2015-04-30,15403,16116,15332,15762,2324,0.047378563359691706
2015-05-04,16687,16758,14904,16475,4141,0.04523537622129181
2015-05-06,16474,16544,15261,16191,2278,-0.01723823975720784
2015-05-07,15261,16330,15261,15904,742,-0.017725897103329058
2015-05-08,15689,17401,15689,16547,9533,0.040430080482897424
2015-05-11,16188,17686,16188,16689,3037,0.00858161600290086
2015-05-12,16971,17757,16758,16975,3330,0.017137036371262404
2015-05-13,17686,17757,16971,17688,6437,0.04200294550810013
2015-05-14,18255,18255,17472,17830,3210,0.008028041610131265
2015-05-15,17899,19254,17828,18115,2583,0.01598429613011776
2015-05-18,18113,19254,18113,19185,6632,0.05906707148771728
2015-05-19,19326,19397,18542,19185,4049,0.0
2015-05-20,19112,20395,18898,20184,10229,0.05207193119624698
2015-05-21,20395,21039,20324,20897,4999,0.03532500990883869
2015-05-22,21252,21252,19682,20113,3578,-0.03751734698760589
2015-05-26,20039,20039,19254,19399,2744,-0.035499428230497676
2015-05-27,19397,19397,18113,18901,1225,-0.02567142636218367
2015-05-28,18327,19467,18327,19399,1679,0.02634781228506422
2015-05-29,19326,19968,19112,19828,891,0.022114541986700376
2015-06-01,20395,20966,19825,20255,1294,0.021535202743594883
2015-06-02,19397,20824,19183,19613,1898,-0.03169587756109604
2015-06-03,20039,20039,19254,19542,403,-0.0036200479273951203
2015-06-04,19825,19825,18898,19185,483,-0.018268345102855355
2015-06-05,19112,19112,18255,18329,1035,-0.04461819129528277
2015-06-08,17971,18827,17971,18829,632,0.027279175077745688
2015-06-09,18756,18756,18327,18686,564,-0.0075946677996707734
2015-06-10,18684,18684,18255,18543,1007,-0.007652788183666881
2015-06-11,18400,18684,18255,18686,339,0.007711804993798088
2015-06-12,18898,19254,18684,19257,529,0.030557636733383298
2015-06-15,19040,19254,19040,19257,645,0.0
2015-06-16,19254,19254,18684,19115,593,-0.0073739419431895215
2015-06-17,18970,19254,18684,19115,1007,0.0
2015-06-18,19254,21394,19112,19257,7622,0.007428720899816943
2015-06-19,20254,20538,19611,20327,2612,0.05556421041699133
2015-06-22,20395,20395,19540,19828,817,-0.024548629901116725
2015-06-23,19825,20254,19112,19685,2359,-0.007212023401250711
2015-06-24,20182,20824,20110,20683,5045,0.050698501397002715
2015-06-25,20468,20752,20110,20755,2174,0.0034811197601896104
2015-06-26,21323,21965,20824,21325,4786,0.0274632618646109
2015-06-29,21110,21110,20110,20469,1150,-0.04014067995310666
2015-06-30,19968,20681,19682,20612,1369,0.006986174214666185
2015-07-01,20609,20752,19825,20540,909,-0.0034931108092373098
2015-07-02,20538,21965,20538,21253,8307,0.03471275559883158
2015-07-03,21394,22820,21394,22608,16584,0.0637557050769304
2015-07-06,22820,29382,22607,26460,146604,0.17038216560509545
2015-07-07,25317,25530,20824,22038,53073,-0.16712018140589568
2015-07-08,21965,21965,19467,20113,15894,-0.08734912423994923
2015-07-09,19183,21394,19183,20825,13184,0.03539999005618255
2015-07-10,20896,21394,20538,21253,9078,0.020552220888355288
2015-07-13,21394,21394,20110,21397,7869,0.0067755140450760365
2015-07-14,22178,22178,20681,21753,6437,0.016637846427069114
2015-07-15,22036,23534,21751,23038,12012,0.059072311865030036
2015-07-16,23962,23962,22392,22965,6253,-0.0031686778366177837
2015-07-17,23105,23248,22178,22680,5102,-0.01241018941868055
2015-07-20,22250,22607,21965,22608,3302,-0.0031746031746031633
2015-07-21,23034,23034,22178,22608,2192,0.0
2015-07-22,22463,22750,21965,22323,3261,-0.01260615711252655
2015-07-23,22607,22607,21822,22467,3814,0.006450745867490948
2015-07-24,22107,22678,22107,22680,6713,0.009480571504873803
2015-07-27,22322,23676,22250,22965,16602,0.01256613756613767
2015-07-28,22964,23962,21822,23964,6950,0.04350097975179623
2015-07-29,24176,24817,23248,24107,5315,0.005967284259722927
2015-07-30,23819,24105,22820,23750,3314,-0.014808976645787508
2015-07-31,23034,23534,22535,23321,1957,-0.018063157894736892
2015-08-03,23320,23320,22392,22752,2100,-0.02439861069422411
2015-08-04,22036,22750,22036,22752,1237,0.0
2015-08-05,22607,22964,22322,22965,1156,0.009361814345991482
2015-08-06,22964,23248,22464,22965,4465,0.0
2015-08-07,22964,22964,22036,22680,2174,-0.01241018941868055
2015-08-10,22107,22464,22036,22394,1858,-0.012610229276895923
2015-08-11,21537,22036,20468,21182,7882,-0.05412163972492634
2015-08-12,21179,21394,19040,21397,6570,0.010150127466717063
2015-08-13,21394,21466,20752,21397,1070,0.0
2015-08-17,21039,21110,20752,20825,668,-0.026732719540122463
2015-08-18,19967,20468,19397,20113,5269,-0.03418967587034816
2015-08-19,20110,20468,19040,19115,1784,-0.04961964898324467
2015-08-20,19040,19753,18898,19328,645,0.011143081349725303
2015-08-21,18683,18683,18042,18115,2003,-0.06275869205298013
2015-08-24,17971,19611,17828,18115,1524,0.0
2015-08-25,18683,18683,18042,18329,276,0.011813414297543456
2015-08-26,18327,19254,18327,19257,2444,0.05063014894429596
2015-08-27,19183,19897,18542,19685,4080,0.02222568416679649
2015-08-28,19540,20254,19540,20184,2157,0.025349250698501358
2015-08-31,20182,20681,19968,19969,483,-0.01065200158541424
2015-09-01,19897,19897,19397,19399,3204,-0.028544243577545148
2015-09-02,19397,19825,19254,19828,2513,0.022114541986700376
2015-09-03,20538,20538,19540,19969,708,0.007111155941093461
2015-09-04,19326,20254,18327,19043,3797,-0.0463718764084331
2015-09-07,18970,19467,18827,19115,299,0.0037809168723415
2015-09-08,17828,19112,17828,18686,685,-0.02244310750719325
2015-09-09,18255,19467,18255,19471,920,0.04201006100824145
2015-09-10,18898,19682,18470,19685,668,0.010990704124081985
2015-09-11,19611,19682,19326,19613,81,-0.003657607315214584
2015-09-14,18684,19682,18684,19257,207,-0.018151226227502204
2015-09-15,19682,19682,19112,19328,224,0.0036869709715947607
2015-09-16,19397,19682,19112,19613,2963,0.014745447019867575
2015-09-17,19753,19753,19682,19685,23,0.003671034517921834
2015-09-18,19682,19897,19611,19898,593,0.01082042164084318
2015-09-21,19968,20110,19326,20041,104,0.0071866519248164895
2015-09-22,20609,20609,19397,19756,552,-0.01422084726311057
2015-09-23,19825,20468,19682,19969,1001,0.010781534723628194
2015-09-24,19968,20324,19753,20327,1778,0.017927788071510742
2015-09-25,20538,20538,19968,20398,97,0.00349289122841534
2015-09-30,19397,20182,19397,20184,421,-0.010491224629865625
2015-10-01,20681,20681,19682,20041,817,-0.007084819659135988
2015-10-02,19968,20395,19968,20255,150,0.010678109874756814
2015-10-05,20538,20609,20110,20540,270,0.01407059985188841
2015-10-06,20395,20681,20182,20398,1024,-0.00691333982473219
2015-10-07,20395,20681,20182,20469,329,0.003480733405235803
2015-10-08,20538,20752,20254,20683,2370,0.01045483413943038
2015-10-12,20681,20752,20182,20612,408,-0.0034327708746313412
2015-10-13,20609,20609,20609,20612,5,0.0
2015-10-14,20609,20965,20609,20969,10642,0.017320007762468448
2015-10-15,20896,21537,20896,21540,587,0.027230673851876608
2015-10-16,19397,21965,19397,21467,1087,-0.003389043639740019
2015-10-19,21394,21394,20182,20897,1633,-0.026552382726976242
2015-10-20,21110,21110,20110,20969,1858,0.0034454706417188508
2015-10-21,21038,21394,21038,21397,1536,0.020411083027326082
2015-10-22,21394,21965,20966,21540,3066,0.006683179885030643
2015-10-23,22464,22464,20824,22038,1547,0.023119777158774335
2015-10-26,22036,22964,22036,22680,1139,0.02913150013612853
2015-10-27,21537,22964,21537,22823,3509,0.006305114638448073
2015-10-28,22392,22535,22392,22537,97,-0.012531218507645825
2015-10-29,22535,22820,22463,22467,639,-0.0031060034609753373
2015-10-30,22964,25674,22392,23179,2485,0.03169092446699606
2015-11-02,23676,24176,23034,24178,2997,0.04309935717675484
2015-11-03,24033,25103,23676,24463,701,0.01178757548184306
2015-11-04,23676,25674,23676,25534,1484,0.04378040305767894
2015-11-05,25460,25674,24889,25319,6713,-0.00842014568810212
2015-11-06,25388,26245,25317,25747,4055,0.016904301117737663
2015-11-09,25744,25744,24532,24749,2301,-0.03876179749096986
2015-11-10,23962,24675,23962,24250,1904,-0.020162430805285014
2015-11-11,23962,24318,23962,24321,426,0.002927835051546479
2015-11-12,24603,24603,24105,24534,437,0.008757863574688551
2015-11-13,23820,24105,23462,23893,352,-0.02612700741827667
2015-11-16,24318,24318,23891,24321,110,0.01791319633365429
2015-11-17,24532,26744,24532,26674,7231,0.09674766662555001
2015-11-18,25887,26101,25388,25889,1306,-0.02942940691309892
2015-11-19,25388,26102,25388,26104,155,0.008304685387616306
2015-11-20,26672,26672,25603,26175,886,0.0027198896720808108
2015-11-23,25317,25887,25317,25461,616,-0.027277936962750715
2015-11-24,25887,25958,25246,25391,236,-0.0027493028553473575
2015-11-25,25603,25816,24960,25534,989,0.005631916820920901
2015-11-26,25674,25674,25174,25605,587,0.0027806062504895923
2015-11-27,24889,25530,24889,25461,535,-0.005623901581722324
2015-11-30,26102,26102,24532,24606,2388,-0.03358077059031461
2015-12-01,25460,25460,24390,25178,1784,0.023246362675770182
2015-12-02,25603,25603,24532,24891,403,-0.011398840257367593
2015-12-03,24675,24889,24318,24534,903,-0.014342533445823813
2015-12-04,24532,24889,24247,24606,390,0.0029347028613353476
2015-12-07,25674,25674,24390,25104,668,0.02023896610582776
2015-12-08,24960,25317,24889,25247,1564,0.005696303377947798
2015-12-09,25246,25530,25246,25534,138,0.011367687249970393
2015-12-10,25530,25530,24960,25461,150,-0.0028589331871230472
2015-12-11,25603,25603,24960,25247,1409,-0.008405011586347766
2015-12-14,24960,25246,24889,25247,276,0.0
2015-12-15,24675,25246,24675,25247,10,0.0
2015-12-16,24889,25674,24889,25605,3584,0.014179902562680757
2015-12-17,25603,25603,25530,25605,166,0.0
2015-12-18,25033,25603,25033,25605,794,0.0
2015-12-21,25388,25958,24960,25961,2169,0.013903534465924627
2015-12-22,25816,25958,25816,25961,28,0.0
2015-12-23,26102,26386,25388,26032,1358,0.002734871538076389
2015-12-24,25674,25816,25174,25675,1404,-0.013713890596189326
2015-12-28,25674,25674,25388,25675,150,0.0
2015-12-29,25816,25816,25103,25675,28,0.0
2015-12-30,25674,25674,25674,25675,0,0.0
2016-01-04,25816,25816,25033,25675,120,0.0
2016-01-05,24889,25674,24889,25675,81,0.0
2016-01-06,25674,25887,25317,25889,3854,0.008334956183057463
2016-01-07,25103,25887,25103,25889,2186,0.0
2016-01-08,25674,25816,25246,25534,1024,-0.01371238750048287
2016-01-11,25317,25816,25174,25818,1766,0.011122425001958147
2016-01-12,25246,25674,25246,25247,489,-0.022116352932062933
2016-01-13,25460,25603,25460,25605,23,0.014179902562680757
2016-01-14,25103,25460,25033,25461,708,-0.005623901581722324
2016-01-15,25530,27528,25032,26460,15066,0.03923647932131491
2016-01-18,26457,26457,25674,25961,541,-0.018858654572940337
2016-01-19,26102,27028,25958,26104,3348,0.0055082623935904795
2016-01-20,26102,26886,26102,26746,742,0.024593931964449922
2016-01-21,26744,26814,25887,26104,587,-0.024003589321767715
2016-01-22,26387,26387,25744,26175,760,0.0027198896720808108
2016-01-25,26173,26672,26102,26175,552,0.0
2016-01-26,26458,27099,26245,26531,604,0.013600764087870143
2016-01-27,26886,26958,26102,26817,2600,0.010779842448456423
2016-01-28,26814,26958,26245,26746,609,-0.002647574299884381
2016-01-29,26744,26814,26315,26817,1329,0.0026546025573916943
2016-02-01,26387,28170,26387,26888,3549,0.002647574299884381
2016-02-02,26814,27028,26814,26888,390,0.0
2016-02-03,26886,27172,26672,27102,213,0.007958940791431113
2016-02-04,26744,27099,26744,27031,259,-0.0026197328610434445
2016-02-05,26601,26601,25460,25889,2646,-0.04224778957493247
2016-02-11,25674,25674,25033,25247,978,-0.024798176831859142
2016-02-12,24960,24960,22964,24321,3802,-0.03667762506436412
2016-02-15,26387,26387,23962,24749,593,0.01759796061017238
2016-02-16,25603,25603,24675,25461,155,0.028768839145016045
2016-02-17,25460,25530,24532,24534,639,-0.03640862495581476
2016-02-18,24675,24960,24675,24891,150,0.014551235020787479
2016-02-19,24532,24889,24532,24891,87,0.0
2016-02-22,24532,25246,24532,25247,143,0.014302358282110017
2016-02-23,25246,25317,23962,24107,776,-0.04515387966887152
2016-02-24,23105,24105,23105,23822,230,-0.011822292280250557
2016-02-25,24318,24318,23891,23964,166,0.00596087650071353
2016-02-26,23820,23820,23820,23822,35,-0.005925554999165361
2016-02-29,23820,23820,23820,23822,155,0.0
2016-03-02,23676,24105,23676,24036,138,0.008983292754596528
2016-03-03,24247,24603,24033,24606,691,0.023714428357463735
2016-03-04,24675,24675,24603,24606,35,0.0
2016-03-07,24318,24889,24033,24677,161,0.0028854750873770207
2016-03-08,25103,25674,24390,24392,224,-0.011549215869027796
2016-03-09,25530,25530,24675,24963,110,0.02340931452935391
2016-03-10,24817,25530,24817,25319,512,0.014261106437527538
2016-03-11,25103,25317,25103,25319,110,0.0
2016-03-14,25674,25674,24746,25104,1110,-0.008491646589517732
2016-03-15,25103,25603,25103,25605,224,0.019956978967495154
2016-03-16,25530,25958,25530,25675,518,0.0027338410466706264
2016-03-17,25958,25958,25317,25961,166,0.011139240506329084
2016-03-18,25958,26102,25958,26032,92,0.002734871538076389
2016-03-21,26102,26102,25958,26104,236,0.0027658266748618043
2016-03-22,26102,26102,24532,25961,472,-0.005478087649402386
2016-03-23,25246,25674,25174,25605,81,-0.013712877007819424
2016-03-24,24960,24960,23962,24534,1559,-0.04182776801405974
2016-03-25,24247,24462,23962,24392,857,-0.005787886198744596
2016-03-28,24390,24532,24033,24107,616,-0.011684158740570716
2016-03-29,24390,24390,24105,24250,224,0.005931887003774783
2016-03-30,24532,24532,23105,23893,632,-0.014721649484536137
2016-03-31,23676,24033,23534,24036,627,0.005985016532038756
2016-04-01,23962,24390,23962,24250,150,0.008903311699117955
2016-04-04,24532,24603,24247,24606,903,0.014680412371133933
2016-04-05,24603,24603,24176,24534,127,-0.002926115581565525
2016-04-06,24532,24817,24532,24534,259,0.0
2016-04-07,24532,25174,23105,23465,3636,-0.04357218553843645
2016-04-08,23391,24176,23391,24178,2439,0.030385680801193304
2016-04-11,24247,24532,24105,24534,1554,0.014724129373810957
2016-04-12,24532,24817,24462,24819,426,0.011616532159452131
2016-04-14,25103,25674,23962,24534,403,-0.011483137918530173
2016-04-15,24176,25317,24176,24963,1375,0.017485937882122826
2016-04-18,24603,25033,24390,24749,449,-0.008572687577614868
2016-04-19,24746,24960,24247,24749,760,0.0
2016-04-20,24247,24675,24176,24606,230,-0.005778011232777103
2016-04-21,24318,24889,24318,24891,120,0.011582540843696698
2016-04-22,24675,24675,24675,24677,23,-0.00859748503475155
2016-04-25,24390,24817,24176,24677,1058,0.0
2016-04-26,24675,24889,24176,24321,909,-0.014426388945171564
2016-04-27,24390,24390,23676,23964,2957,-0.01467867275194279
2016-04-28,24176,24247,24033,24250,115,0.011934568519445854
2016-04-29,24033,24033,23534,23535,1720,-0.029484536082474255
2016-05-02,23747,23747,22820,23321,1755,-0.009092840450393047
2016-05-03,22820,23248,22607,22965,3297,-0.015265211611852014
2016-05-04,22820,22964,22678,22823,178,-0.006183322447202211
2016-05-09,23105,23105,22964,22965,46,0.006221793804495501
2016-05-10,22964,23391,22892,23393,880,0.018637056390159
2016-05-11,23320,23391,23320,23393,489,0.0
2016-05-12,23391,23534,23320,23393,1835,0.0
2016-05-13,23462,23820,23462,23679,645,0.012225879536613471
2016-05-16,23606,24105,23606,23607,3561,-0.003040668947168368
2016-05-17,23320,23606,23320,23607,650,0.0
2016-05-18,23248,23606,23034,23393,259,-0.009065107807006423
2016-05-19,23391,23675,23391,23393,1237,0.0
2016-05-20,23391,24105,23391,23535,23,0.006070191937759262
2016-05-23,23534,23819,23534,23750,662,0.009135330359039795
2016-05-24,23606,23676,23534,23679,546,-0.002989473684210542
2016-05-25,23747,24033,23747,23964,178,0.012035981249208128
2016-05-26,24033,24033,22892,23535,5235,-0.01790185277916878
2016-05-27,23534,23820,23534,23679,523,0.006118546845124362
2016-05-30,23320,24462,23320,24250,1887,0.024114194011571444
2016-05-31,24462,24675,24318,24534,2450,0.011711340206185472
2016-06-01,24532,24675,24247,24534,1939,0.0
2016-06-02,24532,24532,24532,24534,178,0.0
2016-06-03,24532,24675,24532,24677,783,0.005828645960707535
2016-06-07,24675,24746,24247,24749,575,0.002917696640596601
2016-06-08,24746,25603,24746,25104,2405,0.014344013899551422
2016-06-09,25103,25816,24889,25391,5217,0.011432441045251762
2016-06-10,25103,25603,25103,25534,3808,0.005631916820920901
2016-06-13,25103,25674,25103,25178,943,-0.013942194720764522
2016-06-14,25033,25103,24960,25033,495,-0.005758995948844214
2016-06-15,25033,25603,24960,25391,403,0.014301122518275866
2016-06-16,25317,25317,24462,24534,2537,-0.03375211689181201
2016-06-17,24675,24675,24318,24321,242,-0.008681829298116894
2016-06-20,24318,24318,24318,24321,0,0.0
2016-06-21,24390,24390,24390,24392,5,0.002919287858229591
2016-06-22,24532,25103,24532,25104,115,0.02918989832732044
2016-06-23,24817,24817,24817,24819,5,-0.011352772466539207
2016-06-24,24675,24675,22107,23893,1605,-0.03731012530722433
2016-06-27,23606,24247,23391,23750,898,-0.005985016532038645
2016-06-28,23747,24318,23747,24321,155,0.024042105263157865
2016-06-29,24247,25246,23891,25247,1600,0.03807409234817638
2016-06-30,24462,25530,24462,25461,385,0.008476254604507405
2016-07-01,25103,25388,25103,25391,104,-0.0027493028553473575
2016-07-04,25032,25530,24960,24963,1243,-0.01685636642904964
2016-07-05,24817,24889,24675,24677,701,-0.011456956295317067
2016-07-06,24675,24889,24675,24891,224,0.008672042792884138
2016-07-07,24817,25388,24817,25391,92,0.020087581856895964
2016-07-08,24960,24960,24960,24963,81,-0.01685636642904964
2016-07-11,24817,25460,24817,24891,299,-0.0028842687177021986
2016-07-12,24889,24889,24889,24891,81,0.0
2016-07-13,24889,24889,24532,24749,104,-0.005704873247358466
2016-07-14,24746,24746,24675,24749,270,0.0
2016-07-15,24532,24603,24462,24463,230,-0.011556022465554205
2016-07-18,24390,24390,24390,24392,1007,-0.002902342312880668
2016-07-19,24532,24603,24532,24606,97,0.0087733683174811
2016-07-20,24675,24675,24603,24606,92,0.0
2016-07-21,24462,24603,24247,24606,489,0.0
2016-07-22,24247,24247,24247,24250,7168,-0.014468015931073719
2016-07-25,24318,24318,24033,24036,483,-0.008824742268041197
2016-07-26,24033,24033,23962,23964,41,-0.0029955067398901303
2016-07-27,23962,24105,23962,23964,242,0.0
2016-07-28,24318,24318,23820,23893,1708,-0.002962777499582736
2016-07-29,24176,28170,24176,25818,11384,0.08056753023898211
2016-08-01,25317,25530,25103,25178,788,-0.024788906964133606
2016-08-02,25816,25816,25174,25247,276,0.0027404877273811135
2016-08-03,25246,25388,25246,25391,449,0.005703647958173352
2016-08-04,25103,25603,25103,25319,127,-0.002835650427316816
2016-08-05,25174,25174,25103,25104,242,-0.008491646589517732
2016-08-08,25246,25246,24960,24963,1081,-0.005616634799235132
2016-08-09,25033,25103,25033,25033,97,0.002804150142210471
2016-08-10,25388,25958,25388,25675,414,0.02564614708584667
2016-08-11,25674,25674,25674,25675,28,0.0
2016-08-12,25816,26244,25816,25889,1104,0.008334956183057463
2016-08-16,25887,25958,24960,25534,506,-0.01371238750048287
2016-08-17,25674,26387,25317,25391,868,-0.005600375969295857
2016-08-18,25674,25958,25388,25747,288,0.014020716001732936
2016-08-19,27814,27814,25388,25391,742,-0.013826853614013257
2016-08-22,25388,25460,25174,25178,408,-0.008388799180812145
2016-08-23,25744,25816,25246,25247,293,0.0027404877273811135
2016-08-24,25174,25603,25174,25605,178,0.014179902562680757
2016-08-25,25674,25816,25246,25747,1628,0.005545791837531677
2016-08-26,25674,26387,25674,26389,2105,0.024934943876956606
2016-08-29,26387,26387,25674,25818,150,-0.021637803630300545
2016-08-30,25816,25816,25674,25675,1329,-0.0055387713997986365
2016-08-31,25674,25816,25530,25534,288,-0.005491723466407028
2016-09-01,25460,25460,25317,25319,178,-0.00842014568810212
2016-09-02,25317,25317,25317,25319,155,0.0
2016-09-05,25530,25530,25530,25534,127,0.008491646589517732
2016-09-06,25674,25887,25674,25889,247,0.01390303125244774
2016-09-07,26958,26958,25887,25889,224,0.0
2016-09-08,25674,25674,25674,25675,259,-0.008266058943953047
2016-09-09,25603,25603,25603,25605,0,-0.0027263875365141077
2016-09-12,25603,25603,25603,25605,115,0.0
2016-09-13,25388,25388,24960,25033,173,-0.022339386838508113
2016-09-19,25032,25032,24960,24963,104,-0.0027963088722885443
2016-09-20,24960,25317,24960,25319,18,0.014261106437527538
2016-09-21,25246,25816,25103,25818,1202,0.0197085192938109
2016-09-22,24675,25674,24675,25675,770,-0.0055387713997986365
2016-09-23,25174,25887,25174,25889,23,0.008334956183057463
2016-09-26,25246,25958,25246,25889,259,0.0
2016-09-27,25388,25744,25388,25747,46,-0.005484955000193081
2016-09-28,25674,25674,25603,25605,23,-0.005515205655027722
2016-09-29,25317,25388,25317,25391,81,-0.008357742628392839
2016-09-30,25388,25674,25388,25605,242,0.008428183214524765
2016-10-04,25603,25603,25317,25319,150,-0.011169693419254001
2016-10-05,25317,25317,25317,25319,0,0.0
2016-10-06,25317,25317,25103,25319,259,0.0
2016-10-07,25174,25460,25033,25461,259,0.005608436352146695
2016-10-10,25103,25103,24675,24677,961,-0.030792191979890804
2016-10-11,24675,24889,24247,24250,1817,-0.017303562021315444
2016-10-12,24247,24532,24247,24392,104,0.005855670103092736
2016-10-13,24390,24390,24390,24392,35,0.0
2016-10-14,24247,24247,24247,24250,701,-0.00582158084617912
2016-10-17,23462,24105,23462,23822,552,-0.017649484536082505
2016-10-18,24105,24247,23747,23750,224,-0.003022416253882998
2016-10-19,23820,23891,23676,23679,1358,-0.002989473684210542
2016-10-20,23820,23820,23676,23679,1012,0.0
2016-10-21,23676,23676,23534,23535,97,-0.006081337894336736
2016-10-24,23534,23534,23534,23535,5,0.0
2016-10-25,23606,23606,23391,23393,259,-0.006033567027830866
2016-10-26,23391,23676,23320,23679,472,0.012225879536613471
2016-10-27,23391,23676,23178,23251,367,-0.018075087630389786
2016-10-28,23034,23034,21680,22038,875,-0.05216979914842368
2016-10-31,21965,22036,21537,21681,390,-0.016199292131772403
2016-11-01,21680,21680,21680,21681,81,0.0
2016-11-02,21608,21608,21537,21540,224,-0.006503390065033865
2016-11-03,21394,21466,21394,21397,173,-0.00663881151346335
2016-11-04,21537,21537,21537,21540,18,0.006683179885030643
2016-11-07,21537,22036,21537,22038,390,0.023119777158774335
2016-11-08,21394,21537,21394,21540,161,-0.02259733188129598
2016-11-09,21822,21822,21394,21397,375,-0.00663881151346335
2016-11-10,21822,22678,21822,22467,276,0.050007010328550816
2016-11-11,22036,22036,21822,21825,46,-0.028575243690746377
2016-11-14,22392,22392,21466,21467,673,-0.01640320733104239
2016-11-15,21537,21537,21537,21540,18,0.0034005683141566934
2016-11-16,21537,22250,21537,21611,166,0.0032961931290622637
2016-11-17,21466,21822,21394,21397,87,-0.009902364536578556
2016-11-18,21180,21252,21180,21253,18,-0.006729915408702158
2016-11-21,21251,24532,21251,21397,329,0.0067755140450760365
2016-11-22,21394,21394,21394,21397,41,0.0
2016-11-23,21680,21680,21537,21540,87,0.006683179885030643
2016-11-24,21537,21537,21537,21540,0,0.0
2016-11-25,21252,27956,21110,21110,4205,-0.01996285979572887
2016-11-28,21466,21466,21109,21397,207,0.013595452392231255
2016-11-29,21394,21394,21109,21397,138,0.0
2016-11-30,21039,21394,20824,21325,523,-0.003364957704351079
2016-12-01,21323,21323,21323,21325,35,0.0
2016-12-02,21323,21323,21180,21182,87,-0.00670574443141847
2016-12-05,21252,21252,21252,21253,5,0.003351902558776265
2016-12-06,21252,21252,21252,21253,5,0.0
2016-12-07,21109,21394,21109,21397,110,0.0067755140450760365
2016-12-08,21537,21680,21110,21681,495,0.013272888722718035
2016-12-09,21180,21537,21180,21540,81,-0.006503390065033865
2016-12-12,21466,21751,21466,21467,161,-0.003389043639740019
2016-12-13,21466,22107,21466,22110,535,0.029952951041132936
2016-12-14,21893,22750,21893,22752,701,0.029036635006784328
2016-12-15,22607,24105,22178,23750,1012,0.04386427566807316
2016-12-16,22964,23034,22964,22965,799,-0.033052631578947334
2016-12-19,23391,23391,23248,23251,276,0.01245373394295668
2016-12-20,23178,23462,23105,23108,224,-0.006150273106533044
2016-12-21,23105,23248,23105,23179,92,0.003072528994287671
2016-12-22,23178,23391,22964,23251,1064,0.0031062599767031074
2016-12-23,23248,23534,23248,23465,673,0.009203905208378105
2016-12-26,23462,24247,23391,24250,375,0.03345408054549326
2016-12-27,23606,24675,23606,24534,2767,0.011711340206185472
2016-12-28,23855,24458,23179,24458,1220,-0.0030977419091872127
2016-12-29,24307,24382,24156,24384,143,-0.0030255948973750835
2017-01-02,24834,25585,24834,24986,92,0.02468832020997369
2017-01-03,24834,24834,24156,24384,104,-0.024093492355719226
2017-01-04,24608,24608,24382,24610,104,0.009268372703411965
2017-01-05,24758,25059,24608,24610,414,0.0
2017-01-06,24608,24683,24382,24458,104,-0.006176351076798037
2017-01-09,24006,24006,23779,23782,115,-0.027639218251696795
2017-01-10,24231,24231,24231,24234,10,0.019005970902363112
2017-01-11,23855,24231,23779,24234,41,0.0
2017-01-12,24231,24231,24231,24234,0,0.0
2017-01-13,24231,24231,24081,24082,97,-0.006272179582404891
2017-01-16,25435,25435,24458,24458,10,0.015613321152728288
2017-01-17,24532,24532,23855,23857,247,-0.02457273693678963
2017-01-18,24006,24006,23705,24007,97,0.006287462799178467
2017-01-19,24006,24006,23931,24007,28,0.0
2017-01-20,23779,23931,23705,23857,87,-0.006248177614862294
2017-01-23,23705,23931,23705,23932,46,0.0031437313995892335
2017-01-24,24006,24006,24006,24007,10,0.003133879324753508
2017-01-25,23630,23630,23329,23481,110,-0.021910276169450627
2017-01-26,23705,23705,23705,23706,10,0.009582215408202366
2017-01-31,23779,23779,23779,23782,51,0.0032059394246182205
2017-02-01,23779,23779,23779,23782,28,0.0
2017-02-02,23404,23855,23329,23857,81,0.0031536456143301805
2017-02-03,23855,23855,23855,23857,0,0.0
2017-02-06,23555,23555,23555,23556,5,-0.01261684201701807
2017-02-07,23404,23630,23404,23631,23,0.003183902190524668
2017-02-08,23630,23931,23479,23481,150,-0.0063475942617747805
2017-02-09,23855,23855,23630,23631,92,0.006388143605468244
2017-02-10,23404,23404,23404,23406,18,-0.00952139139266217
2017-02-13,23479,23479,23479,23481,87,0.003204306588054262
2017-02-14,24006,24006,24006,24007,5,0.02240109024317527
2017-02-15,23855,24081,23404,24082,506,0.0031240888074310913
2017-02-16,24006,24231,23779,23932,207,-0.006228718544971312
2017-02-17,23630,26790,23630,24610,523,0.02833026909577141
2017-02-20,24608,24608,24156,24534,41,-0.0030881755383990184
2017-02-21,24081,24532,24081,24534,81,0.0
2017-02-22,24608,25435,24608,24836,776,0.012309448112822974
2017-02-23,25134,25209,25134,25137,575,0.012119503945885013
2017-02-24,24834,24909,24834,24836,97,-0.011974380395433082
2017-02-27,24834,25059,24834,25062,115,0.009099693992591362
2017-02-28,24984,25209,24683,25212,282,0.00598515681110845
2017-03-02,25209,25209,25209,25212,5,0.0
2017-03-03,24909,25209,24909,25212,46,0.0
2017-03-06,25209,25209,24532,24686,92,-0.02086308107250512
2017-03-07,25059,25585,25059,25062,329,0.015231305193226907
2017-03-08,22726,24909,22726,24686,247,-0.015002793073178533
2017-03-09,24683,24683,24532,24534,35,-0.006157336141942804
2017-03-10,24984,26264,24984,25212,104,0.027635118610907394
2017-03-13,25134,25134,24683,24686,41,-0.02086308107250512
2017-03-14,24758,24758,24758,24761,0,0.0030381592805639457
2017-03-15,24683,24984,24231,24234,421,-0.021283469972941282
2017-03-16,24231,24231,24006,24007,685,-0.009367005034249365
2017-03-17,24006,24231,23630,24234,357,0.00945557545715836
2017-03-20,24081,24081,24081,24082,173,-0.006272179582404891
2017-03-21,24382,24532,24382,24534,74,0.01876920521551373
2017-03-22,24307,24382,24231,24384,352,-0.006113964294448548
2017-03-23,24382,24382,24382,24384,0,0.0
2017-03-24,24156,24231,24156,24234,161,-0.006151574803149651
2017-03-27,24231,24231,24231,24234,799,0.0
2017-03-28,24458,24458,24458,24458,127,0.009243212016175617
2017-03-29,24458,24458,24382,24384,390,-0.0030255948973750835
2017-03-30,24382,24382,24382,24384,0,0.0
2017-03-31,24532,24683,24532,24534,886,0.00615157480314954
2017-04-03,24758,24834,24683,24836,541,0.012309448112822974
2017-04-04,24458,24532,24382,24534,811,-0.012159768078595534
2017-04-05,24532,24532,24532,24534,138,0.0
2017-04-06,24306,24758,24306,24686,306,0.006195483818374425
2017-04-07,25209,25209,24532,24534,104,-0.006157336141942804
2017-04-10,24382,24458,24382,24458,35,-0.0030977419091872127
2017-04-11,24458,24458,24156,24234,403,-0.009158557527189415
2017-04-12,24156,24231,24156,24234,133,0.0
2017-04-13,24231,24231,24156,24234,375,0.0
2017-04-14,24307,24532,24307,24534,81,0.012379301807378118
2017-04-17,25285,25285,24307,24384,28,-0.006113964294448548
2017-04-18,24306,24683,24231,24686,74,0.012385170603674611
2017-04-19,24156,24306,24156,24308,2095,-0.015312322774041931
2017-04-20,24532,24532,24156,24234,984,-0.00304426526246504
2017-04-21,24231,24306,24231,24308,500,0.003053561112486669
2017-04-24,24382,24382,24306,24308,143,0.0
2017-04-25,24382,24458,24156,24384,236,0.0031265427019910863
2017-04-26,24532,24532,24458,24458,92,0.003034776902887115
2017-04-27,24306,24306,24306,24308,564,-0.006132962629814331
2017-04-28,24306,24306,24156,24308,552,0.0
2017-05-02,24006,24834,24006,24384,518,0.0031265427019910863
2017-05-04,24382,24382,24156,24158,299,-0.009268372703412076
2017-05-08,24231,24608,24231,24308,127,0.006209123271794015
2017-05-10,24307,24307,24156,24234,546,-0.00304426526246504
2017-05-11,24156,24231,24156,24234,1582,0.0
2017-05-12,24458,24458,24081,24158,213,-0.00313608979120239
2017-05-15,23931,24006,23855,23857,978,-0.012459640698733288
2017-05-16,24006,24081,24006,24082,189,0.0094311941987677
2017-05-17,24231,24231,23630,23782,1225,-0.012457437089942736
2017-05-18,23855,23855,23855,23857,166,0.0031536456143301805
2017-05-19,23855,23855,23779,23857,329,0.0
2017-05-22,23931,23931,23779,23857,1208,0.0
2017-05-23,24156,24231,24081,24082,155,0.0094311941987677
2017-05-24,24307,24307,23855,23932,546,-0.006228718544971312
2017-05-25,24006,24081,23931,23932,2421,0.0
2017-05-26,23931,24081,23931,23932,1271,0.0
2017-05-29,23931,24156,23931,24158,230,0.009443423031923803
2017-05-30,24156,24608,23931,24082,1674,-0.0031459557910422653
2017-05-31,23855,24608,23855,24458,207,0.015613321152728288
2017-06-01,24081,24683,24081,24686,696,0.009322103197317855
2017-06-02,24834,26339,24683,24911,1253,0.009114477841691615
2017-06-05,24532,24984,24382,24458,770,-0.0181847376660913
2017-06-07,25209,25209,24683,25212,449,0.030828358819200208
2017-06-08,25585,25661,24909,25212,1369,0.0
2017-06-09,25209,25435,24909,25137,724,-0.0029747739171822607
2017-06-12,25059,26339,25059,25814,569,0.026932410391057093
2017-06-13,25209,27091,25209,26491,2577,0.02622607887192996
2017-06-14,26489,27091,26489,27017,1253,0.019855800083047104
2017-06-15,27017,27017,26640,26716,282,-0.01114113336047673
2017-06-16,26339,26339,26114,26115,421,-0.02249588261715829
2017-06-19,26114,26339,26038,26040,120,-0.0028719126938541173
2017-06-20,26038,26038,25887,25889,178,-0.005798771121351742
2017-06-21,26339,26339,25737,25889,1214,0.0
2017-06-22,28070,28070,25737,26566,253,0.026150102360075644
2017-06-23,26565,26565,25585,25965,645,-0.022622901452985067
2017-06-26,26038,26038,25962,25965,247,0.0
2017-06-27,25962,25962,25962,25965,352,0.0
2017-06-28,26114,26114,26114,26115,28,0.005777007510109788
2017-06-29,26114,26189,26114,26190,46,0.0028719126938541173
2017-06-30,26189,26715,25811,26641,760,0.01722031309660177
2017-07-03,26038,26264,25962,25965,564,-0.02537442288202396
2017-07-04,25962,25962,25737,25738,426,-0.008742538031966118
2017-07-05,25737,26114,25737,26115,46,0.014647602766337808
2017-07-06,26114,26189,26114,26190,339,0.0028719126938541173
2017-07-07,26189,26189,25887,25965,282,-0.00859106529209619
2017-07-10,25962,25962,25962,25965,0,0.0
2017-07-11,25962,26114,25585,26115,207,0.005777007510109788
2017-07-12,25887,25962,25887,25965,74,-0.005743825387708235
2017-07-13,25737,26038,25737,26040,817,0.002888503755054783
2017-07-14,26189,26189,26038,26040,104,0.0
2017-07-17,25887,26038,25887,25965,173,-0.002880184331797264
2017-07-18,25811,26038,25811,25965,754,0.0
2017-07-19,25962,26113,25962,25965,845,0.0
2017-07-20,25887,25962,25737,25965,104,0.0
2017-07-21,25811,25887,25811,25889,143,-0.0029270171384556676
2017-07-24,26038,26189,26038,26190,173,0.011626559542663006
2017-07-25,26339,26339,25887,25889,133,-0.01149293623520431
2017-07-26,26339,26339,25962,26115,339,0.00872957626791293
2017-07-27,26189,26489,26189,26190,120,0.0028719126938541173
2017-07-28,26264,26565,25737,25738,1030,-0.01725849560901105
2017-07-31,26339,26339,25887,25889,230,0.005866811718082232
2017-08-01,25811,26414,25737,26341,87,0.017459152535826084
2017-08-02,25962,25962,25962,25965,97,-0.014274325196461768
2017-08-03,25811,25811,25737,25738,81,-0.008742538031966118
2017-08-04,26189,26189,25737,25738,97,0.0
2017-08-07,25737,25737,25737,25738,0,0.0
2017-08-08,25811,25811,25435,25437,495,-0.01169477037842881
2017-08-09,25435,25435,25435,25437,0,0.0
2017-08-10,25435,25737,25435,25664,87,0.008924008334316058
2017-08-11,25435,25585,25360,25362,495,-0.011767456359102257
2017-08-14,25285,26264,25285,25664,1110,0.011907578266698193
2017-08-16,26114,26114,25585,26040,23,0.014650872817955074
2017-08-17,25887,25887,25887,25889,0,-0.005798771121351742
2017-08-18,25737,25737,25585,25588,265,-0.011626559542662895
2017-08-21,25585,25737,25435,25588,552,0.0
2017-08-22,25510,25661,25435,25588,46,0.0
2017-08-23,25585,25585,25585,25588,0,0.0
2017-08-24,25585,25661,25435,25437,143,-0.005901203689229306
2017-08-25,25510,25510,25510,25514,0,0.0030270865274992786
2017-08-28,25435,25510,25285,25514,483,0.0
2017-08-29,25209,25209,25209,25212,127,-0.011836638708160208
2017-08-30,25209,25435,24984,25137,306,-0.0029747739171822607
2017-08-31,25134,25360,24909,24911,1329,-0.008990730795242041
2017-09-01,25285,25285,24834,25287,339,0.015093733691943223
2017-09-04,25134,25134,24984,25137,270,-0.005931901767706749
2017-09-05,25134,25134,25134,25137,0,0.0
2017-09-06,24984,24984,24984,24986,10,-0.006007081195051112
2017-09-07,25285,25360,25285,25362,143,0.015048427119186636
2017-09-08,25360,25360,25360,25362,18,0.0
2017-09-11,25285,25285,25134,25137,352,-0.008871540099361197
2017-09-12,25059,25285,25059,25062,621,-0.0029836496001909296
2017-09-13,25360,25360,25059,25062,51,0.0
2017-09-14,25285,25360,25134,25362,150,0.0119703136222169
2017-09-15,25360,25737,25360,25664,701,0.011907578266698193
2017-09-18,25059,25585,24909,24911,1409,-0.029340710723192
2017-09-19,25134,25209,25134,25212,23,0.012083015535305774
2017-09-20,25209,25435,25209,25437,282,0.008924321751546893
2017-09-21,25059,25435,25059,25437,143,0.0
2017-09-22,25059,25435,25059,25062,306,-0.01474230451704206
2017-09-25,25209,25360,24909,24911,506,-0.006025057856515859
2017-09-26,24909,24909,24834,24836,444,-0.0030107181566376706
2017-09-27,24909,24909,24834,24836,367,0.0
2017-09-28,24834,24834,24834,24836,23,0.0
2017-09-29,25209,25285,25209,25287,35,0.018159123852472314
2017-10-10,25209,25209,24984,24986,81,-0.011903349547198183
2017-10-11,25059,25059,24984,24986,35,0.0
2017-10-12,24984,24984,24532,24534,236,-0.018090130473064958
2017-10-13,25134,25209,24532,24534,242,0.0
2017-10-16,24458,25209,24458,24534,259,0.0
2017-10-17,24532,24532,24532,24534,627,0.0
2017-10-18,24532,25134,24532,24610,46,0.0030977419091873237
2017-10-19,25134,25134,24532,24761,97,0.0061357171881348815
2017-10-20,24758,24758,24532,24610,224,-0.006098299745567637
2017-10-23,24683,24758,24532,24534,242,-0.0030881755383990184
2017-10-24,24532,24758,24458,24458,242,-0.0030977419091872127
2017-10-25,24758,24758,24532,24534,18,0.003107367732439359
2017-10-26,24608,24608,24382,24384,673,-0.006113964294448548
2017-10-27,24382,24532,24307,24534,691,0.00615157480314954
2017-10-30,24307,25510,24307,25362,1633,0.03374908290535594
2017-10-31,24608,25059,24608,24686,97,-0.026654049365192
2017-11-01,24683,24834,24532,24836,546,0.006076318561127669
2017-11-02,24984,24984,24683,24911,207,0.0030198099532936507
2017-11-03,24909,24909,24683,24911,120,0.0
2017-11-06,24984,24984,24758,24986,236,0.0030107181566376706
2017-11-07,24984,24984,24834,24986,110,0.0
2017-11-08,24984,25887,24984,25062,299,0.0030417033538781
2017-11-09,25887,25887,25209,25588,173,0.02098794988428687
2017-11-10,25811,25811,25209,25664,143,0.0029701422541816846
2017-11-13,24984,26114,24984,25437,306,-0.00884507481296759
2017-11-14,25887,26038,25435,25965,834,0.02075716475999534
2017-11-15,25661,26264,25661,26190,189,0.008665511265164572
2017-11-16,25661,26189,25661,26190,28,0.0
2017-11-17,26189,26264,26038,26040,207,-0.00572737686139746
2017-11-20,26038,26339,25887,25965,886,-0.002880184331797264
2017-11-21,25962,26940,25510,26416,2312,0.017369535913730028
2017-11-22,26339,26339,26114,26115,173,-0.011394609327680216
2017-11-23,25661,26339,25661,26190,352,0.0028719126938541173
2017-11-24,26264,26489,26264,26491,10,0.01149293623520431
2017-11-27,26489,27693,26414,27319,1156,0.03125589822958741
2017-11-28,27091,27091,26489,26566,97,-0.027563234379003654
2017-11-29,26565,27167,26414,27093,1162,0.019837386132650847
2017-11-30,27392,27392,26940,27017,74,-0.0028051526224486256
2017-12-01,27091,28520,26189,27319,719,0.011178147092571367
2017-12-04,25510,27994,25510,26867,541,-0.016545261539587797
2017-12-05,27392,27392,26038,26793,173,-0.0027543082592027535
2017-12-06,26790,26790,26114,26115,352,-0.025305117008173728
2017-12-07,25811,26489,25811,26416,247,0.01152594294466791
2017-12-08,26339,26715,26339,26716,189,0.01135675348273768
2017-12-11,26715,26715,26489,26491,92,-0.008421919449019266
2017-12-12,27241,27543,26640,27545,259,0.03978709750481291
2017-12-13,27543,28144,27091,27620,857,0.0027228172082047752
2017-12-14,28296,28520,27543,28373,650,0.0272628530050687
2017-12-15,28596,28596,27693,27996,2675,-0.01328728016071612
2017-12-18,27769,28596,27769,28223,143,0.008108301185883793
2017-12-19,28596,28747,28219,28297,949,0.002621974984941433
2017-12-20,28596,28747,28596,28599,650,0.010672509453298895
2017-12-21,28296,28370,27994,28373,609,-0.007902374208888396
2017-12-22,28370,29048,27769,29050,788,0.023860712649349747
2017-12-26,29500,29500,27468,29350,1944,0.010327022375215211
2017-12-27,30852,30931,29507,30301,1306,0.0324020442930153
2017-12-28,30852,30852,30220,30221,489,-0.0026401768918518087
2018-01-02,29586,29586,28795,29035,1835,-0.039244234141821877
2018-01-03,29032,29350,28716,29272,390,0.008162562424659958
2018-01-04,30061,30061,29270,30064,1824,0.027056572834107673
2018-01-05,31485,31485,29032,29510,321,-0.01842735497605108
2018-01-08,29191,29191,28875,29192,110,-0.010776008132836301
2018-01-09,29270,29745,29270,29667,306,0.01627158125513839
2018-01-10,29586,29586,29270,29272,41,-0.013314457140931046
2018-01-11,29032,29032,29032,29035,5,-0.008096474446570134
2018-01-12,31722,31722,29270,29746,1651,0.024487687273979653
2018-01-15,30220,30377,29586,30380,2623,0.0213137900894238
2018-01-16,30377,30377,30061,30064,18,-0.010401579986833442
2018-01-17,30377,30377,29824,29826,23,-0.007916444917509313
2018-01-18,29507,29586,29507,29510,58,-0.010594783075169367
2018-01-19,29507,29507,29428,29430,10,-0.002710945442222945
2018-01-22,32118,32118,29903,29905,621,0.016139993204213443
2018-01-23,29428,29507,29428,29430,196,-0.01588363149974925
2018-01-24,29428,29507,29112,29272,421,-0.0053686714237173305
2018-01-25,29270,29903,29191,29905,133,0.02162476086362397
2018-01-26,29428,29903,29270,29905,408,0.0
2018-01-29,29903,30140,29903,30142,288,0.007925096137769705
2018-01-30,30377,30457,29745,29826,362,-0.010483710437263594
2018-01-31,29824,30220,29507,30221,242,0.013243478843961709
2018-02-01,30220,30220,29903,29905,115,-0.010456305218225714
2018-02-02,29586,30695,29586,29905,1202,0.0
2018-02-05,29507,29982,29507,29746,1237,-0.005316836649389756
2018-02-06,28795,30220,28795,29430,385,-0.010623277079271132
2018-02-07,29903,30457,29903,30459,523,0.03496432212028533
2018-02-08,30377,30377,29982,30380,224,-0.0025936504809743743
2018-02-09,31089,31089,29666,30301,385,-0.0026003949967083884
2018-02-12,30061,30377,30061,30380,115,0.0026071746807037055
2018-02-13,30536,30536,30536,30537,138,0.005167873601053419
2018-02-14,29824,30536,29824,30537,293,0.0
2018-02-19,30457,30457,30457,30459,138,-0.0025542784163473664
2018-02-20,30220,30220,29745,29746,380,-0.023408516366262844
2018-02-21,29745,30299,29586,30301,224,0.018657970819605962
2018-02-22,30299,30299,28083,28481,21744,-0.06006402428962743
2018-02-23,28716,29112,28478,28876,593,0.013868895052842278
2018-02-26,28875,29270,28875,29272,632,0.013713810777115976
2018-02-27,29270,29270,29270,29272,92,0.0
2018-02-28,29191,29191,28795,28797,51,-0.01622711123257725
2018-03-02,28875,28875,28875,28876,10,0.0027433413202764267
2018-03-05,28875,28954,28875,28956,903,0.0027704668236598895
2018-03-06,28954,29428,28954,29430,375,0.016369664318276023
2018-03-07,29270,29428,28795,28797,58,-0.021508664627930663
2018-03-08,28321,29191,28240,29114,230,0.011008091120602748
2018-03-09,29112,29507,29112,29114,46,0.0
2018-03-12,29270,29270,29270,29272,110,0.005426942364498144
2018-03-13,28954,29350,28954,28956,483,-0.010795299262093438
2018-03-14,28321,29586,28321,29589,495,0.021860754247824188
2018-03-15,29903,29903,29745,29826,104,0.008009733346851844
2018-03-16,29191,29745,29191,29746,74,-0.0026822235633340297
2018-03-19,29586,30061,29586,29984,898,0.008001075774894062
2018-03-20,29270,30061,28875,29905,489,-0.0026347385272145196
2018-03-21,29350,30061,29350,30064,110,0.005316836649389645
2018-03-22,30220,30220,29507,29589,115,-0.01579962746141561
2018-03-23,29507,30140,29428,29984,321,0.01334955557808648
2018-03-26,29903,30377,29903,30380,306,0.013207043756670256
2018-03-27,30377,30377,30220,30380,23,0.0
2018-03-28,30061,30061,30061,30064,28,-0.010401579986833442
2018-03-29,30061,30377,30061,30301,92,0.007883182543906297
2018-03-30,30140,30140,30140,30142,421,-0.005247351572555403
2018-04-02,29586,30377,29586,30380,87,0.007895959126799745
2018-04-03,30377,30377,30377,30380,265,0.0
2018-04-04,30536,30536,30061,30064,127,-0.010401579986833442
2018-04-05,30852,30852,30140,30617,219,0.018394092602448175
2018-04-06,30615,30852,29903,30775,161,0.005160531730737716
2018-04-09,30852,32830,30852,32753,1467,0.06427294882209589
2018-04-10,32910,34017,32751,33940,3831,0.036240955027020405
2018-04-11,34017,34096,32672,32990,1150,-0.027990571596935743
2018-04-12,32910,33701,32910,32990,362,0.0
2018-04-13,33385,33385,33226,33226,1030,0.007153682934222472
2018-04-16,33226,34807,32910,32910,1518,-0.009510624209956076
2018-04-17,33859,34096,33305,33307,691,0.012063202673959328
2018-04-18,33305,33701,33305,33624,28,0.009517518839883499
2018-04-19,32435,33067,32276,33070,380,-0.016476326433499833
2018-04-20,33067,33067,33067,33070,87,0.0
2018-04-23,33067,33067,32276,32910,414,-0.004838221953432087
2018-04-24,31643,32435,31643,32200,306,-0.021573989668793647
2018-04-25,31802,32197,31643,31646,110,-0.017204968944099397
2018-04-26,31643,31643,31643,31646,110,0.0
2018-04-27,31643,32276,31643,32279,390,0.020002527965619743
2018-04-30,31326,31722,31011,31646,207,-0.019610272932866546
2018-05-02,31643,32118,31564,32041,166,0.012481830247108583
2018-05-03,31643,32040,31643,32041,51,0.0
2018-05-04,32276,32276,31722,31725,259,-0.009862363846321887
2018-05-08,32356,32356,32276,32279,28,0.017462568951930546
2018-05-09,32435,32435,31247,32120,161,-0.004925803153753239
2018-05-10,31643,32356,31643,32279,247,0.004950186799501877
2018-05-11,32435,32435,32435,32436,230,0.004863843365655596
2018-05-14,33226,33226,32751,33148,357,0.02195091873227284
2018-05-15,30615,32593,30615,32595,344,-0.01668275612404968
2018-05-16,32593,32593,32593,32595,5,0.0
2018-05-17,32593,32593,32276,32279,97,-0.009694738456818563
2018-05-18,32593,32593,32118,32436,35,0.004863843365655596
2018-05-21,32435,32672,31960,32436,166,0.0
2018-05-23,33067,33067,32356,32910,3831,0.014613392526822144
2018-05-24,33067,33067,32514,32990,35,0.0024308720753569713
2018-05-25,32118,32751,31959,32753,115,-0.007183995150045419
2018-05-28,32830,33226,32751,32753,299,0.0
2018-05-29,32830,33226,32830,32831,454,0.0023814612401917845
2018-05-30,32830,33226,32435,33226,375,0.012031311869879158
2018-05-31,33701,33780,32672,33307,242,0.0024378498766026713
2018-06-01,33385,33385,33385,33386,35,0.002371873780286471
2018-06-04,33385,33385,33226,33226,115,-0.004792427963817181
2018-06-05,33226,33226,32514,32990,196,-0.007102871245410203
2018-06-07,33226,33226,32276,32595,454,-0.011973325250075773
2018-06-08,31881,32514,31881,32516,110,-0.002423684614204613
2018-06-11,32593,32988,32593,32990,196,0.014577438799360243
2018-06-12,32592,33226,32592,33148,104,0.004789330100030353
2018-06-14,33226,33226,32435,33070,120,-0.0023530831422710063
2018-06-15,33067,34807,33067,33702,282,0.019110976716056882
2018-06-18,33542,33542,32672,33307,196,-0.01172037267817938
2018-06-19,33226,33226,31802,31804,236,-0.04512564926291773
2018-06-20,31485,32118,31485,32120,150,0.00993585712488998
2018-06-21,31960,32276,31960,32279,74,0.004950186799501877
2018-06-22,32276,32276,32276,32279,0,0.0
2018-06-25,32275,32751,32275,32753,41,0.014684469779113307
2018-06-26,32356,32356,32356,32357,0,-0.012090495527127265
2018-06-27,32356,32356,31722,32200,143,-0.004852118552399753
2018-06-28,31564,32040,31485,32041,87,-0.004937888198757734
2018-06-29,31405,31564,31405,31566,35,-0.014824755781654764
2018-07-02,31722,31722,31722,31725,5,0.005037065196730639
2018-07-03,31405,31643,30931,31646,339,-0.0024901497241922588
2018-07-04,30852,31881,30852,31882,518,0.0074574985780193614
2018-07-05,31881,31881,31881,31882,104,0.0
2018-07-06,31643,31643,31643,31646,74,-0.007402295966375982
2018-07-09,33385,33385,31802,31804,81,0.004992732098843433
2018-07-10,32910,32910,32039,32673,81,0.027323607093447277
2018-07-11,32672,32672,32672,32673,0,0.0
2018-07-12,32514,32514,32514,32516,0,-0.0048051908303492485
2018-07-13,32514,32514,32514,32516,10,0.0
2018-07-16,32514,32514,32435,32436,28,-0.002460327223520742
2018-07-17,32197,32910,32197,32200,178,-0.007275866321371338
2018-07-18,32197,32197,31881,32120,173,-0.00248447204968949
2018-07-19,32040,32040,31881,31882,46,-0.007409713574097143
2018-07-20,32593,32593,32514,32516,41,0.01988582899441682
2018-07-23,31802,32514,31802,32436,41,-0.002460327223520742
2018-07-24,32435,32514,32435,32436,110,0.0
2018-07-25,32356,32435,31881,32279,127,-0.004840300900234351
2018-07-26,32356,33226,31881,32200,329,-0.002447411629852181
2018-07-27,32197,32910,32197,32910,645,0.022049689440993836
2018-07-30,32910,32910,32197,32831,178,-0.0024004861744150174
2018-07-31,32910,32910,32910,32910,46,0.002406262373975787
2018-08-01,33147,33147,33147,33148,10,0.007231844424187228
2018-08-02,33067,33701,33067,33307,143,0.004796669482321603
2018-08-03,33147,33226,33147,33226,81,-0.002431921217762034
2018-08-06,34017,34017,33542,33545,207,0.009600914946126471
2018-08-07,32276,33226,32276,33148,449,-0.011834848710687185
2018-08-08,34017,34017,32356,33070,1427,-0.0023530831422710063
2018-08-09,32988,33067,32988,33070,1340,0.0
2018-08-10,32988,32988,32988,32990,58,-0.002419110976716099
2018-08-13,33147,33147,32988,32990,23,0.0
2018-08-14,32910,33226,32910,33226,408,0.007153682934222472
2018-08-16,33226,33305,32988,32990,166,-0.007102871245410203
2018-08-17,33385,33385,33385,33386,81,0.01200363746589872
2018-08-20,34175,34175,32672,33226,196,-0.004792427963817181
2018-08-21,33542,33542,33226,33226,173,0.0
2018-08-22,32751,33463,32672,33070,495,-0.00469511828086433
2018-08-23,32751,33385,32751,33386,701,0.009555488358028441
2018-08-24,33385,33542,33385,33545,97,0.004762475289043389
2018-08-27,33542,33542,32751,33464,593,-0.002414666865404702
2018-08-28,32910,33385,32910,33386,28,-0.0023308630169734945
2018-08-29,33385,33463,33385,33464,18,0.002336308632360895
2018-08-30,33463,33463,32988,32990,58,-0.014164475256992604
2018-08-31,33226,34965,33226,34019,581,0.03119127008184308
2018-09-03,34017,34886,34017,34019,115,0.0
2018-09-04,35282,35282,33463,34335,390,0.009288926776213291
2018-09-05,35124,35440,34333,35443,1047,0.032270278141837805
2018-09-06,35124,35600,34729,34810,3463,-0.017859661992495002
2018-09-07,34807,35600,34649,34652,765,-0.004538925596093035
2018-09-10,35600,35600,34807,34890,35,0.0068682904305668036
2018-09-11,37023,37023,34729,34890,253,0.0
2018-09-12,37023,37023,35282,35364,627,0.013585554600171967
2018-09-13,35282,35282,35282,35285,87,-0.00223391019115482
2018-09-14,36232,36311,35600,35760,213,0.013461810967833276
2018-09-17,36075,36391,36075,36075,1518,0.008808724832214843
2018-09-18,36075,36075,36075,36075,127,0.0
2018-09-19,36075,36075,36075,36075,58,0.0
2018-09-20,36153,36469,36075,36154,845,0.002189882189882253
2018-09-21,36391,36391,36075,36075,178,-0.002185097084693277
2018-09-27,36865,36865,36075,36313,299,0.0065973665973666495
2018-09-28,36391,36391,36391,36391,92,0.002147991077575462
2018-10-01,35203,36391,35203,36391,138,0.0
2018-10-02,36311,36391,36311,36391,115,0.0
2018-10-04,37340,37340,36074,36550,236,0.004369212167843806
2018-10-05,35362,35995,35282,35285,747,-0.03461012311901501
2018-10-08,34965,34965,34333,34731,523,-0.01570072268669409
2018-10-10,33385,35756,33385,33545,500,-0.03414816734329562
2018-10-11,32910,34729,31881,32357,1019,-0.035415114025935335
2018-10-12,33542,33542,31011,31804,3572,-0.01709058318138268
2018-10-15,31802,31960,31802,31804,207,0.0
2018-10-16,31802,31960,31802,31962,161,0.004967928562444879
2018-10-17,31802,32118,31802,31962,173,0.0
2018-10-18,31960,33067,31802,32200,2963,0.007446342531756356
2018-10-19,31960,32830,31247,31566,3463,-0.019689440993788776
2018-10-22,32118,32197,31485,31566,3118,0.0
2018-10-23,31643,31960,31168,31171,3382,-0.012513463853513263
2018-10-24,30852,31722,30695,31329,7588,0.005068813961695229
2018-10-25,30695,32040,29982,30855,7956,-0.01512975198697697
2018-10-26,30220,31881,30220,30934,4671,0.002560362988170528
2018-10-29,30852,31564,29112,29272,3417,-0.05372729036012158
2018-10-30,28637,29982,28637,29984,655,0.024323585679147275
2018-10-31,29903,31485,25472,25870,18794,-0.13720651013874063
2018-11-01,26422,27292,26264,26503,4337,0.0244684963277928
2018-11-02,26976,27766,26422,27769,1346,0.04776817718748827
2018-11-05,36075,36075,36075,36075,10647,0.29911051892398
2018-11-06,45251,46833,40742,43116,167836,0.1951767151767152
2018-11-07,45409,45884,38051,38607,127245,-0.10457834678541611
2018-11-08,40980,42719,38051,39635,76866,0.026627295568161236
2018-11-09,38921,39396,36786,37341,35429,-0.05787813800933517
2018-11-12,36707,37815,35362,35443,33354,-0.05082884764735818
2018-11-13,34175,36391,34175,35206,21129,-0.00668679287870666
2018-11-14,35362,35600,33859,34494,27975,-0.020223825484292468
2018-11-15,34412,35203,33463,34415,22119,-0.0022902533773989653
2018-11-16,34807,35916,34175,34494,23015,0.0022955106784832147
2018-11-19,34570,36391,34175,35285,32294,0.022931524323070773
2018-11-20,34886,35362,34333,34415,9302,-0.024656369562136904
2018-11-21,34175,34570,33542,34098,7502,-0.009211099811128887
2018-11-22,34255,34255,33385,33545,6955,-0.016217959997653852
2018-11-23,33542,33780,32593,33386,7012,-0.004739901624683296
2018-11-26,33780,33780,32593,33386,5298,0.0
2018-11-27,33385,33701,33067,33307,1950,-0.002366261307134687
2018-11-28,33385,33701,32593,32831,3746,-0.014291290119194167
2018-11-29,33067,33542,32672,32753,3940,-0.0023758033565837167
2018-11-30,32514,33226,32514,32753,1237,0.0
2018-12-03,33147,33226,32672,32990,2352,0.007235978383659525
2018-12-04,33226,33701,33067,33386,2761,0.01200363746589872
2018-12-05,33067,33226,32830,32910,2635,-0.01425747319235604
2018-12-06,33226,33226,31959,32041,3854,-0.026405347918565747
2018-12-07,32118,32435,32040,32279,321,0.0074279828969132655
2018-12-10,32040,32197,31405,31646,891,-0.019610272932866546
2018-12-11,31643,32040,31326,31329,1761,-0.010017063767932766
2018-12-12,31326,32514,31326,32357,714,0.032813048613105966
2018-12-13,32118,32910,32118,32673,1990,0.009766047532218769
2018-12-14,33067,33067,32435,32436,253,-0.007253695712055808
2018-12-17,32830,32830,31881,32516,362,0.002466395363176721
2018-12-18,31881,32514,31881,32279,914,-0.007288719399680121
2018-12-19,32672,32672,31960,32595,1893,0.009789646519408945
2018-12-20,32118,32988,32118,32831,2018,0.007240374290535367
2018-12-21,32830,33067,32118,32910,4095,0.002406262373975787
2018-12-24,32751,33385,32751,33226,3889,0.009601944697660292
2018-12-26,32276,33701,32276,33148,1674,-0.002347559140432165
2018-12-27,33644,33644,32318,32319,955,-0.02500905031977796
2018-12-28,32318,32732,31489,31656,1863,-0.020514248584424077
2019-01-02,31986,35965,31986,32154,2278,0.01573161485974217
2019-01-03,32234,32898,32234,32817,880,0.0206195185668967
2019-01-04,32152,33064,32070,33066,2537,0.007587530852911639
2019-01-07,39776,41020,34556,34972,44656,0.057642291175225235
2019-01-08,35052,35384,34059,34475,10183,-0.014211369095276205
2019-01-09,34805,34970,34059,34392,2450,-0.002407541696881843
2019-01-10,34556,34722,34059,34640,3659,0.007210979297511022
2019-01-11,34223,34389,33893,34392,1679,-0.007159353348729747
2019-01-14,34389,34389,33810,34227,891,-0.004797627355198841
2019-01-15,34223,35219,34223,34308,6943,0.0023665527215355198
2019-01-16,34638,34970,34059,34392,2814,0.0024484085344524953
2019-01-17,34556,34722,34059,34392,1610,0.0
2019-01-18,34141,34223,33727,34227,3808,-0.004797627355198841
2019-01-21,34059,34472,33975,34308,632,0.0023665527215355198
2019-01-22,34307,34638,34059,34143,955,-0.004809373906960457
2019-01-23,34389,34389,33726,34143,2405,0.0
2019-01-24,33975,34307,33893,33977,616,-0.004861904343496426
2019-01-25,33975,34223,33975,34143,541,0.004885657945080446
2019-01-28,34223,34307,33975,33977,1386,-0.004861904343496426
2019-01-29,33893,34223,33810,34143,569,0.004885657945080446
2019-01-30,34307,34389,33975,34227,581,0.0024602407521308045
2019-01-31,34389,35135,33975,35138,5074,0.02661641394220937
2019-02-01,35135,35219,34638,35054,1455,-0.0023905743070180563
2019-02-07,34638,35135,34638,35138,546,0.002396302847035958
2019-02-08,35052,35052,34389,35054,708,-0.0023905743070180563
2019-02-11,35219,35798,34886,35386,3677,0.009471101728761422
2019-02-12,35301,35798,35052,35138,1019,-0.00700842140959701
2019-02-13,35301,35301,34970,35220,352,0.002333655871136653
2019-02-14,35384,35632,35052,35386,541,0.004713231118682604
2019-02-15,35550,36047,35219,35220,357,-0.004691120782230218
2019-02-18,35632,36047,35301,35552,299,0.009426462237365207
2019-02-19,35384,35715,35301,35718,1179,0.004669216921692199
2019-02-20,35468,36047,35301,35883,1610,0.004619519569964758
2019-02-21,35882,35965,35301,35718,783,-0.004598277735975209
2019-02-22,35715,35715,35384,35386,138,-0.009295033316535029
2019-02-25,35550,35798,35301,35303,339,-0.002345560391115109
2019-02-26,35632,35632,35301,35468,449,0.0046738237543551
2019-02-27,35550,35632,35301,35468,403,0.0
2019-02-28,35882,36544,35384,35883,5010,0.011700687944062205
2019-03-04,36296,36461,35882,36132,1600,0.006939219128835328
2019-03-05,35965,36461,35965,36214,747,0.002269456437506978
2019-03-06,36130,36130,35301,35966,2375,-0.006848180261777248
2019-03-07,35965,36047,35632,35635,500,-0.009203136295390046
2019-03-08,35632,36461,35632,35718,937,0.0023291707590851196
2019-03-11,35468,35882,35384,35883,961,0.004619519569964758
2019-03-12,36047,36212,35882,36214,1168,0.009224423821865502
2019-03-13,36213,36296,35965,36298,236,0.0023195449273760715
2019-03-14,36296,36296,35798,35800,811,-0.013719764174334625
2019-03-15,36130,36130,35468,35966,259,0.004636871508379992
2019-03-18,36130,36213,35301,35635,920,-0.009203136295390046
2019-03-19,35384,35468,35135,35468,783,-0.004686403816472562
2019-03-20,35135,35715,35052,35552,1702,0.0023683320175933442
2019-03-21,35135,35384,34970,35138,426,-0.01164491449144911
2019-03-22,35135,35715,35052,35386,143,0.007057886049291362
2019-03-25,35384,35384,34556,34805,760,-0.016418922737805874
2019-03-26,34805,35384,34805,35220,97,0.011923574199109277
2019-03-27,35301,35468,35052,35468,115,0.0070414537194776194
2019-03-28,34805,35550,34805,35468,650,0.0
2019-03-29,35468,35468,35135,35303,207,-0.004652080748844045
2019-04-01,35550,35550,35301,35386,489,0.002351074979463519
2019-04-02,35468,35468,35135,35468,127,0.0023173006273666807
2019-04-03,35468,35632,35468,35468,299,0.0
2019-04-04,35468,35468,35135,35220,375,-0.006992218337656508
2019-04-05,35052,35550,35052,35468,58,0.0070414537194776194
2019-04-08,35632,35632,34805,34805,2110,-0.018692906281718713
2019-04-09,34805,35135,34805,35138,41,0.009567590863381659
2019-04-10,34307,35301,34307,35220,1656,0.002333655871136653
2019-04-11,35219,35550,35135,35138,495,-0.0023282226007950158
2019-04-12,35135,35468,35052,35138,224,0.0
2019-04-15,35135,35219,35052,35054,375,-0.0023905743070180563
2019-04-16,34970,34970,34722,34972,1898,-0.0023392480173446417
2019-04-17,35219,35632,35135,35468,834,0.01418277479126151
2019-04-18,35135,35301,34970,35138,414,-0.00930416149768809
2019-04-19,35135,35384,35135,35386,110,0.007057886049291362
2019-04-22,35715,35715,35632,35635,500,0.007036681173345327
2019-04-23,35468,35715,35219,35220,731,-0.01164585379542582
2019-04-24,35219,35219,35219,35220,344,0.0
2019-04-25,35219,35301,34722,34890,587,-0.009369676320272524
2019-04-26,34722,35052,34722,34722,523,-0.004815133276010353
2019-04-29,34638,34970,34638,34972,97,0.007200046080295008
2019-04-30,34970,35135,34886,35138,276,0.0047466544664303
2019-05-02,35301,35384,34886,35386,564,0.007057886049291362
2019-05-03,35384,35384,34970,35303,81,-0.002345560391115109
2019-05-07,35301,35301,34805,34805,306,-0.014106449876781002
2019-05-08,34638,34970,34638,34972,282,0.004798161183737992
2019-05-09,34970,34970,33893,33977,2513,-0.028451332494567105
2019-05-10,33975,34223,33147,33977,1697,0.0
2019-05-13,34059,34472,34059,34475,104,0.01465697383524156
2019-05-14,33644,34307,33478,34227,708,-0.007193618564176885
2019-05-15,34223,34472,34223,34475,189,0.007245741665936167
2019-05-16,34556,35219,34307,34805,489,0.009572153734590305
2019-05-17,34886,34886,34472,34805,104,0.0
2019-05-20,34805,35135,34638,34972,242,0.004798161183737992
2019-05-21,34722,35052,34223,34805,466,-0.004775248770444884
2019-05-22,34389,35135,34307,34475,546,-0.009481396351099014
2019-05-23,34472,35052,34472,34805,632,0.009572153734590305
2019-05-24,34389,35301,34389,34640,4131,-0.0047406981755494515
2019-05-27,35219,35550,34638,35138,2837,0.014376443418013807
2019-05-28,34722,35384,34722,35386,1110,0.007057886049291362
2019-05-29,34722,35052,34472,34972,604,-0.011699542191827228
2019-05-30,34638,34970,34556,34972,178,0.0
2019-05-31,34970,35219,34722,35220,398,0.007091387395630866
2019-06-03,35219,35715,34805,35054,2450,-0.004713231118682604
2019-06-04,35219,35219,34638,34805,914,-0.007103326296570955
2019-06-05,35219,35219,34805,34972,609,0.004798161183737992
2019-06-07,35052,35301,34970,35220,35,0.007091387395630866
2019-06-10,35219,35219,35052,35220,293,0.0
2019-06-11,35550,35550,34805,35220,288,0.0
2019-06-12,35301,35301,35135,35220,224,0.0
2019-06-13,35301,35301,34722,34972,265,-0.0070414537194776194
2019-06-14,34638,35052,34472,34722,1266,-0.007148576003660034
2019-06-17,34722,34805,34722,34722,219,0.0
2019-06-18,34638,34970,34638,34890,276,0.0048384309659581515
2019-06-19,34223,35052,34223,34722,460,-0.004815133276010353
2019-06-20,34722,35052,34722,34890,541,0.0048384309659581515
2019-06-21,34886,35219,34722,35138,535,0.0071080538836343354
2019-06-24,34970,35468,34970,34972,201,-0.004724230178154709
2019-06-25,35301,35301,34970,34972,133,0.0
2019-06-26,34970,35135,34970,34972,143,0.0
2019-06-27,34805,35301,34805,34805,437,-0.004775248770444884
2019-06-28,34805,35301,34805,35054,41,0.007154144519465611
2019-07-01,39776,45411,35550,35718,113354,0.01894220345752262
2019-07-02,36793,37374,35632,36132,22251,0.011590794557366113
2019-07-03,36461,36959,35219,35468,8611,-0.018377061884202406
2019-07-04,35715,35798,34556,35138,10539,-0.00930416149768809
2019-07-05,34805,35301,34722,34890,1881,-0.007057886049291362
2019-07-08,34886,35384,34389,34640,2537,-0.0071653768988249045
2019-07-09,34556,35135,34472,34640,1478,0.0
2019-07-10,35135,35135,34389,34890,1893,0.00721709006928406
2019-07-11,35135,35135,34556,34890,1353,0.0
2019-07-12,35135,35135,34472,34557,1248,-0.00954428202923474
2019-07-15,34556,34886,33975,34557,2577,0.0
2019-07-16,34556,34886,34556,34805,1404,0.0071765488902393315
2019-07-17,34970,34970,34223,34475,1404,-0.009481396351099014
2019-07-18,34307,34805,34307,34475,495,0.0
2019-07-19,34307,34805,34307,34805,408,0.009572153734590305
2019-07-22,34638,35052,34389,34640,593,-0.0047406981755494515
2019-07-23,35135,35135,34638,34972,398,0.00958429561200913
2019-07-24,33561,34886,33561,34475,1870,-0.014211369095276205
2019-07-25,34638,34638,34223,34475,903,0.0
2019-07-26,34638,34638,34141,34227,708,-0.007193618564176885
2019-07-29,33975,34223,33064,33480,1507,-0.02182487509860631
2019-07-30,33478,34141,33478,33646,662,0.004958183990442011
2019-07-31,33810,34141,33147,33977,385,0.009837722166082141
2019-08-01,33810,34141,32152,33148,3302,-0.024398858051034478
2019-08-02,31739,33561,31739,33563,1484,0.012519609026185652
2019-08-05,33312,33312,32402,32402,3405,-0.03459166343890596
2019-08-06,32152,32898,31820,32319,822,-0.0025615702734399504
2019-08-07,32318,33478,32318,32817,691,0.015408892601875168
2019-08-08,31986,33478,31986,33480,1104,0.0202029435963067
2019-08-09,33478,35219,32484,33148,3268,-0.009916367980884133
2019-08-12,33312,33478,32898,33397,265,0.007511765415711302
2019-08-13,32815,33395,32402,32651,966,-0.022337335688834337
2019-08-14,32649,33478,32649,32983,344,0.010168141863955205
2019-08-16,32732,33147,32567,32983,138,0.0
2019-08-19,32566,33147,32566,33148,375,0.005002577085165161
2019-08-20,32816,33312,32816,33314,224,0.0050078436104741275
2019-08-21,33395,33395,32980,33148,259,-0.004982890076244195
2019-08-22,33147,33312,33147,33148,288,0.0
2019-08-23,33064,33230,33064,33231,213,0.0025039218052371748
2019-08-26,33064,33064,32816,32817,143,-0.012458246817730445
2019-08-27,32816,33312,32484,32734,949,-0.0025291769509705464
2019-08-28,32732,32816,32567,32817,719,0.0025355899065191423
2019-08-29,32816,32980,32567,32983,776,0.005058353901941093
2019-08-30,32980,33810,32980,33148,1276,0.005002577085165161
2019-09-02,33478,33478,32980,32983,219,-0.004977675877881005
2019-09-03,33312,33395,32898,33397,390,0.012551920686414197
2019-09-04,33478,33478,32816,33480,316,0.002485253166452095
2019-09-05,33478,33478,33230,33314,477,-0.004958183990442011
2019-09-06,33478,33478,32732,32983,966,-0.009935762742390608
2019-09-09,32980,34970,32980,33646,426,0.020101264287663234
2019-09-10,33312,33312,32649,32817,1289,-0.02463888723771024
2019-09-11,33147,33230,32732,33148,593,0.010086235792424736
2019-09-16,33478,33478,32484,32983,1283,-0.004977675877881005
2019-09-17,32898,34059,32816,33894,1127,0.027620289239911555
2019-09-18,33893,34223,33893,34059,259,0.004868118251017961
2019-09-19,34059,34223,33975,34143,1409,0.002466308464722955
2019-09-20,34059,34223,33810,34227,196,0.0024602407521308045
2019-09-23,34059,34059,33893,33977,23,-0.007304175066467966
2019-09-24,34141,34141,33810,34143,173,0.004885657945080446
2019-09-25,34059,34059,33644,34059,41,-0.0024602407521306935
2019-09-26,34307,34307,33810,34143,242,0.002466308464722955
2019-09-27,34141,34141,33478,33977,224,-0.004861904343496426
2019-09-30,33975,34223,33644,34227,242,0.007357918591988755
2019-10-01,34059,34223,33644,33729,282,-0.014549916732404244
2019-10-02,33726,34223,33644,33894,367,0.004891932758160689
2019-10-04,34307,34307,33561,33894,196,0.0
2019-10-07,34389,34389,33644,33729,662,-0.00486811825101785
2019-10-08,33726,34307,33644,33646,253,-0.0024607904177413875
2019-10-10,34141,34141,33312,33646,426,0.0
2019-10-11,33893,33893,33893,33894,5,0.007370861320810773
2019-10-14,33478,33893,33312,33812,627,-0.002419307252020997
2019-10-15,33478,33893,33478,33812,1957,0.0
2019-10-16,33726,33893,33561,33894,811,0.002425174494262494
2019-10-17,33726,33810,33561,33646,150,-0.007316929250014703
2019-10-18,33727,33810,33644,33812,120,0.004933721690542736
2019-10-21,33478,34059,33478,33894,74,0.002425174494262494
2019-10-22,33893,33975,33893,33894,920,0.0
2019-10-23,33893,34059,33893,33977,1346,0.002448810998996853
2019-10-24,33810,33975,33810,33977,10,0.0
2019-10-25,34141,34141,33726,33977,127,0.0
2019-10-28,34472,34472,33975,33977,104,0.0
2019-10-29,34307,34307,34223,34308,189,0.009741884215793029
2019-10-30,34307,34307,34141,34143,10,-0.004809373906960457
2019-10-31,34141,34307,33975,34308,253,0.004832615763114001
2019-11-01,34141,34141,33395,34059,288,-0.007257782441413063
2019-11-04,34059,34223,33810,34143,937,0.002466308464722955
2019-11-05,34307,34307,33810,34143,321,0.0
2019-11-06,34141,34223,33975,34227,344,0.0024602407521308045
2019-11-07,34223,34223,33975,33977,506,-0.007304175066467966
2019-11-08,34141,34141,33644,34059,996,0.0024133972981723595
2019-11-11,34141,34141,34059,34059,1840,0.0
2019-11-12,34307,34307,34141,34143,41,0.002466308464722955
2019-11-13,34307,34307,33893,33894,265,-0.0072928565152446945
2019-11-14,33893,34223,33727,34227,454,0.00982474774296338
2019-11-15,34141,34307,34141,34308,650,0.0023665527215355198
2019-11-18,34307,34389,33975,34392,120,0.0024484085344524953
2019-11-19,34389,34472,33726,33894,306,-0.014480111653872973
2019-11-20,34223,34223,33893,34143,81,0.0073464329969905595
2019-11-21,34223,34223,33810,34059,173,-0.0024602407521306935
2019-11-22,33644,33727,33561,33563,776,-0.014562964267888057
2019-11-25,33893,33975,33478,33646,247,0.0024729612966660763
2019-11-26,33810,33893,33810,33894,58,0.007370861320810773
2019-11-27,33893,33975,33893,33977,74,0.002448810998996853
2019-11-28,33975,33975,33810,33894,138,-0.002442828972540223
2019-11-29,34059,34970,33395,33894,1323,0.0
2019-12-02,33893,34059,33810,33977,196,0.002448810998996853
2019-12-03,33893,34059,33810,34059,69,0.0024133972981723595
2019-12-04,34059,34059,33644,34059,120,0.0
2019-12-05,34059,34059,33810,33977,196,-0.002407586834610509
2019-12-06,34059,34141,33893,34143,166,0.004885657945080446
2019-12-09,34307,34307,33893,33977,276,-0.004861904343496426
2019-12-10,34223,34805,33975,34557,973,0.017070371133413698
2019-12-11,35301,35301,32484,34143,12183,-0.01198020661515753
2019-12-12,34141,34722,34141,34722,1484,0.016958088041472585
2019-12-13,34389,35052,34307,34890,2180,0.0048384309659581515
2019-12-16,34886,35219,34886,34972,1335,0.002350243622814663
2019-12-17,35052,35468,35052,35468,1812,0.01418277479126151
2019-12-18,35384,35715,35384,35468,1042,0.0
2019-12-19,35550,35965,35550,35800,2232,0.009360550355249853
2019-12-20,35882,36296,35882,36298,845,0.013910614525139753
2019-12-23,36627,37457,36130,37127,2151,0.02283872389663344
2019-12-24,36627,37041,36544,36961,316,-0.004471139601906926
2019-12-26,36959,37374,36793,37374,1363,0.011173940099023394
2019-12-27,37200,37200,36591,36767,845,-0.01624123722373838
2019-12-30,36765,36765,35983,36071,794,-0.018930018766828982
2020-01-02,36330,36503,35983,36419,655,0.009647639377893702
2020-01-03,36331,36416,36331,36332,166,-0.0023888629561492625
2020-01-06,35983,36070,35635,35637,184,-0.019129142353847883
2020-01-07,35635,35896,35461,35897,357,0.0072957880854167545
2020-01-08,35722,36070,35374,35550,506,-0.009666545950915095
2020-01-09,35983,36157,35548,35550,472,0.0
2020-01-10,35548,36070,35548,36071,236,0.014655414908579356
2020-01-13,35722,36157,35635,36158,339,0.002411909844473481
2020-01-14,36157,36157,35461,35984,655,-0.004812213064881887
2020-01-15,35983,36070,35983,35984,230,0.0
2020-01-16,35983,35983,35635,35897,276,-0.0024177412183192803
2020-01-17,35548,35809,35461,35810,173,-0.0024236008580104107
2020-01-20,35809,36070,35809,35810,253,0.0
2020-01-21,36244,36244,35809,35810,714,0.0
2020-01-22,35809,36157,35635,36071,529,0.0072884669086847875
2020-01-23,36070,36070,35635,35637,627,-0.012031826120706413
2020-01-28,35635,36070,35635,35637,673,0.0
2020-01-29,35809,36070,35809,35810,645,0.004854505149142652
2020-01-30,35722,36157,35635,35723,133,-0.002429488969561522
2020-01-31,35548,35548,35287,35289,898,-0.012149035635305006
2020-02-03,35027,35374,34679,34855,541,-0.012298449941908207
2020-02-04,35635,35635,35200,35637,265,0.022435805479845028
2020-02-05,35461,35983,35461,35897,329,0.0072957880854167545
2020-02-06,35896,36157,35809,35984,1444,0.0024236008580105217
2020-02-07,35896,35983,35809,35984,115,0.0
2020-02-10,35983,35983,35548,35550,178,-0.01206091596265002
2020-02-11,35374,35896,35374,35810,329,0.007313642756680672
2020-02-12,35374,35809,35374,35550,265,-0.007260541748115079
2020-02-13,35983,35983,35896,35897,35,0.0097609001406469
2020-02-14,35896,35983,35896,35984,10,0.0024236008580105217
2020-02-17,35983,35983,35200,35637,701,-0.009643174744330851
2020-02-18,35896,35896,35896,35897,23,0.0072957880854167545
2020-02-19,35461,35722,35287,35637,213,-0.007242945092904685
2020-02-20,35722,35722,35635,35723,329,0.0024132222128685488
2020-02-21,35722,35809,35287,35289,466,-0.012149035635305006
2020-02-24,35200,35200,34244,34506,937,-0.022188217291507217
2020-02-25,34505,34940,34505,34941,219,0.012606503216831877
2020-02-26,35635,35635,34940,35115,920,0.0049798231304198914
2020-02-27,34592,35635,34592,35289,1024,0.004955147372917468
2020-02-28,35722,35722,34592,34593,1202,-0.019722859814673144
2020-03-02,34940,35548,34940,35550,891,0.027664556413147245
2020-03-03,35635,35896,35635,35897,754,0.0097609001406469
2020-03-04,36070,37026,36070,36158,1985,0.007270802574031343
2020-03-05,36851,36851,35287,36332,1692,0.004812213064881998
2020-03-06,36330,36851,36330,36419,1702,0.002394583287460117
2020-03-09,36851,36851,35809,36071,1030,-0.00955545182459705
2020-03-10,35635,36677,35635,36419,1404,0.009647639377893702
2020-03-11,36417,36417,34767,35637,1432,-0.021472308410445118
2020-03-12,35461,35461,34070,34506,2296,-0.031736678171563226
2020-03-13,33462,34679,32681,34680,2203,0.00504260128673284
2020-03-16,35548,35635,34332,34420,2232,-0.007497116493656253
2020-03-17,33027,34418,33027,34247,1921,-0.005026147588611307
2020-03-18,35287,35287,33549,33550,1507,-0.020352147633369344
2020-03-19,35114,35114,32420,32420,1421,-0.033681073025335295
2020-03-20,34940,34940,33027,33377,1524,0.029518815545959365
2020-03-23,33027,33375,32854,33204,375,-0.0051832099949066235
2020-03-24,33201,33897,33027,33550,1893,0.01042043127334047
2020-03-25,33027,34592,33027,33898,2059,0.010372578241430785
2020-03-26,33897,34070,33462,34072,914,0.005133046197415725
2020-03-27,34592,44240,34332,38157,47078,0.11989316741019018
2020-03-30,37721,38156,36765,37374,6287,-0.02052048116990335
2020-03-31,37287,37894,37113,37549,4032,0.004682399529084336
2020-04-01,38591,38591,37200,37549,4457,0.0
2020-04-02,37634,37721,36331,36854,2566,-0.01850914804655246
2020-04-03,0,0,0,36854,0,0.0
2020-04-06,0,0,0,36854,0,0.0
2020-04-07,0,0,0,36854,0,0.0
2020-04-08,47717,47891,38417,38940,130627,0.05660172572855049
2020-04-09,39807,46761,38895,42460,109792,0.09039548022598876
2020-04-10,45892,47282,43110,43459,56434,0.023528026377767297
2020-04-13,43631,44067,41676,41721,17410,-0.03999171633033438
2020-04-14,42154,42545,40677,40852,9604,-0.020828839193691384
2020-04-16,40850,40850,39242,39983,6816,-0.021271908352100244
2020-04-17,43459,44240,40546,41069,18966,0.02716154365605372
2020-04-20,41372,41719,40415,41026,12650,-0.0010470184323942977
2020-04-21,40633,41155,39546,41026,8163,0.0
2020-04-22,40024,40764,39895,40591,4936,-0.010603032223468034
2020-04-23,41024,41632,40024,40852,4692,0.006429996797319593
2020-04-24,40850,41198,40459,40504,3002,-0.00851855478311958
2020-04-27,40894,40894,40111,40504,2458,0.0
2020-04-28,40807,40981,39112,40244,1857,-0.006419119099348225
2020-04-29,39981,40415,39981,40330,1837,0.0021369645164497353
2020-05-04,40720,40720,39677,40287,2967,-0.0010662038184974243
2020-05-06,40503,40503,39938,40287,2359,0.0
2020-05-07,40285,40372,39721,40113,2963,-0.004319011095390568
2020-05-08,40807,41632,40155,41635,12825,0.037942811557350575
2020-05-11,42154,46065,41676,43633,35757,0.047988471238141095
2020-05-12,43718,44153,42589,43154,4468,-0.010977929548735998
2020-05-13,41415,43631,41415,42634,7517,-0.012049867914909362
2020-05-14,43197,44067,42545,43198,6440,0.013228878359994312
2020-05-15,43545,43892,42111,43198,5859,0.0
2020-05-18,56148,56148,49195,49195,280377,0.1388258715681281
2020-05-19,47804,48413,44588,45893,45467,-0.06712064234170134
2020-05-20,45457,46761,45022,45632,15196,-0.005687141829908704
2020-05-21,46065,46326,44762,45458,7598,-0.0038131136044881053
2020-05-22,46326,46500,45196,45458,9904,0.0
2020-05-25,45457,45631,44762,45458,7359,0.0
2020-05-26,45457,45892,45022,45632,4916,0.003827709094108789
2020-05-27,43545,45631,43545,44937,5636,-0.015230539971949564
2020-05-28,45283,45718,44675,45111,6577,0.003872087589291695
2020-05-29,45109,45805,44675,45111,10153,0.0
2020-06-01,45543,46239,45196,45806,7137,0.015406441887787947
2020-06-02,45805,45805,44935,45198,4846,-0.013273370300833975
2020-06-03,45196,45631,44675,45285,7134,0.0019248639320323946
2020-06-04,45196,45543,45109,45198,5964,-0.0019211659489897226
2020-06-05,45283,45457,44327,45285,3171,0.0019248639320323946
2020-06-08,45283,58842,44848,58844,172296,0.29941481726841124
2020-06-09,62580,75617,58233,58756,433003,-0.0014954795731085824
2020-06-10,56496,57799,51889,53629,152362,-0.08725917353121382
2020-06-11,54670,58233,52932,54237,98283,0.011337149676480918
2020-06-12,50411,57973,50411,52412,116254,-0.03364861625827387
2020-06-15,53975,54844,48586,48587,86812,-0.0729794703503015
2020-06-16,49715,51976,49107,51455,40584,0.05902813509786564
2020-06-17,61537,64318,52323,54585,238026,0.06082985132640162
2020-06-18,56409,60494,54931,57279,187169,0.04935421819181096
2020-06-19,57799,59016,51193,53282,99664,-0.06978124618097381
2020-06-22,53280,53280,50846,51804,31255,-0.027739198979017332
2020-06-23,51716,53019,50324,50673,34372,-0.021832290942784383
2020-06-24,51628,52932,49976,50412,33825,-0.005150671955479247
2020-06-25,49542,51107,49107,49109,27624,-0.02584702055066257
2020-06-26,50324,50324,47804,49109,22256,0.0
2020-06-29,48672,49021,46935,47284,18507,-0.037162230955629316
2020-06-30,47369,48586,46586,48152,13145,0.018357160984688203
2020-07-01,48672,51193,48238,48327,33809,0.003634324638644326
2020-07-02,50324,50324,46500,47197,28197,-0.023382374242142068
2020-07-03,48586,54410,47804,48849,155289,0.03500222471767267
2020-07-06,49195,49629,48586,49109,28028,0.005322524514319582
2020-07-07,49195,49456,47195,47805,35890,-0.02655317762528253
2020-07-08,47804,48326,47195,47458,15481,-0.007258654952410848
2020-07-09,47978,48413,47195,48152,19212,0.014623456529984313
2020-07-10,48152,48586,47021,47458,19960,-0.014412693138395105
2020-07-13,47543,49976,47196,47978,44329,0.010957056765982465
2020-07-14,48413,50064,47891,48936,33836,0.019967485097336368
2020-07-15,49542,50064,47804,48936,28839,0.0
2020-07-16,48586,48933,47891,48240,10866,-0.01422265816576751
2020-07-17,48238,49195,47891,48587,20762,0.007193200663349941
2020-07-20,48498,49281,47804,49109,24005,0.010743614547101155
2020-07-21,49976,51716,49542,50673,64248,0.0318475228573174
2020-07-22,50238,53888,49889,53629,82027,0.05833481341148139
2020-07-23,54757,69273,53714,59539,535540,0.11020157004605724
2020-07-24,64318,74575,60320,60322,814947,0.013151043853608657
2020-07-27,60320,70143,57278,62755,321721,0.04033354331752936
2020-07-28,64492,64492,59624,60582,92361,-0.03462672297028124
2020-07-29,59277,65188,57364,59191,246340,-0.022960615364299608
2020-07-30,58407,58930,56496,56844,57621,-0.0396512983392745
2020-07-31,56496,59450,55105,58670,173117,0.032123003307297227
2020-08-03,69968,73705,61276,61625,450953,0.05036645645133797
2020-08-04,61276,61276,59450,60843,95939,-0.012689655172413827
2020-08-05,62580,73879,61363,66493,1031705,0.0928619561823052
2020-08-06,67622,68230,63536,63885,137848,-0.03922217376265169
2020-08-07,63884,67187,63101,64320,85338,0.006809110119746498
2020-08-10,64753,67360,63710,64146,83053,-0.0027052238805970186
2020-08-11,65447,66925,64058,64927,108013,0.012175349982851635
2020-08-12,64058,64579,61624,61886,59768,-0.0468372171823741
2020-08-13,62494,62754,60842,60843,41909,-0.016853569466438345
2020-08-14,60146,61537,59191,59539,35069,-0.02143221077198687
2020-08-18,59624,61537,56496,57106,33624,-0.04086397151446952
2020-08-19,58668,59885,57452,59626,33279,0.04412846285854366
2020-08-20,65101,69012,59624,60843,225564,0.020410559152047814
2020-08-21,62058,62145,57799,59539,49302,-0.02143221077198687
2020-08-24,59538,59538,58147,59104,20080,-0.007306135474226982
2020-08-25,59104,60320,58233,59973,30345,0.01470289658906343
2020-08-26,59973,60494,58668,59018,22750,-0.01592383239124273
2020-08-27,59016,59973,57887,58584,31811,-0.0073536887051408595
2020-08-28,59103,59538,57973,58236,22175,-0.005940188447357664
2020-08-31,58407,59973,56061,58496,27838,0.004464592348375485
2020-09-01,58930,58930,57887,58496,11717,0.0
2020-09-02,59104,59885,58495,58930,19692,0.007419310722100558
2020-09-03,58842,59450,56496,59191,24262,0.004428983539793041
2020-09-04,57626,58842,57452,58844,20038,-0.005862377726343571
2020-09-07,59624,59624,58147,58322,16632,-0.00887091292230302
2020-09-08,58581,58930,57799,58670,19065,0.005966873564006825
2020-09-09,58233,58321,57364,57713,13827,-0.016311573206067798
2020-09-10,57887,60754,57364,58236,55231,0.009062083066206927
2020-09-11,58407,59624,57887,59279,26721,0.01790988392059889
2020-09-14,60059,60059,59016,59539,26965,0.004386038900791256
2020-09-15,59973,61884,59624,61277,75689,0.02919095046944009
2020-09-16,61711,62058,60320,60669,23601,-0.009922156763549128
2020-09-17,60580,60580,59016,59539,20731,-0.018625657254940697
2020-09-18,58581,63797,58495,60496,34627,0.016073498043299272
2020-09-21,62754,65101,60233,62060,218253,0.025852948955302768
2020-09-22,60928,62058,57539,57801,55978,-0.06862713503061557
2020-09-23,58407,58668,54931,57019,18591,-0.013529177695887573
2020-09-24,55713,58581,54149,55106,23911,-0.033550220102071204
2020-09-25,55366,56148,54757,54758,11240,-0.0063151018037963524
2020-09-28,57799,59104,55192,56323,31396,0.02858029876912971
2020-09-29,56583,56844,55627,56409,10210,0.0015269073025230284
2020-10-05,56930,57190,55974,56932,9855,0.009271570139516738
2020-10-06,56930,57104,56235,56758,7001,-0.0030562776645822742
2020-10-07,56496,56844,55713,56236,5375,-0.009196941400331227
2020-10-08,57017,57190,56148,56758,12797,0.009282310263887927
2020-10-12,56930,57104,53453,56063,13054,-0.012244969872088562
2020-10-13,56148,56235,55278,55715,9376,-0.0062073024989743875
2020-10-14,55366,56321,54931,55280,6726,-0.007807592210356318
2020-10-15,54844,56930,54757,54933,13537,-0.0062771345875543005
2020-10-16,54931,55627,53453,53803,13982,-0.020570513170589666
2020-10-19,53627,54670,53453,53455,5326,-0.006468040815567955
2020-10-20,53019,54323,52236,52586,8281,-0.016256664484145533
2020-10-21,52584,53366,52497,53368,4733,0.014870878180504254
2020-10-22,52932,53366,52584,52672,4240,-0.013041523010043465
2020-10-23,53453,53453,52150,52499,5889,-0.0032844775212637067
2020-10-26,52497,52497,51454,51716,7697,-0.014914569801329547
2020-10-27,51541,51976,50759,51108,5673,-0.011756516358573776
2020-10-28,51107,52932,51107,52759,5211,0.032304140252015445
2020-10-29,52150,53453,50846,53107,8821,0.006596031008927472
2020-10-30,53106,53888,52584,52846,5988,-0.004914606360743368
2020-11-02,52932,53106,51454,52672,5222,-0.0032925860046172373
2020-11-03,52236,54236,51802,54237,8974,0.02971218104495743
2020-11-04,54670,55105,53888,54237,11442,0.0
2020-11-05,54236,55018,54236,55020,10660,0.014436639194645773
2020-11-06,55018,55540,54236,54498,6825,-0.00948745910577975
2020-11-09,54931,55887,54496,55541,14829,0.019138317002458827
2020-11-10,56320,56320,54930,55366,8748,-0.003150825516285316
2020-11-11,55453,56235,54844,55106,10438,-0.004696022829895563
2020-11-12,55192,55540,54757,54933,11697,-0.003139404057634354
2020-11-13,54844,55192,54236,54933,11031,0.0
2020-11-16,54931,55366,54583,54758,7417,-0.003185698942347992
2020-11-17,55192,55366,54323,54672,7185,-0.00157054676942181
2020-11-18,54669,56234,54669,55366,19466,0.012693883523558602
2020-11-19,56061,56321,54757,56236,16822,0.015713614853881452
2020-11-20,57017,57626,56061,56497,20907,0.004641155131943853
2020-11-23,57364,58581,56321,57713,38434,0.021523266722126788
2020-11-24,57973,57973,56583,56758,23099,-0.016547398333131236
2020-11-25,56409,56496,55627,55889,12651,-0.015310617005532268
2020-11-26,55887,56321,55540,56236,6352,0.006208735171500557
2020-11-27,56670,59538,55627,57193,39669,0.017017568817127904
2020-11-30,57713,57973,56756,57106,16958,-0.001521165177556738
2020-12-01,57190,59016,56409,57713,38546,0.010629355934577811
2020-12-02,57799,58233,57364,57801,15512,0.0015247864432623714
2020-12-03,58147,58147,57278,57713,9820,-0.0015224650092559022
2020-12-04,57713,58233,57104,57367,12627,-0.005995183061008769
2020-12-07,57364,61537,57104,59539,74171,0.03786148831209579
2020-12-08,60233,60494,57799,57975,26749,-0.026268496279749365
2020-12-09,58581,58581,57278,57627,13641,-0.006002587322121555
2020-12-10,57539,58061,57104,57540,6596,-0.0015097089905773409
2020-12-11,57539,59538,57539,58584,25076,0.018143899895724624
2020-12-14,59364,59364,58321,58756,16894,0.002935955209613539
2020-12-15,58756,59016,58147,58148,10211,-0.010347879365511625
2020-12-16,58495,58842,58061,58322,8828,0.0029923643117562015
2020-12-17,58581,59103,58061,58496,5217,0.0029834367820034124
2020-12-18,58581,61624,58407,60582,55622,0.035660557986870955
2020-12-21,61711,68491,60494,63885,226158,0.05452114489452309
2020-12-22,64145,64405,61102,61190,31632,-0.04218517648900366
2020-12-23,62494,62580,60754,60931,20356,-0.004232717764340532
2020-12-24,61971,62319,60667,61364,24333,0.007106399041538758
2020-12-28,60842,62667,60842,62494,31270,0.01841470569063297
2020-12-29,63131,63769,62311,63223,23650,0.011665119851505645
2020-12-30,63677,64133,63131,63770,11620,0.008651914651313541
2021-01-04,64498,65956,64316,65865,21442,0.03285243845068209
2021-01-05,65408,65591,64316,64954,16036,-0.013831321642754135
2021-01-06,64953,65591,64042,64135,12208,-0.012608923237983793
2021-01-07,64953,64953,62402,63406,11131,-0.01136664847587121
2021-01-08,64589,64589,62038,63406,17515,0.0
2021-01-11,64406,64498,60763,60763,19136,-0.0416837523262783
2021-01-12,60763,61492,59852,60946,7100,0.0030117011997432552
2021-01-13,62220,62220,60580,62130,7329,0.019427033767597468
2021-01-14,62767,63769,61946,63041,12193,0.014662803798487056
2021-01-15,64133,64225,62585,62859,9055,-0.0028870100410843813
2021-01-18,63769,67777,60671,60854,95503,-0.03189678486771985
2021-01-19,64679,65591,61036,61310,52341,0.007493344726722917
2021-01-20,61946,62585,61492,61675,10552,0.005953351818626551
2021-01-21,62311,62311,61218,61948,7079,0.004426428860964782
2021-01-22,61946,62220,61036,61492,8349,-0.0073610124620649975
2021-01-25,61492,62129,61036,61856,7569,0.005919469199245464
2021-01-26,61946,62129,60854,61037,10292,-0.01324042938437664
2021-01-27,61673,64133,60671,61492,16323,0.007454494814620682
2021-01-28,60580,61492,59669,59671,12220,-0.029613608274247083
2021-01-29,60763,60763,57301,57848,9257,-0.03055085384860312
2021-02-01,57848,59487,57392,59215,6538,0.023630894758677856
2021-02-02,58758,59669,58758,59033,4141,-0.0030735455543359214
2021-02-03,59396,59578,58850,59306,2793,0.004624532041400675
2021-02-04,59487,59487,58211,58304,4240,-0.016895423734529347
2021-02-05,58576,59214,58211,58942,3848,0.010942645444566468
2021-02-08,58940,59305,57848,57940,4527,-0.01699976247836854
2021-02-09,57938,58758,57848,58486,2345,0.009423541594753226
2021-02-10,58121,58667,57938,58395,4023,-0.0015559279143726457
2021-02-15,58394,58394,58030,58213,7500,-0.0031167051973627347
2021-02-16,58211,58211,57574,57757,4812,-0.007833301839795248
2021-02-17,57848,57848,56663,57302,6805,-0.007877832989940603
2021-02-18,57301,57392,56481,56664,2934,-0.011133991832745771
2021-02-19,56663,56936,55934,56482,3633,-0.0032119158548638005
2021-02-22,56481,56572,56025,56209,2977,-0.004833398250770116
2021-02-23,56025,56025,55205,55388,3927,-0.014606201853795686
2021-02-24,55205,55934,55115,55115,3204,-0.00492886545822202
2021-02-25,57301,57301,55478,56209,3986,0.019849405787897956
2021-02-26,56117,56117,54386,54842,7464,-0.024319948762653643
2021-03-02,57301,57392,54841,55115,4448,0.004977936617920564
2021-03-03,55115,55570,54841,55115,2309,0.0
2021-03-04,55388,55388,53748,54205,6549,-0.0165109316882881
2021-03-05,54203,54659,52837,53840,4504,-0.0067336961534913975
2021-03-08,53839,54021,52928,52928,2618,-0.016939078751857406
2021-03-09,52837,53384,51561,51926,5282,-0.01893137847642079
2021-03-10,52290,53292,51561,52201,2182,0.0052959981512152865
2021-03-11,52017,52655,49284,52201,3105,0.0
2021-03-12,52290,53292,52290,53203,2205,0.019195034577881742
2021-03-15,53201,54294,53201,53384,2955,0.003402063793395138
2021-03-16,53748,54932,53384,54751,5701,0.025606923422748284
2021-03-17,54841,55297,54476,54751,2126,0.0
2021-03-18,54750,55205,54386,54569,3646,-0.0033241401983525876
2021-03-19,54568,54659,54203,54478,1321,-0.0016676134801810738
2021-03-22,54659,54659,53657,54113,1333,-0.006699952274312526
2021-03-23,54112,54476,53474,53931,2149,-0.00336333228614194
2021-03-24,53930,54476,53201,53749,2474,-0.003374682464630685
2021-03-25,53748,56299,53474,53567,1783,-0.003386109509014079
2021-03-26,55023,55023,53657,54569,2172,0.01870554632516286
2021-03-29,54932,55115,53384,54386,3537,-0.0033535523832212144
2021-03-30,54841,54932,54294,54478,1428,0.0016916118118632806
2021-03-31,54568,56299,53748,55024,6391,0.010022394361026477
2021-04-01,55115,55570,54659,55115,1897,0.0016538237859842209
2021-04-02,55115,55388,54568,55207,2055,0.001669237049805039
2021-04-05,55478,55478,54659,55207,2800,0.0
2021-04-06,55205,55205,53748,54569,2683,-0.011556505515604942
2021-04-07,54659,56481,54659,56390,11213,0.03337059502648021
2021-04-08,56845,56845,55570,56300,3440,-0.0015960276644795268
2021-04-09,56481,58030,55843,57302,9297,0.017797513321492042
2021-04-12,57119,58576,57119,58395,6471,0.019074377857666303
2021-04-13,58758,58758,57756,58213,5290,-0.0031167051973627347
2021-04-14,58211,58211,57301,57392,4348,-0.014103378970333091
2021-04-15,57119,57848,56754,57757,3076,0.00635977139671029
2021-04-16,58121,58121,57574,57940,5207,0.0031684471146353754
2021-04-19,58303,58850,57938,58121,7538,0.0031239212978944053
2021-04-20,58394,59032,57848,58759,4620,0.010977099499320353
2021-04-21,58850,58940,58485,58850,5189,0.0015486989227182502
2021-04-22,58940,59032,58030,58577,3959,-0.004638912489379754
2021-04-23,58758,58758,57848,58121,3211,-0.0077846253649043184
2021-04-26,58758,58758,57574,57848,3377,-0.0046970974346621786
2021-04-27,58485,58485,57392,57392,3504,-0.007882727147005997
2021-04-28,57392,57392,56572,56573,3322,-0.014270281572344556
2021-04-29,57028,57119,56390,56846,2284,0.004825623530659406
2021-04-30,56845,57301,52837,55661,5903,-0.020845793899306853
2021-05-03,54659,55115,54659,54934,2412,-0.013061209823754472
2021-05-04,54659,54659,54294,54659,3956,-0.005006007208650409
2021-05-06,54294,54841,54294,54751,2675,0.0016831628825992873
2021-05-07,54750,55570,54750,55297,3521,0.00997242059505754
2021-05-10,56390,56390,55752,56209,2639,0.01649275729243893
2021-05-11,56207,56207,55752,55936,1406,-0.004856873454428978
2021-05-12,56481,56481,55570,55571,3476,-0.006525314645308922
2021-05-13,55570,55570,55205,55207,1887,-0.0065501790502240365
2021-05-14,55205,55934,55205,55936,1116,0.013204847211404358
2021-05-17,55934,56299,55752,55844,1014,-0.00164473684210531
2021-05-18,56390,56390,55752,56026,1784,0.003259078862545728
2021-05-20,55934,56025,55843,55844,2357,-0.0032484917716774087
2021-05-21,55843,56390,55843,55844,849,0.0
2021-05-24,55934,56025,55478,55480,1190,-0.006518157725091345
2021-05-25,56207,56207,55205,55388,2005,-0.0016582552271088291
2021-05-26,55478,55752,55478,55480,889,0.0016610096049685108
2021-05-27,55570,55570,55297,55571,1981,0.0016402307137706185
2021-05-28,55661,55661,55478,55571,2420,0.0
2021-05-31,57028,57028,56117,56300,3865,0.013118353097838709
2021-06-01,57209,57209,56299,56300,2684,0.0
2021-06-02,56117,56207,55752,55936,3425,-0.00646536412078158
2021-06-03,56025,56025,55752,55844,2800,-0.00164473684210531
2021-06-04,56117,56117,55661,55661,3007,-0.003276985889262951
2021-06-07,56481,56481,55388,55661,2180,0.0
2021-06-08,55661,55661,55478,55480,1787,-0.0032518280303982516
2021-06-09,56117,56117,55388,55388,1765,-0.0016582552271088291
2021-06-10,55478,55752,55478,55571,1905,0.0033039647577093323
2021-06-11,55934,55934,55570,55844,2420,0.004912634287667972
2021-06-14,55843,55843,55661,55844,1681,0.0
2021-06-15,55843,55843,55661,55661,918,-0.003276985889262951
2021-06-16,55661,55661,55388,55571,1894,-0.0016169310648389557
2021-06-17,55478,55478,55297,55388,2247,-0.003293084522502765
2021-06-18,55752,55752,55388,55753,1969,0.006589875063190531
2021-06-21,55388,55388,55205,55388,2593,-0.006546732911233422
2021-06-22,55388,55388,55297,55297,1239,-0.0016429551527407105
2021-06-23,55297,55478,55205,55207,1518,-0.0016275747328065027
2021-06-24,55570,55570,55115,55207,1838,0.0
2021-06-25,55205,55388,55205,55388,706,0.003278569746590021
2021-06-28,55478,55478,55115,55207,1639,-0.0032678558532533986
2021-06-29,55297,55478,55023,55297,1653,0.0016302280507907163
2021-06-30,55661,55661,55115,55297,1253,0.0
2021-07-01,55205,56207,55115,56117,5408,0.014829014232236926
2021-07-02,56207,56207,55752,56117,2448,0.0
2021-07-05,56117,56117,55570,55844,1852,-0.004864835967710368
2021-07-06,55388,55661,55297,55480,1964,-0.006518157725091345
2021-07-07,55297,55843,55297,55753,941,0.0049206921413120774
2021-07-08,55752,55752,55205,55207,1342,-0.00979319498502318
2021-07-09,55570,55570,54659,54751,3259,-0.008259822124006
2021-07-12,54932,55752,54932,55388,918,0.011634490694233834
2021-07-13,55752,55752,55205,55207,1652,-0.0032678558532533986
2021-07-14,54841,55205,54750,55024,3753,-0.003314797036607642
2021-07-15,54932,55115,54841,55024,790,0.0
2021-07-16,54841,55023,54750,55024,908,0.0
2021-07-19,55023,55115,54841,54842,1982,-0.0033076475719685527
2021-07-20,54659,54750,54568,54751,1906,-0.0016593122059734844
2021-07-21,54750,54750,54476,54569,1536,-0.0033241401983525876
2021-07-22,54568,54568,54294,54386,3896,-0.0033535523832212144
2021-07-23,54386,54659,54294,54478,875,0.0016916118118632806
2021-07-26,54659,54659,54386,54478,1373,0.0
2021-07-27,54476,54476,54203,54295,1478,-0.0033591541539703673
2021-07-28,54294,54386,54203,54386,1818,0.0016760291002855254
2021-07-29,54294,54659,54294,54659,937,0.005019674180855471
2021-07-30,54659,54659,54294,54295,1490,-0.006659470535501977
2021-08-02,54203,54476,54203,54295,688,0.0
2021-08-03,54294,54294,54203,54295,1734,0.0
2021-08-04,54568,54568,54203,54386,821,0.0016760291002855254
2021-08-05,54386,54568,54386,54386,799,0.0
2021-08-06,54386,54659,54294,54386,2114,0.0
2021-08-09,55023,55023,54203,54295,715,-0.0016732247269517497
2021-08-10,54386,54386,54112,54205,1252,-0.0016576111980844965
2021-08-11,54203,54203,54112,54205,1056,0.0
2021-08-12,54112,54568,54112,54205,1290,0.0
2021-08-13,54112,54203,53748,53749,1476,-0.008412508071211189
2021-08-17,53930,53930,53474,53476,943,-0.005079164263521174
2021-08-18,53292,53384,52837,53384,1203,-0.0017203979355224774
2021-08-19,53474,53474,52655,52655,1705,-0.013655777011838732
2021-08-20,52655,52655,51106,51107,2449,-0.029398917481720632
2021-08-23,51653,52837,51288,52474,2442,0.026747803627683142
2021-08-24,52472,52837,52472,52747,654,0.005202576514083068
2021-08-25,52837,52837,52472,52838,739,0.0017252165999961377
2021-08-26,52837,52837,52655,52838,989,0.0
2021-08-27,53019,54386,53019,53476,1019,0.01207464324917673
2021-08-30,53292,53930,53292,53840,322,0.0068067918318497345
2021-08-31,53384,54386,53384,54386,854,0.010141158989598775
2021-09-01,54386,55297,54112,55297,1600,0.016750634354429472
2021-09-02,55388,55388,55115,55115,1488,-0.003291317793008619
2021-09-03,55115,55297,55115,55297,1313,0.0033021863376576643
2021-09-06,55388,55388,54841,54842,879,-0.008228294482521603
2021-09-07,54841,55023,54750,54934,501,0.001677546406039232
2021-09-08,54841,54841,54659,54751,1063,-0.0033312702515746473
2021-09-09,55297,55297,54476,54478,1181,-0.00498621029752877
2021-09-10,54476,54476,54021,54386,2050,-0.001688755093799288
2021-09-13,54841,54841,54386,54751,1365,0.006711285992718752
2021-09-14,54750,54750,54476,54569,887,-0.0033241401983525876
2021-09-15,55023,55023,54476,54842,1125,0.00500284044054311
2021-09-16,54750,54750,54476,54751,1030,-0.0016593122059734844
2021-09-17,55115,55115,54476,54659,871,-0.0016803346057606694
2021-09-23,54568,54659,54386,54659,1814,0.0
2021-09-24,54568,54568,54203,54295,1013,-0.006659470535501977
2021-09-27,54294,54294,54021,54022,803,-0.005028087300856465
2021-09-28,54476,54476,53566,53567,894,-0.008422494539261804
2021-09-29,53566,53566,52746,52928,2200,-0.011928986129520092
2021-09-30,53201,53201,52837,52928,1137,0.0
2021-10-01,52928,52928,52837,52838,843,-0.001700423216445035
2021-10-05,52199,52199,51653,51653,1629,-0.022427041144630788
2021-10-06,52017,52017,51288,51380,1131,-0.005285269006640503
2021-10-07,51288,52199,51288,52201,1184,0.015978980147917543
2021-10-08,52290,52382,52199,52291,322,0.0017241049022049815
2021-10-12,52017,52017,51653,51653,772,-0.012200952362739326
2021-10-13,51653,51926,51653,51926,705,0.005285269006640503
2021-10-14,51926,53748,51926,53749,990,0.03510765319878284
2021-10-15,53748,54294,53748,54205,1300,0.008483878769837583
2021-10-18,54203,54294,54112,54113,334,-0.0016972604003320235
2021-10-19,54203,54659,54203,54569,923,0.008426810563080922
2021-10-20,54659,54659,54203,54205,668,-0.006670453920724184
2021-10-21,54203,54203,53839,53840,450,-0.0067336961534913975
2021-10-22,53839,54112,53748,53840,155,0.0
2021-10-25,53748,53748,53474,53749,500,-0.0016901931649331292
2021-10-26,53839,54203,53748,53749,286,0.0
2021-10-27,54750,54750,53748,54205,221,0.008483878769837583
2021-10-28,54203,54203,54021,54022,358,-0.003376072318051815
2021-10-29,54659,54659,53930,53931,663,-0.001684498907852383
2021-11-01,54021,54021,52837,53111,630,-0.015204613302182368
2021-11-02,53566,54112,53566,53749,149,0.012012577432170435
2021-11-03,53748,53748,52837,53384,551,-0.006790824015330488
2021-11-04,53474,53748,53474,53657,368,0.005113891802787318
2021-11-05,53657,54203,53292,53749,385,0.0017145945542986762
2021-11-08,53657,53657,53292,53293,482,-0.008483878769837583
2021-11-09,53019,53384,53019,53384,711,0.0017075413281293361
2021-11-10,53384,53384,53201,53203,411,-0.003390528997452402
2021-11-11,53748,53748,53019,53203,552,0.0
2021-11-12,53201,53384,53201,53203,519,0.0
2021-11-15,53292,53474,53110,53476,1462,0.005131289588933052
2021-11-16,53839,53839,53292,53476,313,0.0
2021-11-17,53474,53474,53292,53476,561,0.0
2021-11-18,53019,53292,53019,53111,810,-0.006825491809409834
2021-11-19,53292,53292,52837,53293,1059,0.0034267854116849517
2021-11-22,52928,53839,52928,53293,446,0.0
2021-11-23,53201,53384,52928,53384,1037,0.0017075413281293361
2021-11-24,53292,53384,53201,53203,555,-0.003390528997452402
2021-11-25,53201,53292,53019,53203,641,0.0
2021-11-26,53292,53384,53201,53203,1303,0.0
2021-11-29,52746,52837,52655,52838,471,-0.0068605153844708555
2021-11-30,52837,52837,51926,51926,1824,-0.017260305083462657
2021-12-01,52382,52472,51561,52109,330,0.003524246042444945
2021-12-02,54021,54021,52382,52838,1269,0.013989905774434375
2021-12-03,53748,53748,52655,53384,244,0.010333472122336262
2021-12-06,53474,53474,53110,53111,1080,-0.005113891802787318
2021-12-07,53930,53930,53474,53840,593,0.0137259701380128
2021-12-08,53292,54112,53292,54113,939,0.005070579494799388
2021-12-09,54386,54659,54112,54659,1313,0.01008999685842582
2021-12-10,55023,55023,54568,54659,1676,0.0
2021-12-13,54659,54841,54659,54659,1044,0.0
2021-12-14,54568,54932,54568,54934,1150,0.0050311933990743185
2021-12-15,54932,55205,54841,55024,423,0.0016383296319220086
2021-12-16,55115,55297,55115,55297,1062,0.004961471357952885
2021-12-17,54932,55388,54932,55388,1271,0.001645658896504365
2021-12-20,55205,55388,55205,55388,1241,0.0
2021-12-21,55388,55388,55205,55207,655,-0.0032678558532533986
2021-12-22,55205,55205,55115,55207,1133,0.0
2021-12-23,55205,55388,55205,55207,1184,0.0
2021-12-24,55205,55752,55205,55753,2333,0.009890050174796716
2021-12-27,55570,56663,55570,56664,4210,0.0163399278962566
2021-12-28,56663,57028,56663,57028,3809,0.006423831709727601
2021-12-29,56837,57123,56646,56837,1398,-0.003349231956232046
2021-12-30,58174,58174,56264,56455,590,-0.006720974013406766
2022-01-03,57028,57888,57028,57028,1710,0.010149676733681723
2022-01-04,57219,57601,55404,57028,923,0.0
2022-01-05,57028,57028,56359,56360,1516,-0.011713544223890038
2022-01-06,55977,56932,55977,56455,599,0.001685592618878573
2022-01-07,56550,56932,56359,56455,690,0.0
2022-01-10,57601,57601,55977,56360,500,-0.0016827561774864774
2022-01-11,56264,69542,55882,58652,139738,0.040667139815471876
2022-01-12,58652,59034,56741,57315,22302,-0.02279547159517148
2022-01-13,57219,57219,55404,55882,8720,-0.025002180929948548
2022-01-14,55022,56359,54449,55787,6412,-0.0017000107369099515
2022-01-17,55500,55691,54735,55213,3474,-0.010289135461666654
2022-01-18,54640,55500,54640,54927,2461,-0.005179939507000131
2022-01-19,55022,55404,54640,54736,1637,-0.003477342654796378
2022-01-20,55117,55117,54544,54831,493,0.0017356036246711781
2022-01-21,55308,55308,54544,54831,1101,0.0
2022-01-24,54449,55213,54258,54736,2896,-0.0017325965238642604
2022-01-25,54258,55213,53398,54449,2020,-0.005243349897690708
2022-01-26,53971,54258,53685,53972,740,-0.0087604914690812
2022-01-27,53876,53971,52347,52443,1708,-0.028329504187356358
2022-01-28,52443,54449,51965,52730,3825,0.005472608355738595
2022-02-03,53016,54353,53016,53685,1220,0.018111132182818235
2022-02-04,54162,54353,53111,54067,892,0.007115581633603485
2022-02-07,53971,54353,53780,54258,717,0.0035326539293838444
2022-02-08,53493,55882,53493,54831,602,0.010560654650005441
2022-02-09,54831,55404,54258,55022,463,0.0034834309058744406
2022-02-10,55022,55786,54162,54831,448,-0.0034713387372323767
2022-02-11,54640,54831,53971,54545,1091,-0.005216027429738701
2022-02-14,53589,53876,53016,53303,1275,-0.022770189751581293
2022-02-15,52538,53398,52538,53016,716,-0.005384312327636365
2022-02-16,53111,53589,53016,53494,2202,0.009016146069111164
2022-02-17,53971,53971,52538,53207,2689,-0.00536508767338395
2022-02-18,52729,53589,52729,53494,611,0.00539402710169723
2022-02-21,54735,54735,53111,53303,748,-0.003570493887164905
2022-02-22,53302,53398,52920,53016,334,-0.005384312327636365
2022-02-23,53016,53493,52634,53112,1725,0.001810774105930335
2022-02-24,53111,53111,52347,52348,699,-0.014384696490435278
2022-02-25,52443,52825,52347,52634,536,0.005463436998548232
2022-02-28,53111,54831,52347,53494,1938,0.016339248394573902
2022-03-02,53111,53876,53111,53876,647,0.00714098777432981
2022-03-03,54067,54353,53493,54354,1172,0.0088722251095108
2022-03-04,54162,54353,53685,54163,344,-0.0035140008095080333
2022-03-07,54640,54640,53589,53972,270,-0.003526392555803781
2022-03-08,53780,54067,53493,53972,612,0.0
2022-03-10,54449,54544,53876,54449,581,0.008837915956421805
2022-03-11,54258,54544,54067,54449,205,0.0
2022-03-14,54735,54735,53493,53972,415,-0.0087604914690812
2022-03-15,53971,54640,53780,54354,721,0.007077744015415499
2022-03-16,54353,54544,53685,54449,672,0.0017478014497553929
2022-03-17,54735,54735,54258,54640,681,0.0035078697496739863
2022-03-18,54640,54640,54258,54640,352,0.0
2022-03-21,54640,54735,53876,54258,1359,-0.006991215226940017
2022-03-22,54067,54449,53780,54449,710,0.0035202182166684803
2022-03-23,54640,54640,53876,54449,621,0.0
2022-03-24,54162,56741,53971,54831,3608,0.007015739499347973
2022-03-25,54831,54926,53493,54831,1451,0.0
2022-03-28,54831,55022,54449,54640,566,-0.0034834309058744406
2022-03-29,54831,55213,54162,55118,1235,0.008748169838945774
2022-03-30,55117,55213,54735,55118,686,0.0
2022-03-31,55117,55404,54449,54927,1112,-0.003465292644871054
2022-04-01,55022,55500,54640,55404,1021,0.008684253645748097
2022-04-04,55404,55691,55308,55404,565,0.0
2022-04-05,55404,55691,55213,55404,535,0.0
2022-04-06,55786,55786,55022,55404,1174,0.0
2022-04-07,55404,55404,54831,55213,1259,-0.0034474045195292957
2022-04-08,55213,56264,55213,55787,5733,0.010396102367196125
2022-04-11,55786,56359,54926,55404,1666,-0.0068653987488124235
2022-04-12,55213,55882,54449,55309,1164,-0.0017146776406035125
2022-04-13,54926,55500,54449,55309,1530,0.0
2022-04-14,56073,56168,54831,55118,976,-0.0034533258601674444
2022-04-15,55117,55404,54449,55309,1359,0.003465292644871054
2022-04-18,55500,55500,54735,55309,491,0.0
2022-04-19,54831,55500,54831,55500,559,0.0034533258601674444
2022-04-20,55500,55595,55308,55404,600,-0.0017297297297297343
2022-04-21,55404,55595,55117,55500,418,0.0017327268789257833
2022-04-22,55595,55595,55022,55500,333,0.0
2022-04-25,55500,55500,54353,54927,1175,-0.010324324324324285
2022-04-26,54926,55308,54544,55022,866,0.0017295683361553404
2022-04-27,54162,55595,54162,55404,1316,0.0069426774744647535
2022-04-28,55691,55691,55213,55596,714,0.0034654537578513445
2022-04-29,55595,55691,55404,55691,548,0.0017087560256132672
2022-05-02,55691,55882,55308,55691,385,0.0
2022-05-03,55977,55977,55213,55596,517,-0.0017058411592537626
2022-05-04,55308,55882,54831,55596,680,0.0
2022-05-06,55595,55595,54449,55404,1035,-0.003453485862292216
2022-05-09,55213,55404,53876,54449,1832,-0.017237022597646368
2022-05-10,54353,54449,53780,54163,394,-0.005252621719407102
2022-05-11,54162,54449,53780,53972,619,-0.003526392555803781
2022-05-12,53016,54449,53016,53494,1022,-0.00885644408211661
2022-05-13,53493,54544,53398,53972,319,0.008935581560548744
2022-05-16,53876,55308,53876,54258,267,0.005299043948714166
2022-05-17,55022,55022,53780,54163,303,-0.0017508938774005722
2022-05-18,54640,54640,53971,54545,580,0.007052785111607562
2022-05-19,54258,54544,53685,54067,388,-0.008763406361719683
2022-05-20,54162,54926,53780,54354,517,0.005308228679231419
2022-05-23,54353,54926,54258,54640,587,0.005261802259263426
2022-05-24,54640,54640,53876,54354,861,-0.00523426061493415
2022-05-25,54162,54926,54162,54545,449,0.0035140008095080333
2022-05-26,54544,54926,54353,54736,957,0.0035016958474654025
2022-05-27,55022,55022,54544,54831,116,0.0017356036246711781
2022-05-30,54449,55691,54449,55022,917,0.0034834309058744406
2022-05-31,54831,55404,54831,55213,517,0.0034713387372324878
2022-06-02,55213,55404,54544,55118,707,-0.001720609276800733
2022-06-03,55308,56264,54640,55213,1600,0.0017235748757211677
2022-06-07,55213,55213,54067,54354,657,-0.015557930197598435
2022-06-08,54640,54735,53111,54545,1032,0.0035140008095080333
2022-06-09,54544,54640,54258,54449,336,-0.0017600146667888783
2022-06-10,54258,54544,53493,54163,740,-0.005252621719407102
2022-06-13,52825,53971,52729,53016,935,-0.021176818123072927
2022-06-14,53016,53016,52061,52825,1282,-0.0036026859815904144
2022-06-15,53016,53016,51487,51488,1288,-0.025309985802177026
2022-06-16,51583,52347,51583,52061,268,0.0111288067122437
2022-06-17,51965,51965,51201,51297,784,-0.014675092679741097
2022-06-20,51392,51392,50437,51010,533,-0.00559486909565865
2022-06-21,50055,53111,50055,50724,453,-0.005606743775730227
2022-06-22,51774,51774,50341,50628,865,-0.001892595221197113
2022-06-23,51010,51010,50150,50628,718,0.0
2022-06-24,50150,52156,50150,51201,1792,0.01131784783123968
2022-06-27,51679,51774,51105,51583,273,0.0074607917814104585
2022-06-28,51583,51583,50723,51583,223,0.0
2022-06-29,51201,52825,50819,52061,243,0.009266618847294739
2022-06-30,51583,52156,51105,51966,361,-0.001824782466721686
2022-07-01,53207,53207,51870,51870,1395,-0.0018473617365200035
2022-07-04,51679,52347,51487,51966,254,0.0018507807981491542
2022-07-05,51965,52538,51965,52539,463,0.011026440364853896
2022-07-06,52061,52920,52061,52539,437,0.0
2022-07-07,51583,52634,51583,52634,194,0.00180818058965726
2022-07-08,52729,52729,52443,52730,110,0.001823916099859435
2022-07-11,52825,53016,52061,52921,142,0.0036222264365637358
2022-07-12,51965,52825,51965,52634,81,-0.005423177944483326
2022-07-13,52634,53207,52347,52348,590,-0.0054337500474977984
2022-07-14,52347,53016,52252,52921,373,0.010945976923664613
2022-07-15,52538,53207,52538,53112,52,0.003609153266189269
2022-07-18,54067,54067,53111,53398,400,0.005384847115529556
2022-07-19,53398,53971,53302,53876,536,0.008951646129068402
2022-07-20,53876,54162,53589,54067,1043,0.0035451778157249425
2022-07-21,54162,54353,53589,53972,323,-0.0017570791795364915
2022-07-22,53876,54162,53589,53972,843,0.0
2022-07-25,53971,54735,53016,53876,664,-0.001778700066701222
2022-07-26,54162,54162,52061,53972,189,0.0017818694780606936
2022-07-27,53971,53971,52729,53972,814,0.0
2022-07-28,53971,54162,53493,54067,203,0.0017601719410065275
2022-07-29,54162,54162,53876,54067,176,0.0
2022-08-01,54067,54162,53780,53972,357,-0.0017570791795364915
2022-08-02,53876,53876,53111,53590,117,-0.007077744015415388
2022-08-03,53876,53876,53302,53781,611,0.003564097779436448
2022-08-04,53971,54640,53589,53876,328,0.0017664230862199926
2022-08-05,53876,53876,53398,53781,1055,-0.0017633083376642489
2022-08-08,53780,53971,53493,53972,676,0.003551440099663461
2022-08-09,54162,54162,53398,53876,425,-0.001778700066701222
2022-08-10,53876,53971,53589,53876,318,0.0
2022-08-11,54162,54353,53876,54258,2876,0.007090355631450107
2022-08-12,54067,54353,53971,54354,657,0.0017693243392680191
2022-08-16,54353,54353,54162,54258,322,-0.0017661993597527514
2022-08-17,54258,54258,53685,53876,428,-0.007040436433337072
2022-08-18,53493,54544,53302,53685,269,-0.0035451778157250535
2022-08-19,53493,53971,53111,53685,430,0.0
2022-08-22,53685,53685,52538,53590,219,-0.0017695818198751878
2022-08-23,53876,53876,53016,53494,83,-0.0017913789886172538
2022-08-24,53589,53589,52634,53112,443,-0.00714098777432981
2022-08-25,53302,53780,53111,53685,372,0.01078852236782657
2022-08-26,53876,53971,53016,53685,276,0.0
2022-08-29,53302,53302,52538,52921,576,-0.014231163267206859
2022-08-30,52920,53207,52634,53207,151,0.005404281854084481
2022-08-31,53207,53398,53111,53303,352,0.0018042738737384934
2022-09-01,53876,53876,52729,53207,89,-0.0018010243325891073
2022-09-02,53111,53302,53016,53207,104,0.0
2022-09-05,53207,53207,52634,53016,242,-0.0035897532279587363
2022-09-06,53111,53111,52825,52921,106,-0.0017919118756601904
2022-09-07,53016,53016,52156,52921,416,0.0
2022-09-08,52920,52920,52825,52921,199,0.0
2022-09-13,52920,53207,52538,52921,783,0.0
2022-09-14,52538,52538,51679,52348,633,-0.010827459798567696
2022-09-15,52538,52538,51870,51966,495,-0.007297317949109816
2022-09-16,51965,51965,51201,51870,519,-0.0018473617365200035
2022-09-19,51870,51870,51201,51392,378,-0.009215346057451335
2022-09-20,51392,51583,51201,51392,951,0.0
2022-09-21,51105,51392,51105,51297,384,-0.0018485367372353956
2022-09-22,51296,51296,50532,51201,871,-0.0018714544710216607
2022-09-23,51105,51392,50437,50628,497,-0.011191187672115799
2022-09-26,50341,50723,49386,50151,1783,-0.009421663901398425
2022-09-27,49577,50341,49577,50151,2325,0.0
2022-09-28,50150,50437,49195,49482,868,-0.013339714063528185
2022-09-29,49768,51392,48813,49960,1329,0.009660078412351947
2022-09-30,51583,51583,49290,50151,186,0.0038230584467573436
2022-10-04,50150,51487,49672,50437,272,0.005702777611612975
2022-10-05,51487,51487,49959,50628,175,0.003786902472391329
2022-10-06,49864,51010,49864,50342,1175,-0.005649047957651865
2022-10-07,49864,51392,49864,50437,229,0.0018870922887450625
2022-10-11,49481,50437,48717,50151,1613,-0.005670440351329353
2022-10-12,49481,51105,49481,50915,387,0.015233993340112884
2022-10-13,51296,51296,49864,50628,412,-0.005636845723264283
2022-10-14,52061,52061,50532,50628,316,0.0
2022-10-17,50150,50723,49768,50151,410,-0.009421663901398425
2022-10-18,50150,51105,50055,50724,496,0.011425495005084718
2022-10-19,50055,51583,50055,51010,298,0.005638356596482819
2022-10-20,51487,51583,50437,51010,489,0.0
2022-10-21,50150,51679,50150,50724,709,-0.005606743775730227
2022-10-24,50723,52156,50723,51679,798,0.018827379544199996
2022-10-25,52061,53302,51774,53016,1241,0.02587124363861526
2022-10-26,53302,53685,52538,53685,988,0.01261883205070169
2022-10-27,53589,54353,53016,53781,365,0.0017882089969265547
2022-10-28,54353,54353,53111,54067,385,0.0053178631858834535
2022-10-31,54067,54640,53111,53972,335,-0.0017570791795364915
2022-11-01,53971,54353,53685,53972,202,0.0
2022-11-02,53780,54353,53685,54258,218,0.005299043948714166
2022-11-03,54162,54162,53111,54163,397,-0.0017508938774005722
2022-11-04,53589,54162,53111,53972,441,-0.003526392555803781
2022-11-07,53971,53971,51296,53112,1815,-0.015934188097532
2022-11-08,53111,54162,53111,53781,1045,0.012596023497514652
2022-11-09,54353,54353,53780,54067,1087,0.0053178631858834535
2022-11-10,53207,54449,53207,54258,161,0.0035326539293838444
2022-11-11,53971,54449,53971,54258,783,0.0
2022-11-14,54353,54449,53876,53972,740,-0.005271112094069053
2022-11-15,53589,54449,53589,54258,409,0.005299043948714166
2022-11-16,54449,54449,54162,54354,261,0.0017693243392680191
2022-11-17,54353,54640,54067,54354,367,0.0
2022-11-18,54067,54449,52634,54258,465,-0.0017661993597527514
2022-11-21,54735,54735,54162,54449,179,0.0035202182166684803
2022-11-22,54162,55213,53780,54258,595,-0.0035078697496739863
2022-11-23,53971,54544,53876,54354,281,0.0017693243392680191
2022-11-24,54162,54258,53971,54163,120,-0.0035140008095080333
2022-11-25,53876,54353,53876,54163,283,0.0
2022-11-28,54162,54353,53780,53876,514,-0.005298820227830792
2022-11-29,53685,54162,53685,54163,524,0.005327047293785636
2022-11-30,53780,54735,53780,54545,562,0.007052785111607562
2022-12-01,54544,54831,54544,54640,483,0.0017416811806765242
2022-12-02,54353,54926,54353,54736,701,0.0017569546120057566
2022-12-05,54926,54926,54449,54640,1677,-0.0017538731365097648
2022-12-06,54735,55882,54640,54736,5679,0.0017569546120057566
2022-12-07,55308,55308,54735,54736,2069,0.0
2022-12-08,54640,54926,54640,54927,493,0.003489476761180832
2022-12-09,54544,55213,54449,54831,582,-0.0017477743186411487
2022-12-12,55308,55308,54449,54927,530,0.0017508343820100691
2022-12-13,54353,55213,54353,55118,598,0.003477342654796267
2022-12-14,55117,55404,55117,55118,619,0.0
2022-12-15,54735,55404,54735,55309,557,0.003465292644871054
2022-12-16,55404,55404,55022,55022,1042,-0.005189028910303928
2022-12-19,55022,55595,54926,55118,2042,0.0017447566427974959
2022-12-20,54926,55786,54831,55118,1142,0.0
2022-12-21,54735,55404,54735,55213,618,0.0017235748757211677
2022-12-22,55022,55786,55022,55404,280,0.003459330230199509
2022-12-23,55404,55404,55022,55213,762,-0.0034474045195292957
2022-12-26,54926,55500,54831,55309,1449,0.0017387209533985537
2022-12-27,55308,55500,55213,55500,1535,0.0034533258601674444
2022-12-28,56400,56400,55000,55000,861,-0.009009009009009028
2022-12-29,54100,55000,54100,54600,545,-0.0072727272727273196
2023-01-02,54600,56500,54500,55000,294,0.0073260073260073
2023-01-03,55000,55000,53600,53600,542,-0.025454545454545507
2023-01-04,53600,53700,53300,53400,463,-0.003731343283582045
2023-01-05,53400,53600,53400,53500,257,0.001872659176029856
2023-01-06,53500,54700,53500,54100,117,0.01121495327102795
2023-01-09,54300,54800,53800,54500,558,0.007393715341959428
2023-01-10,54300,54700,53800,54400,262,-0.0018348623853210455
2023-01-11,53900,54800,53900,54200,297,-0.003676470588235281
2023-01-12,54300,54400,53400,54000,315,-0.0036900369003689537
2023-01-13,53500,54600,53400,54000,113,0.0
2023-01-16,53500,54000,53200,53800,1481,-0.0037037037037036535
2023-01-17,53600,53900,52100,52100,1776,-0.03159851301115246
2023-01-18,54400,55000,52000,52100,605,0.0
2023-01-19,53400,53400,52100,52500,420,0.007677543186180413
2023-01-20,53200,53200,52000,53000,290,0.00952380952380949
2023-01-25,53100,53800,53000,53100,192,0.0018867924528302993
2023-01-26,52800,53400,52100,52600,972,-0.00941619585687381
2023-01-27,52600,53400,52600,53300,295,0.013307984790874583
2023-01-30,53500,53500,52800,53000,176,-0.0056285178236398226
2023-01-31,52800,53300,52000,52000,1592,-0.018867924528301883
2023-02-01,52200,52800,52200,52800,214,0.01538461538461533
2023-02-02,52600,53400,52600,53200,209,0.007575757575757569
2023-02-03,52800,53300,52700,53200,190,0.0
2023-02-06,53400,53400,52600,53300,243,0.001879699248120259
2023-02-07,53300,53300,52600,52900,544,-0.007504690431519689
2023-02-08,52900,53200,52800,53000,70,0.001890359168241984
2023-02-09,52800,53200,52600,53100,169,0.0018867924528302993
2023-02-10,53600,53600,51600,52700,1571,-0.007532956685499026
2023-02-13,52600,52600,51500,52400,881,-0.005692599620493399
2023-02-14,52300,52400,51900,52300,307,-0.001908396946564861
2023-02-15,52300,52300,51800,51800,348,-0.009560229445506718
2023-02-16,51800,52300,51600,51700,298,-0.0019305019305019266
2023-02-17,51800,51800,51000,51000,1521,-0.013539651837524147
2023-02-20,52000,52400,51000,52100,276,0.021568627450980316
2023-02-21,52400,52400,51700,52200,153,0.0019193857965451588
2023-02-22,52700,52800,50600,51100,879,-0.021072796934865856
2023-02-23,51400,52400,51100,51200,201,0.001956947162426559
2023-02-24,51700,52800,51700,52500,1757,0.025390625
2023-02-27,53800,53800,52200,52900,342,0.007619047619047636
2023-02-28,53600,53700,52400,53000,145,0.001890359168241984
2023-03-02,53000,53100,51800,51800,470,-0.02264150943396226
2023-03-03,51700,52800,51500,52400,101,0.01158301158301156
2023-03-06,52300,52900,51900,52700,304,0.005725190839694694
2023-03-07,52700,52700,52600,52700,221,0.0
2023-03-08,52700,52700,52300,52500,101,-0.003795066413662229
2023-03-09,52400,52400,52000,52100,94,-0.007619047619047636
2023-03-10,52000,52000,51100,52000,240,-0.0019193857965451588
2023-03-13,51000,52000,50900,51100,345,-0.017307692307692357
2023-03-14,51300,51500,50000,50200,675,-0.017612524461839585
2023-03-15,50400,55100,50400,50700,464,0.009960159362549792
2023-03-16,50300,51800,50200,51100,134,0.007889546351084853
2023-03-17,51300,51800,50800,51500,243,0.007827788649706457
2023-03-20,52300,52300,50800,51500,157,0.0
2023-03-21,51500,51500,50300,51200,468,-0.005825242718446644
2023-03-22,51200,51400,50300,50700,158,-0.009765625
2023-03-23,50700,51000,50600,50900,110,0.0039447731755424265
