Date,Open,High,Low,Close,Volume,Change
2015-01-02,12300,12350,11850,11950,18021,-0.020491803278688492
2015-01-05,11850,11900,11550,11800,24129,-0.012552301255230103
2015-01-06,11700,11800,11500,11750,25693,-0.004237288135593209
2015-01-07,11600,12100,11550,11700,35239,-0.004255319148936176
2015-01-08,11850,11900,11700,11900,13708,0.017094017094017033
2015-01-09,11850,12050,11800,12000,18398,0.008403361344537785
2015-01-12,12000,12000,11800,11900,17645,-0.008333333333333304
2015-01-13,11850,11850,11550,11700,38020,-0.01680672268907568
2015-01-14,11750,11800,11500,11550,37389,-0.012820512820512775
2015-01-15,11450,11700,11450,11600,21701,0.0043290043290042934
2015-01-16,11600,11650,11350,11450,26433,-0.012931034482758674
2015-01-19,11500,11700,11450,11650,15154,0.017467248908296984
2015-01-20,11700,11850,11650,11850,17946,0.01716738197424883
2015-01-21,11850,11950,11700,11750,26369,-0.008438818565400852
2015-01-22,11750,12200,11600,11700,65413,-0.004255319148936176
2015-01-23,11700,11700,11450,11550,41848,-0.012820512820512775
2015-01-26,11650,11650,11450,11600,12062,0.0043290043290042934
2015-01-27,11700,11800,11600,11800,19900,0.01724137931034475
2015-01-28,11800,11900,11500,11600,28022,-0.016949152542372836
2015-01-29,11600,11700,11500,11650,8029,0.004310344827586299
2015-01-30,11700,11750,11400,11550,24289,-0.008583690987124415
2015-02-02,11450,11600,11400,11550,26452,0.0
2015-02-03,11550,11600,11350,11400,28362,-0.012987012987012991
2015-02-04,11400,11600,11400,11550,27722,0.013157894736842035
2015-02-05,11600,11700,11450,11650,29006,0.008658008658008587
2015-02-06,11700,11700,11400,11600,29279,-0.0042918454935622075
2015-02-09,11500,12000,11400,11750,64421,0.012931034482758674
2015-02-10,11850,11950,11650,11800,26213,0.004255319148936065
2015-02-11,11900,12000,11750,12000,30926,0.016949152542372836
2015-02-12,12100,12100,11800,11800,49293,-0.01666666666666672
2015-02-13,11800,12350,11750,12300,34904,0.04237288135593231
2015-02-16,12300,12900,12250,12450,101995,0.012195121951219523
2015-02-17,12350,12500,11900,12000,56772,-0.03614457831325302
2015-02-23,12200,12400,11800,11950,56192,-0.004166666666666652
2015-02-24,11950,12250,11900,12200,30196,0.02092050209205021
2015-02-25,12350,12350,12000,12100,49781,-0.008196721311475419
2015-02-26,12300,12300,12050,12200,42480,0.008264462809917328
2015-02-27,12100,12300,11950,12000,41474,-0.016393442622950838
2015-03-02,11850,12150,11800,12100,42833,0.008333333333333304
2015-03-03,12250,12250,11850,12200,48331,0.008264462809917328
2015-03-04,12100,12400,12000,12350,28932,0.012295081967213184
2015-03-05,12200,12450,12150,12300,37684,-0.004048582995951455
2015-03-06,12250,12750,12250,12600,55701,0.024390243902439046
2015-03-09,12650,12800,12400,12700,29815,0.007936507936507908
2015-03-10,12750,12750,12350,12450,37777,-0.019685039370078705
2015-03-11,12350,12400,12200,12250,24001,-0.016064257028112428
2015-03-12,12050,12300,12000,12000,51344,-0.020408163265306145
2015-03-13,12050,12600,12050,12500,30425,0.04166666666666674
2015-03-16,12750,13050,12600,12600,94535,0.008000000000000007
2015-03-17,12850,13000,12550,12700,25793,0.007936507936507908
2015-03-18,12700,13000,12600,12950,33146,0.019685039370078705
2015-03-19,12950,13050,12800,12800,24121,-0.01158301158301156
2015-03-20,12700,13000,12500,12650,33621,-0.01171875
2015-03-23,12900,12900,12400,12500,35225,-0.011857707509881465
2015-03-24,12600,12700,12450,12600,33983,0.008000000000000007
2015-03-25,12800,12800,12400,12500,32355,-0.007936507936507908
2015-03-26,12600,12600,12250,12400,23771,-0.008000000000000007
2015-03-27,12300,12550,12250,12300,17730,-0.008064516129032251
2015-03-30,12200,12550,12200,12450,21005,0.012195121951219523
2015-03-31,12450,12700,12450,12600,32847,0.012048192771084265
2015-04-01,12600,12800,12450,12650,34421,0.003968253968253954
2015-04-02,12650,12900,12500,12800,50205,0.011857707509881354
2015-04-03,12950,12950,12600,12750,41618,-0.00390625
2015-04-06,12750,12950,12700,12800,45713,0.0039215686274509665
2015-04-07,12950,12950,12600,12750,42852,-0.00390625
2015-04-08,12850,12850,12650,12750,28029,0.0
2015-04-09,12750,12900,12650,12850,30668,0.007843137254901933
2015-04-10,12850,13150,12850,13100,66376,0.01945525291828787
2015-04-13,13100,13200,12800,13000,48254,-0.007633587786259555
2015-04-14,13050,13050,12750,12950,48986,-0.0038461538461538325
2015-04-15,13050,13200,12900,13150,43911,0.015444015444015413
2015-04-16,13150,13650,13100,13550,85987,0.03041825095057038
2015-04-17,13450,14700,13450,14150,159981,0.04428044280442811
2015-04-20,14150,14550,14000,14050,103420,-0.007067137809187329
2015-04-21,14150,14350,14000,14100,68972,0.003558718861210064
2015-04-22,14400,14650,13650,13950,117093,-0.010638297872340385
2015-04-23,14100,14250,13450,13950,69484,0.0
2015-04-24,14100,14400,13650,14000,57066,0.0035842293906809264
2015-04-27,14150,14500,13850,14300,43025,0.021428571428571352
2015-04-28,14450,14450,14000,14100,31792,-0.013986013986013957
2015-04-29,14100,14250,13850,13950,33467,-0.010638297872340385
2015-04-30,13950,14300,13700,13900,61694,-0.0035842293906810374
2015-05-04,13900,14500,13750,14500,58518,0.043165467625899234
2015-05-06,14500,14500,13750,13950,60511,-0.037931034482758585
2015-05-07,13800,13950,13550,13900,42641,-0.0035842293906810374
2015-05-08,13900,14050,13750,13950,17969,0.003597122302158251
2015-05-11,14200,14250,13950,14150,44997,0.014336917562723928
2015-05-12,14300,14300,13750,13950,36848,-0.014134275618374548
2015-05-13,13950,15700,13900,15400,159073,0.10394265232974909
2015-05-14,15350,16250,15150,15850,162434,0.02922077922077926
2015-05-15,15850,15950,15050,15250,79900,-0.03785488958990535
2015-05-18,15250,16450,14800,15900,118691,0.042622950819672045
2015-05-19,15650,16000,15450,15750,94602,-0.009433962264150941
2015-05-20,15650,16150,15450,15650,84110,-0.006349206349206327
2015-05-21,15950,15950,15550,15800,76228,0.009584664536741228
2015-05-22,15850,16750,15550,16600,152894,0.05063291139240511
2015-05-26,16550,16750,15900,16050,110212,-0.033132530120481896
2015-05-27,15750,15750,14750,14850,153364,-0.07476635514018692
2015-05-28,14950,15200,14450,14550,136670,-0.02020202020202022
2015-05-29,14400,15200,14300,15200,107717,0.04467353951890041
2015-06-01,15400,15400,14300,14450,75648,-0.049342105263157854
2015-06-02,14600,14650,14150,14200,34975,-0.01730103806228378
2015-06-03,14100,14450,13850,14000,34255,-0.014084507042253502
2015-06-04,14050,14350,13850,13900,28361,-0.0071428571428571175
2015-06-05,13850,14050,13450,13600,42571,-0.021582733812949617
2015-06-08,13800,14100,13700,14000,28099,0.02941176470588225
2015-06-09,14000,14450,13950,14350,29830,0.02499999999999991
2015-06-10,14450,14450,14050,14300,27063,-0.0034843205574912606
2015-06-11,14450,14750,14200,14750,59407,0.03146853146853146
2015-06-12,14700,14850,14250,14250,38498,-0.03389830508474578
2015-06-15,14500,14550,13900,13950,19004,-0.021052631578947323
2015-06-16,14250,14250,13850,13950,39906,0.0
2015-06-17,14050,14150,13600,13600,32734,-0.02508960573476704
2015-06-18,13700,14350,13600,14100,43233,0.03676470588235303
2015-06-19,14250,14400,13850,14150,33181,0.0035460992907800915
2015-06-22,14150,14450,14150,14200,24755,0.0035335689045936647
2015-06-23,14300,14650,14250,14650,37279,0.03169014084507049
2015-06-24,14950,15300,14900,15100,63014,0.030716723549488067
2015-06-25,14950,15050,14750,15050,32009,-0.0033112582781457123
2015-06-26,15050,15050,14750,15000,39306,-0.0033222591362126463
2015-06-29,14800,15050,14300,14500,42776,-0.033333333333333326
2015-06-30,14200,14450,14000,14300,38953,-0.01379310344827589
2015-07-01,14150,14600,14100,14550,24050,0.0174825174825175
2015-07-02,14500,14700,14250,14650,43150,0.0068728522336769515
2015-07-03,14700,15200,14700,15100,45769,0.030716723549488067
2015-07-06,15000,15400,14850,15150,62494,0.0033112582781456013
2015-07-07,15200,15450,14750,15300,66709,0.00990099009900991
2015-07-08,15500,15500,15100,15200,36397,-0.006535947712418277
2015-07-09,14900,15000,13800,14350,87469,-0.05592105263157898
2015-07-10,14400,15000,14350,14950,44233,0.04181184668989557
2015-07-13,15150,15500,15000,15250,64820,0.02006688963210701
2015-07-14,15450,16250,15250,16150,120872,0.05901639344262288
2015-07-15,16250,19450,16150,18650,359220,0.15479876160990713
2015-07-16,18850,19400,18500,19100,215837,0.024128686327077764
2015-07-17,19100,19300,18350,19000,125171,-0.005235602094240788
2015-07-20,18950,18950,17950,18350,135887,-0.03421052631578947
2015-07-21,18650,19100,18450,18600,130046,0.013623978201634968
2015-07-22,18500,18800,17650,17750,87081,-0.045698924731182755
2015-07-23,17750,18050,17050,17850,59207,0.005633802816901401
2015-07-24,17600,17950,17450,17500,45318,-0.019607843137254943
2015-07-27,17800,17800,17200,17450,44451,-0.0028571428571428914
2015-07-28,17200,17250,16650,17000,60154,-0.025787965616045794
2015-07-29,17300,17750,16950,17050,49387,0.002941176470588225
2015-07-30,17100,17600,17000,17000,56220,-0.0029325513196480912
2015-07-31,17600,17600,16550,17100,47975,0.00588235294117645
2015-08-03,17200,18700,17200,18350,60290,0.07309941520467844
2015-08-04,18150,18600,17800,18450,67525,0.005449591280654031
2015-08-05,18500,18600,17950,18100,35438,-0.01897018970189701
2015-08-06,18450,18450,17850,18000,28309,-0.0055248618784530246
2015-08-07,18000,18100,17600,17950,20846,-0.002777777777777768
2015-08-10,18250,18250,16850,17000,54324,-0.05292479108635095
2015-08-11,17200,17400,16650,16900,41945,-0.00588235294117645
2015-08-12,16950,17000,16050,16400,45960,-0.029585798816568087
2015-08-13,16400,17050,16400,16950,62341,0.03353658536585358
2015-08-17,16800,16850,16300,16400,41623,-0.03244837758112096
2015-08-18,16250,16500,15950,16000,44289,-0.024390243902439046
2015-08-19,15850,16000,15000,15500,53931,-0.03125
2015-08-20,15100,15550,14850,15000,44310,-0.032258064516129004
2015-08-21,14150,14750,14100,14400,56768,-0.040000000000000036
2015-08-24,14100,14450,13600,13750,59967,-0.04513888888888884
2015-08-25,13900,14450,13700,14100,43150,0.025454545454545396
2015-08-26,14150,14650,14000,14450,46163,0.024822695035461084
2015-08-27,14850,15200,14500,14700,46930,0.01730103806228378
2015-08-28,15000,15000,14600,14900,41778,0.013605442176870763
2015-08-31,15000,15050,14400,14550,41583,-0.023489932885906062
2015-09-01,14650,14750,14450,14450,27080,-0.0068728522336769515
2015-09-02,14250,14700,14100,14450,39470,0.0
2015-09-03,14550,14800,14500,14600,40151,0.01038062283737018
2015-09-04,14600,14750,14000,14050,39699,-0.03767123287671237
2015-09-07,14000,14350,14000,14050,22465,0.0
2015-09-08,14200,14200,13750,13850,22993,-0.014234875444839812
2015-09-09,14150,14400,13950,14300,21167,0.032490974729241895
2015-09-10,14300,14600,14200,14450,22737,0.010489510489510412
2015-09-11,14500,14500,14200,14350,24718,-0.00692041522491349
2015-09-14,14450,14450,14000,14150,15079,-0.013937282229965153
2015-09-15,14300,14450,14150,14200,9479,0.0035335689045936647
2015-09-16,14300,14600,14300,14550,29297,0.02464788732394374
2015-09-17,14700,14700,14250,14300,23083,-0.01718213058419249
2015-09-18,14400,14700,14350,14400,23996,0.006993006993007089
2015-09-21,14300,14550,14200,14550,22423,0.01041666666666674
2015-09-22,14450,14800,14450,14700,23735,0.010309278350515427
2015-09-23,14650,14800,14450,14450,38261,-0.017006802721088454
2015-09-24,14650,14650,14400,14500,10948,0.0034602076124568004
2015-09-25,14350,14750,14350,14700,19821,0.01379310344827589
2015-09-30,14450,14800,14400,14750,19159,0.00340136054421758
2015-10-01,14850,15350,14700,15150,39289,0.027118644067796627
2015-10-02,15150,15500,14950,15000,31807,-0.00990099009900991
2015-10-05,15150,15450,15000,15000,20264,0.0
2015-10-06,15150,15300,14850,14950,22896,-0.0033333333333332993
2015-10-07,15050,15050,14600,14750,28718,-0.013377926421404673
2015-10-08,14750,14800,14550,14700,23677,-0.003389830508474523
2015-10-12,15150,15450,14850,15100,29656,0.027210884353741527
2015-10-13,15000,15250,14700,14750,37410,-0.023178807947019875
2015-10-14,14850,14900,14650,14800,13206,0.003389830508474523
2015-10-15,14850,15050,14650,14950,17072,0.010135135135135087
2015-10-16,15100,15100,14700,14700,31063,-0.01672240802675584
2015-10-19,14900,14900,14500,14700,33905,0.0
2015-10-20,14700,14800,14550,14700,16385,0.0
2015-10-21,14850,14850,14650,14650,18021,-0.003401360544217691
2015-10-22,14750,14750,14250,14500,24271,-0.010238907849829393
2015-10-23,14450,14750,14450,14600,14895,0.006896551724137945
2015-10-26,14600,14650,14350,14350,21695,-0.017123287671232834
2015-10-27,14400,14450,14000,14150,32520,-0.013937282229965153
2015-10-28,14150,14250,13900,14150,23719,0.0
2015-10-29,14250,14250,13900,14000,17169,-0.010600706713780883
2015-10-30,14000,14100,13600,13650,20837,-0.025000000000000022
2015-11-02,13450,13800,13300,13750,18094,0.0073260073260073
2015-11-03,13600,14200,13600,14050,20237,0.021818181818181737
2015-11-04,14000,14200,13800,13900,19332,-0.010676156583629859
2015-11-05,14050,14050,13750,13900,11732,0.0
2015-11-06,13750,14050,13500,14000,34058,0.007194244604316502
2015-11-09,14000,14000,13450,13500,21058,-0.0357142857142857
2015-11-10,13500,13500,13200,13400,23651,-0.007407407407407418
2015-11-11,13500,13600,13350,13550,18849,0.011194029850746245
2015-11-12,13600,13700,13450,13600,14761,0.0036900369003689537
2015-11-13,13500,14250,13450,13700,27867,0.007352941176470562
2015-11-16,13600,13950,13350,13650,15997,-0.0036496350364964014
2015-11-17,13650,14150,13650,14050,16759,0.0293040293040292
2015-11-18,14050,14100,13700,13850,21298,-0.014234875444839812
2015-11-19,13900,14150,13800,13850,11676,0.0
2015-11-20,13950,14000,13700,13950,10510,0.0072202166064982976
2015-11-23,14100,14150,13750,14000,16850,0.0035842293906809264
2015-11-24,14000,14200,13850,14100,26739,0.0071428571428571175
2015-11-25,14200,14500,14000,14350,25989,0.01773049645390068
2015-11-26,14300,14750,14250,14400,23696,0.0034843205574912606
2015-11-27,14300,14550,14250,14450,18320,0.003472222222222321
2015-11-30,14500,15000,14300,14500,44666,0.0034602076124568004
2015-12-01,14350,14700,14350,14350,17990,-0.010344827586206917
2015-12-02,14500,14500,14050,14200,22426,-0.010452961672473893
2015-12-03,14200,14200,13800,13900,29244,-0.021126760563380254
2015-12-04,13900,13900,13650,13850,16545,-0.003597122302158251
2015-12-07,14050,14050,13600,13650,15249,-0.014440433212996373
2015-12-08,13650,13750,13400,13450,14819,-0.0146520146520146
2015-12-09,13350,13600,13250,13450,15915,0.0
2015-12-10,13450,13650,13200,13400,24539,-0.0037174721189591198
2015-12-11,13450,13500,13250,13350,16074,-0.003731343283582045
2015-12-14,13350,13350,12750,12900,27284,-0.0337078651685393
2015-12-15,12950,13050,12600,12650,33617,-0.019379844961240345
2015-12-16,12700,13050,12700,12800,18040,0.011857707509881354
2015-12-17,13000,13100,12850,13000,17371,0.015625
2015-12-18,13100,13350,12950,13150,19433,0.011538461538461497
2015-12-21,13150,13450,13150,13200,16469,0.0038022813688212143
2015-12-22,13250,13400,13050,13300,16934,0.007575757575757569
2015-12-23,13150,13600,13150,13600,18995,0.022556390977443552
2015-12-24,13700,14250,13600,14000,43079,0.02941176470588225
2015-12-28,14000,14200,13800,13800,29156,-0.014285714285714235
2015-12-29,13750,13750,13350,13450,14149,-0.025362318840579712
2015-12-30,13400,13600,13250,13600,12065,0.011152416356877248
2016-01-04,13450,13600,12900,12900,16138,-0.05147058823529416
2016-01-05,12900,13500,12800,13400,17993,0.03875968992248069
2016-01-06,13250,13650,13250,13400,18893,0.0
2016-01-07,13450,14750,13200,14400,126899,0.07462686567164178
2016-01-08,14150,15050,13800,14400,77049,0.0
2016-01-11,14400,14850,14350,14450,30840,0.003472222222222321
2016-01-12,14450,15000,14400,14800,33865,0.02422145328719716
2016-01-13,15000,15100,14600,14700,25699,-0.006756756756756799
2016-01-14,14400,14900,14350,14800,27082,0.006802721088435382
2016-01-15,14950,14950,14400,14550,32202,-0.016891891891891886
2016-01-18,14650,15200,14350,14850,34771,0.020618556701030855
2016-01-19,14950,15700,14650,15650,73829,0.05387205387205385
2016-01-20,15600,16000,14800,15350,79798,-0.019169329073482455
2016-01-21,15350,15550,14950,15400,25530,0.0032573289902280145
2016-01-22,15400,15400,14750,15050,25397,-0.022727272727272707
2016-01-25,15400,15400,14600,15100,23941,0.0033222591362125353
2016-01-26,15100,15100,14850,14950,13024,-0.009933774834437137
2016-01-27,15150,15200,14750,14950,16605,0.0
2016-01-28,15100,15700,14850,15600,36294,0.04347826086956519
2016-01-29,15600,15900,15400,15850,29872,0.01602564102564097
2016-02-01,16000,16200,15750,16200,41880,0.02208201892744488
2016-02-02,16300,16500,15650,16100,72199,-0.006172839506172867
2016-02-03,15950,16150,15750,16000,42971,-0.006211180124223614
2016-02-04,16250,16250,15400,16000,39694,0.0
2016-02-05,16150,16150,15650,15700,22130,-0.018750000000000044
2016-02-11,15400,15800,15250,15500,23837,-0.01273885350318471
2016-02-12,15700,15900,15000,15300,59597,-0.012903225806451646
2016-02-15,15450,16050,15350,15850,52233,0.03594771241830075
2016-02-16,16000,16150,15600,15850,36199,0.0
2016-02-17,15700,17100,15700,16100,103507,0.01577287066246047
2016-02-18,16350,16900,16250,16550,62121,0.02795031055900621
2016-02-19,16550,16850,16000,16100,56580,-0.027190332326283984
2016-02-22,16100,16600,15950,16250,27735,0.009316770186335477
2016-02-23,16150,16650,16150,16450,31643,0.012307692307692353
2016-02-24,16400,17000,16050,17000,60777,0.033434650455927084
2016-02-25,17050,17750,17000,17250,32961,0.014705882352941124
2016-02-26,17300,17500,17100,17250,27707,0.0
2016-02-29,17100,17650,17100,17100,23807,-0.008695652173912993
2016-03-02,17100,17500,16850,16900,25457,-0.011695906432748537
2016-03-03,16900,17300,16650,17000,40159,0.00591715976331364
2016-03-04,17000,17000,16350,16550,46611,-0.026470588235294135
2016-03-07,16450,17150,16450,17050,39588,0.030211480362537735
2016-03-08,16900,17100,16400,16600,36169,-0.02639296187683282
2016-03-09,16600,16800,16400,16650,27953,0.003012048192771122
2016-03-10,16650,16650,16100,16250,43389,-0.024024024024024038
2016-03-11,16250,16550,16100,16250,25860,0.0
2016-03-14,16300,16800,16200,16450,19664,0.012307692307692353
2016-03-15,16350,17200,16350,16900,42132,0.02735562310030404
2016-03-16,16950,17200,16250,16250,46878,-0.038461538461538436
2016-03-17,16400,16650,16000,16150,54092,-0.006153846153846176
2016-03-18,16250,16950,16200,16850,34142,0.04334365325077405
2016-03-21,16850,17000,16350,16400,34248,-0.02670623145400597
2016-03-22,16600,16800,16300,16650,17641,0.015243902439024293
2016-03-23,16650,16800,16500,16550,13234,-0.006006006006005982
2016-03-24,16450,16450,15800,15800,44542,-0.0453172205438066
2016-03-25,15900,16150,15850,16050,7105,0.015822784810126667
2016-03-28,15900,16200,15550,15850,15778,-0.012461059190031154
2016-03-29,15900,16250,15750,16050,20655,0.012618296529968376
2016-03-30,16050,16350,15550,15800,42098,-0.015576323987538943
2016-03-31,16000,16100,15250,15300,34608,-0.03164556962025311
2016-04-01,15300,15500,15150,15150,42970,-0.009803921568627416
2016-04-04,15250,16000,15250,15850,36699,0.0462046204620461
2016-04-05,15850,15900,15500,15600,21851,-0.01577287066246058
2016-04-06,15450,15750,15450,15750,19538,0.009615384615384581
2016-04-07,15700,15850,15500,15600,22253,-0.00952380952380949
2016-04-08,15500,15500,15200,15300,26646,-0.019230769230769273
2016-04-11,15300,15400,15000,15250,30669,-0.0032679738562091387
2016-04-12,15150,15200,14700,14850,41041,-0.02622950819672132
2016-04-14,14750,14950,14700,14950,34390,0.006734006734006703
2016-04-15,14850,15300,14750,15200,26707,0.01672240802675584
2016-04-18,15150,15250,14800,14900,24577,-0.019736842105263164
2016-04-19,15000,15050,14750,15050,19081,0.010067114093959662
2016-04-20,15100,15600,15050,15500,42880,0.029900332225913706
2016-04-21,15600,15750,15450,15700,29095,0.012903225806451646
2016-04-22,15700,16000,15500,15850,22395,0.009554140127388644
2016-04-25,15700,15900,15500,15550,14232,-0.018927444794952675
2016-04-26,15650,15750,15450,15500,18698,-0.003215434083601254
2016-04-27,15600,15750,15450,15500,10192,0.0
2016-04-28,15450,15750,15450,15750,30159,0.016129032258064502
2016-04-29,15700,15700,15300,15500,18284,-0.015873015873015928
2016-05-02,15300,15500,15150,15250,16105,-0.016129032258064502
2016-05-03,15100,15400,15100,15300,21574,0.003278688524590123
2016-05-04,15150,15250,14900,15000,23479,-0.019607843137254943
2016-05-09,15200,15200,14850,15050,9686,0.0033333333333334103
2016-05-10,15100,15200,14800,15100,11027,0.0033222591362125353
2016-05-11,15100,15300,14850,14950,14290,-0.009933774834437137
2016-05-12,14950,15150,14800,15150,17925,0.013377926421404673
2016-05-13,15200,15300,14950,15200,9299,0.0033003300330032292
2016-05-16,15050,15400,14800,14900,22141,-0.019736842105263164
2016-05-17,14850,15000,14400,14600,47992,-0.020134228187919434
2016-05-18,14650,14700,14000,14100,35666,-0.03424657534246578
2016-05-19,14000,14350,13950,14100,19022,0.0
2016-05-20,14100,14350,14000,14350,14023,0.01773049645390068
2016-05-23,14350,14500,14150,14300,20845,-0.0034843205574912606
2016-05-24,14400,14400,14000,14100,15106,-0.013986013986013957
2016-05-25,14150,14350,13850,13950,18298,-0.010638297872340385
2016-05-26,14050,14200,13850,13900,14948,-0.0035842293906810374
2016-05-27,14050,14300,13750,13800,38729,-0.007194244604316502
2016-05-30,13900,14100,13800,14100,21360,0.021739130434782705
2016-05-31,14050,14300,13850,14200,16840,0.007092198581560183
2016-06-01,14050,14100,13850,14100,21446,-0.007042253521126751
2016-06-02,14350,14350,13850,14000,19729,-0.007092198581560294
2016-06-03,13950,14150,13850,14050,18921,0.0035714285714285587
2016-06-07,14050,14350,13900,14250,26781,0.014234875444839812
2016-06-08,14250,14700,13850,14650,46818,0.02807017543859658
2016-06-09,14450,15200,14250,15200,89136,0.03754266211604085
2016-06-10,15100,15150,14700,14750,26580,-0.02960526315789469
2016-06-13,14550,14750,14300,14350,15442,-0.027118644067796627
2016-06-14,14250,14300,13950,14100,31521,-0.017421602787456414
2016-06-15,14000,14200,13850,13950,24238,-0.010638297872340385
2016-06-16,13950,14050,13450,13550,34832,-0.028673835125448077
2016-06-17,13600,13750,13400,13650,28966,0.007380073800737907
2016-06-20,13650,14000,13550,13850,29190,0.0146520146520146
2016-06-21,13750,13850,13650,13700,9891,-0.010830324909747335
2016-06-22,14050,14050,13700,13950,5449,0.018248175182481674
2016-06-23,14000,14000,13700,13750,11367,-0.014336917562724039
2016-06-24,13750,13950,13250,13350,31240,-0.029090909090909056
2016-06-27,13300,13400,12850,13100,24899,-0.01872659176029967
2016-06-28,13000,13700,12900,13350,15117,0.01908396946564883
2016-06-29,13350,13600,13250,13400,21676,0.0037453183520599342
2016-06-30,13500,13500,13250,13400,21113,0.0
2016-07-01,13450,13750,13450,13650,10005,0.018656716417910557
2016-07-04,13700,13850,13600,13750,8029,0.0073260073260073
2016-07-05,13650,13850,13500,13800,9433,0.0036363636363636598
2016-07-06,13800,13850,13600,13850,25861,0.0036231884057971175
2016-07-07,13800,14000,13600,13900,14188,0.0036101083032491488
2016-07-08,13800,14000,13600,13800,15157,-0.007194244604316502
2016-07-11,14050,14050,13700,13950,10948,0.010869565217391353
2016-07-12,13700,14050,13700,14000,10511,0.0035842293906809264
2016-07-13,14000,14100,13800,13850,9754,-0.010714285714285676
2016-07-14,13950,13950,13550,13700,11946,-0.010830324909747335
2016-07-15,14000,14000,13600,13900,21858,0.014598540145985384
2016-07-18,13900,14200,13800,14050,17704,0.010791366906474753
2016-07-19,14200,14200,14000,14050,15536,0.0
2016-07-20,14000,14150,13950,14100,9394,0.003558718861210064
2016-07-21,14050,14150,13750,13900,16892,-0.014184397163120588
2016-07-22,13900,14150,13850,14150,12151,0.017985611510791477
2016-07-25,14150,14200,13850,13900,14355,-0.017667844522968212
2016-07-26,13900,14050,13800,14000,11513,0.007194244604316502
2016-07-27,14050,14100,13650,13700,22217,-0.021428571428571463
2016-07-28,13700,13800,13600,13600,19551,-0.007299270072992692
2016-07-29,13650,13750,13400,13650,22068,0.003676470588235281
2016-08-01,13600,13750,13400,13400,14240,-0.01831501831501836
2016-08-02,13500,13500,13200,13300,24538,-0.007462686567164201
2016-08-03,13200,13450,13100,13200,14795,-0.007518796992481258
2016-08-04,13200,13600,13050,13250,48131,0.0037878787878788955
2016-08-05,13200,13450,12950,13000,44005,-0.018867924528301883
2016-08-08,12900,13150,12900,13000,35348,0.0
2016-08-09,13000,13200,12900,13150,30915,0.011538461538461497
2016-08-10,13200,13200,12950,13050,22827,-0.0076045627376425395
2016-08-11,13100,13200,12950,13000,20345,-0.003831417624521105
2016-08-12,13000,13650,13000,13600,40899,0.04615384615384621
2016-08-16,13600,13700,13450,13650,13960,0.003676470588235281
2016-08-17,13450,13650,13350,13500,13540,-0.01098901098901095
2016-08-18,13500,13600,13300,13350,11625,-0.011111111111111072
2016-08-19,13500,13550,12700,13050,33229,-0.022471910112359605
2016-08-22,13000,13050,12800,12850,14456,-0.01532567049808431
2016-08-23,12900,13450,12750,12950,16335,0.0077821011673151474
2016-08-24,13150,13150,12850,13050,17134,0.007722007722007707
2016-08-25,13150,13150,12750,12800,30548,-0.019157088122605415
2016-08-26,12800,12900,12600,12850,16063,0.00390625
2016-08-29,12850,12900,12500,12650,14854,-0.015564202334630295
2016-08-30,12550,13050,12550,12850,13316,0.015810276679841806
2016-08-31,12650,12950,12600,12650,10500,-0.015564202334630295
2016-09-01,12650,12750,12400,12500,25369,-0.011857707509881465
2016-09-02,12500,12700,12300,12550,23738,0.0040000000000000036
2016-09-05,12600,12900,12600,12900,14391,0.027888446215139417
2016-09-06,12750,13000,12600,12600,18548,-0.023255813953488413
2016-09-07,12700,12900,12600,12800,15437,0.015873015873015817
2016-09-08,12800,12950,12700,12800,10633,0.0
2016-09-09,12800,12850,12400,12700,23407,-0.0078125
2016-09-12,12550,12750,12250,12300,24307,-0.03149606299212604
2016-09-13,12450,12500,12250,12450,28349,0.012195121951219523
2016-09-19,12550,12550,12200,12350,15813,-0.008032128514056214
2016-09-20,12350,12650,12250,12500,26649,0.012145748987854255
2016-09-21,12400,12700,12400,12550,10094,0.0040000000000000036
2016-09-22,12700,12800,12550,12700,11846,0.01195219123505975
2016-09-23,12800,13000,12600,12850,18061,0.011811023622047223
2016-09-26,12850,13000,12700,12750,9952,-0.0077821011673151474
2016-09-27,12650,12950,12650,12850,8603,0.007843137254901933
2016-09-28,12850,13000,12700,12750,7037,-0.0077821011673151474
2016-09-29,12750,13000,12650,12950,7524,0.015686274509803866
2016-09-30,12800,12850,12450,12450,17771,-0.038610038610038644
2016-10-04,12400,12750,12400,12550,8658,0.008032128514056325
2016-10-05,12450,12750,12350,12450,23773,-0.007968127490039834
2016-10-06,12400,12450,12150,12200,38637,-0.02008032128514059
2016-10-07,12150,12400,12100,12350,30575,0.012295081967213184
2016-10-10,12250,12750,12250,12600,21589,0.020242914979757165
2016-10-11,12700,12850,12350,12450,24776,-0.011904761904761862
2016-10-12,12550,12750,12500,12550,14339,0.008032128514056325
2016-10-13,12750,12750,12350,12450,22375,-0.007968127490039834
2016-10-14,12450,12750,12300,12750,22108,0.024096385542168752
2016-10-17,12700,12700,12350,12400,22833,-0.027450980392156876
2016-10-18,12500,12500,12150,12250,19123,-0.012096774193548376
2016-10-19,12300,12400,12200,12300,10852,0.004081632653061273
2016-10-20,12300,12350,12150,12300,9992,0.0
2016-10-21,12300,12300,11800,11900,75255,-0.03252032520325199
2016-10-24,11900,11900,11550,11550,51093,-0.02941176470588236
2016-10-25,11650,11650,11400,11600,17701,0.0043290043290042934
2016-10-26,11700,11700,11300,11300,21169,-0.025862068965517238
2016-10-27,11300,11600,11300,11450,14446,0.01327433628318575
2016-10-28,11500,12000,11500,11750,38989,0.026200873362445476
2016-10-31,11750,12050,11750,11950,23389,0.017021276595744705
2016-11-01,11900,12000,11550,11600,13049,-0.029288702928870314
2016-11-02,11600,11600,11000,11150,50595,-0.03879310344827591
2016-11-03,11000,11350,11000,11200,23053,0.004484304932735439
2016-11-04,11350,11450,11200,11450,17672,0.022321428571428603
2016-11-07,11600,11600,11300,11300,20248,-0.013100436681222738
2016-11-08,11350,11900,11300,11850,45334,0.04867256637168138
2016-11-09,11950,11950,11350,11950,61999,0.00843881856540074
2016-11-10,12050,12300,12000,12200,37775,0.02092050209205021
2016-11-11,12200,12350,12100,12350,18639,0.012295081967213184
2016-11-14,12400,12800,12400,12750,47465,0.03238866396761142
2016-11-15,12750,12950,12500,12850,63012,0.007843137254901933
2016-11-16,12850,13000,12700,12950,35903,0.0077821011673151474
2016-11-17,12850,13100,12800,12850,32079,-0.007722007722007707
2016-11-18,12750,12950,12550,12850,16499,0.0
2016-11-21,12900,12900,12300,12400,14386,-0.035019455252918275
2016-11-22,12550,12650,12150,12350,19764,-0.0040322580645161255
2016-11-23,12450,12550,11950,11950,62735,-0.03238866396761131
2016-11-24,12050,12350,11800,11900,43348,-0.004184100418409997
2016-11-25,11750,12000,11600,11950,36393,0.004201680672268893
2016-11-28,12200,12200,11800,12100,14142,0.012552301255230214
2016-11-29,11900,12200,11900,12200,11568,0.008264462809917328
2016-11-30,12200,12300,12050,12200,8827,0.0
2016-12-01,12200,12200,11850,12100,8668,-0.008196721311475419
2016-12-02,12100,12500,11900,12400,24850,0.024793388429751984
2016-12-05,12600,12600,11800,12050,21600,-0.028225806451612878
2016-12-06,12100,12350,12050,12150,24096,0.008298755186721962
2016-12-07,12000,12300,11900,12150,15988,0.0
2016-12-08,12150,12150,11750,12150,23550,0.0
2016-12-09,12150,12150,11900,12100,7235,-0.004115226337448541
2016-12-12,12100,12250,11950,12250,27839,0.012396694214876103
2016-12-13,12300,12350,12050,12200,17693,-0.004081632653061273
2016-12-14,12200,12200,12000,12150,13068,-0.004098360655737654
2016-12-15,12100,12250,12000,12250,15088,0.008230452674897082
2016-12-16,12150,12250,11950,12150,34560,-0.008163265306122436
2016-12-19,12200,12250,12050,12250,10409,0.008230452674897082
2016-12-20,12150,12350,12150,12350,24450,0.008163265306122547
2016-12-21,12350,12400,12200,12300,16878,-0.004048582995951455
2016-12-22,12350,12400,12250,12400,23570,0.008130081300812941
2016-12-23,12400,12500,12300,12400,15922,0.0
2016-12-26,12400,12600,12350,12600,34744,0.016129032258064502
2016-12-27,12600,12750,12450,12600,36612,0.0
2016-12-28,12500,12600,12350,12350,17012,-0.019841269841269882
2016-12-29,12450,12500,12250,12450,8431,0.00809716599190291
2017-01-02,12500,12600,12400,12400,11650,-0.004016064257028162
2017-01-03,12450,12750,12400,12650,17194,0.02016129032258074
2017-01-04,12750,12750,12350,12550,16506,-0.007905138339920903
2017-01-05,12500,12600,12300,12500,11191,-0.003984063745019917
2017-01-06,12500,12500,12200,12350,13034,-0.01200000000000001
2017-01-09,12400,12400,11950,12000,29787,-0.028340080971659964
2017-01-10,11950,12050,11750,11900,20723,-0.008333333333333304
2017-01-11,11900,12000,11800,11850,24991,-0.004201680672268893
2017-01-12,11900,11900,11650,11800,26425,-0.00421940928270037
2017-01-13,11800,12000,11700,11900,13948,0.008474576271186418
2017-01-16,12050,12100,11750,12000,16307,0.008403361344537785
2017-01-17,12100,12100,11850,12050,14087,0.004166666666666652
2017-01-18,12050,12150,11950,12100,7991,0.004149377593360981
2017-01-19,12000,12150,11750,11750,18484,-0.02892561983471076
2017-01-20,11750,12050,11700,11900,12201,0.012765957446808418
2017-01-23,11800,12000,11800,11850,6201,-0.004201680672268893
2017-01-24,11950,12050,11500,11650,19673,-0.016877637130801704
2017-01-25,11650,11650,11400,11450,21257,-0.01716738197424894
2017-01-26,11550,11550,11200,11250,29934,-0.017467248908296984
2017-01-31,11250,11250,10900,10950,46585,-0.026666666666666616
2017-02-01,10950,11450,10900,11450,17881,0.04566210045662111
2017-02-02,11450,11450,11300,11400,11171,-0.004366812227074246
2017-02-03,11450,11450,11150,11350,11331,-0.004385964912280715
2017-02-06,11600,11600,11350,11400,8818,0.004405286343612369
2017-02-07,11500,11600,11200,11400,12641,0.0
2017-02-08,11400,11700,11100,11600,23484,0.01754385964912286
2017-02-09,11600,11650,11400,11650,7252,0.004310344827586299
2017-02-10,11650,11900,11550,11850,19278,0.01716738197424883
2017-02-13,11800,12100,11750,11900,17574,0.00421940928270037
2017-02-14,12000,12050,11850,11950,9221,0.004201680672268893
2017-02-15,11900,12100,11850,12050,17083,0.008368200836819994
2017-02-16,12000,12000,11650,11700,15695,-0.02904564315352698
2017-02-17,11700,11750,11350,11650,20280,-0.004273504273504258
2017-02-20,11700,11700,11450,11650,8537,0.0
2017-02-21,11700,12000,11650,11800,11867,0.012875536480686733
2017-02-22,11800,11800,11600,11700,7664,-0.008474576271186418
2017-02-23,11750,11800,11450,11600,23402,-0.008547008547008517
2017-02-24,11600,11700,11450,11700,13752,0.008620689655172376
2017-02-27,11700,11900,11650,11750,9408,0.004273504273504258
2017-02-28,11750,11750,11550,11700,11206,-0.004255319148936176
2017-03-02,11700,11850,11600,11600,15595,-0.008547008547008517
2017-03-03,11600,11750,11500,11650,12431,0.004310344827586299
2017-03-06,11500,11650,11300,11500,16886,-0.012875536480686733
2017-03-07,11550,11700,11400,11550,5843,0.004347826086956497
2017-03-08,11550,11700,11400,11500,17706,-0.0043290043290042934
2017-03-09,11500,11650,11400,11650,16397,0.01304347826086949
2017-03-10,11650,11650,11300,11400,31099,-0.02145922746781115
2017-03-13,11400,11500,11350,11450,10827,0.004385964912280604
2017-03-14,11400,11500,11150,11250,30785,-0.017467248908296984
2017-03-15,11200,11450,11200,11250,12553,0.0
2017-03-16,11350,11400,11200,11350,19216,0.008888888888888946
2017-03-17,11350,11400,11150,11150,30135,-0.017621145374449365
2017-03-20,11200,11200,11150,11200,10717,0.004484304932735439
2017-03-21,11150,11250,11050,11100,22486,-0.008928571428571397
2017-03-22,11050,11200,11000,11000,26947,-0.009009009009009028
2017-03-23,11000,11150,10950,11100,27678,0.009090909090909038
2017-03-24,11100,11300,11050,11200,21114,0.009009009009008917
2017-03-27,11100,11350,11000,11200,30319,0.0
2017-03-28,11250,11300,11050,11200,23739,0.0
2017-03-29,11200,11200,11000,11050,26535,-0.013392857142857095
2017-03-30,11150,11200,10950,11100,38129,0.004524886877828038
2017-03-31,11100,11450,11100,11450,29390,0.03153153153153143
2017-04-03,11300,11400,11150,11200,22166,-0.02183406113537123
2017-04-04,11150,11300,11100,11150,15450,-0.004464285714285698
2017-04-05,11200,11250,11050,11100,24219,-0.004484304932735439
2017-04-06,11050,11200,11000,11050,27655,-0.0045045045045044585
2017-04-07,11050,11150,10950,11000,29824,-0.004524886877828038
2017-04-10,10950,11050,10800,10800,27457,-0.018181818181818188
2017-04-11,10850,10900,10700,10800,20359,0.0
2017-04-12,10750,10850,10650,10800,21819,0.0
2017-04-13,10700,11000,10700,10950,22509,0.01388888888888884
2017-04-14,10800,10950,10750,10800,18288,-0.013698630136986356
2017-04-17,10800,11100,10750,11100,32215,0.02777777777777768
2017-04-18,11100,11200,10900,11150,26476,0.0045045045045044585
2017-04-19,11050,11150,10950,11050,26171,-0.008968609865470878
2017-04-20,11000,11150,10950,11100,27327,0.004524886877828038
2017-04-21,11150,11350,11100,11300,41089,0.018018018018018056
2017-04-24,11250,11300,11100,11150,16671,-0.013274336283185861
2017-04-25,11150,11200,11050,11200,22132,0.004484304932735439
2017-04-26,11250,11250,11150,11250,8479,0.0044642857142858094
2017-04-27,11250,11300,11100,11150,12410,-0.008888888888888835
2017-04-28,11100,11100,11000,11100,14202,-0.004484304932735439
2017-05-02,11050,11300,11050,11250,12565,0.013513513513513598
2017-05-04,11150,11300,11000,11200,23671,-0.004444444444444473
2017-05-08,11150,11350,11150,11350,19520,0.013392857142857206
2017-05-10,11250,11550,11250,11250,41362,-0.008810572687224627
2017-05-11,11250,11500,11200,11500,30902,0.022222222222222143
2017-05-12,11500,11550,11300,11400,30743,-0.008695652173912993
2017-05-15,11400,11700,11350,11550,38105,0.013157894736842035
2017-05-16,11550,11750,11550,11750,51028,0.017316017316017396
2017-05-17,11650,11900,11550,11850,46195,0.008510638297872353
2017-05-18,11650,11800,11450,11550,82190,-0.025316455696202556
2017-05-19,11700,12050,11600,11800,81103,0.02164502164502169
2017-05-22,11800,11950,11650,11700,53061,-0.008474576271186418
2017-05-23,11650,11850,11550,11700,27513,0.0
2017-05-24,11750,11850,11600,11850,36942,0.012820512820512775
2017-05-25,11850,12100,11800,12050,63902,0.016877637130801704
2017-05-26,12100,12100,11900,11900,27086,-0.012448132780082943
2017-05-29,11900,12050,11600,11750,71508,-0.012605042016806678
2017-05-30,11900,11900,11750,11750,32861,0.0
2017-05-31,11800,12050,11700,11800,87883,0.004255319148936065
2017-06-01,11900,12000,11800,11900,20443,0.008474576271186418
2017-06-02,11850,12150,11800,12100,61973,0.01680672268907557
2017-06-05,12150,12200,11700,11750,70139,-0.02892561983471076
2017-06-07,11800,12000,11600,11650,88974,-0.008510638297872353
2017-06-08,11700,12150,11600,12150,257542,0.0429184549356223
2017-06-09,12200,12400,12000,12400,127404,0.020576131687242816
2017-06-12,12300,12400,11950,12100,36420,-0.024193548387096753
2017-06-13,12050,12100,11950,12100,19738,0.0
2017-06-14,12150,12150,11950,12000,26054,-0.008264462809917328
2017-06-15,12100,12100,11800,11950,32826,-0.004166666666666652
2017-06-16,12000,12000,11800,11950,32008,0.0
2017-06-19,11950,12000,11750,11950,37138,0.0
2017-06-20,11950,12000,11850,12000,33177,0.004184100418409997
2017-06-21,12000,12000,11750,11850,33291,-0.012499999999999956
2017-06-22,11750,12100,11700,12100,50530,0.021097046413502074
2017-06-23,12150,12150,11800,11900,24534,-0.016528925619834656
2017-06-26,12000,12000,11700,11750,25444,-0.012605042016806678
2017-06-27,11750,11800,11650,11700,19524,-0.004255319148936176
2017-06-28,11700,11850,11600,11750,18681,0.004273504273504258
2017-06-29,11650,11750,11450,11600,75475,-0.012765957446808529
2017-06-30,11600,11700,11400,11550,41058,-0.004310344827586188
2017-07-03,11550,11550,11400,11550,21773,0.0
2017-07-04,11550,11650,11450,11500,10258,-0.0043290043290042934
2017-07-05,11500,11550,11400,11400,8427,-0.008695652173912993
2017-07-06,11500,11500,11300,11500,13703,0.00877192982456143
2017-07-07,11500,11500,11350,11400,14359,-0.008695652173912993
2017-07-10,11350,11350,10900,10950,70740,-0.03947368421052633
2017-07-11,10950,11100,10950,11050,24690,0.009132420091324311
2017-07-12,11000,11150,10900,10900,20716,-0.013574660633484115
2017-07-13,11000,11150,11000,11050,20321,0.013761467889908285
2017-07-14,11100,11100,10900,10950,8792,-0.009049773755656076
2017-07-17,11000,11150,11000,11000,15379,0.004566210045662045
2017-07-18,11100,11250,11050,11150,20448,0.013636363636363669
2017-07-19,11200,11200,10900,11100,30630,-0.004484304932735439
2017-07-20,11100,11300,11000,11250,15840,0.013513513513513598
2017-07-21,11250,11300,11150,11200,11797,-0.004444444444444473
2017-07-24,11200,11450,11150,11350,25791,0.013392857142857206
2017-07-25,11350,11400,11200,11300,11335,-0.004405286343612369
2017-07-26,11200,11400,11200,11300,15388,0.0
2017-07-27,11300,11650,11200,11600,39632,0.026548672566371723
2017-07-28,11600,11700,11400,11550,32702,-0.004310344827586188
2017-07-31,11550,11600,11400,11550,17686,0.0
2017-08-01,11500,11600,11450,11600,18592,0.0043290043290042934
2017-08-02,11650,11650,11500,11600,6975,0.0
2017-08-03,11500,11550,11350,11450,14714,-0.012931034482758674
2017-08-04,11500,11550,11200,11400,17851,-0.004366812227074246
2017-08-07,11400,11450,11200,11300,10480,-0.00877192982456143
2017-08-08,11250,11400,11150,11200,25302,-0.008849557522123908
2017-08-09,11200,11300,11100,11200,12828,0.0
2017-08-10,11200,11400,11200,11400,19544,0.017857142857142794
2017-08-11,11200,11200,11100,11150,17485,-0.021929824561403466
2017-08-14,11150,11350,11050,11300,21924,0.013452914798206317
2017-08-16,11300,11700,11300,11600,67270,0.026548672566371723
2017-08-17,11600,11700,11550,11600,11406,0.0
2017-08-18,11550,11700,11450,11500,6884,-0.008620689655172376
2017-08-21,11600,11600,11400,11550,15531,0.004347826086956497
2017-08-22,11600,11750,11500,11650,20489,0.008658008658008587
2017-08-23,11700,11750,11450,11550,15700,-0.008583690987124415
2017-08-24,11550,11900,11500,11750,46735,0.017316017316017396
2017-08-25,11850,11850,11650,11700,7556,-0.004255319148936176
2017-08-28,11650,11800,11550,11550,7525,-0.012820512820512775
2017-08-29,11700,11700,11500,11550,5750,0.0
2017-08-30,11600,11700,11500,11650,6580,0.008658008658008587
2017-08-31,11600,11700,11400,11500,17575,-0.012875536480686733
2017-09-01,11400,11600,11350,11400,14378,-0.008695652173912993
2017-09-04,11000,11350,11000,11150,35119,-0.021929824561403466
2017-09-05,11200,11200,11050,11150,21021,0.0
2017-09-06,11150,11200,11000,11150,20003,0.0
2017-09-07,11150,11400,11150,11350,19031,0.017937219730941756
2017-09-08,11250,11350,11100,11200,10649,-0.013215859030836996
2017-09-11,11200,11250,11050,11150,7189,-0.004464285714285698
2017-09-12,11150,11150,11000,11000,19752,-0.013452914798206317
2017-09-13,11050,11100,10900,11000,20555,0.0
2017-09-14,10950,11050,10800,11000,23999,0.0
2017-09-15,11000,11050,10900,10950,111164,-0.004545454545454519
2017-09-18,10950,11050,10900,10950,17659,0.0
2017-09-19,11000,11250,10900,10950,20814,0.0
2017-09-20,11000,11050,10850,10950,19488,0.0
2017-09-21,10950,11050,10800,10950,10999,0.0
2017-09-22,10850,11050,10800,10900,14056,-0.004566210045662156
2017-09-25,10900,10900,10750,10800,7816,-0.00917431192660545
2017-09-26,10800,11050,10750,10800,9000,0.0
2017-09-27,10850,11200,10800,11000,26763,0.0185185185185186
2017-09-28,11100,11150,10950,11100,7694,0.009090909090909038
2017-09-29,11150,11150,10950,11100,10639,0.0
2017-10-10,11100,11100,10850,10850,16535,-0.022522522522522515
2017-10-11,11050,11150,10850,11050,18438,0.018433179723502224
2017-10-12,11000,11100,10900,11000,14154,-0.004524886877828038
2017-10-13,10950,11050,10900,11000,4177,0.0
2017-10-16,10900,10950,10350,10550,34482,-0.040909090909090895
2017-10-17,10600,10600,10250,10400,34441,-0.014218009478673022
2017-10-18,10450,10450,10150,10200,20245,-0.019230769230769273
2017-10-19,10200,10450,10200,10300,14794,0.009803921568627416
2017-10-20,10400,10650,10350,10650,16983,0.03398058252427183
2017-10-23,10700,10800,10600,10650,10366,0.0
2017-10-24,10650,10750,10600,10600,13885,-0.0046948356807511304
2017-10-25,10600,10700,10550,10550,4616,-0.004716981132075526
2017-10-26,10500,10650,10450,10600,8367,0.004739336492890933
2017-10-27,10650,10850,10600,10800,17677,0.018867924528301883
2017-10-30,10850,10900,10600,10800,17194,0.0
2017-10-31,10750,10850,10600,10850,12551,0.004629629629629539
2017-11-01,10900,10900,10600,10850,20179,0.0
2017-11-02,10800,10850,10550,10650,6755,-0.018433179723502335
2017-11-03,10700,10700,10500,10600,17866,-0.0046948356807511304
2017-11-06,10600,10650,10400,10600,7194,0.0
2017-11-07,10650,10650,10400,10600,12402,0.0
2017-11-08,10600,10700,10500,10700,12516,0.009433962264151052
2017-11-09,10550,10650,10550,10650,4746,-0.004672897196261627
2017-11-10,10650,10750,10450,10600,20344,-0.0046948356807511304
2017-11-13,10600,10650,10500,10600,9360,0.0
2017-11-14,10500,10650,10450,10600,14625,0.0
2017-11-15,10600,10650,10500,10650,24578,0.004716981132075526
2017-11-16,10600,10650,10500,10600,15561,-0.0046948356807511304
2017-11-17,10600,10600,10500,10600,5740,0.0
2017-11-20,10650,10650,10350,10450,48067,-0.014150943396226467
2017-11-21,10500,10650,10500,10600,36945,0.014354066985645897
2017-11-22,10700,10700,10450,10550,9405,-0.004716981132075526
2017-11-23,10600,10600,10450,10500,6757,-0.004739336492891044
2017-11-24,10500,10600,10400,10450,9419,-0.004761904761904745
2017-11-27,10500,10550,10300,10450,18305,0.0
2017-11-28,10450,10450,10350,10450,9761,0.0
2017-11-29,10450,10450,10150,10200,28942,-0.02392344497607657
2017-11-30,10150,10300,10150,10250,11864,0.004901960784313708
2017-12-01,10250,10300,10000,10150,36807,-0.009756097560975618
2017-12-04,10150,10200,10100,10150,10153,0.0
2017-12-05,10200,10300,10000,10150,61233,0.0
2017-12-06,10100,10150,10000,10000,51539,-0.014778325123152691
2017-12-07,10050,10050,9900,9980,36036,-0.0020000000000000018
2017-12-08,10050,10050,9700,9900,55993,-0.008016032064128265
2017-12-11,9900,9900,9850,9880,19047,-0.002020202020202033
2017-12-12,9920,9920,9800,9850,14596,-0.0030364372469635637
2017-12-13,9850,10000,9840,9890,6390,0.004060913705583813
2017-12-14,9990,10000,9810,9850,23567,-0.004044489383215333
2017-12-15,9850,9930,9840,9930,11094,0.008121827411167404
2017-12-18,9880,9920,9830,9900,10443,-0.0030211480362537513
2017-12-19,9900,9930,9760,9830,16127,-0.007070707070707116
2017-12-20,9790,10350,9740,10150,65556,0.03255340793489325
2017-12-21,10150,10250,9990,10150,20497,0.0
2017-12-22,10150,10150,9990,10000,12328,-0.014778325123152691
2017-12-26,10050,10200,9980,10000,41064,0.0
2017-12-27,10000,10050,9910,10000,3498,0.0
2017-12-28,9940,10100,9940,10100,14801,0.010000000000000009
2018-01-02,10100,10150,9970,10000,14117,-0.00990099009900991
2018-01-03,10100,10300,9970,10200,31970,0.020000000000000018
2018-01-04,10250,10250,9970,9970,18148,-0.022549019607843168
2018-01-05,10100,10100,9990,10050,4989,0.008024072216650024
2018-01-08,10000,10100,9970,10000,6200,-0.00497512437810943
2018-01-09,10050,10100,9990,10000,11543,0.0
2018-01-10,10050,10100,10000,10100,8363,0.010000000000000009
2018-01-11,10150,10150,9990,10050,5596,-0.004950495049504955
2018-01-12,10150,10150,9990,9990,26677,-0.005970149253731294
2018-01-15,10000,10100,9900,9910,20506,-0.00800800800800805
2018-01-16,9840,9930,9800,9870,22729,-0.004036326942482349
2018-01-17,9790,9830,9740,9770,19595,-0.010131712259371817
2018-01-18,9800,9940,9770,9890,15331,0.0122824974411464
2018-01-19,9950,9980,9880,9920,4785,0.0030333670374114163
2018-01-22,9970,10000,9820,9980,8567,0.006048387096774244
2018-01-23,10000,10050,9950,9950,4169,-0.0030060120240480437
2018-01-24,9990,10050,9940,9950,8411,0.0
2018-01-25,9950,10150,9950,10100,18407,0.015075376884422065
2018-01-26,10100,10100,10050,10100,16939,0.0
2018-01-29,10150,10700,10100,10500,102212,0.03960396039603964
2018-01-30,10500,10500,10150,10250,45008,-0.023809523809523836
2018-01-31,10300,10350,10050,10250,39364,0.0
2018-02-01,10200,10450,10200,10400,29163,0.014634146341463428
2018-02-02,10500,10500,10250,10250,11973,-0.014423076923076872
2018-02-05,10150,10250,10100,10100,5345,-0.014634146341463428
2018-02-06,10000,10050,9820,9940,20530,-0.015841584158415856
2018-02-07,9940,10100,9910,9960,16889,0.002012072434607548
2018-02-08,9960,10050,9930,9990,7430,0.003012048192771122
2018-02-09,9980,9980,9780,9810,27247,-0.018018018018018056
2018-02-12,9760,9900,9760,9810,6501,0.0
2018-02-13,9840,9840,9760,9780,8458,-0.003058103975535187
2018-02-14,9910,9910,9700,9700,15936,-0.008179959100204526
2018-02-19,9690,9780,9460,9570,45984,-0.013402061855670055
2018-02-20,9580,9630,9550,9610,18705,0.004179728317659448
2018-02-21,9650,9650,9560,9600,16076,-0.0010405827263267886
2018-02-22,9640,9640,9560,9580,10239,-0.002083333333333326
2018-02-23,9610,9630,9550,9570,17145,-0.0010438413361169019
2018-02-26,9610,9670,9550,9610,9934,0.004179728317659448
2018-02-27,9610,9640,9520,9530,25322,-0.008324661810613976
2018-02-28,9540,9640,9480,9480,12026,-0.005246589716684125
2018-03-02,9490,9490,9390,9430,28495,-0.0052742616033755185
2018-03-05,9380,9470,9210,9240,25129,-0.020148462354188768
2018-03-06,9260,9410,9240,9300,4863,0.006493506493506551
2018-03-07,9400,9400,9290,9330,6168,0.003225806451612856
2018-03-08,9340,9360,9210,9360,5744,0.003215434083601254
2018-03-09,9300,9490,9300,9480,6240,0.012820512820512775
2018-03-12,9480,9710,9420,9700,15188,0.02320675105485237
2018-03-13,9700,9730,9610,9630,4790,-0.007216494845360799
2018-03-14,9650,9730,9620,9700,8306,0.007268951194184803
2018-03-15,9690,9730,9630,9700,3911,0.0
2018-03-16,9690,9780,9690,9760,6794,0.006185567010309256
2018-03-19,9710,9820,9560,9770,6792,0.0010245901639345245
2018-03-20,9770,9900,9700,9830,11473,0.0061412487205732
2018-03-21,9740,9880,9710,9840,3283,0.0010172939979653517
2018-03-22,9830,9880,9740,9840,2921,0.0
2018-03-23,9850,9890,9600,9700,4674,-0.014227642276422814
2018-03-26,9700,9800,9700,9750,7552,0.005154639175257714
2018-03-27,9750,9900,9740,9760,5576,0.0010256410256410664
2018-03-28,9770,9770,9600,9700,3521,-0.006147540983606592
2018-03-29,9630,9800,9630,9690,674,-0.0010309278350515427
2018-03-30,9700,9790,9680,9740,2549,0.005159958720330149
2018-04-02,9800,9800,9700,9700,4935,-0.004106776180698102
2018-04-03,9710,9940,9700,9940,16684,0.024742268041237025
2018-04-04,9950,9960,9760,9800,6805,-0.014084507042253502
2018-04-05,9800,9910,9800,9900,7919,0.010204081632652962
2018-04-06,9890,10050,9890,9940,12651,0.004040404040404066
2018-04-09,9900,9940,9790,9820,4552,-0.012072434607645843
2018-04-10,9890,9990,9800,9850,2653,0.003054989816700715
2018-04-11,9840,9880,9760,9760,3111,-0.009137055837563413
2018-04-12,9750,9850,9650,9700,10125,-0.006147540983606592
2018-04-13,9750,9770,9690,9730,10998,0.003092783505154628
2018-04-16,9680,9760,9540,9540,10737,-0.019527235354573458
2018-04-17,9550,9630,9520,9630,8796,0.009433962264151052
2018-04-18,9700,9700,9570,9690,3902,0.006230529595015577
2018-04-19,9690,9780,9560,9570,13892,-0.012383900928792602
2018-04-20,9550,9560,9510,9550,11098,-0.002089864158829724
2018-04-23,9500,9500,9450,9500,32723,-0.005235602094240788
2018-04-24,9500,9510,9460,9500,32981,0.0
2018-04-25,9520,9560,9470,9490,30302,-0.001052631578947416
2018-04-26,9490,9540,9450,9490,10210,0.0
2018-04-27,9490,9550,9440,9470,13084,-0.0021074815595363283
2018-04-30,9470,9540,9430,9450,10604,-0.002111932418162654
2018-05-02,9490,9500,9400,9410,15986,-0.004232804232804255
2018-05-03,9430,9700,9400,9540,22677,0.01381509032943673
2018-05-04,9560,9790,9520,9610,9082,0.007337526205450695
2018-05-08,9600,9610,9380,9430,20988,-0.018730489073881418
2018-05-09,9380,9500,9370,9450,13000,0.0021208907741250282
2018-05-10,9450,9540,9370,9410,6575,-0.004232804232804255
2018-05-11,9460,9490,9350,9440,20785,0.0031880977683316214
2018-05-14,9440,9490,9430,9460,10249,0.0021186440677967155
2018-05-15,9450,9470,9400,9470,13665,0.0010570824524311906
2018-05-16,9420,9490,9340,9410,11189,-0.006335797254487852
2018-05-17,9480,9480,9390,9430,7079,0.002125398512220933
2018-05-18,9490,9620,9420,9580,37875,0.01590668080593849
2018-05-21,9620,9630,9490,9550,11553,-0.0031315240083507057
2018-05-23,9510,9580,9460,9550,13309,0.0
2018-05-24,9600,9600,9500,9570,9288,0.0020942408376962707
2018-05-25,9520,9550,9380,9440,25783,-0.013584117032392928
2018-05-28,9370,9560,9360,9560,31650,0.012711864406779627
2018-05-29,9560,9640,9530,9580,5838,0.0020920502092049986
2018-05-30,9580,9580,9400,9430,3767,-0.01565762004175364
2018-05-31,9430,9480,9350,9370,6992,-0.006362672322375418
2018-06-01,9440,9460,9340,9360,8624,-0.0010672358591248265
2018-06-04,9340,9500,9310,9440,2700,0.008547008547008517
2018-06-05,9440,9520,9390,9390,3704,-0.005296610169491567
2018-06-07,9360,9500,9320,9490,6680,0.010649627263045858
2018-06-08,9490,9590,9400,9510,2981,0.0021074815595363283
2018-06-11,9510,9550,9400,9550,2628,0.004206098843322792
2018-06-12,9550,9560,9430,9440,3019,-0.011518324607329822
2018-06-14,9440,9540,9340,9430,7856,-0.0010593220338983578
2018-06-15,9430,9490,9320,9420,7202,-0.0010604453870625141
2018-06-18,9420,9420,9190,9220,15350,-0.02123142250530785
2018-06-19,9250,9290,9080,9090,24642,-0.014099783080260275
2018-06-20,9010,9110,8950,9010,15185,-0.008800880088008833
2018-06-21,9010,9040,8800,8820,16039,-0.021087680355160954
2018-06-22,8820,8860,8760,8770,9293,-0.005668934240362855
2018-06-25,8800,8910,8780,8890,5722,0.0136830102622576
2018-06-26,8890,8890,8590,8700,42106,-0.021372328458942658
2018-06-27,8750,8770,8630,8700,1633,0.0
2018-06-28,8950,8950,8700,8770,29465,0.008045977011494232
2018-06-29,8770,8820,8640,8680,3621,-0.010262257696693311
2018-07-02,8680,8760,8400,8560,10963,-0.01382488479262678
2018-07-03,8660,8660,8270,8430,9265,-0.015186915887850483
2018-07-04,8500,8500,8280,8410,3801,-0.0023724792408066353
2018-07-05,8280,8420,8170,8230,6889,-0.021403091557669396
2018-07-06,8400,8420,8210,8310,6764,0.009720534629404698
2018-07-09,8230,8320,8150,8240,4394,-0.008423586040914532
2018-07-10,8300,8400,8200,8400,3005,0.01941747572815533
2018-07-11,8410,8510,8300,8510,7823,0.013095238095238049
2018-07-12,8510,8570,8400,8530,10416,0.00235017626321965
2018-07-13,8460,8590,8460,8590,2541,0.00703399765533419
2018-07-16,8600,8630,8460,8530,4366,-0.006984866123399325
2018-07-17,8580,8580,8400,8480,1801,-0.0058616647127783805
2018-07-18,8540,8540,8360,8430,1336,-0.005896226415094352
2018-07-19,8430,8430,8240,8430,10234,0.0
2018-07-20,8430,8430,8250,8390,4898,-0.004744958481613271
2018-07-23,8350,8490,8260,8400,2872,0.0011918951132301459
2018-07-24,8250,8390,8220,8350,1860,-0.005952380952380931
2018-07-25,8350,8350,8090,8280,8610,-0.008383233532934131
2018-07-26,8190,8290,8190,8280,1727,0.0
2018-07-27,8280,8290,8150,8290,2899,0.0012077294685990392
2018-07-30,8400,8540,8210,8400,2786,0.013268998793727338
2018-07-31,8400,8440,8240,8440,2758,0.004761904761904745
2018-08-01,8500,8500,8280,8470,4863,0.0035545023696681444
2018-08-02,8480,8510,8380,8460,2761,-0.0011806375442738881
2018-08-03,8480,8500,8470,8500,1498,0.004728132387706863
2018-08-06,8500,8520,8120,8490,2680,-0.0011764705882353343
2018-08-07,8470,8540,8340,8460,2055,-0.0035335689045936647
2018-08-08,8500,8500,8300,8490,1682,0.0035460992907800915
2018-08-09,8510,8510,8400,8470,1991,-0.002355712603062443
2018-08-10,8510,8520,8440,8470,1775,0.0
2018-08-13,8320,8460,8320,8320,1540,-0.017709563164108655
2018-08-14,8320,8470,8260,8300,2186,-0.0024038461538461453
2018-08-16,8210,8210,7980,8050,18074,-0.030120481927710885
2018-08-17,8000,8080,7940,8000,6941,-0.006211180124223614
2018-08-20,8000,8010,7920,7990,3891,-0.0012499999999999734
2018-08-21,8030,8030,7940,8030,3129,0.005006257822277815
2018-08-22,8070,8100,8010,8070,2271,0.00498132004981322
2018-08-23,8100,8110,7950,8080,18748,0.0012391573729864103
2018-08-24,8080,8130,7950,8090,2307,0.0012376237623761277
2018-08-27,8120,8140,7910,8030,3541,-0.007416563658838027
2018-08-28,8080,8080,7950,8000,7273,-0.0037359900373599153
2018-08-29,8050,8050,7860,7860,28144,-0.01749999999999996
2018-08-30,7890,8040,7860,7990,16506,0.01653944020356235
2018-08-31,7990,8020,7940,8000,2631,0.0012515644555695093
2018-09-03,8000,8000,7850,7990,8293,-0.0012499999999999734
2018-09-04,7950,7990,7890,7970,3254,-0.0025031289111389077
2018-09-05,7970,7980,7890,7970,3923,0.0
2018-09-06,7890,7990,7880,7920,4353,-0.006273525721455453
2018-09-07,7850,7990,7850,7940,3524,0.002525252525252597
2018-09-10,7890,7980,7800,7910,51637,-0.0037783375314861534
2018-09-11,7920,7930,7840,7930,4570,0.0025284450063212116
2018-09-12,7990,7990,7890,7930,4287,0.0
2018-09-13,8030,8030,7880,7950,4961,0.0025220680958386588
2018-09-14,7960,8050,7930,8000,7505,0.0062893081761006275
2018-09-17,8030,8030,7930,8000,3073,0.0
2018-09-18,8030,8040,7950,8000,4254,0.0
2018-09-19,8160,8160,7930,7930,3338,-0.008750000000000036
2018-09-20,8000,8000,7780,7880,14199,-0.006305170239596425
2018-09-21,7900,7900,7820,7880,3725,0.0
2018-09-27,7810,7980,7810,7970,9238,0.011421319796954377
2018-09-28,7910,8000,7910,8000,6376,0.0037641154328733606
2018-10-01,8000,8120,8000,8120,9688,0.014999999999999902
2018-10-02,8120,8150,8000,8070,15344,-0.006157635467980316
2018-10-04,8140,8140,7850,7850,20059,-0.027261462205700138
2018-10-05,7850,7920,7710,7880,12453,0.003821656050955413
2018-10-08,7800,7910,7760,7880,4234,0.0
2018-10-10,7800,7850,7720,7750,3309,-0.016497461928933976
2018-10-11,7600,7750,7360,7490,16768,-0.03354838709677421
2018-10-12,7400,7620,7400,7600,4163,0.014686248331108098
2018-10-15,7600,7600,7400,7500,1910,-0.013157894736842146
2018-10-16,7500,7590,7400,7470,1868,-0.0040000000000000036
2018-10-17,7550,7670,7480,7610,5777,0.018741633199464536
2018-10-18,7620,7720,7470,7600,1358,-0.0013140604467805073
2018-10-19,7580,7600,7400,7500,5130,-0.013157894736842146
2018-10-22,7510,7510,7450,7500,1130,0.0
2018-10-23,7500,7500,7300,7430,3573,-0.009333333333333305
2018-10-24,7430,7500,7300,7300,1558,-0.01749663526244949
2018-10-25,7450,7450,7100,7200,6189,-0.013698630136986356
2018-10-26,7250,7250,6940,6980,6849,-0.030555555555555558
2018-10-29,6980,7050,6550,6560,14181,-0.06017191977077363
2018-10-30,6590,6600,6400,6460,11257,-0.015243902439024404
2018-10-31,6520,6600,6460,6550,9898,0.01393188854489158
2018-11-01,6530,6710,6530,6560,2397,0.0015267175572519776
2018-11-02,6530,6730,6530,6670,9842,0.0167682926829269
2018-11-05,6670,6670,6480,6560,4835,-0.016491754122938573
2018-11-06,6520,6670,6520,6590,4848,0.004573170731707377
2018-11-07,6590,6700,6570,6600,11520,0.0015174506828528056
2018-11-08,6630,6870,6590,6850,15603,0.037878787878787845
2018-11-09,6860,6860,6570,6640,10958,-0.03065693430656935
2018-11-12,6570,6810,6560,6640,8173,0.0
2018-11-13,6610,6670,6540,6570,1476,-0.010542168674698815
2018-11-14,6660,6660,6460,6600,6373,0.004566210045662045
2018-11-15,6600,6620,6500,6540,20921,-0.009090909090909038
2018-11-16,6680,6760,6600,6720,14626,0.02752293577981657
2018-11-19,6750,6850,6670,6750,8379,0.0044642857142858094
2018-11-20,6760,6850,6700,6730,4063,-0.002962962962962945
2018-11-21,6710,6790,6610,6770,5598,0.005943536404160454
2018-11-22,6770,7140,6760,7140,14970,0.05465288035450522
2018-11-23,7030,7250,7030,7220,11259,0.011204481792717047
2018-11-26,7080,7270,7080,7260,1683,0.005540166204986097
2018-11-27,7200,7300,7200,7230,1610,-0.004132231404958664
2018-11-28,7130,7340,7130,7220,1900,-0.0013831258644536604
2018-11-29,7260,7320,7100,7220,3303,0.0
2018-11-30,7220,7230,7070,7230,4209,0.0013850415512466352
2018-12-03,7230,7240,7060,7210,6862,-0.0027662517289073207
2018-12-04,7220,7250,7170,7190,2829,-0.00277392510402219
2018-12-05,7150,7230,7090,7130,4403,-0.008344923504867818
2018-12-06,7150,7190,6990,7060,2596,-0.009817671809256634
2018-12-07,7060,7180,6990,7020,1159,-0.005665722379603388
2018-12-10,6840,7000,6840,6920,4048,-0.014245014245014231
2018-12-11,6990,6990,6850,6940,6714,0.0028901734104045396
2018-12-12,7000,7020,6900,7020,10933,0.011527377521613813
2018-12-13,7030,7040,6910,7030,12501,0.0014245014245013454
2018-12-14,7030,7170,6910,6930,22241,-0.014224751066856278
2018-12-17,6990,7050,6980,7030,1745,0.01443001443001446
2018-12-18,7150,7150,6990,7030,2093,0.0
2018-12-19,7030,7080,7000,7050,1306,0.002844950213371167
2018-12-20,7050,7120,6950,7010,1231,-0.005673758865248235
2018-12-21,7010,7030,6950,7000,2190,-0.0014265335235378318
2018-12-24,7040,7100,6950,7100,1345,0.014285714285714235
2018-12-26,7010,7070,6810,6920,2078,-0.025352112676056304
2018-12-27,6920,6980,6840,6940,1740,0.0028901734104045396
2018-12-28,6940,7010,6940,7010,1369,0.01008645533141217
2019-01-02,7010,7200,6910,7030,3753,0.0028530670470756636
2019-01-03,6950,7020,6920,7020,1240,-0.0014224751066855834
2019-01-04,7010,7020,6890,7020,9233,0.0
2019-01-07,7030,7400,6900,7390,15832,0.05270655270655267
2019-01-08,7370,7690,7370,7680,15099,0.03924221921515558
2019-01-09,7560,7840,7560,7790,12890,0.01432291666666674
2019-01-10,7690,7760,7640,7690,6056,-0.012836970474967901
2019-01-11,7670,7840,7610,7840,3314,0.01950585175552666
2019-01-14,7840,7900,7660,7660,3694,-0.022959183673469385
2019-01-15,7670,7970,7660,7830,2960,0.022193211488250597
2019-01-16,7830,7890,7720,7860,12574,0.003831417624521105
2019-01-17,7850,7870,7750,7840,4271,-0.0025445292620864812
2019-01-18,7860,7950,7850,7950,5546,0.014030612244897878
2019-01-21,7950,7970,7820,7910,6999,-0.005031446540880502
2019-01-22,7910,7940,7870,7920,6492,0.0012642225031604948
2019-01-23,7920,7940,7820,7940,5104,0.002525252525252597
2019-01-24,7920,7940,7690,7890,12343,-0.006297229219143552
2019-01-25,7810,7810,7690,7780,13846,-0.013941698352344711
2019-01-28,7730,7840,7720,7810,2709,0.003856041131105492
2019-01-29,7840,7850,7700,7810,4700,0.0
2019-01-30,7740,7870,7740,7810,4450,0.0
2019-01-31,7730,7840,7700,7770,3501,-0.005121638924455829
2019-02-01,7800,7800,7680,7700,2662,-0.009009009009009028
2019-02-07,7620,7770,7620,7720,4548,0.0025974025974024872
2019-02-08,7760,7800,7620,7800,7197,0.010362694300518172
2019-02-11,7790,7830,7700,7820,7450,0.002564102564102555
2019-02-12,7820,7840,7730,7780,4306,-0.005115089514066473
2019-02-13,7840,7840,7720,7800,8428,0.0025706940874035134
2019-02-14,7800,7820,7710,7820,7814,0.002564102564102555
2019-02-15,7820,7830,7620,7820,7164,0.0
2019-02-18,7820,7950,7740,7940,8256,0.01534526854219953
2019-02-19,7920,8000,7870,8000,23288,0.007556675062972307
2019-02-20,7970,8000,7860,7930,10351,-0.008750000000000036
2019-02-21,7930,7930,7770,7900,595125,-0.003783102143757877
2019-02-22,7900,8010,7870,7990,11783,0.0113924050632912
2019-02-25,7990,8010,7860,7860,6429,-0.016270337922402955
2019-02-26,7860,7920,7830,7890,5772,0.003816793893129722
2019-02-27,7890,7920,7850,7920,6614,0.0038022813688212143
2019-02-28,7920,7960,7450,7770,8383,-0.018939393939393923
2019-03-04,7790,7900,7790,7900,5877,0.016731016731016624
2019-03-05,7930,7980,7800,7930,3249,0.0037974683544304
2019-03-06,7900,7950,7860,7950,6581,0.0025220680958386588
2019-03-07,7950,7960,7810,7930,4270,-0.002515723270440251
2019-03-08,7920,7920,7760,7870,6947,-0.007566204287515754
2019-03-11,7870,7900,7670,7880,5653,0.0012706480304955914
2019-03-12,7880,7950,7790,7880,5262,0.0
2019-03-13,7900,7950,7780,7930,8781,0.006345177664974555
2019-03-14,7950,8050,7930,8000,17888,0.008827238335435084
2019-03-15,8000,8040,7920,7990,6650,-0.0012499999999999734
2019-03-18,7910,8010,7910,7970,4354,-0.0025031289111389077
2019-03-19,7970,7980,7830,7970,3962,0.0
2019-03-20,7970,8020,7970,8000,4649,0.0037641154328733606
2019-03-21,8000,8020,7940,7960,2775,-0.0050000000000000044
2019-03-22,7980,8030,7960,8020,3761,0.007537688442211143
2019-03-25,7970,8040,7940,8010,6460,-0.0012468827930174342
2019-03-26,7940,8100,7940,8060,9922,0.006242197253433224
2019-03-27,8070,8100,8040,8080,14990,0.002481389578163684
2019-03-28,8100,8100,8010,8100,6816,0.0024752475247524774
2019-03-29,8100,8110,7980,8100,5207,0.0
2019-04-01,8100,8120,8050,8090,5094,-0.0012345679012345512
2019-04-02,8090,8120,8050,8110,2026,0.0024721878862794533
2019-04-03,8050,8110,8050,8110,3061,0.0
2019-04-04,8110,8150,8050,8150,8320,0.004932182490752224
2019-04-05,8150,8170,8090,8160,2974,0.0012269938650306678
2019-04-08,8160,8180,8150,8180,3401,0.002450980392156854
2019-04-09,8180,8190,8020,8140,7611,-0.004889975550122272
2019-04-10,8140,8180,8140,8170,5767,0.0036855036855036882
2019-04-11,8170,8180,8140,8160,6848,-0.001223990208078285
2019-04-12,8190,8190,8140,8160,5613,0.0
2019-04-15,8180,8200,8160,8160,6174,0.0
2019-04-16,8180,8200,7930,8180,7705,0.002450980392156854
2019-04-17,8160,8180,8100,8180,6107,0.0
2019-04-18,8180,8230,8090,8130,7335,-0.006112469437652757
2019-04-19,8130,8460,8130,8380,19248,0.03075030750307506
2019-04-22,8380,8890,8360,8810,40368,0.051312649164677815
2019-04-23,8880,8900,8660,8770,12917,-0.004540295119182747
2019-04-24,8700,10650,8660,9300,717601,0.06043329532497155
2019-04-25,9550,9600,9030,9030,106177,-0.029032258064516148
2019-04-26,9030,9470,8990,9040,70283,0.001107419712070845
2019-04-29,9040,9290,8970,9090,23251,0.005530973451327359
2019-04-30,9140,9290,8990,9190,20670,0.011001100110010986
2019-05-02,9280,9300,9120,9190,10398,0.0
2019-05-03,9190,9190,9060,9140,13126,-0.005440696409140355
2019-05-07,9120,9140,9050,9060,8419,-0.008752735229759279
2019-05-08,9050,9050,8790,9010,37946,-0.0055187637969095205
2019-05-09,8930,9050,8870,9030,10824,0.002219755826859071
2019-05-10,9030,9220,8940,9130,7317,0.011074197120708673
2019-05-13,9030,9290,9030,9230,16635,0.010952902519167473
2019-05-14,9100,9290,9010,9280,20185,0.005417118093174356
2019-05-15,9330,9490,9250,9490,20876,0.022629310344827624
2019-05-16,9400,9500,9380,9470,23048,-0.0021074815595363283
2019-05-17,9520,9520,9300,9300,7489,-0.017951425554382228
2019-05-20,9390,9600,9160,9540,23601,0.02580645161290329
2019-05-21,9600,9600,9370,9370,12399,-0.017819706498951815
2019-05-22,9370,9390,9130,9140,9073,-0.0245464247598719
2019-05-23,9150,9210,9100,9200,10741,0.006564551422319376
2019-05-24,9200,9220,8890,9090,39609,-0.011956521739130421
2019-05-27,9210,9210,9080,9140,3477,0.005500550055005604
2019-05-28,9020,9220,8880,8880,7803,-0.02844638949671774
2019-05-29,9140,9140,8860,8880,6751,0.0
2019-05-30,8990,8990,8830,8950,3663,0.007882882882882969
2019-05-31,8950,9040,8840,8920,6610,-0.003351955307262622
2019-06-03,8860,9100,8860,8940,14935,0.0022421524663676085
2019-06-04,9000,9090,8940,9040,6495,0.01118568232662187
2019-06-05,9020,9300,9020,9240,8576,0.022123893805309658
2019-06-07,9310,9400,9200,9300,9961,0.006493506493506551
2019-06-10,9300,9380,9240,9320,4843,0.0021505376344086446
2019-06-11,9210,9310,9210,9300,10265,-0.0021459227467811592
2019-06-12,9360,9360,9270,9330,7008,0.003225806451612856
2019-06-13,9310,9480,9270,9460,7149,0.013933547695605508
2019-06-14,9460,9490,9350,9410,5218,-0.005285412262156397
2019-06-17,9500,9500,9300,9420,17863,0.0010626992561104665
2019-06-18,9160,9430,9160,9260,37679,-0.01698513800424628
2019-06-19,9340,9550,9310,9540,33657,0.030237580993520474
2019-06-20,9550,9580,9390,9460,17311,-0.008385744234800874
2019-06-21,9420,9450,9310,9310,7735,-0.015856236786469302
2019-06-24,9310,9420,9150,9160,5125,-0.01611170784103111
2019-06-25,9200,9250,9100,9250,4840,0.009825327510917026
2019-06-26,9200,9240,9070,9240,9423,-0.00108108108108107
2019-06-27,9260,9260,9100,9130,8267,-0.011904761904761862
2019-06-28,9130,9180,9030,9080,5291,-0.005476451259583737
2019-07-01,9060,9190,8910,9000,7661,-0.008810572687224627
2019-07-02,9000,9160,8910,9130,10819,0.014444444444444482
2019-07-03,9160,9410,9150,9290,20054,0.017524644030668224
2019-07-04,9290,9330,9100,9220,6334,-0.00753498385360607
2019-07-05,9220,11300,9110,9820,1929913,0.06507592190889366
2019-07-08,10350,11700,10050,11000,2754189,0.12016293279022405
2019-07-09,10750,11800,10450,10550,1707399,-0.040909090909090895
2019-07-10,10800,10900,9880,10100,618220,-0.042654028436018954
2019-07-11,10300,10550,9920,9920,359097,-0.017821782178217838
2019-07-12,10250,10300,9830,10050,272909,0.013104838709677491
2019-07-15,10100,10500,9990,10150,312311,0.00995024875621886
2019-07-16,10250,10300,9710,9880,206308,-0.026600985221674867
2019-07-17,10000,10450,9780,10000,214267,0.012145748987854255
2019-07-18,10100,10100,9590,9770,226681,-0.02300000000000002
2019-07-19,9850,9980,9650,9720,89070,-0.0051177072671443335
2019-07-22,9720,9940,9680,9930,60619,0.021604938271605034
2019-07-23,10000,10000,9670,9690,63031,-0.024169184290030232
2019-07-24,9690,9760,9420,9420,54876,-0.02786377708978327
2019-07-25,9440,9780,9360,9510,129586,0.009554140127388644
2019-07-26,9640,9640,9260,9260,81024,-0.02628811777076756
2019-07-29,9310,12000,9260,12000,6291621,0.2958963282937366
2019-07-30,12350,14150,12000,12050,7616938,0.004166666666666652
2019-07-31,12150,12300,10450,10650,2326322,-0.11618257261410792
2019-08-01,10650,11100,9820,9950,1521007,-0.06572769953051638
2019-08-02,10400,10850,9970,10400,2206395,0.045226130653266416
2019-08-05,10900,12900,10450,12200,5418072,0.17307692307692313
2019-08-06,11600,13450,11500,12350,3341082,0.012295081967213184
2019-08-07,12850,12900,11250,11550,1821572,-0.06477732793522262
2019-08-08,11300,11300,10450,10950,1110817,-0.051948051948051965
2019-08-09,11100,11100,10650,10850,528349,-0.0091324200913242
2019-08-12,10800,11050,10600,10950,446997,0.009216589861751112
2019-08-13,10950,10950,10450,10550,330275,-0.0365296803652968
2019-08-14,10600,10950,10250,10550,518204,0.0
2019-08-16,10450,10850,10000,10100,479539,-0.042654028436018954
2019-08-19,10250,10250,10000,10150,182287,0.004950495049504955
2019-08-20,10100,10250,10000,10100,155769,-0.0049261083743842304
2019-08-21,10100,10400,10000,10300,286731,0.01980198019801982
2019-08-22,10400,10500,10150,10300,156236,0.0
2019-08-23,10900,11850,10600,10600,3286611,0.029126213592232997
2019-08-26,10600,10900,10200,10300,513641,-0.028301886792452824
2019-08-27,10350,10550,10250,10500,267858,0.01941747572815533
2019-08-28,10550,10550,10200,10250,261394,-0.023809523809523836
2019-08-29,10250,10400,9920,10200,348947,-0.004878048780487809
2019-08-30,10200,10350,10150,10350,150116,0.014705882352941124
2019-09-02,10450,10800,10300,10800,287185,0.04347826086956519
2019-09-03,10850,11100,10700,11100,273276,0.02777777777777768
2019-09-04,11100,11450,11050,11200,310404,0.009009009009008917
2019-09-05,11350,11350,10950,11150,203419,-0.004464285714285698
2019-09-06,11050,11200,10950,11050,96613,-0.008968609865470878
2019-09-09,11000,11500,11000,11150,230172,0.009049773755656076
2019-09-10,11100,11200,11000,11100,88792,-0.004484304932735439
2019-09-11,11150,11500,11100,11200,114662,0.009009009009008917
2019-09-16,11350,11500,11300,11400,110341,0.017857142857142794
2019-09-17,11500,11500,11100,11200,100200,-0.01754385964912286
2019-09-18,11100,11500,11100,11450,146785,0.022321428571428603
2019-09-19,11350,11550,11350,11550,73806,0.008733624454148492
2019-09-20,11700,11700,11250,11450,80021,-0.008658008658008698
2019-09-23,11350,11400,11200,11250,51308,-0.017467248908296984
2019-09-24,11100,11300,11100,11250,50653,0.0
2019-09-25,11300,11450,11050,11050,67281,-0.01777777777777778
2019-09-26,11150,11450,11100,11150,75520,0.009049773755656076
2019-09-27,11100,11300,10950,11100,59167,-0.004484304932735439
2019-09-30,11100,11250,10800,11200,84337,0.009009009009008917
2019-10-01,11300,11350,11000,11150,60217,-0.004464285714285698
2019-10-02,11050,11500,11050,11250,96797,0.008968609865470878
2019-10-04,11100,11350,11050,11050,64869,-0.01777777777777778
2019-10-07,11050,11150,10000,10550,113261,-0.04524886877828049
2019-10-08,10550,10850,10350,10800,71174,0.023696682464454888
2019-10-10,10800,10900,10700,10900,34278,0.0092592592592593
2019-10-11,10950,11150,10700,10900,63358,0.0
2019-10-14,10900,11200,10800,10800,59370,-0.00917431192660545
2019-10-15,10850,10950,10350,10850,75353,0.004629629629629539
2019-10-16,10700,11050,10700,11000,32403,0.01382488479262678
2019-10-17,10950,11200,10850,10950,57234,-0.004545454545454519
2019-10-18,10900,11700,10900,11350,237390,0.0365296803652968
2019-10-21,11350,11800,11250,11650,135718,0.026431718061673992
2019-10-22,11850,12050,11450,11900,199829,0.02145922746781115
2019-10-23,12000,12600,11750,12550,224845,0.054621848739495826
2019-10-24,12500,13100,12350,12800,200098,0.019920318725099584
2019-10-25,12750,13200,12650,13050,89680,0.01953125
2019-10-28,13050,13400,12950,13250,99298,0.015325670498084198
2019-10-29,13400,13450,12900,13100,50347,-0.01132075471698113
2019-10-30,13100,13600,12950,13550,111865,0.03435114503816794
2019-10-31,13550,13600,13000,13450,66366,-0.0073800738007380184
2019-11-01,13700,13900,13450,13850,62650,0.029739776951672958
2019-11-04,13900,14100,13800,14100,52136,0.018050541516245522
2019-11-05,14100,14150,13800,13900,32533,-0.014184397163120588
2019-11-06,13800,14300,13800,14150,48806,0.017985611510791477
2019-11-07,13950,14300,13950,14250,31216,0.007067137809187329
2019-11-08,14150,14750,14150,14350,59100,0.007017543859649145
2019-11-11,14300,14650,14200,14400,46265,0.0034843205574912606
2019-11-12,14500,14600,14250,14500,48762,0.00694444444444442
2019-11-13,14450,14500,14050,14300,43728,-0.01379310344827589
2019-11-14,14150,14350,13900,14100,42527,-0.013986013986013957
2019-11-15,14100,14600,13350,14450,107225,0.024822695035461084
2019-11-18,14450,14500,13850,14000,44682,-0.03114186851211076
2019-11-19,14450,14500,13950,14400,71140,0.02857142857142847
2019-11-20,14450,14700,14300,14550,74569,0.01041666666666674
2019-11-21,14350,14550,14050,14200,57690,-0.02405498281786944
2019-11-22,14050,14200,13750,14000,45363,-0.014084507042253502
2019-11-25,14000,14000,13400,13850,62163,-0.010714285714285676
2019-11-26,13850,14000,13400,13600,77347,-0.018050541516245522
2019-11-27,13700,13750,13100,13350,37078,-0.018382352941176516
2019-11-28,13300,13450,12850,13350,73549,0.0
2019-11-29,13400,13600,12900,13050,33469,-0.022471910112359605
2019-12-02,12900,13150,12650,12850,78667,-0.01532567049808431
2019-12-03,12750,13200,12750,12950,45799,0.0077821011673151474
2019-12-04,12950,13000,12650,13000,51771,0.0038610038610038533
2019-12-05,13050,13150,12700,12700,42005,-0.023076923076923106
2019-12-06,12600,12750,12450,12600,44202,-0.007874015748031482
2019-12-09,12600,12700,12300,12500,105551,-0.007936507936507908
2019-12-10,12450,12500,12200,12300,68311,-0.016000000000000014
2019-12-11,12200,12350,12100,12250,63852,-0.004065040650406471
2019-12-12,12150,12350,12150,12250,32938,0.0
2019-12-13,12250,12400,11900,12350,118781,0.008163265306122547
2019-12-16,12200,12900,12200,12400,33822,0.004048582995951344
2019-12-17,12600,12750,12250,12550,58941,0.012096774193548487
2019-12-18,12500,12950,12500,12900,25614,0.027888446215139417
2019-12-19,12900,13000,12450,12600,43340,-0.023255813953488413
2019-12-20,12900,13000,12600,12950,127051,0.02777777777777768
2019-12-23,12800,13200,12700,12850,35419,-0.007722007722007707
2019-12-24,12850,13000,12700,12750,21763,-0.0077821011673151474
2019-12-26,12800,12950,12600,12650,44220,-0.007843137254901933
2019-12-27,12650,13200,12550,13100,26574,0.035573122529644285
2019-12-30,13050,13500,13050,13200,29342,0.007633587786259444
2020-01-02,13250,13350,13100,13200,28026,0.0
2020-01-03,13100,13400,13050,13300,23144,0.007575757575757569
2020-01-06,13300,13750,13300,13500,57972,0.015037593984962516
2020-01-07,13850,13850,13300,13500,28540,0.0
2020-01-08,13500,13600,12850,13450,129855,-0.0037037037037036535
2020-01-09,13700,13800,13300,13500,17538,0.0037174721189590088
2020-01-10,13700,13700,13100,13200,27193,-0.022222222222222254
2020-01-13,13250,13400,13050,13150,33656,-0.0037878787878787845
2020-01-14,13400,13800,13300,13750,50615,0.04562737642585546
2020-01-15,13700,14650,13600,14450,111545,0.050909090909091015
2020-01-16,14500,14750,14150,14400,35862,-0.0034602076124568004
2020-01-17,14400,14950,14250,14600,78684,0.01388888888888884
2020-01-20,14650,15250,14450,15000,96540,0.027397260273972712
2020-01-21,14750,15400,14750,15300,31051,0.020000000000000018
2020-01-22,15200,15500,15050,15450,24686,0.009803921568627416
2020-01-23,15500,15550,15000,15200,31453,-0.016181229773462813
2020-01-28,15000,15000,14150,14500,90585,-0.046052631578947345
2020-01-29,15000,15000,14550,14700,23430,0.01379310344827589
2020-01-30,14600,14950,14350,14500,26538,-0.013605442176870763
2020-01-31,14450,14650,13900,14150,61848,-0.024137931034482807
2020-02-03,13950,14300,13400,14200,87678,0.0035335689045936647
2020-02-04,14000,14450,14000,14400,20595,0.014084507042253502
2020-02-05,14550,14600,14200,14350,21359,-0.00347222222222221
2020-02-06,14350,14650,13900,14100,29196,-0.017421602787456414
2020-02-07,14000,14500,13900,14200,30203,0.007092198581560183
2020-02-10,14200,14300,14050,14250,13720,0.0035211267605634866
2020-02-11,14150,14300,13800,14000,38376,-0.01754385964912286
2020-02-12,14000,14700,13700,14250,96009,0.017857142857142794
2020-02-13,14000,14200,13850,13950,29465,-0.021052631578947323
2020-02-14,13800,14100,13750,13950,18695,0.0
2020-02-17,14000,14200,13700,13950,22236,0.0
2020-02-18,13800,14100,13700,13900,31257,-0.0035842293906810374
2020-02-19,13900,14350,13750,14300,32726,0.02877697841726623
2020-02-20,14400,14700,13950,14000,50068,-0.020979020979020935
2020-02-21,13950,14150,13400,13550,69368,-0.03214285714285714
2020-02-24,13250,13700,12450,12750,77119,-0.059040590405904037
2020-02-25,12450,13050,12450,12850,27256,0.007843137254901933
2020-02-26,12750,12800,12250,12600,44419,-0.01945525291828798
2020-02-27,12500,12750,12000,12000,77523,-0.04761904761904767
2020-02-28,11700,12000,11100,11600,77477,-0.033333333333333326
2020-03-02,11400,11700,11150,11400,40267,-0.017241379310344862
2020-03-03,11600,12200,11450,11750,31688,0.030701754385964897
2020-03-04,11500,12100,11350,12050,40939,0.025531914893617058
2020-03-05,12050,12300,11950,12250,37327,0.016597510373443924
2020-03-06,12900,13950,11950,12100,149009,-0.01224489795918371
2020-03-09,11900,11950,11400,11700,56003,-0.03305785123966942
2020-03-10,11600,11900,11100,11900,34413,0.017094017094017033
2020-03-11,11900,12150,11300,11450,48775,-0.037815126050420145
2020-03-12,11700,11700,10500,10850,99935,-0.05240174672489084
2020-03-13,10000,10650,9410,9780,145278,-0.09861751152073728
2020-03-16,9880,10200,9510,9890,50322,0.011247443762781195
2020-03-17,9680,9980,9210,9790,37072,-0.010111223458038388
2020-03-18,9620,10350,9310,9310,40184,-0.04902962206332995
2020-03-19,9210,9310,8290,8730,86856,-0.06229860365198714
2020-03-20,8560,9210,8440,9210,52415,0.054982817869415834
2020-03-23,8460,8580,8100,8100,27049,-0.12052117263843654
2020-03-24,8200,8560,8200,8300,34899,0.024691358024691468
2020-03-25,8680,9100,8400,9020,108481,0.08674698795180724
2020-03-26,9020,9680,8790,9200,48749,0.019955654101995624
2020-03-27,9360,9690,9280,9450,69933,0.02717391304347827
2020-03-30,9400,9700,9200,9700,27112,0.02645502645502651
2020-03-31,9790,10200,9790,10050,48490,0.03608247422680422
2020-04-01,10050,10700,10050,10200,29296,0.014925373134328401
2020-04-02,10200,10300,9800,10300,14213,0.009803921568627416
2020-04-03,10500,10950,10400,10950,28501,0.06310679611650483
2020-04-06,11000,12300,11000,11750,64875,0.0730593607305936
2020-04-07,12050,12500,11650,12050,45732,0.025531914893617058
2020-04-08,12300,12550,11800,12200,35578,0.012448132780082943
2020-04-09,12700,12700,11900,12250,22423,0.004098360655737654
2020-04-10,12300,12400,11850,12300,19535,0.004081632653061273
2020-04-13,12450,12450,11800,12200,23936,-0.008130081300813052
2020-04-14,12150,12400,12100,12200,49997,0.0
2020-04-16,12000,12200,11750,12050,22496,-0.012295081967213073
2020-04-17,12100,12350,12050,12050,36087,0.0
2020-04-20,12150,12300,11850,11950,15077,-0.008298755186721962
2020-04-21,11950,12100,11450,11750,24427,-0.01673640167364021
2020-04-22,11750,12050,11250,11750,15146,0.0
2020-04-23,11750,12350,11600,12300,41400,0.04680851063829783
2020-04-24,12300,12650,12100,12500,39186,0.016260162601626105
2020-04-27,12500,13000,12450,12800,117992,0.02400000000000002
2020-04-28,12700,13450,12500,13300,51152,0.0390625
2020-04-29,13450,13700,13250,13550,24302,0.018796992481203034
2020-05-04,13550,14700,13450,13950,77911,0.029520295202952074
2020-05-06,14050,14650,14050,14550,49973,0.043010752688172005
2020-05-07,14600,14850,14400,14600,56032,0.0034364261168384758
2020-05-08,14700,14750,14000,14250,76110,-0.023972602739726012
2020-05-11,14550,14800,13700,14650,64315,0.02807017543859658
2020-05-12,14800,15200,14600,14950,98749,0.020477815699658786
2020-05-13,14900,14950,14550,14850,51682,-0.006688963210702337
2020-05-14,14850,15300,14500,15200,90463,0.023569023569023573
2020-05-15,15350,15650,15150,15350,106467,0.009868421052631637
2020-05-18,15600,17700,15600,16250,200828,0.05863192182410426
2020-05-19,16500,16800,16150,16250,53123,0.0
2020-05-20,16950,17450,16400,16500,75512,0.01538461538461533
2020-05-21,16900,16900,16200,16350,37411,-0.009090909090909038
2020-05-22,16400,16550,16050,16250,55328,-0.006116207951070374
2020-05-25,16250,16500,16150,16500,33163,0.01538461538461533
2020-05-26,16600,16600,16250,16350,28420,-0.009090909090909038
2020-05-27,16350,16500,16100,16350,30225,0.0
2020-05-28,16350,16350,15850,16000,49750,-0.021406727828746197
2020-05-29,15950,16450,15950,16300,48488,0.018750000000000044
2020-06-01,16250,17800,16250,17100,266441,0.04907975460122693
2020-06-02,17100,17600,16900,17300,60311,0.011695906432748648
2020-06-03,17300,17350,16750,16850,52467,-0.026011560693641633
2020-06-04,17200,19200,16900,17300,478758,0.026706231454005858
2020-06-05,17300,17500,17000,17150,60743,-0.00867052023121384
2020-06-08,17250,17300,16800,16850,36209,-0.017492711370262426
2020-06-09,17100,18000,16950,17900,134752,0.06231454005934722
2020-06-10,17850,18900,17500,18200,107497,0.016759776536312776
2020-06-11,18200,19050,18100,18600,106960,0.0219780219780219
2020-06-12,17900,19600,17500,19350,141325,0.040322580645161255
2020-06-15,19950,21400,19200,20250,400468,0.04651162790697683
2020-06-16,21200,21800,21100,21700,193490,0.07160493827160486
2020-06-17,21700,23450,21700,23150,207854,0.06682027649769595
2020-06-18,24000,24500,23000,23350,138452,0.008639308855291628
2020-06-19,23350,23850,23050,23400,75107,0.0021413276231263545
2020-06-22,24200,24200,22950,23500,103740,0.004273504273504258
2020-06-23,23800,24250,23200,24250,113870,0.03191489361702127
2020-06-24,24400,24800,23100,23450,88914,-0.03298969072164948
2020-06-25,22750,23450,22500,22800,73765,-0.02771855010660984
2020-06-26,22850,23050,22200,22700,48453,-0.004385964912280715
2020-06-29,22200,22700,22000,22000,60096,-0.03083700440528636
2020-06-30,22200,22650,21700,21700,66196,-0.013636363636363669
2020-07-01,22150,22150,21150,21350,59197,-0.016129032258064502
2020-07-02,21350,22150,21350,21750,41711,0.0187353629976581
2020-07-03,21900,22350,21500,21850,36407,0.0045977011494253706
2020-07-06,21900,22150,21600,21850,36406,0.0
2020-07-07,21850,22350,21450,22350,47077,0.022883295194507935
2020-07-08,22350,22500,22050,22300,25021,-0.0022371364653244186
2020-07-09,22500,22500,21700,21900,30849,-0.017937219730941756
2020-07-10,22300,23350,21800,23100,64795,0.0547945205479452
2020-07-13,23100,23450,22250,22700,45802,-0.017316017316017285
2020-07-14,22500,22700,21700,21850,40460,-0.037444933920704804
2020-07-15,22250,22400,21450,21600,32057,-0.011441647597253968
2020-07-16,21800,21800,21000,21100,36394,-0.02314814814814814
2020-07-17,21200,21500,20950,21350,17406,0.011848341232227444
2020-07-20,21000,21000,19600,20450,80202,-0.042154566744730726
2020-07-21,20500,21400,20500,20850,36881,0.019559902200489088
2020-07-22,20850,21050,20450,20750,16771,-0.004796163069544335
2020-07-23,20750,21000,20400,20500,38976,-0.012048192771084376
2020-07-24,20400,20850,20050,20150,20209,-0.017073170731707332
2020-07-27,20100,21300,20100,20850,47299,0.03473945409429291
2020-07-28,21400,21400,20550,20800,19410,-0.0023980815347721673
2020-07-29,20600,21700,20550,21650,26511,0.04086538461538458
2020-07-30,21700,22000,20950,21450,41124,-0.009237875288683584
2020-07-31,21450,21500,21000,21350,22794,-0.004662004662004615
2020-08-03,21350,22450,21350,22300,55220,0.04449648711943799
2020-08-04,22850,22850,21950,22200,19970,-0.004484304932735439
2020-08-05,22200,22900,22100,22650,57490,0.020270270270270174
2020-08-06,22900,22900,21950,22050,30199,-0.026490066225165587
2020-08-07,22300,22300,21600,21700,24011,-0.015873015873015928
2020-08-10,21700,22050,21450,21500,21076,-0.009216589861751112
2020-08-11,21600,21900,21350,21800,30208,0.013953488372093092
2020-08-12,22000,22250,21500,21800,20301,0.0
2020-08-13,22150,22200,21400,21500,37338,-0.013761467889908285
2020-08-14,21850,21900,20050,20800,71332,-0.032558139534883734
2020-08-18,21000,21000,19000,19550,94334,-0.060096153846153855
2020-08-19,19500,20250,19500,19900,24300,0.01790281329923271
2020-08-20,19950,20500,19000,19250,39891,-0.03266331658291455
2020-08-21,19150,19450,18450,19100,36917,-0.007792207792207795
2020-08-24,19100,19350,18450,19200,17952,0.005235602094240788
2020-08-25,19300,19350,18650,19000,33435,-0.01041666666666663
2020-08-26,19200,19200,18000,18500,73533,-0.02631578947368418
2020-08-27,18700,18700,17750,17800,66256,-0.037837837837837784
2020-08-28,17950,18150,17700,17850,41084,0.002808988764045006
2020-08-31,17700,18150,17600,17900,36642,0.0028011204481792618
2020-09-01,17950,17950,17300,17700,64604,-0.011173184357541888
2020-09-02,17750,18000,17500,17800,38433,0.005649717514124353
2020-09-03,17900,17950,17500,17650,28253,-0.008426966292134797
2020-09-04,17000,17450,17000,17100,41091,-0.031161473087818692
2020-09-07,17050,17350,17000,17150,24962,0.0029239766081872176
2020-09-08,17400,17950,17100,17600,56360,0.026239067055393583
2020-09-09,17550,17550,17100,17200,43925,-0.022727272727272707
2020-09-10,17300,17500,17000,17300,25896,0.005813953488372103
2020-09-11,17400,17550,16950,17150,22949,-0.00867052023121384
2020-09-14,17050,17150,16850,17000,30219,-0.008746355685131157
2020-09-15,17150,17350,17000,17250,44019,0.014705882352941124
2020-09-16,17350,17400,17000,17200,38788,-0.0028985507246376274
2020-09-17,17200,17600,17100,17200,45515,0.0
2020-09-18,17200,17300,16600,16700,39248,-0.029069767441860517
2020-09-21,16750,16950,15950,16550,38800,-0.008982035928143728
2020-09-22,16550,16800,15750,16100,33221,-0.027190332326283984
2020-09-23,16150,16350,15400,16250,30743,0.009316770186335477
2020-09-24,15950,16200,15450,16000,21922,-0.01538461538461533
2020-09-25,15900,15950,15500,15700,24904,-0.018750000000000044
2020-09-28,16200,17000,15800,16900,36464,0.07643312101910826
2020-09-29,16950,17050,16250,16950,20818,0.002958579881656709
2020-10-05,17050,17050,16750,16950,10657,0.0
2020-10-06,17000,17600,16750,17300,48202,0.020648967551622377
2020-10-07,17200,17450,17000,17150,19361,-0.00867052023121384
2020-10-08,17300,17450,17000,17250,20921,0.005830903790087438
2020-10-12,17250,17750,17200,17300,21667,0.0028985507246377384
2020-10-13,17350,17550,17150,17300,13232,0.0
2020-10-14,17500,17500,16850,17250,20191,-0.0028901734104046506
2020-10-15,17350,17350,16750,17300,15121,0.0028985507246377384
2020-10-16,17400,17400,16500,16800,36173,-0.028901734104046284
2020-10-19,16650,16950,16450,16800,14240,0.0
2020-10-20,17200,17200,16150,16350,18822,-0.0267857142857143
2020-10-21,16500,16650,16150,16450,14458,0.006116207951070374
2020-10-22,16350,16600,15800,16300,46675,-0.00911854103343468
2020-10-23,16300,16350,15650,15700,27908,-0.036809815950920255
2020-10-26,15550,15900,15000,15400,38397,-0.019108280254777066
2020-10-27,15400,15500,14900,15150,27423,-0.016233766233766267
2020-10-28,15200,15300,14850,15100,35021,-0.0033003300330033403
2020-10-29,14850,15100,14450,14750,37517,-0.023178807947019875
2020-10-30,14900,14900,14400,14600,19132,-0.01016949152542368
2020-11-02,14550,15500,14450,14800,14393,0.013698630136986356
2020-11-03,14850,15200,14850,15200,7587,0.027027027027026973
2020-11-04,15350,15600,15200,15500,9223,0.019736842105263053
2020-11-05,15600,15750,15500,15600,9526,0.006451612903225712
2020-11-06,15600,15650,15350,15600,6912,0.0
2020-11-09,15550,15700,15350,15700,11218,0.0064102564102563875
2020-11-10,15950,16100,15650,15750,11293,0.0031847133757962887
2020-11-11,15750,16100,15600,16000,12457,0.015873015873015817
2020-11-12,16250,16250,15850,16000,7939,0.0
2020-11-13,15850,16100,15150,15950,41561,-0.0031250000000000444
2020-11-16,16000,16100,15600,16000,20120,0.0031347962382444194
2020-11-17,16000,16000,15600,15600,22772,-0.025000000000000022
2020-11-18,15500,15900,15500,15650,28762,0.0032051282051281937
2020-11-19,15650,15750,15350,15550,17990,-0.006389776357827448
2020-11-20,15700,15700,15350,15350,9253,-0.012861736334405127
2020-11-23,15250,15350,15000,15100,38488,-0.016286644951140072
2020-11-24,15100,15250,14900,15150,31176,0.0033112582781456013
2020-11-25,15200,15700,15000,15500,39663,0.02310231023102305
2020-11-26,15500,16150,15400,15950,46531,0.029032258064516148
2020-11-27,15950,16000,15650,15950,36381,0.0
2020-11-30,15900,16100,15700,15800,21003,-0.009404388714733591
2020-12-01,15950,15950,15450,15700,30135,-0.006329113924050667
2020-12-02,15550,15550,15300,15400,23334,-0.019108280254777066
2020-12-03,15400,15550,15350,15500,25651,0.006493506493506551
2020-12-04,15500,15500,15100,15400,34670,-0.006451612903225823
2020-12-07,15250,15300,14900,14950,37472,-0.02922077922077926
2020-12-08,14950,15050,14550,14600,50578,-0.02341137123745818
2020-12-09,14600,18400,14400,15950,229948,0.09246575342465757
2020-12-10,15500,16200,15000,16050,143160,0.006269592476489061
2020-12-11,16300,16400,15650,15950,49685,-0.006230529595015577
2020-12-14,15800,15900,15350,15650,25615,-0.018808777429467072
2020-12-15,15650,15650,15150,15400,28774,-0.015974440894568676
2020-12-16,15400,15600,15250,15450,31176,0.0032467532467532756
2020-12-17,15400,15400,15200,15350,43027,-0.006472491909385147
2020-12-18,15300,15550,15300,15400,23628,0.0032573289902280145
2020-12-21,15400,15400,15200,15350,46320,-0.0032467532467532756
2020-12-22,15250,15300,15000,15100,26101,-0.016286644951140072
2020-12-23,14950,15200,14850,15100,24624,0.0
2020-12-24,15100,15400,15000,15150,22301,0.0033112582781456013
2020-12-28,15250,15250,14850,15150,77546,0.0
2020-12-29,14900,15150,14900,14950,20889,-0.01320132013201325
2020-12-30,15000,15100,14950,15050,13918,0.006688963210702337
2021-01-04,15300,15300,14750,14950,32501,-0.006644518272425293
2021-01-05,14950,15300,14750,15200,69084,0.01672240802675584
2021-01-06,15200,15950,15000,15400,115655,0.013157894736842035
2021-01-07,15650,16100,15650,15950,99690,0.03571428571428581
2021-01-08,16100,16150,15650,15800,76220,-0.009404388714733591
2021-01-11,15900,15950,15200,15350,48277,-0.02848101265822789
2021-01-12,15200,15750,15150,15550,42959,0.013029315960912058
2021-01-13,15600,15900,15450,15800,32589,0.016077170418006492
2021-01-14,15800,16250,15650,16150,63131,0.02215189873417711
2021-01-15,16300,16350,15700,15850,53190,-0.018575851393188847
2021-01-18,15800,15800,15200,15200,37356,-0.04100946372239744
2021-01-19,15250,15500,15100,15500,28320,0.019736842105263053
2021-01-20,15650,15650,15300,15400,19163,-0.006451612903225823
2021-01-21,15450,15750,15350,15700,33055,0.01948051948051943
2021-01-22,15900,15900,15500,15750,30335,0.0031847133757962887
2021-01-25,15750,16150,15600,15850,67028,0.006349206349206327
2021-01-26,15850,16150,15700,15950,51477,0.006309148264984188
2021-01-27,15900,16000,15550,15650,33429,-0.018808777429467072
2021-01-28,15650,15650,15150,15300,28549,-0.022364217252396124
2021-01-29,15400,15400,14650,14750,70318,-0.03594771241830064
2021-02-01,14400,14900,14350,14900,25073,0.01016949152542379
2021-02-02,15200,15200,14800,14850,17835,-0.003355704697986628
2021-02-03,15100,15100,14700,14750,15097,-0.006734006734006703
2021-02-04,14700,15000,14700,14950,15484,0.013559322033898313
2021-02-05,14950,15350,14900,15300,29658,0.02341137123745818
2021-02-08,15350,15600,15300,15400,30704,0.006535947712418277
2021-02-09,15600,15650,15350,15550,18727,0.009740259740259827
2021-02-10,15550,15850,15250,15450,38833,-0.006430868167202619
2021-02-15,15500,15600,15300,15600,38288,0.009708737864077666
2021-02-16,15650,15750,15500,15750,27908,0.009615384615384581
2021-02-17,15800,15800,15500,15500,25291,-0.015873015873015928
2021-02-18,15350,15600,15100,15150,25260,-0.022580645161290325
2021-02-19,15200,15350,15000,15350,19586,0.013201320132013139
2021-02-22,15450,15550,15300,15500,20731,0.009771986970684043
2021-02-23,15500,15500,15200,15300,13736,-0.012903225806451646
2021-02-24,15400,15600,15000,15250,24063,-0.0032679738562091387
2021-02-25,15250,15700,15150,15650,31992,0.026229508196721207
2021-02-26,15400,15400,15200,15300,14329,-0.022364217252396124
2021-03-02,15400,15500,15300,15400,14098,0.006535947712418277
2021-03-03,15450,15550,15300,15550,19603,0.009740259740259827
2021-03-04,15400,15850,15350,15650,31374,0.006430868167202508
2021-03-05,15650,15700,15400,15700,20067,0.0031948881789136685
2021-03-08,15900,15900,15600,15750,21715,0.0031847133757962887
2021-03-09,15750,16000,15450,15800,33721,0.0031746031746031633
2021-03-10,15650,15800,15600,15600,13227,-0.012658227848101222
2021-03-11,15550,15700,15400,15700,15638,0.0064102564102563875
2021-03-12,15850,15900,15500,15600,15164,-0.006369426751592355
2021-03-15,15650,15750,15600,15650,12647,0.0032051282051281937
2021-03-16,15700,16150,15700,16050,57278,0.025559105431310014
2021-03-17,16050,16250,15900,16150,24669,0.006230529595015577
2021-03-18,16200,16200,16050,16100,21702,-0.003095975232198178
2021-03-19,16100,16150,15900,16050,18481,-0.0031055900621117516
2021-03-22,16100,16100,15800,15850,14795,-0.012461059190031154
2021-03-23,16000,16050,15750,15950,17199,0.006309148264984188
2021-03-24,15800,16100,15700,16050,29805,0.006269592476489061
2021-03-25,16050,16250,15850,15900,16241,-0.009345794392523366
2021-03-26,16100,16100,15800,15800,22058,-0.0062893081761006275
2021-03-29,16250,16900,16050,16900,121387,0.06962025316455689
2021-03-30,17000,17000,16500,16700,52177,-0.011834319526627168
2021-03-31,16900,16950,16450,16950,53186,0.014970059880239583
2021-04-01,17000,17150,16650,16700,39615,-0.014749262536873142
2021-04-02,16950,16950,16350,16450,22994,-0.014970059880239472
2021-04-05,16500,16500,16100,16250,30585,-0.012158054711246202
2021-04-06,16350,16350,15900,16050,43930,-0.012307692307692353
2021-04-07,16050,16050,15750,16050,37284,0.0
2021-04-08,16100,16100,15800,15950,41711,-0.006230529595015577
2021-04-09,16050,16350,15900,16350,44975,0.02507836990595602
2021-04-12,16450,16800,16200,16600,43017,0.015290519877675823
2021-04-13,16650,16700,16450,16550,15600,-0.003012048192771122
2021-04-14,16450,16550,16300,16400,26149,-0.009063444108761365
2021-04-15,16300,16550,16200,16450,32612,0.0030487804878047697
2021-04-16,16400,16700,16350,16350,30704,-0.006079027355623046
2021-04-19,16400,16450,16000,16250,47927,-0.006116207951070374
2021-04-20,16250,16400,16100,16400,35534,0.009230769230769154
2021-04-21,16400,16550,16200,16250,30345,-0.009146341463414642
2021-04-22,16350,16400,16050,16150,28127,-0.006153846153846176
2021-04-23,16050,16150,15900,16000,31588,-0.009287925696594423
2021-04-26,16000,16350,15900,16100,49718,0.006250000000000089
2021-04-27,16200,16400,16050,16350,40295,0.01552795031055898
2021-04-28,16400,16600,16250,16350,57270,0.0
2021-04-29,16450,16450,16000,16200,32902,-0.00917431192660545
2021-04-30,16250,16250,15950,15950,32349,-0.015432098765432056
2021-05-03,16350,16700,16300,16450,89759,0.03134796238244508
2021-05-04,16450,16700,16200,16400,33153,-0.003039513677811523
2021-05-06,16250,16450,16150,16400,32521,0.0
2021-05-07,16400,16750,16350,16600,31783,0.012195121951219523
2021-05-10,16600,16850,16550,16850,54742,0.015060240963855387
2021-05-11,16700,17050,16650,16950,65741,0.005934718100890191
2021-05-12,16850,17200,16650,16750,65540,-0.01179941002949858
2021-05-13,16300,17050,16300,16750,70756,0.0
2021-05-14,16900,17500,16650,17500,90300,0.04477611940298498
2021-05-17,17550,17900,17250,17250,96908,-0.014285714285714235
2021-05-18,17200,17500,17150,17500,29587,0.01449275362318847
2021-05-20,17500,17550,17150,17300,32426,-0.011428571428571455
2021-05-21,17400,17500,16900,17050,27175,-0.014450867052023142
2021-05-24,17150,17850,16600,16950,71958,-0.0058651026392961825
2021-05-25,17150,17450,16950,17350,25871,0.02359882005899716
2021-05-26,17450,17800,17250,17800,60438,0.025936599423631135
2021-05-27,17950,18000,17650,17850,47765,0.002808988764045006
2021-05-28,18000,18250,17650,18050,57834,0.011204481792717047
2021-05-31,18150,19750,18000,19300,217710,0.06925207756232687
2021-06-01,19550,19650,18900,18900,81523,-0.020725388601036232
2021-06-02,18900,19550,18900,19300,57464,0.021164021164021163
2021-06-03,19050,19400,19050,19200,24813,-0.005181347150259086
2021-06-04,19200,19200,18650,18750,51027,-0.0234375
2021-06-07,18750,18850,18350,18800,47323,0.002666666666666595
2021-06-08,18800,19200,18600,18900,35805,0.005319148936170137
2021-06-09,19250,19250,18550,18650,24947,-0.013227513227513255
2021-06-10,18650,19000,18200,18450,99969,-0.01072386058981234
2021-06-11,18600,18700,18300,18500,25684,0.0027100271002709064
2021-06-14,18650,18700,17900,17950,76750,-0.02972972972972976
2021-06-15,17850,17950,17550,17650,45674,-0.01671309192200554
2021-06-16,17650,17900,17600,17750,46422,0.0056657223796034994
2021-06-17,17750,17850,17500,17800,32701,0.0028169014084507005
2021-06-18,17800,17850,17250,17550,46676,-0.014044943820224698
2021-06-21,17400,17500,16950,17200,61996,-0.019943019943019946
2021-06-22,17450,18000,17450,17550,69783,0.02034883720930236
2021-06-23,17750,17750,17250,17300,40412,-0.014245014245014231
2021-06-24,17400,17450,17050,17300,29262,0.0
2021-06-25,17150,17450,17150,17250,20371,-0.0028901734104046506
2021-06-28,17300,17400,17100,17150,35683,-0.005797101449275366
2021-06-29,17300,17350,17100,17150,19572,0.0
2021-06-30,17200,17400,17000,17050,42247,-0.005830903790087438
2021-07-01,16950,17050,16700,16950,35176,-0.0058651026392961825
2021-07-02,17000,17100,16850,17000,17764,0.002949852507374562
2021-07-05,17000,17050,16700,16850,41565,-0.008823529411764675
2021-07-06,16900,16900,16750,16800,18662,-0.0029673590504450953
2021-07-07,16750,16800,16400,16550,68305,-0.014880952380952328
2021-07-08,16550,16550,16100,16150,44813,-0.024169184290030232
2021-07-09,15900,16100,15500,15750,54267,-0.024767801857585092
2021-07-12,15750,16100,15750,16100,29301,0.022222222222222143
2021-07-13,16250,16400,16200,16350,21322,0.01552795031055898
2021-07-14,16400,16450,16150,16400,17535,0.003058103975535076
2021-07-15,16450,16500,16350,16450,12813,0.0030487804878047697
2021-07-16,16500,16500,16050,16300,23658,-0.00911854103343468
2021-07-19,16300,16700,16100,16350,35180,0.0030674846625766694
2021-07-20,16150,16300,15950,16000,30574,-0.021406727828746197
2021-07-21,16250,16300,15900,15900,13351,-0.006249999999999978
2021-07-22,16050,16050,15800,16000,12589,0.0062893081761006275
2021-07-23,16000,16050,15600,15800,31977,-0.012499999999999956
2021-07-26,15900,15950,15600,15650,14159,-0.009493670886076
2021-07-27,15650,15800,15600,15650,10321,0.0
2021-07-28,15700,15700,15150,15450,21381,-0.012779552715655007
2021-07-29,15650,15650,15300,15350,26297,-0.006472491909385147
2021-07-30,15350,15400,15050,15200,22800,-0.009771986970684043
2021-08-02,15250,15250,14900,15100,20025,-0.006578947368421018
2021-08-03,15200,15200,14900,15050,18107,-0.0033112582781457123
2021-08-04,15000,15250,14950,15200,18786,0.009966777408637828
2021-08-05,15350,15700,15250,15500,32151,0.019736842105263053
2021-08-06,15700,15700,15350,15600,14041,0.006451612903225712
2021-08-09,15600,15600,15250,15350,13541,-0.01602564102564108
2021-08-10,15450,15450,14950,15000,29634,-0.0228013029315961
2021-08-11,15100,15150,14850,15050,18538,0.0033333333333334103
2021-08-12,15050,15150,14900,14950,20269,-0.006644518272425293
2021-08-13,14900,15000,14450,14700,31866,-0.01672240802675584
2021-08-17,14700,14800,14050,14300,42395,-0.027210884353741527
2021-08-18,14050,14750,14050,14500,23120,0.013986013986013957
2021-08-19,14600,14600,13850,14050,35478,-0.03103448275862064
2021-08-20,14050,14100,13400,13550,45286,-0.03558718861209964
2021-08-23,13550,13850,13350,13600,24968,0.0036900369003689537
2021-08-24,13900,14250,13800,14100,22627,0.03676470588235303
2021-08-25,14350,14350,13950,14350,16467,0.01773049645390068
2021-08-26,14450,14600,14100,14150,24533,-0.013937282229965153
2021-08-27,14350,14350,14000,14200,7396,0.0035335689045936647
2021-08-30,14350,14600,14300,14400,18101,0.014084507042253502
2021-08-31,14450,14550,14250,14550,12050,0.01041666666666674
2021-09-01,14550,14850,14400,14700,15538,0.010309278350515427
2021-09-02,14650,14950,14650,14850,15788,0.010204081632652962
2021-09-03,14900,14950,14750,14850,14528,0.0
2021-09-06,14750,14850,14650,14800,13520,-0.0033670033670033517
2021-09-07,14900,15000,14600,14850,12997,0.0033783783783782884
2021-09-08,15100,15150,14700,14750,20029,-0.006734006734006703
2021-09-09,14600,14850,14550,14550,21579,-0.013559322033898313
2021-09-10,14700,14700,14450,14600,10878,0.0034364261168384758
2021-09-13,14650,14650,14350,14400,10979,-0.013698630136986356
2021-09-14,14400,14750,14400,14750,13146,0.02430555555555558
2021-09-15,14750,14850,14600,14600,10439,-0.01016949152542368
2021-09-16,14850,14850,14500,14600,11864,0.0
2021-09-17,14600,14600,14250,14400,20773,-0.013698630136986356
2021-09-23,14200,14300,14050,14150,10651,-0.01736111111111116
2021-09-24,14050,14250,14050,14250,8535,0.007067137809187329
2021-09-27,14250,14350,14100,14300,6425,0.0035087719298245723
2021-09-28,14300,14350,14100,14200,7282,-0.006993006993006978
2021-09-29,14000,14150,13950,14100,9923,-0.007042253521126751
2021-09-30,14100,14250,14000,14150,4898,0.0035460992907800915
2021-10-01,14450,14800,13900,14050,16591,-0.007067137809187329
2021-10-05,14050,14300,13800,14200,14789,0.01067615658362997
2021-10-06,14300,14400,13800,14100,22220,-0.007042253521126751
2021-10-07,14000,14250,14000,14200,19060,0.007092198581560183
2021-10-08,14300,14300,14000,14150,12260,-0.0035211267605633756
2021-10-12,14150,14150,13900,14000,11048,-0.010600706713780883
2021-10-13,14000,14150,13950,14000,8158,0.0
2021-10-14,14250,14650,14000,14650,594019,0.046428571428571486
2021-10-15,14900,15100,14750,15050,41939,0.027303754266211566
2021-10-18,15050,15300,15000,15150,31108,0.006644518272425293
2021-10-19,15150,15250,14750,14950,19584,-0.01320132013201325
2021-10-20,15000,15050,14800,15000,24354,0.0033444816053511683
2021-10-21,15000,15250,14650,14650,38168,-0.023333333333333317
2021-10-22,14850,14850,14550,14650,18162,0.0
2021-10-25,14850,15300,14800,15300,55053,0.04436860068259385
2021-10-26,15500,15550,15150,15400,41182,0.006535947712418277
2021-10-27,15400,15400,15000,15150,26039,-0.016233766233766267
2021-10-28,15200,15200,14850,14950,17069,-0.01320132013201325
2021-10-29,15000,15100,14700,14850,18064,-0.006688963210702337
2021-11-01,14850,15050,14850,14950,13256,0.006734006734006703
2021-11-02,15000,15150,14900,15050,14623,0.006688963210702337
2021-11-03,15150,15150,14750,14800,12430,-0.01661129568106312
2021-11-04,14800,14900,14400,14650,17905,-0.010135135135135087
2021-11-05,14600,14600,14250,14350,18506,-0.020477815699658675
2021-11-08,14350,14650,14300,14650,8567,0.020905923344947785
2021-11-09,14650,14700,14450,14650,5075,0.0
2021-11-10,14600,14600,14250,14300,11869,-0.023890784982935176
2021-11-11,14300,14400,14050,14200,11318,-0.006993006993006978
2021-11-12,14200,14400,14150,14300,13443,0.007042253521126751
2021-11-15,14300,14400,14050,14250,24160,-0.0034965034965035446
2021-11-16,14150,14250,13900,14100,23845,-0.010526315789473717
2021-11-17,14050,14050,13650,13800,24678,-0.021276595744680882
2021-11-18,13900,13900,13500,13650,14747,-0.010869565217391353
2021-11-19,13700,13900,13650,13800,14828,0.01098901098901095
2021-11-22,13800,14100,13700,13800,17036,0.0
2021-11-23,13800,13850,13650,13750,9805,-0.0036231884057971175
2021-11-24,13750,13800,13450,13500,17482,-0.018181818181818188
2021-11-25,13500,13700,13400,13450,14160,-0.0037037037037036535
2021-11-26,13400,13400,13000,13150,27306,-0.022304832713754608
2021-11-29,12700,12950,12500,12500,28884,-0.049429657794676785
2021-11-30,12500,12750,11700,11700,51118,-0.06399999999999995
2021-12-01,11650,12150,11650,12100,22042,0.03418803418803429
2021-12-02,11750,12400,11750,12300,16700,0.016528925619834656
2021-12-03,12250,12600,12250,12500,11348,0.016260162601626105
2021-12-06,12600,12600,12150,12450,16700,-0.0040000000000000036
2021-12-07,12500,12850,12450,12600,20543,0.012048192771084265
2021-12-08,12750,12950,12500,12550,10853,-0.003968253968253954
2021-12-09,12700,12800,12050,12500,13444,-0.003984063745019917
2021-12-10,12450,12550,12400,12500,8286,0.0
2021-12-13,12500,12800,12450,12500,27817,0.0
2021-12-14,12500,12700,12400,12550,32730,0.0040000000000000036
2021-12-15,12500,12600,12300,12500,20764,-0.003984063745019917
2021-12-16,12400,12550,12250,12350,20658,-0.01200000000000001
2021-12-17,12250,12500,12150,12400,34710,0.004048582995951344
2021-12-20,12400,12400,12150,12250,33579,-0.012096774193548376
2021-12-21,12250,12300,12050,12200,27204,-0.004081632653061273
2021-12-22,12250,12300,12050,12150,27092,-0.004098360655737654
2021-12-23,12150,12300,12100,12250,25984,0.008230452674897082
2021-12-24,12250,12450,12150,12300,34644,0.004081632653061273
2021-12-27,12300,12500,12250,12400,32067,0.008130081300812941
2021-12-28,12500,12550,12350,12500,36210,0.008064516129032251
2021-12-29,12300,12400,12250,12350,14874,-0.01200000000000001
2021-12-30,12350,12350,12200,12200,12494,-0.012145748987854255
2022-01-03,12350,12400,12200,12400,14006,0.016393442622950838
2022-01-04,12450,12500,12350,12500,16706,0.008064516129032251
2022-01-05,12500,12500,12300,12450,18788,-0.0040000000000000036
2022-01-06,12300,12500,12300,12300,20707,-0.012048192771084376
2022-01-07,12350,12550,12300,12400,15865,0.008130081300812941
2022-01-10,12450,12500,12350,12450,12125,0.0040322580645162365
2022-01-11,12450,12550,12300,12300,12004,-0.012048192771084376
2022-01-12,12350,12500,12350,12450,13768,0.012195121951219523
2022-01-13,12500,12650,12500,12600,19480,0.012048192771084265
2022-01-14,12600,12600,12300,12350,16687,-0.019841269841269882
2022-01-17,12300,12400,12150,12250,14175,-0.0080971659919028
2022-01-18,12250,12250,11850,11900,34770,-0.02857142857142858
2022-01-19,12000,12000,11650,11650,23618,-0.021008403361344574
2022-01-20,11700,11900,11650,11850,9232,0.01716738197424883
2022-01-21,11850,11900,11750,11900,8477,0.00421940928270037
2022-01-24,11900,11900,11750,11900,12319,0.0
2022-01-25,11700,11800,11500,11550,31315,-0.02941176470588236
2022-01-26,11550,11800,11550,11750,8656,0.017316017316017396
2022-01-27,11750,11750,11000,11050,29908,-0.05957446808510636
2022-01-28,11050,11450,11050,11450,12602,0.03619909502262453
2022-02-03,11500,11850,11500,11750,10165,0.026200873362445476
2022-02-04,11850,12450,11750,12350,49678,0.051063829787234116
2022-02-07,12350,12700,12200,12500,36044,0.012145748987854255
2022-02-08,12650,12750,12500,12600,30560,0.008000000000000007
2022-02-09,12650,13050,12600,13000,47878,0.031746031746031855
2022-02-10,13000,13250,12850,13050,43273,0.0038461538461538325
2022-02-11,13050,13300,13050,13200,40675,0.011494252873563315
2022-02-14,13000,13450,13000,13450,38883,0.018939393939394034
2022-02-15,13400,13450,13100,13200,35052,-0.018587360594795488
2022-02-16,13250,13400,13050,13400,24094,0.015151515151515138
2022-02-17,13300,13750,13300,13700,44916,0.02238805970149249
2022-02-18,13700,14000,13500,13800,53225,0.007299270072992803
2022-02-21,13800,14050,13650,14000,30730,0.01449275362318847
2022-02-22,13850,13900,13600,13700,27464,-0.021428571428571463
2022-02-23,13700,13700,13150,13350,33762,-0.025547445255474477
2022-02-24,13300,13300,12900,12900,23809,-0.0337078651685393
2022-02-25,13200,13300,12900,13050,10078,0.011627906976744207
2022-02-28,13050,13400,13000,13200,12268,0.011494252873563315
2022-03-02,13200,13450,13200,13350,9795,0.011363636363636465
2022-03-03,13350,13600,13350,13450,10525,0.0074906367041198685
2022-03-04,13450,13550,13200,13450,18384,0.0
2022-03-07,13400,13400,12900,13100,23857,-0.026022304832713727
2022-03-08,13100,13100,12800,12950,17045,-0.011450381679389277
2022-03-10,13100,13450,13050,13400,10433,0.03474903474903468
2022-03-11,13350,13450,13300,13450,11033,0.003731343283582156
2022-03-14,13450,13450,13150,13350,9406,-0.0074349442379182396
2022-03-15,13250,13550,13250,13550,18652,0.014981273408239737
2022-03-16,13550,13550,13400,13500,17887,-0.0036900369003689537
2022-03-17,13600,13600,13400,13550,11816,0.0037037037037037646
2022-03-18,13600,13650,13450,13550,12625,0.0
2022-03-21,13600,13650,13450,13600,5485,0.0036900369003689537
2022-03-22,13600,13700,13450,13550,9372,-0.003676470588235281
2022-03-23,13550,13650,13450,13600,9986,0.0036900369003689537
2022-03-24,13600,13650,13400,13550,16674,-0.003676470588235281
2022-03-25,13650,13750,13550,13700,13092,0.011070110701107083
2022-03-28,13700,13900,13600,13650,22826,-0.0036496350364964014
2022-03-29,13750,13750,13500,13550,8934,-0.0073260073260073
2022-03-30,13550,13600,13450,13500,10211,-0.0036900369003689537
2022-03-31,13550,13650,13450,13650,8532,0.011111111111111072
2022-04-01,13750,13850,13550,13800,26078,0.01098901098901095
2022-04-04,13850,14100,13800,14000,17519,0.01449275362318847
2022-04-05,13900,14000,13800,13950,12528,-0.0035714285714285587
2022-04-06,13950,14000,13750,13750,10031,-0.014336917562724039
2022-04-07,13750,13900,13550,13600,9380,-0.010909090909090868
2022-04-08,13650,13650,13350,13600,10696,0.0
2022-04-11,13600,13750,13600,13700,11734,0.007352941176470562
2022-04-12,13700,13700,13400,13600,10569,-0.007299270072992692
2022-04-13,13450,13700,13450,13700,9297,0.007352941176470562
2022-04-14,13700,13750,13450,13650,20350,-0.0036496350364964014
2022-04-15,13650,13900,13650,13800,20715,0.01098901098901095
2022-04-18,14000,14000,13750,13850,17419,0.0036231884057971175
2022-04-19,13950,13950,13650,13750,18451,-0.0072202166064981865
2022-04-20,13850,15200,13750,14350,284771,0.043636363636363695
2022-04-21,14400,14400,14150,14300,30643,-0.0034843205574912606
2022-04-22,14300,14400,14200,14350,37808,0.0034965034965035446
2022-04-25,14200,14400,14100,14200,51238,-0.010452961672473893
2022-04-26,14250,14450,14000,14400,55746,0.014084507042253502
2022-04-27,14200,14300,13900,14100,30087,-0.02083333333333337
2022-04-28,14300,14300,14050,14150,11765,0.0035460992907800915
2022-04-29,14250,14250,13950,14100,20462,-0.0035335689045936647
2022-05-02,13950,14100,13900,14100,12881,0.0
2022-05-03,14100,14200,13950,14150,26030,0.0035460992907800915
2022-05-04,14150,14300,13850,13950,19819,-0.014134275618374548
2022-05-06,13800,13900,13550,13900,19432,-0.0035842293906810374
2022-05-09,13750,13850,13450,13550,31136,-0.025179856115107868
2022-05-10,13350,13400,13100,13300,23628,-0.01845018450184499
2022-05-11,13400,13450,13100,13100,15644,-0.015037593984962405
2022-05-12,13150,13500,13100,13150,20034,0.003816793893129722
2022-05-13,13000,13300,13000,13150,17462,0.0
2022-05-16,13200,13450,13200,13300,10601,0.011406844106463865
2022-05-17,13350,13600,13250,13550,21591,0.018796992481203034
2022-05-18,13500,13600,13450,13550,11822,0.0
2022-05-19,13300,13450,13150,13350,20006,-0.014760147601476037
2022-05-20,13350,13550,13300,13350,6338,0.0
2022-05-23,13350,13450,13250,13300,5870,-0.0037453183520599342
2022-05-24,13450,13450,12950,13150,14038,-0.011278195488721776
2022-05-25,13150,13250,13050,13200,13491,0.0038022813688212143
2022-05-26,13250,13400,13150,13200,4910,0.0
2022-05-27,13450,13450,13150,13300,25478,0.007575757575757569
2022-05-30,13550,13750,13400,13700,32609,0.03007518796992481
2022-05-31,13650,13850,13450,13650,34277,-0.0036496350364964014
2022-06-02,13600,13850,13550,13750,21589,0.0073260073260073
2022-06-03,13750,13900,13600,13850,37039,0.0072727272727273196
2022-06-07,13850,13900,13400,13700,36822,-0.010830324909747335
2022-06-08,13650,13800,13400,13500,31694,-0.014598540145985384
2022-06-09,13600,13600,13350,13500,18687,0.0
2022-06-10,13500,13500,13250,13400,12619,-0.007407407407407418
2022-06-13,13150,13200,12600,12700,42032,-0.052238805970149294
2022-06-14,12400,12850,12300,12850,16465,0.011811023622047223
2022-06-15,12700,13050,12600,12600,27723,-0.01945525291828798
2022-06-16,12800,12900,12300,12600,14733,0.0
2022-06-17,12200,12350,12050,12150,23197,-0.0357142857142857
2022-06-20,12400,12400,11650,11850,29260,-0.024691358024691357
2022-06-21,11700,12100,11650,12100,15167,0.021097046413502074
2022-06-22,12200,12250,11550,11650,18090,-0.037190082644628086
2022-06-23,11500,11600,10900,11100,40187,-0.047210300429184504
2022-06-24,10850,11500,10850,11400,19033,0.027027027027026973
2022-06-27,11700,11750,11500,11700,11730,0.026315789473684292
2022-06-28,11800,11800,11450,11650,8981,-0.004273504273504258
2022-06-29,11500,11550,11400,11500,8923,-0.012875536480686733
2022-06-30,11400,11500,11300,11450,8279,-0.004347826086956497
2022-07-01,11450,11500,11200,11300,10910,-0.013100436681222738
2022-07-04,11350,11400,10950,11100,11659,-0.017699115044247815
2022-07-05,11100,11350,11100,11350,11599,0.022522522522522515
2022-07-06,11400,11400,11200,11250,3958,-0.008810572687224627
2022-07-07,11200,11300,11200,11250,7020,0.0
2022-07-08,11300,11400,11200,11250,7547,0.0
2022-07-11,11250,11300,11150,11200,4194,-0.004444444444444473
2022-07-12,11200,11200,10900,11000,9984,-0.017857142857142905
2022-07-13,11000,11150,10950,10950,6784,-0.004545454545454519
2022-07-14,11000,13500,10950,11550,183334,0.0547945205479452
2022-07-15,11500,11800,11250,11550,44627,0.0
2022-07-18,11650,11700,11300,11500,30841,-0.0043290043290042934
2022-07-19,11500,11550,11350,11500,15400,0.0
2022-07-20,11500,11700,11500,11700,16473,0.017391304347825987
2022-07-21,11750,11750,11500,11600,15256,-0.008547008547008517
2022-07-22,11600,11650,11400,11450,12779,-0.012931034482758674
2022-07-25,11450,11450,11150,11450,14539,0.0
2022-07-26,11400,11800,11400,11400,16893,-0.004366812227074246
2022-07-27,11400,11550,11350,11500,6331,0.00877192982456143
2022-07-28,11500,11600,11400,11500,20161,0.0
2022-07-29,11550,11750,11500,11650,14750,0.01304347826086949
2022-08-01,11700,11900,11500,11750,28053,0.008583690987124415
2022-08-02,11750,11800,11550,11650,10762,-0.008510638297872353
2022-08-03,11550,11900,11550,11850,15770,0.01716738197424883
2022-08-04,11850,11850,11750,11800,13015,-0.00421940928270037
2022-08-05,11850,11900,11600,11800,9227,0.0
2022-08-08,11800,11800,11650,11750,4655,-0.004237288135593209
2022-08-09,11650,11800,11550,11700,13277,-0.004255319148936176
2022-08-10,11700,11700,11450,11550,19332,-0.012820512820512775
2022-08-11,11650,11850,11650,11800,11564,0.02164502164502169
2022-08-12,11700,12050,11650,11950,29291,0.012711864406779627
2022-08-16,12200,12200,11700,11900,29969,-0.004184100418409997
2022-08-17,11900,11900,11600,11650,31965,-0.021008403361344574
2022-08-18,11600,11700,11550,11650,27824,0.0
2022-08-19,11650,11750,11500,11550,38620,-0.008583690987124415
2022-08-22,11450,11550,11350,11450,23819,-0.008658008658008698
2022-08-23,11350,11550,11350,11500,11528,0.004366812227074135
2022-08-24,11500,11950,11450,11850,36779,0.0304347826086957
2022-08-25,11850,12050,11700,12050,23004,0.016877637130801704
2022-08-26,12050,12100,11800,11850,11640,-0.016597510373444035
2022-08-29,11500,11800,11450,11650,20963,-0.016877637130801704
2022-08-30,11600,11950,11550,11800,19739,0.012875536480686733
2022-08-31,11800,11800,11650,11700,8013,-0.008474576271186418
2022-09-01,11700,11750,11500,11500,14459,-0.017094017094017144
2022-09-02,11500,11650,11400,11650,11382,0.01304347826086949
2022-09-05,11550,11600,11400,11500,13790,-0.012875536480686733
2022-09-06,11500,11750,11400,11650,14775,0.01304347826086949
2022-09-07,11650,11650,11350,11500,14372,-0.012875536480686733
2022-09-08,11450,11600,11400,11400,10291,-0.008695652173912993
2022-09-13,11600,11800,11600,11800,14751,0.03508771929824572
2022-09-14,11700,11700,11550,11600,14601,-0.016949152542372836
2022-09-15,11600,11650,11500,11650,11866,0.004310344827586299
2022-09-16,11450,11600,11450,11550,12185,-0.008583690987124415
2022-09-19,11400,11450,11150,11250,44077,-0.025974025974025983
2022-09-20,11300,11400,11300,11350,5140,0.008888888888888946
2022-09-21,11350,11450,11200,11350,9478,0.0
2022-09-22,11250,11450,11150,11250,20761,-0.008810572687224627
2022-09-23,11250,11300,10700,10850,30275,-0.03555555555555556
2022-09-26,10700,10700,10000,10100,77105,-0.06912442396313367
2022-09-27,10150,12550,9910,10300,411664,0.01980198019801982
2022-09-28,10350,10500,9980,10000,50849,-0.029126213592232997
2022-09-29,10100,10200,9910,9910,47088,-0.009000000000000008
2022-09-30,9800,10200,9720,10050,26285,0.01412714429868811
2022-10-04,10150,10300,10100,10250,11586,0.01990049751243772
2022-10-05,10350,10500,9920,10100,23766,-0.014634146341463428
2022-10-06,10150,10300,10100,10200,8133,0.00990099009900991
2022-10-07,10200,10250,10050,10200,10529,0.0
2022-10-11,10100,10100,9900,10100,18886,-0.009803921568627416
2022-10-12,10050,10100,10000,10050,7962,-0.004950495049504955
2022-10-13,10050,10050,9950,10000,26509,-0.00497512437810943
2022-10-14,10050,10150,10000,10050,12657,0.004999999999999893
2022-10-17,9910,10050,9910,10050,5985,0.0
2022-10-18,10150,10200,10050,10100,10019,0.004975124378109541
2022-10-19,10200,10250,10050,10100,8091,0.0
2022-10-20,10100,10100,9950,10050,9413,-0.004950495049504955
2022-10-21,10000,10050,9990,10050,7618,0.0
2022-10-24,10150,10200,10000,10050,9162,0.0
2022-10-25,10050,10100,10000,10100,12731,0.004975124378109541
2022-10-26,10150,10150,9970,10000,22247,-0.00990099009900991
2022-10-27,10050,10150,9990,10100,6745,0.010000000000000009
2022-10-28,10150,10150,10000,10100,6904,0.0
2022-10-31,10100,10150,10050,10100,3679,0.0
2022-11-01,10000,10150,10000,10150,13317,0.004950495049504955
2022-11-02,10150,10200,10100,10150,7902,0.0
2022-11-03,10100,10150,10000,10150,9044,0.0
2022-11-04,10100,10200,10050,10150,5314,0.0
2022-11-07,10200,10350,10150,10250,9842,0.009852216748768461
2022-11-08,10350,10450,10250,10350,11569,0.009756097560975618
2022-11-09,10450,10450,10250,10350,11431,0.0
2022-11-10,10350,10400,10200,10300,6757,-0.004830917874396157
2022-11-11,10450,10650,10400,10450,19884,0.014563106796116498
2022-11-14,10550,10700,10450,10600,22462,0.014354066985645897
2022-11-15,10650,10800,10550,10750,26985,0.014150943396226356
2022-11-16,10750,10850,10600,10800,20780,0.0046511627906977715
2022-11-17,10750,10800,10600,10650,6649,-0.01388888888888884
2022-11-18,10650,10700,10450,10550,10979,-0.009389671361502372
2022-11-21,10650,10950,10450,10550,27290,0.0
2022-11-22,10400,10550,10250,10350,26952,-0.018957345971563955
2022-11-23,10350,10450,10250,10400,13533,0.004830917874396157
2022-11-24,10350,10450,10300,10450,16682,0.004807692307692291
2022-11-25,10450,10450,10250,10350,19791,-0.009569377990430672
2022-11-28,10400,10400,10150,10200,20004,-0.01449275362318836
2022-11-29,10150,10300,10100,10300,13059,0.009803921568627416
2022-11-30,10300,10400,10200,10350,13229,0.004854368932038833
2022-12-01,10450,10450,10350,10400,42594,0.004830917874396157
2022-12-02,10450,10450,10300,10400,13754,0.0
2022-12-05,10400,10550,10300,10350,24286,-0.004807692307692291
2022-12-06,10350,10400,10150,10200,13914,-0.01449275362318836
2022-12-07,10350,10350,10050,10150,19330,-0.004901960784313708
2022-12-08,10100,10250,10050,10250,12762,0.009852216748768461
2022-12-09,10350,10350,10100,10350,16824,0.009756097560975618
2022-12-12,10300,10400,10200,10350,13657,0.0
2022-12-13,10350,10400,10250,10350,20382,0.0
2022-12-14,10350,10450,10250,10350,19244,0.0
2022-12-15,10350,10450,10300,10400,19250,0.004830917874396157
2022-12-16,10250,10300,10100,10300,15796,-0.009615384615384581
2022-12-19,10250,10300,10150,10250,18878,-0.004854368932038833
2022-12-20,10150,10250,10000,10050,39861,-0.019512195121951237
2022-12-21,10100,10200,10050,10150,59864,0.00995024875621886
2022-12-22,10200,10200,10050,10200,28935,0.0049261083743843415
2022-12-23,10150,10150,10000,10100,27531,-0.009803921568627416
2022-12-26,10100,10200,10000,10100,22923,0.0
2022-12-27,10100,10250,10050,10150,25343,0.004950495049504955
2022-12-28,10000,10150,9930,10150,45019,0.0
2022-12-29,10050,10050,9720,9720,42618,-0.04236453201970447
2023-01-02,9730,9810,9270,9530,31640,-0.019547325102880708
2023-01-03,9590,9590,9270,9360,21035,-0.01783840503672618
2023-01-04,9430,9500,9240,9430,21100,0.007478632478632452
2023-01-05,9390,9540,9390,9460,7750,0.0031813361611876534
2023-01-06,9490,9730,9460,9650,12272,0.020084566596194398
2023-01-09,9750,9840,9610,9820,18081,0.01761658031088076
2023-01-10,9820,9930,9760,9770,7653,-0.005091649694501044
2023-01-11,9830,9890,9770,9850,12237,0.008188331627430934
2023-01-12,9900,9900,9750,9830,13599,-0.0020304568527919065
2023-01-13,9830,9920,9790,9830,11539,0.0
2023-01-16,9830,9900,9780,9850,11134,0.0020345879959309254
2023-01-17,9900,9900,9780,9830,6781,-0.0020304568527919065
2023-01-18,9880,9890,9790,9890,14555,0.006103763987792554
2023-01-19,9890,10150,9830,9980,21823,0.009100101112234471
2023-01-20,9950,10100,9920,10100,15715,0.012024048096192397
2023-01-25,10100,10200,10020,10120,20296,0.001980198019801982
2023-01-26,10030,10120,10020,10120,16849,0.0
2023-01-27,10140,10140,10050,10120,14275,0.0
2023-01-30,10150,10200,10080,10110,12295,-0.0009881422924901129
2023-01-31,10170,10260,10100,10220,35574,0.010880316518298683
2023-02-01,10270,10270,10080,10140,16243,-0.007827788649706457
2023-02-02,10220,10220,10110,10180,8146,0.0039447731755424265
2023-02-03,10200,10200,10050,10150,20892,-0.0029469548133594925
2023-02-06,10150,10200,10000,10170,21297,0.0019704433497536034
2023-02-07,10170,10170,10040,10110,13429,-0.005899705014749235
2023-02-08,10170,10170,10050,10080,15686,-0.0029673590504450953
2023-02-09,10080,10200,10040,10110,37637,0.0029761904761904656
2023-02-10,10150,10150,9950,10110,32377,0.0
2023-02-13,10110,10110,9960,10100,17547,-0.0009891196834816984
2023-02-14,10070,10110,10000,10110,16312,0.000990099009900991
2023-02-15,10130,10140,9860,10040,30561,-0.006923837784371889
2023-02-16,10020,10070,9900,9920,15189,-0.01195219123505975
2023-02-17,9920,9970,9900,9950,45658,0.003024193548387011
2023-02-20,9990,10290,9970,10180,101346,0.02311557788944718
2023-02-21,10130,10280,10130,10260,67387,0.007858546168958647
2023-02-22,10200,10200,10070,10140,18164,-0.011695906432748537
2023-02-23,10140,10280,10120,10220,18607,0.007889546351084853
2023-02-24,10220,10240,10040,10130,15830,-0.008806262230919737
2023-02-27,10090,10090,9900,9990,28849,-0.01382033563672258
2023-02-28,9990,10010,9940,9940,12113,-0.005005005005005003
2023-03-02,10030,10050,9840,9940,16050,0.0
2023-03-03,9940,9950,9830,9860,12077,-0.008048289738430636
2023-03-06,9990,9990,9830,9900,14416,0.0040567951318457585
2023-03-07,9960,9960,9700,9850,29855,-0.005050505050505083
2023-03-08,9850,9850,9700,9740,14089,-0.011167512690355319
2023-03-09,9770,9770,9550,9690,38368,-0.005133470225872738
2023-03-10,9610,9680,9460,9480,33350,-0.021671826625387025
2023-03-13,9450,9600,9300,9390,15169,-0.009493670886076
2023-03-14,9410,9410,9000,9030,64021,-0.03833865814696491
2023-03-15,9110,9200,9050,9200,10063,0.01882613510520481
2023-03-16,9200,9200,9000,9080,17586,-0.013043478260869601
2023-03-17,9080,9210,9070,9210,9241,0.014317180616740144
2023-03-20,9180,9350,9170,9270,6652,0.006514657980456029
2023-03-21,9270,9270,9160,9210,8235,-0.006472491909385147
2023-03-22,9170,9250,9140,9180,8332,-0.0032573289902280145
2023-03-23,9180,9180,9070,9100,7779,-0.008714596949891074
