Date,Open,High,Low,Close,Volume,Change
2015-01-02,6000,6030,5910,5960,21340,-0.00666666666666671
2015-01-05,5850,5910,5700,5870,24300,-0.015100671140939603
2015-01-06,5870,5870,5660,5670,24594,-0.03407155025553665
2015-01-07,5720,5750,5410,5510,28333,-0.02821869488536155
2015-01-08,5420,5640,5420,5550,20219,0.007259528130671544
2015-01-09,5580,5700,5500,5680,11007,0.023423423423423406
2015-01-12,5570,5720,5570,5720,9159,0.007042253521126751
2015-01-13,5730,5880,5650,5790,16980,0.012237762237762295
2015-01-14,5790,5840,5680,5700,15101,-0.015544041450777257
2015-01-15,5700,5920,5620,5880,12716,0.03157894736842115
2015-01-16,5890,5940,5700,5820,22888,-0.010204081632653073
2015-01-19,5930,6020,5790,5970,11382,0.025773195876288568
2015-01-20,5880,6020,5880,5990,9621,0.003350083752093891
2015-01-21,5990,6100,5970,6010,5013,0.0033388981636059967
2015-01-22,6090,6130,5980,6110,20657,0.016638935108153063
2015-01-23,6110,6170,6010,6160,22655,0.008183306055646433
2015-01-26,6120,6160,6010,6030,3752,-0.02110389610389607
2015-01-27,6190,6190,6010,6100,5843,0.011608623548922115
2015-01-28,6130,6150,5960,6090,5302,-0.0016393442622950616
2015-01-29,6140,6140,6000,6070,2359,-0.003284072249589487
2015-01-30,6100,6400,6010,6260,30542,0.0313014827018121
2015-02-02,6100,6360,6000,6010,19095,-0.039936102236421744
2015-02-03,6110,6130,5980,6030,36196,0.0033277870216306127
2015-02-04,6170,6170,6020,6030,7202,0.0
2015-02-05,6030,6130,5980,6000,26515,-0.00497512437810943
2015-02-06,5970,6160,5970,6070,13018,0.011666666666666714
2015-02-09,6070,6180,5820,5980,12406,-0.014827018121911006
2015-02-10,5980,6060,5930,6000,5497,0.0033444816053511683
2015-02-11,6010,6100,5980,6000,9799,0.0
2015-02-12,5940,6100,5940,6020,9711,0.0033333333333334103
2015-02-13,6120,6120,6020,6050,10908,0.004983388704318914
2015-02-16,6030,6170,5830,6050,15274,0.0
2015-02-17,6050,6310,6050,6260,39172,0.034710743801652955
2015-02-23,6300,6350,6220,6230,18650,-0.004792332268370614
2015-02-24,6320,6320,6150,6170,6273,-0.009630818619582704
2015-02-25,6300,6300,6130,6250,7696,0.01296596434359798
2015-02-26,6290,6290,6100,6100,7800,-0.02400000000000002
2015-02-27,6100,6200,6060,6100,6276,0.0
2015-03-02,6030,6130,6030,6070,8503,-0.004918032786885296
2015-03-03,6000,6100,6000,6030,16779,-0.00658978583196046
2015-03-04,6030,6100,5970,5990,19492,-0.0066334991708125735
2015-03-05,6150,6150,5990,6010,10119,0.0033388981636059967
2015-03-06,6100,6100,5960,5980,19926,-0.004991680532445919
2015-03-09,5980,6050,5960,5980,4011,0.0
2015-03-10,5980,6040,5950,5960,6898,-0.0033444816053511683
2015-03-11,5970,6000,5860,5870,32116,-0.015100671140939603
2015-03-12,5830,5930,5770,5780,69697,-0.015332197614991494
2015-03-13,5880,5930,5800,5890,16170,0.01903114186851207
2015-03-16,5890,5980,5880,5950,21165,0.01018675721561979
2015-03-17,5990,6030,5880,6020,29361,0.0117647058823529
2015-03-18,6050,6250,6000,6160,38605,0.023255813953488413
2015-03-19,6110,6230,6080,6200,25303,0.006493506493506551
2015-03-20,6290,6290,6130,6130,17386,-0.011290322580645107
2015-03-23,6120,6270,6120,6240,11833,0.01794453507340954
2015-03-24,6250,6290,6170,6250,19529,0.0016025641025640969
2015-03-25,6290,6290,6180,6270,14631,0.0032000000000000917
2015-03-26,6270,6380,6190,6350,28445,0.012759170653907415
2015-03-27,6380,6430,6210,6430,29246,0.012598425196850505
2015-03-30,6700,6700,6390,6390,17930,-0.0062208398133748455
2015-03-31,6450,6540,6300,6420,20248,0.0046948356807512415
2015-04-01,6440,6500,6340,6460,17309,0.006230529595015577
2015-04-02,6470,6470,6310,6450,16373,-0.001547987616099089
2015-04-03,6350,6500,6350,6500,16545,0.007751937984496138
2015-04-06,6570,6570,6310,6340,26336,-0.024615384615384595
2015-04-07,6340,6390,6280,6280,17453,-0.009463722397476393
2015-04-08,6250,6450,6250,6330,12297,0.0079617834394905
2015-04-09,6390,6410,6240,6340,31036,0.0015797788309637184
2015-04-10,6350,6510,6290,6490,32678,0.023659305993690927
2015-04-13,6500,6580,6360,6430,17785,-0.009244992295839749
2015-04-14,6450,6540,6410,6430,18997,0.0
2015-04-15,6390,6520,6360,6390,15090,-0.0062208398133748455
2015-04-16,6320,6450,6320,6420,18605,0.0046948356807512415
2015-04-17,6340,6460,6340,6410,18459,-0.0015576323987538387
2015-04-20,6500,6510,6390,6460,13774,0.007800312012480548
2015-04-21,6420,6500,6340,6470,19827,0.001547987616099089
2015-04-22,6390,6600,6390,6470,35589,0.0
2015-04-23,6520,6570,6470,6530,10563,0.009273570324574987
2015-04-24,6370,6580,6370,6580,24410,0.007656967840734996
2015-04-27,6600,6700,6510,6600,29756,0.003039513677811634
2015-04-28,6600,6670,6490,6630,19349,0.00454545454545463
2015-04-29,6540,6650,6500,6580,10504,-0.007541478129713397
2015-04-30,6520,6680,6510,6530,13010,-0.0075987841945288626
2015-05-04,6520,6610,6500,6510,9651,-0.003062787136294043
2015-05-06,6370,6570,6200,6260,19640,-0.03840245775729645
2015-05-07,6260,6420,6180,6230,16646,-0.004792332268370614
2015-05-08,6200,6380,6200,6310,15185,0.01284109149277679
2015-05-11,6270,6440,6260,6390,17272,0.01267828843106189
2015-05-12,6270,6440,6270,6380,11104,-0.0015649452269170805
2015-05-13,6250,6630,6250,6580,23915,0.03134796238244508
2015-05-14,6410,6630,6410,6470,16996,-0.016717325227963542
2015-05-15,6380,6470,6250,6280,25746,-0.029366306027820754
2015-05-18,6290,6400,6220,6330,11016,0.0079617834394905
2015-05-19,6220,6390,6080,6250,39031,-0.012638230647709303
2015-05-20,6250,6350,6080,6250,15530,0.0
2015-05-21,6150,6380,6050,6060,31247,-0.030399999999999983
2015-05-22,6190,6400,6120,6310,37415,0.041254125412541365
2015-05-26,6200,6300,6060,6090,43294,-0.03486529318541998
2015-05-27,6050,6130,5710,5840,81089,-0.04105090311986859
2015-05-28,5790,5930,5510,5520,207308,-0.0547945205479452
2015-05-29,5520,5700,5510,5570,77485,0.009057971014492683
2015-06-01,5600,5600,5490,5500,56228,-0.012567324955116699
2015-06-02,5500,5620,5250,5270,92161,-0.041818181818181865
2015-06-03,5270,5370,5210,5230,72303,-0.007590132827324458
2015-06-04,5200,5290,5170,5250,63592,0.003824091778202643
2015-06-05,5200,5240,5180,5190,42205,-0.011428571428571455
2015-06-08,5200,5200,5050,5070,93382,-0.023121387283236983
2015-06-09,5070,5160,4995,5000,160216,-0.013806706114398382
2015-06-10,5020,5080,4815,4840,209838,-0.03200000000000003
2015-06-11,4885,4985,4680,4985,749877,0.029958677685950397
2015-06-12,5080,5400,4900,4950,315353,-0.007021063189568744
2015-06-15,4905,4950,4845,4900,42958,-0.010101010101010055
2015-06-16,4890,4900,4800,4815,63960,-0.01734693877551019
2015-06-17,4805,4930,4795,4930,60530,0.023883696780893082
2015-06-18,4995,4995,4875,4895,65144,-0.007099391480730244
2015-06-19,4895,4995,4870,4875,46529,-0.0040858018386108474
2015-06-22,4875,4930,4860,4905,62098,0.006153846153846176
2015-06-23,4905,4980,4880,4925,43884,0.004077471967380175
2015-06-24,4930,4935,4870,4920,56939,-0.0010152284263958977
2015-06-25,4920,4920,4860,4895,51034,-0.005081300813008172
2015-06-26,4895,5030,4860,4880,44197,-0.003064351378958108
2015-06-29,4860,4900,4650,4695,89102,-0.03790983606557374
2015-06-30,4705,4745,4625,4715,27127,0.004259850905218299
2015-07-01,4700,4840,4700,4750,42202,0.007423117709437932
2015-07-02,4800,4850,4765,4775,26551,0.0052631578947368585
2015-07-03,4820,4845,4710,4805,27991,0.006282722513089034
2015-07-06,4750,4870,4750,4800,47262,-0.0010405827263267886
2015-07-07,4810,4860,4705,4730,38495,-0.014583333333333282
2015-07-08,4795,4855,4660,4755,44994,0.005285412262156397
2015-07-09,4755,4805,4600,4640,53875,-0.024185068349106165
2015-07-10,4700,4700,4560,4570,59138,-0.015086206896551713
2015-07-13,4560,4650,4500,4580,27148,0.002188183807439792
2015-07-14,4685,4905,4580,4900,89271,0.06986899563318771
2015-07-15,4940,4950,4820,4870,40868,-0.006122448979591799
2015-07-16,4890,5000,4815,4935,30770,0.013347022587268942
2015-07-17,4890,4930,4790,4805,12601,-0.02634245187436679
2015-07-20,4835,4870,4800,4840,18350,0.007284079084287187
2015-07-21,4880,4935,4810,4915,28670,0.015495867768595017
2015-07-22,4925,4925,4850,4890,18772,-0.0050864699898270915
2015-07-23,4875,4980,4860,4885,17474,-0.0010224948875255935
2015-07-24,4920,4920,4830,4880,17770,-0.0010235414534288667
2015-07-27,4885,4885,4680,4805,15169,-0.015368852459016424
2015-07-28,4680,4790,4680,4740,14887,-0.013527575442247697
2015-07-29,4860,4860,4785,4795,18836,0.011603375527426074
2015-07-30,4895,4895,4710,4800,8638,0.0010427528675704956
2015-07-31,4800,4875,4735,4800,9729,0.0
2015-08-03,4850,4850,4530,4750,9724,-0.01041666666666663
2015-08-04,4800,4850,4695,4810,3226,0.012631578947368327
2015-08-05,4850,4850,4710,4845,17493,0.007276507276507305
2015-08-06,4790,4840,4775,4825,8619,-0.0041279669762641635
2015-08-07,4800,4835,4770,4825,10345,0.0
2015-08-10,4830,4830,4765,4800,10019,-0.005181347150259086
2015-08-11,4800,4820,4775,4810,10286,0.002083333333333437
2015-08-12,4705,4840,4705,4840,20473,0.006237006237006293
2015-08-13,4800,4895,4800,4835,9571,-0.0010330578512396382
2015-08-17,4835,4845,4810,4820,11725,-0.0031023784901758056
2015-08-18,4770,4845,4770,4835,13130,0.003112033195020736
2015-08-19,4735,4850,4690,4805,25386,-0.006204756980351611
2015-08-20,4800,4800,4710,4790,8186,-0.003121748178980255
2015-08-21,4700,4780,4560,4655,29954,-0.028183716075156573
2015-08-24,4640,4700,4590,4630,17976,-0.00537056928034374
2015-08-25,4630,4745,4600,4700,38236,0.015118790496760237
2015-08-26,4665,4750,4665,4750,13740,0.010638297872340496
2015-08-27,4750,4830,4750,4770,6681,0.004210526315789442
2015-08-28,4840,4840,4740,4790,15653,0.004192872117400492
2015-08-31,4835,4835,4700,4700,7187,-0.018789144050104345
2015-09-01,4705,4735,4690,4735,14482,0.007446808510638281
2015-09-02,4730,4730,4645,4675,13222,-0.012671594508975703
2015-09-03,4770,4770,4620,4670,24226,-0.0010695187165775666
2015-09-04,4690,4720,4590,4650,11186,-0.004282655246252709
2015-09-07,4715,5130,4690,5100,194880,0.09677419354838701
2015-09-08,5150,5270,4965,5090,80265,-0.0019607843137254832
2015-09-09,5100,5140,4995,5060,31733,-0.005893909626719096
2015-09-10,5060,5120,4975,5060,19846,0.0
2015-09-11,5060,5100,4910,4910,30305,-0.029644268774703608
2015-09-14,4880,5020,4875,5000,23734,0.018329938900203624
2015-09-15,4995,5060,4965,5060,9084,0.01200000000000001
2015-09-16,5050,5110,4985,5080,22590,0.0039525691699604515
2015-09-17,5200,5200,5040,5090,21002,0.0019685039370078705
2015-09-18,5090,5100,5000,5050,15040,-0.007858546168958758
2015-09-21,5050,5060,4985,5060,15226,0.001980198019801982
2015-09-22,5060,5120,4990,5120,20205,0.011857707509881354
2015-09-23,5120,5120,5010,5030,15403,-0.017578125
2015-09-24,5030,5060,5000,5040,2441,0.001988071570576455
2015-09-25,5040,5060,5000,5030,8771,-0.001984126984126977
2015-09-30,5030,5050,4990,5030,6753,0.0
2015-10-01,5030,5090,5000,5070,41793,0.007952286282306265
2015-10-02,5040,5200,5040,5120,37387,0.009861932938856066
2015-10-05,5120,5200,5100,5100,16669,-0.00390625
2015-10-06,5140,5140,5060,5130,19975,0.00588235294117645
2015-10-07,5160,5200,5100,5180,13007,0.00974658869395717
2015-10-08,5250,5250,5140,5140,19359,-0.007722007722007707
2015-10-12,5140,5180,4980,4980,46930,-0.0311284046692607
2015-10-13,5020,5050,4980,5030,27456,0.010040160642570184
2015-10-14,5030,5170,5030,5130,14397,0.01988071570576544
2015-10-15,5160,5160,5060,5100,11395,-0.005847953216374324
2015-10-16,5150,5150,5050,5070,12341,-0.00588235294117645
2015-10-19,5070,5110,5040,5050,7211,-0.0039447731755424265
2015-10-20,5120,5120,5050,5080,7523,0.005940594059405946
2015-10-21,5060,5120,5060,5080,17672,0.0
2015-10-22,5120,5120,5020,5040,8985,-0.007874015748031482
2015-10-23,5100,5100,5030,5050,4636,0.001984126984126977
2015-10-26,5090,5120,5000,5050,12361,0.0
2015-10-27,5090,5090,5000,5030,5567,-0.003960396039603964
2015-10-28,5070,5070,4975,4990,17553,-0.007952286282306154
2015-10-29,4990,5020,4955,4975,7214,-0.0030060120240480437
2015-10-30,5030,5030,4920,4955,12355,-0.004020100502512558
2015-11-02,4980,5020,4955,4955,7431,0.0
2015-11-03,4950,5000,4950,5000,10129,0.00908173562058523
2015-11-04,5000,5030,4935,4945,15083,-0.01100000000000001
2015-11-05,4990,4995,4945,4995,5472,0.010111223458038499
2015-11-06,5000,5050,4990,5040,15613,0.009009009009008917
2015-11-09,5090,5100,5020,5040,11380,0.0
2015-11-10,5000,5050,4975,5020,14088,-0.003968253968253954
2015-11-11,5050,5080,4970,4995,5315,-0.004980079681274896
2015-11-12,5020,5050,4985,5040,4182,0.009009009009008917
2015-11-13,5070,5070,4950,4995,8502,-0.008928571428571397
2015-11-16,4960,5020,4910,4920,14309,-0.01501501501501501
2015-11-17,4900,5000,4900,4970,4577,0.010162601626016343
2015-11-18,4970,4995,4930,4950,13132,-0.004024144869215318
2015-11-19,5050,5050,4950,4955,15313,0.0010101010101009056
2015-11-20,4955,4985,4915,4915,8288,-0.008072653884964698
2015-11-23,4930,4960,4910,4940,2010,0.0050864699898269805
2015-11-24,4920,4960,4905,4905,4047,-0.007085020242915019
2015-11-25,4945,4965,4850,4910,6635,0.0010193679918450993
2015-11-26,4910,4940,4870,4875,10251,-0.007128309572301372
2015-11-27,4905,4940,4875,4910,4399,0.007179487179487243
2015-11-30,4900,4930,4890,4895,3725,-0.003054989816700604
2015-12-01,4810,4895,4810,4875,4370,-0.0040858018386108474
2015-12-02,4875,4900,4840,4895,3875,0.004102564102564044
2015-12-03,4890,4915,4865,4915,6770,0.004085801838610736
2015-12-04,4935,4940,4880,4920,5732,0.0010172939979653517
2015-12-07,4950,4950,4770,4775,13420,-0.029471544715447107
2015-12-08,4830,4830,4765,4810,6536,0.00732984293193728
2015-12-09,4815,4885,4780,4880,4395,0.01455301455301461
2015-12-10,4880,4895,4835,4870,3799,-0.002049180327868827
2015-12-11,4895,4895,4830,4850,2028,-0.004106776180698102
2015-12-14,4845,4845,4745,4750,5009,-0.020618556701030966
2015-12-15,4720,4860,4720,4860,6580,0.023157894736842044
2015-12-16,4860,4905,4830,4865,8678,0.0010288065843622185
2015-12-17,4945,4945,4830,4935,14266,0.014388489208633004
2015-12-18,4940,4945,4820,4915,10722,-0.004052684903748771
2015-12-21,4910,5000,4900,4975,19329,0.012207527975584886
2015-12-22,5010,5010,4925,4960,4131,-0.0030150753768843908
2015-12-23,4960,4980,4900,4925,6542,-0.007056451612903247
2015-12-24,4925,4950,4855,4860,59641,-0.013197969543147225
2015-12-28,4830,4870,4805,4860,83649,0.0
2015-12-29,4800,4855,4790,4805,19690,-0.011316872427983515
2015-12-30,4805,4850,4795,4840,11195,0.007284079084287187
2016-01-04,4855,4865,4770,4820,23672,-0.004132231404958664
2016-01-05,4860,4905,4815,4905,19285,0.01763485477178417
2016-01-06,4910,4910,4810,4885,14438,-0.004077471967380175
2016-01-07,4885,4900,4655,4820,7886,-0.013306038894575267
2016-01-08,4820,4830,4765,4815,8210,-0.0010373443983402453
2016-01-11,4850,4850,4715,4715,19714,-0.020768431983385294
2016-01-12,4715,4745,4670,4670,11713,-0.009544008483563071
2016-01-13,4725,4725,4650,4690,5882,0.004282655246252709
2016-01-14,4690,4700,4645,4680,8592,-0.002132196162046962
2016-01-15,4790,4790,4700,4720,521,0.008547008547008517
2016-01-18,4745,4745,4650,4660,3760,-0.012711864406779627
2016-01-19,4670,4745,4560,4640,14571,-0.0042918454935622075
2016-01-20,4660,4730,4575,4615,6268,-0.0053879310344827624
2016-01-21,4610,4645,4575,4615,2392,0.0
2016-01-22,4685,4690,4560,4650,3891,0.007583965330444142
2016-01-25,4600,4690,4600,4670,760,0.004301075268817289
2016-01-26,4605,4660,4500,4560,12722,-0.023554603854389677
2016-01-27,4560,4605,4535,4575,26066,0.00328947368421062
2016-01-28,4565,4640,4535,4585,22635,0.002185792349726823
2016-01-29,4600,4670,4565,4600,7356,0.0032715376226826187
2016-02-01,4560,4600,4500,4505,8830,-0.020652173913043526
2016-02-02,4620,4620,4500,4530,12853,0.005549389567147678
2016-02-03,4530,4565,4520,4540,5168,0.002207505518763808
2016-02-04,4555,4625,4505,4600,18701,0.013215859030837107
2016-02-05,4630,4640,4550,4550,43866,-0.010869565217391353
2016-02-11,4555,4555,4480,4500,8806,-0.01098901098901095
2016-02-12,4430,4495,4320,4350,22992,-0.033333333333333326
2016-02-15,4350,4525,4350,4470,19673,0.02758620689655178
2016-02-16,4535,4535,4425,4500,7062,0.006711409395973256
2016-02-17,4450,4495,4380,4410,28415,-0.020000000000000018
2016-02-18,4410,4480,4400,4470,28543,0.013605442176870763
2016-02-19,4465,4475,4420,4475,8916,0.0011185682326622093
2016-02-22,4490,4525,4465,4465,3363,-0.0022346368715083775
2016-02-23,4520,4520,4455,4485,2052,0.004479283314669624
2016-02-24,4440,4550,4440,4450,2521,-0.0078037904124860225
2016-02-25,4450,4480,4400,4450,8138,0.0
2016-02-26,4450,4460,4405,4425,2311,-0.005617977528089901
2016-02-29,4450,4540,4430,4500,5231,0.016949152542372836
2016-03-02,4470,4560,4440,4550,28297,0.011111111111111072
2016-03-03,4565,4590,4525,4560,6840,0.00219780219780219
2016-03-04,4560,4620,4555,4610,9929,0.010964912280701844
2016-03-07,4585,4605,4560,4595,6503,-0.0032537960954447387
2016-03-08,4615,4615,4535,4560,6271,-0.007616974972796564
2016-03-09,4540,4600,4540,4550,3592,-0.002192982456140302
2016-03-10,4595,4595,4545,4565,7238,0.003296703296703285
2016-03-11,4565,4640,4540,4605,7653,0.008762322015334112
2016-03-14,4605,4630,4330,4580,12517,-0.005428881650380024
2016-03-15,4560,4680,4555,4610,1012,0.0065502183406114245
2016-03-16,4605,4625,4530,4550,3546,-0.013015184381778733
2016-03-17,4590,4700,4535,4575,9772,0.005494505494505475
2016-03-18,4575,4590,4525,4555,7656,-0.0043715846994535346
2016-03-21,4550,4630,4535,4535,5082,-0.004390779363336983
2016-03-22,4585,4605,4535,4565,8584,0.006615214994487362
2016-03-23,4615,4660,4565,4630,8207,0.014238773274917849
2016-03-24,4625,4630,4590,4625,3028,-0.001079913606911398
2016-03-25,4620,4630,4550,4590,11045,-0.007567567567567601
2016-03-28,4530,4600,4530,4545,5490,-0.009803921568627416
2016-03-29,4545,4570,4515,4525,6634,-0.004400440044004417
2016-03-30,4580,4580,4530,4540,2456,0.0033149171270718814
2016-03-31,4565,4580,4545,4575,4965,0.007709251101321479
2016-04-01,4630,4630,4550,4590,4926,0.003278688524590123
2016-04-04,4600,4630,4585,4600,6181,0.002178649237472685
2016-04-05,4620,4620,4595,4600,8479,0.0
2016-04-06,4610,4635,4585,4635,10771,0.007608695652173925
2016-04-07,4640,4730,4600,4730,22685,0.02049622437971954
2016-04-08,4730,4770,4655,4750,11750,0.0042283298097252064
2016-04-11,4705,4750,4680,4680,8167,-0.01473684210526316
2016-04-12,4680,4710,4605,4695,13208,0.0032051282051281937
2016-04-14,4700,4735,4680,4690,3704,-0.0010649627263046302
2016-04-15,4650,4730,4560,4700,9554,0.002132196162046851
2016-04-18,4735,4735,4660,4730,10478,0.006382978723404209
2016-04-19,4700,4765,4700,4720,2076,-0.0021141649048626032
2016-04-20,4720,4760,4670,4760,12072,0.008474576271186418
2016-04-21,4760,4845,4695,4845,17648,0.017857142857142794
2016-04-22,4830,4865,4770,4860,6879,0.003095975232198178
2016-04-25,4860,4890,4800,4890,9351,0.006172839506172867
2016-04-26,4890,4890,4830,4875,16876,-0.0030674846625766694
2016-04-27,4850,4890,4845,4865,7240,-0.002051282051282022
2016-04-28,4870,4925,4825,4925,8154,0.012332990750256956
2016-04-29,4835,4960,4835,4960,14519,0.007106598984771617
2016-05-02,5020,5020,4910,5020,10912,0.012096774193548487
2016-05-03,5020,5050,4950,5050,9048,0.005976095617529875
2016-05-04,5000,5050,4970,5050,8280,0.0
2016-05-09,5050,5050,4975,5040,93264,-0.001980198019801982
2016-05-10,5050,5050,4945,5030,11910,-0.001984126984126977
2016-05-11,5010,5030,4950,5010,8097,-0.003976143141153132
2016-05-12,5000,5020,4970,5010,3811,0.0
2016-05-13,5030,5030,4900,5010,12918,0.0
2016-05-16,4920,5010,4920,5010,12481,0.0
2016-05-17,5000,5020,4950,4950,10096,-0.0119760479041916
2016-05-18,4875,4935,4870,4880,9811,-0.014141414141414121
2016-05-19,4865,4950,4865,4875,2195,-0.0010245901639344135
2016-05-20,4950,4950,4860,4940,2957,0.01333333333333342
2016-05-23,4795,4940,4795,4875,14272,-0.013157894736842146
2016-05-24,4830,4880,4805,4850,3946,-0.00512820512820511
2016-05-25,4860,4965,4820,4850,8093,0.0
2016-05-26,4850,4895,4800,4890,2724,0.008247422680412342
2016-05-27,4820,4920,4820,4845,5669,-0.009202453987730008
2016-05-30,4845,4945,4835,4835,1141,-0.0020639834881320818
2016-05-31,4890,4890,4810,4865,4091,0.006204756980351611
2016-06-01,4880,4880,4825,4875,2585,0.0020554984583760483
2016-06-02,4885,4890,4845,4890,7565,0.003076923076922977
2016-06-03,4885,4885,4810,4840,3355,-0.010224948875255602
2016-06-07,4845,4935,4845,4860,7984,0.004132231404958775
2016-06-08,4900,4900,4845,4870,3272,0.002057613168724215
2016-06-09,4880,4900,4835,4840,8371,-0.006160164271047264
2016-06-10,4840,4900,4820,4890,7406,0.010330578512396604
2016-06-13,4815,4900,4815,4900,5628,0.002044989775051187
2016-06-14,4900,4910,4830,4865,15491,-0.0071428571428571175
2016-06-15,4835,4900,4830,4870,4638,0.0010277492291881352
2016-06-16,4860,4900,4820,4855,3669,-0.0030800821355235763
2016-06-17,4860,4880,4835,4840,2746,-0.003089598352214229
2016-06-20,4870,4870,4720,4830,5900,-0.0020661157024793875
2016-06-21,4830,4860,4825,4860,1456,0.006211180124223503
2016-06-22,4860,4870,4810,4835,4757,-0.005144032921810648
2016-06-23,4855,4855,4765,4835,7199,0.0
2016-06-24,4845,4990,4720,4775,17730,-0.012409513960703222
2016-06-27,4520,4895,4520,4675,7388,-0.020942408376963373
2016-06-28,4800,4875,4650,4670,5611,-0.0010695187165775666
2016-06-29,4700,4780,4700,4745,1297,0.016059957173447437
2016-06-30,4950,4950,4660,4670,6250,-0.015806111696522684
2016-07-01,4620,4780,4620,4690,13158,0.004282655246252709
2016-07-04,4640,4755,4640,4680,5981,-0.002132196162046962
2016-07-05,4690,4735,4630,4630,10109,-0.010683760683760646
2016-07-06,4665,4720,4620,4700,8591,0.015118790496760237
2016-07-07,4710,4800,4705,4740,5090,0.008510638297872353
2016-07-08,4640,4815,4640,4800,3904,0.012658227848101333
2016-07-11,4805,4855,4760,4775,1766,-0.00520833333333337
2016-07-12,4795,4795,4700,4775,5649,0.0
2016-07-13,4790,4795,4725,4760,7679,-0.003141361256544517
2016-07-14,4830,4845,4750,4830,8784,0.014705882352941124
2016-07-15,4830,4875,4800,4870,8388,0.008281573498964745
2016-07-18,4890,4890,4800,4840,8147,-0.006160164271047264
2016-07-19,4840,4895,4745,4790,8196,-0.010330578512396715
2016-07-20,4725,4845,4725,4820,9816,0.006263048016701411
2016-07-21,4820,4945,4820,4900,7662,0.016597510373443924
2016-07-22,4920,4920,4860,4895,4129,-0.0010204081632653184
2016-07-25,4860,4910,4835,4850,7511,-0.009193054136874323
2016-07-26,4870,4880,4815,4850,5679,0.0
2016-07-27,4890,4890,4820,4820,391,-0.006185567010309256
2016-07-28,4860,4860,4810,4810,1299,-0.0020746887966804906
2016-07-29,4875,4875,4800,4805,7040,-0.0010395010395010118
2016-08-01,4770,4895,4770,4805,6021,0.0
2016-08-02,4775,4850,4765,4815,2470,0.0020811654526535772
2016-08-03,4825,4825,4785,4800,1515,-0.0031152647975077885
2016-08-04,4810,4810,4765,4770,6751,-0.006249999999999978
2016-08-05,4805,4810,4775,4800,2463,0.0062893081761006275
2016-08-08,4820,4820,4780,4780,3212,-0.004166666666666652
2016-08-09,4760,4875,4730,4845,3871,0.013598326359832713
2016-08-10,4855,4890,4800,4870,8225,0.005159958720330149
2016-08-11,4890,4890,4830,4840,3193,-0.006160164271047264
2016-08-12,4840,6180,4840,5360,695668,0.1074380165289257
2016-08-16,5400,5440,5220,5380,152275,0.003731343283582156
2016-08-17,5410,5470,5260,5430,85050,0.009293680297397744
2016-08-18,5440,5550,5340,5450,89641,0.0036832412523020164
2016-08-19,5450,5450,5330,5330,49081,-0.022018348623853212
2016-08-22,5330,5330,5230,5280,44567,-0.009380863039399667
2016-08-23,5280,5280,5150,5150,44744,-0.024621212121212155
2016-08-24,5150,5300,5150,5190,49773,0.007766990291262044
2016-08-25,5250,5360,5200,5350,39083,0.030828516377649384
2016-08-26,5370,5370,5280,5340,27193,-0.0018691588785046953
2016-08-29,5250,5330,5180,5200,51841,-0.02621722846441943
2016-08-30,5300,5310,5190,5300,23666,0.019230769230769162
2016-08-31,5340,5370,5250,5330,21346,0.005660377358490676
2016-09-01,5370,5530,5260,5460,70435,0.024390243902439046
2016-09-02,5480,5480,5400,5420,25599,-0.0073260073260073
2016-09-05,5440,5440,5340,5430,23810,0.0018450184501845879
2016-09-06,5460,5460,5380,5430,23283,0.0
2016-09-07,5480,5480,5390,5430,22303,0.0
2016-09-08,5400,5480,5280,5300,18350,-0.023941068139963217
2016-09-09,5330,5400,5280,5340,28151,0.007547169811320753
2016-09-12,5290,5370,5260,5330,16048,-0.0018726591760299671
2016-09-13,5400,5400,5300,5370,11363,0.007504690431519689
2016-09-19,5340,5390,5220,5330,23412,-0.007448789571694592
2016-09-20,5370,5390,5320,5380,23146,0.009380863039399667
2016-09-21,5450,5460,5380,5440,32186,0.011152416356877248
2016-09-22,5450,5650,5430,5590,85875,0.02757352941176472
2016-09-23,5630,5660,5490,5510,21267,-0.014311270125223596
2016-09-26,5510,5600,5400,5600,20587,0.016333938294010864
2016-09-27,5500,5650,5500,5590,31641,-0.0017857142857142794
2016-09-28,5590,5700,5540,5680,56019,0.01610017889087656
2016-09-29,5680,5780,5620,5650,31113,-0.005281690140845119
2016-09-30,5690,5690,5490,5490,20576,-0.02831858407079646
2016-10-04,5570,5580,5500,5510,10982,0.0036429872495447047
2016-10-05,5510,5610,5510,5590,7389,0.014519056261343088
2016-10-06,5520,5660,5500,5600,16187,0.0017889087656528524
2016-10-07,5600,5680,5300,5410,17227,-0.03392857142857142
2016-10-10,5300,5600,5160,5600,22251,0.03512014787430684
2016-10-11,5660,5660,5480,5560,16041,-0.0071428571428571175
2016-10-12,5660,5660,5450,5550,1803,-0.0017985611510791255
2016-10-13,5550,5550,5400,5400,11971,-0.027027027027026973
2016-10-14,5450,5480,5320,5470,7863,0.012962962962963065
2016-10-17,5580,5580,5400,5530,9508,0.010968921389396646
2016-10-18,5620,5630,5400,5480,7807,-0.009041591320072317
2016-10-19,5430,5480,5400,5460,3885,-0.0036496350364964014
2016-10-20,5420,5600,5420,5590,23536,0.023809523809523725
2016-10-21,5590,5600,5510,5570,8493,-0.003577817531305927
2016-10-24,5560,5570,5470,5470,12729,-0.01795332136445238
2016-10-25,5570,5570,5330,5330,8194,-0.025594149908592323
2016-10-26,5400,5400,5190,5230,21051,-0.018761726078799223
2016-10-27,5170,5390,5170,5330,1543,0.019120458891013437
2016-10-28,5250,5320,5250,5250,2160,-0.015009380863039379
2016-10-31,5250,5270,5150,5170,13301,-0.015238095238095273
2016-11-01,5160,5290,5100,5250,4225,0.015473887814313247
2016-11-02,5200,5220,5100,5170,7121,-0.015238095238095273
2016-11-03,5110,5200,5080,5160,6707,-0.0019342359767892114
2016-11-04,5250,5250,5060,5170,3948,0.0019379844961240345
2016-11-07,5150,5190,5150,5180,3423,0.0019342359767891004
2016-11-08,5190,5200,5120,5180,6564,0.0
2016-11-09,5280,5280,5070,5190,31685,0.0019305019305020377
2016-11-10,5150,5330,5140,5160,32297,-0.005780346820809301
2016-11-11,5130,5290,5130,5190,8397,0.005813953488372103
2016-11-14,5150,5270,5140,5240,6843,0.009633911368015502
2016-11-15,5240,5300,5200,5250,12467,0.001908396946564972
2016-11-16,5210,5340,5210,5320,7882,0.01333333333333342
2016-11-17,5270,5350,5260,5350,7216,0.005639097744360999
2016-11-18,5360,5360,5150,5250,8902,-0.01869158878504673
2016-11-21,5260,5370,5210,5270,11513,0.003809523809523707
2016-11-22,5360,5360,5190,5230,6459,-0.007590132827324458
2016-11-23,5230,5300,5170,5260,2764,0.005736137667303964
2016-11-24,5330,5410,5120,5290,12762,0.005703422053231932
2016-11-25,5220,5320,5220,5290,7345,0.0
2016-11-28,5300,5300,5160,5290,14285,0.0
2016-11-29,5290,5290,4820,4890,422492,-0.07561436672967858
2016-11-30,4940,4940,4660,4660,120234,-0.04703476482617586
2016-12-01,4700,4700,4450,4500,192687,-0.03433476394849788
2016-12-02,4500,4520,4320,4320,211552,-0.040000000000000036
2016-12-05,4315,4365,4115,4165,217824,-0.03587962962962965
2016-12-06,4165,4185,4100,4140,238017,-0.00600240096038418
2016-12-07,4140,4175,3980,3995,247681,-0.035024154589372025
2016-12-08,3995,4215,3990,4010,267875,0.003754693366708306
2016-12-09,4060,4135,4020,4070,178576,0.014962593516209433
2016-12-12,4145,4195,4095,4120,233547,0.01228501228501222
2016-12-13,4145,4200,4115,4155,169142,0.008495145631068013
2016-12-14,4190,4190,4110,4130,146080,-0.006016847172081841
2016-12-15,4110,4155,4095,4135,192780,0.001210653753026536
2016-12-16,4150,4150,4100,4100,209823,-0.008464328899637219
2016-12-19,4120,4120,4030,4085,212195,-0.003658536585365857
2016-12-20,4065,4140,4065,4130,250186,0.01101591187270512
2016-12-21,4150,4310,4125,4265,247015,0.032687651331719136
2016-12-22,4290,4315,4220,4250,179067,-0.003516998827667095
2016-12-23,4245,4340,4225,4340,77728,0.021176470588235352
2016-12-26,4345,4505,4315,4480,290613,0.032258064516129004
2016-12-27,4520,4670,4435,4645,244889,0.036830357142857206
2016-12-28,4555,4590,4520,4555,72812,-0.019375672766415497
2016-12-29,4555,4570,4360,4480,80119,-0.016465422612513714
2017-01-02,4480,4490,4380,4430,56230,-0.011160714285714302
2017-01-03,4390,4470,4390,4470,26772,0.009029345372460584
2017-01-04,4435,4525,4435,4500,41925,0.006711409395973256
2017-01-05,4505,4580,4490,4490,34943,-0.0022222222222222365
2017-01-06,4520,4550,4455,4510,43914,0.00445434298440972
2017-01-09,4600,4600,4480,4490,37429,-0.0044345898004434225
2017-01-10,4480,4490,4415,4430,52908,-0.013363028953229383
2017-01-11,4430,4480,4420,4430,28287,0.0
2017-01-12,4420,4455,4405,4405,16125,-0.0056433408577878375
2017-01-13,4405,4465,4360,4465,81301,0.013620885357548351
2017-01-16,4480,4500,4355,4360,43613,-0.023516237402015694
2017-01-17,4360,4385,4325,4350,54108,-0.002293577981651418
2017-01-18,4350,4425,4350,4415,29732,0.014942528735632177
2017-01-19,4415,4470,4350,4435,16696,0.0045300113250283935
2017-01-20,4495,4495,4400,4430,15376,-0.0011273957158962622
2017-01-23,4405,4425,4380,4400,11000,-0.006772009029345383
2017-01-24,4400,4425,4250,4260,44850,-0.03181818181818186
2017-01-25,4300,4330,4250,4295,15274,0.008215962441314506
2017-01-26,4285,4390,4280,4355,13682,0.01396973224679865
2017-01-31,4355,4355,4295,4320,10390,-0.008036739380022917
2017-02-01,4320,4380,4295,4320,7714,0.0
2017-02-02,4335,4335,4265,4285,22432,-0.00810185185185186
2017-02-03,4270,4350,4240,4340,32374,0.012835472578763163
2017-02-06,4345,4460,4345,4450,57925,0.025345622119815614
2017-02-07,4360,4490,4360,4460,41518,0.0022471910112360494
2017-02-08,4460,4475,4400,4425,38558,-0.007847533632286963
2017-02-09,4410,4480,4390,4480,27081,0.012429378531073398
2017-02-10,4480,4485,4430,4465,33848,-0.0033482142857143016
2017-02-13,4480,4480,4380,4470,46719,0.0011198208286673506
2017-02-14,4470,4520,4440,4510,27533,0.008948545861297452
2017-02-15,4530,4530,4450,4450,33107,-0.013303769401330379
2017-02-16,4500,4510,4440,4510,33106,0.01348314606741563
2017-02-17,4510,4525,4485,4510,27210,0.0
2017-02-20,4525,4535,4495,4525,19058,0.003325942350332678
2017-02-21,4525,4540,4495,4530,45498,0.0011049723756906271
2017-02-22,4535,4575,4515,4530,31525,0.0
2017-02-23,4515,4590,4515,4560,30291,0.0066225165562914245
2017-02-24,4560,4600,4530,4570,28391,0.002192982456140413
2017-02-27,4595,4645,4545,4645,69759,0.01641137855579866
2017-02-28,4645,4670,4570,4670,66159,0.005382131324004336
2017-03-02,4695,4765,4655,4750,84102,0.017130620985010614
2017-03-03,4820,4900,4780,4830,149180,0.01684210526315799
2017-03-06,4885,4885,4750,4795,51118,-0.007246376811594235
2017-03-07,4800,4800,4670,4770,50768,-0.005213764337851923
2017-03-08,4800,4825,4710,4810,37089,0.008385744234800763
2017-03-09,4835,4835,4745,4800,33898,-0.0020790020790020236
2017-03-10,4800,4820,4695,4695,32584,-0.021874999999999978
2017-03-13,4715,4755,4675,4750,51872,0.011714589989350266
2017-03-14,4750,4780,4680,4780,36510,0.006315789473684275
2017-03-15,4785,4815,4710,4810,36153,0.006276150627614996
2017-03-16,4810,4830,4730,4810,26468,0.0
2017-03-17,4810,4825,4740,4820,35976,0.0020790020790020236
2017-03-20,4870,4870,4740,4850,37788,0.006224066390041472
2017-03-21,4830,4850,4775,4845,29229,-0.0010309278350515427
2017-03-22,4865,4875,4770,4875,46092,0.006191950464396356
2017-03-23,4895,4895,4840,4890,49672,0.003076923076922977
2017-03-24,4895,4895,4815,4860,27682,-0.006134969325153339
2017-03-27,4850,4850,4775,4780,32101,-0.016460905349794275
2017-03-28,4775,4800,4700,4770,23738,-0.0020920502092049986
2017-03-29,4770,4775,4750,4775,12718,0.0010482180293500676
2017-03-30,4725,4780,4715,4760,23021,-0.003141361256544517
2017-03-31,4725,4780,4710,4740,25712,-0.004201680672268893
2017-04-03,4790,4790,4725,4760,35453,0.00421940928270037
2017-04-04,4760,4780,4705,4775,19772,0.0031512605042016695
2017-04-05,4725,4770,4710,4735,31719,-0.008376963350785305
2017-04-06,4740,4740,4660,4705,20898,-0.006335797254487852
2017-04-07,4640,4710,4615,4630,32545,-0.015940488841657774
2017-04-10,4655,4655,4570,4630,43843,0.0
2017-04-11,4665,4725,4555,4725,24287,0.02051835853131756
2017-04-12,4710,4710,4610,4690,21691,-0.007407407407407418
2017-04-13,4700,4730,4650,4710,18435,0.004264392324093924
2017-04-14,4710,4710,4650,4655,19889,-0.011677282377919318
2017-04-17,4705,4720,4665,4695,35314,0.00859291084854985
2017-04-18,4625,4750,4625,4740,19130,0.009584664536741228
2017-04-19,4650,4875,4650,4675,53515,-0.01371308016877637
2017-04-20,4745,4750,4655,4715,17078,0.00855614973262031
2017-04-21,4715,4735,4675,4680,18434,-0.007423117709437932
2017-04-24,4680,4725,4655,4700,32053,0.004273504273504258
2017-04-25,4700,4700,4660,4670,22781,-0.006382978723404209
2017-04-26,4705,4730,4655,4700,30775,0.0064239828693790635
2017-04-27,4700,4715,4650,4710,27990,0.0021276595744681437
2017-04-28,4735,4735,4660,4690,16473,-0.00424628450106157
2017-05-02,4720,4720,4635,4655,19677,-0.007462686567164201
2017-05-04,4655,4675,4575,4675,11657,0.004296455424275036
2017-05-08,4630,4850,4630,4665,15484,-0.002139037433155133
2017-05-10,4655,4710,4600,4655,41636,-0.002143622722400873
2017-05-11,4655,4695,4605,4695,12926,0.00859291084854985
2017-05-12,4695,4720,4620,4715,11445,0.004259850905218299
2017-05-15,4715,4715,4650,4700,19207,-0.0031813361611876534
2017-05-16,4700,4700,4500,4590,55804,-0.023404255319148914
2017-05-17,4625,4635,4565,4625,37077,0.007625272331154731
2017-05-18,4645,4670,4585,4670,19411,0.00972972972972963
2017-05-19,4680,4680,4610,4635,13661,-0.00749464668094213
2017-05-22,4625,4675,4615,4670,24467,0.007551240560949246
2017-05-23,4670,4670,4595,4610,20807,-0.012847965738758016
2017-05-24,4640,4640,4600,4640,168034,0.006507592190889477
2017-05-25,4665,4665,4620,4650,36354,0.0021551724137931494
2017-05-26,4655,4700,4620,4700,47035,0.010752688172043001
2017-05-29,4700,4720,4640,4720,38621,0.004255319148936065
2017-05-30,4675,4735,4675,4680,38100,-0.008474576271186418
2017-05-31,4680,4715,4650,4690,130411,0.002136752136752129
2017-06-01,4660,4770,4660,4720,26116,0.006396588486140775
2017-06-02,4720,4775,4705,4760,41163,0.008474576271186418
2017-06-05,4720,4760,4705,4740,14096,-0.004201680672268893
2017-06-07,4760,4780,4690,4755,23916,0.0031645569620253333
2017-06-08,4730,4735,4705,4730,18129,-0.00525762355415349
2017-06-09,4705,4745,4700,4715,16139,-0.003171247357293905
2017-06-12,4705,4775,4690,4740,33518,0.005302226935312904
2017-06-13,4740,4755,4695,4700,25146,-0.008438818565400852
2017-06-14,4700,4730,4690,4690,27099,-0.0021276595744680327
2017-06-15,4690,4710,4665,4685,11506,-0.0010660980810234255
2017-06-16,4700,4740,4680,4710,17916,0.005336179295624355
2017-06-19,4750,4760,4695,4755,31487,0.009554140127388644
2017-06-20,4755,4795,4715,4755,27624,0.0
2017-06-21,4780,4800,4700,4700,21142,-0.011566771819137789
2017-06-22,4750,4790,4700,4790,35295,0.01914893617021285
2017-06-23,4800,4805,4710,4795,30709,0.0010438413361169019
2017-06-26,4765,4800,4750,4790,25620,-0.0010427528675703845
2017-06-27,4800,4815,4780,4800,34255,0.0020876826722338038
2017-06-28,4805,4805,4760,4765,20107,-0.007291666666666696
2017-06-29,4765,4765,4700,4710,16774,-0.011542497376705096
2017-06-30,4735,4735,4690,4695,6259,-0.0031847133757961776
2017-07-03,4700,4725,4665,4695,5692,0.0
2017-07-04,4660,4720,4640,4640,28552,-0.011714589989350377
2017-07-05,4605,4715,4575,4610,21382,-0.006465517241379337
2017-07-06,4555,4600,4545,4595,24256,-0.0032537960954447387
2017-07-07,4550,4590,4500,4525,28872,-0.015233949945593017
2017-07-10,4505,4530,4495,4515,12492,-0.0022099447513812542
2017-07-11,4470,4540,4470,4475,15622,-0.008859357696566983
2017-07-12,4475,4535,4460,4480,11830,0.0011173184357542443
2017-07-13,4530,4530,4370,4440,22587,-0.008928571428571397
2017-07-14,4440,4440,4345,4380,17492,-0.013513513513513487
2017-07-17,4380,4380,4325,4355,12741,-0.005707762557077611
2017-07-18,4370,4370,4305,4325,11242,-0.006888633754305373
2017-07-19,4325,4325,4265,4275,24608,-0.011560693641618491
2017-07-20,4275,4330,4270,4285,21971,0.002339181286549641
2017-07-21,4330,4330,4275,4275,14080,-0.002333722287047868
2017-07-24,4300,4325,4285,4320,6943,0.010526315789473717
2017-07-25,4350,4350,4265,4335,43467,0.003472222222222321
2017-07-26,4335,4340,4275,4330,18283,-0.0011534025374856371
2017-07-27,4295,4330,4295,4315,6191,-0.0034642032332563577
2017-07-28,4310,4310,4285,4300,10047,-0.0034762456546929554
2017-07-31,4345,4345,4285,4325,10090,0.005813953488372103
2017-08-01,4280,4310,4280,4310,11385,-0.003468208092485603
2017-08-02,4300,4300,4265,4300,13251,-0.002320185614849146
2017-08-03,4300,4300,4260,4270,12211,-0.006976744186046546
2017-08-04,4270,4270,4190,4220,17970,-0.011709601873536313
2017-08-07,4215,4285,4210,4275,11293,0.013033175355450233
2017-08-08,4250,4275,4215,4240,6037,-0.008187134502923965
2017-08-09,4240,4280,4215,4265,11214,0.005896226415094352
2017-08-10,4300,4305,4205,4260,13386,-0.0011723329425556983
2017-08-11,4290,4290,4190,4215,3153,-0.010563380281690127
2017-08-14,4250,4250,4180,4205,2130,-0.0023724792408066353
2017-08-16,4250,4250,4160,4165,12938,-0.009512485136741966
2017-08-17,4150,4200,4135,4155,7823,-0.0024009603841537164
2017-08-18,4250,4250,4085,4190,6609,0.008423586040914532
2017-08-21,4200,4200,4130,4170,8656,-0.004773269689737458
2017-08-22,4200,4200,4100,4135,9916,-0.008393285371702586
2017-08-23,4180,4180,4100,4120,16410,-0.0036275695284159193
2017-08-24,4135,4135,4090,4090,9988,-0.007281553398058249
2017-08-25,4180,4180,4065,4100,12090,0.0024449877750611915
2017-08-28,4135,4135,4095,4130,4883,0.007317073170731714
2017-08-29,4130,4130,4080,4115,7511,-0.003631961259079941
2017-08-30,4150,4150,4055,4110,24439,-0.0012150668286755595
2017-08-31,4120,4120,4050,4105,12990,-0.0012165450121655041
2017-09-01,4105,4125,3970,3990,55399,-0.028014616321559105
2017-09-04,3990,4000,3950,3950,14076,-0.010025062656641603
2017-09-05,4015,4015,3875,3875,33868,-0.01898734177215189
2017-09-06,3875,3915,3875,3885,13472,0.002580645161290418
2017-09-07,3995,3995,3875,3890,16315,0.0012870012870012104
2017-09-08,3945,3945,3870,3870,28357,-0.005141388174807249
2017-09-11,3875,3900,3740,3740,69047,-0.03359173126614989
2017-09-12,3810,3810,3650,3700,44538,-0.010695187165775444
2017-09-13,3700,3980,3625,3670,95887,-0.008108108108108136
2017-09-14,3680,3700,3585,3605,43880,-0.017711171662125325
2017-09-15,3645,3700,3590,3665,31273,0.01664355062413314
2017-09-18,3720,3725,3670,3680,19848,0.004092769440654953
2017-09-19,3675,3730,3675,3700,30328,0.005434782608695565
2017-09-20,3700,3770,3665,3740,24780,0.0108108108108107
2017-09-21,3770,3770,3705,3710,4872,-0.008021390374331583
2017-09-22,3775,3775,3665,3695,7562,-0.0040431266846361336
2017-09-25,3690,3750,3650,3650,7671,-0.012178619756427644
2017-09-26,3540,3690,3505,3665,16402,0.004109589041095818
2017-09-27,3695,3700,3610,3680,4546,0.004092769440654953
2017-09-28,3660,3730,3570,3680,14698,0.0
2017-09-29,3700,3735,3665,3725,3464,0.012228260869565188
2017-10-10,3705,3815,3680,3770,52501,0.012080536912751683
2017-10-11,3795,3800,3740,3750,11905,-0.0053050397877983935
2017-10-12,3665,3815,3665,3785,25252,0.009333333333333416
2017-10-13,3780,3800,3730,3750,18960,-0.009247027741083214
2017-10-16,3750,3840,3750,3820,29155,0.01866666666666661
2017-10-17,3835,3880,3760,3860,11334,0.010471204188481575
2017-10-18,3860,3920,3850,3890,14044,0.007772020725388629
2017-10-19,3785,3930,3785,3920,6970,0.007712082262210762
2017-10-20,3925,3950,3875,3925,14076,0.0012755102040815647
2017-10-23,3980,3980,3915,3940,13915,0.003821656050955413
2017-10-24,3930,3965,3930,3950,9930,0.002538071065989911
2017-10-25,3950,3960,3940,3950,5045,0.0
2017-10-26,3930,3980,3930,3975,14202,0.006329113924050667
2017-10-27,3975,4055,3960,4055,23183,0.020125786163522008
2017-10-30,4055,4105,4010,4055,19025,0.0
2017-10-31,4055,4090,4015,4080,11584,0.006165228113440113
2017-11-01,4080,4170,4070,4160,25025,0.019607843137254832
2017-11-02,4160,4230,4100,4190,45504,0.007211538461538547
2017-11-03,4190,4235,3960,4215,12712,0.005966587112171906
2017-11-06,4215,4235,4170,4220,34306,0.0011862396204034287
2017-11-07,4085,4220,4085,4185,3420,-0.008293838862559189
2017-11-08,4185,4275,4140,4265,23699,0.019115890083632125
2017-11-09,4265,4330,4220,4295,29079,0.00703399765533419
2017-11-10,4315,4325,4270,4325,15790,0.006984866123399325
2017-11-13,4325,4335,4260,4285,3642,-0.009248554913294793
2017-11-14,4255,4330,4245,4300,3102,0.003500583430571691
2017-11-15,4260,4260,4170,4170,15635,-0.03023255813953485
2017-11-16,4095,4140,4050,4075,10230,-0.0227817745803357
2017-11-17,4075,4095,4030,4065,3667,-0.0024539877300613355
2017-11-20,4070,4100,3995,4025,19620,-0.009840098400983988
2017-11-21,4060,4060,3850,3900,22063,-0.03105590062111796
2017-11-22,3950,3955,3860,3945,9961,0.011538461538461497
2017-11-23,3960,3960,3870,3945,24169,0.0
2017-11-24,3950,3980,3900,3920,15048,-0.006337135614702172
2017-11-27,3935,3935,3900,3905,15388,-0.003826530612244916
2017-11-28,3940,3940,3905,3915,822,0.00256081946222797
2017-11-29,3930,3935,3905,3910,5419,-0.0012771392081737387
2017-11-30,3910,3925,3860,3910,12062,0.0
2017-12-01,3915,3920,3800,3840,19381,-0.01790281329923271
2017-12-04,3840,3840,3780,3790,10602,-0.01302083333333337
2017-12-05,3840,3910,3780,3895,25210,0.02770448548812654
2017-12-06,3895,3910,3785,3850,17129,-0.011553273427471145
2017-12-07,3850,3870,3795,3825,12150,-0.00649350649350644
2017-12-08,3815,3840,3720,3720,30988,-0.027450980392156876
2017-12-11,3720,3720,3670,3705,10593,-0.0040322580645161255
2017-12-12,3705,3720,3675,3700,11624,-0.0013495276653171517
2017-12-13,3770,3770,3695,3765,6491,0.0175675675675675
2017-12-14,3765,3845,3755,3820,10571,0.014608233731739695
2017-12-15,3840,3935,3785,3920,38482,0.02617801047120416
2017-12-18,3900,3920,3835,3850,33205,-0.017857142857142905
2017-12-19,3855,3860,3780,3845,38574,-0.0012987012987012436
2017-12-20,3850,3850,3710,3745,17384,-0.026007802340702213
2017-12-21,3760,3785,3700,3750,19589,0.001335113484646211
2017-12-22,3720,3785,3715,3755,22711,0.0013333333333334085
2017-12-26,3755,3880,3750,3880,38271,0.0332889480692411
2017-12-27,3850,3880,3810,3840,8276,-0.010309278350515427
2017-12-28,3805,3835,3680,3740,13977,-0.02604166666666663
2018-01-02,3740,3785,3700,3755,6130,0.00401069518716568
2018-01-03,3730,3730,3645,3700,27065,-0.01464713715046606
2018-01-04,3670,3700,3580,3635,33786,-0.01756756756756761
2018-01-05,3685,3685,3615,3640,12399,0.0013755158184318717
2018-01-08,3650,4100,3640,3725,305898,0.02335164835164827
2018-01-09,3705,3940,3690,3880,115774,0.041610738255033475
2018-01-10,3870,3985,3730,3910,55126,0.0077319587628865705
2018-01-11,3940,3940,3835,3835,11793,-0.019181585677749413
2018-01-12,3915,3915,3780,3825,17554,-0.0026075619295958807
2018-01-15,3830,3850,3750,3800,27396,-0.006535947712418277
2018-01-16,3780,3835,3715,3780,12835,-0.0052631578947368585
2018-01-17,3825,3825,3740,3775,10597,-0.001322751322751281
2018-01-18,3820,3830,3775,3810,8919,0.009271523178807861
2018-01-19,3850,3850,3780,3810,8789,0.0
2018-01-22,3810,3840,3770,3810,37476,0.0
2018-01-23,3810,4950,3795,4315,2302272,0.13254593175853024
2018-01-24,4520,4550,4300,4430,652453,0.02665121668597914
2018-01-25,4450,4890,4450,4720,852324,0.06546275395033851
2018-01-26,4725,4730,4515,4590,322453,-0.02754237288135597
2018-01-29,4645,5310,4590,4740,1246077,0.03267973856209161
2018-01-30,4780,4900,4655,4900,252874,0.03375527426160341
2018-01-31,4780,4960,4780,4875,215826,-0.005102040816326481
2018-02-01,4870,4895,4720,4730,133467,-0.029743589743589705
2018-02-02,4730,4730,4510,4510,130550,-0.046511627906976716
2018-02-05,4445,4445,4290,4290,116836,-0.04878048780487809
2018-02-06,4150,4340,4090,4340,103316,0.011655011655011593
2018-02-07,4365,4455,4315,4345,118860,0.0011520737327188613
2018-02-08,4300,4400,4240,4395,73624,0.011507479861910141
2018-02-09,4190,4520,4190,4390,68417,-0.0011376564277588708
2018-02-12,4395,4600,4390,4425,97975,0.007972665148063829
2018-02-13,4455,4600,4415,4590,103621,0.03728813559322042
2018-02-14,4615,4735,4555,4670,102743,0.017429193899782147
2018-02-19,4745,4745,4605,4685,100929,0.0032119914346895317
2018-02-20,4685,4685,4615,4655,56246,-0.006403415154749181
2018-02-21,4655,4665,4400,4590,56113,-0.013963480128893702
2018-02-22,4590,4640,4515,4625,99715,0.007625272331154731
2018-02-23,4650,5050,4590,4800,449298,0.037837837837837895
2018-02-26,4810,4880,4760,4880,130272,0.016666666666666607
2018-02-27,4880,4950,4770,4945,133444,0.013319672131147486
2018-02-28,4905,5050,4875,4980,217527,0.00707785642062686
2018-03-02,4950,4985,4800,4835,109667,-0.029116465863453844
2018-03-05,4615,4885,4610,4725,45099,-0.022750775594622574
2018-03-06,4740,4850,4640,4755,78822,0.006349206349206327
2018-03-07,4755,4765,4610,4610,59867,-0.030494216614090464
2018-03-08,4680,4680,4410,4500,73682,-0.02386117136659438
2018-03-09,4505,4595,4415,4590,45367,0.020000000000000018
2018-03-12,4645,4710,4600,4710,41492,0.02614379084967311
2018-03-13,4720,4950,4670,4930,168508,0.04670912951167727
2018-03-14,5010,5250,4720,4955,549129,0.005070993914807254
2018-03-15,4950,4950,4800,4855,86717,-0.020181634712411745
2018-03-16,4890,4920,4775,4830,49827,-0.005149330587023715
2018-03-19,4830,4890,4750,4820,50930,-0.0020703933747412417
2018-03-20,4910,5030,4775,4805,168565,-0.003112033195020736
2018-03-21,4860,5040,4785,4910,351366,0.02185223725286156
2018-03-22,4890,4910,4800,4805,73755,-0.021384928716904228
2018-03-23,4785,4785,4420,4450,232659,-0.07388137356919877
2018-03-26,4580,4600,4400,4440,70197,-0.0022471910112359383
2018-03-27,4470,4650,4450,4565,50036,0.028153153153153143
2018-03-28,4480,4710,4475,4675,57487,0.024096385542168752
2018-03-29,4700,4780,4595,4670,34726,-0.0010695187165775666
2018-03-30,4645,4700,4595,4630,49871,-0.008565310492505307
2018-04-02,4945,4945,4650,4730,92044,0.021598272138228847
2018-04-03,4700,4725,4605,4660,54239,-0.014799154334038
2018-04-04,4700,4700,4545,4555,43812,-0.022532188841201672
2018-04-05,4595,4645,4530,4530,34756,-0.005488474204171201
2018-04-06,4550,4620,4430,4465,43711,-0.014348785871964642
2018-04-09,4465,4465,4280,4360,75339,-0.023516237402015694
2018-04-10,4380,4395,4230,4280,54472,-0.01834862385321101
2018-04-11,4335,4475,4295,4425,45430,0.0338785046728971
2018-04-12,4425,4505,4240,4305,57888,-0.027118644067796627
2018-04-13,4350,4390,4265,4315,80986,0.0023228803716608404
2018-04-16,4360,4380,4290,4365,25098,0.011587485515643037
2018-04-17,4365,4425,4200,4280,65986,-0.019473081328751474
2018-04-18,4285,4380,4275,4320,46494,0.009345794392523255
2018-04-19,4380,4390,4320,4390,65894,0.01620370370370372
2018-04-20,4390,4390,4335,4385,48259,-0.001138952164009166
2018-04-23,4380,4530,4350,4530,68781,0.033067274800456126
2018-04-24,4555,4555,4400,4490,25601,-0.008830022075055233
2018-04-25,4480,4480,4315,4355,50251,-0.030066815144766168
2018-04-26,4320,4395,4285,4350,32140,-0.0011481056257175437
2018-04-27,4375,4375,4275,4285,52865,-0.014942528735632177
2018-04-30,4285,4710,4145,4355,325134,0.016336056009334854
2018-05-02,4500,5250,4435,5100,1609945,0.17106773823191723
2018-05-03,4995,4995,4685,4760,330062,-0.06666666666666665
2018-05-04,4675,5660,4675,5160,1549873,0.08403361344537807
2018-05-08,5110,5230,4895,4895,370774,-0.0513565891472868
2018-05-09,4910,5080,4610,4805,312387,-0.018386108273748758
2018-05-10,4980,5460,4890,5000,897882,0.04058272632674287
2018-05-11,4925,5340,4895,5300,692001,0.06000000000000005
2018-05-14,5500,5540,5230,5460,744814,0.030188679245283012
2018-05-15,5460,5470,5250,5380,227514,-0.0146520146520146
2018-05-16,5140,5240,4925,4925,278689,-0.08457249070631967
2018-05-17,4955,5160,4945,5060,145452,0.02741116751269046
2018-05-18,5090,5100,4945,5090,65602,0.005928853754940677
2018-05-21,5100,5110,4890,4935,81049,-0.03045186640471509
2018-05-23,4935,5100,4900,5000,181429,0.01317122593718345
2018-05-24,5050,5050,4750,4830,190969,-0.03400000000000003
2018-05-25,4495,4630,4355,4580,227316,-0.051759834368530044
2018-05-28,4860,5580,4840,5190,1125083,0.13318777292576423
2018-05-29,5190,5190,4850,4850,293117,-0.06551059730250486
2018-05-30,4950,4950,4710,4900,168660,0.010309278350515427
2018-05-31,4895,4895,4730,4750,95163,-0.030612244897959218
2018-06-01,4805,4805,4610,4645,108653,-0.02210526315789474
2018-06-04,4650,4795,4640,4675,59174,0.006458557588805203
2018-06-05,4610,4710,4550,4620,73885,-0.0117647058823529
2018-06-07,4620,4725,4620,4635,56961,0.0032467532467532756
2018-06-08,4680,4865,4650,4740,118275,0.02265372168284796
2018-06-11,4910,4910,4765,4780,69052,0.00843881856540074
2018-06-12,4780,4855,4665,4710,81995,-0.014644351464435101
2018-06-14,4695,4695,4510,4585,79616,-0.026539278131634814
2018-06-15,4500,4660,4500,4590,29779,0.0010905125408942062
2018-06-18,4560,4590,4455,4460,52925,-0.028322440087146017
2018-06-19,4425,4700,4410,4700,112257,0.053811659192825045
2018-06-20,4635,4690,4550,4610,40555,-0.019148936170212738
2018-06-21,4610,4670,4580,4580,24869,-0.006507592190889366
2018-06-22,4550,4675,4455,4480,27437,-0.02183406113537123
2018-06-25,4460,4625,4460,4605,33277,0.02790178571428581
2018-06-26,4555,4615,4490,4530,19365,-0.016286644951140072
2018-06-27,4530,4585,4335,4350,52501,-0.039735099337748325
2018-06-28,4285,4465,4245,4315,41082,-0.008045977011494232
2018-06-29,4250,4345,4060,4285,97734,-0.006952491309385911
2018-07-02,4285,4290,4045,4055,35448,-0.0536756126021003
2018-07-03,4045,4240,4045,4210,39590,0.038224414303329235
2018-07-04,4210,4290,4110,4215,16790,0.0011876484560569
2018-07-05,4175,4245,4010,4010,35361,-0.048635824436536135
2018-07-06,4010,4195,4010,4040,13480,0.007481296758104827
2018-07-09,4040,4235,3860,3920,70256,-0.02970297029702973
2018-07-10,3920,4080,3920,3970,15795,0.012755102040816313
2018-07-11,3950,4000,3945,3980,13481,0.0025188916876575096
2018-07-12,3955,4020,3950,3995,23182,0.0037688442211054607
2018-07-13,3995,4050,3960,3995,14939,0.0
2018-07-16,3990,4065,3980,4015,11477,0.005006257822277815
2018-07-17,4015,4050,3990,4005,8058,-0.00249066002490661
2018-07-18,4050,4050,3985,3985,8940,-0.004993757802746579
2018-07-19,3985,4015,3940,3945,15553,-0.010037641154328703
2018-07-20,3945,4000,3850,3925,27721,-0.005069708491761693
2018-07-23,3935,3935,3775,3775,29394,-0.03821656050955413
2018-07-24,3730,3975,3730,3850,28034,0.019867549668874274
2018-07-25,3860,4000,3810,3960,25206,0.02857142857142847
2018-07-26,3940,4010,3940,4000,7875,0.010101010101010166
2018-07-27,4000,4030,3975,4020,9339,0.004999999999999893
2018-07-30,4020,4260,4020,4135,82409,0.028606965174129417
2018-07-31,4175,4175,4060,4125,12754,-0.00241837968561065
2018-08-01,4120,4175,4065,4170,22842,0.01090909090909098
2018-08-02,4105,4245,4085,4200,17505,0.007194244604316502
2018-08-03,4200,4250,4125,4185,5741,-0.0035714285714285587
2018-08-06,4185,4185,4105,4135,10268,-0.01194743130227005
2018-08-07,4125,4180,4100,4145,5343,0.002418379685610539
2018-08-08,4120,4140,4025,4030,14851,-0.027744270205066313
2018-08-09,4020,4125,4015,4100,20038,0.017369727047146455
2018-08-10,4095,4145,4060,4145,10128,0.01097560975609757
2018-08-13,4140,4175,4040,4075,7064,-0.016887816646562137
2018-08-14,4035,4265,4035,4165,8219,0.022085889570552242
2018-08-16,4125,4165,3870,4040,19465,-0.03001200480192079
2018-08-17,4090,4100,4000,4055,2882,0.003712871287128605
2018-08-20,4055,4070,4005,4020,4846,-0.008631319358816225
2018-08-21,4040,4095,4005,4090,6446,0.017412935323383172
2018-08-22,4010,4090,4005,4065,12608,-0.006112469437652757
2018-08-23,4065,4135,4045,4070,11098,0.0012300123001229846
2018-08-24,4120,4135,4010,4100,7603,0.0073710073710073765
2018-08-27,4130,4190,4070,4070,17387,-0.007317073170731714
2018-08-28,4130,4130,4030,4090,14619,0.004914004914004844
2018-08-29,4120,4120,4070,4070,16976,-0.004889975550122272
2018-08-30,4070,4150,4060,4150,9882,0.019656019656019597
2018-08-31,4150,4150,4090,4115,5680,-0.008433734939759074
2018-09-03,4130,4160,4085,4090,11310,-0.0060753341433779084
2018-09-04,4110,4120,4065,4065,7056,-0.006112469437652757
2018-09-05,4050,4110,4000,4000,30463,-0.01599015990159902
2018-09-06,3955,4035,3955,3990,13248,-0.0024999999999999467
2018-09-07,3990,4025,3975,3995,22395,0.0012531328320801727
2018-09-10,4020,4070,4000,4070,10561,0.018773466833541974
2018-09-11,4070,4105,4005,4090,7722,0.004914004914004844
2018-09-12,4120,4130,4000,4095,18570,0.0012224938875304847
2018-09-13,4090,4170,4020,4095,29489,0.0
2018-09-14,4050,4095,4045,4045,14174,-0.012210012210012167
2018-09-17,4050,4050,4015,4035,8594,-0.0024721878862793423
2018-09-18,3990,4900,3990,4145,876225,0.027261462205700138
2018-09-19,4125,4150,4010,4010,79366,-0.03256936067551264
2018-09-20,4010,4040,3980,4030,64790,0.004987531172069737
2018-09-21,4000,4070,3985,4010,33233,-0.00496277915632759
2018-09-27,3985,4040,3985,4015,23004,0.0012468827930174342
2018-09-28,4045,4045,3980,4000,17343,-0.0037359900373599153
2018-10-01,4000,4035,3990,3990,22309,-0.0024999999999999467
2018-10-02,4025,4025,3940,3955,29263,-0.00877192982456143
2018-10-04,3950,3970,3840,3860,46709,-0.024020227560050622
2018-10-05,3895,4280,3860,4095,215466,0.060880829015544036
2018-10-08,4170,4210,4055,4060,49716,-0.008547008547008517
2018-10-10,4120,4120,3900,3915,58955,-0.0357142857142857
2018-10-11,3900,3900,3750,3770,47948,-0.03703703703703709
2018-10-12,3630,3800,3630,3790,26170,0.0053050397877985045
2018-10-15,3790,3900,3760,3795,17320,0.0013192612137202797
2018-10-16,3755,3835,3755,3800,17139,0.0013175230566535578
2018-10-17,3840,3890,3805,3820,9102,0.0052631578947368585
2018-10-18,3790,3845,3750,3785,21091,-0.009162303664921434
2018-10-19,3760,3800,3720,3785,10944,0.0
2018-10-22,3785,3830,3755,3770,5994,-0.003963011889035695
2018-10-23,3700,3770,3650,3655,36670,-0.0305039787798409
2018-10-24,3695,3700,3645,3655,18063,0.0
2018-10-25,3510,3820,3500,3690,39906,0.009575923392612928
2018-10-26,3650,3690,3360,3460,55205,-0.06233062330623307
2018-10-29,3420,3550,3085,3100,25970,-0.10404624277456642
2018-10-30,3000,3385,3000,3210,41165,0.03548387096774186
2018-10-31,3210,3340,3205,3230,10981,0.006230529595015577
2018-11-01,3295,3380,3275,3350,13106,0.037151702786377694
2018-11-02,3350,3530,3350,3495,7891,0.0432835820895523
2018-11-05,3465,3550,3375,3515,8279,0.005722460658083017
2018-11-06,3450,3565,3450,3490,25878,-0.007112375533428139
2018-11-07,3490,3590,3485,3520,17193,0.008595988538681931
2018-11-08,3490,3605,3490,3605,12058,0.024147727272727293
2018-11-09,3610,3615,3530,3610,4276,0.001386962552011095
2018-11-12,3595,3625,3590,3610,4097,0.0
2018-11-13,3580,3620,3560,3610,14497,0.0
2018-11-14,3625,3635,3580,3580,2375,-0.008310249307479256
2018-11-15,3580,3615,3550,3585,11800,0.0013966480446927498
2018-11-16,3530,3630,3530,3615,8486,0.008368200836819994
2018-11-19,3610,3635,3590,3630,7485,0.004149377593360981
2018-11-20,3620,3625,3555,3620,5516,-0.0027548209366391463
2018-11-21,3635,3635,3510,3605,7460,-0.004143646408839796
2018-11-22,3605,3635,3530,3540,16371,-0.018030513176144236
2018-11-23,3510,3850,3510,3660,27987,0.03389830508474567
2018-11-26,3635,3705,3570,3595,20484,-0.01775956284153002
2018-11-27,3605,3690,3570,3580,11415,-0.004172461752433909
2018-11-28,3580,3620,3560,3585,8854,0.0013966480446927498
2018-11-29,3590,3630,3570,3575,8678,-0.002789400278940035
2018-11-30,3575,3630,3575,3590,3408,0.00419580419580412
2018-12-03,3610,3725,3600,3660,42960,0.01949860724233976
2018-12-04,3700,3715,3660,3710,33969,0.013661202185792254
2018-12-05,3705,3755,3655,3670,9573,-0.010781671159029615
2018-12-06,3670,3750,3620,3650,8819,-0.00544959128065392
2018-12-07,3650,3680,3650,3650,10871,0.0
2018-12-10,3650,3700,3600,3675,15159,0.006849315068493178
2018-12-11,3680,3820,3625,3765,46258,0.02448979591836742
2018-12-12,3850,4190,3765,3800,101991,0.009296148738379806
2018-12-13,3815,3980,3800,3880,55562,0.021052631578947434
2018-12-14,3990,3990,3850,3850,34597,-0.0077319587628865705
2018-12-17,3860,3905,3830,3905,9096,0.014285714285714235
2018-12-18,3895,4065,3710,3710,125459,-0.049935979513444306
2018-12-19,3720,4040,3720,3920,146262,0.05660377358490565
2018-12-20,3920,4040,3790,3900,246757,-0.005102040816326481
2018-12-21,3915,3990,3810,3860,16810,-0.01025641025641022
2018-12-24,3815,4125,3810,3925,77682,0.01683937823834203
2018-12-26,3890,3985,3850,3900,30804,-0.006369426751592355
2018-12-27,3905,4040,3835,3885,36553,-0.0038461538461538325
2018-12-28,3885,3885,3800,3875,25079,-0.002574002574002532
2019-01-02,3885,3910,3745,3750,49430,-0.032258064516129004
2019-01-03,3750,3775,3620,3765,23894,0.0040000000000000036
2019-01-04,3760,3765,3650,3760,30177,-0.0013280212483399723
2019-01-07,3760,3760,3655,3710,61655,-0.013297872340425565
2019-01-08,3730,3730,3600,3650,77819,-0.016172506738544423
2019-01-09,3650,3720,3625,3660,30079,0.00273972602739736
2019-01-10,3660,3760,3660,3750,21219,0.024590163934426146
2019-01-11,3800,4025,3700,3815,145706,0.017333333333333423
2019-01-14,3805,3865,3735,3790,37592,-0.006553079947575369
2019-01-15,3750,3830,3750,3780,25366,-0.0026385224274406704
2019-01-16,3785,3875,3750,3830,57127,0.013227513227513255
2019-01-17,3885,4100,3845,3980,184639,0.039164490861618884
2019-01-18,4040,4300,4005,4250,322261,0.0678391959798994
2019-01-21,4370,4805,4280,4530,587120,0.0658823529411765
2019-01-22,4590,4595,4200,4200,194999,-0.07284768211920534
2019-01-23,4165,4240,4060,4150,59290,-0.011904761904761862
2019-01-24,4195,4325,4160,4190,68030,0.009638554216867545
2019-01-25,4190,4335,4155,4200,72107,0.0023866348448686736
2019-01-28,4150,4225,4100,4140,70205,-0.014285714285714235
2019-01-29,4140,4410,4120,4350,157608,0.050724637681159424
2019-01-30,4350,4380,4290,4380,106145,0.006896551724137945
2019-01-31,4380,4450,4300,4400,111578,0.004566210045662045
2019-02-01,4330,4480,4330,4480,95520,0.018181818181818077
2019-02-07,4500,4505,4405,4480,47549,0.0
2019-02-08,4480,4480,4365,4475,66649,-0.0011160714285713969
2019-02-11,4475,4585,4400,4560,145758,0.018994413407821265
2019-02-12,4940,5850,4935,4990,5374431,0.0942982456140351
2019-02-13,5140,5290,4870,5240,1128158,0.05010020040080154
2019-02-14,5180,5290,5110,5110,348221,-0.024809160305343525
2019-02-15,5040,5160,4955,5010,272928,-0.019569471624266144
2019-02-18,5010,5020,4900,4920,283165,-0.017964071856287456
2019-02-19,4940,5040,4925,4950,223228,0.0060975609756097615
2019-02-20,4935,4985,4800,4855,248906,-0.019191919191919204
2019-02-21,4815,5130,4785,5130,391600,0.05664263645726053
2019-02-22,5100,5310,4975,5020,379010,-0.021442495126705707
2019-02-25,4950,5100,4845,4960,437696,-0.01195219123505975
2019-02-26,5230,6220,5220,5450,9286773,0.09879032258064524
2019-02-27,5500,5610,5190,5380,1778398,-0.012844036697247652
2019-02-28,5370,5380,4850,4850,1074990,-0.0985130111524164
2019-03-04,4700,4975,4700,4840,422188,-0.0020618556701030855
2019-03-05,4840,4950,4725,4900,403972,0.012396694214876103
2019-03-06,4915,5090,4900,5040,307024,0.02857142857142847
2019-03-07,5050,5050,4835,4835,243563,-0.04067460317460314
2019-03-08,4840,4980,4840,4885,190159,0.010341261633919352
2019-03-11,4900,4955,4760,4920,163683,0.007164790174001956
2019-03-12,4925,5010,4875,4975,214813,0.011178861788617933
2019-03-13,4970,4975,4815,4855,180477,-0.024120603015075348
2019-03-14,4910,4995,4855,4990,174787,0.02780638516992795
2019-03-15,5020,5070,4835,4910,232542,-0.01603206412825653
2019-03-18,4915,5070,4845,4930,76814,0.004073319755600879
2019-03-19,4905,4980,4870,4885,138532,-0.009127789046653123
2019-03-20,4875,5020,4875,4965,192886,0.016376663254861867
2019-03-21,5020,5020,4890,4945,151515,-0.004028197381671705
2019-03-22,4945,4945,4840,4890,141470,-0.011122345803842304
2019-03-25,4755,4915,4745,4755,147638,-0.027607361963190136
2019-03-26,4750,4795,4560,4650,109005,-0.02208201892744477
2019-03-27,4680,4750,4585,4600,88362,-0.010752688172043001
2019-03-28,4565,4650,4490,4495,104765,-0.022826086956521774
2019-03-29,4475,4600,4475,4570,98799,0.016685205784204626
2019-04-01,4645,4735,4570,4735,87068,0.03610503282275701
2019-04-02,4765,4775,4670,4730,115861,-0.001055966209081327
2019-04-03,4710,4770,4675,4750,70699,0.0042283298097252064
2019-04-04,4780,4780,4715,4720,55060,-0.0063157894736841635
2019-04-05,4735,4855,4730,4855,106666,0.028601694915254328
2019-04-08,4855,4925,4820,4900,95110,0.009268795056642576
2019-04-09,4900,4950,4855,4920,95043,0.004081632653061273
2019-04-10,4920,4970,4880,4970,94121,0.010162601626016343
2019-04-11,4980,5020,4955,5000,97043,0.006036217303822866
2019-04-12,5030,5130,4975,5110,171930,0.02200000000000002
2019-04-15,5240,5240,4990,4990,143993,-0.023483365949119372
2019-04-16,5040,5040,4880,4930,92860,-0.012024048096192397
2019-04-17,4930,5000,4850,4975,60788,0.009127789046653234
2019-04-18,4945,4985,4840,4900,57586,-0.015075376884422065
2019-04-19,4920,4970,4830,4855,42123,-0.009183673469387754
2019-04-22,4905,4945,4770,4810,53831,-0.009268795056642687
2019-04-23,4770,4810,4725,4780,47999,-0.006237006237006182
2019-04-24,4770,4865,4770,4820,91708,0.008368200836819994
2019-04-25,4800,5120,4800,5000,247509,0.03734439834024905
2019-04-26,5000,5060,4905,5030,148121,0.006000000000000005
2019-04-29,5080,5180,5000,5120,239881,0.017892644135188762
2019-04-30,5120,5180,5060,5120,103009,0.0
2019-05-02,5120,5190,5060,5180,99349,0.01171875
2019-05-03,5190,5190,5030,5060,95802,-0.02316602316602312
2019-05-07,4975,5020,4935,4935,59581,-0.024703557312252933
2019-05-08,4925,5070,4865,5030,89930,0.019250253292806496
2019-05-09,4980,5060,4820,4915,103128,-0.022862823061630233
2019-05-10,4835,4910,4755,4770,71542,-0.029501525940996975
2019-05-13,4770,4795,4610,4615,60936,-0.032494758909853205
2019-05-14,4580,4750,4500,4675,79168,0.01300108342361872
2019-05-15,4625,4770,4625,4680,54357,0.0010695187165774556
2019-05-16,4680,4765,4620,4655,55116,-0.005341880341880323
2019-05-17,4655,4695,4510,4585,118256,-0.015037593984962405
2019-05-20,4550,4585,4400,4445,112951,-0.03053435114503822
2019-05-21,4445,4490,4440,4440,28577,-0.0011248593925758943
2019-05-22,4445,4485,4290,4340,89658,-0.022522522522522515
2019-05-23,4575,4575,4335,4365,42912,0.005760368663594528
2019-05-24,4285,4360,4285,4350,58531,-0.0034364261168384758
2019-05-27,4350,4350,4280,4285,44938,-0.014942528735632177
2019-05-28,4285,4390,4240,4380,29003,0.022170361726954413
2019-05-29,4335,4435,4335,4435,51369,0.01255707762557079
2019-05-30,4395,4525,4385,4445,46024,0.0022547914317925244
2019-05-31,4495,4495,4150,4150,258152,-0.06636670416197976
2019-06-03,4100,4175,4060,4150,56006,0.0
2019-06-04,4100,4290,4100,4270,52926,0.028915662650602414
2019-06-05,4340,4350,4270,4300,34445,0.007025761124121788
2019-06-07,4265,4365,4250,4360,26270,0.013953488372093092
2019-06-10,4370,4490,4350,4465,52220,0.02408256880733939
2019-06-11,4520,4670,4485,4625,96413,0.035834266517357216
2019-06-12,4620,4660,4495,4655,68820,0.00648648648648642
2019-06-13,4580,4695,4580,4685,47677,0.0064446831364124435
2019-06-14,4680,4680,4560,4615,40480,-0.014941302027748127
2019-06-17,4615,4790,4615,4720,71393,0.02275189599133265
2019-06-18,4765,4765,4590,4625,53633,-0.0201271186440678
2019-06-19,4625,4685,4500,4540,34287,-0.018378378378378413
2019-06-20,4540,4655,4480,4610,33690,0.01541850220264318
2019-06-21,4610,4640,4560,4570,32127,-0.008676789587852451
2019-06-24,4605,4625,4520,4520,15932,-0.01094091903719907
2019-06-25,4600,4600,4480,4545,27695,0.005530973451327359
2019-06-26,4550,4590,4510,4570,15509,0.005500550055005604
2019-06-27,4565,4670,4540,4550,67664,-0.004376367614879695
2019-06-28,4550,4840,4550,4560,111030,0.00219780219780219
2019-07-01,4575,4640,4520,4535,33247,-0.005482456140350922
2019-07-02,4520,4575,4450,4470,50870,-0.01433296582138921
2019-07-03,4435,4505,4430,4450,24950,-0.004474272930648726
2019-07-04,4410,4450,4365,4365,27427,-0.019101123595505642
2019-07-05,4380,4500,4380,4440,18740,0.01718213058419238
2019-07-08,4440,4440,4270,4305,35599,-0.030405405405405372
2019-07-09,4310,4395,4100,4215,46404,-0.020905923344947785
2019-07-10,4200,4360,4200,4230,22206,0.003558718861210064
2019-07-11,4270,4270,4205,4270,17257,0.009456264775413725
2019-07-12,4410,4410,4255,4285,5975,0.003512880562060783
2019-07-15,4345,4345,4175,4270,13090,-0.003500583430571802
2019-07-16,4270,4285,4215,4240,21599,-0.007025761124121788
2019-07-17,4210,4240,4145,4240,19672,0.0
2019-07-18,4195,4280,4170,4245,19477,0.001179245283018826
2019-07-19,4205,4265,4205,4240,11030,-0.0011778563015312216
2019-07-22,4195,4270,4180,4220,16395,-0.004716981132075526
2019-07-23,4220,4240,4150,4190,23165,-0.007109004739336511
2019-07-24,4190,4190,4110,4115,26182,-0.017899761336515496
2019-07-25,4115,4140,4025,4055,41014,-0.014580801944106936
2019-07-26,3955,4025,3920,3930,68770,-0.03082614056720101
2019-07-29,3915,3995,3915,3930,35167,0.0
2019-07-30,3855,3980,3855,3935,14683,0.0012722646310432406
2019-07-31,3900,4035,3860,3970,19334,0.008894536213468918
2019-08-01,3935,4000,3930,3980,12290,0.0025188916876575096
2019-08-02,3825,4000,3825,3990,34617,0.002512562814070307
2019-08-05,3895,4020,3765,3825,73675,-0.041353383458646586
2019-08-06,3545,3895,3545,3665,59072,-0.04183006535947709
2019-08-07,3570,3885,3570,3680,21818,0.004092769440654953
2019-08-08,3750,3820,3690,3775,15451,0.025815217391304435
2019-08-09,3750,3860,3750,3850,12477,0.019867549668874274
2019-08-12,3870,3925,3750,3920,13405,0.018181818181818077
2019-08-13,3900,3930,3750,3915,19664,-0.0012755102040816757
2019-08-14,3970,3975,3905,3965,10988,0.012771392081736943
2019-08-16,3960,3970,3800,3900,12637,-0.016393442622950838
2019-08-19,3865,3945,3865,3900,9233,0.0
2019-08-20,3900,3960,3860,3905,57080,0.0012820512820512775
2019-08-21,3950,3960,3905,3920,29600,0.003841229193341844
2019-08-22,3940,3955,3895,3950,31146,0.007653061224489832
2019-08-23,3945,3965,3870,3870,19248,-0.020253164556962022
2019-08-26,3870,3935,3780,3825,20946,-0.011627906976744207
2019-08-27,3830,3920,3785,3800,21439,-0.006535947712418277
2019-08-28,3765,3850,3750,3800,44280,0.0
2019-08-29,3855,3855,3765,3790,21136,-0.0026315789473684292
2019-08-30,3830,3830,3770,3790,27513,0.0
2019-09-02,3800,3970,3750,3750,67710,-0.01055408970976257
2019-09-03,3800,3845,3790,3820,36296,0.01866666666666661
2019-09-04,3835,3885,3830,3855,20687,0.009162303664921545
2019-09-05,3850,3895,3815,3855,44058,0.0
2019-09-06,3945,3945,3800,3830,38185,-0.006485084306095956
2019-09-09,3815,3865,3785,3795,67087,-0.009138381201044377
2019-09-10,3800,3840,3795,3840,28015,0.011857707509881354
2019-09-11,3840,3880,3800,3855,75386,0.00390625
2019-09-16,3850,3865,3800,3855,43412,0.0
2019-09-17,3855,3860,3810,3850,22587,-0.0012970168612191912
2019-09-18,3860,3865,3800,3815,56939,-0.009090909090909038
2019-09-19,3840,3845,3815,3840,17572,0.006553079947575258
2019-09-20,3840,3895,3815,3880,29791,0.01041666666666674
2019-09-23,3880,4080,3850,4075,131369,0.05025773195876293
2019-09-24,4095,4095,4010,4045,60119,-0.007361963190184007
2019-09-25,4045,4095,3970,3970,60660,-0.018541409147095234
2019-09-26,3970,4040,3970,3975,22773,0.0012594458438286438
2019-09-27,3970,4020,3930,3930,32329,-0.01132075471698113
2019-09-30,3915,3975,3895,3945,18500,0.003816793893129722
2019-10-01,3955,4010,3880,3960,25519,0.0038022813688212143
2019-10-02,3960,3975,3865,3865,19455,-0.023989898989899006
2019-10-04,3865,3890,3775,3775,37623,-0.023285899094437235
2019-10-07,3790,3800,3605,3690,169295,-0.02251655629139071
2019-10-08,3655,3725,3655,3710,28976,0.005420054200542035
2019-10-10,3710,3730,3670,3710,27372,0.0
2019-10-11,3725,3745,3690,3700,10177,-0.0026954177897574594
2019-10-14,3730,3745,3680,3730,11468,0.008108108108108025
2019-10-15,3760,3760,3670,3720,26158,-0.002680965147453085
2019-10-16,3735,3760,3700,3715,27687,-0.0013440860215053752
2019-10-17,3715,3750,3675,3710,33159,-0.0013458950201884479
2019-10-18,3680,3720,3680,3680,24666,-0.008086253369272267
2019-10-21,3690,3720,3670,3680,30614,0.0
2019-10-22,3665,3700,3660,3665,29529,-0.0040760869565217295
2019-10-23,3670,3695,3550,3620,72901,-0.012278308321964526
2019-10-24,3620,3625,3540,3560,46456,-0.016574585635359074
2019-10-25,3600,3600,3525,3555,22949,-0.001404494382022503
2019-10-28,3555,3595,3550,3580,24948,0.007032348804500765
2019-10-29,3595,3600,3570,3580,8554,0.0
2019-10-30,3580,3605,3525,3565,37994,-0.0041899441340782495
2019-10-31,3560,3615,3560,3575,24935,0.0028050490883591017
2019-11-01,3545,3570,3530,3570,25133,-0.0013986013986013734
2019-11-04,3570,3620,3570,3620,11661,0.014005602240896309
2019-11-05,3615,3645,3615,3630,18227,0.0027624309392264568
2019-11-06,3660,3660,3575,3600,31251,-0.008264462809917328
2019-11-07,3600,3650,3560,3620,23997,0.005555555555555536
2019-11-08,3645,3645,3595,3625,23994,0.0013812154696133394
2019-11-11,3625,3645,3610,3640,13820,0.004137931034482678
2019-11-12,3640,3655,3630,3655,27268,0.004120879120879106
2019-11-13,3655,3655,3625,3645,15743,-0.002735978112175075
2019-11-14,3660,3660,3615,3620,14956,-0.006858710562414272
2019-11-15,3620,3645,3610,3610,28916,-0.002762430939226568
2019-11-18,3610,3635,3590,3605,24325,-0.0013850415512465242
2019-11-19,3580,3625,3565,3600,25999,-0.001386962552011095
2019-11-20,3615,3615,3515,3530,51198,-0.019444444444444486
2019-11-21,3530,3570,3470,3500,31745,-0.008498583569405138
2019-11-22,3510,3550,3475,3500,13040,0.0
2019-11-25,3500,3540,3490,3520,16301,0.005714285714285783
2019-11-26,3500,3535,3490,3495,34510,-0.007102272727272707
2019-11-27,3525,3525,3485,3485,12295,-0.0028612303290415086
2019-11-28,3520,3520,3445,3470,60467,-0.004304160688665681
2019-11-29,3405,3440,3385,3415,42590,-0.015850144092218965
2019-12-02,3440,3440,3345,3370,33584,-0.013177159590043952
2019-12-03,3375,3530,3350,3410,11732,0.011869436201780381
2019-12-04,3440,3440,3360,3380,13774,-0.008797653958944274
2019-12-05,3380,3420,3355,3375,11646,-0.0014792899408283544
2019-12-06,3375,3390,3360,3370,10451,-0.001481481481481528
2019-12-09,3360,3390,3280,3300,42567,-0.020771513353115778
2019-12-10,3280,3320,3280,3285,18865,-0.004545454545454519
2019-12-11,3240,3335,3240,3320,16891,0.010654490106544845
2019-12-12,3285,3380,3285,3365,10568,0.013554216867469826
2019-12-13,3365,3395,3360,3385,14013,0.005943536404160454
2019-12-16,3385,3410,3350,3410,16688,0.007385524372230501
2019-12-17,3400,3435,3370,3415,24622,0.0014662756598240456
2019-12-18,3415,3450,3390,3445,14221,0.008784773060029227
2019-12-19,3460,3460,3425,3445,12856,0.0
2019-12-20,3445,3500,3395,3435,21153,-0.002902757619738794
2019-12-23,3455,3460,3405,3405,19320,-0.008733624454148492
2019-12-24,3390,3450,3390,3400,13443,-0.001468428781204123
2019-12-26,3400,3450,3400,3435,14381,0.010294117647058787
2019-12-27,3375,3415,3375,3390,27541,-0.013100436681222738
2019-12-30,3390,3425,3390,3395,8389,0.001474926253687281
2020-01-02,3395,3410,3390,3410,11632,0.004418262150220897
2020-01-03,3405,3420,3400,3415,8166,0.0014662756598240456
2020-01-06,3415,3415,3350,3360,18239,-0.016105417276720324
2020-01-07,3320,3365,3320,3360,18171,0.0
2020-01-08,3360,3360,3275,3300,25862,-0.017857142857142905
2020-01-09,3310,3350,3260,3340,12311,0.0121212121212122
2020-01-10,3300,3415,3300,3400,28027,0.017964071856287456
2020-01-13,3395,3415,3395,3405,7160,0.0014705882352941124
2020-01-14,3410,3425,3365,3410,17106,0.001468428781204123
2020-01-15,3405,3480,3405,3450,24277,0.011730205278592365
2020-01-16,3500,3515,3450,3450,24673,0.0
2020-01-17,3490,3490,3445,3475,14934,0.007246376811594235
2020-01-20,3500,3540,3465,3475,24839,0.0
2020-01-21,3475,3515,3460,3475,7987,0.0
2020-01-22,3500,3515,3450,3485,8319,0.0028776978417266452
2020-01-23,3515,3585,3500,3545,77911,0.017216642754662947
2020-01-28,3520,3540,3420,3420,31563,-0.035260930888575404
2020-01-29,3420,3450,3370,3375,25319,-0.013157894736842146
2020-01-30,3420,3435,3360,3360,30466,-0.004444444444444473
2020-01-31,3400,3400,3325,3355,13778,-0.0014880952380952328
2020-02-03,3320,3320,3270,3315,22571,-0.011922503725782407
2020-02-04,3275,3355,3265,3315,23157,0.0
2020-02-05,3355,3355,3305,3350,10031,0.010558069381598756
2020-02-06,3365,3390,3320,3365,9373,0.004477611940298498
2020-02-07,3395,3400,3360,3365,8254,0.0
2020-02-10,3395,3400,3360,3370,11524,0.0014858841010401136
2020-02-11,3370,3405,3340,3390,20497,0.005934718100890191
2020-02-12,3405,3475,3395,3465,15571,0.022123893805309658
2020-02-13,3465,3525,3465,3470,23605,0.0014430014430013571
2020-02-14,3545,3545,3470,3500,12482,0.008645533141210304
2020-02-17,3500,3535,3450,3500,9670,0.0
2020-02-18,3535,3535,3405,3490,12218,-0.0028571428571428914
2020-02-19,3490,3550,3415,3550,33239,0.017191977077363862
2020-02-20,3515,3585,3455,3555,34186,0.0014084507042253502
2020-02-21,3560,3575,3410,3550,35067,-0.0014064697609000865
2020-02-24,3470,3470,3315,3375,30215,-0.04929577464788737
2020-02-25,3335,3450,3300,3360,38580,-0.004444444444444473
2020-02-26,3360,3445,3320,3385,16117,0.007440476190476275
2020-02-27,3425,3425,3325,3370,27970,-0.004431314623338234
2020-02-28,3330,3355,3170,3310,65986,-0.017804154302670572
2020-03-02,3310,3360,3295,3345,25885,0.010574018126888296
2020-03-03,3345,3365,3325,3330,18680,-0.004484304932735439
2020-03-04,3330,3495,3315,3430,40609,0.03003003003003002
2020-03-05,3470,3495,3375,3490,21402,0.017492711370262315
2020-03-06,3480,3480,3350,3360,23585,-0.03724928366762181
2020-03-09,3350,3350,3205,3235,35073,-0.03720238095238093
2020-03-10,3170,3230,3150,3215,20370,-0.0061823802163832875
2020-03-11,3165,3295,3150,3150,29467,-0.02021772939346811
2020-03-12,3150,3150,2915,2925,62273,-0.0714285714285714
2020-03-13,2525,2750,2480,2635,140009,-0.09914529914529913
2020-03-16,2590,2745,2570,2570,108293,-0.024667931688804545
2020-03-17,2350,2950,2350,2665,119688,0.03696498054474717
2020-03-18,2625,2775,2605,2605,60913,-0.022514071294559068
2020-03-19,2600,2655,2355,2360,111040,-0.09404990403071012
2020-03-20,2300,2480,2300,2480,80568,0.05084745762711873
2020-03-23,2460,2460,2335,2345,20451,-0.05443548387096775
2020-03-24,2435,2450,2335,2400,24328,0.023454157782516027
2020-03-25,2460,2615,2430,2535,75186,0.05624999999999991
2020-03-26,2530,2665,2530,2595,40635,0.023668639053254337
2020-03-27,2610,2715,2610,2700,40942,0.040462427745664664
2020-03-30,2680,2705,2560,2700,13152,0.0
2020-03-31,2715,2825,2715,2790,30038,0.03333333333333344
2020-04-01,2790,2820,2600,2615,20478,-0.06272401433691754
2020-04-02,2670,2680,2615,2650,17315,0.013384321223709472
2020-04-03,2655,2730,2655,2680,16513,0.01132075471698113
2020-04-06,2655,2810,2655,2800,123744,0.04477611940298498
2020-04-07,2810,2880,2750,2830,50861,0.010714285714285676
2020-04-08,2810,2900,2810,2840,45420,0.0035335689045936647
2020-04-09,2860,2920,2845,2880,41341,0.014084507042253502
2020-04-10,2880,2900,2830,2890,26451,0.003472222222222321
2020-04-13,2890,2890,2815,2870,27711,-0.00692041522491349
2020-04-14,2865,2970,2835,2910,35845,0.013937282229965264
2020-04-16,2910,2945,2840,2945,19930,0.012027491408934665
2020-04-17,2945,3010,2940,2950,59409,0.001697792869269854
2020-04-20,2910,3035,2910,3030,37265,0.027118644067796627
2020-04-21,3030,3050,2850,2920,43727,-0.0363036303630363
2020-04-22,2865,2935,2825,2920,28444,0.0
2020-04-23,2935,2940,2900,2920,12001,0.0
2020-04-24,2950,2950,2855,2870,22679,-0.017123287671232834
2020-04-27,2860,2920,2860,2895,20316,0.008710801393728262
2020-04-28,2910,2940,2865,2895,25928,0.0
2020-04-29,2870,2930,2870,2900,18364,0.0017271157167531026
2020-05-04,2910,2940,2875,2910,22394,0.0034482758620688614
2020-05-06,2955,3070,2925,2965,24123,0.018900343642611617
2020-05-07,2965,3015,2965,3010,27708,0.015177065767284947
2020-05-08,3015,3050,3000,3000,15646,-0.0033222591362126463
2020-05-11,3000,3050,2970,3040,15215,0.01333333333333342
2020-05-12,3040,3040,2960,3000,16782,-0.013157894736842146
2020-05-13,3025,3025,2915,2980,20963,-0.00666666666666671
2020-05-14,2970,2970,2895,2900,26731,-0.02684563758389258
2020-05-15,2880,2935,2850,2895,20260,-0.0017241379310344307
2020-05-18,2895,2895,2855,2885,22618,-0.003454231433506094
2020-05-19,2950,2970,2905,2940,31379,0.01906412478336228
2020-05-20,2970,2970,2935,2960,20512,0.006802721088435382
2020-05-21,2990,3045,2980,3035,45507,0.02533783783783794
2020-05-22,3035,3035,2955,2960,28166,-0.02471169686985175
2020-05-25,2970,3800,2955,3135,1055934,0.05912162162162171
2020-05-26,3160,3170,3110,3140,127703,0.0015948963317384823
2020-05-27,3115,3165,3115,3115,126012,-0.0079617834394905
2020-05-28,3125,3150,3065,3075,90715,-0.012841091492776902
2020-05-29,3070,3125,3025,3065,44893,-0.003252032520325243
2020-06-01,3025,3090,3025,3080,25870,0.004893964110929794
2020-06-02,3070,3150,3070,3115,85773,0.011363636363636465
2020-06-03,3120,3175,3115,3125,71427,0.0032102728731941976
2020-06-04,3160,3175,3130,3145,99443,0.006399999999999961
2020-06-05,3145,3175,3140,3155,44301,0.0031796502384737746
2020-06-08,3155,3180,3140,3150,61572,-0.0015847860538826808
2020-06-09,3150,3160,3110,3135,34955,-0.004761904761904745
2020-06-10,3135,3145,3105,3120,16070,-0.004784688995215336
2020-06-11,3110,3250,3105,3220,150365,0.03205128205128216
2020-06-12,2995,3155,2995,3090,73865,-0.04037267080745344
2020-06-15,3150,3150,2990,2990,58235,-0.032362459546925515
2020-06-16,2975,3115,2975,3075,20241,0.028428093645485042
2020-06-17,3115,3115,3005,3055,17070,-0.006504065040650375
2020-06-18,3055,3120,3015,3060,25705,0.0016366612111293755
2020-06-19,3105,3210,3045,3210,72095,0.0490196078431373
2020-06-22,3210,3275,3090,3105,59467,-0.032710280373831724
2020-06-23,3105,3190,3090,3140,35466,0.011272141706924366
2020-06-24,3120,3165,3110,3125,53448,-0.004777070063694322
2020-06-25,3125,3140,3070,3130,26835,0.0016000000000000458
2020-06-26,3145,3150,3105,3125,12236,-0.0015974440894568342
2020-06-29,3080,3170,3010,3035,59993,-0.028800000000000048
2020-06-30,3035,3085,2960,3075,41959,0.01317957166392092
2020-07-01,3095,3095,2995,3005,34872,-0.02276422764227637
2020-07-02,3045,3075,2950,2995,39099,-0.0033277870216306127
2020-07-03,3000,3000,2915,2975,26944,-0.006677796327211993
2020-07-06,2975,3005,2935,3005,23378,0.010084033613445342
2020-07-07,2985,3110,2985,3010,46927,0.0016638935108153063
2020-07-08,2960,3040,2960,3015,19699,0.0016611295681063787
2020-07-09,3015,3065,2990,3020,14156,0.0016583747927032544
2020-07-10,3050,3080,2930,2955,49831,-0.021523178807947074
2020-07-13,2980,3030,2910,2995,31166,0.013536379018612488
2020-07-14,2995,3280,2990,3090,84219,0.03171953255425719
2020-07-15,3090,3120,2955,3110,41668,0.006472491909385036
2020-07-16,3110,3175,3100,3170,82177,0.019292604501607746
2020-07-17,3180,3250,3135,3160,30967,-0.003154574132492094
2020-07-20,3150,3195,3135,3155,64067,-0.0015822784810126667
2020-07-21,3155,3185,3085,3100,61466,-0.017432646592709933
2020-07-22,3135,3140,3085,3095,29636,-0.001612903225806428
2020-07-23,3120,3120,3055,3070,34048,-0.008077544426494332
2020-07-24,3055,3110,3000,3050,29314,-0.006514657980456029
2020-07-27,3010,3120,3010,3110,34165,0.01967213114754096
2020-07-28,3115,3145,3075,3090,11844,-0.006430868167202619
2020-07-29,3115,3120,3045,3095,24891,0.0016181229773462036
2020-07-30,3075,3135,3060,3110,35860,0.004846526655896577
2020-07-31,3115,3195,3065,3070,67319,-0.012861736334405127
2020-08-03,3070,3110,3045,3080,19971,0.0032573289902280145
2020-08-04,3080,3160,3055,3125,82084,0.014610389610389518
2020-08-05,3115,3140,3095,3130,25309,0.0016000000000000458
2020-08-06,3130,3245,3130,3175,129371,0.01437699680511173
2020-08-07,3190,3250,3135,3230,122189,0.017322834645669305
2020-08-10,3235,3430,3215,3415,379442,0.05727554179566563
2020-08-11,3510,3515,3415,3435,266356,0.005856515373352744
2020-08-12,3430,3525,3330,3520,149641,0.024745269286754024
2020-08-13,3550,3590,3450,3470,111427,-0.014204545454545414
2020-08-14,3475,3625,3450,3570,259006,0.028818443804034644
2020-08-18,3570,3570,3110,3230,146837,-0.09523809523809523
2020-08-19,3230,3285,3155,3245,44845,0.004643962848297267
2020-08-20,3245,3270,3055,3060,93269,-0.057010785824345156
2020-08-21,3095,3145,3055,3070,25620,0.0032679738562091387
2020-08-24,3060,3090,3000,3040,42360,-0.009771986970684043
2020-08-25,3055,3135,3045,3120,26938,0.026315789473684292
2020-08-26,3135,3140,3035,3100,32922,-0.0064102564102563875
2020-08-27,3120,3120,3010,3045,46315,-0.01774193548387093
2020-08-28,3080,3105,3020,3065,26122,0.006568144499178974
2020-08-31,3080,3160,3080,3120,39794,0.01794453507340954
2020-09-01,3100,3220,3100,3180,32708,0.019230769230769162
2020-09-02,3245,3350,3155,3345,136187,0.05188679245283012
2020-09-03,3360,3390,3250,3275,50810,-0.020926756352765308
2020-09-04,3135,3215,3060,3190,45225,-0.025954198473282397
2020-09-07,3240,3290,3175,3280,64283,0.028213166144200663
2020-09-08,3350,3380,3250,3250,56158,-0.009146341463414642
2020-09-09,3250,3260,3195,3220,33862,-0.009230769230769265
2020-09-10,3255,3390,3205,3315,80849,0.029503105590062084
2020-09-11,3310,3365,3285,3345,54544,0.009049773755656076
2020-09-14,3370,3510,3310,3410,172276,0.01943198804185342
2020-09-15,3460,3780,3450,3710,1068470,0.08797653958944274
2020-09-16,3715,3715,3530,3590,380336,-0.03234501347708896
2020-09-17,3595,3665,3445,3595,259730,0.0013927576601671099
2020-09-18,3595,4270,3505,3800,1271144,0.057023643949930536
2020-09-21,3840,3940,3760,3840,386235,0.010526315789473717
2020-09-22,3860,4810,3730,4145,8933342,0.07942708333333326
2020-09-23,4145,4160,3925,4130,1029869,-0.003618817852834688
2020-09-24,4030,4185,3720,3720,683017,-0.09927360774818406
2020-09-25,3725,4155,3605,3865,1270376,0.03897849462365599
2020-09-28,3830,4260,3830,4210,1303261,0.0892626131953429
2020-09-29,4200,4200,4010,4085,503130,-0.029691211401425166
2020-10-05,4050,4155,4040,4120,261388,0.008567931456548328
2020-10-06,4140,4145,4020,4035,200028,-0.020631067961165095
2020-10-07,3975,4070,3970,3985,132311,-0.012391573729863659
2020-10-08,4015,4060,3925,4060,266063,0.01882057716436636
2020-10-12,4060,4220,4000,4170,514263,0.027093596059113212
2020-10-13,4230,4450,4150,4380,756806,0.050359712230215736
2020-10-14,4335,4455,4165,4210,401290,-0.038812785388127824
2020-10-15,4215,4575,3950,4410,3564294,0.04750593824228022
2020-10-16,4750,4750,4270,4300,1952269,-0.024943310657596363
2020-10-19,4300,4320,4055,4065,487623,-0.054651162790697705
2020-10-20,4000,4115,3770,3970,477837,-0.02337023370233704
2020-10-21,3910,4140,3910,4130,268411,0.04030226700251882
2020-10-22,4130,4200,3930,4030,822150,-0.02421307506053272
2020-10-23,4045,4080,3985,3990,447440,-0.00992555831265507
2020-10-26,4000,4035,3900,3940,285485,-0.01253132832080206
2020-10-27,3840,3950,3795,3925,216949,-0.0038071065989847552
2020-10-28,3825,4000,3805,3990,190579,0.016560509554140124
2020-10-29,3870,4020,3850,3995,270987,0.0012531328320801727
2020-10-30,4010,4130,3920,4030,649240,0.008760951188986343
2020-11-02,4010,4060,3995,4050,309898,0.00496277915632759
2020-11-03,4055,4100,3990,4030,371001,-0.004938271604938316
2020-11-04,4030,4050,3940,3990,180124,-0.00992555831265507
2020-11-05,3985,4060,3965,4045,256979,0.013784461152882121
2020-11-06,4045,4045,3940,4000,195651,-0.011124845488257096
2020-11-09,4035,4035,3955,4030,204639,0.007500000000000062
2020-11-10,4030,4035,3965,4000,176830,-0.007444168734491274
2020-11-11,4040,4040,3955,4000,176986,0.0
2020-11-12,4000,4020,3965,3975,104997,-0.006249999999999978
2020-11-13,3970,3995,3950,3990,149658,0.0037735849056603765
2020-11-16,4015,4055,3975,4045,273843,0.013784461152882121
2020-11-17,4050,4055,3995,4020,259060,-0.006180469715698411
2020-11-18,4000,4025,3990,3995,97658,-0.006218905472636815
2020-11-19,3990,4000,3965,3990,123383,-0.0012515644555695093
2020-11-20,3975,4005,3970,3985,94173,-0.0012531328320801727
2020-11-23,3990,4015,3965,3975,94468,-0.0025094102885822034
2020-11-24,3980,4000,3950,3995,261164,0.005031446540880502
2020-11-25,3995,4125,3960,4110,1941853,0.028785982478097605
2020-11-26,4160,4280,4000,4015,1650885,-0.02311435523114358
2020-11-27,4080,4080,3975,3985,353700,-0.007471980074719831
2020-11-30,3975,4015,3920,3935,266319,-0.012547051442910906
2020-12-01,3925,3965,3920,3935,131869,0.0
2020-12-02,3955,3980,3925,3935,141380,0.0
2020-12-03,3920,3930,3905,3925,151542,-0.0025412960609910717
2020-12-04,3950,3960,3850,3900,274783,-0.006369426751592355
2020-12-07,3865,3930,3830,3855,194484,-0.011538461538461497
2020-12-08,3855,3890,3805,3830,102669,-0.006485084306095956
2020-12-09,3835,3875,3820,3860,109006,0.007832898172323688
2020-12-10,3855,3895,3810,3895,84865,0.0090673575129534
2020-12-11,3880,3990,3850,3990,209687,0.024390243902439046
2020-12-14,3925,3985,3915,3950,149851,-0.010025062656641603
2020-12-15,3965,3965,3880,3895,97957,-0.013924050632911356
2020-12-16,3905,3935,3880,3880,79439,-0.0038510911424903815
2020-12-17,3910,3930,3875,3885,58442,0.0012886597938144284
2020-12-18,3870,3905,3865,3875,73918,-0.002574002574002532
2020-12-21,3875,3890,3845,3850,77639,-0.006451612903225823
2020-12-22,3850,3865,3790,3800,120709,-0.012987012987012991
2020-12-23,3800,3830,3740,3780,102732,-0.0052631578947368585
2020-12-24,3800,3800,3740,3770,72716,-0.002645502645502673
2020-12-28,3775,3855,3750,3805,147837,0.009283819628647105
2020-12-29,3805,3820,3760,3800,69724,-0.0013140604467805073
2020-12-30,3800,3835,3780,3825,87222,0.006578947368421018
2021-01-04,3855,3920,3820,3895,192801,0.018300653594771177
2021-01-05,3895,4260,3850,4010,1882621,0.029525032092426295
2021-01-06,4010,4100,3940,3950,308867,-0.014962593516209433
2021-01-07,3950,4000,3940,3960,195071,0.0025316455696202667
2021-01-08,3990,4175,3990,4105,1744417,0.03661616161616155
2021-01-11,4110,4125,3975,4030,634101,-0.018270401948842885
2021-01-12,4030,4130,3970,3995,652909,-0.008684863523573227
2021-01-13,3995,4105,3995,4095,418477,0.0250312891113893
2021-01-14,4095,4175,4070,4175,886015,0.019536019536019467
2021-01-15,4195,4425,4090,4120,6049658,-0.013173652694610793
2021-01-18,4190,4195,4055,4075,975549,-0.01092233009708743
2021-01-19,4050,4350,4050,4340,2454165,0.06503067484662584
2021-01-20,4540,4580,4140,4175,4872820,-0.03801843317972353
2021-01-21,4215,4395,4140,4395,2393884,0.052694610778443174
2021-01-22,4415,4610,4330,4400,3983743,0.0011376564277587597
2021-01-25,4405,4435,4280,4345,924293,-0.012499999999999956
2021-01-26,4480,4500,4240,4265,1465513,-0.018411967779056404
2021-01-27,4270,4915,4200,4605,11244997,0.0797186400937866
2021-01-28,4510,4605,4370,4370,1569717,-0.05103148751357223
2021-01-29,4385,4470,4075,4180,1525301,-0.04347826086956519
2021-02-01,4185,4880,4185,4360,12438033,0.04306220095693769
2021-02-02,4390,4525,4325,4480,1911073,0.02752293577981657
2021-02-03,4585,4840,4500,4640,5409471,0.03571428571428581
2021-02-04,4750,4845,4635,4710,2573284,0.015086206896551824
2021-02-05,4875,5190,4705,4750,6867661,0.00849256900212314
2021-02-08,4590,4590,4375,4380,1884953,-0.07789473684210524
2021-02-09,4380,4460,4310,4325,754576,-0.01255707762557079
2021-02-10,4330,4420,4310,4420,425741,0.021965317919075078
2021-02-15,4430,4450,4345,4370,460502,-0.011312217194570096
2021-02-16,4370,4390,4255,4280,730847,-0.020594965675057253
2021-02-17,4275,4295,4215,4250,394022,-0.007009345794392496
2021-02-18,4275,4285,4195,4200,351795,-0.0117647058823529
2021-02-19,4225,4225,4115,4165,522736,-0.008333333333333304
2021-02-22,4255,4320,4200,4205,456506,0.009603841536614643
2021-02-23,4205,4240,4105,4160,224716,-0.010701545778834753
2021-02-24,4155,4190,3985,3985,437217,-0.04206730769230771
2021-02-25,4075,4480,4070,4180,6078411,0.04893350062735258
2021-02-26,4095,4310,4005,4140,1566704,-0.009569377990430672
2021-03-02,4210,4325,4085,4140,907108,0.0
2021-03-03,4155,4255,4115,4200,399899,0.01449275362318847
2021-03-04,4155,4210,4120,4195,273347,-0.0011904761904761862
2021-03-05,4135,4195,4065,4155,321090,-0.009535160905840279
2021-03-08,4155,4230,4135,4150,354248,-0.001203369434416346
2021-03-09,4110,4145,4035,4080,387035,-0.016867469879518038
2021-03-10,4130,4135,4030,4030,199462,-0.01225490196078427
2021-03-11,4030,4095,4030,4075,169582,0.011166253101736912
2021-03-12,4090,4115,4060,4085,288613,0.0024539877300613355
2021-03-15,4090,4100,4055,4080,180095,-0.001223990208078285
2021-03-16,4080,4100,4060,4070,209645,-0.002450980392156854
2021-03-17,4080,4120,4055,4090,245072,0.004914004914004844
2021-03-18,4105,4870,4100,4315,9064713,0.055012224938875365
2021-03-19,4315,4370,4220,4350,1419022,0.008111239860950192
2021-03-22,4500,4560,4305,4305,1387435,-0.010344827586206917
2021-03-23,4315,4495,4255,4480,1180152,0.04065040650406515
2021-03-24,4415,4470,4320,4320,796466,-0.0357142857142857
2021-03-25,4280,4335,4235,4255,419357,-0.01504629629629628
2021-03-26,4275,4325,4245,4280,260157,0.005875440658049458
2021-03-29,4310,4385,4275,4330,373107,0.011682242990654235
2021-03-30,4330,4530,4315,4385,1543333,0.012702078521940052
2021-03-31,4420,4485,4345,4475,940318,0.020524515393386622
2021-04-01,4540,4565,4400,4410,783781,-0.01452513966480451
2021-04-02,4450,4650,4425,4595,1912360,0.04195011337868482
2021-04-05,4615,4655,4540,4550,940772,-0.009793253536452662
2021-04-06,4575,4600,4415,4460,536678,-0.01978021978021982
2021-04-07,4460,4535,4455,4490,411878,0.006726457399103047
2021-04-08,4500,4515,4430,4440,289104,-0.011135857461024523
2021-04-09,4440,4455,4370,4410,332081,-0.006756756756756799
2021-04-12,4420,4440,4350,4360,294126,-0.0113378684807256
2021-04-13,4335,4445,4330,4420,337498,0.013761467889908285
2021-04-14,4440,4620,4425,4505,1114544,0.019230769230769162
2021-04-15,4515,4575,4400,4560,996025,0.01220865704772467
2021-04-16,4550,4560,4470,4490,450821,-0.015350877192982448
2021-04-19,4490,4510,4405,4405,304401,-0.018930957683741645
2021-04-20,4405,4485,4360,4455,248622,0.011350737797956922
2021-04-21,4420,4470,4365,4390,260711,-0.014590347923681302
2021-04-22,4440,4440,4365,4380,185647,-0.002277904328018221
2021-04-23,4355,4360,4285,4325,286069,-0.01255707762557079
2021-04-26,4350,4435,4325,4420,306029,0.021965317919075078
2021-04-27,4390,4430,4370,4400,206782,-0.004524886877828038
2021-04-28,4425,4425,4310,4315,297806,-0.01931818181818179
2021-04-29,4315,4325,4220,4260,244707,-0.01274623406720743
2021-04-30,4250,4285,4200,4230,286910,-0.007042253521126751
2021-05-03,4230,4325,4210,4230,120268,0.0
2021-05-04,4275,4275,4155,4255,199335,0.005910165484633634
2021-05-06,4255,4345,4250,4310,173196,0.01292596944770863
2021-05-07,4335,4340,4300,4330,173943,0.004640371229698292
2021-05-10,4330,4370,4325,4355,147517,0.005773672055427337
2021-05-11,4350,4350,4265,4280,259851,-0.01722158438576349
2021-05-12,4295,4315,4200,4255,202498,-0.005841121495327117
2021-05-13,4210,4270,4175,4185,160792,-0.016451233842538215
2021-05-14,4260,4290,4220,4270,151740,0.020310633213858953
2021-05-17,4270,4320,4200,4215,139129,-0.012880562060889944
2021-05-18,4260,4260,4180,4220,114228,0.0011862396204034287
2021-05-20,4215,4280,4215,4235,139003,0.0035545023696681444
2021-05-21,4265,4335,4235,4245,199677,0.0023612750885477762
2021-05-24,4245,4280,4215,4230,115194,-0.0035335689045936647
2021-05-25,4230,4280,4230,4255,115539,0.005910165484633634
2021-05-26,4280,4280,4245,4250,64754,-0.001175088131609825
2021-05-27,4255,4260,4210,4230,107068,-0.004705882352941226
2021-05-28,4230,4320,4230,4295,178912,0.015366430260047359
2021-05-31,4315,4320,4285,4300,87434,0.0011641443538998875
2021-06-01,4325,4450,4285,4440,779068,0.032558139534883734
2021-06-02,4440,4450,4375,4450,373296,0.0022522522522523403
2021-06-03,4470,4505,4410,4430,325319,-0.004494382022471877
2021-06-04,4430,4430,4355,4385,269223,-0.010158013544018019
2021-06-07,4445,4445,4390,4410,208759,0.005701254275940704
2021-06-08,4430,4465,4390,4460,272737,0.01133786848072571
2021-06-09,4460,4480,4420,4470,245145,0.0022421524663676085
2021-06-10,4475,4500,4400,4405,297877,-0.014541387024608499
2021-06-11,4410,4550,4405,4425,793726,0.004540295119182858
2021-06-14,4480,4510,4455,4500,230242,0.016949152542372836
2021-06-15,4500,4545,4415,4425,300129,-0.01666666666666672
2021-06-16,4425,4450,4360,4380,274070,-0.01016949152542368
2021-06-17,4365,4420,4360,4420,168212,0.009132420091324311
2021-06-18,4390,4425,4365,4375,200692,-0.010180995475113086
2021-06-21,4370,4370,4225,4250,434115,-0.02857142857142858
2021-06-22,4255,4315,4250,4275,180095,0.00588235294117645
2021-06-23,4275,4305,4215,4215,232887,-0.01403508771929829
2021-06-24,4220,4270,4205,4230,150997,0.003558718861210064
2021-06-25,4230,4265,4215,4225,139390,-0.0011820330969266601
2021-06-28,4250,4265,4210,4265,108414,0.00946745562130169
2021-06-29,4265,4285,4220,4270,117969,0.0011723329425556983
2021-06-30,4270,4275,4225,4245,155140,-0.005854800936768156
2021-07-01,4245,4255,4200,4200,192843,-0.010600706713780883
2021-07-02,4195,4230,4185,4200,172763,0.0
2021-07-05,4200,4220,4185,4190,122647,-0.0023809523809523725
2021-07-06,4190,4220,4180,4205,75105,0.0035799522673030104
2021-07-07,4215,4215,4145,4160,106878,-0.010701545778834753
2021-07-08,4160,4195,4045,4070,169502,-0.02163461538461542
2021-07-09,4030,4060,3900,3960,313418,-0.027027027027026973
2021-07-12,4040,4090,3995,4085,150744,0.031565656565656575
2021-07-13,4095,4110,4075,4080,83937,-0.001223990208078285
2021-07-14,4055,4110,4050,4085,80913,0.001225490196078427
2021-07-15,4105,4110,4070,4085,84922,0.0
2021-07-16,4085,4290,4075,4135,410816,0.012239902080783294
2021-07-19,4145,4155,4070,4075,84747,-0.0145102781136639
2021-07-20,4015,4070,4015,4035,93816,-0.009815950920245453
2021-07-21,4045,4055,4015,4035,78328,0.0
2021-07-22,4025,4075,4020,4040,48057,0.0012391573729864103
2021-07-23,4040,4065,4030,4045,50882,0.0012376237623761277
2021-07-26,4050,4050,4010,4020,90183,-0.006180469715698411
2021-07-27,4035,4035,4000,4030,61214,0.0024875621890547706
2021-07-28,4050,4110,4020,4070,140376,0.00992555831265518
2021-07-29,4110,4130,4055,4080,98995,0.002457002457002533
2021-07-30,4060,4090,4045,4070,62156,-0.002450980392156854
2021-08-02,4090,4095,4020,4030,88335,-0.009828009828009798
2021-08-03,4065,4065,4015,4040,63161,0.002481389578163684
2021-08-04,4040,4075,4030,4075,79058,0.00866336633663356
2021-08-05,4090,4135,4070,4095,156984,0.004907975460122671
2021-08-06,4105,4200,4100,4200,213322,0.02564102564102555
2021-08-09,4215,4310,4200,4295,451975,0.02261904761904754
2021-08-10,4340,4375,4260,4310,505140,0.0034924330616996624
2021-08-11,4310,4380,4310,4340,536447,0.006960556844547661
2021-08-12,4380,4400,4345,4365,347228,0.005760368663594528
2021-08-13,4390,4390,4240,4275,379627,-0.020618556701030966
2021-08-17,4275,4320,4180,4180,401708,-0.022222222222222254
2021-08-18,4180,4340,4145,4285,357220,0.02511961722488043
2021-08-19,4320,4330,4230,4240,363148,-0.010501750291715295
2021-08-20,4190,4250,4035,4035,415408,-0.04834905660377353
2021-08-23,4055,4320,4045,4270,486484,0.058240396530359284
2021-08-24,4350,4355,4235,4285,252738,0.003512880562060783
2021-08-25,4260,4350,4260,4315,307360,0.007001166861143604
2021-08-26,4315,4350,4265,4300,243775,-0.0034762456546929554
2021-08-27,4295,4465,4220,4395,875397,0.02209302325581386
2021-08-30,4425,4470,4410,4430,695485,0.007963594994311762
2021-08-31,4460,4485,4385,4470,450187,0.009029345372460584
2021-09-01,4470,4600,4425,4560,990322,0.020134228187919545
2021-09-02,4575,4595,4520,4595,588794,0.007675438596491224
2021-09-03,4620,4640,4560,4585,553662,-0.0021762785636560977
2021-09-06,4630,4635,4500,4570,418207,-0.0032715376226826187
2021-09-07,4590,4590,4430,4505,587904,-0.01422319474835887
2021-09-08,4510,4650,4445,4470,671176,-0.007769145394006638
2021-09-09,4450,4590,4420,4505,519412,0.007829977628635243
2021-09-10,4500,4550,4375,4465,393593,-0.008879023307436174
2021-09-13,4465,4465,4300,4320,362126,-0.03247480403135494
2021-09-14,4295,4365,4295,4330,143826,0.0023148148148148806
2021-09-15,4350,4350,4230,4330,215113,0.0
2021-09-16,4320,4325,4235,4240,230150,-0.020785219399538146
2021-09-17,4225,4260,4140,4260,197175,0.004716981132075526
2021-09-23,4260,4320,4170,4290,233764,0.007042253521126751
2021-09-24,4295,4330,4260,4260,181862,-0.006993006993006978
2021-09-27,4290,4295,4245,4275,159629,0.0035211267605634866
2021-09-28,4250,4275,4145,4145,249569,-0.03040935672514622
2021-09-29,4025,4145,4020,4095,204654,-0.012062726176115812
2021-09-30,4075,4150,4075,4115,117900,0.004884004884004867
2021-10-01,4115,4150,3975,4000,268250,-0.027946537059538312
2021-10-05,3995,4010,3800,3920,294139,-0.020000000000000018
2021-10-06,3900,4045,3850,3900,349116,-0.005102040816326481
2021-10-07,3900,4015,3900,3990,283146,0.023076923076922995
2021-10-08,4025,4045,3965,4000,136237,0.0025062656641603454
2021-10-12,3970,4000,3890,3950,194185,-0.012499999999999956
2021-10-13,3935,4060,3935,4010,109715,0.0151898734177216
2021-10-14,4070,4095,4025,4055,127036,0.01122194513715713
2021-10-15,4080,4180,4030,4180,279303,0.03082614056720101
2021-10-18,4245,4825,4140,4415,10111912,0.05622009569377995
2021-10-19,4475,4760,4345,4650,7605604,0.053227633069082625
2021-10-20,4555,4615,4385,4385,1419395,-0.05698924731182797
2021-10-21,4390,4490,4255,4325,1306974,-0.013683010262257711
2021-10-22,4315,4375,4260,4370,466514,0.010404624277456698
2021-10-25,4375,4470,4270,4395,485725,0.005720823798627039
2021-10-26,4415,4415,4325,4340,248391,-0.012514220705347023
2021-10-27,4325,4380,4255,4285,294895,-0.012672811059907807
2021-10-28,4285,4330,4235,4255,339970,-0.007001166861143493
2021-10-29,4260,4275,4195,4210,257209,-0.010575793184488869
2021-11-01,4215,4260,4175,4205,192784,-0.001187648456057011
2021-11-02,4200,4270,4170,4210,180898,0.0011890606420927874
2021-11-03,4210,4230,4120,4120,300626,-0.02137767220902609
2021-11-04,4145,4165,4040,4055,227247,-0.015776699029126262
2021-11-05,4060,4110,4030,4070,163956,0.0036991368680641123
2021-11-08,4030,4105,4000,4100,185268,0.0073710073710073765
2021-11-09,4100,4195,4055,4100,226918,0.0
2021-11-10,4100,4110,3985,4025,219330,-0.018292682926829285
2021-11-11,4010,4020,3955,3960,203509,-0.016149068322981353
2021-11-12,3960,4190,3945,4140,676569,0.045454545454545414
2021-11-15,4180,4180,4080,4090,194956,-0.012077294685990392
2021-11-16,4090,4090,3970,3995,229277,-0.023227383863080653
2021-11-17,4010,4030,3945,3970,143883,-0.006257822277847325
2021-11-18,3940,3975,3910,3955,159782,-0.0037783375314861534
2021-11-19,3915,4120,3915,4010,295229,0.013906447534766109
2021-11-22,4010,4025,3955,4000,121259,-0.0024937655860348684
2021-11-23,4030,4070,3975,3995,137023,-0.0012499999999999734
2021-11-24,4090,4090,3960,4010,138487,0.003754693366708306
2021-11-25,4030,4030,3970,3975,127086,-0.00872817955112215
2021-11-26,3975,4000,3905,3905,191021,-0.017610062893081757
2021-11-29,3805,3870,3730,3780,187647,-0.03201024327784896
2021-11-30,3810,3895,3580,3610,231682,-0.044973544973545
2021-12-01,3615,3660,3530,3615,239714,0.0013850415512466352
2021-12-02,3550,3695,3550,3695,126050,0.022130013831258566
2021-12-03,3745,3745,3645,3700,141477,0.0013531799729364913
2021-12-06,3700,3750,3630,3730,80844,0.008108108108108025
2021-12-07,3720,3820,3710,3815,171335,0.02278820375335111
2021-12-08,3820,3850,3755,3780,150739,-0.00917431192660545
2021-12-09,3915,3915,3780,3800,99510,0.005291005291005346
2021-12-10,3795,3800,3770,3780,33092,-0.0052631578947368585
2021-12-13,3790,3860,3745,3800,93860,0.005291005291005346
2021-12-14,3795,3800,3735,3750,79232,-0.013157894736842146
2021-12-15,3750,3795,3700,3700,94123,-0.013333333333333308
2021-12-16,3715,3725,3685,3700,44045,0.0
2021-12-17,3685,3705,3670,3695,43196,-0.0013513513513513375
2021-12-20,3670,3730,3650,3655,58187,-0.010825439783491153
2021-12-21,3645,3675,3605,3640,80575,-0.004103967168262668
2021-12-22,3635,3940,3635,3755,610094,0.0315934065934067
2021-12-23,3775,3800,3715,3735,107895,-0.005326231691078598
2021-12-24,3735,3775,3735,3760,114293,0.006693440428380271
2021-12-27,3760,3765,3730,3745,80299,-0.003989361702127714
2021-12-28,3735,3755,3710,3715,94020,-0.008010680907877155
2021-12-29,3790,3790,3690,3710,60189,-0.0013458950201884479
2021-12-30,3705,3740,3675,3730,62723,0.005390835579514919
2022-01-03,3710,3740,3695,3725,58265,-0.0013404825737265424
2022-01-04,3720,3745,3710,3735,61477,0.0026845637583892135
2022-01-05,3730,3865,3705,3720,266222,-0.004016064257028162
2022-01-06,3690,3720,3665,3670,111794,-0.013440860215053752
2022-01-07,3665,3725,3665,3700,50039,0.008174386920980936
2022-01-10,3685,3710,3630,3660,88515,-0.010810810810810811
2022-01-11,3650,3670,3595,3615,79347,-0.012295081967213073
2022-01-12,3605,3660,3600,3635,35572,0.0055325034578146415
2022-01-13,3620,3710,3620,3695,77645,0.016506189821182904
2022-01-14,3695,3695,3630,3690,87322,-0.0013531799729363803
2022-01-17,3685,3780,3650,3725,196175,0.009485094850948617
2022-01-18,3700,3750,3640,3640,122368,-0.02281879194630876
2022-01-19,3570,3650,3570,3600,79611,-0.01098901098901095
2022-01-20,3580,3645,3575,3635,65646,0.009722222222222188
2022-01-21,3625,3625,3560,3580,65881,-0.015130674002751032
2022-01-24,3540,3600,3445,3485,99747,-0.026536312849162025
2022-01-25,3465,3790,3250,3280,823738,-0.05882352941176472
2022-01-26,3260,3335,3080,3235,184780,-0.013719512195121908
2022-01-27,3230,3265,3035,3070,161281,-0.051004636785162316
2022-01-28,3065,3165,3010,3140,110549,0.0228013029315961
2022-02-03,3190,3265,3190,3250,52683,0.035031847133758065
2022-02-04,3210,3280,3210,3270,61787,0.006153846153846176
2022-02-07,3270,3290,3210,3280,54896,0.003058103975535076
2022-02-08,3280,3310,3220,3270,44878,-0.0030487804878048808
2022-02-09,3250,3570,3250,3335,481418,0.01987767584097866
2022-02-10,3330,3390,3280,3300,71668,-0.010494752623688153
2022-02-11,3285,3285,3210,3210,48240,-0.027272727272727226
2022-02-14,3140,3195,3080,3175,57401,-0.010903426791277204
2022-02-15,3150,3170,3070,3100,103940,-0.023622047244094446
2022-02-16,3115,3165,3115,3150,38499,0.016129032258064502
2022-02-17,3175,3195,3095,3135,77785,-0.004761904761904745
2022-02-18,3110,3150,3085,3140,44086,0.0015948963317384823
2022-02-21,3140,3155,3095,3145,33616,0.0015923566878981443
2022-02-22,3110,3200,3090,3105,63191,-0.012718600953895098
2022-02-23,3105,3135,3100,3125,43592,0.006441223832528209
2022-02-24,3120,3120,3015,3030,71847,-0.030399999999999983
2022-02-25,3050,3085,3035,3055,40540,0.008250825082508184
2022-02-28,3050,3100,3050,3075,37621,0.00654664484451728
2022-03-02,3055,3090,3055,3065,68526,-0.003252032520325243
2022-03-03,3075,3130,3075,3105,52622,0.013050570962479524
2022-03-04,3100,3120,3070,3075,43879,-0.009661835748792313
2022-03-07,3035,3085,3030,3085,79963,0.003252032520325132
2022-03-08,3050,3085,3025,3075,51963,-0.0032414910858995505
2022-03-10,3085,3120,3055,3110,26668,0.011382113821138296
2022-03-11,3095,3135,3095,3130,33551,0.006430868167202508
2022-03-14,3100,3135,3065,3065,36552,-0.02076677316293929
2022-03-15,3020,3055,3015,3050,57071,-0.004893964110929905
2022-03-16,3065,3085,3020,3070,36533,0.006557377049180246
2022-03-17,3085,3150,3055,3110,59631,0.013029315960912058
2022-03-18,3120,3240,3110,3200,97209,0.02893890675241151
2022-03-21,3200,3250,3190,3210,46705,0.0031250000000000444
2022-03-22,3230,3230,3150,3150,95689,-0.01869158878504673
2022-03-23,3170,3195,3135,3180,95746,0.00952380952380949
2022-03-24,3205,3205,3165,3195,45333,0.004716981132075526
2022-03-25,3195,3210,3155,3175,40634,-0.006259780907668211
2022-03-28,3175,3180,3145,3160,26961,-0.0047244094488189115
2022-03-29,3160,3200,3155,3190,29078,0.009493670886076
2022-03-30,3190,3275,3190,3215,85766,0.00783699059561127
2022-03-31,3210,3235,3200,3205,34090,-0.0031104199066873672
2022-04-01,3225,3245,3195,3230,59974,0.007800312012480548
2022-04-04,3250,3340,3250,3310,124482,0.024767801857585203
2022-04-05,3315,3390,3315,3360,80441,0.015105740181268867
2022-04-06,3360,3360,3260,3335,103091,-0.007440476190476164
2022-04-07,3340,3340,3255,3285,74094,-0.014992503748125885
2022-04-08,3270,3310,3245,3280,37493,-0.0015220700152207556
2022-04-11,3250,3310,3205,3280,49901,0.0
2022-04-12,3225,3310,3225,3285,39592,0.0015243902439023849
2022-04-13,3285,3345,3270,3330,60661,0.013698630136986356
2022-04-14,3335,3380,3300,3300,43043,-0.009009009009009028
2022-04-15,3325,3375,3300,3375,66450,0.022727272727272707
2022-04-18,3385,3525,3385,3455,266151,0.023703703703703782
2022-04-19,3460,3525,3445,3490,122421,0.01013024602026058
2022-04-20,3490,3490,3400,3420,140175,-0.02005730659025784
2022-04-21,3420,3450,3395,3435,54523,0.004385964912280604
2022-04-22,3435,3450,3400,3415,47217,-0.005822416302765698
2022-04-25,3370,3385,3285,3340,90316,-0.02196193265007318
2022-04-26,3300,3395,3300,3380,96201,0.011976047904191711
2022-04-27,3375,3375,3310,3365,31812,-0.004437869822485174
2022-04-28,3400,3450,3360,3445,79807,0.023774145616641817
2022-04-29,3475,3485,3440,3460,53157,0.004354136429608024
2022-05-02,3425,3425,3385,3410,47910,-0.014450867052023142
2022-05-03,3410,3450,3395,3410,47770,0.0
2022-05-04,3450,3650,3395,3455,774476,0.01319648093841641
2022-05-06,3405,3470,3405,3465,129969,0.0028943560057888007
2022-05-09,3450,3480,3370,3415,122061,-0.01443001443001446
2022-05-10,3280,3435,3280,3420,117193,0.0014641288433381305
2022-05-11,3380,3450,3370,3390,53352,-0.00877192982456143
2022-05-12,3340,3435,3295,3310,66129,-0.02359882005899705
2022-05-13,3340,3410,3315,3400,59739,0.027190332326284095
2022-05-16,3410,3480,3405,3455,111576,0.016176470588235237
2022-05-17,3455,3455,3400,3430,55171,-0.00723589001447178
2022-05-18,3475,3475,3430,3440,74525,0.00291545189504383
2022-05-19,3395,3415,3310,3380,55359,-0.01744186046511631
2022-05-20,3355,3440,3350,3435,48596,0.016272189349112454
2022-05-23,3435,3480,3235,3435,131794,0.0
2022-05-24,3440,3450,3350,3350,96455,-0.024745269286754024
2022-05-25,3340,3385,3250,3320,83304,-0.008955223880596996
2022-05-26,3320,3350,3225,3245,101577,-0.02259036144578308
2022-05-27,3270,3270,3230,3255,72780,0.0030816640986133237
2022-05-30,3255,3460,3255,3440,165423,0.056835637480798784
2022-05-31,3460,3505,3420,3480,227343,0.011627906976744207
2022-06-02,3500,3500,3425,3460,82674,-0.005747126436781658
2022-06-03,3450,3535,3435,3465,198086,0.0014450867052022698
2022-06-07,3475,3480,3395,3400,64762,-0.018759018759018753
2022-06-08,3380,3415,3350,3370,65767,-0.008823529411764675
2022-06-09,3370,3410,3300,3370,77675,0.0
2022-06-10,3370,3410,3340,3350,94038,-0.005934718100890191
2022-06-13,3315,3335,3180,3185,108209,-0.04925373134328359
2022-06-14,3105,3185,3080,3165,118143,-0.006279434850863463
2022-06-15,3090,3155,3030,3050,142059,-0.0363349131121643
2022-06-16,3050,3130,3040,3040,101549,-0.003278688524590123
2022-06-17,3000,3040,2955,3015,74637,-0.008223684210526327
2022-06-20,3015,3045,2840,2865,120942,-0.04975124378109452
2022-06-21,2900,2990,2840,2945,69411,0.027923211169284423
2022-06-22,3000,3000,2825,2850,43478,-0.032258064516129004
2022-06-23,2805,2835,2610,2640,139793,-0.0736842105263158
2022-06-24,2625,2740,2625,2735,81142,0.0359848484848484
2022-06-27,2735,2900,2735,2845,58213,0.040219378427788
2022-06-28,2910,2910,2820,2880,26610,0.012302284710017597
2022-06-29,2805,2895,2805,2880,24947,0.0
2022-06-30,2860,2875,2820,2840,26531,-0.01388888888888884
2022-07-01,2840,2860,2735,2765,69049,-0.026408450704225372
2022-07-04,2770,2840,2675,2735,45391,-0.010849909584086825
2022-07-05,2780,2800,2755,2755,38371,0.007312614259597838
2022-07-06,2755,2785,2715,2740,29400,-0.005444646098003658
2022-07-07,2750,2820,2740,2820,34135,0.029197080291970767
2022-07-08,2865,2880,2815,2825,24107,0.0017730496453900457
2022-07-11,2810,2965,2810,2935,85931,0.038938053097345104
2022-07-12,2900,3015,2890,3000,65312,0.022146507666098714
2022-07-13,3000,3175,3000,3160,196675,0.05333333333333323
2022-07-14,3185,3200,3115,3125,98743,-0.011075949367088556
2022-07-15,3125,3135,3045,3050,31697,-0.02400000000000002
2022-07-18,3050,3080,3040,3055,26359,0.0016393442622950616
2022-07-19,3025,3090,3000,3070,45370,0.004909983633387904
2022-07-20,3090,3115,3055,3075,38455,0.0016286644951140072
2022-07-21,3050,3165,3050,3155,61745,0.026016260162601723
2022-07-22,3125,3170,3105,3150,30641,-0.0015847860538826808
2022-07-25,3150,3170,3115,3160,29220,0.0031746031746031633
2022-07-26,3125,3170,3120,3160,29515,0.0
2022-07-27,3160,3235,3120,3230,98350,0.02215189873417711
2022-07-28,3240,3250,3165,3165,48537,-0.020123839009287936
2022-07-29,3150,3210,3150,3160,15711,-0.0015797788309637184
2022-08-01,3160,3190,3160,3180,17184,0.006329113924050667
2022-08-02,3180,3180,3130,3135,15926,-0.014150943396226467
2022-08-03,3140,3190,3130,3160,16961,0.00797448165869219
2022-08-04,3160,3190,3160,3185,22968,0.007911392405063333
2022-08-05,3185,3185,3130,3155,41030,-0.009419152276295084
2022-08-08,3160,3160,3145,3160,20414,0.0015847860538826808
2022-08-09,3200,3200,3140,3145,16913,-0.004746835443038
2022-08-10,3105,3745,3055,3175,4062465,0.009538950715421324
2022-08-11,3180,3235,3150,3225,283786,0.015748031496062964
2022-08-12,3250,3250,3180,3235,97777,0.0031007751937983663
2022-08-16,3225,3245,3210,3230,110592,-0.0015455950540957941
2022-08-17,3225,3240,3185,3185,68063,-0.01393188854489169
2022-08-18,3175,3185,3135,3170,52454,-0.004709576138147598
2022-08-19,3170,3210,3150,3175,57405,0.001577287066246047
2022-08-22,3175,3200,3110,3160,56725,-0.0047244094488189115
2022-08-23,3190,3190,3125,3145,68761,-0.004746835443038
2022-08-24,3155,3345,3155,3185,283581,0.012718600953895098
2022-08-25,3175,3445,3175,3250,562173,0.020408163265306145
2022-08-26,3255,3350,3250,3280,195153,0.009230769230769154
2022-08-29,3200,3200,2960,3170,103385,-0.03353658536585369
2022-08-30,3125,3330,3125,3275,121929,0.03312302839116721
2022-08-31,3220,3280,3220,3265,31862,-0.003053435114503844
2022-09-01,3265,3265,3005,3160,73967,-0.03215926493108734
2022-09-02,3150,3190,3140,3170,78664,0.0031645569620253333
2022-09-05,3180,3180,3100,3120,56344,-0.01577287066246058
2022-09-06,3105,3250,3105,3175,59786,0.017628205128205066
2022-09-07,3175,3320,3135,3160,42196,-0.0047244094488189115
2022-09-08,3190,3205,3135,3170,31888,0.0031645569620253333
2022-09-13,3210,3240,3170,3220,43487,0.01577287066246047
2022-09-14,3140,3255,3110,3245,36138,0.007763975155279601
2022-09-15,3245,3270,3190,3215,24798,-0.009244992295839749
2022-09-16,3215,3215,3135,3160,25760,-0.017107309486780742
2022-09-19,3130,3160,3065,3065,39007,-0.030063291139240556
2022-09-20,3030,3110,3030,3110,28585,0.014681892332789603
2022-09-21,3045,3100,3045,3080,15061,-0.009646302250803873
2022-09-22,3075,3080,2990,3075,48371,-0.0016233766233766378
2022-09-23,3035,3065,2985,3000,44449,-0.024390243902439046
2022-09-26,3000,3000,2805,2830,86477,-0.05666666666666664
2022-09-27,2810,2860,2700,2740,101672,-0.03180212014134276
2022-09-28,2740,2790,2635,2635,105441,-0.038321167883211715
2022-09-29,2650,2720,2650,2670,25423,0.013282732447817747
2022-09-30,2625,2860,2625,2690,40785,0.0074906367041198685
2022-10-04,2735,2750,2700,2735,48808,0.016728624535315983
2022-10-05,2740,2780,2645,2665,59928,-0.025594149908592323
2022-10-06,2665,2765,2665,2765,38773,0.03752345215759845
2022-10-07,2735,2760,2700,2740,39742,-0.009041591320072317
2022-10-11,2695,2695,2615,2635,46112,-0.038321167883211715
2022-10-12,2595,2610,2520,2560,97257,-0.028462998102466774
2022-10-13,2560,2560,2470,2475,47785,-0.033203125
2022-10-14,2500,2545,2490,2540,24501,0.02626262626262621
2022-10-17,2515,2585,2450,2575,24642,0.013779527559055094
2022-10-18,2595,2640,2595,2635,29762,0.023300970873786353
2022-10-19,2645,3125,2630,2655,670981,0.007590132827324458
2022-10-20,2655,2710,2590,2590,158470,-0.024482109227871973
2022-10-21,2590,2620,2565,2595,16605,0.0019305019305020377
2022-10-24,2600,2650,2585,2600,52645,0.0019267822736031004
2022-10-25,2575,2620,2530,2580,46693,-0.007692307692307665
2022-10-26,2580,2590,2495,2515,49892,-0.025193798449612448
2022-10-27,2490,2570,2490,2540,50946,0.00994035785288272
2022-10-28,2525,2570,2520,2550,31060,0.003937007874015741
2022-10-31,2555,2590,2540,2550,26650,0.0
2022-11-01,2575,2605,2525,2600,26116,0.019607843137254832
2022-11-02,2580,2625,2555,2560,63484,-0.01538461538461533
2022-11-03,2485,2550,2485,2540,52724,-0.0078125
2022-11-04,2635,2735,2500,2545,285141,0.0019685039370078705
2022-11-07,2550,2630,2520,2580,105592,0.013752455795677854
2022-11-08,2585,2960,2585,2720,1178738,0.054263565891472965
2022-11-09,2790,3200,2735,2945,2940889,0.08272058823529416
2022-11-10,2955,3690,2955,3440,13933060,0.16808149405772488
2022-11-11,3900,4285,3655,3740,8626707,0.08720930232558133
2022-11-14,3805,3825,3650,3695,1165860,-0.012032085561497374
2022-11-15,3700,4350,3595,3620,11772098,-0.020297699594046037
2022-11-16,3610,3730,3580,3615,1033118,-0.0013812154696132284
2022-11-17,3575,3840,3460,3585,1641091,-0.008298755186721962
2022-11-18,3530,3780,3530,3630,1805457,0.012552301255230214
2022-11-21,3920,4055,3505,3505,3029890,-0.03443526170798894
2022-11-22,3430,3450,3230,3450,699993,-0.015691868758915817
2022-11-23,3380,3470,3380,3415,441082,-0.010144927536231862
2022-11-24,3420,3910,3400,3605,5214460,0.05563689604685207
2022-11-25,3595,3645,3550,3600,583279,-0.001386962552011095
2022-11-28,3615,3720,3485,3500,842042,-0.02777777777777779
2022-11-29,3455,3455,3360,3415,318138,-0.024285714285714244
2022-11-30,3400,3560,3380,3515,403467,0.029282576866764165
2022-12-01,3520,3575,3500,3535,223146,0.005689900426742556
2022-12-02,3530,3535,3460,3485,199697,-0.014144271570014189
2022-12-05,3500,3505,3405,3410,202099,-0.021520803443328518
2022-12-06,3375,3440,3320,3360,167455,-0.014662756598240456
2022-12-07,3350,3380,3290,3360,108150,0.0
2022-12-08,3340,3355,3260,3260,248014,-0.029761904761904767
2022-12-09,3235,3345,3235,3325,238191,0.019938650306748462
2022-12-12,3300,3345,3250,3310,140823,-0.004511278195488688
2022-12-13,3300,3365,3300,3345,107187,0.010574018126888296
2022-12-14,3340,3375,3340,3345,88537,0.0
2022-12-15,3350,3510,3335,3475,264823,0.038863976083707064
2022-12-16,3405,3535,3380,3520,255800,0.012949640287769792
2022-12-19,3480,3600,3460,3560,293082,0.011363636363636465
2022-12-20,3565,3630,3540,3580,282306,0.00561797752808979
2022-12-21,3580,3655,3505,3610,298652,0.008379888268156499
2022-12-22,3645,3700,3620,3680,311597,0.01939058171745156
2022-12-23,3665,3760,3620,3750,368822,0.01902173913043481
2022-12-26,3710,3850,3705,3800,476309,0.01333333333333342
2022-12-27,3790,3885,3700,3710,549242,-0.023684210526315752
2022-12-28,3765,3765,3510,3600,175809,-0.029649595687331498
2022-12-29,3600,3600,3250,3390,152111,-0.05833333333333335
2023-01-02,3395,3435,3225,3280,196505,-0.03244837758112096
2023-01-03,3215,3255,3115,3175,163069,-0.03201219512195119
2023-01-04,3095,3200,3090,3165,141162,-0.0031496062992125706
2023-01-05,3165,3200,3055,3075,153637,-0.028436018957345932
2023-01-06,3070,3165,3070,3115,83480,0.01300813008130075
2023-01-09,3125,3215,3125,3200,77564,0.02728731942215079
2023-01-10,3205,3215,3145,3185,93500,-0.004687499999999956
2023-01-11,3200,3215,3180,3195,57262,0.0031397174254317317
2023-01-12,3220,3270,3195,3260,100721,0.020344287949921824
2023-01-13,3340,3340,3230,3235,64459,-0.0076687116564416735
2023-01-16,3290,3290,3195,3230,58024,-0.0015455950540957941
2023-01-17,3230,3230,3120,3145,114452,-0.02631578947368418
2023-01-18,3130,3170,3115,3165,45072,0.006359300476947549
2023-01-19,3150,3165,3115,3155,45602,-0.003159557661927326
2023-01-20,3170,3175,3125,3150,59182,-0.0015847860538826808
2023-01-25,3160,3205,3150,3200,48089,0.015873015873015817
2023-01-26,3225,3245,3175,3240,70477,0.012499999999999956
2023-01-27,3265,3265,3200,3230,76551,-0.0030864197530864335
2023-01-30,3195,3260,3190,3210,59839,-0.006191950464396245
2023-01-31,3210,3225,3185,3220,36281,0.0031152647975076775
2023-02-01,3220,3275,3185,3230,99618,0.0031055900621117516
2023-02-02,3235,3260,3195,3245,86454,0.004643962848297267
2023-02-03,3255,3265,3200,3250,95865,0.0015408320493066618
2023-02-06,3240,3250,3195,3240,118563,-0.003076923076923088
2023-02-07,3230,3260,3225,3260,71833,0.006172839506172867
2023-02-08,3385,3570,3305,3550,769424,0.08895705521472386
2023-02-09,3520,3550,3435,3450,216500,-0.028169014084507005
2023-02-10,3415,3425,3320,3385,146741,-0.018840579710144967
2023-02-13,3340,3370,3290,3340,93127,-0.013293943870014813
2023-02-14,3330,3380,3315,3365,44339,0.007485029940119681
2023-02-15,3375,3375,3260,3270,86222,-0.02823179791976227
2023-02-16,3245,3340,3245,3250,85260,-0.006116207951070374
2023-02-17,3245,3525,3245,3385,610998,0.041538461538461524
2023-02-20,3375,3460,3360,3440,123300,0.01624815361890697
2023-02-21,3425,3470,3420,3440,53134,0.0
2023-02-22,3365,3395,3355,3385,47122,-0.015988372093023284
2023-02-23,3380,3445,3360,3410,69083,0.007385524372230501
2023-02-24,3475,3475,3335,3350,83279,-0.017595307917888547
2023-02-27,3300,3310,3285,3300,40869,-0.014925373134328401
2023-02-28,3300,3350,3250,3340,58365,0.0121212121212122
2023-03-02,3340,3670,3315,3430,728756,0.026946107784431073
2023-03-03,3435,3515,3435,3460,241887,0.008746355685131268
2023-03-06,3460,3540,3455,3480,246645,0.005780346820809301
2023-03-07,3465,3525,3410,3515,129749,0.010057471264367734
2023-03-08,3505,3510,3430,3440,83895,-0.02133712660028453
2023-03-09,3440,3565,3435,3540,175258,0.029069767441860517
2023-03-10,3460,3565,3450,3450,109337,-0.025423728813559365
2023-03-13,3400,3440,3180,3380,108766,-0.020289855072463725
2023-03-14,3350,3375,3240,3260,132391,-0.035502958579881616
2023-03-15,3260,3390,3260,3370,82691,0.033742331288343586
2023-03-16,3370,3400,3270,3365,65479,-0.0014836795252225476
2023-03-17,3400,3430,3360,3380,67606,0.004457652303120341
2023-03-20,3350,3400,3315,3320,59380,-0.017751479289940808
2023-03-21,3320,3350,3255,3270,72453,-0.015060240963855387
2023-03-22,3275,3310,3235,3260,74880,-0.003058103975535187
2023-03-23,3220,3280,3210,3260,83657,0.0
