Date,Open,High,Low,Close,Volume,Change
2015-01-02,39846,40677,39149,40681,152662,0.006880677177437233
2015-01-05,40672,40810,39006,39848,167133,-0.020476389469285428
2015-01-06,39075,41854,38590,41861,269951,0.050516964464966785
2015-01-07,47198,48102,39147,39570,2381127,-0.054728745132701095
2015-01-08,40334,41026,38667,38668,380950,-0.022795046752590364
2015-01-09,39011,39011,36929,37488,436159,-0.03051618909692766
2015-01-12,38041,38180,37206,37349,198249,-0.0037078531796841396
2015-01-13,37764,39569,36929,37488,383333,0.0037216525208172424
2015-01-14,37903,37903,35471,35544,434839,-0.05185659411011523
2015-01-15,35125,36029,33735,35752,332962,0.005851901868107134
2015-01-16,35750,37001,34638,34988,283757,-0.021369433877824973
2015-01-19,0,0,0,34988,0,0.0
2015-01-20,0,0,0,34988,0,0.0
2015-01-21,0,0,0,34988,0,0.0
2015-01-22,0,0,0,34988,0,0.0
2015-01-23,0,0,0,34988,0,0.0
2015-01-26,0,0,0,34988,0,0.0
2015-01-27,0,0,0,34988,0,0.0
2015-01-28,0,0,0,34988,0,0.0
2015-01-29,0,0,0,34988,0,0.0
2015-01-30,0,0,0,34988,0,0.0
2015-02-02,0,0,0,34988,0,0.0
2015-02-03,0,0,0,34988,0,0.0
2015-02-04,0,0,0,34988,0,0.0
2015-02-05,0,0,0,34988,0,0.0
2015-02-06,0,0,0,34988,0,0.0
2015-02-09,0,0,0,34988,0,0.0
2015-02-10,0,0,0,34988,0,0.0
2015-02-11,0,0,0,34988,0,0.0
2015-02-12,0,0,0,34988,0,0.0
2015-02-13,0,0,0,34988,0,0.0
2015-02-16,0,0,0,34988,0,0.0
2015-02-17,0,0,0,34988,0,0.0
2015-02-23,0,0,0,34988,0,0.0
2015-02-24,0,0,0,34988,0,0.0
2015-02-25,0,0,0,34988,0,0.0
2015-02-26,0,0,0,34988,0,0.0
2015-02-27,0,0,0,34988,0,0.0
2015-03-02,0,0,0,34988,0,0.0
2015-03-03,0,0,0,34988,0,0.0
2015-03-04,0,0,0,34988,0,0.0
2015-03-05,0,0,0,34988,0,0.0
2015-03-06,0,0,0,34988,0,0.0
2015-03-09,0,0,0,34988,0,0.0
2015-03-10,0,0,0,34988,0,0.0
2015-03-11,0,0,0,34988,0,0.0
2015-03-12,0,0,0,34988,0,0.0
2015-03-13,0,0,0,34988,0,0.0
2015-03-16,0,0,0,34988,0,0.0
2015-03-17,0,0,0,34988,0,0.0
2015-03-18,0,0,0,34988,0,0.0
2015-03-19,0,0,0,34988,0,0.0
2015-03-20,0,0,0,34988,0,0.0
2015-03-23,0,0,0,34988,0,0.0
2015-03-24,0,0,0,34988,0,0.0
2015-03-25,0,0,0,34988,0,0.0
2015-03-26,0,0,0,34988,0,0.0
2015-03-27,0,0,0,34988,0,0.0
2015-03-30,0,0,0,34988,0,0.0
2015-03-31,0,0,0,34988,0,0.0
2015-04-01,0,0,0,34988,0,0.0
2015-04-02,0,0,0,34988,0,0.0
2015-04-03,0,0,0,34988,0,0.0
2015-04-06,0,0,0,34988,0,0.0
2015-04-07,0,0,0,34988,0,0.0
2015-04-08,0,0,0,34988,0,0.0
2015-04-09,0,0,0,34988,0,0.0
2015-04-10,0,0,0,34988,0,0.0
2015-04-13,0,0,0,34988,0,0.0
2015-04-14,0,0,0,34988,0,0.0
2015-04-15,0,0,0,34988,0,0.0
2015-04-16,0,0,0,34988,0,0.0
2015-04-17,0,0,0,34988,0,0.0
2015-04-20,34988,37586,29792,33256,2784819,-0.0495026866354179
2015-04-21,33602,33602,31628,31871,867552,-0.0416466201587683
2015-04-22,31693,31870,27090,27263,1185555,-0.14458284961250034
2015-04-23,27505,28926,23937,24527,1445248,-0.10035579356637203
2015-04-24,24284,26778,22344,24908,2615077,0.015533901414767293
2015-04-27,24907,26431,24214,25289,1913755,0.015296290348482344
2015-04-28,25461,25496,23556,23938,1101692,-0.05342243663252799
2015-04-29,24076,24076,22482,23279,989593,-0.027529451081961698
2015-04-30,22829,25704,22829,24596,1319898,0.0565745951286567
2015-05-04,25254,27956,24561,27263,1634186,0.10843226540900952
2015-05-06,27020,29480,26431,27471,1458896,0.007629387814987343
2015-05-07,27124,27332,25115,26120,893655,-0.049179134359870424
2015-05-08,25704,27124,25046,26397,635511,0.010604900459417976
2015-05-11,25981,26847,25669,25774,350642,-0.0236011667992575
2015-05-12,25773,26120,24838,25081,430434,-0.026887561108093427
2015-05-13,25150,25357,24249,24838,498496,-0.00968860890714085
2015-05-14,24422,25531,24249,24734,445354,-0.004187132619373535
2015-05-15,25254,26501,24769,25670,501999,0.03784264575078833
2015-05-18,24422,25254,24249,24908,334519,-0.029684456564082584
2015-05-19,24665,25808,24595,25462,279632,0.022241850008029473
2015-05-20,25496,26362,25254,25289,338556,-0.006794438771502653
2015-05-21,26016,26154,24526,24596,358551,-0.02740321879077856
2015-05-22,24838,24872,24145,24457,365916,-0.005651325418767228
2015-05-26,24665,25219,24318,24457,261185,0.0
2015-05-27,24526,25046,24387,24769,260874,0.01275708386147123
2015-05-28,25635,26050,24699,24873,511754,0.004198796883200684
2015-05-29,24665,24872,24249,24319,388086,-0.02227314758975596
2015-06-01,24249,24249,22967,23903,297426,-0.017105966528228933
2015-06-02,23452,24249,23036,23037,304801,-0.0362297619545664
2015-06-03,22655,24422,22413,23072,420874,0.0015192950470981348
2015-06-04,23279,24769,22863,24249,324726,0.051014216366158216
2015-06-05,23972,25080,23729,24249,222925,0.0
2015-06-08,26327,27886,26327,27887,1234129,0.15002680522908163
2015-06-09,30069,30346,27471,27748,1706947,-0.004984401333954835
2015-06-10,26882,31905,26189,31905,2067458,0.14981259910624178
2015-06-11,32632,36547,32217,36547,2053091,0.1454944366086821
2015-06-12,38799,41397,34815,36721,3073295,0.004760992694338828
2015-06-15,36027,41220,35681,40012,1625454,0.08962174232727871
2015-06-16,39665,39838,36027,38453,1047914,-0.03896331100669803
2015-06-17,37413,46073,35334,40704,1914865,0.05853899565703591
2015-06-18,41570,43129,40011,41051,656780,0.008524960691823846
2015-06-19,42436,46420,40011,40012,1338074,-0.025309980268446552
2015-06-22,42090,44341,40877,43303,818257,0.08225032490252926
2015-06-23,44165,45381,42779,43995,674098,0.015980417061173702
2015-06-24,44168,51963,43302,49711,1036718,0.12992385498352088
2015-06-25,51270,52306,49711,51097,915644,0.02788115306471406
2015-06-26,47459,51616,45554,51097,749725,0.0
2015-06-29,48672,62528,48672,57333,1434314,0.12204238996418582
2015-06-30,57332,65819,55773,62356,1054540,0.08761097448240984
2015-07-01,62875,67205,58198,63915,612526,0.025001603694913
2015-07-02,64087,65646,62528,64954,421930,0.016255964953453717
2015-07-03,64260,68244,60969,61663,588302,-0.05066662561197155
2015-07-06,58718,60103,44515,46940,1822460,-0.2387655482217862
2015-07-07,48845,51616,43822,49885,1368873,0.0627396676608436
2015-07-08,49538,50404,44688,47806,958310,-0.04167585446527011
2015-07-09,43648,49538,42263,48152,1004456,0.007237585240346345
2015-07-10,49884,50577,47113,49538,432742,0.0287838511380627
2015-07-13,49707,51093,48498,49538,402863,0.0
2015-07-14,49884,50577,45900,45901,788783,-0.0734183858855828
2015-07-15,46939,49538,41224,46420,1299352,0.011306943203851727
2015-07-16,46073,47286,43475,45727,492044,-0.01492890995260665
2015-07-17,45034,49018,44515,48499,684978,0.060620639884532146
2015-07-20,63048,63048,63048,63049,162320,0.3000061856945504
2015-07-21,67551,72748,53521,55427,2591326,-0.12089010134974387
2015-07-22,53002,53695,45381,47806,1464820,-0.1374961661284212
2015-07-23,47806,49711,45554,49711,660577,0.03984855457473957
2015-07-24,48672,51789,46939,49885,600194,0.003500231337128623
2015-07-27,48325,49018,47113,47806,346851,-0.04167585446527011
2015-07-28,45377,46247,44168,45554,412468,-0.04710705769150314
2015-07-29,45554,49018,43648,45727,565620,0.0037976906528516263
2015-07-30,45554,46073,42263,43303,347883,-0.05301025652240465
2015-07-31,42263,46243,40184,43995,685988,0.015980417061173702
2015-08-03,43995,50750,42956,47806,587814,0.08662347994090247
2015-08-04,46420,48498,45207,46940,314757,-0.0181148809772832
2015-08-05,46936,47113,44688,45381,318307,-0.033212611844908424
2015-08-06,43648,47113,43648,44342,312135,-0.02289504418148569
2015-08-07,43648,46766,43129,45901,331281,0.03515854043570421
2015-08-10,45381,47629,44688,46767,308083,0.018866691357486864
2015-08-11,47459,47632,44168,45035,287591,-0.03703466119272136
2015-08-12,44688,45034,40357,41224,434262,-0.08462307094482069
2015-08-13,44341,46936,43129,43995,679120,0.06721812536386573
2015-08-17,43129,55427,42609,48499,1819410,0.10237526991703594
2015-08-18,49191,49191,45727,46074,403668,-0.050001030949091696
2015-08-19,44688,44861,41397,42090,434448,-0.08646959239484309
2015-08-20,41224,43822,40700,42610,249431,0.012354478498455723
2015-08-21,38972,40531,34572,34642,647000,-0.18699835719314717
2015-08-24,32736,38452,32251,34988,407351,0.009987875988684225
2015-08-25,36720,39838,35854,38799,405221,0.10892305933462909
2015-08-26,38799,39838,37413,39319,245736,0.013402407278538142
2015-08-27,39491,40357,38625,40012,204836,0.01762506676161646
2015-08-28,40877,43991,40011,42090,297625,0.05193441967409784
2015-08-31,42433,43302,41570,41917,173805,-0.004110239961986228
2015-09-01,41913,42609,39838,40358,163774,-0.03719254717656317
2015-09-02,42782,49538,40877,44515,859615,0.10300312205758466
2015-09-03,45727,46247,43995,45208,344208,0.015567786139503603
2015-09-04,46247,50404,45207,47286,648519,0.045965315873296664
2015-09-07,48325,59064,47806,55427,1754713,0.17216512286934815
2015-09-08,58025,59584,46939,47286,1475719,-0.14687787540368413
2015-09-09,47459,50057,43991,46247,1450572,-0.02197267690225435
2015-09-10,60103,60103,60103,60104,314152,0.2996302462862457
2015-09-11,69284,78117,68591,78118,3862208,0.2997138293624384
2015-09-14,67028,72228,54734,54734,3887659,-0.29934202104508567
2015-09-15,52306,57505,47286,50404,5436826,-0.07910987685899074
2015-09-16,51270,53175,49018,51270,1638147,0.01718117609713521
2015-09-17,52136,53002,42263,43995,1947735,-0.14189584552369805
2015-09-18,44341,47113,40008,43995,1999095,0.0
2015-09-21,43995,46939,40877,41744,1330971,-0.05116490510285254
2015-09-22,40531,40877,36374,37933,1562457,-0.09129455730164815
2015-09-23,36720,39318,35681,35855,946585,-0.05478079772229982
2015-09-24,36720,39145,36027,37760,776216,0.05313066517919407
2015-09-25,37413,37933,36027,37413,373903,-0.009189618644067754
2015-09-30,38279,38625,36374,37413,349249,0.0
2015-10-01,37933,37933,36027,36894,433648,-0.013872183465640231
2015-10-02,37413,37586,34642,36201,523589,-0.01878354203935595
2015-10-05,36200,39318,35334,37067,554292,0.0239219911052182
2015-10-06,37066,37413,35854,36721,282531,-0.009334448431219111
2015-10-07,36547,36893,35161,36028,336557,-0.018872035075297555
2015-10-08,35681,36374,35161,35508,228312,-0.014433218607749487
2015-10-12,35681,37759,34815,36721,348119,0.034161315759828836
2015-10-13,36374,37586,35854,36374,209835,-0.009449633724571749
2015-10-14,36720,38279,36027,38279,344241,0.05237257381646221
2015-10-15,40011,40184,37586,38799,483347,0.013584471903654638
2015-10-16,39145,39145,37413,38106,259194,-0.01786128508466711
2015-10-19,37586,37933,36720,36894,273238,-0.031806014800818794
2015-10-20,36547,36893,35681,36374,290133,-0.014094432699083836
2015-10-21,35854,42956,35854,38279,1294705,0.05237257381646221
2015-10-22,38279,38625,36720,37413,451290,-0.02262337051647112
2015-10-23,37759,39665,37066,39145,451061,0.04629406890652987
2015-10-26,40184,40877,37759,38626,446795,-0.013258398262868787
2015-10-27,37586,38972,36547,37933,601643,-0.01794128307357734
2015-10-28,38106,38625,36547,38453,400402,0.013708380565734313
2015-10-29,38106,38972,37240,37760,241371,-0.018022000884196254
2015-10-30,43648,43991,38106,39319,1020747,0.04128707627118655
2015-11-02,38452,39145,37066,37587,391521,-0.04404995040565629
2015-11-03,38106,40704,37413,40704,679223,0.08292760794955711
2015-11-04,40527,41050,39145,40358,561038,-0.008500393081760982
2015-11-05,44168,46766,36720,38279,2370260,-0.051513950146191534
2015-11-06,38106,38799,34988,35508,820230,-0.07238956085582171
2015-11-09,33949,34642,29099,30450,851470,-0.14244677255829674
2015-11-10,29965,34157,27817,32217,1064071,0.05802955665024623
2015-11-11,31870,32979,31108,32182,244076,-0.0010863829655151092
2015-11-12,31524,31766,30138,30242,293511,-0.06028214529861409
2015-11-13,29307,29688,28025,28510,342799,-0.05727134448779847
2015-11-16,26674,27990,25392,25393,394894,-0.10933005962820064
2015-11-17,26154,28614,25981,26778,372374,0.05454259047769061
2015-11-18,27505,28302,27124,27887,267765,0.04141459406975878
2015-11-19,27401,28614,27401,27714,207084,-0.006203607415641743
2015-11-20,27886,28406,27505,28164,180928,0.016237280796709275
2015-11-23,26431,27159,24803,25185,675762,-0.10577332765232217
2015-11-24,24976,25115,23210,23661,592827,-0.06051220964860038
2015-11-25,23556,24249,23002,23176,373170,-0.020497865686150196
2015-11-26,23244,23695,23002,23314,276321,0.005954435623058307
2015-11-27,23314,23452,21997,22136,426390,-0.05052757999485291
2015-11-30,22136,22240,20127,20785,423338,-0.06103180339718106
2015-12-01,20889,21616,20508,20993,413640,0.010007216742843328
2015-12-02,20993,21166,17632,17841,1081921,-0.15014528652407944
2015-12-03,17979,20057,17269,18464,1091369,0.03491956728882917
2015-12-04,17840,18845,17598,18360,345214,-0.0056325823223569715
2015-12-07,18013,19191,17632,18776,453590,0.02265795206971677
2015-12-08,19988,20230,18221,18915,411895,0.007403067746058811
2015-12-09,18602,18879,17286,17667,321148,-0.06597938144329896
2015-12-10,17632,17667,15606,16282,461370,-0.07839474726891948
2015-12-11,16558,17459,16125,16559,471350,0.01701265200835289
2015-12-14,15762,16004,13752,14065,584777,-0.15061295971978983
2015-12-15,14151,18256,13423,16594,4693853,0.17980803412726631
2015-12-16,16593,17321,15017,15346,975286,-0.07520790647221887
2015-12-17,15588,17667,15086,15987,1144968,0.04176984230418346
2015-12-18,15987,16836,14722,15000,898248,-0.06173766185025331
2015-12-21,0,0,0,15000,0,0.0
2015-12-22,0,0,0,15000,0,0.0
2015-12-23,0,0,0,15000,0,0.0
2015-12-24,0,0,0,15000,0,0.0
2015-12-28,0,0,0,15000,0,0.0
2015-12-29,0,0,0,15000,0,0.0
2015-12-30,0,0,0,15000,0,0.0
2016-01-04,0,0,0,15000,0,0.0
2016-01-05,0,0,0,15000,0,0.0
2016-01-06,0,0,0,15000,0,0.0
2016-01-07,0,0,0,15000,0,0.0
2016-01-08,0,0,0,15000,0,0.0
2016-01-11,0,0,0,15000,0,0.0
2016-01-12,0,0,0,15000,0,0.0
2016-01-13,0,0,0,15000,0,0.0
2016-01-14,0,0,0,15000,0,0.0
2016-01-15,0,0,0,15000,0,0.0
2016-01-18,0,0,0,15000,0,0.0
2016-01-19,0,0,0,15000,0,0.0
2016-01-20,0,0,0,15000,0,0.0
2016-01-21,0,0,0,15000,0,0.0
2016-01-22,0,0,0,15000,0,0.0
2016-01-25,0,0,0,15000,0,0.0
2016-01-26,0,0,0,15000,0,0.0
2016-01-27,0,0,0,15000,0,0.0
2016-01-28,0,0,0,15000,0,0.0
2016-01-29,0,0,0,15000,0,0.0
2016-02-01,0,0,0,15000,0,0.0
2016-02-02,0,0,0,15000,0,0.0
2016-02-03,0,0,0,15000,0,0.0
2016-02-04,0,0,0,15000,0,0.0
2016-02-05,15000,19500,12100,12500,3029073,-0.16666666666666663
2016-02-11,11700,14100,11200,12050,1142920,-0.03600000000000003
2016-02-12,12050,12600,10750,10800,641946,-0.10373443983402486
2016-02-15,11100,11450,10700,11250,438633,0.04166666666666674
2016-02-16,11250,11650,11050,11300,317387,0.004444444444444473
2016-02-17,11100,11400,10600,10700,403972,-0.053097345132743334
2016-02-18,10800,11000,10500,10750,226902,0.004672897196261738
2016-02-19,11000,12950,10800,11500,999369,0.06976744186046502
2016-02-22,11350,11650,10950,11050,276127,-0.03913043478260869
2016-02-23,11200,11850,10950,11100,328575,0.004524886877828038
2016-02-24,11150,11300,10850,11150,152541,0.0045045045045044585
2016-02-25,11200,11550,10750,10950,416897,-0.017937219730941756
2016-02-26,11000,11050,10600,10750,154460,-0.0182648401826484
2016-02-29,10800,11200,10700,10700,231111,-0.0046511627906976605
2016-03-02,10850,11000,10650,10800,129571,0.009345794392523255
2016-03-03,10800,10850,10550,10650,149160,-0.01388888888888884
2016-03-04,10600,10800,10300,10550,160682,-0.009389671361502372
2016-03-07,10550,10950,10400,10700,164625,0.014218009478673022
2016-03-08,10650,10800,10500,10650,102888,-0.004672897196261627
2016-03-09,10650,11450,10500,10750,282132,0.009389671361502261
2016-03-10,10700,11150,10700,11000,186929,0.023255813953488413
2016-03-11,11000,11250,10700,10700,107736,-0.027272727272727226
2016-03-14,10700,10950,10550,10850,122197,0.014018691588784993
2016-03-15,11000,11400,10800,10900,252158,0.004608294930875667
2016-03-16,10850,10950,10600,10800,88281,-0.00917431192660545
2016-03-17,10750,10900,10650,10800,73899,0.0
2016-03-18,10850,11650,10700,11100,387702,0.02777777777777768
2016-03-21,11150,11550,10900,11100,188057,0.0
2016-03-22,11050,11300,10800,10950,189427,-0.013513513513513487
2016-03-23,11000,11750,10900,11400,469493,0.041095890410958846
2016-03-24,11450,12000,11200,11350,421137,-0.004385964912280715
2016-03-25,11300,11650,11050,11200,258791,-0.013215859030836996
2016-03-28,11200,11300,11000,11050,114367,-0.013392857142857095
2016-03-29,11000,11350,10950,11100,148318,0.004524886877828038
2016-03-30,11250,11300,10850,10900,182432,-0.018018018018018056
2016-03-31,10900,11100,10700,10800,132829,-0.00917431192660545
2016-04-01,10800,10900,10500,10650,123579,-0.01388888888888884
2016-04-04,10650,10650,10300,10350,108412,-0.028169014084507005
2016-04-05,10350,10350,10100,10150,88690,-0.019323671497584516
2016-04-06,10150,10650,10150,10400,140884,0.024630541871921263
2016-04-07,10350,10550,10250,10350,86970,-0.004807692307692291
2016-04-08,10400,10450,10200,10200,62839,-0.01449275362318836
2016-04-11,10250,10550,10150,10500,78637,0.02941176470588225
2016-04-12,10500,10700,10300,10350,73839,-0.014285714285714235
2016-04-14,10400,10500,10200,10200,85597,-0.01449275362318836
2016-04-15,10250,10300,10100,10150,84000,-0.004901960784313708
2016-04-18,10200,10250,9850,9890,134727,-0.025615763546798065
2016-04-19,9980,10200,9850,10100,116641,0.02123356926188058
2016-04-20,10100,10150,9960,10000,75061,-0.00990099009900991
2016-04-21,10050,10400,9920,10000,111254,0.0
2016-04-22,10050,10200,9960,10050,64294,0.004999999999999893
2016-04-25,10400,13050,10250,13050,1214138,0.29850746268656714
2016-04-26,15000,16000,12900,13500,1975181,0.034482758620689724
2016-04-27,14050,14700,12500,13600,953563,0.007407407407407307
2016-04-28,13750,14900,12900,14250,1017528,0.047794117647058876
2016-04-29,14350,15050,13900,14400,644413,0.010526315789473717
2016-05-02,14500,14900,13150,13300,423566,-0.07638888888888884
2016-05-03,13600,14950,13250,13600,863663,0.022556390977443552
2016-05-04,13450,13450,12500,12600,345368,-0.07352941176470584
2016-05-09,12100,12450,11750,11800,208028,-0.06349206349206349
2016-05-10,11850,12500,11700,12400,186101,0.05084745762711873
2016-05-11,12300,12550,12050,12050,116583,-0.028225806451612878
2016-05-12,11950,12150,11650,11650,108133,-0.03319502074688796
2016-05-13,11650,12450,11400,11700,190672,0.0042918454935623185
2016-05-16,11550,11650,11050,11450,179733,-0.021367521367521403
2016-05-17,11200,11400,11050,11200,131678,-0.02183406113537123
2016-05-18,11150,12350,11100,11750,327823,0.049107142857142794
2016-05-19,11600,11750,11100,11200,111947,-0.04680851063829783
2016-05-20,11200,11650,11000,11500,114324,0.02678571428571419
2016-05-23,11400,11800,11300,11600,97425,0.008695652173912993
2016-05-24,11450,12200,11400,11700,169207,0.008620689655172376
2016-05-25,11750,12100,11550,11600,112880,-0.008547008547008517
2016-05-26,11600,11800,11000,11200,178968,-0.03448275862068961
2016-05-27,11450,11700,11200,11250,84044,0.0044642857142858094
2016-05-30,11450,11850,11300,11600,119733,0.03111111111111109
2016-05-31,11600,11800,11300,11600,87153,0.0
2016-06-01,11900,12150,11350,11500,187915,-0.008620689655172376
2016-06-02,11400,11700,11250,11350,127781,-0.013043478260869601
2016-06-03,11300,11550,11250,11450,86410,0.008810572687224738
2016-06-07,11450,13050,11200,12250,447267,0.06986899563318771
2016-06-08,12300,12500,11950,12400,161091,0.012244897959183598
2016-06-09,12600,13650,12400,12750,506320,0.02822580645161299
2016-06-10,12750,12750,12250,12550,142379,-0.015686274509803977
2016-06-13,12550,12550,11950,12150,101974,-0.031872509960159334
2016-06-14,12200,12500,11800,12050,239099,-0.008230452674897082
2016-06-15,11900,12350,11800,12250,99761,0.016597510373443924
2016-06-16,12100,12250,11400,11450,138660,-0.0653061224489796
2016-06-17,11500,11750,11000,11200,101434,-0.02183406113537123
2016-06-20,11300,11700,11100,11600,64461,0.03571428571428581
2016-06-21,11600,12000,11350,11800,92282,0.01724137931034475
2016-06-22,11800,11800,11350,11400,89471,-0.03389830508474578
2016-06-23,11300,11350,11050,11150,85482,-0.021929824561403466
2016-06-24,11400,11400,10100,10500,247011,-0.058295964125560484
2016-06-27,10100,10550,10000,10450,75155,-0.004761904761904745
2016-06-28,10500,10900,10200,10750,66777,0.028708133971291794
2016-06-29,10700,11050,10700,10800,52176,0.0046511627906977715
2016-06-30,10850,11150,10800,10850,47668,0.004629629629629539
2016-07-01,10800,11150,10800,10900,52715,0.004608294930875667
2016-07-04,11000,11800,10850,11300,145622,0.03669724770642202
2016-07-05,11500,11550,11200,11350,66005,0.004424778761061843
2016-07-06,11250,11300,10900,10950,104009,-0.03524229074889873
2016-07-07,10850,11250,10850,11150,67136,0.0182648401826484
2016-07-08,11150,11300,10950,11150,61030,0.0
2016-07-11,11150,11450,11100,11150,62740,0.0
2016-07-12,11250,11400,11050,11200,55856,0.004484304932735439
2016-07-13,11350,12450,11200,11550,265383,0.03125
2016-07-14,11650,11650,11250,11450,72001,-0.008658008658008698
2016-07-15,11500,11550,11250,11300,47808,-0.013100436681222738
2016-07-18,11350,11350,11000,11200,42516,-0.008849557522123908
2016-07-19,11200,11600,11100,11300,72653,0.008928571428571397
2016-07-20,11300,11500,11200,11350,54148,0.004424778761061843
2016-07-21,11300,11650,11100,11100,61833,-0.022026431718061623
2016-07-22,11050,11200,10950,11100,59984,0.0
2016-07-25,11150,11150,10450,10650,100218,-0.04054054054054057
2016-07-26,10550,11000,10550,10800,70902,0.014084507042253502
2016-07-27,10800,10950,10600,10700,34818,-0.0092592592592593
2016-07-28,10800,10950,10600,10650,35460,-0.004672897196261627
2016-07-29,10650,10700,10400,10450,39503,-0.018779342723004744
2016-08-01,10450,10500,10150,10150,50919,-0.028708133971291905
2016-08-02,10100,10100,9720,10050,121943,-0.009852216748768461
2016-08-03,9930,10350,9860,10200,44128,0.014925373134328401
2016-08-04,10100,10300,10050,10200,20886,0.0
2016-08-05,10150,10700,10150,10500,63665,0.02941176470588225
2016-08-08,10550,10600,10050,10350,53150,-0.014285714285714235
2016-08-09,10250,10450,10150,10200,41452,-0.01449275362318836
2016-08-10,10200,10750,10150,10200,82808,0.0
2016-08-11,10200,10300,10000,10050,34878,-0.014705882352941124
2016-08-12,10100,10150,9990,10100,31232,0.004975124378109541
2016-08-16,10100,10200,10050,10100,22867,0.0
2016-08-17,10050,10200,9980,10200,36192,0.00990099009900991
2016-08-18,10200,10200,10000,10000,31985,-0.019607843137254943
2016-08-19,10150,10200,9900,10000,22755,0.0
2016-08-22,9910,10150,9910,10050,29728,0.004999999999999893
2016-08-23,9930,10350,9930,10000,43090,-0.00497512437810943
2016-08-24,10000,10050,9950,9970,21702,-0.0030000000000000027
2016-08-25,9970,10000,9930,9940,17081,-0.0030090270812437314
2016-08-26,9990,9990,9820,9830,28438,-0.01106639839034207
2016-08-29,9830,9980,9600,9680,29625,-0.015259409969481164
2016-08-30,9800,9830,9680,9690,22111,0.0010330578512396382
2016-08-31,9760,9840,9690,9720,21831,0.003095975232198178
2016-09-01,9720,9760,9520,9520,35954,-0.020576131687242816
2016-09-02,9520,9670,9510,9590,26154,0.007352941176470562
2016-09-05,9870,9870,9630,9750,19443,0.016684045881126153
2016-09-06,9800,9800,9660,9730,12235,-0.002051282051282022
2016-09-07,9730,9810,9470,9480,32819,-0.025693730729701936
2016-09-08,9500,9600,9000,9050,64722,-0.04535864978902948
2016-09-09,9050,9260,8700,8800,46931,-0.027624309392265234
2016-09-12,8560,8900,8310,8490,33060,-0.035227272727272774
2016-09-13,8490,8640,8410,8410,18318,-0.009422850412249661
2016-09-19,8360,8550,8360,8460,19357,0.005945303210463715
2016-09-20,8320,8500,8320,8440,14699,-0.0023640661938534313
2016-09-21,8460,9980,8340,9260,195280,0.09715639810426535
2016-09-22,9400,9400,8990,9080,43328,-0.01943844492440605
2016-09-23,9080,9200,8870,8930,40602,-0.016519823788546217
2016-09-26,8940,9490,8940,9010,30296,0.008958566629339249
2016-09-27,9200,10800,9100,10000,491023,0.10987791342952269
2016-09-28,10200,10500,9620,9620,99537,-0.038000000000000034
2016-09-29,9600,9750,9340,9460,56776,-0.016632016632016633
2016-09-30,9450,9800,9240,9320,73838,-0.014799154334038
2016-10-04,9320,9490,9180,9290,28611,-0.0032188841201716833
2016-10-05,9330,9390,9000,9020,52268,-0.0290635091496233
2016-10-06,9130,9370,9000,9250,35755,0.02549889135254979
2016-10-07,9250,9340,9050,9120,23387,-0.014054054054054022
2016-10-10,9170,9260,9010,9200,14015,0.00877192982456143
2016-10-11,9260,9290,9100,9100,16073,-0.010869565217391353
2016-10-12,9050,9180,8860,8950,39536,-0.016483516483516536
2016-10-13,9050,9050,8860,8900,19620,-0.005586592178770999
2016-10-14,9070,9070,8810,8900,13201,0.0
2016-10-17,8900,8910,8760,8810,14270,-0.010112359550561778
2016-10-18,8900,8900,8680,8730,14381,-0.009080590238365494
2016-10-19,8660,8880,8660,8800,13659,0.008018327605956443
2016-10-20,8810,8840,8630,8640,17579,-0.018181818181818188
2016-10-21,8560,8890,8560,8560,8740,-0.0092592592592593
2016-10-24,8730,8730,8410,8440,18626,-0.014018691588784993
2016-10-25,8410,8550,8310,8330,20990,-0.013033175355450233
2016-10-26,8540,8540,8210,8290,22383,-0.004801920768307322
2016-10-27,8170,8380,8170,8330,8302,0.004825090470446325
2016-10-28,8300,8710,8300,8330,27830,0.0
2016-10-31,8280,8440,7930,8000,21391,-0.03961584633853543
2016-11-01,8150,8150,7890,8030,15549,0.00374999999999992
2016-11-02,7920,8090,7400,7590,26116,-0.0547945205479452
2016-11-03,7590,7770,7500,7550,10654,-0.005270092226614009
2016-11-04,7570,7680,7450,7590,12125,0.005298013245033095
2016-11-07,7500,7750,7280,7390,49329,-0.026350461133069825
2016-11-08,7390,7470,7320,7440,24316,0.006765899864682012
2016-11-09,7480,7480,6710,7100,62877,-0.045698924731182755
2016-11-10,7250,7580,7100,7440,42461,0.04788732394366191
2016-11-11,7500,7600,7340,7460,14288,0.0026881720430107503
2016-11-14,7460,7530,7050,7380,19574,-0.01072386058981234
2016-11-15,7500,7550,7370,7470,24227,0.012195121951219523
2016-11-16,7410,7670,7400,7650,19880,0.024096385542168752
2016-11-17,7670,7670,7480,7620,9055,-0.0039215686274509665
2016-11-18,7680,9100,7500,8000,232350,0.04986876640419946
2016-11-21,7800,8010,7650,7650,37567,-0.043749999999999956
2016-11-22,7650,7890,7500,7680,27872,0.0039215686274509665
2016-11-23,7680,8060,7580,7800,38781,0.015625
2016-11-24,7780,7900,7550,7590,17814,-0.02692307692307694
2016-11-25,7600,7700,7150,7440,23797,-0.01976284584980237
2016-11-28,7540,7540,7260,7260,8966,-0.024193548387096753
2016-11-29,7260,7400,7210,7280,12420,0.0027548209366390353
2016-11-30,7300,7470,7200,7210,8788,-0.009615384615384581
2016-12-01,7320,7700,7210,7290,33581,0.01109570041608876
2016-12-02,7430,7630,7290,7590,49780,0.04115226337448563
2016-12-05,7630,7800,7290,7360,18034,-0.030303030303030276
2016-12-06,7460,7470,7350,7410,10472,0.006793478260869623
2016-12-07,7380,7440,7150,7250,8145,-0.021592442645074206
2016-12-08,7250,7360,7150,7270,14736,0.0027586206896552667
2016-12-09,7330,7330,7210,7230,10182,-0.005502063273727598
2016-12-12,7320,7320,7210,7250,13478,0.0027662517289073207
2016-12-13,7230,7530,7210,7420,27929,0.02344827586206888
2016-12-14,7390,7620,7390,7510,16705,0.0121293800539084
2016-12-15,7450,7550,7380,7500,19233,-0.0013315579227696217
2016-12-16,7550,7550,7330,7390,23013,-0.014666666666666717
2016-12-19,7390,7580,7320,7490,38226,0.013531799729364025
2016-12-20,7500,7520,7300,7380,23318,-0.014686248331108098
2016-12-21,7390,7430,7290,7350,11420,-0.004065040650406471
2016-12-22,7300,7380,7270,7270,10316,-0.010884353741496544
2016-12-23,7330,7370,7210,7280,17750,0.0013755158184318717
2016-12-26,7280,7330,7210,7270,14136,-0.0013736263736263687
2016-12-27,7340,7780,7200,7580,111571,0.04264099037138935
2016-12-28,7540,7580,7350,7430,41440,-0.01978891820580475
2016-12-29,7400,7480,7270,7280,20132,-0.020188425302826385
2017-01-02,7250,7460,7200,7250,13551,-0.004120879120879106
2017-01-03,7300,7390,7290,7300,19761,0.006896551724137945
2017-01-04,7320,7480,7300,7320,18297,0.00273972602739736
2017-01-05,7330,7750,7300,7490,41157,0.023224043715847076
2017-01-06,7500,7590,7430,7540,14577,0.006675567423231055
2017-01-09,7470,7610,7440,7500,10418,-0.0053050397877983935
2017-01-10,7470,8700,7470,7970,288243,0.06266666666666665
2017-01-11,7970,8000,7650,7770,64471,-0.025094102885821812
2017-01-12,7780,7850,7650,7750,39438,-0.002574002574002532
2017-01-13,8000,9460,8000,8310,977919,0.07225806451612904
2017-01-16,8220,8350,7950,8200,125459,-0.013237063778580027
2017-01-17,8360,8800,8220,8250,89365,0.0060975609756097615
2017-01-18,8200,8340,8080,8190,33410,-0.0072727272727273196
2017-01-19,8350,8400,7800,7810,81542,-0.046398046398046344
2017-01-20,7710,7910,7660,7730,38927,-0.010243277848911658
2017-01-23,8190,8190,7810,7830,35986,0.012936610608020649
2017-01-24,7750,7840,7540,7640,45129,-0.024265644955300147
2017-01-25,7550,7780,7450,7660,18431,0.002617801047120505
2017-01-26,7540,7780,7540,7680,11052,0.0026109660574411553
2017-01-31,7730,7880,7710,7710,28782,0.00390625
2017-02-01,7740,7810,7620,7790,37960,0.01037613488975353
2017-02-02,7710,7860,7600,7600,34295,-0.024390243902439046
2017-02-03,7580,7600,7290,7310,53617,-0.03815789473684206
2017-02-06,7450,7550,7310,7450,38684,0.019151846785225635
2017-02-07,7620,7620,7300,7510,28635,0.008053691275167862
2017-02-08,7550,7550,7290,7380,17708,-0.017310252996005304
2017-02-09,7380,7440,7290,7330,29261,-0.006775067750677488
2017-02-10,7330,7490,7300,7350,19009,0.0027285129604366354
2017-02-13,7350,7660,7330,7580,54830,0.0312925170068028
2017-02-14,7620,7630,7450,7550,21627,-0.00395778364116095
2017-02-15,7580,7580,7380,7420,30529,-0.017218543046357615
2017-02-16,7450,7480,7280,7370,34751,-0.006738544474393482
2017-02-17,7420,7440,7300,7390,11984,0.0027137042062415073
2017-02-20,7440,7440,7310,7370,13253,-0.0027063599458727605
2017-02-21,7430,7430,7310,7380,14149,0.0013568521031208647
2017-02-22,7330,7390,7300,7370,18317,-0.0013550135501354532
2017-02-23,7350,7430,7260,7310,22923,-0.008141112618724522
2017-02-24,7310,7690,7280,7360,43630,0.0068399452804377425
2017-02-27,7400,7430,7320,7390,14638,0.0040760869565217295
2017-02-28,7390,7500,7310,7410,24619,0.0027063599458727605
2017-03-02,7410,7690,7320,7320,56398,-0.012145748987854255
2017-03-03,7310,7520,7300,7370,17227,0.006830601092896238
2017-03-06,7330,7400,7250,7320,10306,-0.006784260515603768
2017-03-07,7370,7370,7260,7320,5196,0.0
2017-03-08,7390,7390,7250,7310,11777,-0.001366120218579181
2017-03-09,7330,7360,7220,7220,10180,-0.012311901504788003
2017-03-10,7220,7310,7130,7210,18167,-0.0013850415512465242
2017-03-13,7230,7230,7110,7200,16137,-0.001386962552011095
2017-03-14,7200,7240,7150,7200,16887,0.0
2017-03-15,7200,7250,7100,7190,31090,-0.001388888888888884
2017-03-16,7190,7190,7060,7110,16988,-0.011126564673157202
2017-03-17,7080,7210,7080,7160,8426,0.007032348804500765
2017-03-20,7120,7130,6950,7020,25474,-0.019553072625698276
2017-03-21,7000,7080,6940,6980,6541,-0.005698005698005715
2017-03-22,6940,7020,6880,6930,17666,-0.007163323782234943
2017-03-23,6930,7030,6880,6890,16538,-0.005772005772005762
2017-03-24,6860,7050,6860,6990,19258,0.014513788098693858
2017-03-27,6990,7000,6750,6830,25801,-0.022889842632331958
2017-03-28,6740,6870,6700,6820,12741,-0.0014641288433382416
2017-03-29,6770,6900,6740,6860,19170,0.0058651026392961825
2017-03-30,6870,6880,6770,6810,9885,-0.007288629737609353
2017-03-31,6950,6950,6810,6860,10494,0.007342143906020615
2017-04-03,6790,6990,6790,6890,6965,0.004373177842565523
2017-04-04,6840,6980,6840,6850,13677,-0.005805515239477477
2017-04-05,6820,6900,6770,6850,11156,0.0
2017-04-06,6810,6850,6760,6760,14034,-0.013138686131386912
2017-04-07,6800,8300,6740,7510,1082600,0.11094674556213024
2017-04-10,7510,8000,7120,7350,220405,-0.02130492676431428
2017-04-11,7360,7360,6920,7070,82524,-0.03809523809523807
2017-04-12,7100,7250,6980,7130,25218,0.008486562942008558
2017-04-13,7130,7240,6930,6930,33502,-0.028050490883590462
2017-04-14,6930,7120,6900,6960,44398,0.0043290043290042934
2017-04-17,7050,7900,7010,7400,349248,0.06321839080459779
2017-04-18,7440,9620,7250,9620,2493512,0.30000000000000004
2017-04-19,10100,12400,9130,9250,6999277,-0.038461538461538436
2017-04-20,9080,9100,8500,8680,917238,-0.06162162162162166
2017-04-21,9000,9340,8430,8430,922682,-0.02880184331797231
2017-04-24,8470,8700,8100,8320,436800,-0.013048635824436494
2017-04-25,8180,8500,8140,8390,166151,0.008413461538461453
2017-04-26,8400,8400,8020,8020,185794,-0.04410011918951129
2017-04-27,8090,8140,7780,7900,152874,-0.014962593516209433
2017-04-28,7900,8150,7790,7920,115174,0.0025316455696202667
2017-05-02,7920,8050,7850,8030,61442,0.01388888888888884
2017-05-04,8030,8330,7960,8100,138531,0.008717310087173136
2017-05-08,8120,8200,7990,8040,71052,-0.007407407407407418
2017-05-10,8060,8920,7930,8500,851090,0.05721393034825861
2017-05-11,8380,8960,8200,8870,346210,0.043529411764705817
2017-05-12,8920,9260,8650,8760,388691,-0.012401352874859106
2017-05-15,8580,9430,8460,9110,851087,0.03995433789954328
2017-05-16,9150,9150,8520,8590,260730,-0.05708013172338089
2017-05-17,8530,8770,8360,8400,111748,-0.02211874272409775
2017-05-18,8250,8400,8020,8130,100035,-0.03214285714285714
2017-05-19,8130,8200,8060,8200,39734,0.008610086100861114
2017-05-22,8140,8820,8140,8650,143547,0.054878048780487854
2017-05-23,8660,8660,8430,8450,61693,-0.023121387283236983
2017-05-24,8500,8560,8280,8340,32885,-0.013017751479289963
2017-05-25,8430,8550,8300,8440,47887,0.011990407673860837
2017-05-26,8400,8600,8380,8430,28265,-0.0011848341232227888
2017-05-29,8470,8530,8200,8380,74706,-0.005931198102016588
2017-05-30,8450,8690,8350,8450,108973,0.00835322195704058
2017-05-31,8450,8530,8230,8260,74770,-0.022485207100591764
2017-06-01,8330,8330,8040,8090,75393,-0.020581113801452777
2017-06-02,8110,8240,8020,8170,27883,0.009888751545117369
2017-06-05,8220,8220,8050,8060,30463,-0.01346389228886169
2017-06-07,8050,8110,7970,7970,38933,-0.011166253101737023
2017-06-08,7940,8120,7830,8120,46338,0.01882057716436636
2017-06-09,8100,8100,7880,7900,39319,-0.027093596059113323
2017-06-12,7990,7990,7790,7790,20021,-0.013924050632911356
2017-06-13,7800,7830,7700,7770,19472,-0.0025673940949936247
2017-06-14,7820,8000,7720,7800,23903,0.0038610038610038533
2017-06-15,7800,7880,7700,7780,24400,-0.002564102564102555
2017-06-16,7850,7850,7710,7780,25935,0.0
2017-06-19,7760,7800,7530,7680,36027,-0.01285347043701801
2017-06-20,7680,7680,7360,7360,47709,-0.04166666666666663
2017-06-21,7490,7490,7260,7360,21137,0.0
2017-06-22,7330,7450,7290,7390,7911,0.0040760869565217295
2017-06-23,7480,7480,7370,7420,17338,0.004059539918809252
2017-06-26,7490,7490,7290,7420,15922,0.0
2017-06-27,7420,7450,7300,7380,23065,-0.005390835579514808
2017-06-28,7270,7400,7270,7340,9674,-0.005420054200542035
2017-06-29,7390,7410,7270,7380,13554,0.005449591280654031
2017-06-30,7310,7450,7270,7400,17030,0.0027100271002709064
2017-07-03,7330,7440,7290,7290,14722,-0.014864864864864824
2017-07-04,7300,7360,7010,7060,29374,-0.03155006858710563
2017-07-05,7070,7250,7070,7230,15335,0.024079320113314484
2017-07-06,7270,7420,7240,7340,21297,0.015214384508990264
2017-07-07,7490,7740,7410,7600,61149,0.03542234332425065
2017-07-10,7970,7970,7750,7790,98699,0.02499999999999991
2017-07-11,7900,7930,7550,7660,26761,-0.016688061617458283
2017-07-12,7650,7730,7390,7490,27023,-0.022193211488250708
2017-07-13,7510,7850,7360,7360,28149,-0.01735647530040052
2017-07-14,7400,7490,7310,7320,17412,-0.005434782608695676
2017-07-17,7390,7580,7350,7450,12311,0.01775956284153013
2017-07-18,7540,7540,7370,7380,15058,-0.00939597315436247
2017-07-19,7480,7480,7350,7380,7771,0.0
2017-07-20,7380,7470,7300,7370,20237,-0.0013550135501354532
2017-07-21,7370,7510,7370,7460,27188,0.012211668928086894
2017-07-24,7390,7490,7390,7450,7729,-0.0013404825737265424
2017-07-25,7390,7490,7320,7380,14701,-0.00939597315436247
2017-07-26,7330,7400,7270,7370,15108,-0.0013550135501354532
2017-07-27,7340,7490,7250,7410,21579,0.005427408412483015
2017-07-28,7490,7600,7290,7330,27308,-0.010796221322537103
2017-07-31,7400,7440,7180,7310,16918,-0.0027285129604365244
2017-08-01,7280,7340,7260,7330,5799,0.002735978112175186
2017-08-02,7380,7380,7280,7320,6445,-0.0013642564802183177
2017-08-03,7310,7530,7240,7300,11470,-0.002732240437158473
2017-08-04,7150,7440,7100,7160,24434,-0.019178082191780854
2017-08-07,7170,7330,7100,7150,34385,-0.0013966480446927498
2017-08-08,7100,7130,7050,7080,27961,-0.009790209790209836
2017-08-09,7060,7240,7050,7190,13336,0.015536723163841915
2017-08-10,7190,7190,7020,7060,20667,-0.018080667593880384
2017-08-11,7040,7120,6950,7000,22814,-0.008498583569405138
2017-08-14,6960,7020,6910,6920,13718,-0.011428571428571455
2017-08-16,6910,7000,6830,6910,17568,-0.0014450867052022698
2017-08-17,6920,7240,6850,7020,24522,0.01591895803183796
2017-08-18,6940,7140,6910,7090,11861,0.009971509971509862
2017-08-21,7050,7200,7020,7020,10037,-0.009873060648801113
2017-08-22,7040,7110,6970,7050,10244,0.004273504273504258
2017-08-23,7060,7090,7000,7000,11331,-0.007092198581560294
2017-08-24,7000,7090,6920,7040,6075,0.005714285714285783
2017-08-25,7040,7120,6950,7030,4455,-0.0014204545454545858
2017-08-28,6980,7070,6980,7000,4755,-0.004267425320056861
2017-08-29,6990,7070,6960,7000,6700,0.0
2017-08-30,7010,7240,7000,7070,19132,0.010000000000000009
2017-08-31,7050,7140,7010,7070,5385,0.0
2017-09-01,7100,7150,7010,7100,6861,0.004243281471004279
2017-09-04,6900,7110,6900,7020,12983,-0.011267605633802802
2017-09-05,7090,7090,6870,6890,15816,-0.01851851851851849
2017-09-06,6950,6950,6800,6830,18991,-0.00870827285921627
2017-09-07,6780,6800,6650,6760,55588,-0.010248901903367469
2017-09-08,6730,6760,6620,6690,22095,-0.010355029585798814
2017-09-11,6730,6730,6600,6680,16507,-0.001494768310911776
2017-09-12,6780,6780,6580,6630,12792,-0.007485029940119792
2017-09-13,6620,7250,6600,6890,65990,0.03921568627450989
2017-09-14,6720,6980,6720,6820,9122,-0.010159651669085612
2017-09-15,6820,6960,6600,6710,24702,-0.016129032258064502
2017-09-18,6860,6860,6640,6770,10253,0.008941877794336861
2017-09-19,6740,6890,6730,6800,9343,0.004431314623338345
2017-09-20,6770,6930,6740,6820,6320,0.002941176470588225
2017-09-21,6730,6840,6620,6770,13734,-0.007331378299120228
2017-09-22,6770,6770,6610,6670,17257,-0.01477104874446089
2017-09-25,6820,6820,6330,6380,19928,-0.04347826086956519
2017-09-26,6300,6590,6300,6400,8785,0.0031347962382444194
2017-09-27,6350,6700,6300,6400,16670,0.0
2017-09-28,6500,6500,6300,6350,13747,-0.0078125
2017-09-29,6410,6420,6330,6410,5864,0.009448818897637823
2017-10-10,6430,6430,6290,6350,9308,-0.009360374414976613
2017-10-11,6330,6350,6230,6300,19759,-0.007874015748031482
2017-10-12,6290,6320,6220,6300,5138,0.0
2017-10-13,6340,6340,6170,6290,22494,-0.0015873015873015817
2017-10-16,6310,6310,6150,6200,21500,-0.014308426073131986
2017-10-17,6270,6280,6160,6170,13036,-0.004838709677419395
2017-10-18,6170,6300,6030,6110,18051,-0.00972447325769854
2017-10-19,6110,6150,6020,6110,24915,0.0
2017-10-20,6110,6170,6100,6110,5504,0.0
2017-10-23,6180,6280,6100,6130,11271,0.003273322422258529
2017-10-24,6220,6410,6170,6350,50779,0.03588907014681886
2017-10-25,6310,6420,6250,6390,13128,0.006299212598425141
2017-10-26,6470,6470,6300,6300,9630,-0.014084507042253502
2017-10-27,6340,6470,6340,6460,12749,0.025396825396825307
2017-10-30,6460,7160,6460,6750,91588,0.04489164086687314
2017-10-31,6830,6830,6610,6700,10266,-0.007407407407407418
2017-11-01,6880,6990,6550,6750,17519,0.00746268656716409
2017-11-02,6660,6800,6660,6740,13678,-0.001481481481481528
2017-11-03,6630,6890,6520,6680,7731,-0.008902077151335286
2017-11-06,6600,6850,6600,6690,4857,0.0014970059880239361
2017-11-07,6690,6750,6500,6750,8673,0.008968609865470878
2017-11-08,6810,6810,6570,6640,7715,-0.016296296296296253
2017-11-09,6640,6640,6450,6550,17520,-0.013554216867469826
2017-11-10,6550,6590,6450,6550,2703,0.0
2017-11-13,6620,6620,6380,6550,8742,0.0
2017-11-14,6530,6530,6300,6340,15643,-0.032061068702290085
2017-11-15,6340,6430,6110,6200,17552,-0.02208201892744477
2017-11-16,6230,6230,6140,6190,17718,-0.001612903225806428
2017-11-17,6190,6450,6190,6290,9691,0.016155088852988664
2017-11-20,6300,6380,6200,6280,10823,-0.0015898251192368873
2017-11-21,6280,6350,6200,6240,15219,-0.006369426751592355
2017-11-22,6130,6240,6100,6130,11780,-0.017628205128205177
2017-11-23,6140,6320,6140,6230,15127,0.01631321370309946
2017-11-24,6220,6320,6200,6300,6176,0.011235955056179803
2017-11-27,6360,6370,6270,6310,6207,0.0015873015873015817
2017-11-28,6350,6350,6250,6310,2991,0.0
2017-11-29,6320,6360,6100,6160,8336,-0.023771790808240878
2017-11-30,6180,7660,6180,6780,399990,0.10064935064935066
2017-12-01,6880,6900,6450,6510,83227,-0.03982300884955747
2017-12-04,6560,6630,6490,6520,23233,0.001536098310291889
2017-12-05,6490,6580,6270,6480,26731,-0.006134969325153339
2017-12-06,6490,6560,6360,6420,20304,-0.0092592592592593
2017-12-07,6350,6440,6130,6260,33432,-0.024922118380062308
2017-12-08,6260,6260,6080,6230,34291,-0.004792332268370614
2017-12-11,6180,6300,6110,6190,11771,-0.006420545746388395
2017-12-12,6190,6190,6120,6130,14651,-0.009693053311793265
2017-12-13,6100,6490,6100,6220,61650,0.014681892332789603
2017-12-14,6230,6320,6180,6220,7825,0.0
2017-12-15,6180,6430,6110,6280,14991,0.009646302250803762
2017-12-18,6250,6360,6120,6170,18983,-0.017515923566879033
2017-12-19,6180,6250,6080,6130,13771,-0.00648298217179899
2017-12-20,6190,6190,6070,6070,14552,-0.009787928221859699
2017-12-21,6070,6170,6020,6040,14038,-0.0049423393739703725
2017-12-22,6030,6140,5910,6010,18668,-0.004966887417218513
2017-12-26,5900,6170,5900,6030,12770,0.0033277870216306127
2017-12-27,5990,6090,5960,6040,17801,0.0016583747927032544
2017-12-28,6040,6090,5990,6030,4707,-0.0016556291390728006
2018-01-02,6170,6190,6070,6150,12477,0.01990049751243772
2018-01-03,6220,6660,6050,6440,131196,0.047154471544715415
2018-01-04,6440,6450,6230,6410,32482,-0.004658385093167738
2018-01-05,6500,6500,6230,6230,30468,-0.02808112324492984
2018-01-08,6330,7120,6190,6570,292010,0.054574638844301804
2018-01-09,6510,6650,6350,6450,58492,-0.0182648401826484
2018-01-10,6400,6540,6260,6300,33525,-0.023255813953488413
2018-01-11,6380,6440,6200,6260,27923,-0.006349206349206327
2018-01-12,6300,6300,6140,6180,17624,-0.012779552715655007
2018-01-15,6220,6840,6090,6420,156046,0.03883495145631066
2018-01-16,6420,6420,6100,6260,26290,-0.024922118380062308
2018-01-17,6360,6360,6180,6200,27656,-0.009584664536741228
2018-01-18,6280,6290,6150,6220,29248,0.003225806451612856
2018-01-19,6300,6350,6180,6270,18869,0.008038585209003246
2018-01-22,6310,6350,6200,6270,19685,0.0
2018-01-23,6250,6300,6200,6270,13897,0.0
2018-01-24,6270,6370,6200,6310,20462,0.006379585326953707
2018-01-25,6350,6420,6270,6410,13781,0.015847860538827252
2018-01-26,6420,6550,6390,6460,22227,0.007800312012480548
2018-01-29,6460,6530,6410,6480,23101,0.003095975232198178
2018-01-30,6480,6710,6360,6490,48276,0.0015432098765431057
2018-01-31,6490,6570,6440,6450,33394,-0.006163328197226536
2018-02-01,6410,6540,6400,6480,20835,0.0046511627906977715
2018-02-02,6450,6520,6380,6380,23278,-0.015432098765432056
2018-02-05,6380,6380,6180,6230,21783,-0.023510971786833812
2018-02-06,6090,6150,5970,6120,41527,-0.017656500802568198
2018-02-07,6300,6300,6040,6040,19762,-0.013071895424836555
2018-02-08,6290,6290,6030,6090,29064,0.008278145695364225
2018-02-09,6250,6500,6120,6200,69709,0.01806239737274229
2018-02-12,6290,6390,6030,6170,22512,-0.004838709677419395
2018-02-13,6210,6410,6210,6360,47644,0.030794165316045286
2018-02-14,6400,6400,6270,6390,22057,0.004716981132075526
2018-02-19,6390,6490,6350,6470,25204,0.012519561815336422
2018-02-20,6420,6500,6350,6500,15825,0.004636785162287493
2018-02-21,6580,6580,6400,6460,7564,-0.006153846153846176
2018-02-22,6490,6500,6340,6370,13164,-0.01393188854489169
2018-02-23,6400,6510,6370,6490,12142,0.018838304552590168
2018-02-26,6680,6680,6450,6520,11515,0.0046224961479199855
2018-02-27,6560,6580,6430,6430,12807,-0.013803680981595123
2018-02-28,6430,6430,6350,6380,7838,-0.007776049766718529
2018-03-02,6330,6460,6320,6410,14901,0.004702194357366851
2018-03-05,6400,6660,6360,6590,61812,0.02808112324492984
2018-03-06,6600,6960,6600,6800,118958,0.03186646433990892
2018-03-07,6980,7280,6830,6940,191879,0.020588235294117574
2018-03-08,7040,7040,6750,6810,68319,-0.018731988472622474
2018-03-09,6820,8800,6790,8250,1030502,0.21145374449339216
2018-03-12,8400,10700,8360,10700,687804,0.2969696969696969
2018-03-13,12000,12150,10350,10700,1726230,0.0
2018-03-14,10700,11450,10400,10800,589341,0.009345794392523255
2018-03-15,10500,10700,9900,10150,441869,-0.06018518518518523
2018-03-16,10200,11950,9940,10950,1198154,0.07881773399014769
2018-03-19,12300,14200,11700,14200,1959827,0.29680365296803646
2018-03-20,13600,14650,13400,14650,571101,0.03169014084507049
2018-03-21,14400,17000,13950,15550,442702,0.061433447098976135
2018-03-22,16400,20000,16400,20000,445748,0.2861736334405145
2018-03-23,19000,21650,19000,19150,501394,-0.04249999999999998
2018-03-26,19500,19900,18250,19550,225216,0.02088772845953013
2018-03-27,19950,19950,18000,18000,236542,-0.07928388746803072
2018-03-28,17100,22550,16800,20200,1448220,0.12222222222222223
2018-03-29,20600,20650,18500,18600,563898,-0.07920792079207917
2018-03-30,18600,21350,17750,18450,1068506,-0.008064516129032251
2018-04-02,18750,19700,17500,19100,456032,0.035230352303523116
2018-04-03,18600,19950,18300,19250,556490,0.007853403141361293
2018-04-04,19600,19750,18650,19400,301179,0.007792207792207684
2018-04-05,19600,19750,17650,18000,365358,-0.07216494845360821
2018-04-06,17350,18100,16900,17150,404686,-0.047222222222222276
2018-04-09,17700,17750,16550,17000,298358,-0.008746355685131157
2018-04-10,17100,17950,16400,17500,412731,0.02941176470588225
2018-04-11,17700,17850,16800,17400,254808,-0.005714285714285672
2018-04-12,17450,17650,16400,16750,206562,-0.03735632183908044
2018-04-13,17000,18500,16550,17800,653214,0.0626865671641792
2018-04-16,18650,19250,18000,18950,345103,0.06460674157303381
2018-04-17,19100,20950,18000,18450,578838,-0.02638522427440637
2018-04-18,18900,20050,17700,20050,789998,0.08672086720867211
2018-04-19,24800,26050,24700,26050,475768,0.29925187032418954
2018-04-20,30200,33500,27200,31450,2935680,0.20729366602687138
2018-04-23,31600,38500,27950,31350,2632914,-0.0031796502384737746
2018-04-24,33450,33500,27650,29100,1524315,-0.0717703349282297
2018-04-25,28000,29800,26700,26850,1005940,-0.07731958762886593
2018-04-26,26400,28550,25150,27050,1220399,0.007448789571694592
2018-04-27,26700,27800,24800,26050,989284,-0.0369685767097967
2018-04-30,27500,32150,27300,29950,1790641,0.14971209213051817
2018-05-02,30200,30800,27500,27600,1046036,-0.07846410684474125
2018-05-03,26200,26700,24150,25000,602113,-0.09420289855072461
2018-05-04,25100,26600,25050,26100,366318,0.04400000000000004
2018-05-08,24400,25400,23500,23550,357200,-0.0977011494252874
2018-05-09,24050,28900,22100,26750,1242891,0.13588110403397025
2018-05-10,27150,27600,25900,26100,383582,-0.024299065420560706
2018-05-11,26800,27500,25400,26550,369810,0.01724137931034475
2018-05-14,26550,29000,26050,27850,687646,0.048964218455743946
2018-05-15,29450,31800,28250,30000,1564817,0.07719928186714542
2018-05-16,26900,28600,25750,26150,710011,-0.1283333333333333
2018-05-17,26150,28650,25600,27100,520256,0.03632887189292533
2018-05-18,27200,27700,26300,27500,233866,0.014760147601476037
2018-05-21,27000,27200,26350,26700,179433,-0.029090909090909056
2018-05-23,25850,26750,24200,25450,385798,-0.04681647940074907
2018-05-24,25850,26550,23650,24450,248671,-0.03929273084479368
2018-05-25,17300,21000,17250,19950,687763,-0.18404907975460127
2018-05-28,25800,25900,24200,25900,384184,0.29824561403508776
2018-05-29,28050,28100,25900,26300,539290,0.015444015444015413
2018-05-30,26800,26900,25350,26700,278732,0.015209125475285079
2018-05-31,27250,31150,26650,28000,1010129,0.04868913857677892
2018-06-01,28500,28900,25800,26300,370521,-0.06071428571428572
2018-06-04,27500,27500,24800,25400,186212,-0.034220532319391594
2018-06-05,25000,25350,23300,25000,261666,-0.015748031496062964
2018-06-07,25450,25450,24000,24200,140594,-0.03200000000000003
2018-06-08,24200,24600,23200,23450,132553,-0.030991735537190035
2018-06-11,23600,25150,23450,25150,185262,0.07249466950959493
2018-06-12,26000,26400,23400,23950,368785,-0.04771371769383703
2018-06-14,22100,22250,20000,20000,291014,-0.16492693110647183
2018-06-15,20150,20750,19750,20550,129812,0.02750000000000008
2018-06-18,20550,21050,19550,19800,96240,-0.03649635036496346
2018-06-19,20350,20700,18600,18600,102262,-0.06060606060606055
2018-06-20,18600,22000,18550,20000,282309,0.07526881720430101
2018-06-21,20000,20500,18900,19050,101511,-0.04749999999999999
2018-06-22,19300,19450,18250,18750,81254,-0.015748031496062964
2018-06-25,18500,23850,18200,22200,695814,0.18399999999999994
2018-06-26,21100,21900,19700,20000,244404,-0.09909909909909909
2018-06-27,20000,20850,18400,18850,165840,-0.057499999999999996
2018-06-28,18850,19400,18000,18250,95421,-0.03183023872679047
2018-06-29,19700,23100,19650,21100,895764,0.15616438356164375
2018-07-02,20600,20600,18750,19050,248155,-0.09715639810426535
2018-07-03,19450,19800,18500,19650,133506,0.03149606299212593
2018-07-04,19200,19750,19000,19500,72933,-0.007633587786259555
2018-07-05,19500,19500,18400,19000,104890,-0.02564102564102566
2018-07-06,19100,19450,18200,19200,114463,0.010526315789473717
2018-07-09,17600,17900,16000,16350,188517,-0.1484375
2018-07-10,16600,17050,16500,16750,67403,0.024464831804281273
2018-07-11,16950,17750,16200,17250,162489,0.029850746268656803
2018-07-12,17200,17800,16800,16950,92258,-0.017391304347826098
2018-07-13,17550,17700,16950,17550,88288,0.03539823008849563
2018-07-16,17800,17800,16950,17200,49066,-0.019943019943019946
2018-07-17,17400,17400,16900,17150,38617,-0.0029069767441860517
2018-07-18,17050,17050,15450,15650,130818,-0.08746355685131191
2018-07-19,15700,15800,14500,14950,136879,-0.04472843450479236
2018-07-20,15100,15300,14150,14600,74881,-0.02341137123745818
2018-07-23,14050,14400,12850,13050,158575,-0.10616438356164382
2018-07-24,13500,15300,13350,14700,305902,0.12643678160919536
2018-07-25,14900,15200,14000,14650,138817,-0.003401360544217691
2018-07-26,14950,19000,14700,19000,1147827,0.29692832764505117
2018-07-27,19200,20250,18350,18550,1544040,-0.023684210526315752
2018-07-30,18600,19900,18200,19900,511286,0.07277628032345018
2018-07-31,19700,19750,18300,18750,344532,-0.05778894472361806
2018-08-01,19000,19500,18350,19200,240207,0.02400000000000002
2018-08-02,19250,19650,18400,19200,225656,0.0
2018-08-03,19350,19700,18950,19350,221760,0.0078125
2018-08-06,18600,19400,18500,18900,137455,-0.023255813953488413
2018-08-07,19000,19300,18550,19050,64403,0.007936507936507908
2018-08-08,19000,20800,18700,19300,551130,0.013123359580052396
2018-08-09,19300,19500,18700,19050,140576,-0.012953367875647714
2018-08-10,19950,21300,19300,20450,767074,0.0734908136482939
2018-08-13,21050,22250,18100,18450,600372,-0.097799511002445
2018-08-14,18650,19500,18100,19400,250195,0.051490514905149
2018-08-16,21000,21300,19400,20500,444053,0.05670103092783507
2018-08-17,20500,21450,20100,21400,254125,0.04390243902439028
2018-08-20,22050,22350,21350,21800,218679,0.01869158878504673
2018-08-21,21850,22200,21150,21850,152019,0.002293577981651307
2018-08-22,21900,22150,20800,21750,150831,-0.004576659038901587
2018-08-23,21800,22350,21450,21700,160128,-0.0022988505747126853
2018-08-24,21950,21950,21100,21850,97161,0.00691244239631339
2018-08-27,19500,20250,19450,19500,244372,-0.10755148741418763
2018-08-28,19450,19700,18500,18950,163246,-0.028205128205128216
2018-08-29,18400,18700,18050,18400,95551,-0.02902374670184693
2018-08-30,18400,19200,18400,18850,114230,0.024456521739130377
2018-08-31,18400,18950,18300,18900,76094,0.0026525198938991412
2018-09-03,19800,19800,19150,19700,97693,0.042328042328042326
2018-09-04,19600,20550,19250,20250,272085,0.027918781725888353
2018-09-05,20700,20900,19650,20000,152223,-0.012345679012345734
2018-09-06,20450,21200,19000,19350,274016,-0.03249999999999997
2018-09-07,19550,20300,19050,20200,116439,0.043927648578811374
2018-09-10,20500,23800,20500,23300,737382,0.15346534653465338
2018-09-11,23750,23950,22400,22900,267705,-0.01716738197424894
2018-09-12,22900,22900,21800,22600,211630,-0.013100436681222738
2018-09-13,22600,22700,21750,22400,104036,-0.008849557522123908
2018-09-14,22400,22850,21650,22300,130109,-0.004464285714285698
2018-09-17,22750,23000,21450,22950,240063,0.029147982062780242
2018-09-18,22850,23100,22000,22000,165299,-0.04139433551198257
2018-09-19,22300,22500,20500,20550,250168,-0.06590909090909092
2018-09-20,21500,21600,19550,20600,162560,0.0024330900243310083
2018-09-21,20100,22550,20100,21600,232920,0.04854368932038833
2018-09-27,21950,22250,20900,21050,80318,-0.02546296296296291
2018-09-28,20900,20950,20050,20100,75511,-0.04513064133016631
2018-10-01,20100,21050,19900,20200,44730,0.004975124378109541
2018-10-02,19700,21050,19600,20200,83567,0.0
2018-10-04,21700,21700,20250,20500,83510,0.014851485148514865
2018-10-05,20050,20650,19700,19900,66355,-0.029268292682926855
2018-10-08,20050,21000,19700,20000,56123,0.005025125628140614
2018-10-10,19400,19650,17250,17400,125083,-0.13
2018-10-11,15800,16900,15300,16400,98198,-0.05747126436781613
2018-10-12,16100,17100,16000,16900,83864,0.030487804878048808
2018-10-15,16600,17400,16450,16450,58677,-0.026627218934911268
2018-10-16,16500,17300,16500,16950,39335,0.03039513677811545
2018-10-17,17450,18250,16950,17400,71371,0.026548672566371723
2018-10-18,17450,18700,17450,17950,84266,0.031609195402298784
2018-10-19,17850,18100,17250,17950,32915,0.0
2018-10-22,17550,17550,16650,16900,62323,-0.058495821727019504
2018-10-23,16850,17500,16150,16250,49192,-0.038461538461538436
2018-10-24,16250,16550,14950,15050,81876,-0.0738461538461539
2018-10-25,14100,15350,13100,14900,103077,-0.009966777408637828
2018-10-26,15800,15800,13450,14300,71823,-0.04026845637583898
2018-10-29,14000,14300,12500,12550,93078,-0.1223776223776224
2018-10-30,12050,13600,11900,13350,92396,0.06374501992031867
2018-10-31,13250,14200,13150,13700,62016,0.02621722846441954
2018-11-01,13900,14800,13850,14000,48788,0.021897810218978186
2018-11-02,14300,15000,14200,14950,62184,0.06785714285714284
2018-11-05,15000,15250,14250,14900,37258,-0.0033444816053511683
2018-11-06,15200,15200,14600,14750,26656,-0.010067114093959773
2018-11-07,14850,15650,12550,13900,99946,-0.057627118644067776
2018-11-08,14250,15400,14200,14550,82043,0.046762589928057485
2018-11-09,14900,14900,13850,14300,40350,-0.01718213058419249
2018-11-12,13850,14450,13850,13900,23270,-0.027972027972028024
2018-11-13,13550,14050,13250,14050,24402,0.010791366906474753
2018-11-14,14250,14450,13500,13650,40605,-0.028469750889679735
2018-11-15,13550,14700,13400,14000,52725,0.02564102564102555
2018-11-16,13800,14300,13750,14100,32029,0.0071428571428571175
2018-11-19,14500,14800,14200,14800,46813,0.049645390070921946
2018-11-20,14250,15100,14250,14800,46327,0.0
2018-11-21,15100,15150,14400,14650,56571,-0.010135135135135087
2018-11-22,15200,15200,14150,14450,37177,-0.013651877133105783
2018-11-23,14600,15300,14450,14600,53612,0.01038062283737018
2018-11-26,15550,16300,14850,15050,120229,0.03082191780821919
2018-11-27,14800,15750,14650,15100,61417,0.0033222591362125353
2018-11-28,15400,15400,14800,14900,28014,-0.013245033112582738
2018-11-29,15450,16200,14900,15700,146695,0.05369127516778516
2018-11-30,15800,15950,15150,15500,45629,-0.01273885350318471
2018-12-03,15700,15950,15500,15850,73947,0.022580645161290214
2018-12-04,15850,16650,15800,16350,96044,0.03154574132492116
2018-12-05,15900,16650,15650,16300,66986,-0.003058103975535187
2018-12-06,16050,16500,15250,15450,48556,-0.05214723926380371
2018-12-07,15500,16600,15500,16500,89492,0.06796116504854366
2018-12-10,15800,16150,15300,15500,62477,-0.06060606060606055
2018-12-11,15200,15800,14750,14850,37356,-0.041935483870967794
2018-12-12,14500,15250,14300,14450,50624,-0.026936026936026924
2018-12-13,14050,14050,12200,13450,477540,-0.0692041522491349
2018-12-14,13400,13400,12300,12400,176275,-0.0780669144981413
2018-12-17,12050,12750,12000,12700,76885,0.024193548387096753
2018-12-18,12550,12600,12000,12000,101769,-0.055118110236220486
2018-12-19,12350,12350,11750,11950,67422,-0.004166666666666652
2018-12-20,11900,12450,11800,12250,71017,0.025104602510460206
2018-12-21,12350,12350,11950,12200,49450,-0.004081632653061273
2018-12-24,12300,12350,11900,12150,32933,-0.004098360655737654
2018-12-26,11550,11900,11450,11500,46360,-0.053497942386831254
2018-12-27,11550,12050,11500,11850,36239,0.0304347826086957
2018-12-28,11850,12100,11750,11900,37853,0.00421940928270037
2019-01-02,12550,12600,11800,12000,48034,0.008403361344537785
2019-01-03,12000,13050,11750,12700,143163,0.05833333333333335
2019-01-04,12650,12700,12100,12600,61216,-0.007874015748031482
2019-01-07,13200,13250,12700,13050,72374,0.03571428571428581
2019-01-08,13250,15850,13050,14350,671704,0.09961685823754785
2019-01-09,14650,15500,14350,14650,175923,0.020905923344947785
2019-01-10,14950,14950,14150,14250,74446,-0.027303754266211566
2019-01-11,14500,14950,14300,14750,90477,0.03508771929824572
2019-01-14,15300,15300,14850,15000,78747,0.016949152542372836
2019-01-15,15300,15300,14800,15050,69279,0.0033333333333334103
2019-01-16,15250,16500,15050,15950,273842,0.05980066445182719
2019-01-17,17000,17000,15550,16150,141981,0.012539184952978122
2019-01-18,16100,16350,15450,15800,100005,-0.021671826625387025
2019-01-21,16250,16300,15450,15600,68023,-0.012658227848101222
2019-01-22,15750,16300,15500,15800,74286,0.012820512820512775
2019-01-23,15550,15900,15350,15700,63564,-0.006329113924050667
2019-01-24,15800,15900,15400,15450,47390,-0.015923566878980888
2019-01-25,15800,15800,15500,15700,49784,0.016181229773462702
2019-01-28,15700,16300,15700,16000,80772,0.019108280254777066
2019-01-29,16150,16150,15200,15500,92217,-0.03125
2019-01-30,16000,17850,15750,17000,446097,0.09677419354838701
2019-01-31,17550,18000,16550,17150,173567,0.008823529411764675
2019-02-01,17500,18350,17000,18100,224584,0.055393586005831
2019-02-07,19500,19700,18000,18600,174810,0.027624309392265234
2019-02-08,18500,18800,18000,18350,103141,-0.013440860215053752
2019-02-11,19350,20100,18750,18800,179973,0.02452316076294281
2019-02-12,18350,18900,18300,18500,81572,-0.015957446808510634
2019-02-13,18350,18650,17800,18200,67985,-0.01621621621621616
2019-02-14,18300,18300,17200,17500,108857,-0.038461538461538436
2019-02-15,17000,17800,16950,17650,78810,0.008571428571428674
2019-02-18,18000,18150,17350,17800,46042,0.008498583569405138
2019-02-19,17750,18200,17450,17800,56498,0.0
2019-02-20,18250,18250,17200,17300,63840,-0.028089887640449396
2019-02-21,17300,17450,16300,16650,76308,-0.037572254335260125
2019-02-22,16300,17150,16300,17000,41889,0.021021021021021102
2019-02-25,17250,17250,16100,16700,71040,-0.01764705882352946
2019-02-26,16850,17300,16700,17000,53013,0.017964071856287456
2019-02-27,17300,17950,17000,17700,95062,0.04117647058823537
2019-02-28,18400,18400,15400,15500,219418,-0.12429378531073443
2019-03-04,14000,15100,13850,14350,173673,-0.0741935483870968
2019-03-05,14550,17000,13900,15250,542004,0.06271777003484313
2019-03-06,15150,15300,14450,14450,81412,-0.05245901639344264
2019-03-07,14300,14450,13700,13800,77971,-0.04498269896193774
2019-03-08,13400,13800,13200,13400,84329,-0.02898550724637683
2019-03-11,13400,13550,12700,13100,48997,-0.02238805970149249
2019-03-12,13100,13700,13100,13400,51920,0.022900763358778553
2019-03-13,13350,13550,13050,13250,24099,-0.011194029850746245
2019-03-14,13250,13750,13250,13700,34801,0.03396226415094339
2019-03-15,13850,13900,12800,12950,88685,-0.054744525547445244
2019-03-18,13000,13450,13000,13300,30186,0.027027027027026973
2019-03-19,13300,13800,13300,13550,32224,0.018796992481203034
2019-03-20,13550,13800,13000,13450,63589,-0.0073800738007380184
2019-03-21,13450,13550,13200,13250,30700,-0.014869888475836479
2019-03-22,13250,13500,12900,12950,46864,-0.02264150943396226
2019-03-25,12800,13350,12700,13150,32443,0.015444015444015413
2019-03-26,13150,13550,13050,13300,24713,0.011406844106463865
2019-03-27,13550,13550,12950,13150,22173,-0.011278195488721776
2019-03-28,13150,13300,12850,12950,23280,-0.01520912547528519
2019-03-29,13000,13950,12950,13900,70318,0.07335907335907343
2019-04-01,14050,14350,13900,14200,43941,0.021582733812949728
2019-04-02,14200,14300,13850,14250,30808,0.0035211267605634866
2019-04-03,14250,14600,14200,14400,38324,0.010526315789473717
2019-04-04,14500,14600,14100,14350,31500,-0.00347222222222221
2019-04-05,14350,14550,14250,14500,25855,0.010452961672473782
2019-04-08,14750,14750,14200,14350,26551,-0.010344827586206917
2019-04-09,14250,14450,14100,14250,15609,-0.006968641114982632
2019-04-10,14250,14450,14150,14300,16805,0.0035087719298245723
2019-04-11,14300,14550,14200,14400,34147,0.006993006993007089
2019-04-12,13900,14050,13600,13850,39393,-0.03819444444444442
2019-04-15,14100,14200,13800,13800,33825,-0.0036101083032491488
2019-04-16,14000,14150,13400,13800,42732,0.0
2019-04-17,13700,13800,13400,13550,29868,-0.018115942028985477
2019-04-18,13450,13500,13300,13450,18920,-0.0073800738007380184
2019-04-19,13450,13550,13250,13250,15965,-0.014869888475836479
2019-04-22,13250,13500,13200,13300,13542,0.0037735849056603765
2019-04-23,13300,13400,13100,13350,12876,0.003759398496240518
2019-04-24,13400,13400,13000,13100,19829,-0.01872659176029967
2019-04-25,13100,13100,12800,12900,21809,-0.01526717557251911
2019-04-26,12950,13150,12800,13000,21900,0.007751937984496138
2019-04-29,13050,13050,12700,12850,15458,-0.011538461538461497
2019-04-30,12800,13050,12700,12900,9923,0.0038910505836575737
2019-05-02,12950,13200,12800,13050,19603,0.011627906976744207
2019-05-03,13050,13100,12850,13000,15294,-0.003831417624521105
2019-05-07,12750,12750,12050,12550,20715,-0.0346153846153846
2019-05-08,12500,12950,12150,12700,22348,0.01195219123505975
2019-05-09,12700,12700,12200,12400,20783,-0.023622047244094446
2019-05-10,12050,12350,11900,12000,26449,-0.032258064516129004
2019-05-13,12000,12000,11400,11500,23314,-0.04166666666666663
2019-05-14,11300,11750,11100,11450,22062,-0.004347826086956497
2019-05-15,11450,11800,11400,11700,15540,0.02183406113537112
2019-05-16,11850,12150,11700,11850,28154,0.012820512820512775
2019-05-17,12100,12700,11700,12150,37346,0.025316455696202445
2019-05-20,12200,12350,11800,12200,23681,0.004115226337448652
2019-05-21,12200,12200,11800,11850,14069,-0.02868852459016391
2019-05-22,11850,12000,11750,11800,20718,-0.00421940928270037
2019-05-23,11750,11750,11350,11500,25384,-0.025423728813559365
2019-05-24,11400,11450,10800,11150,23078,-0.0304347826086957
2019-05-27,11150,11250,10850,10950,20518,-0.017937219730941756
2019-05-28,10650,11300,10650,11150,32983,0.0182648401826484
2019-05-29,11000,11100,10900,10900,13260,-0.022421524663677084
2019-05-30,10900,11050,10750,10950,15392,0.004587155963302836
2019-05-31,10950,11100,10700,11000,22133,0.004566210045662045
2019-06-03,11050,11050,10750,10750,16305,-0.022727272727272707
2019-06-04,10800,11100,10700,10950,18546,0.018604651162790642
2019-06-05,11150,11150,10900,10900,12100,-0.004566210045662156
2019-06-07,10900,11300,10900,11300,21445,0.03669724770642202
2019-06-10,11400,12450,11250,12200,51840,0.07964601769911495
2019-06-11,12200,12400,11950,12300,32104,0.008196721311475308
2019-06-12,12700,13050,12450,12600,58529,0.024390243902439046
2019-06-13,12800,12850,12400,12600,23105,0.0
2019-06-14,12500,12850,12500,12850,41015,0.01984126984126977
2019-06-17,12850,13200,12650,12650,46670,-0.015564202334630295
2019-06-18,12800,12800,12500,12550,24502,-0.007905138339920903
2019-06-19,12550,13150,12550,13000,46757,0.03585657370517925
2019-06-20,12900,13150,12700,12850,21336,-0.011538461538461497
2019-06-21,13000,13000,12550,12600,24390,-0.01945525291828798
2019-06-24,12950,14300,12850,13700,250668,0.08730158730158721
2019-06-25,13800,14150,13250,14150,142537,0.03284671532846706
2019-06-26,13950,14800,13700,14200,244447,0.0035335689045936647
2019-06-27,14350,14350,13500,13500,77865,-0.04929577464788737
2019-06-28,13200,13500,12800,13300,51203,-0.014814814814814836
2019-07-01,14350,14750,13600,14200,131377,0.06766917293233088
2019-07-02,14250,14250,13850,14000,41675,-0.014084507042253502
2019-07-03,13700,13850,13200,13300,50217,-0.050000000000000044
2019-07-04,13150,13500,13050,13500,17159,0.015037593984962516
2019-07-05,13500,14050,13500,13800,36867,0.022222222222222143
2019-07-08,13800,13800,12800,12950,41633,-0.061594202898550776
2019-07-09,12900,13250,12550,12600,42395,-0.027027027027026973
2019-07-10,12450,12800,12300,12600,31144,0.0
2019-07-11,12600,13250,12450,13250,18684,0.051587301587301626
2019-07-12,13250,13250,12850,13050,17092,-0.015094339622641506
2019-07-15,13050,13300,12800,12800,14434,-0.019157088122605415
2019-07-16,12850,13000,12600,12700,15341,-0.0078125
2019-07-17,12650,12650,12050,12250,30228,-0.03543307086614178
2019-07-18,11900,12300,11900,12050,22359,-0.01632653061224487
2019-07-19,12000,12400,12000,12150,14336,0.008298755186721962
2019-07-22,12050,12300,11950,12000,18510,-0.012345679012345734
2019-07-23,11900,12300,11850,11850,22645,-0.012499999999999956
2019-07-24,11900,12000,11500,11550,26560,-0.025316455696202556
2019-07-25,11300,11450,11000,11150,29262,-0.03463203463203468
2019-07-26,11200,11300,10800,11200,24143,0.004484304932735439
2019-07-29,11000,11200,10550,10650,56926,-0.049107142857142905
2019-07-30,10400,11650,10250,11050,39487,0.03755868544600949
2019-07-31,11000,11600,10950,11050,22469,0.0
2019-08-01,10850,11200,10750,10900,11852,-0.013574660633484115
2019-08-02,10800,11000,10600,10850,18103,-0.004587155963302725
2019-08-05,10650,10800,9970,9970,57969,-0.08110599078341019
2019-08-06,9890,10550,9500,9900,56715,-0.007021063189568744
2019-08-07,10000,10150,9960,9970,23362,0.007070707070707005
2019-08-08,10100,10400,10100,10350,23164,0.03811434302908734
2019-08-09,10850,10900,10450,10650,22747,0.02898550724637672
2019-08-12,10600,10900,10600,10800,18310,0.014084507042253502
2019-08-13,10600,10900,10450,10750,29499,-0.00462962962962965
2019-08-14,11050,11200,10800,10950,27856,0.018604651162790642
2019-08-16,10700,11100,10700,10850,25051,-0.0091324200913242
2019-08-19,11300,11350,10900,11300,21725,0.041474654377880116
2019-08-20,11400,11450,11100,11350,12334,0.004424778761061843
2019-08-21,11050,11350,11050,11250,10136,-0.008810572687224627
2019-08-22,11300,11350,11050,11200,21904,-0.004444444444444473
2019-08-23,11050,11250,10800,11050,22386,-0.013392857142857095
2019-08-26,10750,10850,10400,10450,18875,-0.05429864253393668
2019-08-27,10600,11000,10600,10600,18064,0.014354066985645897
2019-08-28,10450,11000,10450,10800,29202,0.018867924528301883
2019-08-29,10850,11250,10450,10800,43949,0.0
2019-08-30,10800,11250,10800,11050,21223,0.02314814814814814
2019-09-02,11000,11050,10650,10850,20910,-0.018099547511312264
2019-09-03,10850,11000,10800,10950,17964,0.009216589861751112
2019-09-04,11050,11050,10800,11000,15793,0.004566210045662045
2019-09-05,10900,11600,10850,11000,42211,0.0
2019-09-06,11100,11100,10600,10800,24769,-0.018181818181818188
2019-09-09,10850,10950,10550,10550,11270,-0.02314814814814814
2019-09-10,10950,12850,10900,12200,343663,0.1563981042654028
2019-09-11,12550,12550,11900,12300,76222,0.008196721311475308
2019-09-16,12350,14650,12300,14300,473613,0.16260162601626016
2019-09-17,13900,14150,13500,13750,103527,-0.038461538461538436
2019-09-18,13500,14400,13100,14000,141112,0.018181818181818077
2019-09-19,14250,14250,13650,13900,48872,-0.0071428571428571175
2019-09-20,13950,14350,13750,14100,51653,0.014388489208633004
2019-09-23,14700,15200,14400,15150,239253,0.07446808510638303
2019-09-24,14900,15350,14700,15050,103338,-0.0066006600660065695
2019-09-25,15000,15050,13650,13850,149431,-0.07973421926910296
2019-09-26,14200,14500,13700,13950,71817,0.0072202166064982976
2019-09-27,13500,14100,13450,13800,43332,-0.010752688172043001
2019-09-30,13500,13800,13300,13500,28059,-0.021739130434782594
2019-10-01,13600,13950,13350,13400,25884,-0.007407407407407418
2019-10-02,14600,14600,13850,14050,98530,0.04850746268656714
2019-10-04,14250,14900,13850,14250,156626,0.014234875444839812
2019-10-07,12850,13250,11800,11850,201540,-0.16842105263157892
2019-10-08,11850,12200,11800,11900,50629,0.00421940928270037
2019-10-10,11900,12150,11750,12000,52445,0.008403361344537785
2019-10-11,12000,12150,11900,12100,29149,0.008333333333333304
2019-10-14,12200,12700,12000,12500,74626,0.03305785123966931
2019-10-15,12550,12600,12250,12450,14699,-0.0040000000000000036
2019-10-16,12250,12550,12200,12350,22395,-0.008032128514056214
2019-10-17,12700,12700,12050,12050,28909,-0.02429149797570851
2019-10-18,12300,12500,12100,12150,37202,0.008298755186721962
2019-10-21,12100,12150,11600,11650,40982,-0.04115226337448563
2019-10-22,11900,12100,11700,11950,34749,0.025751072961373467
2019-10-23,11750,11750,11350,11450,63861,-0.04184100418410042
2019-10-24,11450,11800,11300,11600,31573,0.013100436681222627
2019-10-25,11600,11750,11500,11600,14435,0.0
2019-10-28,11500,11650,11300,11450,22807,-0.012931034482758674
2019-10-29,11550,11650,11400,11550,16543,0.008733624454148492
2019-10-30,11550,11550,11100,11250,19112,-0.025974025974025983
2019-10-31,11250,11350,11050,11350,19738,0.008888888888888946
2019-11-01,11200,11300,11050,11300,23953,-0.004405286343612369
2019-11-04,11400,12150,11150,11950,69246,0.05752212389380529
2019-11-05,12200,12200,11650,11900,54713,-0.004184100418409997
2019-11-06,11900,14100,11800,12900,342252,0.08403361344537807
2019-11-07,12800,12800,12450,12550,68515,-0.027131782945736482
2019-11-08,12550,12700,12400,12650,42184,0.007968127490039834
2019-11-11,12700,13200,12450,12700,73616,0.0039525691699604515
2019-11-12,12600,12850,12100,12350,35336,-0.027559055118110187
2019-11-13,12200,12500,12200,12250,29375,-0.0080971659919028
2019-11-14,12250,12450,12100,12450,30477,0.01632653061224487
2019-11-15,12450,12950,12350,12450,46470,0.0
2019-11-18,12900,13400,12650,12750,106051,0.024096385542168752
2019-11-19,12650,13000,12550,12850,33670,0.007843137254901933
2019-11-20,13050,13050,12200,12200,52403,-0.05058365758754868
2019-11-21,12300,12350,11800,11950,38082,-0.020491803278688492
2019-11-22,11900,12000,11550,11950,40964,0.0
2019-11-25,11900,12150,11850,11850,28077,-0.008368200836820106
2019-11-26,11800,12150,11750,11900,17335,0.00421940928270037
2019-11-27,11900,12000,11500,11600,22752,-0.025210084033613467
2019-11-28,11500,11500,11150,11200,29412,-0.03448275862068961
2019-11-29,11250,12150,11000,11150,82228,-0.004464285714285698
2019-12-02,11150,11250,11000,11100,33830,-0.004484304932735439
2019-12-03,11100,11500,10800,11400,34285,0.027027027027026973
2019-12-04,10900,11150,10900,11000,22232,-0.03508771929824561
2019-12-05,10900,11100,10550,10800,26076,-0.018181818181818188
2019-12-06,10750,10900,10500,10850,15902,0.004629629629629539
2019-12-09,10800,10950,10650,10750,16036,-0.009216589861751112
2019-12-10,10750,10950,10650,10850,14916,0.009302325581395321
2019-12-11,10950,11100,10800,11100,20321,0.02304147465437789
2019-12-12,11200,11400,11050,11350,22786,0.022522522522522515
2019-12-13,11450,11500,11150,11400,14976,0.004405286343612369
2019-12-16,11250,11500,11150,11250,22382,-0.013157894736842146
2019-12-17,11400,11750,11100,11250,53056,0.0
2019-12-18,11200,11450,11000,11450,25349,0.01777777777777767
2019-12-19,11450,11450,11200,11200,12920,-0.02183406113537123
2019-12-20,11200,11500,11200,11300,22639,0.008928571428571397
2019-12-23,11300,11400,10950,10950,28029,-0.030973451327433676
2019-12-24,10900,11100,10900,10900,15776,-0.004566210045662156
2019-12-26,10900,11250,10900,11050,24598,0.013761467889908285
2019-12-27,11400,12500,11150,11450,141619,0.03619909502262453
2019-12-30,11450,11550,11250,11300,40631,-0.013100436681222738
2020-01-02,11250,11400,11200,11350,27439,0.004424778761061843
2020-01-03,11350,11500,11300,11450,21926,0.008810572687224738
2020-01-06,11300,11300,10850,11000,32129,-0.0393013100436681
2020-01-07,11000,11200,10950,10950,13942,-0.004545454545454519
2020-01-08,10900,10950,10200,10500,55159,-0.04109589041095896
2020-01-09,10700,11150,10650,10900,36673,0.03809523809523818
2020-01-10,11000,11200,10800,10950,15508,0.004587155963302836
2020-01-13,10900,11500,10800,11350,46090,0.0365296803652968
2020-01-14,11450,11500,11200,11300,26402,-0.004405286343612369
2020-01-15,11400,11700,11200,11550,38525,0.022123893805309658
2020-01-16,11600,11650,11250,11350,17308,-0.017316017316017285
2020-01-17,11350,11500,11200,11300,22283,-0.004405286343612369
2020-01-20,11300,11300,11000,11100,22450,-0.017699115044247815
2020-01-21,11050,11250,10900,11100,22638,0.0
2020-01-22,11000,11150,10900,11000,19294,-0.009009009009009028
2020-01-23,11000,11000,10800,11000,11936,0.0
2020-01-28,10950,10950,10400,10500,37171,-0.045454545454545414
2020-01-29,10700,10750,10450,10550,19743,0.004761904761904745
2020-01-30,10500,10550,10250,10300,24866,-0.023696682464455
2020-01-31,10200,10400,10000,10000,25043,-0.029126213592232997
2020-02-03,10000,10000,9550,9910,34189,-0.009000000000000008
2020-02-04,9910,10450,9910,10300,22976,0.039354187689202735
2020-02-05,10300,10400,10150,10300,16243,0.0
2020-02-06,10200,10550,10200,10400,21267,0.009708737864077666
2020-02-07,10450,10750,10300,10750,13251,0.033653846153846256
2020-02-10,10650,11200,10450,10700,49355,-0.0046511627906976605
2020-02-11,10550,10750,10500,10550,22699,-0.014018691588784993
2020-02-12,10550,10650,10350,10500,20482,-0.004739336492891044
2020-02-13,10400,10650,10300,10400,20370,-0.00952380952380949
2020-02-14,10400,10400,10150,10300,18411,-0.009615384615384581
2020-02-17,10300,10450,10000,10350,24429,0.004854368932038833
2020-02-18,10350,10500,10050,10100,26802,-0.024154589371980673
2020-02-19,10050,10300,9810,10000,30598,-0.00990099009900991
2020-02-20,10000,10100,9810,9940,24532,-0.006000000000000005
2020-02-21,9810,9900,9660,9700,23646,-0.024144869215291798
2020-02-24,9310,9560,8900,8900,62162,-0.08247422680412375
2020-02-25,8760,9150,8760,9150,32251,0.028089887640449396
2020-02-26,8960,9220,8860,9120,16090,-0.003278688524590123
2020-02-27,9090,9290,8950,9000,17854,-0.013157894736842146
2020-02-28,8610,8900,8410,8530,56659,-0.05222222222222217
2020-03-02,8530,8650,8390,8580,19845,0.0058616647127784915
2020-03-03,8600,8870,8590,8700,25731,0.013986013986013957
2020-03-04,8690,8940,8620,8840,19371,0.016091954022988464
2020-03-05,8870,9230,8870,9220,21547,0.042986425339366585
2020-03-06,9310,9490,8920,9010,33331,-0.022776572668112838
2020-03-09,8920,9010,8610,8740,19707,-0.029966703662597127
2020-03-10,8400,8770,8400,8650,20157,-0.010297482837528626
2020-03-11,8670,8940,8130,8350,26973,-0.034682080924855474
2020-03-12,8300,8300,7800,7800,40937,-0.06586826347305386
2020-03-13,7030,7500,6600,7130,56173,-0.08589743589743593
2020-03-16,7170,7380,7100,7210,55431,0.011220196353436185
2020-03-17,7200,7200,6810,7010,30272,-0.0277392510402219
2020-03-18,7380,7430,7050,7070,52962,0.008559201141226769
2020-03-19,6980,7190,6340,6510,61463,-0.07920792079207917
2020-03-20,6490,7240,6490,6690,39043,0.02764976958525356
2020-03-23,6120,6600,6120,6190,36263,-0.07473841554559046
2020-03-24,6130,6460,6100,6360,43698,0.02746365105008075
2020-03-25,6600,7170,6510,7100,73994,0.11635220125786172
2020-03-26,7400,7590,7030,7400,52282,0.04225352112676051
2020-03-27,7600,7900,7600,7880,68196,0.06486486486486487
2020-03-30,7640,8200,7640,8100,49509,0.027918781725888353
2020-03-31,8200,10300,8200,8800,185007,0.08641975308641969
2020-04-01,8660,9080,8500,8670,70819,-0.01477272727272727
2020-04-02,8550,9040,8430,8950,41485,0.032295271049596286
2020-04-03,9000,9430,9000,9320,38621,0.04134078212290504
2020-04-06,9360,9570,9290,9350,29074,0.0032188841201716833
2020-04-07,9510,9510,9050,9260,23331,-0.009625668449197877
2020-04-08,9260,9270,8820,9200,26091,-0.006479481641468721
2020-04-09,9220,9360,9100,9200,34371,0.0
2020-04-10,9210,9240,8620,9090,20481,-0.011956521739130421
2020-04-13,9040,9100,8620,8830,16782,-0.028602860286028653
2020-04-14,8830,9470,8830,9360,66566,0.060022650056625215
2020-04-16,9470,10100,8770,9840,145515,0.05128205128205132
2020-04-17,10000,10000,9370,9450,96025,-0.03963414634146345
2020-04-20,9450,11150,9450,10750,414979,0.13756613756613767
2020-04-21,11200,13950,11100,13950,2917664,0.29767441860465116
2020-04-22,14400,15000,12950,14950,2978509,0.07168458781362008
2020-04-23,14000,14500,13500,13750,897305,-0.08026755852842804
2020-04-24,13550,13700,12700,12750,416809,-0.07272727272727275
2020-04-27,12850,13300,12450,12800,290589,0.0039215686274509665
2020-04-28,13000,13250,12100,12450,261432,-0.02734375
2020-04-29,12700,13100,12500,13050,291617,0.04819277108433728
2020-05-04,13600,13650,12500,12600,257810,-0.03448275862068961
2020-05-06,12500,12950,12300,12700,120367,0.007936507936507908
2020-05-07,12800,13700,12600,13400,428318,0.055118110236220375
2020-05-08,13650,13650,13150,13500,146388,0.00746268656716409
2020-05-11,13100,13150,12450,12500,178806,-0.07407407407407407
2020-05-12,12550,12650,12100,12150,101960,-0.028000000000000025
2020-05-13,12150,12350,11800,12300,69942,0.012345679012345734
2020-05-14,11900,12200,11650,11950,154413,-0.028455284552845517
2020-05-15,12100,12200,11550,11600,71997,-0.029288702928870314
2020-05-18,11650,11800,11350,11550,91664,-0.004310344827586188
2020-05-19,11800,12100,11600,12100,107898,0.04761904761904767
2020-05-20,12050,12150,11900,11950,57604,-0.012396694214875992
2020-05-21,12000,12000,11750,11800,68323,-0.012552301255230103
2020-05-22,11800,12250,11750,11800,101500,0.0
2020-05-25,11800,11900,11500,11650,48560,-0.012711864406779627
2020-05-26,11650,12400,11550,12100,146492,0.03862660944205998
2020-05-27,12250,12450,11950,12350,117495,0.02066115702479343
2020-05-28,12350,12450,11500,11800,114502,-0.04453441295546556
2020-05-29,11800,11950,11600,11800,45702,0.0
2020-06-01,11750,12150,11750,11950,56683,0.012711864406779627
2020-06-02,12050,12300,11850,12200,72297,0.02092050209205021
2020-06-03,12250,12400,11950,12150,93979,-0.004098360655737654
2020-06-04,12200,12200,11900,11950,54545,-0.016460905349794275
2020-06-05,11950,12150,11900,12100,48251,0.012552301255230214
2020-06-08,12000,12300,11800,11800,71365,-0.024793388429752095
2020-06-09,11550,11650,11350,11400,102763,-0.03389830508474578
2020-06-10,11450,11500,11000,11200,68911,-0.01754385964912286
2020-06-11,11200,11400,11100,11100,54363,-0.008928571428571397
2020-06-12,10500,11050,10500,10800,77538,-0.027027027027026973
2020-06-15,10550,10750,9760,9760,140485,-0.09629629629629632
2020-06-16,10000,10750,9980,10550,53119,0.08094262295081966
2020-06-17,10050,10300,9770,9960,91824,-0.055924170616113766
2020-06-18,9950,10300,9630,10100,99972,0.014056224899598346
2020-06-19,10050,11350,9890,10450,267180,0.034653465346534684
2020-06-22,10550,10900,9910,10000,78776,-0.0430622009569378
2020-06-23,10150,10200,9920,9950,32372,-0.0050000000000000044
2020-06-24,10950,11000,10300,10800,175165,0.085427135678392
2020-06-25,10800,10800,10200,10200,74476,-0.05555555555555558
2020-06-26,10350,10800,10200,10250,43372,0.004901960784313708
2020-06-29,10050,10250,9950,10000,45514,-0.024390243902439046
2020-06-30,10100,10200,9980,10100,47674,0.010000000000000009
2020-07-01,10050,10600,10050,10500,73103,0.03960396039603964
2020-07-02,10800,10800,10400,10450,42302,-0.004761904761904745
2020-07-03,10550,11000,10400,11000,59048,0.05263157894736836
2020-07-06,11000,11250,10850,11150,72547,0.013636363636363669
2020-07-07,11150,11150,10750,10900,49630,-0.022421524663677084
2020-07-08,11500,11500,10650,10750,123525,-0.013761467889908285
2020-07-09,10900,10900,10650,10700,39940,-0.0046511627906976605
2020-07-10,10750,11100,10400,11050,57522,0.032710280373831724
2020-07-13,11100,11200,10800,11000,34684,-0.004524886877828038
2020-07-14,11000,11000,10650,10700,28185,-0.027272727272727226
2020-07-15,10750,10900,10650,10750,27872,0.004672897196261738
2020-07-16,10850,10900,10700,10700,30247,-0.0046511627906976605
2020-07-17,10800,11250,10800,11150,62942,0.0420560747663552
2020-07-20,11300,11350,10800,11050,51609,-0.008968609865470878
2020-07-21,11050,11050,10850,10950,28938,-0.009049773755656076
2020-07-22,10850,11000,10750,10850,37136,-0.0091324200913242
2020-07-23,10800,10950,10600,10900,40649,0.004608294930875667
2020-07-24,10850,11200,10700,10750,59596,-0.013761467889908285
2020-07-27,10750,10850,10600,10800,39109,0.0046511627906977715
2020-07-28,10900,10950,10700,10850,24996,0.004629629629629539
2020-07-29,10900,11100,10750,10750,25707,-0.009216589861751112
2020-07-30,10750,10850,10500,10650,57820,-0.009302325581395321
2020-07-31,10700,10700,10450,10450,34980,-0.018779342723004744
2020-08-03,10600,10650,10400,10450,27657,0.0
2020-08-04,10550,11050,10500,10800,61861,0.03349282296650724
2020-08-05,10900,10900,10700,10750,22753,-0.00462962962962965
2020-08-06,10800,11250,10750,10950,80875,0.018604651162790642
2020-08-07,10950,11050,10700,10750,59319,-0.0182648401826484
2020-08-10,11000,11150,10750,10950,90882,0.018604651162790642
2020-08-11,11350,12450,11000,12250,741306,0.11872146118721472
2020-08-12,12600,12950,12100,12250,527401,0.0
2020-08-13,12700,12700,11500,11600,155927,-0.05306122448979589
2020-08-14,11500,11650,11000,11200,111308,-0.03448275862068961
2020-08-18,11100,11100,10250,10300,122998,-0.0803571428571429
2020-08-19,10300,10600,10300,10500,67640,0.01941747572815533
2020-08-20,10350,10400,10000,10000,122697,-0.04761904761904767
2020-08-21,10000,10350,10000,10150,53508,0.014999999999999902
2020-08-24,10150,10300,10000,10100,33125,-0.0049261083743842304
2020-08-25,10100,10350,10050,10350,53654,0.024752475247524774
2020-08-26,10350,10350,10100,10200,41794,-0.01449275362318836
2020-08-27,10100,10200,9950,9980,77797,-0.021568627450980427
2020-08-28,10000,10150,9980,10050,44382,0.007014028056112176
2020-08-31,10100,10100,9950,10000,45779,-0.00497512437810943
2020-09-01,10000,10150,9930,10100,29073,0.010000000000000009
2020-09-02,10200,10200,10000,10150,27770,0.004950495049504955
2020-09-03,10200,10200,10050,10150,21931,0.0
2020-09-04,9920,10150,9850,9990,44940,-0.015763546798029604
2020-09-07,9990,10200,9880,10150,54583,0.0160160160160161
2020-09-08,11100,11150,10250,10250,217934,0.009852216748768461
2020-09-09,10050,10200,10000,10150,54984,-0.009756097560975618
2020-09-10,10750,10750,10250,10350,68907,0.019704433497536922
2020-09-11,10500,10600,10300,10400,48250,0.004830917874396157
2020-09-14,10400,10500,10250,10500,43938,0.009615384615384581
2020-09-15,10500,10500,10350,10500,33960,0.0
2020-09-16,10550,10750,10450,10650,72483,0.014285714285714235
2020-09-17,10650,10650,10350,10450,32089,-0.018779342723004744
2020-09-18,10450,10550,10350,10500,27588,0.004784688995215225
2020-09-21,10400,10550,10150,10200,30960,-0.02857142857142858
2020-09-22,10100,10200,9950,9960,55576,-0.02352941176470591
2020-09-23,10000,10150,9870,10100,29619,0.014056224899598346
2020-09-24,9850,10100,9810,9840,32146,-0.025742574257425765
2020-09-25,9850,10150,9530,10100,81700,0.026422764227642226
2020-09-28,10000,10250,9990,10050,30844,-0.004950495049504955
2020-09-29,10050,10250,10050,10100,16885,0.004975124378109541
2020-10-05,9990,10250,9950,10050,34379,-0.004950495049504955
2020-10-06,10100,10300,10000,10050,48583,0.0
2020-10-07,10050,10150,9990,10000,21779,-0.00497512437810943
2020-10-08,10100,10650,10000,10100,117144,0.010000000000000009
2020-10-12,10200,10400,10050,10300,59111,0.01980198019801982
2020-10-13,10350,10350,10100,10250,27124,-0.004854368932038833
2020-10-14,10250,10250,10100,10150,22301,-0.009756097560975618
2020-10-15,10100,10250,10000,10100,37355,-0.0049261083743842304
2020-10-16,10100,10150,9900,9970,35108,-0.012871287128712883
2020-10-19,10000,10100,9960,9970,11710,0.0
2020-10-20,9940,10200,9850,10000,39574,0.0030090270812437314
2020-10-21,10150,10150,9990,10050,19854,0.004999999999999893
2020-10-22,10100,10100,9900,9920,21642,-0.012935323383084563
2020-10-23,9870,10000,9850,9920,11264,0.0
2020-10-26,9880,9920,9830,9840,16925,-0.008064516129032251
2020-10-27,9800,9840,9700,9790,18184,-0.005081300813008172
2020-10-28,9730,9900,9730,9890,14752,0.010214504596527174
2020-10-29,9880,9880,9710,9800,10728,-0.009100101112234582
2020-10-30,9870,9870,9690,9770,8206,-0.003061224489795955
2020-11-02,9770,9860,9650,9860,17808,0.00921187308085969
2020-11-03,9860,9930,9720,9880,10227,0.0020283975659229903
2020-11-04,9940,10300,9890,10300,82925,0.04251012145748989
2020-11-05,10100,10100,9830,9890,57531,-0.03980582524271847
2020-11-06,9890,10100,9860,10000,49857,0.011122345803842304
2020-11-09,10150,10250,9950,10050,23904,0.004999999999999893
2020-11-10,10000,10200,9950,10200,44460,0.014925373134328401
2020-11-11,10150,10150,9990,10150,32388,-0.004901960784313708
2020-11-12,10100,10300,10050,10100,35212,-0.0049261083743842304
2020-11-13,10100,10300,10000,10000,33285,-0.00990099009900991
2020-11-16,10050,10300,10000,10250,45745,0.02499999999999991
2020-11-17,10200,10300,10100,10100,35037,-0.014634146341463428
2020-11-18,10250,10300,10100,10200,21093,0.00990099009900991
2020-11-19,10200,10400,10150,10300,37987,0.009803921568627416
2020-11-20,10300,10300,10100,10150,17984,-0.014563106796116498
2020-11-23,10200,10200,10000,10150,29547,0.0
2020-11-24,10300,10400,10200,10400,62246,0.024630541871921263
2020-11-25,10350,10450,10000,10100,64400,-0.028846153846153855
2020-11-26,10100,10200,10000,10200,24111,0.00990099009900991
2020-11-27,10100,10200,10050,10150,19328,-0.004901960784313708
2020-11-30,10150,10200,10000,10050,28337,-0.009852216748768461
2020-12-01,10050,10150,10000,10050,36306,0.0
2020-12-02,10150,10250,10000,10100,39690,0.004975124378109541
2020-12-03,10050,10150,10000,10050,37828,-0.004950495049504955
2020-12-04,10050,10500,10050,10150,152934,0.00995024875621886
2020-12-07,10300,10350,10200,10350,70483,0.019704433497536922
2020-12-08,10450,10500,10150,10150,41308,-0.019323671497584516
2020-12-09,10150,10350,10050,10300,50362,0.014778325123152802
2020-12-10,10400,13350,10250,13350,2465805,0.296116504854369
2020-12-11,13700,15050,12900,13700,2461482,0.02621722846441954
2020-12-14,14050,14600,13600,13900,949778,0.014598540145985384
2020-12-15,13750,13900,13450,13900,173215,0.0
2020-12-16,14150,14450,14050,14400,235472,0.03597122302158273
2020-12-17,14650,14650,13900,14250,214503,-0.01041666666666663
2020-12-18,14200,16700,14100,15500,1985570,0.08771929824561409
2020-12-21,15400,16300,14350,14350,684378,-0.0741935483870968
2020-12-22,14100,14150,12950,13200,398083,-0.08013937282229966
2020-12-23,13200,13500,12500,12850,313136,-0.02651515151515149
2020-12-24,12800,13900,12750,13200,301288,0.027237354085603016
2020-12-28,13050,13100,12300,12400,203465,-0.06060606060606055
2020-12-29,12700,13300,12500,13000,166165,0.048387096774193505
2020-12-30,12950,13550,12900,13400,158045,0.03076923076923066
2021-01-04,13700,13750,13050,13450,149655,0.003731343283582156
2021-01-05,13250,15400,13150,14300,521205,0.06319702602230493
2021-01-06,14700,14700,13850,14100,228417,-0.013986013986013957
2021-01-07,14100,14800,12850,14150,240023,0.0035460992907800915
2021-01-08,14350,14400,13500,13750,154709,-0.028268551236749095
2021-01-11,13750,13750,12550,12750,231801,-0.07272727272727275
2021-01-12,12750,13250,12550,13100,108910,0.027450980392156765
2021-01-13,13050,13650,12850,13650,85004,0.041984732824427384
2021-01-14,13550,14000,13250,13650,101138,0.0
2021-01-15,13600,13850,13150,13750,98269,0.0073260073260073
2021-01-18,14150,14200,13300,13300,145988,-0.032727272727272716
2021-01-19,13300,17250,13300,15000,2429140,0.1278195488721805
2021-01-20,15000,15050,14350,14750,328639,-0.01666666666666672
2021-01-21,14750,15600,14200,14200,516441,-0.037288135593220306
2021-01-22,14150,14450,13800,14300,193688,0.007042253521126751
2021-01-25,14400,14700,14000,14000,175961,-0.020979020979020935
2021-01-26,14000,14050,13450,13650,144427,-0.025000000000000022
2021-01-27,13750,14650,13600,14500,251289,0.06227106227106227
2021-01-28,14000,14950,13800,14900,273275,0.02758620689655178
2021-01-29,15150,17100,13300,13600,1326023,-0.08724832214765099
2021-02-01,13550,15500,13400,15100,397098,0.11029411764705888
2021-02-02,15300,15950,14850,15950,636934,0.056291390728476776
2021-02-03,15800,16700,15450,16500,579525,0.034482758620689724
2021-02-04,16650,16950,14750,15100,502017,-0.08484848484848484
2021-02-05,15000,15400,14500,15100,171918,0.0
2021-02-08,15000,15550,14750,14900,117711,-0.013245033112582738
2021-02-09,14800,15150,14600,14600,102764,-0.020134228187919434
2021-02-10,14550,14750,14250,14600,63147,0.0
2021-02-15,14650,15000,14500,14700,108573,0.006849315068493178
2021-02-16,14700,15350,14400,15050,153489,0.023809523809523725
2021-02-17,15100,15400,14850,15350,99704,0.019933554817275656
2021-02-18,15500,15500,14800,14950,99153,-0.026058631921824116
2021-02-19,14850,14950,14100,14400,97298,-0.03678929765886285
2021-02-22,14250,14600,13850,14000,65332,-0.02777777777777779
2021-02-23,14000,14000,13500,13750,85907,-0.017857142857142905
2021-02-24,13900,13900,13350,13400,76882,-0.025454545454545507
2021-02-25,13600,14050,13450,14000,74049,0.04477611940298498
2021-02-26,13550,13700,13350,13400,60133,-0.042857142857142816
2021-03-02,13650,13800,13150,13350,50772,-0.003731343283582045
2021-03-03,13300,13500,13200,13350,43495,0.0
2021-03-04,13300,13650,13150,13600,46522,0.01872659176029967
2021-03-05,13400,13500,12800,13050,67116,-0.0404411764705882
2021-03-08,13150,13300,13000,13000,45030,-0.003831417624521105
2021-03-09,12950,13100,12400,12900,60092,-0.007692307692307665
2021-03-10,13050,13050,12400,12400,67973,-0.03875968992248058
2021-03-11,12400,12700,12400,12600,44031,0.016129032258064502
2021-03-12,12800,13100,12750,13100,39001,0.039682539682539764
2021-03-15,13200,13550,13100,13500,51279,0.03053435114503822
2021-03-16,13450,13550,13100,13250,46667,-0.01851851851851849
2021-03-17,13250,13500,13100,13400,28942,0.01132075471698113
2021-03-18,13650,13650,13300,13400,31668,0.0
2021-03-19,13100,13500,13050,13450,27898,0.003731343283582156
2021-03-22,13500,13500,13150,13450,30879,0.0
2021-03-23,13400,14050,13350,13600,107003,0.011152416356877248
2021-03-24,13800,13800,13350,13800,53657,0.014705882352941124
2021-03-25,13500,13950,13500,13900,34100,0.007246376811594235
2021-03-26,13950,14200,13650,14050,62244,0.010791366906474753
2021-03-29,14400,14400,14050,14100,73437,0.003558718861210064
2021-03-30,14300,14300,13900,13900,50826,-0.014184397163120588
2021-03-31,13950,14200,13600,13900,54822,0.0
2021-04-01,14250,14250,13800,13800,41280,-0.007194244604316502
2021-04-02,13800,13900,13400,13500,70083,-0.021739130434782594
2021-04-05,13450,14050,13350,13950,70212,0.03333333333333344
2021-04-06,13950,14750,13900,14700,198860,0.053763440860215006
2021-04-07,14650,15100,14600,14800,165800,0.006802721088435382
2021-04-08,14850,15250,14600,15000,120698,0.013513513513513598
2021-04-09,15200,15950,14900,15350,290918,0.023333333333333428
2021-04-12,15350,15350,14750,14900,94716,-0.02931596091205213
2021-04-13,14950,15350,14550,15200,115147,0.020134228187919545
2021-04-14,15750,15900,15150,15150,136844,-0.003289473684210509
2021-04-15,15250,15250,14850,14900,52131,-0.01650165016501648
2021-04-16,15050,15700,15000,15300,105858,0.02684563758389258
2021-04-19,15400,15650,14850,14950,67575,-0.022875816993464082
2021-04-20,14850,15200,14800,15200,51952,0.01672240802675584
2021-04-21,15400,15600,14900,15050,87539,-0.009868421052631526
2021-04-22,15150,15850,15000,15750,153701,0.04651162790697683
2021-04-23,15750,15850,15300,15800,135389,0.0031746031746031633
2021-04-26,15800,16250,15750,16100,114168,0.018987341772152
2021-04-27,16150,16250,15750,16000,62132,-0.006211180124223614
2021-04-28,15950,16050,15200,15300,96702,-0.043749999999999956
2021-04-29,15300,15600,14550,15350,104490,0.0032679738562091387
2021-04-30,15750,15750,14900,15050,72810,-0.019543973941368087
2021-05-03,14900,15350,14850,15050,58116,0.0
2021-05-04,15100,15200,14550,15050,82302,0.0
2021-05-06,15050,15350,14950,15150,50230,0.006644518272425293
2021-05-07,15400,19600,15200,18150,5480669,0.19801980198019797
2021-05-10,18050,18750,17750,18750,1173017,0.03305785123966931
2021-05-11,18350,19000,18250,18750,552719,0.0
2021-05-12,18850,19150,18150,18750,544736,0.0
2021-05-13,18200,19250,18200,18350,555002,-0.021333333333333315
2021-05-14,18650,18650,17300,17600,393507,-0.04087193460490468
2021-05-17,17900,18100,16850,17100,320633,-0.02840909090909094
2021-05-18,17100,17300,16850,17300,144030,0.011695906432748648
2021-05-20,17200,17250,16500,16600,194629,-0.040462427745664775
2021-05-21,16650,16950,16300,16450,132783,-0.009036144578313254
2021-05-24,16450,16550,15650,15750,154477,-0.04255319148936165
2021-05-25,15800,16100,15550,15700,83407,-0.0031746031746031633
2021-05-26,15800,16500,15650,16450,168395,0.047770700636942776
2021-05-27,16300,16650,16150,16650,114400,0.012158054711246091
2021-05-28,16650,16700,16250,16550,65335,-0.006006006006005982
2021-05-31,16650,16650,16300,16400,43859,-0.009063444108761365
2021-06-01,16400,16700,16200,16250,81963,-0.009146341463414642
2021-06-02,16300,18500,16100,17650,1331529,0.08615384615384625
2021-06-03,17850,18000,17450,17900,269367,0.014164305949008416
2021-06-04,18150,18200,17500,17650,137082,-0.013966480446927387
2021-06-07,17650,17750,17050,17350,111879,-0.016997167138810165
2021-06-08,17150,17750,17150,17500,113136,0.008645533141210304
2021-06-09,17450,17750,17050,17050,92744,-0.02571428571428569
2021-06-10,17150,17350,16900,16900,51552,-0.008797653958944274
2021-06-11,16900,17150,16800,16900,62073,0.0
2021-06-14,17050,17250,16800,17250,40832,0.020710059171597628
2021-06-15,17250,17450,17050,17200,51689,-0.0028985507246376274
2021-06-16,17350,17650,17100,17250,66757,0.0029069767441860517
2021-06-17,17150,17300,16500,16700,123514,-0.03188405797101446
2021-06-18,16700,17850,16650,17850,238539,0.06886227544910173
2021-06-21,17900,18150,17400,17600,171962,-0.014005602240896309
2021-06-22,17550,18050,17250,17300,92564,-0.017045454545454586
2021-06-23,17300,17450,16800,16900,87808,-0.023121387283236983
2021-06-24,16800,16850,16250,16750,116717,-0.00887573964497046
2021-06-25,17000,17100,16700,16800,44061,0.0029850746268655914
2021-06-28,17000,17000,16600,16800,43832,0.0
2021-06-29,16900,16900,16450,16650,40397,-0.008928571428571397
2021-06-30,16650,16750,16450,16700,54052,0.0030030030030030463
2021-07-01,16800,17400,16450,17250,121097,0.03293413173652704
2021-07-02,17450,18050,17200,17800,257169,0.03188405797101446
2021-07-05,17850,17900,17300,17400,75149,-0.022471910112359605
2021-07-06,17450,17650,17300,17350,64436,-0.002873563218390829
2021-07-07,17300,17350,17050,17050,37360,-0.01729106628242072
2021-07-08,16950,17100,16450,16700,72203,-0.02052785923753664
2021-07-09,16650,16650,15700,15950,146018,-0.04491017964071853
2021-07-12,15950,16700,15900,16200,103012,0.01567398119122254
2021-07-13,16400,16700,16250,16450,73462,0.015432098765432167
2021-07-14,16450,16450,16050,16100,61993,-0.021276595744680882
2021-07-15,16200,16200,15950,16050,46060,-0.0031055900621117516
2021-07-16,15900,16050,15750,15900,42285,-0.009345794392523366
2021-07-19,15700,15700,15350,15500,65979,-0.02515723270440251
2021-07-20,15200,15600,15200,15350,35758,-0.009677419354838679
2021-07-21,15450,15550,15200,15250,29598,-0.006514657980456029
2021-07-22,15400,15800,15400,15650,38602,0.026229508196721207
2021-07-23,15900,16200,15750,15800,51880,0.009584664536741228
2021-07-26,15900,15950,15450,15450,28173,-0.022151898734177222
2021-07-27,15400,17500,15350,16250,382032,0.05177993527508096
2021-07-28,16300,16750,15750,16500,108185,0.01538461538461533
2021-07-29,16600,16600,16100,16250,42761,-0.015151515151515138
2021-07-30,16250,16650,16100,16350,57173,0.006153846153846176
2021-08-02,16200,16250,15900,16150,24302,-0.012232415902140636
2021-08-03,16200,16200,15550,16050,34184,-0.006191950464396245
2021-08-04,16100,16150,15900,16150,25878,0.006230529595015577
2021-08-05,16100,16250,15950,16150,32745,0.0
2021-08-06,16300,16750,16150,16600,70619,0.02786377708978338
2021-08-09,16450,16750,16300,16450,56924,-0.009036144578313254
2021-08-10,16300,16350,15800,15900,46863,-0.033434650455927084
2021-08-11,15750,16000,15500,15600,40220,-0.018867924528301883
2021-08-12,15600,15750,15300,15450,53712,-0.009615384615384581
2021-08-13,15300,15450,14700,15000,53151,-0.029126213592232997
2021-08-17,15000,15100,14500,14500,40478,-0.033333333333333326
2021-08-18,14150,14950,14100,14600,39268,0.006896551724137945
2021-08-19,14450,14650,14100,14150,46868,-0.03082191780821919
2021-08-20,14050,14300,13550,13600,57501,-0.03886925795053009
2021-08-23,13900,14700,13800,14450,41566,0.0625
2021-08-24,14600,14950,14500,14700,29644,0.01730103806228378
2021-08-25,15200,15300,14650,14850,27465,0.010204081632652962
2021-08-26,14800,15000,14650,14800,11205,-0.0033670033670033517
2021-08-27,14900,14900,14650,14700,21624,-0.006756756756756799
2021-08-30,14700,15150,14650,15150,30574,0.030612244897959107
2021-08-31,15300,15350,14950,15200,30131,0.0033003300330032292
2021-09-01,15200,15300,15000,15200,13901,0.0
2021-09-02,15150,15150,14800,14850,20111,-0.023026315789473673
2021-09-03,14850,15000,14800,14900,27499,0.0033670033670034627
2021-09-06,14900,15000,14650,14850,12257,-0.003355704697986628
2021-09-07,14850,14950,14650,14700,10391,-0.010101010101010055
2021-09-08,14700,15100,14600,14800,18346,0.006802721088435382
2021-09-09,14800,15000,14400,14400,24520,-0.027027027027026973
2021-09-10,14400,14600,14200,14600,14636,0.01388888888888884
2021-09-13,14500,14600,14250,14350,22610,-0.017123287671232834
2021-09-14,14350,14650,14350,14600,12009,0.017421602787456525
2021-09-15,14600,15300,14600,14900,34186,0.020547945205479534
2021-09-16,14950,15200,14600,14600,13220,-0.020134228187919434
2021-09-17,14550,14650,14300,14450,16626,-0.010273972602739767
2021-09-23,14350,14400,14050,14100,18159,-0.02422145328719727
2021-09-24,14050,15050,13850,14700,59895,0.042553191489361764
2021-09-27,15300,15550,15100,15400,81917,0.04761904761904767
2021-09-28,15300,15500,15050,15250,45572,-0.009740259740259716
2021-09-29,15000,15300,14650,15150,26048,-0.006557377049180357
2021-09-30,15500,15750,15150,15150,49069,0.0
2021-10-01,14950,15950,14950,15850,106274,0.0462046204620461
2021-10-05,15950,15950,14950,15250,80486,-0.03785488958990535
2021-10-06,15050,17350,14250,15200,540219,-0.003278688524590123
2021-10-07,15850,15850,14750,15250,76347,0.00328947368421062
2021-10-08,15450,15700,15250,15400,64882,0.009836065573770592
2021-10-12,15550,15550,14850,14850,41550,-0.0357142857142857
2021-10-13,14750,15900,14750,15650,152338,0.05387205387205385
2021-10-14,15850,16000,15450,15600,57784,-0.0031948881789137795
2021-10-15,15650,15850,15300,15800,67855,0.012820512820512775
2021-10-18,15600,15900,15300,15400,47766,-0.025316455696202556
2021-10-19,15400,15900,15400,15500,52525,0.006493506493506551
2021-10-20,15500,16000,15450,15950,68644,0.029032258064516148
2021-10-21,16000,16250,15650,15750,103066,-0.01253918495297801
2021-10-22,15750,16000,15600,15700,43472,-0.0031746031746031633
2021-10-25,15600,16050,15550,15800,35278,0.006369426751592355
2021-10-26,16050,16200,15750,16000,56823,0.012658227848101333
2021-10-27,15900,16000,15300,15600,70813,-0.025000000000000022
2021-10-28,15300,15700,15300,15350,29681,-0.01602564102564108
2021-10-29,15450,15450,15000,15200,39129,-0.009771986970684043
2021-11-01,15150,15150,14650,15000,59906,-0.013157894736842146
2021-11-02,15200,15200,14850,14900,33167,-0.00666666666666671
2021-11-03,14900,14950,14600,14600,26020,-0.020134228187919434
2021-11-04,14600,14950,14500,14550,40600,-0.003424657534246589
2021-11-05,14500,14950,14450,14700,28457,0.010309278350515427
2021-11-08,14700,15150,14500,15050,33999,0.023809523809523725
2021-11-09,14950,15250,14800,14950,25797,-0.006644518272425293
2021-11-10,14900,14900,14250,14300,30738,-0.04347826086956519
2021-11-11,14300,14750,14050,14250,34283,-0.0034965034965035446
2021-11-12,14200,14450,14100,14350,26625,0.007017543859649145
2021-11-15,14250,15200,14250,14600,28001,0.017421602787456525
2021-11-16,14600,14800,14300,14400,20337,-0.013698630136986356
2021-11-17,14500,14500,13850,14100,37013,-0.02083333333333337
2021-11-18,14050,14050,13500,13800,24615,-0.021276595744680882
2021-11-19,13750,13950,13500,13600,32647,-0.01449275362318836
2021-11-22,13600,13600,12950,13250,46126,-0.02573529411764708
2021-11-23,13300,13650,13300,13650,21576,0.030188679245283012
2021-11-24,13500,13650,13150,13350,16015,-0.02197802197802201
2021-11-25,13350,13350,12850,12900,21615,-0.0337078651685393
2021-11-26,12900,13300,12500,12500,46971,-0.03100775193798455
2021-11-29,12050,12350,11800,12000,40401,-0.040000000000000036
2021-11-30,11950,12100,11100,11300,79917,-0.05833333333333335
2021-12-01,11300,11600,10900,11450,63389,0.01327433628318575
2021-12-02,11050,11900,11050,11850,48508,0.03493449781659397
2021-12-03,11900,12200,11650,12200,25962,0.029535864978903037
2021-12-06,12100,12200,11700,12150,23438,-0.004098360655737654
2021-12-07,12200,12450,11900,12250,29167,0.008230452674897082
2021-12-08,12300,12500,12100,12100,21925,-0.01224489795918371
2021-12-09,12100,12300,12000,12150,20927,0.004132231404958775
2021-12-10,12150,12300,12100,12200,10272,0.004115226337448652
2021-12-13,12250,12250,12000,12000,19417,-0.016393442622950838
2021-12-14,11900,12050,11700,12000,20747,0.0
2021-12-15,12000,12000,11700,11800,14539,-0.01666666666666672
2021-12-16,11800,11850,11650,11750,11764,-0.004237288135593209
2021-12-17,11750,11900,11600,11800,14420,0.004255319148936065
2021-12-20,11800,11900,11450,11450,19454,-0.029661016949152574
2021-12-21,11450,11600,11300,11450,13678,0.0
2021-12-22,11500,11650,11450,11650,13989,0.017467248908296984
2021-12-23,11700,12200,11600,11900,26180,0.02145922746781115
2021-12-24,12300,14300,12100,13450,400348,0.13025210084033612
2021-12-27,13450,13900,13150,13550,71934,0.0074349442379182396
2021-12-28,13550,13650,12800,13300,45994,-0.01845018450184499
2021-12-29,13200,14100,13100,13700,51594,0.03007518796992481
2021-12-30,13850,14100,13500,13900,42089,0.014598540145985384
2022-01-03,14100,14100,13550,13750,25287,-0.010791366906474864
2022-01-04,13800,14000,13700,13900,20642,0.01090909090909098
2022-01-05,13800,13800,13450,13500,25177,-0.02877697841726623
2022-01-06,13100,13600,13050,13400,22176,-0.007407407407407418
2022-01-07,13300,13450,13150,13350,24285,-0.003731343283582045
2022-01-10,13350,13350,12900,13150,21013,-0.014981273408239737
2022-01-11,13100,13250,12800,12900,23024,-0.019011406844106515
2022-01-12,12850,13250,12800,13050,15477,0.011627906976744207
2022-01-13,13200,13450,13050,13200,16044,0.011494252873563315
2022-01-14,13250,13650,13050,13200,32513,0.0
2022-01-17,13550,14300,13300,13700,183507,0.037878787878787845
2022-01-18,13700,13700,12600,12600,62274,-0.08029197080291972
2022-01-19,12500,12900,11950,12350,51434,-0.019841269841269882
2022-01-20,12200,12500,12150,12350,21524,0.0
2022-01-21,12150,12300,11800,12100,29848,-0.020242914979757054
2022-01-24,11950,12100,11250,11600,41401,-0.04132231404958675
2022-01-25,11550,11700,10850,11150,47801,-0.03879310344827591
2022-01-26,11150,11350,11050,11250,24428,0.008968609865470878
2022-01-27,11300,11300,10500,10500,40200,-0.06666666666666665
2022-01-28,10550,11050,10300,11000,38037,0.04761904761904767
2022-02-03,11150,11450,10750,11150,82008,0.013636363636363669
2022-02-04,10950,11350,10900,11300,24478,0.013452914798206317
2022-02-07,11300,11450,11150,11300,12434,0.0
2022-02-08,11250,11650,11250,11350,24280,0.004424778761061843
2022-02-09,11400,11550,11350,11450,13659,0.008810572687224738
2022-02-10,11450,11550,11250,11250,20606,-0.017467248908296984
2022-02-11,11200,11950,11050,11500,60931,0.022222222222222143
2022-02-14,11200,11450,10950,11200,32034,-0.02608695652173909
2022-02-15,11200,11250,10800,10800,19750,-0.0357142857142857
2022-02-16,11200,11350,11050,11150,12190,0.03240740740740744
2022-02-17,11300,11450,11000,11200,24088,0.004484304932735439
2022-02-18,11050,11400,11050,11400,14494,0.017857142857142794
2022-02-21,11300,11600,11150,11600,19016,0.01754385964912286
2022-02-22,11300,11500,11200,11300,16191,-0.025862068965517238
2022-02-23,11200,11400,11200,11300,9615,0.0
2022-02-24,11150,11350,10850,10850,24586,-0.03982300884955747
2022-02-25,11000,11300,11000,11300,11984,0.041474654377880116
2022-02-28,11350,11500,11100,11400,13729,0.008849557522123908
2022-03-02,11250,11900,11250,11750,39358,0.030701754385964897
2022-03-03,12000,12050,11800,12050,32416,0.025531914893617058
2022-03-04,12050,12050,11800,12000,17511,-0.004149377593360981
2022-03-07,11750,12450,11750,12350,37239,0.029166666666666563
2022-03-08,12300,12300,11800,11950,28909,-0.03238866396761131
2022-03-10,12150,12550,12100,12400,51074,0.03765690376569042
2022-03-11,12500,14200,12300,13450,424873,0.08467741935483875
2022-03-14,13450,14000,13150,13250,169387,-0.014869888475836479
2022-03-15,13200,13400,12900,12900,47967,-0.026415094339622636
2022-03-16,12950,14850,12900,14200,613806,0.10077519379844957
2022-03-17,14200,14300,13500,13750,150271,-0.03169014084507038
2022-03-18,13700,14000,13500,13850,78138,0.0072727272727273196
2022-03-21,13850,14100,13650,13800,63505,-0.0036101083032491488
2022-03-22,13700,13800,13300,13500,64640,-0.021739130434782594
2022-03-23,13500,13650,13200,13450,42594,-0.0037037037037036535
2022-03-24,13350,15800,13250,14250,720961,0.059479553903345694
2022-03-25,14500,14650,13950,13950,135647,-0.021052631578947323
2022-03-28,14000,14400,13950,14050,66283,0.007168458781362075
2022-03-29,14250,14600,13800,14000,140632,-0.003558718861209953
2022-03-30,14000,14000,13600,14000,38028,0.0
2022-03-31,13900,14100,13550,13850,68014,-0.010714285714285676
2022-04-01,13800,13850,13550,13700,38634,-0.010830324909747335
2022-04-04,13750,13900,13550,13850,26610,0.010948905109489093
2022-04-05,13900,13950,13700,13900,18581,0.0036101083032491488
2022-04-06,13850,13850,13600,13700,29305,-0.014388489208633115
2022-04-07,13650,13650,13050,13450,41747,-0.018248175182481785
2022-04-08,13500,13500,13000,13450,28193,0.0
2022-04-11,13450,13600,13100,13400,30333,-0.0037174721189591198
2022-04-12,13200,13400,13000,13350,29568,-0.003731343283582045
2022-04-13,13350,13600,13250,13500,23670,0.011235955056179803
2022-04-14,13500,13500,13250,13400,15127,-0.007407407407407418
2022-04-15,13250,13700,13250,13600,42963,0.014925373134328401
2022-04-18,13500,13750,13350,13750,43964,0.011029411764705843
2022-04-19,13750,13800,13550,13750,26066,0.0
2022-04-20,13850,13850,13400,13600,31242,-0.010909090909090868
2022-04-21,13800,13800,13600,13700,28395,0.007352941176470562
2022-04-22,13600,13600,13300,13400,17852,-0.021897810218978075
2022-04-25,13200,13250,12800,12850,20684,-0.04104477611940294
2022-04-26,12950,12950,12700,12800,26097,-0.0038910505836575737
2022-04-27,12500,12650,12300,12500,30310,-0.0234375
2022-04-28,12500,12750,12500,12750,25882,0.020000000000000018
2022-04-29,12800,12950,12650,12700,31677,-0.0039215686274509665
2022-05-02,12550,12850,12500,12700,8665,0.0
2022-05-03,12750,12850,12600,12650,19187,-0.003937007874015741
2022-05-04,12600,12750,12450,12450,19728,-0.015810276679841917
2022-05-06,12200,12400,12100,12250,14688,-0.016064257028112428
2022-05-09,12200,12200,11800,11950,25832,-0.024489795918367308
2022-05-10,11500,11850,11350,11850,23024,-0.008368200836820106
2022-05-11,11650,11900,11650,11650,14050,-0.016877637130801704
2022-05-12,11650,11650,11050,11150,26455,-0.0429184549356223
2022-05-13,11050,11600,10950,11550,73296,0.03587443946188351
2022-05-16,11700,11900,11500,11750,30691,0.017316017316017396
2022-05-17,11600,11800,11550,11650,26434,-0.008510638297872353
2022-05-18,11800,11800,11400,11500,16845,-0.012875536480686733
2022-05-19,11300,11300,10900,11150,26207,-0.0304347826086957
2022-05-20,11150,11400,11100,11300,23671,0.013452914798206317
2022-05-23,11250,11350,11100,11250,10486,-0.004424778761061954
2022-05-24,11200,11350,11100,11200,21842,-0.004444444444444473
2022-05-25,11150,11300,11050,11200,11404,0.0
2022-05-26,11050,11350,11050,11150,20064,-0.004464285714285698
2022-05-27,11250,11350,11200,11350,19404,0.017937219730941756
2022-05-30,11350,11500,11300,11350,22295,0.0
2022-05-31,11500,11600,11350,11500,16177,0.013215859030837107
2022-06-02,11550,11550,11300,11450,13240,-0.004347826086956497
2022-06-03,11550,11600,11400,11600,13757,0.013100436681222627
2022-06-07,11600,11600,11150,11200,17940,-0.03448275862068961
2022-06-08,11200,11350,11150,11200,15875,0.0
2022-06-09,11200,11200,10950,11100,16792,-0.008928571428571397
2022-06-10,11000,11250,11000,11200,11764,0.009009009009008917
2022-06-13,11050,11050,10500,10500,36366,-0.0625
2022-06-14,10200,10450,10050,10350,39341,-0.014285714285714235
2022-06-15,10150,10350,9960,10050,35273,-0.02898550724637683
2022-06-16,10150,10350,9900,9950,16429,-0.00995024875621886
2022-06-17,9660,10050,9520,9960,26680,0.0010050251256281673
2022-06-20,10200,10200,9250,9250,41706,-0.071285140562249
2022-06-21,9250,9430,9060,9420,24184,0.018378378378378413
2022-06-22,9330,9600,8900,8910,28098,-0.05414012738853502
2022-06-23,8840,9150,8590,8620,40415,-0.032547699214365844
2022-06-24,8570,9000,8570,8960,16582,0.03944315545243615
2022-06-27,9050,9440,8960,9350,18978,0.04352678571428581
2022-06-28,9200,9630,9200,9500,20025,0.016042780748663166
2022-06-29,9330,9650,9250,9470,9033,-0.0031578947368421373
2022-06-30,9470,12300,9300,12300,933632,0.2988384371700106
2022-07-01,13600,13700,12250,12700,2086372,0.03252032520325199
2022-07-04,13200,14000,11800,12100,1292221,-0.047244094488189003
2022-07-05,12000,12600,11850,12350,414006,0.02066115702479343
2022-07-06,12450,12700,11250,11450,291433,-0.07287449392712553
2022-07-07,11250,11700,11100,11400,174789,-0.004366812227074246
2022-07-08,11500,11800,11250,11350,133191,-0.004385964912280715
2022-07-11,11400,11450,10800,10950,127565,-0.03524229074889873
2022-07-12,10950,11050,10450,10850,131547,-0.0091324200913242
2022-07-13,10700,10750,10250,10400,94961,-0.04147465437788023
2022-07-14,10250,10400,10100,10300,46181,-0.009615384615384581
2022-07-15,10200,10300,9960,10000,79279,-0.029126213592232997
2022-07-18,10100,10250,9980,10250,65491,0.02499999999999991
2022-07-19,10200,10600,10150,10500,62198,0.024390243902439046
2022-07-20,10650,10900,10500,10500,63234,0.0
2022-07-21,10550,10700,10400,10600,32817,0.00952380952380949
2022-07-22,10650,10700,10400,10450,28495,-0.014150943396226467
2022-07-25,10500,10600,10200,10300,31832,-0.014354066985645897
2022-07-26,10250,10900,10250,10700,65155,0.03883495145631066
2022-07-27,10700,10900,10500,10750,27445,0.004672897196261738
2022-07-28,10900,10900,10500,10500,26030,-0.023255813953488413
2022-07-29,10600,10700,10300,10550,33671,0.004761904761904745
2022-08-01,10600,10700,10400,10550,42348,0.0
2022-08-02,10550,10700,10200,10500,52659,-0.004739336492891044
2022-08-03,10500,10700,10350,10600,35372,0.00952380952380949
2022-08-04,10650,10850,10550,10600,25612,0.0
2022-08-05,10700,11050,10700,10950,63552,0.03301886792452824
2022-08-08,10950,11600,10800,11150,202341,0.0182648401826484
2022-08-09,11150,11200,10850,10950,57738,-0.017937219730941756
2022-08-10,11300,12400,11200,11250,545408,0.027397260273972712
2022-08-11,11750,11900,11350,11400,151380,0.01333333333333342
2022-08-12,11400,11650,11300,11400,50010,0.0
2022-08-16,11500,11550,11000,11150,67903,-0.021929824561403466
2022-08-17,11000,11150,10850,10950,41374,-0.017937219730941756
2022-08-18,10800,10850,10400,10650,73136,-0.0273972602739726
2022-08-19,10650,10850,10600,10600,21419,-0.0046948356807511304
2022-08-22,10400,10550,10300,10400,34796,-0.018867924528301883
2022-08-23,10200,10500,10150,10250,33587,-0.014423076923076872
2022-08-24,10300,10550,10300,10550,29780,0.029268292682926855
2022-08-25,10850,10900,10550,10700,33888,0.014218009478673022
2022-08-26,10850,11550,10650,11150,172360,0.0420560747663552
2022-08-29,10750,10850,10600,10800,56065,-0.03139013452914796
2022-08-30,10800,11850,10800,11300,360902,0.04629629629629628
2022-08-31,11300,11300,11050,11300,40016,0.0
2022-09-01,11200,11300,10750,10750,82836,-0.04867256637168138
2022-09-02,10900,11950,10900,11750,372443,0.09302325581395343
2022-09-05,11900,11950,11450,11450,108859,-0.025531914893617058
2022-09-06,11450,11450,10950,11000,80250,-0.0393013100436681
2022-09-07,10900,10950,10350,10350,80420,-0.05909090909090908
2022-09-08,10300,10550,10300,10400,39678,0.004830917874396157
2022-09-13,10500,10700,10500,10700,26996,0.028846153846153744
2022-09-14,10250,10550,10250,10450,39191,-0.02336448598130836
2022-09-15,10450,10650,10450,10600,19705,0.014354066985645897
2022-09-16,10450,10600,10250,10300,50534,-0.028301886792452824
2022-09-19,10300,10350,9890,9910,66978,-0.03786407766990296
2022-09-20,9860,10200,9860,10150,28288,0.024217961654894093
2022-09-21,10050,10200,9920,10050,21705,-0.009852216748768461
2022-09-22,9900,9960,9550,9820,35335,-0.022885572139303534
2022-09-23,10000,10050,9460,9500,31817,-0.03258655804480648
2022-09-26,9220,9430,8880,8890,38690,-0.0642105263157895
2022-09-27,8720,9030,8720,8840,27840,-0.0056242969628796935
2022-09-28,8750,8980,8550,8600,36211,-0.02714932126696834
2022-09-29,8650,8870,8550,8570,26335,-0.0034883720930232176
2022-09-30,8310,8680,8310,8590,27243,0.002333722287047868
2022-10-04,8660,8870,8590,8770,19558,0.020954598370197974
2022-10-05,8900,9200,8340,8580,39495,-0.02166476624857472
2022-10-06,8630,8790,8580,8740,19413,0.018648018648018683
2022-10-07,8610,9000,8610,8900,26816,0.01830663615560635
2022-10-11,8890,8950,8500,8510,24782,-0.043820224719101075
2022-10-12,8430,8590,8300,8460,20672,-0.005875440658049347
2022-10-13,8360,8440,8000,8020,28683,-0.05200945626477538
2022-10-14,8110,8510,8080,8500,23904,0.05985037406483795
2022-10-17,8350,8730,8220,8580,15511,0.009411764705882453
2022-10-18,8600,9000,8600,8820,10715,0.027972027972027913
2022-10-19,8780,9400,8730,8830,45698,0.0011337868480725266
2022-10-20,8880,9170,8790,8880,16187,0.005662514156285381
2022-10-21,8890,9050,8450,8460,33133,-0.04729729729729726
2022-10-24,8550,8830,8550,8610,26118,0.01773049645390068
2022-10-25,8610,8750,8410,8520,12405,-0.010452961672473893
2022-10-26,8650,8660,8340,8350,14140,-0.0199530516431925
2022-10-27,8460,8700,8310,8610,21119,0.031137724550898138
2022-10-28,8480,8730,8370,8430,10063,-0.020905923344947785
2022-10-31,8510,8510,8410,8450,5237,0.0023724792408066353
2022-11-01,8360,8830,8360,8810,30136,0.04260355029585794
2022-11-02,9100,9120,8710,8750,36273,-0.006810442678774176
2022-11-03,8550,10500,8530,9600,582212,0.0971428571428572
2022-11-04,9450,11800,9420,10350,1483248,0.078125
2022-11-07,10400,11250,10250,10250,578655,-0.009661835748792313
2022-11-08,10500,11200,10300,10550,373790,0.029268292682926855
2022-11-09,10600,10650,10300,10300,101805,-0.023696682464455
2022-11-10,10350,10600,10200,10550,89012,0.024271844660194164
2022-11-11,10700,10950,10400,10450,106217,-0.009478672985781977
2022-11-14,10450,10450,10200,10250,46286,-0.019138755980861233
2022-11-15,10250,11550,10100,10600,495299,0.034146341463414664
2022-11-16,10900,10900,10350,10400,65706,-0.018867924528301883
2022-11-17,10300,10450,10000,10000,79860,-0.038461538461538436
2022-11-18,10100,10150,9750,9790,49347,-0.02100000000000002
2022-11-21,9770,10300,9500,10000,163850,0.021450459652706755
2022-11-22,9940,10550,9910,10150,111807,0.014999999999999902
2022-11-23,10150,10250,9960,10000,48300,-0.014778325123152691
2022-11-24,10000,10600,10000,10450,150779,0.04499999999999993
2022-11-25,10350,10500,10250,10450,42134,0.0
2022-11-28,10350,10350,9970,9970,47535,-0.04593301435406694
2022-11-29,9930,10900,9930,10300,179725,0.033099297893681046
2022-11-30,10350,10900,10350,10500,183102,0.01941747572815533
2022-12-01,10700,11050,10550,10800,191354,0.02857142857142847
2022-12-02,10850,10850,10300,10350,69017,-0.04166666666666663
2022-12-05,10350,10450,10300,10400,23488,0.004830917874396157
2022-12-06,10300,10300,10000,10000,39723,-0.038461538461538436
2022-12-07,9980,9980,9720,9820,30289,-0.018000000000000016
2022-12-08,9870,9870,9570,9570,43063,-0.025458248472505107
2022-12-09,9600,9710,9510,9550,22997,-0.002089864158829724
2022-12-12,9540,9570,9420,9450,12647,-0.010471204188481686
2022-12-13,9530,9590,9310,9330,27337,-0.012698412698412653
2022-12-14,9410,9450,9310,9400,13887,0.007502679528403
2022-12-15,9400,9410,9290,9290,11959,-0.011702127659574457
2022-12-16,9280,9350,9200,9270,12537,-0.0021528525296017342
2022-12-19,9270,9310,9130,9140,11467,-0.014023732470334394
2022-12-20,9020,9110,8820,8820,32016,-0.035010940919037226
2022-12-21,8800,11350,8800,9840,1747039,0.11564625850340127
2022-12-22,9840,10150,9630,9630,215832,-0.021341463414634165
2022-12-23,9630,9780,9100,9100,114882,-0.05503634475597097
2022-12-26,9150,9150,8910,8930,34293,-0.018681318681318726
2022-12-27,8850,9160,8850,9050,36182,0.013437849944008873
2022-12-28,8960,9260,8950,9000,23886,-0.0055248618784530246
2022-12-29,8920,9000,8680,8780,31544,-0.02444444444444449
2023-01-02,8780,9290,8760,8810,30608,0.003416856492027387
2023-01-03,8620,8710,8400,8620,37715,-0.02156640181611802
2023-01-04,8670,8850,8480,8830,21747,0.024361948955916368
2023-01-05,8960,11050,8830,10200,1146335,0.1551528878822197
2023-01-06,9640,9860,9510,9650,200525,-0.05392156862745101
2023-01-09,9700,9820,9570,9700,90032,0.005181347150259086
2023-01-10,9720,9890,9540,9540,109050,-0.016494845360824795
2023-01-11,9580,9790,9580,9630,49981,0.009433962264151052
2023-01-12,9740,11700,9610,10150,2030369,0.05399792315680174
2023-01-13,10250,11450,10150,10650,1007098,0.049261083743842304
2023-01-16,10700,11100,10500,10600,292291,-0.0046948356807511304
2023-01-17,10450,10800,10350,10400,157665,-0.018867924528301883
2023-01-18,10450,10550,10100,10100,88150,-0.028846153846153855
2023-01-19,10050,10600,10050,10150,74295,0.004950495049504955
2023-01-20,10150,10300,10100,10200,42887,0.0049261083743843415
2023-01-25,10380,10500,10150,10380,53148,0.01764705882352935
2023-01-26,10390,10450,10180,10230,46153,-0.014450867052023142
2023-01-27,10300,10540,10180,10400,75142,0.016617790811339184
2023-01-30,10390,10500,10200,10250,31540,-0.014423076923076872
2023-01-31,10310,10310,10120,10200,35236,-0.004878048780487809
2023-02-01,10390,10390,10190,10230,27027,0.002941176470588225
2023-02-02,10240,10560,10240,10500,66490,0.02639296187683282
2023-02-03,10400,10500,10330,10370,29403,-0.012380952380952381
2023-02-06,10420,10420,10130,10330,32978,-0.0038572806171649487
2023-02-07,10320,10570,10200,10530,47871,0.019361084220716362
2023-02-08,10490,10670,10470,10500,45247,-0.002849002849002802
2023-02-09,10500,10770,10420,10560,63968,0.005714285714285783
2023-02-10,10520,10520,10330,10410,32612,-0.014204545454545414
2023-02-13,10400,10620,10320,10520,27043,0.01056676272814605
2023-02-14,10520,10900,10500,10700,42151,0.017110266159695797
2023-02-15,10700,10770,10500,10650,33477,-0.004672897196261627
2023-02-16,10560,10800,10400,10490,31386,-0.015023474178403773
2023-02-17,10410,10420,10050,10080,65726,-0.03908484270734036
2023-02-20,10100,10150,10000,10120,18777,0.003968253968253954
2023-02-21,10120,10760,10020,10600,91033,0.04743083003952564
2023-02-22,10380,10400,10120,10160,39411,-0.04150943396226414
2023-02-23,10150,10300,10100,10200,14432,0.003937007874015741
2023-02-24,10200,10230,10010,10030,26837,-0.01666666666666672
2023-02-27,10020,10020,9800,9810,35329,-0.02193419740777669
2023-02-28,9980,10090,9860,10030,21304,0.022426095820591296
2023-03-02,10030,10100,9940,10050,15676,0.001994017946161497
2023-03-03,10070,10150,9920,10020,20840,-0.0029850746268657025
2023-03-06,10020,10100,9850,9920,20464,-0.009980039920159722
2023-03-07,9840,10120,9780,10030,27369,0.011088709677419262
2023-03-08,10010,10010,9780,9900,22133,-0.012961116650049842
2023-03-09,9890,10050,9810,9850,13172,-0.005050505050505083
2023-03-10,9720,9840,9610,9760,15190,-0.009137055837563413
2023-03-13,9610,9620,9360,9420,34412,-0.0348360655737705
2023-03-14,9400,9400,8990,9060,45556,-0.03821656050955413
2023-03-15,9080,9250,9000,9150,30091,0.009933774834437026
2023-03-16,9150,9200,8870,9120,12455,-0.003278688524590123
2023-03-17,9220,9370,9060,9210,15842,0.009868421052631637
2023-03-20,9260,9450,9200,9340,13365,0.014115092290988063
2023-03-21,9300,9300,9120,9120,25237,-0.023554603854389677
2023-03-22,9150,9150,9000,9040,16103,-0.00877192982456143
2023-03-23,9000,9000,8810,8820,26062,-0.02433628318584069
