Date,Open,High,Low,Close,Volume,Change
2015-01-02,7000,7050,6900,6990,13034,-0.0028530670470755526
2015-01-05,6990,6990,6820,6960,33817,-0.0042918454935622075
2015-01-06,6820,6950,6770,6880,16063,-0.011494252873563204
2015-01-07,6910,6910,6750,6900,7956,0.0029069767441860517
2015-01-08,6900,6900,6810,6820,4245,-0.011594202898550732
2015-01-09,6820,6850,6790,6810,26477,-0.0014662756598240456
2015-01-12,6900,6940,6810,6880,20961,0.010279001468428861
2015-01-13,6990,6990,6790,6800,27001,-0.011627906976744207
2015-01-14,6820,6900,6750,6900,28348,0.014705882352941124
2015-01-15,6920,6950,6790,6830,39029,-0.010144927536231862
2015-01-16,6820,6830,6710,6800,17834,-0.004392386530014614
2015-01-19,6800,6860,6750,6850,24290,0.007352941176470562
2015-01-20,6940,6940,6820,6890,7597,0.005839416058394109
2015-01-21,6850,6890,6800,6850,6799,-0.005805515239477477
2015-01-22,6820,6890,6750,6770,37159,-0.011678832116788329
2015-01-23,6780,6880,6780,6880,9082,0.01624815361890697
2015-01-26,6900,6930,6870,6870,8817,-0.0014534883720930258
2015-01-27,6940,6940,6850,6920,3706,0.00727802037845704
2015-01-28,6850,7050,6850,7030,31359,0.01589595375722541
2015-01-29,7130,7580,7090,7400,115146,0.05263157894736836
2015-01-30,7650,8450,7310,7390,298109,-0.0013513513513513375
2015-02-02,7540,7800,7460,7720,101757,0.044654939106901326
2015-02-03,7720,7760,7540,7550,57560,-0.022020725388601003
2015-02-04,7610,7620,7410,7550,48579,0.0
2015-02-05,7590,7590,7250,7440,30922,-0.014569536423841067
2015-02-06,7490,7520,7400,7490,16310,0.006720430107526987
2015-02-09,7400,7500,7400,7440,22585,-0.006675567423230944
2015-02-10,7370,7510,7370,7420,22310,-0.0026881720430107503
2015-02-11,7430,7590,7420,7480,6975,0.008086253369272267
2015-02-12,7450,7450,7260,7300,38929,-0.024064171122994638
2015-02-13,7260,7440,7260,7400,13009,0.013698630136986356
2015-02-16,7400,7590,7400,7540,15927,0.018918918918918948
2015-02-17,7540,7590,7450,7550,12396,0.0013262599469496816
2015-02-23,7650,7740,7540,7600,16385,0.0066225165562914245
2015-02-24,7600,7680,7540,7660,24985,0.007894736842105177
2015-02-25,7750,7870,7690,7720,40404,0.007832898172323688
2015-02-26,7730,7730,7610,7710,33199,-0.0012953367875647714
2015-02-27,7670,7740,7630,7740,22154,0.0038910505836575737
2015-03-02,7780,7850,7720,7760,27471,0.0025839793281654533
2015-03-03,7800,7800,7500,7680,25174,-0.010309278350515427
2015-03-04,7620,7670,7600,7620,16287,-0.0078125
2015-03-05,7620,7640,7400,7620,12960,0.0
2015-03-06,7610,7800,7550,7690,63677,0.009186351706036655
2015-03-09,7670,7700,7500,7600,7989,-0.011703511053316018
2015-03-10,7600,7610,7400,7490,23927,-0.014473684210526305
2015-03-11,7480,7480,7300,7300,15246,-0.025367156208277675
2015-03-12,7320,7550,7300,7480,20606,0.024657534246575352
2015-03-13,7570,7570,7480,7500,10405,0.002673796791443861
2015-03-16,7500,7570,7400,7410,17229,-0.01200000000000001
2015-03-17,7430,7800,7410,7600,45564,0.02564102564102555
2015-03-18,7670,7730,7550,7650,29056,0.006578947368421018
2015-03-19,7800,7960,7730,7900,62335,0.03267973856209161
2015-03-20,7880,8000,7820,7890,46382,-0.0012658227848101333
2015-03-23,7950,8050,7880,7940,159446,0.006337135614702172
2015-03-24,8000,8030,7930,8030,36474,0.01133501259445846
2015-03-25,8050,8150,7990,8050,58449,0.00249066002490661
2015-03-26,7970,8000,7860,7870,51577,-0.022360248447204967
2015-03-27,7860,7930,7860,7930,12721,0.007623888182973326
2015-03-30,7890,8170,7880,8170,123047,0.030264817150063017
2015-03-31,8300,8540,8250,8300,281313,0.01591187270501826
2015-04-01,8300,8390,8160,8370,60071,0.008433734939758963
2015-04-02,8380,8540,8360,8360,64604,-0.0011947431302270495
2015-04-03,8370,8680,8370,8650,211725,0.0346889952153111
2015-04-06,8710,8940,8620,8630,134181,-0.0023121387283236983
2015-04-07,8700,8780,8600,8700,49005,0.008111239860950192
2015-04-08,8690,9080,8650,8960,140998,0.029885057471264354
2015-04-09,8950,9050,8690,8820,157094,-0.015625
2015-04-10,8840,9390,8840,9210,260399,0.04421768707482987
2015-04-13,9380,10550,9380,10550,1021491,0.14549402823018465
2015-04-14,10700,10800,9870,10150,477030,-0.03791469194312791
2015-04-15,10300,10400,9930,10400,243560,0.024630541871921263
2015-04-16,10350,10400,9800,10050,230736,-0.033653846153846145
2015-04-17,9960,9980,9530,9710,172197,-0.03383084577114426
2015-04-20,9450,9820,9380,9660,132798,-0.005149330587023715
2015-04-21,9900,10000,9500,9610,127021,-0.005175983436852993
2015-04-22,9550,10050,9170,9530,309372,-0.008324661810613976
2015-04-23,9740,9740,9370,9540,65172,0.0010493179433368471
2015-04-24,9550,9660,9160,9390,118600,-0.01572327044025157
2015-04-27,9340,9510,9340,9460,56002,0.007454739084131967
2015-04-28,9540,9700,9390,9530,77699,0.007399577167019
2015-04-29,9530,9550,9160,9200,102338,-0.0346274921301154
2015-04-30,9210,9340,9140,9260,38381,0.006521739130434856
2015-05-04,9400,9550,9060,9200,60243,-0.006479481641468721
2015-05-06,9150,9150,8490,8670,120765,-0.05760869565217386
2015-05-07,8610,8770,8470,8760,64102,0.01038062283737018
2015-05-08,8760,8780,8600,8760,36930,0.0
2015-05-11,8850,9020,8800,8810,40195,0.005707762557077611
2015-05-12,8810,8900,8580,8730,39675,-0.009080590238365494
2015-05-13,8800,8930,8660,8790,44241,0.0068728522336769515
2015-05-14,8750,8840,8720,8800,24468,0.0011376564277587597
2015-05-15,8880,8950,8650,8760,60767,-0.004545454545454519
2015-05-18,8790,8820,8600,8640,41855,-0.013698630136986356
2015-05-19,8650,8700,8530,8660,47513,0.0023148148148148806
2015-05-20,8700,8990,8690,8880,59848,0.025404157043879882
2015-05-21,8890,8910,8750,8860,33161,-0.0022522522522522292
2015-05-22,8860,9030,8780,8980,46967,0.013544018058690765
2015-05-26,9000,9050,8770,8790,60934,-0.021158129175946505
2015-05-27,8700,8720,8440,8470,62837,-0.03640500568828209
2015-05-28,8640,8700,8390,8390,36515,-0.009445100354191216
2015-05-29,8360,8550,8350,8350,28256,-0.004767580452920139
2015-06-01,8480,8480,8180,8340,45403,-0.0011976047904191933
2015-06-02,8440,8480,8230,8320,21895,-0.0023980815347721673
2015-06-03,8270,8500,8240,8310,29466,-0.0012019230769231282
2015-06-04,8340,8460,8270,8330,25102,0.002406738868832692
2015-06-05,8260,8370,8110,8130,51744,-0.02400960384153661
2015-06-08,8110,8520,8110,8480,55407,0.043050430504305126
2015-06-09,8510,8570,8430,8500,39397,0.002358490566037652
2015-06-10,8580,8580,8350,8480,38875,-0.0023529411764705577
2015-06-11,8520,8690,8380,8470,42070,-0.001179245283018826
2015-06-12,8480,8650,8330,8480,29413,0.0011806375442739991
2015-06-15,8380,8500,8290,8290,30797,-0.02240566037735847
2015-06-16,8290,8380,8060,8160,36614,-0.0156815440289505
2015-06-17,8150,8220,8130,8200,15191,0.004901960784313708
2015-06-18,8250,8270,8170,8250,20165,0.0060975609756097615
2015-06-19,8360,8540,8320,8420,32133,0.020606060606060517
2015-06-22,8430,8530,8430,8510,31592,0.010688836104512989
2015-06-23,8640,8780,8600,8700,35279,0.02232667450058745
2015-06-24,8630,8850,8630,8850,29318,0.01724137931034475
2015-06-25,8830,8930,8700,8890,20150,0.004519774011299438
2015-06-26,8890,8930,8650,8700,19827,-0.021372328458942658
2015-06-29,8500,8550,8360,8390,40577,-0.03563218390804601
2015-06-30,8390,8480,8320,8470,19201,0.009535160905840279
2015-07-01,8530,8670,8410,8650,16739,0.02125147579693043
2015-07-02,8670,8820,8590,8750,34985,0.011560693641618602
2015-07-03,9050,9150,8910,9020,87718,0.030857142857142916
2015-07-06,8800,8910,8680,8700,65954,-0.03547671840354771
2015-07-07,8720,8880,8640,8730,43016,0.0034482758620688614
2015-07-08,8980,8980,8700,8800,33589,0.008018327605956443
2015-07-09,8770,8770,8490,8590,50323,-0.02386363636363631
2015-07-10,8590,8780,8570,8700,7027,0.012805587892898762
2015-07-13,8700,9000,8700,8960,33980,0.029885057471264354
2015-07-14,8990,9120,8900,8940,42537,-0.0022321428571429047
2015-07-15,9010,9140,8900,9110,44633,0.019015659955257336
2015-07-16,9110,9200,9060,9150,46265,0.004390779363337094
2015-07-17,9150,9240,8920,9000,28741,-0.016393442622950838
2015-07-20,9010,9190,8970,8980,11774,-0.0022222222222222365
2015-07-21,8980,9040,8930,8960,19791,-0.00222717149220486
2015-07-22,9010,9010,8820,8900,9386,-0.006696428571428603
2015-07-23,8810,8960,8740,8820,14904,-0.008988764044943864
2015-07-24,8860,8860,8610,8610,36233,-0.023809523809523836
2015-07-27,8600,8630,8450,8630,26647,0.0023228803716608404
2015-07-28,8500,8630,8430,8600,36752,-0.0034762456546929554
2015-07-29,8650,8690,8470,8590,21296,-0.0011627906976744429
2015-07-30,8710,8710,8480,8490,16025,-0.011641443538998875
2015-07-31,8490,8640,8450,8630,14465,0.01648998822143688
2015-08-03,8630,8630,8480,8590,13424,-0.004634994206257237
2015-08-04,8660,8660,8510,8590,9238,0.0
2015-08-05,8540,8640,8510,8600,14094,0.0011641443538998875
2015-08-06,8600,8980,8580,8690,17405,0.010465116279069875
2015-08-07,8680,8740,8610,8720,9300,0.0034522439585731313
2015-08-10,8700,8750,8520,8580,12201,-0.016055045871559592
2015-08-11,8610,8660,8510,8530,9074,-0.005827505827505797
2015-08-12,8590,8590,8270,8450,46128,-0.009378663540445475
2015-08-13,8510,8560,8400,8530,11796,0.00946745562130169
2015-08-17,8530,8620,8480,8560,10781,0.003516998827667095
2015-08-18,8510,8620,8350,8460,60485,-0.011682242990654235
2015-08-19,8400,8450,8210,8240,39615,-0.026004728132387744
2015-08-20,8230,8390,8110,8230,19927,-0.0012135922330097637
2015-08-21,7910,8150,7830,7860,110546,-0.04495747266099637
2015-08-24,7720,8010,7660,7860,44767,0.0
2015-08-25,7860,8080,7740,8040,23573,0.022900763358778553
2015-08-26,8040,8240,7930,8230,15010,0.023631840796019876
2015-08-27,8210,8300,8150,8220,12696,-0.0012150668286755595
2015-08-28,8250,8490,8220,8250,7446,0.0036496350364962904
2015-08-31,8240,8300,8050,8280,10368,0.0036363636363636598
2015-09-01,8150,8280,8150,8230,6119,-0.006038647342995196
2015-09-02,8230,8250,8100,8200,6574,-0.0036452004860266785
2015-09-03,8210,8280,8150,8190,6982,-0.0012195121951219523
2015-09-04,8200,8270,8040,8110,18247,-0.009768009768009733
2015-09-07,8120,8150,7990,8030,8442,-0.009864364981504337
2015-09-08,8030,8050,7910,8000,17514,-0.0037359900373599153
2015-09-09,8050,8240,8040,8220,23573,0.02750000000000008
2015-09-10,8220,8250,7980,8200,65745,-0.0024330900243308973
2015-09-11,8200,8200,8080,8190,5865,-0.0012195121951219523
2015-09-14,8200,8260,8100,8190,15276,0.0
2015-09-15,8190,8290,8120,8260,9270,0.008547008547008517
2015-09-16,8350,8350,8250,8290,37760,0.00363196125907983
2015-09-17,8310,8370,8200,8200,18278,-0.010856453558504175
2015-09-18,8220,8280,8180,8250,12091,0.0060975609756097615
2015-09-21,8250,8250,8140,8230,6484,-0.00242424242424244
2015-09-22,8290,8300,8190,8300,8910,0.008505467800729027
2015-09-23,8290,8290,8180,8260,13418,-0.004819277108433773
2015-09-24,8260,8300,8220,8260,5818,0.0
2015-09-25,8230,8260,8150,8250,6570,-0.001210653753026647
2015-09-30,8250,8250,8050,8240,7487,-0.00121212121212122
2015-10-01,8190,8340,8180,8330,11952,0.010922330097087318
2015-10-02,8320,8340,8240,8300,7597,-0.0036014405762304635
2015-10-05,8350,8400,8270,8300,9123,0.0
2015-10-06,8390,8390,8270,8360,10555,0.0072289156626506035
2015-10-07,8440,8440,8310,8400,5415,0.004784688995215225
2015-10-08,8440,8440,8290,8390,7032,-0.0011904761904761862
2015-10-12,8330,8570,8310,8460,27827,0.008343265792610355
2015-10-13,8470,8550,8380,8480,11422,0.0023640661938533203
2015-10-14,8480,8570,8400,8530,43531,0.005896226415094352
2015-10-15,8540,8640,8520,8640,9041,0.01289566236811246
2015-10-16,8650,8700,8550,8670,19768,0.003472222222222321
2015-10-19,8670,8720,8540,8660,8547,-0.0011534025374856371
2015-10-20,8650,8680,8540,8680,13205,0.002309468822170979
2015-10-21,8700,8730,8660,8670,8199,-0.0011520737327188613
2015-10-22,8640,8710,8560,8660,11582,-0.0011534025374856371
2015-10-23,8670,8740,8550,8670,15487,0.0011547344110853786
2015-10-26,8670,8720,8600,8680,9258,0.0011534025374855261
2015-10-27,8650,8750,8560,8670,10566,-0.0011520737327188613
2015-10-28,8610,8610,8490,8600,16619,-0.008073817762399127
2015-10-29,8680,8690,8520,8520,14060,-0.009302325581395321
2015-10-30,8520,8640,8430,8500,8681,-0.0023474178403756207
2015-11-02,8410,8680,8390,8620,14082,0.014117647058823568
2015-11-03,8500,8810,8500,8690,18640,0.008120649651972123
2015-11-04,8690,8740,8590,8680,13885,-0.0011507479861909697
2015-11-05,8730,8730,8560,8590,11280,-0.010368663594470084
2015-11-06,8730,8730,8400,8490,31882,-0.011641443538998875
2015-11-09,8480,8480,8350,8370,16515,-0.014134275618374548
2015-11-10,8360,8430,8190,8260,28374,-0.01314217443249699
2015-11-11,8260,8400,8190,8250,5009,-0.001210653753026647
2015-11-12,8350,8370,8250,8330,2312,0.00969696969696976
2015-11-13,8270,8330,8200,8320,8353,-0.0012004801920768582
2015-11-16,8330,8330,8150,8200,8322,-0.014423076923076872
2015-11-17,8290,8290,8190,8250,6396,0.0060975609756097615
2015-11-18,8250,8270,8090,8120,19316,-0.015757575757575748
2015-11-19,8140,8230,8130,8200,6722,0.009852216748768461
2015-11-20,8210,8390,8110,8350,9220,0.018292682926829285
2015-11-23,8300,8400,8250,8350,7231,0.0
2015-11-24,8350,8430,8220,8410,6844,0.007185628742514938
2015-11-25,8400,8500,8250,8400,89009,-0.0011890606420927874
2015-11-26,8480,8480,8340,8360,9408,-0.004761904761904745
2015-11-27,8360,8450,8310,8440,10926,0.009569377990430672
2015-11-30,8460,8460,8350,8390,9802,-0.005924170616113722
2015-12-01,8400,8500,8370,8410,17536,0.0023837902264600697
2015-12-02,8500,8500,8300,8310,5756,-0.01189060642092743
2015-12-03,8300,8390,8250,8290,8367,-0.002406738868832692
2015-12-04,8240,8340,8220,8250,9538,-0.004825090470446325
2015-12-07,8250,8430,8180,8200,15220,-0.0060606060606061
2015-12-08,8200,8240,8100,8150,15174,-0.0060975609756097615
2015-12-09,8160,8190,8050,8110,35436,-0.004907975460122671
2015-12-10,8100,8110,8020,8110,12030,0.0
2015-12-11,8110,8110,7930,7990,33676,-0.01479654747225645
2015-12-14,7940,8040,7860,7930,21197,-0.007509386733416723
2015-12-15,8030,8030,7810,7930,20199,0.0
2015-12-16,7990,8060,7870,7930,43848,0.0
2015-12-17,7960,8050,7830,7940,50347,0.0012610340479193294
2015-12-18,7900,7970,7880,7900,26828,-0.005037783375314908
2015-12-21,7900,7970,7840,7890,67202,-0.0012658227848101333
2015-12-22,7910,7930,7790,7840,52357,-0.006337135614702172
2015-12-23,7840,7910,7750,7840,59728,0.0
2015-12-24,7870,7870,7690,7690,165832,-0.01913265306122447
2015-12-28,7750,7770,7570,7750,125336,0.007802340702210753
2015-12-29,7570,7570,7300,7330,44588,-0.05419354838709678
2015-12-30,7350,7400,7290,7340,23384,0.0013642564802183177
2016-01-04,7300,7320,7000,7000,56137,-0.0463215258855586
2016-01-05,6980,7120,6970,7090,23541,0.0128571428571429
2016-01-06,7120,7200,7050,7170,16907,0.01128349788434413
2016-01-07,7140,7160,6980,7050,19473,-0.01673640167364021
2016-01-08,6980,7030,6870,7020,29251,-0.004255319148936176
2016-01-11,6970,7010,6930,6980,7419,-0.005698005698005715
2016-01-12,6980,7040,6930,6970,10048,-0.0014326647564469885
2016-01-13,6970,7060,6950,7050,9049,0.011477761836441891
2016-01-14,7010,7010,6810,6870,36335,-0.025531914893617058
2016-01-15,6900,7000,6850,6870,10548,0.0
2016-01-18,6800,6830,6740,6830,19651,-0.005822416302765698
2016-01-19,6830,6900,6750,6810,5283,-0.002928257686676372
2016-01-20,6810,6810,6600,6770,23854,-0.005873715124816492
2016-01-21,6620,6940,6620,6790,28727,0.002954209748892156
2016-01-22,6790,7000,6790,6860,18682,0.010309278350515427
2016-01-25,6860,6900,6820,6850,12628,-0.001457725947521915
2016-01-26,6750,6820,6680,6730,10812,-0.017518248175182438
2016-01-27,6860,6860,6740,6830,5322,0.014858841010401136
2016-01-28,6850,6850,6760,6820,14868,-0.0014641288433382416
2016-01-29,6900,6990,6820,6940,9545,0.017595307917888547
2016-02-01,6950,7090,6950,7030,15984,0.012968299711815456
2016-02-02,7080,7080,6930,6970,9352,-0.008534850640113834
2016-02-03,6970,6970,6840,6870,9057,-0.01434720229555242
2016-02-04,6930,6980,6890,6930,19034,0.008733624454148492
2016-02-05,6990,7190,6980,7040,23731,0.015873015873015817
2016-02-11,6880,6880,6720,6800,18254,-0.03409090909090906
2016-02-12,6740,6740,6450,6600,43774,-0.02941176470588236
2016-02-15,6670,6800,6630,6800,26119,0.030303030303030276
2016-02-16,6840,6840,6770,6820,18066,0.002941176470588225
2016-02-17,6810,6830,6740,6790,12134,-0.004398826979472137
2016-02-18,6870,6900,6820,6880,10359,0.013254786450662692
2016-02-19,6900,6900,6750,6880,12945,0.0
2016-02-22,6840,6900,6840,6900,8892,0.0029069767441860517
2016-02-23,6990,7000,6850,6900,21136,0.0
2016-02-24,6880,6930,6870,6920,23576,0.0028985507246377384
2016-02-25,6910,7040,6910,6980,13142,0.00867052023121384
2016-02-26,7050,7100,6990,7070,12925,0.012893982808023008
2016-02-29,7070,7190,7070,7150,13748,0.011315417256011262
2016-03-02,7160,7220,7130,7180,15814,0.00419580419580412
2016-03-03,7200,7210,7150,7200,7654,0.0027855153203342198
2016-03-04,7220,7370,7210,7340,22776,0.019444444444444375
2016-03-07,7350,7590,7350,7500,25769,0.021798365122615904
2016-03-08,7480,7650,7360,7540,17964,0.005333333333333412
2016-03-09,7510,7570,7390,7530,22504,-0.0013262599469495706
2016-03-10,7570,7570,7440,7450,12425,-0.010624169986719778
2016-03-11,7420,7480,7320,7450,24337,0.0
2016-03-14,7490,7510,7450,7450,2711,0.0
2016-03-15,7460,7500,7130,7340,9841,-0.014765100671140896
2016-03-16,7280,7390,7280,7350,14926,0.0013623978201635634
2016-03-17,7340,7490,7340,7470,12907,0.01632653061224487
2016-03-18,7500,7500,7430,7430,7691,-0.0053547523427041055
2016-03-21,7490,7490,7380,7380,4782,-0.006729475100942128
2016-03-22,7380,7440,7340,7390,14268,0.0013550135501354532
2016-03-23,7430,7570,7430,7500,22491,0.014884979702300516
2016-03-24,7560,7560,7390,7500,18078,0.0
2016-03-25,7500,7500,7410,7480,55682,-0.002666666666666706
2016-03-28,7380,7490,7360,7420,17067,-0.008021390374331583
2016-03-29,7390,7520,7390,7510,8677,0.0121293800539084
2016-03-30,7480,7570,7480,7560,11843,0.0066577896138482195
2016-03-31,7590,7680,7510,7600,10053,0.005291005291005346
2016-04-01,7580,7640,7540,7600,13356,0.0
2016-04-04,7600,7640,7560,7590,8707,-0.001315789473684159
2016-04-05,7590,7620,7550,7600,8050,0.0013175230566535578
2016-04-06,7600,7680,7580,7610,13907,0.001315789473684159
2016-04-07,7620,7680,7610,7680,16266,0.009198423127463773
2016-04-08,7650,7760,7570,7730,25207,0.006510416666666741
2016-04-11,7750,7810,7730,7760,16117,0.0038809831824062613
2016-04-12,7730,7800,7730,7740,11298,-0.002577319587628857
2016-04-14,7730,7950,7730,7810,29477,0.009043927648578753
2016-04-15,7910,7940,7790,7850,10959,0.005121638924455718
2016-04-18,7850,7930,7730,7840,7700,-0.001273885350318471
2016-04-19,7760,7820,7710,7780,15494,-0.007653061224489832
2016-04-20,7780,7850,7690,7750,40089,-0.003856041131105381
2016-04-21,7810,7850,7740,7810,19398,0.007741935483871032
2016-04-22,7810,7840,7750,7820,15248,0.001280409731113874
2016-04-25,7850,7850,7800,7840,9141,0.002557544757033181
2016-04-26,7800,7840,7740,7800,25302,-0.005102040816326481
2016-04-27,7800,7860,7650,7770,23789,-0.0038461538461538325
2016-04-28,7770,7850,7680,7740,12980,-0.0038610038610038533
2016-04-29,7680,7760,7640,7720,11653,-0.0025839793281653423
2016-05-02,7740,7830,7720,7740,54826,0.002590673575129543
2016-05-03,7740,7780,7700,7780,20576,0.0051679586563306845
2016-05-04,7710,7770,7690,7770,8338,-0.0012853470437017567
2016-05-09,7700,7790,7650,7700,12769,-0.009009009009009028
2016-05-10,7750,7750,7660,7730,1773,0.003896103896103842
2016-05-11,7680,7730,7680,7700,4388,-0.0038809831824062613
2016-05-12,7750,7770,7680,7730,1799,0.003896103896103842
2016-05-13,7790,7790,7700,7750,4738,0.002587322121604174
2016-05-16,7760,7770,7570,7650,94268,-0.012903225806451646
2016-05-17,7650,7650,7580,7650,4310,0.0
2016-05-18,7570,7700,7540,7600,7131,-0.006535947712418277
2016-05-19,7530,7600,7500,7500,18822,-0.013157894736842146
2016-05-20,7470,7510,7420,7480,17565,-0.002666666666666706
2016-05-23,7590,7590,7450,7500,7259,0.002673796791443861
2016-05-24,7500,7510,7430,7450,19683,-0.00666666666666671
2016-05-25,7500,7600,7400,7450,10555,0.0
2016-05-26,7500,7500,7430,7480,3512,0.00402684563758382
2016-05-27,7480,7500,7470,7470,2602,-0.0013368983957219305
2016-05-30,7500,7540,7370,7370,42711,-0.01338688085676043
2016-05-31,7450,7480,7200,7400,58422,0.004070556309362372
2016-06-01,7420,7420,7340,7410,11209,0.0013513513513514486
2016-06-02,7440,7440,7380,7410,1923,0.0
2016-06-03,7500,7500,7400,7470,2536,0.00809716599190291
2016-06-07,7420,7490,7400,7460,5785,-0.0013386880856760541
2016-06-08,7510,7510,7420,7480,3175,0.002680965147453085
2016-06-09,7510,7550,7450,7540,25429,0.008021390374331583
2016-06-10,7500,7580,7490,7560,10024,0.0026525198938991412
2016-06-13,7530,7550,7420,7550,6941,-0.001322751322751281
2016-06-14,7480,7540,7400,7540,12600,-0.0013245033112583293
2016-06-15,7410,7530,7410,7500,12446,-0.0053050397877983935
2016-06-16,7430,7550,7420,7550,7645,0.006666666666666599
2016-06-17,7550,7580,7450,7540,16082,-0.0013245033112583293
2016-06-20,7470,7570,7470,7560,6664,0.0026525198938991412
2016-06-21,7500,7560,7460,7550,11748,-0.001322751322751281
2016-06-22,7540,7570,7450,7570,5621,0.0026490066225166586
2016-06-23,7530,7550,7470,7550,10121,-0.0026420079260237594
2016-06-24,7520,7580,7290,7300,39067,-0.0331125827814569
2016-06-27,7200,7280,7190,7260,21078,-0.005479452054794498
2016-06-28,7260,7310,7190,7310,9179,0.00688705234159781
2016-06-29,7340,7680,7320,7580,6935,0.0369357045143639
2016-06-30,7510,7570,7450,7500,5672,-0.01055408970976257
2016-07-01,7590,7590,7410,7410,9755,-0.01200000000000001
2016-07-04,7420,7580,7380,7530,9553,0.0161943319838056
2016-07-05,7460,7570,7430,7450,7677,-0.010624169986719778
2016-07-06,7450,7490,7380,7420,8637,-0.004026845637583931
2016-07-07,7390,7520,7390,7460,4819,0.005390835579514919
2016-07-08,7430,7490,7420,7490,3963,0.004021447721179516
2016-07-11,7460,7570,7400,7530,10872,0.005340453938584844
2016-07-12,7470,7540,7470,7530,8832,0.0
2016-07-13,7490,7580,7490,7570,7195,0.005312084993359889
2016-07-14,7540,7580,7500,7570,5692,0.0
2016-07-15,7570,7680,7570,7610,10363,0.005284015852047519
2016-07-18,7700,7750,7590,7650,11776,0.005256241787122251
2016-07-19,7700,7700,7580,7640,14466,-0.0013071895424836555
2016-07-20,7600,8000,7580,7640,19187,0.0
2016-07-21,7650,7700,7600,7690,4307,0.00654450261780104
2016-07-22,7730,7730,7600,7690,927,0.0
2016-07-25,7660,7760,7650,7730,17845,0.005201560468140354
2016-07-26,7750,7770,7670,7760,9495,0.0038809831824062613
2016-07-27,7690,7860,7690,7790,20377,0.0038659793814432852
2016-07-28,7950,7950,7680,7780,21076,-0.0012836970474967568
2016-07-29,7720,7770,7710,7740,6504,-0.005141388174807249
2016-08-01,7730,7840,7650,7740,18705,0.0
2016-08-02,7670,7750,7640,7750,14265,0.0012919896640826156
2016-08-03,7680,7710,7600,7680,9937,-0.00903225806451613
2016-08-04,7640,7690,7600,7670,5160,-0.0013020833333333703
2016-08-05,7720,7720,7610,7680,3606,0.0013037809647979959
2016-08-08,7700,7700,7590,7600,31266,-0.01041666666666663
2016-08-09,7590,7650,7590,7600,11586,0.0
2016-08-10,7600,7730,7590,7610,34988,0.001315789473684159
2016-08-11,7660,7720,7570,7610,9111,0.0
2016-08-12,7680,7720,7610,7650,14645,0.005256241787122251
2016-08-16,7610,7760,7600,7670,19626,0.002614379084967311
2016-08-17,7610,7650,7500,7580,20296,-0.011734028683181186
2016-08-18,7580,7670,7520,7670,9668,0.01187335092348274
2016-08-19,7580,7620,7580,7600,9639,-0.009126466753585416
2016-08-22,7570,7620,7510,7560,16115,-0.0052631578947368585
2016-08-23,7600,7600,7520,7560,9006,0.0
2016-08-24,7560,7560,7450,7520,31549,-0.005291005291005346
2016-08-25,7490,7540,7460,7520,8728,0.0
2016-08-26,7540,7600,7470,7590,5671,0.009308510638297962
2016-08-29,7500,7500,7420,7430,21417,-0.021080368906455815
2016-08-30,7490,7490,7440,7450,10689,0.0026917900403768957
2016-08-31,7450,7500,7430,7450,12548,0.0
2016-09-01,7440,7530,7430,7510,4986,0.008053691275167862
2016-09-02,7480,7500,7440,7470,21306,-0.005326231691078598
2016-09-05,7530,7530,7460,7480,10309,0.0013386880856760541
2016-09-06,7480,7500,7470,7490,9230,0.0013368983957218195
2016-09-07,7500,7520,7460,7480,31760,-0.001335113484646211
2016-09-08,7450,7480,7430,7480,26648,0.0
2016-09-09,7440,7480,7410,7420,12166,-0.008021390374331583
2016-09-12,7410,7450,7380,7450,14999,0.0040431266846361336
2016-09-13,7450,7480,7400,7450,12552,0.0
2016-09-19,7460,7490,7400,7470,11440,0.0026845637583892135
2016-09-20,7490,7500,7400,7470,4187,0.0
2016-09-21,7460,7510,7440,7510,8931,0.0053547523427042165
2016-09-22,7460,7530,7460,7530,6699,0.0026631158455392434
2016-09-23,7470,7600,7470,7590,12697,0.007968127490039834
2016-09-26,7570,7590,7520,7550,16049,-0.005270092226614009
2016-09-27,7540,7600,7480,7590,15920,0.005298013245033095
2016-09-28,7640,7640,7510,7560,6514,-0.0039525691699604515
2016-09-29,7600,7620,7550,7580,10289,0.002645502645502562
2016-09-30,7600,7600,7520,7520,9541,-0.0079155672823219
2016-10-04,7470,7590,7470,7540,4299,0.0026595744680850686
2016-10-05,7600,7600,7500,7550,2451,0.0013262599469496816
2016-10-06,7600,7600,7530,7600,4922,0.0066225165562914245
2016-10-07,7620,7620,7520,7600,3541,0.0
2016-10-10,7600,7650,7560,7640,11060,0.0052631578947368585
2016-10-11,7680,7680,7560,7600,13070,-0.005235602094240788
2016-10-12,7600,7630,7560,7620,1994,0.002631578947368318
2016-10-13,7630,7630,7500,7630,17787,0.001312335958005173
2016-10-14,7620,7630,7560,7600,5112,-0.003931847968545177
2016-10-17,7570,7620,7570,7600,2783,0.0
2016-10-18,7600,7630,7530,7590,5294,-0.001315789473684159
2016-10-19,7590,7590,7500,7530,19419,-0.007905138339920903
2016-10-20,7580,7580,7530,7580,6944,0.006640106241699861
2016-10-21,7560,7580,7540,7580,1782,0.0
2016-10-24,7600,7600,7490,7520,39598,-0.0079155672823219
2016-10-25,7570,7570,7490,7520,28542,0.0
2016-10-26,7500,7540,7460,7500,11599,-0.0026595744680850686
2016-10-27,7550,7550,7480,7530,2420,0.0040000000000000036
2016-10-28,7510,7570,7450,7450,22836,-0.010624169986719778
2016-10-31,7450,7480,7390,7440,11893,-0.0013422818791946067
2016-11-01,7420,7470,7340,7430,7255,-0.0013440860215053752
2016-11-02,7430,7430,7310,7380,11993,-0.006729475100942128
2016-11-03,7310,7400,7310,7390,2681,0.0013550135501354532
2016-11-04,7390,7430,7290,7420,26443,0.004059539918809252
2016-11-07,7420,7430,7300,7410,21856,-0.0013477088948786742
2016-11-08,7450,7450,7320,7400,9220,-0.0013495276653171517
2016-11-09,7410,7410,7180,7280,46500,-0.01621621621621616
2016-11-10,7290,7380,7290,7370,8211,0.012362637362637319
2016-11-11,7370,7420,7340,7400,8442,0.004070556309362372
2016-11-14,7390,7810,7370,7420,10226,0.002702702702702675
2016-11-15,7480,7480,7350,7450,6865,0.0040431266846361336
2016-11-16,7490,7510,7390,7470,4477,0.0026845637583892135
2016-11-17,7470,7500,7440,7470,2632,0.0
2016-11-18,7470,7500,7450,7460,12890,-0.0013386880856760541
2016-11-21,7490,7490,7350,7460,7387,0.0
2016-11-22,7460,7470,7400,7460,5483,0.0
2016-11-23,7460,7470,7400,7450,5279,-0.0013404825737265424
2016-11-24,7460,7460,7320,7410,4366,-0.005369127516778538
2016-11-25,7420,7420,7350,7350,3750,-0.0080971659919028
2016-11-28,7350,7390,7330,7380,3561,0.004081632653061273
2016-11-29,7400,7430,7360,7420,4877,0.005420054200542035
2016-11-30,7430,7440,7400,7430,1673,0.0013477088948787852
2016-12-01,7440,7440,7380,7430,9702,0.0
2016-12-02,7430,7450,7390,7420,13355,-0.0013458950201884479
2016-12-05,7450,7450,7370,7420,11401,0.0
2016-12-06,7420,7420,7360,7420,5428,0.0
2016-12-07,7430,7430,7380,7430,2253,0.0013477088948787852
2016-12-08,7440,7450,7410,7430,5156,0.0
2016-12-09,7410,7430,7370,7430,7734,0.0
2016-12-12,7430,7440,7390,7440,5985,0.0013458950201883368
2016-12-13,7390,7460,7390,7410,11944,-0.0040322580645161255
2016-12-14,7470,7480,7420,7450,9040,0.005398110661268607
2016-12-15,7470,7480,7420,7450,2934,0.0
2016-12-16,7480,7510,7460,7490,13471,0.005369127516778427
2016-12-19,7520,7520,7430,7500,14736,0.001335113484646211
2016-12-20,7520,7520,7450,7490,9152,-0.0013333333333332975
2016-12-21,7490,7500,7460,7490,11818,0.0
2016-12-22,7510,7510,7460,7500,5949,0.001335113484646211
2016-12-23,7520,7540,7480,7540,12408,0.005333333333333412
2016-12-26,7540,7550,7500,7530,22753,-0.0013262599469495706
2016-12-27,7550,7600,7510,7600,66569,0.009296148738379806
2016-12-28,7300,7450,7300,7300,21194,-0.03947368421052633
2016-12-29,7270,7340,7240,7250,11178,-0.006849315068493178
2017-01-02,7250,7260,7210,7250,3284,0.0
2017-01-03,7250,7250,7150,7230,13117,-0.0027586206896551557
2017-01-04,7230,7250,7210,7220,4990,-0.0013831258644536604
2017-01-05,7250,7270,7220,7250,5274,0.0041551246537396835
2017-01-06,7280,7280,7220,7230,7254,-0.0027586206896551557
2017-01-09,7260,7290,7210,7250,3525,0.0027662517289073207
2017-01-10,7310,7310,7200,7280,7358,0.004137931034482678
2017-01-11,7310,7310,7210,7300,9222,0.0027472527472527375
2017-01-12,7330,7340,7290,7300,13074,0.0
2017-01-13,7330,7330,7230,7310,9123,0.00136986301369868
2017-01-16,7310,7350,7250,7250,7927,-0.008207934336525335
2017-01-17,7310,7370,7280,7340,11796,0.012413793103448256
2017-01-18,7360,7380,7300,7370,5992,0.004087193460490468
2017-01-19,7360,7400,7340,7390,9684,0.0027137042062415073
2017-01-20,7390,7390,7250,7310,6636,-0.010825439783491153
2017-01-23,7350,7370,7240,7350,3837,0.00547195622435015
2017-01-24,7350,7380,7210,7290,9699,-0.008163265306122436
2017-01-25,7270,7320,7200,7270,15251,-0.002743484224965731
2017-01-26,7310,7380,7220,7290,9920,0.0027510316368637433
2017-01-31,7240,7370,7240,7290,10905,0.0
2017-02-01,7290,7360,7290,7330,9941,0.005486968449931462
2017-02-02,7340,7350,7250,7330,6546,0.0
2017-02-03,7320,7350,7210,7310,17434,-0.0027285129604365244
2017-02-06,7360,7400,7320,7340,11932,0.004103967168262557
2017-02-07,7340,7370,7250,7290,14353,-0.006811989100817484
2017-02-08,7280,7330,7250,7300,4493,0.00137174211248281
2017-02-09,7270,7330,7250,7270,16928,-0.004109589041095929
2017-02-10,7340,7340,7260,7280,6216,0.0013755158184318717
2017-02-13,7270,7310,7250,7280,10023,0.0
2017-02-14,7280,7300,7260,7270,3680,-0.0013736263736263687
2017-02-15,7260,7320,7230,7270,7517,0.0
2017-02-16,7290,7300,7250,7290,7475,0.0027510316368637433
2017-02-17,7300,7310,7230,7290,11062,0.0
2017-02-20,7290,7290,7210,7230,13269,-0.008230452674897082
2017-02-21,7240,7290,7230,7280,10548,0.006915629322268302
2017-02-22,7280,7320,7250,7290,16130,0.0013736263736263687
2017-02-23,7300,7490,7290,7400,58888,0.015089163237311354
2017-02-24,7420,7450,7310,7310,25507,-0.012162162162162149
2017-02-27,7270,7380,7250,7310,17763,0.0
2017-02-28,7310,7360,7260,7310,10382,0.0
2017-03-02,7310,7370,7280,7350,9974,0.00547195622435015
2017-03-03,7330,7360,7250,7300,11113,-0.006802721088435382
2017-03-06,7300,7300,7200,7300,13203,0.0
2017-03-07,7300,7320,7260,7310,6159,0.00136986301369868
2017-03-08,7310,7350,7260,7320,6849,0.001367989056087593
2017-03-09,7280,7320,7260,7270,13039,-0.006830601092896127
2017-03-10,7300,7300,7230,7300,5606,0.004126547455295837
2017-03-13,7300,7390,7230,7350,19096,0.006849315068493178
2017-03-14,7370,7400,7330,7380,9701,0.004081632653061273
2017-03-15,7390,7430,7360,7400,11243,0.0027100271002709064
2017-03-16,7440,7530,7410,7470,21050,0.009459459459459474
2017-03-17,7490,7490,7400,7430,16811,-0.0053547523427041055
2017-03-20,7460,7470,7400,7450,10915,0.0026917900403768957
2017-03-21,7460,7490,7410,7460,15491,0.0013422818791946067
2017-03-22,7450,7450,7360,7400,16920,-0.008042895442359255
2017-03-23,7410,7450,7400,7420,5147,0.002702702702702675
2017-03-24,7450,7450,7410,7440,6276,0.0026954177897573484
2017-03-27,7440,7440,7370,7430,6848,-0.0013440860215053752
2017-03-28,7360,7420,7350,7380,10687,-0.006729475100942128
2017-03-29,7400,7400,7320,7340,12652,-0.005420054200542035
2017-03-30,7370,7400,7310,7390,9362,0.006811989100817373
2017-03-31,7340,7440,7320,7400,5441,0.0013531799729364913
2017-04-03,7400,7440,7380,7410,7628,0.0013513513513514486
2017-04-04,7410,7410,7340,7400,8049,-0.0013495276653171517
2017-04-05,7360,7410,7320,7380,12415,-0.002702702702702675
2017-04-06,7400,7400,7280,7340,26408,-0.005420054200542035
2017-04-07,7310,7370,7300,7360,7860,0.0027247956403269047
2017-04-10,7360,7360,7290,7300,19179,-0.008152173913043459
2017-04-11,7320,7330,7260,7310,10008,0.00136986301369868
2017-04-12,7280,7320,7280,7300,20382,-0.001367989056087593
2017-04-13,7340,7360,7300,7340,4641,0.005479452054794498
2017-04-14,7350,7350,7220,7270,18160,-0.009536784741144388
2017-04-17,7290,7360,7270,7350,3356,0.011004126547455195
2017-04-18,7350,7360,7260,7330,5032,-0.0027210884353741083
2017-04-19,7300,7330,7260,7300,4293,-0.004092769440654842
2017-04-20,7300,7320,7270,7310,15177,0.00136986301369868
2017-04-21,7310,7330,7280,7310,4274,0.0
2017-04-24,7310,7360,7280,7350,6368,0.00547195622435015
2017-04-25,7330,7390,7310,7390,4668,0.0054421768707482165
2017-04-26,7390,7470,7360,7430,28310,0.005412719891745521
2017-04-27,7460,7460,7350,7400,9791,-0.004037685060565233
2017-04-28,7400,7440,7300,7360,21367,-0.00540540540540535
2017-05-02,7360,7490,7270,7450,30904,0.012228260869565188
2017-05-04,7450,7580,7450,7560,75787,0.014765100671140896
2017-05-08,7590,7590,7500,7550,20212,-0.001322751322751281
2017-05-10,7570,7590,7400,7440,42497,-0.014569536423841067
2017-05-11,7480,7550,7460,7490,32360,0.006720430107526987
2017-05-12,7540,7540,7450,7510,9074,0.002670226969292422
2017-05-15,7530,7530,7430,7490,10749,-0.0026631158455392434
2017-05-16,7530,7600,7420,7550,39353,0.008010680907877266
2017-05-17,7550,7550,7410,7510,34568,-0.005298013245033095
2017-05-18,7470,7480,7400,7450,18549,-0.007989347536617841
2017-05-19,7440,7530,7440,7480,21577,0.00402684563758382
2017-05-22,7490,7570,7480,7530,11608,0.006684491978609541
2017-05-23,7540,7610,7480,7590,31123,0.007968127490039834
2017-05-24,7590,7620,7550,7560,19188,-0.0039525691699604515
2017-05-25,7610,7640,7560,7630,30722,0.0092592592592593
2017-05-26,7670,7810,7660,7760,62621,0.017038007863696025
2017-05-29,7760,7770,7580,7620,26573,-0.01804123711340211
2017-05-30,7620,7740,7560,7720,33132,0.013123359580052396
2017-05-31,7750,7750,7680,7680,14637,-0.005181347150259086
2017-06-01,7680,7720,7620,7670,17084,-0.0013020833333333703
2017-06-02,7700,7720,7630,7680,19506,0.0013037809647979959
2017-06-05,7700,7730,7650,7720,20395,0.005208333333333259
2017-06-07,7740,7740,7660,7730,33164,0.0012953367875647714
2017-06-08,7740,7740,7650,7730,32767,0.0
2017-06-09,7750,7970,7730,7970,104459,0.031047865459249646
2017-06-12,8000,8480,7980,8230,335217,0.03262233375156831
2017-06-13,8240,8370,8110,8240,105119,0.0012150668286756705
2017-06-14,8300,8340,8170,8250,67050,0.0012135922330096527
2017-06-15,8180,8250,7910,7920,132066,-0.040000000000000036
2017-06-16,7950,8000,7830,7870,91517,-0.0063131313131312705
2017-06-19,7990,8000,7840,7900,32483,0.003811944091486552
2017-06-20,7940,8020,7840,7930,49038,0.0037974683544304
2017-06-21,7930,7950,7780,7790,51033,-0.017654476670870167
2017-06-22,7800,7970,7790,7940,49495,0.019255455712451797
2017-06-23,7950,8040,7880,8030,30431,0.01133501259445846
2017-06-26,8030,8100,7960,8030,32324,0.0
2017-06-27,8070,8090,8000,8000,26919,-0.0037359900373599153
2017-06-28,8000,8200,7960,8080,50376,0.010000000000000009
2017-06-29,8160,8440,8120,8350,140145,0.033415841584158334
2017-06-30,8280,8390,8280,8340,23326,-0.0011976047904191933
2017-07-03,8340,8430,8200,8290,41183,-0.005995203836930418
2017-07-04,8310,8410,8200,8200,72686,-0.010856453558504175
2017-07-05,8200,8240,8160,8200,7829,0.0
2017-07-06,8200,8250,8070,8160,30337,-0.004878048780487809
2017-07-07,8120,8220,8100,8190,11536,0.003676470588235281
2017-07-10,8250,8250,8130,8160,11288,-0.00366300366300365
2017-07-11,8240,8270,8110,8270,26459,0.013480392156862697
2017-07-12,8340,8340,8160,8190,31017,-0.0096735187424426
2017-07-13,8250,8310,8200,8240,24560,0.006105006105006083
2017-07-14,8250,8250,8100,8220,28688,-0.0024271844660194164
2017-07-17,8220,8230,8110,8130,10397,-0.010948905109489093
2017-07-18,8130,8190,8060,8160,20530,0.0036900369003689537
2017-07-19,8160,8250,8120,8210,24524,0.006127450980392135
2017-07-20,8200,8250,8190,8230,28983,0.0024360535931791105
2017-07-21,8260,8320,8250,8290,35675,0.007290400972053357
2017-07-24,8300,8330,8250,8260,24580,-0.003618817852834688
2017-07-25,8290,8340,8200,8200,27922,-0.007263922518159771
2017-07-26,8250,8310,8140,8220,35745,0.0024390243902439046
2017-07-27,8190,8270,8180,8260,28960,0.0048661800486617945
2017-07-28,8290,8290,8080,8200,47571,-0.007263922518159771
2017-07-31,8170,8200,8000,8190,43949,-0.0012195121951219523
2017-08-01,8110,8300,8110,8290,35908,0.012210012210012167
2017-08-02,8340,8370,8270,8350,18625,0.007237635705669376
2017-08-03,8380,8380,8130,8200,26315,-0.017964071856287456
2017-08-04,8250,8290,8100,8270,25259,0.008536585365853666
2017-08-07,8320,8320,8250,8300,33796,0.0036275695284160303
2017-08-08,8350,8350,8300,8340,22669,0.004819277108433662
2017-08-09,8340,8340,8240,8320,26473,-0.0023980815347721673
2017-08-10,8340,8350,8130,8290,36958,-0.0036057692307692735
2017-08-11,8280,8280,8080,8190,31864,-0.012062726176115812
2017-08-14,8250,8350,8200,8260,21806,0.008547008547008517
2017-08-16,8340,8340,8180,8230,23145,-0.003631961259079941
2017-08-17,8290,8350,8200,8280,13843,0.0060753341433779084
2017-08-18,8280,8290,8150,8280,18554,0.0
2017-08-21,8300,8310,8210,8210,17435,-0.008454106280193274
2017-08-22,8210,8350,8210,8300,11283,0.010962241169305775
2017-08-23,8330,8390,8300,8350,21015,0.006024096385542244
2017-08-24,8360,8620,8350,8550,50788,0.0239520958083832
2017-08-25,8540,8610,8510,8580,28547,0.0035087719298245723
2017-08-28,8630,8630,8510,8590,15208,0.0011655011655011815
2017-08-29,8590,8620,8400,8600,15850,0.0011641443538998875
2017-08-30,8600,8620,8530,8610,13258,0.0011627906976743319
2017-08-31,8600,8600,8530,8580,14161,-0.0034843205574912606
2017-09-01,8630,8630,8530,8600,10491,0.002331002331002363
2017-09-04,8410,8540,8400,8510,14835,-0.010465116279069764
2017-09-05,8550,8550,8360,8400,24128,-0.01292596944770863
2017-09-06,8380,8390,8250,8390,20362,-0.0011904761904761862
2017-09-07,8400,8560,8400,8510,20108,0.014302741358760418
2017-09-08,8550,8550,8380,8460,22707,-0.005875440658049347
2017-09-11,8550,8550,8400,8510,24353,0.005910165484633634
2017-09-12,8540,8590,8490,8570,22814,0.007050528789659172
2017-09-13,8600,8600,8420,8590,25541,0.002333722287047868
2017-09-14,8570,8570,8480,8530,17816,-0.006984866123399325
2017-09-15,8360,8600,8360,8560,11731,0.003516998827667095
2017-09-18,8600,8640,8450,8640,16374,0.009345794392523255
2017-09-19,8650,8680,8590,8640,10709,0.0
2017-09-20,8600,8640,8470,8630,21438,-0.0011574074074074403
2017-09-21,8610,8680,8460,8590,13135,-0.004634994206257237
2017-09-22,8600,8600,8420,8570,14138,-0.002328288707799775
2017-09-25,8570,8570,8010,8100,42448,-0.05484247374562423
2017-09-26,8000,8250,7700,8210,19579,0.013580246913580174
2017-09-27,8280,8280,8100,8240,7906,0.0036540803897686658
2017-09-28,8240,8320,8160,8310,21701,0.008495145631068013
2017-09-29,8400,8400,8210,8380,4256,0.008423586040914532
2017-10-10,8300,8460,8220,8250,19760,-0.015513126491646823
2017-10-11,8400,8400,8190,8260,7750,0.00121212121212122
2017-10-12,8300,8500,8210,8370,16649,0.013317191283293006
2017-10-13,8370,8370,8240,8320,4470,-0.005973715651135025
2017-10-16,8250,8370,8250,8300,3953,-0.0024038461538461453
2017-10-17,8310,8310,8190,8220,9685,-0.009638554216867434
2017-10-18,8350,8350,8080,8150,24878,-0.008515815085158196
2017-10-19,8220,8220,8080,8160,7268,0.0012269938650306678
2017-10-20,8160,8190,8090,8160,3580,0.0
2017-10-23,8100,8180,8080,8110,7490,-0.006127450980392135
2017-10-24,8140,8140,8080,8100,5575,-0.0012330456226880004
2017-10-25,8240,8240,8050,8080,11596,-0.0024691358024691024
2017-10-26,8190,8190,8060,8070,11677,-0.0012376237623762387
2017-10-27,8100,8120,8070,8070,6323,0.0
2017-10-30,8080,8100,8050,8070,13781,0.0
2017-10-31,8060,8100,8050,8100,12201,0.0037174721189590088
2017-11-01,8120,8180,8070,8160,12196,0.007407407407407307
2017-11-02,8150,8150,8070,8120,2893,-0.004901960784313708
2017-11-03,8150,8150,8070,8100,10758,-0.0024630541871921707
2017-11-06,8130,8130,8040,8070,8330,-0.0037037037037036535
2017-11-07,8050,8080,8040,8080,8279,0.0012391573729864103
2017-11-08,8080,8090,8050,8080,3322,0.0
2017-11-09,8090,8090,8040,8050,7906,-0.003712871287128716
2017-11-10,8050,8190,8020,8080,7041,0.003726708074534235
2017-11-13,8080,8150,8040,8140,15464,0.007425742574257432
2017-11-14,8140,8140,8020,8110,5069,-0.0036855036855036882
2017-11-15,8050,8050,7830,7890,49219,-0.027127003699136898
2017-11-16,7850,7930,7780,7880,21314,-0.0012674271229404788
2017-11-17,7910,7980,7850,7920,10388,0.0050761421319796
2017-11-20,7920,7940,7810,7940,5377,0.002525252525252597
2017-11-21,7900,7900,7830,7880,13104,-0.007556675062972307
2017-11-22,7880,8050,7880,8000,39580,0.015228426395939021
2017-11-23,8010,8070,7930,8060,10986,0.007500000000000062
2017-11-24,8030,8120,7960,7960,15166,-0.012406947890818865
2017-11-27,7960,8100,7930,7950,9732,-0.0012562814070351536
2017-11-28,7950,8020,7920,7930,19037,-0.002515723270440251
2017-11-29,8040,8040,7920,7960,6583,0.003783102143757988
2017-11-30,8000,8070,7890,8000,36207,0.005025125628140614
2017-12-01,7970,7970,7880,7920,18824,-0.010000000000000009
2017-12-04,7920,7930,7830,7930,10021,0.0012626262626262985
2017-12-05,7930,7970,7870,7940,11564,0.0012610340479193294
2017-12-06,7960,7960,7870,7950,8273,0.0012594458438286438
2017-12-07,7950,7950,7820,7930,17454,-0.002515723270440251
2017-12-08,7940,7940,7850,7890,7521,-0.0050441361916772065
2017-12-11,7900,7900,7730,7840,9852,-0.006337135614702172
2017-12-12,7850,7860,7680,7750,20353,-0.011479591836734748
2017-12-13,7710,7870,7710,7770,10321,0.002580645161290418
2017-12-14,7770,7810,7740,7780,18503,0.0012870012870012104
2017-12-15,7790,7820,7720,7780,9836,0.0
2017-12-18,7780,7790,7720,7740,6018,-0.005141388174807249
2017-12-19,7710,7750,7670,7700,23789,-0.0051679586563307955
2017-12-20,7740,7750,7660,7740,10473,0.0051948051948051965
2017-12-21,7770,7770,7700,7730,6981,-0.0012919896640827266
2017-12-22,7710,7780,7690,7760,12894,0.0038809831824062613
2017-12-26,7740,7850,7740,7820,15038,0.0077319587628865705
2017-12-27,7700,7780,7550,7680,21682,-0.01790281329923271
2017-12-28,7620,7720,7550,7720,10745,0.005208333333333259
2018-01-02,7710,7710,7500,7550,11504,-0.022020725388601003
2018-01-03,7540,7590,7500,7550,15132,0.0
2018-01-04,7570,7590,7470,7490,9109,-0.007947019867549643
2018-01-05,7520,7530,7410,7520,19036,0.004005340453938633
2018-01-08,7520,7520,7410,7450,19274,-0.009308510638297851
2018-01-09,7440,7490,7420,7470,7742,0.0026845637583892135
2018-01-10,7480,7520,7430,7520,5873,0.006693440428380271
2018-01-11,7520,7520,7390,7460,17392,-0.007978723404255317
2018-01-12,7410,7600,7410,7560,16688,0.013404825737265424
2018-01-15,7560,7740,7560,7730,26876,0.022486772486772555
2018-01-16,7690,7840,7610,7710,10691,-0.002587322121604174
2018-01-17,7690,7690,7560,7660,11620,-0.006485084306095956
2018-01-18,7660,7860,7660,7740,43482,0.010443864229765065
2018-01-19,7770,7800,7710,7790,15299,0.006459948320413522
2018-01-22,7760,7790,7620,7640,14769,-0.019255455712451908
2018-01-23,7740,7900,7700,7810,30203,0.022251308900523625
2018-01-24,7890,7970,7800,7930,35877,0.015364916773367376
2018-01-25,7900,7930,7760,7900,18586,-0.003783102143757877
2018-01-26,7920,7920,7750,7880,34713,-0.0025316455696202667
2018-01-29,7880,8150,7830,8090,70648,0.026649746192893398
2018-01-30,8090,8100,7970,8090,29773,0.0
2018-01-31,8000,8080,7900,8080,41741,-0.0012360939431397266
2018-02-01,8040,8120,8000,8030,16135,-0.006188118811881194
2018-02-02,8020,8090,7910,7930,7032,-0.012453300124533051
2018-02-05,7850,7880,7670,7800,19286,-0.016393442622950838
2018-02-06,7700,7710,7510,7700,21825,-0.012820512820512775
2018-02-07,7730,7900,7640,7730,25721,0.003896103896103842
2018-02-08,7700,7760,7670,7690,5386,-0.005174644243208237
2018-02-09,7610,7700,7460,7630,17906,-0.007802340702210642
2018-02-12,7650,7660,7560,7600,6717,-0.003931847968545177
2018-02-13,7620,7630,7450,7610,20156,0.001315789473684159
2018-02-14,7610,7610,7490,7540,5744,-0.009198423127463884
2018-02-19,7510,7610,7510,7610,15512,0.009283819628647105
2018-02-20,7640,7730,7540,7730,7885,0.01576872536136653
2018-02-21,7660,7740,7590,7730,18156,0.0
2018-02-22,7650,7770,7650,7710,10928,-0.002587322121604174
2018-02-23,7710,7770,7680,7720,4158,0.0012970168612191912
2018-02-26,7760,7760,7710,7720,5381,0.0
2018-02-27,7760,7760,7660,7700,10083,-0.002590673575129543
2018-02-28,7740,7740,7620,7700,11057,0.0
2018-03-02,7690,7690,7550,7690,23234,-0.0012987012987012436
2018-03-05,7690,7690,7580,7650,7847,-0.005201560468140465
2018-03-06,7730,7730,7600,7630,11171,-0.002614379084967311
2018-03-07,7690,7800,7560,7630,7367,0.0
2018-03-08,7620,7720,7620,7650,4406,0.002621231979030192
2018-03-09,7730,7730,7650,7670,6860,0.002614379084967311
2018-03-12,7700,7840,7700,7820,13058,0.019556714471968606
2018-03-13,7820,7820,7740,7810,3677,-0.0012787723785165905
2018-03-14,7820,7820,7700,7810,13031,0.0
2018-03-15,7790,7790,7500,7730,34780,-0.010243277848911658
2018-03-16,7720,7720,7670,7720,4237,-0.001293661060802087
2018-03-19,7720,7740,7680,7710,7886,-0.0012953367875647714
2018-03-20,7680,7740,7650,7740,5032,0.0038910505836575737
2018-03-21,7660,7760,7660,7700,4118,-0.0051679586563307955
2018-03-22,7730,7740,7680,7690,6475,-0.0012987012987012436
2018-03-23,7670,7670,7470,7560,15426,-0.016905071521456483
2018-03-26,7540,7600,7490,7600,13507,0.005291005291005346
2018-03-27,7640,7740,7610,7620,2927,0.002631578947368318
2018-03-28,7690,7740,7540,7590,4682,-0.003937007874015741
2018-03-29,7600,7730,7540,7660,4469,0.00922266139657446
2018-03-30,7670,7670,7560,7660,2681,0.0
2018-04-02,7660,7700,7550,7650,5621,-0.0013054830287205776
2018-04-03,7630,7630,7590,7630,1932,-0.002614379084967311
2018-04-04,7650,7650,7520,7590,18660,-0.005242463958060273
2018-04-05,7610,7620,7520,7610,14017,0.0026350461133068936
2018-04-06,7610,7610,7530,7600,9473,-0.0013140604467805073
2018-04-09,7590,7650,7530,7640,6969,0.0052631578947368585
2018-04-10,7660,7660,7530,7620,7120,-0.002617801047120394
2018-04-11,7650,7650,7540,7600,10273,-0.002624671916010457
2018-04-12,7610,7630,7550,7630,5501,0.003947368421052699
2018-04-13,7570,7650,7570,7620,1994,-0.001310615989515096
2018-04-16,7620,7690,7600,7640,4153,0.002624671916010568
2018-04-17,7660,7670,7610,7630,4463,-0.0013089005235602524
2018-04-18,7660,7700,7580,7680,12026,0.006553079947575258
2018-04-19,7700,7710,7630,7680,4082,0.0
2018-04-20,7700,7720,7650,7700,5939,0.0026041666666667407
2018-04-23,7720,7760,7640,7700,4193,0.0
2018-04-24,7720,7770,7670,7760,9467,0.007792207792207684
2018-04-25,7720,7770,7680,7750,10953,-0.0012886597938144284
2018-04-26,7770,7840,7760,7840,7553,0.011612903225806548
2018-04-27,7850,7880,7720,7840,13845,0.0
2018-04-30,7810,7840,7770,7820,5601,-0.0025510204081632404
2018-05-02,7840,7860,7740,7770,18794,-0.006393861892583175
2018-05-03,7760,7850,7740,7800,6932,0.0038610038610038533
2018-05-04,7800,7840,7740,7830,12920,0.0038461538461538325
2018-05-08,7830,7860,7750,7810,13245,-0.0025542784163473664
2018-05-09,7750,7800,7700,7800,20169,-0.001280409731113985
2018-05-10,7800,7800,7690,7790,12827,-0.0012820512820512775
2018-05-11,7830,7900,7400,7880,51252,0.011553273427471034
2018-05-14,7910,8040,7900,8010,32454,0.016497461928933976
2018-05-15,8020,8060,7930,8020,26885,0.0012484394506866447
2018-05-16,7970,8030,7910,7980,61458,-0.004987531172069848
2018-05-17,7950,8030,7930,7980,22522,0.0
2018-05-18,7980,8000,7870,8000,22726,0.0025062656641603454
2018-05-21,8000,8000,7900,7990,15157,-0.0012499999999999734
2018-05-23,7990,7990,7600,7880,11028,-0.013767209011264048
2018-05-24,7940,7940,7830,7880,13541,0.0
2018-05-25,7820,7840,7640,7730,58503,-0.019035532994923887
2018-05-28,7740,7920,7740,7880,21672,0.019404915912031084
2018-05-29,7910,7910,7770,7900,26895,0.002538071065989911
2018-05-30,7810,7890,7750,7820,29958,-0.010126582278481067
2018-05-31,7820,7870,7790,7860,5143,0.005115089514066584
2018-06-01,7900,7900,7730,7860,20806,0.0
2018-06-04,7860,7910,7800,7810,4263,-0.006361323155216314
2018-06-05,7900,7900,7680,7800,27793,-0.001280409731113985
2018-06-07,7810,7950,7800,7900,11025,0.012820512820512775
2018-06-08,7910,7910,7800,7890,4895,-0.0012658227848101333
2018-06-11,7890,7900,7800,7880,8200,-0.0012674271229404788
2018-06-12,7880,7890,7710,7860,14334,-0.0025380710659898
2018-06-14,7830,7840,7660,7770,18465,-0.011450381679389277
2018-06-15,7750,7750,7620,7690,12287,-0.01029601029601035
2018-06-18,7680,7690,7570,7600,18342,-0.011703511053316018
2018-06-19,7600,7610,7490,7510,24389,-0.011842105263157876
2018-06-20,7510,7530,7480,7530,21843,0.0026631158455392434
2018-06-21,7530,7550,7450,7520,6940,-0.0013280212483399723
2018-06-22,7520,7520,7380,7450,28376,-0.009308510638297851
2018-06-25,7500,7580,7330,7430,8089,-0.0026845637583892135
2018-06-26,7450,7460,7360,7370,3796,-0.008075370121130576
2018-06-27,7350,7450,7330,7370,9346,0.0
2018-06-28,7330,7400,7300,7340,14464,-0.004070556309362261
2018-06-29,7350,7400,7290,7340,4828,0.0
2018-07-02,7300,7330,7170,7180,24359,-0.021798365122615793
2018-07-03,7240,7280,7190,7240,4778,0.008356545961002881
2018-07-04,7130,7300,7130,7290,10960,0.006906077348066253
2018-07-05,7290,7290,7100,7200,18296,-0.012345679012345734
2018-07-06,7200,7240,7090,7240,13409,0.005555555555555536
2018-07-09,7200,7250,7140,7250,6367,0.0013812154696133394
2018-07-10,7200,7270,7180,7230,8512,-0.0027586206896551557
2018-07-11,7230,7240,7110,7230,1943,0.0
2018-07-12,7190,7230,7140,7220,4645,-0.0013831258644536604
2018-07-13,7220,7440,7190,7290,10879,0.00969529085872578
2018-07-16,7300,7430,7260,7350,6616,0.008230452674897082
2018-07-17,7410,7420,7300,7410,7354,0.008163265306122547
2018-07-18,7340,7470,7320,7440,3565,0.004048582995951344
2018-07-19,7410,7520,7400,7500,31199,0.008064516129032251
2018-07-20,7500,7540,7420,7510,7765,0.0013333333333334085
2018-07-23,7410,7480,7340,7390,3384,-0.015978695073235683
2018-07-24,7310,7410,7300,7410,2246,0.0027063599458727605
2018-07-25,7360,7430,7280,7420,3748,0.0013495276653170407
2018-07-26,7430,7430,7350,7400,1089,-0.0026954177897574594
2018-07-27,7370,7600,7360,7460,4968,0.008108108108108025
2018-07-30,7450,7450,7360,7440,16002,-0.002680965147453085
2018-07-31,7430,7430,7340,7420,1430,-0.0026881720430107503
2018-08-01,7410,7500,7400,7460,4000,0.005390835579514919
2018-08-02,7470,7600,7390,7440,3761,-0.002680965147453085
2018-08-03,7460,7540,7350,7520,1593,0.010752688172043001
2018-08-06,7520,7520,7430,7500,5780,-0.0026595744680850686
2018-08-07,7500,7580,7420,7490,1993,-0.0013333333333332975
2018-08-08,7520,7530,7430,7490,5494,0.0
2018-08-09,7490,7490,7350,7440,6716,-0.006675567423230944
2018-08-10,7440,7440,7370,7440,1486,0.0
2018-08-13,7400,7450,7200,7250,29444,-0.025537634408602128
2018-08-14,7340,7360,7240,7330,733,0.011034482758620623
2018-08-16,7330,7370,7190,7250,9219,-0.010914051841746208
2018-08-17,7350,7350,7240,7290,18315,0.0055172413793103114
2018-08-20,7270,7300,7240,7300,2482,0.00137174211248281
2018-08-21,7350,7450,7260,7300,8232,0.0
2018-08-22,7350,7410,7280,7300,5270,0.0
2018-08-23,7300,7360,7280,7320,11998,0.00273972602739736
2018-08-24,7280,7350,7260,7350,2171,0.004098360655737654
2018-08-27,7350,7400,7270,7330,42853,-0.0027210884353741083
2018-08-28,7430,7450,7330,7390,4908,0.008185538881309684
2018-08-29,7340,7440,7340,7360,1845,-0.004059539918809252
2018-08-30,7410,7510,7360,7400,1615,0.005434782608695565
2018-08-31,7420,7420,7340,7340,4743,-0.008108108108108136
2018-09-03,7430,7500,7300,7310,6611,-0.004087193460490468
2018-09-04,7450,7450,7270,7320,10284,0.001367989056087593
2018-09-05,7320,7400,7270,7370,9956,0.006830601092896238
2018-09-06,7310,7410,7290,7360,3551,-0.0013568521031207537
2018-09-07,7300,7410,7300,7320,7173,-0.005434782608695676
2018-09-10,7310,7350,7280,7300,6336,-0.002732240437158473
2018-09-11,7360,7360,7240,7310,11954,0.00136986301369868
2018-09-12,7300,7320,7240,7290,4462,-0.002735978112175075
2018-09-13,7300,7390,7300,7390,10284,0.013717421124828544
2018-09-14,7440,7470,7340,7440,6791,0.006765899864682012
2018-09-17,7440,7500,7320,7440,5127,0.0
2018-09-18,7360,7470,7360,7450,3089,0.0013440860215054862
2018-09-19,7390,7990,7390,7430,8095,-0.0026845637583892135
2018-09-20,7570,7570,7390,7420,5288,-0.0013458950201884479
2018-09-21,7400,7500,7350,7410,17058,-0.0013477088948786742
2018-09-27,7440,7450,7370,7420,5697,0.0013495276653170407
2018-09-28,7450,7500,7420,7490,16012,0.009433962264151052
2018-10-01,7530,7580,7470,7500,8834,0.001335113484646211
2018-10-02,7510,7550,7400,7470,8601,-0.0040000000000000036
2018-10-04,7500,7500,7310,7470,6291,0.0
2018-10-05,7470,7470,7310,7430,5052,-0.0053547523427041055
2018-10-08,7350,7500,7350,7480,3901,0.006729475100942128
2018-10-10,7480,7480,7250,7300,25628,-0.024064171122994638
2018-10-11,7260,7260,7000,7090,25386,-0.02876712328767128
2018-10-12,6990,7150,6960,7140,16932,0.007052186177715081
2018-10-15,7110,7140,7010,7100,6854,-0.0056022408963585235
2018-10-16,7140,7140,7050,7110,3819,0.0014084507042253502
2018-10-17,7220,7230,7090,7130,3650,0.002812939521800173
2018-10-18,7020,7140,7020,7110,6780,-0.0028050490883591017
2018-10-19,7030,7130,7000,7010,9786,-0.01406469760900142
2018-10-22,7020,7160,7020,7150,4187,0.0199714693295292
2018-10-23,7150,7150,6970,7130,15033,-0.002797202797202747
2018-10-24,7040,7130,7000,7080,11035,-0.007012622720897643
2018-10-25,6900,7040,6880,6980,17411,-0.01412429378531077
2018-10-26,6930,7070,6880,6900,12833,-0.011461318051575908
2018-10-29,7000,7000,6730,6850,19972,-0.007246376811594235
2018-10-30,6890,6890,6600,6700,21984,-0.021897810218978075
2018-10-31,6840,6840,6630,6730,9476,0.004477611940298498
2018-11-01,6810,6960,6770,6890,3908,0.023774145616641817
2018-11-02,6710,7160,6710,7080,8338,0.027576197387518153
2018-11-05,7130,7130,6930,7000,1806,-0.011299435028248594
2018-11-06,6950,7110,6950,7110,1893,0.01571428571428579
2018-11-07,7130,7250,7000,7140,10497,0.00421940928270037
2018-11-08,7140,7200,6980,7160,8272,0.0028011204481792618
2018-11-09,7150,7150,7040,7070,493,-0.012569832402234637
2018-11-12,7100,7100,6980,7050,1285,-0.0028288543140028155
2018-11-13,7000,7000,6890,6970,3933,-0.01134751773049647
2018-11-14,7020,7020,6980,6990,552,0.0028694404591105283
2018-11-15,6910,7090,6900,7090,4880,0.014306151645207432
2018-11-16,7080,7080,7020,7060,1590,-0.004231311706629048
2018-11-19,7080,7130,7000,7080,1453,0.0028328611898016387
2018-11-20,7060,7070,7010,7010,4656,-0.009887005649717562
2018-11-21,6990,7030,6940,6950,2733,-0.008559201141226769
2018-11-22,7090,7100,6900,7020,4723,0.010071942446043147
2018-11-23,7070,7070,6910,6990,2076,-0.004273504273504258
2018-11-26,6950,7070,6950,6950,4432,-0.005722460658083017
2018-11-27,7070,7080,6910,6990,8234,0.0057553956834532904
2018-11-28,7050,7050,6950,6990,5567,0.0
2018-11-29,7020,7070,7000,7070,9812,0.011444921316166035
2018-11-30,7010,7040,6910,7000,17207,-0.00990099009900991
2018-12-03,7000,7150,7000,7130,12400,0.01857142857142846
2018-12-04,7080,7200,7040,7130,10447,0.0
2018-12-05,7030,7100,7000,7080,3733,-0.007012622720897643
2018-12-06,7070,7090,6980,7060,6092,-0.0028248587570621764
2018-12-07,7120,7120,7000,7050,2478,-0.0014164305949008194
2018-12-10,7040,7040,6930,6980,6128,-0.009929078014184411
2018-12-11,6940,7000,6900,6980,6523,0.0
2018-12-12,7050,7050,6950,7000,3974,0.002865329512893977
2018-12-13,7010,7060,6950,7060,4320,0.008571428571428674
2018-12-14,7080,7090,6950,7040,4341,-0.0028328611898017497
2018-12-17,7050,7100,6970,7070,5103,0.0042613636363635354
2018-12-18,7070,7070,6940,7030,9879,-0.005657708628005631
2018-12-19,6970,7030,6970,7000,2515,-0.004267425320056861
2018-12-20,7010,7020,6920,6990,7911,-0.0014285714285714457
2018-12-21,6990,6990,6900,6930,10741,-0.008583690987124415
2018-12-24,6900,6980,6900,6950,9243,0.0028860028860029363
2018-12-26,6880,7020,6850,6920,12039,-0.004316546762589968
2018-12-27,6930,6930,6690,6750,9970,-0.024566473988439252
2018-12-28,6800,6870,6690,6830,3160,0.01185185185185178
2019-01-02,6800,6800,6650,6730,6116,-0.014641288433382083
2019-01-03,6790,6790,6610,6680,12023,-0.007429420505200568
2019-01-04,6750,6750,6600,6680,12543,0.0
2019-01-07,6740,6840,6650,6680,11261,0.0
2019-01-08,6770,6770,6630,6680,9531,0.0
2019-01-09,6730,6730,6630,6700,9045,0.0029940119760478723
2019-01-10,6710,6710,6610,6670,6334,-0.004477611940298498
2019-01-11,6700,6710,6650,6700,5354,0.004497751124437732
2019-01-14,6710,6710,6640,6680,4865,-0.0029850746268657025
2019-01-15,6730,6750,6670,6680,10440,0.0
2019-01-16,6720,6800,6700,6750,15955,0.010479041916167775
2019-01-17,6750,6840,6740,6760,5162,0.001481481481481417
2019-01-18,6760,6850,6760,6810,9082,0.007396449704142105
2019-01-21,6810,6850,6740,6800,6185,-0.001468428781204123
2019-01-22,6800,6810,6750,6760,8258,-0.00588235294117645
2019-01-23,6750,6850,6750,6800,7257,0.00591715976331364
2019-01-24,6860,6930,6800,6860,11932,0.008823529411764675
2019-01-25,6870,6980,6870,6960,5029,0.014577259475218707
2019-01-28,6960,6990,6900,6940,7669,-0.002873563218390829
2019-01-29,6940,6970,6900,6940,7242,0.0
2019-01-30,7000,7030,6950,7030,13188,0.012968299711815456
2019-01-31,7040,7090,6920,7090,20383,0.008534850640113723
2019-02-01,7090,7090,6930,6930,14024,-0.02256699576868826
2019-02-07,6940,7100,6930,7030,16811,0.01443001443001446
2019-02-08,6980,7080,6980,7000,11991,-0.004267425320056861
2019-02-11,7010,7090,7000,7040,7892,0.005714285714285783
2019-02-12,7000,7100,6900,7090,11428,0.007102272727272707
2019-02-13,7080,7090,6930,6990,6405,-0.014104372355430161
2019-02-14,6990,7080,6910,6990,5714,0.0
2019-02-15,6990,7040,6920,6980,6907,-0.0014306151645206988
2019-02-18,6960,7080,6930,7070,11486,0.012893982808023008
2019-02-19,7020,7020,6870,6970,21445,-0.014144271570014189
2019-02-20,6960,7050,6930,7000,3432,0.004304160688665792
2019-02-21,7000,7010,6940,6980,2071,-0.0028571428571428914
2019-02-22,6980,7000,6920,6990,8040,0.0014326647564470996
2019-02-25,6990,6990,6880,6950,22073,-0.005722460658083017
2019-02-26,6960,6960,6860,6950,16088,0.0
2019-02-27,6890,6930,6840,6880,14805,-0.010071942446043147
2019-02-28,6920,6980,6870,6870,13157,-0.0014534883720930258
2019-03-04,6960,6960,6830,6870,14241,0.0
2019-03-05,6900,6940,6800,6900,9611,0.004366812227074135
2019-03-06,6900,6940,6800,6940,11295,0.005797101449275255
2019-03-07,6940,6940,6800,6890,9261,-0.007204610951008661
2019-03-08,6880,6920,6770,6880,7408,-0.0014513788098693414
2019-03-11,6880,6880,6760,6820,11367,-0.008720930232558155
2019-03-12,6820,6880,6780,6850,11043,0.004398826979472137
2019-03-13,6850,6850,6780,6850,5667,0.0
2019-03-14,6850,6950,6780,6810,11461,-0.005839416058394109
2019-03-15,6810,6900,6790,6870,16718,0.008810572687224738
2019-03-18,6870,6880,6810,6870,4988,0.0
2019-03-19,6870,6910,6820,6820,4707,-0.00727802037845704
2019-03-20,6880,6880,6770,6860,10452,0.0058651026392961825
2019-03-21,6860,6890,6790,6810,5548,-0.007288629737609353
2019-03-22,6820,6860,6760,6810,5022,0.0
2019-03-25,6810,6820,6710,6800,26449,-0.001468428781204123
2019-03-26,6800,6870,6790,6830,6989,0.004411764705882337
2019-03-27,6850,6850,6770,6770,7769,-0.008784773060029227
2019-03-28,6810,6820,6770,6800,4492,0.004431314623338345
2019-03-29,6760,6820,6760,6790,7438,-0.0014705882352941124
2019-04-01,6820,6840,6780,6830,13067,0.00589101620029453
2019-04-02,6810,6910,6810,6900,11759,0.01024890190336758
2019-04-03,6900,6940,6860,6930,23837,0.004347826086956497
2019-04-04,6930,6960,6910,6950,13041,0.0028860028860029363
2019-04-05,6950,6950,6830,6880,16672,-0.010071942446043147
2019-04-08,6880,6950,6860,6890,10237,0.0014534883720929148
2019-04-09,6890,6930,6880,6900,9195,0.0014513788098693414
2019-04-10,6930,6930,6850,6900,6970,0.0
2019-04-11,6900,6940,6890,6940,12319,0.005797101449275255
2019-04-12,6940,6970,6920,6950,8156,0.0014409221902016434
2019-04-15,6950,7090,6940,7070,28253,0.01726618705035965
2019-04-16,7070,7070,7000,7060,6832,-0.0014144271570014633
2019-04-17,7060,7220,7020,7150,43895,0.012747875354107707
2019-04-18,7220,7220,7100,7140,20003,-0.0013986013986013734
2019-04-19,7110,7230,7110,7220,9090,0.011204481792717047
2019-04-22,7220,7280,7160,7200,13451,-0.0027700831024930483
2019-04-23,7200,7280,7190,7270,13876,0.009722222222222188
2019-04-24,7290,7310,7150,7270,34138,0.0
2019-04-25,7270,7300,7170,7270,7497,0.0
2019-04-26,7200,7260,7120,7250,15202,-0.0027510316368638543
2019-04-29,7270,7300,7150,7190,5239,-0.008275862068965467
2019-04-30,7270,7280,7120,7150,11067,-0.0055632823365785455
2019-05-02,7180,7220,7130,7180,13899,0.00419580419580412
2019-05-03,7230,7270,7190,7270,6732,0.012534818941504211
2019-05-07,7200,7320,7160,7290,21086,0.0027510316368637433
2019-05-08,7250,7360,7190,7300,17069,0.00137174211248281
2019-05-09,7340,7350,7190,7280,25963,-0.002739726027397249
2019-05-10,7320,7320,7220,7280,15200,0.0
2019-05-13,7280,7330,7120,7280,32074,0.0
2019-05-14,7280,7310,7150,7310,13952,0.004120879120879106
2019-05-15,7390,7440,7240,7400,35220,0.012311901504787892
2019-05-16,7400,7510,7330,7370,39023,-0.004054054054054013
2019-05-17,7380,7460,7330,7450,31857,0.01085481682496603
2019-05-20,7450,7530,7410,7420,8430,-0.004026845637583931
2019-05-21,7420,7470,7340,7450,5478,0.0040431266846361336
2019-05-22,7410,7450,7360,7400,13231,-0.006711409395973145
2019-05-23,7400,7460,7350,7410,7276,0.0013513513513514486
2019-05-24,7360,7500,7320,7350,21617,-0.0080971659919028
2019-05-27,7350,7480,7300,7350,8740,0.0
2019-05-28,7390,7500,7310,7440,24710,0.012244897959183598
2019-05-29,7460,7460,7190,7330,24105,-0.014784946236559127
2019-05-30,7330,7380,7220,7350,15275,0.0027285129604366354
2019-05-31,7250,7350,7240,7350,7501,0.0
2019-06-03,7350,7400,7270,7310,4900,-0.0054421768707483276
2019-06-04,7310,7370,7310,7340,3169,0.004103967168262557
2019-06-05,7380,7400,7340,7370,4392,0.004087193460490468
2019-06-07,7420,7430,7350,7430,6649,0.008141112618724522
2019-06-10,7400,7500,7400,7500,22770,0.009421265141319024
2019-06-11,7530,7580,7520,7580,18894,0.010666666666666602
2019-06-12,7540,7610,7540,7600,6206,0.0026385224274405594
2019-06-13,7600,7600,7540,7600,3369,0.0
2019-06-14,7590,7610,7550,7560,5579,-0.0052631578947368585
2019-06-17,7560,7590,7500,7550,3723,-0.001322751322751281
2019-06-18,7550,7550,7500,7510,5615,-0.005298013245033095
2019-06-19,7510,7610,7510,7610,9466,0.013315579227696439
2019-06-20,7610,7660,7580,7630,10620,0.0026281208935610145
2019-06-21,7660,7740,7610,7730,28350,0.013106159895150737
2019-06-24,7740,7820,7730,7820,15714,0.011642949547218562
2019-06-25,7800,7860,7710,7840,29121,0.002557544757033181
2019-06-26,7800,7890,7710,7710,17491,-0.01658163265306123
2019-06-27,7720,7770,7690,7750,5447,0.005188067444876765
2019-06-28,7750,7760,7710,7760,10673,0.001290322580645098
2019-07-01,7760,7810,7720,7760,4504,0.0
2019-07-02,7810,7820,7770,7790,15788,0.0038659793814432852
2019-07-03,7790,7820,7610,7740,22263,-0.006418485237484006
2019-07-04,7760,7760,7670,7720,5870,-0.0025839793281653423
2019-07-05,7710,7740,7640,7670,11900,-0.006476683937823857
2019-07-08,7660,7660,7490,7630,14496,-0.0052151238591916504
2019-07-09,7630,7770,7540,7550,4402,-0.010484927916120546
2019-07-10,7550,7630,7450,7490,5483,-0.007947019867549643
2019-07-11,7500,7520,7470,7500,5227,0.001335113484646211
2019-07-12,7500,7510,7440,7510,4156,0.0013333333333334085
2019-07-15,7520,7540,7460,7510,4080,0.0
2019-07-16,7510,7560,7370,7560,30956,0.0066577896138482195
2019-07-17,7550,7600,7370,7390,5615,-0.022486772486772444
2019-07-18,7410,7410,7230,7320,32454,-0.009472259810554773
2019-07-19,7320,7400,7240,7260,17654,-0.008196721311475419
2019-07-22,7300,7330,7250,7300,9131,0.005509641873278293
2019-07-23,7350,7390,7300,7350,15353,0.006849315068493178
2019-07-24,7350,7430,7280,7390,15793,0.0054421768707482165
2019-07-25,7370,7390,7130,7240,30601,-0.020297699594046037
2019-07-26,7270,7270,7070,7210,15901,-0.004143646408839796
2019-07-29,7220,7220,7000,7000,20579,-0.029126213592232997
2019-07-30,6950,7170,6950,7120,13204,0.017142857142857126
2019-07-31,7120,7120,7000,7040,18153,-0.011235955056179803
2019-08-01,7020,7050,7000,7000,9562,-0.005681818181818232
2019-08-02,7000,7000,6850,7000,15455,0.0
2019-08-05,6910,7020,6650,6720,29938,-0.040000000000000036
2019-08-06,6700,6880,6550,6740,31621,0.0029761904761904656
2019-08-07,6810,6810,6670,6740,16429,0.0
2019-08-08,6740,6820,6720,6810,28392,0.010385756676557945
2019-08-09,6810,7100,6810,6960,12003,0.022026431718061623
2019-08-12,6950,7100,6910,7000,5137,0.005747126436781658
2019-08-13,7020,7100,6890,7050,5921,0.0071428571428571175
2019-08-14,7050,7070,6980,7070,10595,0.0028368794326241176
2019-08-16,7180,7320,7180,7250,38485,0.02545968882602545
2019-08-19,7250,7380,7210,7260,17052,0.0013793103448276334
2019-08-20,7350,7400,7250,7350,5173,0.012396694214876103
2019-08-21,7380,7380,7250,7330,3081,-0.0027210884353741083
2019-08-22,7370,7370,7230,7280,12945,-0.006821282401091366
2019-08-23,7280,7300,7190,7260,12253,-0.0027472527472527375
2019-08-26,7180,7250,7050,7100,22422,-0.02203856749311295
2019-08-27,7120,7200,7110,7150,8049,0.007042253521126751
2019-08-28,7100,7190,7100,7180,4159,0.00419580419580412
2019-08-29,7210,7230,7090,7130,4622,-0.0069637883008356605
2019-08-30,7230,7230,7140,7210,19725,0.011220196353436185
2019-09-02,7230,7230,7140,7220,11531,0.001386962552011095
2019-09-03,7230,7230,7110,7110,12227,-0.015235457063711877
2019-09-04,7190,7190,7090,7150,11650,0.005625879043600568
2019-09-05,7150,7200,7080,7190,22882,0.005594405594405494
2019-09-06,7190,7400,7110,7180,12898,-0.0013908205841446364
2019-09-09,7190,7230,7140,7160,4138,-0.0027855153203342198
2019-09-10,7170,7350,7090,7210,5462,0.006983240223463749
2019-09-11,7210,7250,7190,7220,7267,0.001386962552011095
2019-09-16,7250,7440,7220,7360,25835,0.01939058171745156
2019-09-17,7310,7420,7310,7350,11783,-0.0013586956521739468
2019-09-18,7430,7430,7300,7420,7056,0.00952380952380949
2019-09-19,7460,7490,7410,7470,9017,0.006738544474393482
2019-09-20,7460,7500,7400,7430,10842,-0.0053547523427041055
2019-09-23,7550,7590,7380,7430,33428,0.0
2019-09-24,7300,7520,7300,7420,5602,-0.0013458950201884479
2019-09-25,7450,7460,7350,7440,8258,0.0026954177897573484
2019-09-26,7380,7520,7380,7440,11840,0.0
2019-09-27,7440,7470,7350,7450,7390,0.0013440860215054862
2019-09-30,7450,7530,7360,7420,2019,-0.004026845637583931
2019-10-01,7430,7430,7370,7420,1297,0.0
2019-10-02,7420,7520,7310,7430,26636,0.0013477088948787852
2019-10-04,7390,7490,7290,7350,14328,-0.010767160161507361
2019-10-07,7350,7490,7220,7260,18591,-0.01224489795918371
2019-10-08,7200,7380,7200,7270,8917,0.0013774104683195176
2019-10-10,7270,7340,7210,7270,4167,0.0
2019-10-11,7320,7320,7240,7260,3662,-0.0013755158184318717
2019-10-14,7370,7370,7270,7360,7261,0.01377410468319562
2019-10-15,7350,7360,7260,7300,18138,-0.008152173913043459
2019-10-16,7360,7370,7290,7350,26981,0.006849315068493178
2019-10-17,7350,7390,7290,7350,21420,0.0
2019-10-18,7350,7410,7340,7390,8034,0.0054421768707482165
2019-10-21,7380,7430,7380,7430,5385,0.005412719891745521
2019-10-22,7420,7470,7420,7440,8787,0.0013458950201883368
2019-10-23,7450,7450,7350,7390,4210,-0.006720430107526876
2019-10-24,7380,7450,7300,7430,8722,0.005412719891745521
2019-10-25,7360,7400,7290,7350,12002,-0.010767160161507361
2019-10-28,7350,7440,7330,7440,8115,0.012244897959183598
2019-10-29,7430,7460,7390,7460,9507,0.0026881720430107503
2019-10-30,7390,7450,7360,7450,3894,-0.0013404825737265424
2019-10-31,7450,7470,7300,7380,8509,-0.00939597315436247
2019-11-01,7370,7420,7330,7400,6227,0.0027100271002709064
2019-11-04,7370,7430,7370,7410,7106,0.0013513513513514486
2019-11-05,7410,7440,7390,7440,6900,0.004048582995951344
2019-11-06,7440,7440,7380,7420,3287,-0.0026881720430107503
2019-11-07,7410,7410,7390,7400,5570,-0.0026954177897574594
2019-11-08,7440,7440,7380,7400,6240,0.0
2019-11-11,7390,7420,7380,7410,11486,0.0013513513513514486
2019-11-12,7440,7440,7390,7440,8701,0.004048582995951344
2019-11-13,7400,7450,7400,7450,5041,0.0013440860215054862
2019-11-14,7450,7460,7400,7420,12246,-0.004026845637583931
2019-11-15,7750,7900,7690,7800,175691,0.05121293800539073
2019-11-18,8000,8090,7900,7910,139474,0.014102564102564052
2019-11-19,7820,8090,7800,7980,47252,0.008849557522123908
2019-11-20,7910,8050,7910,7950,24988,-0.003759398496240629
2019-11-21,8010,8020,7890,7950,15072,0.0
2019-11-22,8000,8000,7800,7940,30324,-0.0012578616352201255
2019-11-25,7940,8060,7940,8040,29024,0.012594458438287104
2019-11-26,8050,8050,8010,8040,14083,0.0
2019-11-27,8040,8090,8030,8080,34416,0.004975124378109541
2019-11-28,8100,8140,8080,8120,29263,0.004950495049504955
2019-11-29,8150,8220,8100,8160,55203,0.0049261083743843415
2019-12-02,8110,8250,7900,8180,75125,0.002450980392156854
2019-12-03,8170,8240,8080,8190,29622,0.0012224938875304847
2019-12-04,8180,8190,8130,8150,6118,-0.004884004884004867
2019-12-05,8130,8250,8130,8180,98050,0.0036809815950920033
2019-12-06,8110,8240,8110,8130,17011,-0.006112469437652757
2019-12-09,8100,8230,8050,8120,18358,-0.0012300123001229846
2019-12-10,8120,8200,7930,8060,16123,-0.007389162561576401
2019-12-11,8060,8060,7900,7970,23120,-0.011166253101737023
2019-12-12,7970,8020,7940,8010,24773,0.005018820577164407
2019-12-13,8140,8140,7990,8040,32107,0.0037453183520599342
2019-12-16,8100,8100,7860,7950,43212,-0.011194029850746245
2019-12-17,8000,8040,7980,8030,46802,0.010062893081761004
2019-12-18,8030,8070,7980,8070,45904,0.00498132004981322
2019-12-19,8060,8090,8020,8060,16119,-0.0012391573729864103
2019-12-20,8080,8150,8070,8140,49108,0.00992555831265518
2019-12-23,8140,8370,8120,8360,80279,0.027027027027026973
2019-12-24,8380,8510,8380,8440,81544,0.009569377990430672
2019-12-26,8440,8640,8440,8560,157419,0.014218009478673022
2019-12-27,8110,8270,8040,8150,89642,-0.04789719626168221
2019-12-30,8150,8150,7830,7850,49052,-0.036809815950920255
2020-01-02,7880,7910,7830,7880,45615,0.003821656050955413
2020-01-03,7980,8760,7970,8400,238326,0.06598984771573613
2020-01-06,8310,8540,8310,8400,52911,0.0
2020-01-07,8360,8680,8360,8640,50565,0.02857142857142847
2020-01-08,8570,8680,8220,8550,102548,-0.01041666666666663
2020-01-09,8550,8680,8510,8580,38687,0.0035087719298245723
2020-01-10,8580,8690,8460,8660,29254,0.00932400932400923
2020-01-13,8650,8680,8550,8660,25781,0.0
2020-01-14,8630,8700,8610,8640,18634,-0.002309468822170868
2020-01-15,8630,8630,8460,8460,29687,-0.02083333333333337
2020-01-16,8460,8550,8390,8430,21244,-0.0035460992907800915
2020-01-17,8480,8500,8320,8470,21910,0.004744958481613271
2020-01-20,8560,8570,8400,8410,33701,-0.00708382526564344
2020-01-21,8410,8660,8350,8650,75233,0.02853745541022601
2020-01-22,8600,8960,8600,8950,112608,0.034682080924855585
2020-01-23,8950,9060,8860,9030,53417,0.00893854748603351
2020-01-28,8940,8940,8550,8740,45846,-0.032115171650055396
2020-01-29,8740,9120,8740,9120,96112,0.04347826086956519
2020-01-30,9350,9570,9200,9370,175760,0.027412280701754277
2020-01-31,9380,9710,9380,9570,226732,0.02134471718249742
2020-02-03,9440,9440,9030,9140,99485,-0.04493207941483801
2020-02-04,9140,9150,9020,9110,30886,-0.003282275711159688
2020-02-05,9200,9200,9000,9040,38531,-0.007683863885839748
2020-02-06,9140,9140,8760,8920,92807,-0.013274336283185861
2020-02-07,8940,8940,8750,8860,49339,-0.006726457399103158
2020-02-10,8860,8920,8650,8730,29151,-0.01467268623024831
2020-02-11,8710,8810,8610,8690,40250,-0.004581901489117968
2020-02-12,8680,8710,8580,8680,34374,-0.0011507479861909697
2020-02-13,8660,8930,8590,8840,31643,0.018433179723502224
2020-02-14,8830,8830,8630,8690,28400,-0.016968325791855254
2020-02-17,8690,8690,8510,8630,41536,-0.0069044879171461515
2020-02-18,8630,8720,8490,8620,41217,-0.0011587485515642815
2020-02-19,8620,8620,8270,8530,45790,-0.01044083526682138
2020-02-20,8530,8690,8460,8530,39879,0.0
2020-02-21,8510,8700,8460,8570,46083,0.004689331770222793
2020-02-24,8400,8420,8090,8090,51192,-0.056009334889148166
2020-02-25,8090,8260,8020,8230,20782,0.017305315203955507
2020-02-26,8200,8200,8000,8080,37255,-0.018226002430133614
2020-02-27,8110,8150,7990,8030,39118,-0.006188118811881194
2020-02-28,7900,7990,7610,7800,54289,-0.028642590286425906
2020-03-02,7830,7920,7710,7810,215984,0.0012820512820512775
2020-03-03,7200,7260,7000,7020,778771,-0.1011523687580026
2020-03-04,6990,7030,6860,6950,245784,-0.009971509971509973
2020-03-05,7000,7060,6970,7030,103285,0.011510791366906581
2020-03-06,6990,7010,6930,6950,90404,-0.011379800853485111
2020-03-09,6860,6870,6670,6830,107193,-0.01726618705035976
2020-03-10,6700,6760,6560,6680,118363,-0.02196193265007318
2020-03-11,6680,6690,6460,6550,72765,-0.019461077844311392
2020-03-12,6420,6450,6000,6170,128118,-0.05801526717557248
2020-03-13,5700,5870,5500,5780,142579,-0.06320907617504057
2020-03-16,5980,6190,5660,5710,71873,-0.01211072664359858
2020-03-17,5560,5650,5300,5580,70675,-0.02276707530647981
2020-03-18,5780,5780,5300,5300,85210,-0.05017921146953408
2020-03-19,5410,5410,4570,4650,142105,-0.12264150943396224
2020-03-20,4650,4910,4600,4910,68827,0.05591397849462365
2020-03-23,4785,4785,4380,4400,142847,-0.10386965376782076
2020-03-24,4430,4640,4430,4620,109662,0.050000000000000044
2020-03-25,4840,4995,4690,4925,113612,0.06601731601731609
2020-03-26,5080,5130,4960,5000,90988,0.015228426395939021
2020-03-27,5200,5330,4995,5020,98287,0.0040000000000000036
2020-03-30,4940,5190,4860,5180,36217,0.031872509960159334
2020-03-31,5210,5470,5210,5330,65608,0.02895752895752901
2020-04-01,5420,5640,5280,5360,63493,0.0056285178236397115
2020-04-02,5290,5530,5240,5510,42169,0.027985074626865725
2020-04-03,5570,5570,5350,5450,35852,-0.010889292196007205
2020-04-06,5500,5730,5430,5710,51878,0.047706422018348515
2020-04-07,5830,5880,5690,5760,76134,0.008756567425569184
2020-04-08,5760,5830,5700,5790,37898,0.005208333333333259
2020-04-09,5890,5890,5730,5770,56152,-0.003454231433506094
2020-04-10,5800,5890,5670,5890,46721,0.020797227036395194
2020-04-13,5890,5890,5810,5850,34735,-0.006791171477079749
2020-04-14,5850,5920,5840,5860,43250,0.0017094017094017033
2020-04-16,5860,5860,5500,5850,21141,-0.0017064846416382506
2020-04-17,5860,6100,5830,6000,61583,0.02564102564102555
2020-04-20,6050,6830,5970,6170,481001,0.02833333333333332
2020-04-21,6170,6350,5870,6020,52088,-0.024311183144246407
2020-04-22,5980,5980,5700,5920,47275,-0.01661129568106312
2020-04-23,5990,6020,5930,6010,20784,0.01520270270270263
2020-04-24,6000,6080,5910,5970,37770,-0.006655574043261225
2020-04-27,5980,6160,5970,6090,47505,0.0201005025125629
2020-04-28,6200,6280,6070,6140,32224,0.008210180623973828
2020-04-29,6130,6600,6130,6310,162940,0.027687296416938123
2020-05-04,6290,6370,6090,6180,46055,-0.020602218700475405
2020-05-06,6230,6400,6230,6270,103455,0.014563106796116498
2020-05-07,6270,6350,6220,6350,29451,0.012759170653907415
2020-05-08,6400,6420,6300,6350,37896,0.0
2020-05-11,6350,6390,6210,6290,25314,-0.009448818897637823
2020-05-12,6270,6300,6100,6260,44816,-0.004769475357710662
2020-05-13,6260,6290,6160,6240,35309,-0.0031948881789137795
2020-05-14,6170,6170,6080,6160,69244,-0.012820512820512775
2020-05-15,8000,8000,6900,6930,2796978,0.125
2020-05-18,6920,7010,6650,6770,303179,-0.023088023088023046
2020-05-19,6860,6960,6770,6830,138090,0.008862629246676468
2020-05-20,6870,6950,6800,6880,115982,0.007320644216691097
2020-05-21,6910,6940,6840,6850,84172,-0.0043604651162790775
2020-05-22,6830,6850,6670,6690,90804,-0.023357664233576658
2020-05-25,6690,6810,6670,6750,39240,0.008968609865470878
2020-05-26,6740,6910,6740,6840,33636,0.01333333333333342
2020-05-27,6870,6970,6850,6880,47565,0.005847953216374213
2020-05-28,6970,6990,6820,6850,97813,-0.0043604651162790775
2020-05-29,6830,6860,6740,6850,35835,0.0
2020-06-01,6880,7030,6860,7020,72819,0.02481751824817513
2020-06-02,7030,7240,7020,7230,90099,0.029914529914529808
2020-06-03,7250,7640,7220,7510,272133,0.03872752420470271
2020-06-04,7620,7630,7220,7410,112597,-0.013315579227696439
2020-06-05,7410,7540,7350,7470,45571,0.00809716599190291
2020-06-08,7620,7620,7460,7500,62348,0.004016064257028162
2020-06-09,7480,7590,7370,7420,46611,-0.010666666666666713
2020-06-10,7380,7450,7350,7430,12498,0.0013477088948787852
2020-06-11,7430,7430,7300,7300,38398,-0.01749663526244949
2020-06-12,6780,7130,6780,7130,91880,-0.023287671232876672
2020-06-15,7180,7180,6710,6720,64931,-0.057503506311360475
2020-06-16,6810,7030,6810,7020,29169,0.044642857142857206
2020-06-17,7070,7100,6890,7010,38350,-0.0014245014245014564
2020-06-18,7000,7200,7000,7150,28210,0.0199714693295292
2020-06-19,7220,7280,7160,7160,26748,0.0013986013986013734
2020-06-22,7200,7200,7000,7100,26209,-0.008379888268156388
2020-06-23,7110,7230,7060,7100,26825,0.0
2020-06-24,7120,7170,7090,7160,11358,0.008450704225352101
2020-06-25,7000,7070,7000,7050,19423,-0.015363128491620137
2020-06-26,7050,7110,6990,7050,29391,0.0
2020-06-29,7040,7040,6890,6910,27002,-0.019858156028368823
2020-06-30,6940,7060,6910,6960,15810,0.00723589001447178
2020-07-01,6980,7130,6950,7050,23574,0.012931034482758674
2020-07-02,7050,7120,7050,7110,8162,0.008510638297872353
2020-07-03,7130,7350,7110,7280,32828,0.02390998593530247
2020-07-06,7380,7380,7200,7230,26433,-0.006868131868131844
2020-07-07,7300,7330,7250,7260,24371,0.004149377593360981
2020-07-08,7250,7330,7250,7300,26595,0.005509641873278293
2020-07-09,7300,7450,7300,7420,29939,0.016438356164383494
2020-07-10,7360,7470,7270,7370,34801,-0.006738544474393482
2020-07-13,7360,7570,7360,7560,53025,0.02578018995929443
2020-07-14,7560,7560,7450,7530,12204,-0.003968253968253954
2020-07-15,7600,7620,7540,7610,31191,0.010624169986719778
2020-07-16,7670,7960,7650,7810,124943,0.026281208935611033
2020-07-17,7860,8030,7860,8000,129273,0.02432778489116516
2020-07-20,8050,8070,7960,8010,82868,0.0012499999999999734
2020-07-21,8020,8260,8000,8260,106022,0.03121098626716612
2020-07-22,8250,8430,8200,8200,65233,-0.007263922518159771
2020-07-23,8230,8250,7950,8030,64758,-0.02073170731707319
2020-07-24,8010,8010,7810,7900,50856,-0.016189290161892855
2020-07-27,7830,8180,7810,8100,50056,0.025316455696202445
2020-07-28,8100,8220,7990,8050,49111,-0.006172839506172867
2020-07-29,8090,8090,7990,8060,11492,0.001242236024844745
2020-07-30,8060,8230,7990,8140,24147,0.00992555831265518
2020-07-31,8140,8360,8080,8260,71673,0.014742014742014753
2020-08-03,8280,8510,8260,8510,55626,0.030266343825665842
2020-08-04,8550,8930,8550,8920,131300,0.04817861339600471
2020-08-05,9000,9190,8850,9190,165737,0.030269058295964157
2020-08-06,9220,9460,9110,9200,117356,0.0010881392818280489
2020-08-07,9280,9430,9130,9230,82047,0.003260869565217428
2020-08-10,9280,9600,9250,9530,147541,0.03250270855904658
2020-08-11,9620,9890,9340,9470,164071,-0.006295907660020972
2020-08-12,9470,9480,9140,9430,81149,-0.004223864836325197
2020-08-13,9430,9800,9340,9730,204833,0.03181336161187698
2020-08-14,10400,10600,9040,9500,718416,-0.023638232271325776
2020-08-18,9340,9340,8940,8960,198175,-0.056842105263157916
2020-08-19,8980,9220,8980,9160,62015,0.022321428571428603
2020-08-20,9180,9180,8620,8820,113490,-0.037117903930131035
2020-08-21,8740,9070,8710,8790,57217,-0.003401360544217691
2020-08-24,8770,8800,8670,8710,48752,-0.009101251422070522
2020-08-25,8800,9000,8720,9000,89700,0.03329506314580932
2020-08-26,9050,9050,8710,8890,81035,-0.012222222222222245
2020-08-27,8930,8930,8630,8630,55725,-0.02924634420697414
2020-08-28,8690,8820,8630,8690,52744,0.006952491309385911
2020-08-31,8720,8840,8600,8630,48882,-0.0069044879171461515
2020-09-01,8660,8940,8590,8800,69606,0.01969872537659323
2020-09-02,8850,9000,8810,8960,31892,0.018181818181818077
2020-09-03,8990,9010,8830,8840,50420,-0.013392857142857095
2020-09-04,8770,8770,8620,8680,50024,-0.018099547511312264
2020-09-07,8680,8860,8680,8740,37808,0.00691244239631339
2020-09-08,8840,8840,8700,8720,27257,-0.0022883295194507935
2020-09-09,8700,8700,8570,8600,42491,-0.013761467889908285
2020-09-10,8730,8730,8570,8580,27324,-0.0023255813953488857
2020-09-11,8600,8670,8510,8640,48104,0.006993006993007089
2020-09-14,8640,8690,8580,8640,40937,0.0
2020-09-15,8650,8660,8590,8640,27837,0.0
2020-09-16,8640,8660,8550,8600,44220,-0.00462962962962965
2020-09-17,8600,8680,8470,8530,33261,-0.008139534883720878
2020-09-18,8570,8900,8520,8550,82243,0.0023446658851113966
2020-09-21,8520,8590,8350,8440,41702,-0.012865497076023358
2020-09-22,8410,8410,8190,8280,39297,-0.018957345971563955
2020-09-23,8290,8350,8130,8300,15848,0.0024154589371980784
2020-09-24,8170,8240,8060,8140,33161,-0.01927710843373498
2020-09-25,8150,8230,8110,8150,15647,0.0012285012285011554
2020-09-28,8150,8330,8150,8260,7517,0.013496932515337345
2020-09-29,8330,8430,8320,8400,20645,0.016949152542372836
2020-10-05,8420,8500,8330,8500,22840,0.011904761904761862
2020-10-06,8520,8650,8480,8600,33561,0.0117647058823529
2020-10-07,8550,8630,8500,8580,18873,-0.0023255813953488857
2020-10-08,8610,8730,8610,8670,42898,0.010489510489510412
2020-10-12,8670,8730,8610,8650,22610,-0.0023068050749711633
2020-10-13,8670,8730,8620,8650,18939,0.0
2020-10-14,8630,8680,8520,8580,25962,-0.008092485549133
2020-10-15,8580,8580,8450,8500,23829,-0.009324009324009341
2020-10-16,8500,8570,8400,8480,32432,-0.0023529411764705577
2020-10-19,8480,8620,8480,8590,13997,0.01297169811320753
2020-10-20,8590,8610,8400,8500,38593,-0.010477299185098987
2020-10-21,8560,9020,8500,8950,174694,0.05294117647058827
2020-10-22,8900,9270,8890,9250,167996,0.033519553072625774
2020-10-23,9250,9480,9050,9140,142533,-0.011891891891891881
2020-10-26,9130,9130,8850,8880,56568,-0.02844638949671774
2020-10-27,8700,8920,8660,8900,26488,0.0022522522522523403
2020-10-28,8820,9020,8820,9020,31126,0.01348314606741563
2020-10-29,8930,8960,8730,8900,48738,-0.013303769401330379
2020-10-30,8900,8930,8770,8850,24544,-0.005617977528089901
2020-11-02,8810,8920,8710,8920,20874,0.00790960451977396
2020-11-03,8920,9150,8910,9130,25204,0.023542600896860888
2020-11-04,9150,9150,8950,9100,41743,-0.003285870755750264
2020-11-05,9080,9120,8990,9060,57664,-0.00439560439560438
2020-11-06,9080,9090,8990,9040,58234,-0.002207505518763808
2020-11-09,9010,9210,9000,9140,80160,0.01106194690265494
2020-11-10,9180,9320,9130,9240,106609,0.010940919037199182
2020-11-11,9250,9480,9150,9450,150092,0.022727272727272707
2020-11-12,9460,9490,9270,9440,99764,-0.0010582010582010914
2020-11-13,9400,9660,9320,9640,112283,0.021186440677966045
2020-11-16,9740,10200,9540,9920,544005,0.029045643153526868
2020-11-17,9970,10100,9740,9860,126243,-0.006048387096774244
2020-11-18,9880,9930,9600,9680,98370,-0.018255578093306246
2020-11-19,9680,9680,9480,9600,56090,-0.008264462809917328
2020-11-20,9580,9870,9560,9620,54197,0.002083333333333437
2020-11-23,9610,9780,9480,9740,57762,0.012474012474012364
2020-11-24,9750,9880,9730,9830,55088,0.00924024640657084
2020-11-25,9840,10200,9780,9930,131710,0.010172939979654183
2020-11-26,9880,9960,9810,9940,28691,0.001007049345417954
2020-11-27,9950,10050,9850,10000,46159,0.006036217303822866
2020-11-30,10000,10000,9710,9750,51679,-0.025000000000000022
2020-12-01,9780,9910,9720,9890,30926,0.014358974358974264
2020-12-02,9930,9970,9830,9890,20601,0.0
2020-12-03,9910,9910,9250,9850,39220,-0.004044489383215333
2020-12-04,9850,10050,9760,9910,63613,0.006091370558375608
2020-12-07,9930,9970,9720,9810,37927,-0.010090817356205872
2020-12-08,9830,9830,9580,9620,47379,-0.01936799184505611
2020-12-09,9630,9760,9620,9710,26661,0.009355509355509328
2020-12-10,9700,9710,9600,9690,28182,-0.002059732234809486
2020-12-11,9660,9810,9600,9750,52720,0.006191950464396356
2020-12-14,9690,9690,9560,9610,44464,-0.014358974358974375
2020-12-15,9640,9650,9490,9540,39637,-0.007284079084287187
2020-12-16,9560,9620,9500,9580,35512,0.004192872117400492
2020-12-17,9580,9590,9450,9530,33496,-0.005219206680584509
2020-12-18,9540,9550,9460,9540,31792,0.0010493179433368471
2020-12-21,9540,9600,9430,9560,50896,0.002096436058700135
2020-12-22,9560,9560,9360,9380,111127,-0.01882845188284521
2020-12-23,9380,9510,9350,9450,46447,0.00746268656716409
2020-12-24,9450,9560,9430,9530,53054,0.00846560846560851
2020-12-28,9550,9650,9520,9530,92955,0.0
2020-12-29,9200,9270,9140,9190,60124,-0.03567681007345225
2020-12-30,9190,9250,9150,9220,43815,0.0032644178454841466
2021-01-04,9260,9260,9110,9140,43258,-0.008676789587852451
2021-01-05,9140,9170,9030,9100,55838,-0.004376367614879695
2021-01-06,9130,9990,9130,9400,229987,0.03296703296703307
2021-01-07,9550,9550,9420,9500,101385,0.010638297872340496
2021-01-08,9520,9570,9410,9510,107557,0.001052631578947416
2021-01-11,9540,10150,9530,9690,392424,0.018927444794952786
2021-01-12,9850,9850,9500,9670,122235,-0.0020639834881320818
2021-01-13,9710,9760,9620,9740,51655,0.007238883143743546
2021-01-14,9760,9780,9650,9780,51938,0.004106776180698102
2021-01-15,9780,9830,9520,9570,85835,-0.021472392638036797
2021-01-18,9560,9570,9310,9330,74200,-0.025078369905956133
2021-01-19,9330,9570,9300,9330,100663,0.0
2021-01-20,9360,9430,9230,9290,62341,-0.004287245444801746
2021-01-21,9310,9480,9260,9480,80123,0.020452099031216253
2021-01-22,9360,9770,9360,9650,130539,0.01793248945147674
2021-01-25,9740,10150,9710,10100,236594,0.04663212435233155
2021-01-26,10100,10500,10100,10350,142671,0.024752475247524774
2021-01-27,10500,10550,10050,10100,145254,-0.024154589371980673
2021-01-28,9910,9910,9460,9530,201397,-0.056435643564356486
2021-01-29,9550,9600,9150,9260,140327,-0.02833158447009443
2021-02-01,9200,9480,9100,9380,81355,0.012958963282937441
2021-02-02,9460,9810,9460,9700,105755,0.034115138592750505
2021-02-03,9850,10200,9800,9990,170966,0.02989690721649474
2021-02-04,10100,10200,9940,10150,133504,0.0160160160160161
2021-02-05,10200,10800,10150,10650,251300,0.049261083743842304
2021-02-08,10750,11050,10500,10650,187267,0.0
2021-02-09,10800,10800,10650,10650,75640,0.0
2021-02-10,10700,10850,10250,10850,83350,0.018779342723004744
2021-02-15,10950,10950,10650,10650,42210,-0.018433179723502335
2021-02-16,10800,10800,10500,10650,44817,0.0
2021-02-17,10600,10650,10350,10400,78562,-0.023474178403755874
2021-02-18,10450,10650,10200,10450,95995,0.004807692307692291
2021-02-19,10350,10400,10100,10250,70656,-0.019138755980861233
2021-02-22,10250,10550,10200,10400,60397,0.014634146341463428
2021-02-23,10350,10400,10150,10350,36651,-0.004807692307692291
2021-02-24,10300,10300,9900,9900,89841,-0.04347826086956519
2021-02-25,10000,10250,10000,10200,50247,0.030303030303030276
2021-02-26,10000,10050,9790,9940,79396,-0.025490196078431393
2021-03-02,10050,10150,10000,10100,59290,0.016096579476861272
2021-03-03,10000,10400,10000,10350,39975,0.024752475247524774
2021-03-04,10350,10350,10150,10300,37198,-0.004830917874396157
2021-03-05,10300,10300,10050,10250,21098,-0.004854368932038833
2021-03-08,10250,10300,10150,10300,26894,0.004878048780487809
2021-03-09,10300,10300,10000,10200,27087,-0.009708737864077666
2021-03-10,10250,10400,10150,10400,54305,0.019607843137254832
2021-03-11,10450,10900,10350,10400,249001,0.0
2021-03-12,10500,10500,10150,10350,71483,-0.004807692307692291
2021-03-15,10350,10450,10250,10450,40202,0.009661835748792313
2021-03-16,10450,10650,10400,10500,60522,0.004784688995215225
2021-03-17,10550,10700,10450,10450,67613,-0.004761904761904745
2021-03-18,10600,10650,10500,10650,49095,0.019138755980861344
2021-03-19,10600,10600,10400,10500,12802,-0.014084507042253502
2021-03-22,10550,10550,10400,10550,29285,0.004761904761904745
2021-03-23,10550,10600,10450,10450,28648,-0.009478672985781977
2021-03-24,10400,10500,10300,10500,33310,0.004784688995215225
2021-03-25,10500,10550,10400,10500,21207,0.0
2021-03-26,10500,10550,10400,10500,20362,0.0
2021-03-29,10550,10550,10350,10450,30233,-0.004761904761904745
2021-03-30,10450,10600,10450,10550,47749,0.009569377990430672
2021-03-31,10600,12000,10500,11300,435527,0.07109004739336489
2021-04-01,11400,11650,11300,11600,131585,0.026548672566371723
2021-04-02,11550,11650,11450,11600,77738,0.0
2021-04-05,11650,12150,11650,12050,127797,0.0387931034482758
2021-04-06,12050,13600,12000,13100,702612,0.08713692946058083
2021-04-07,13100,14500,13100,13450,1057003,0.026717557251908497
2021-04-08,13300,13400,12700,13150,231348,-0.022304832713754608
2021-04-09,13100,13400,13100,13200,79785,0.0038022813688212143
2021-04-12,13200,13250,12850,13050,109806,-0.011363636363636354
2021-04-13,13050,13150,12650,12950,135988,-0.007662835249042099
2021-04-14,13150,13150,12750,13050,41794,0.007722007722007707
2021-04-15,13000,13200,12900,13000,50391,-0.003831417624521105
2021-04-16,13100,13100,12800,12850,48210,-0.011538461538461497
2021-04-19,12900,13050,12750,12800,39946,-0.0038910505836575737
2021-04-20,12800,13600,12800,13550,97577,0.05859375
2021-04-21,13450,13450,13050,13300,82141,-0.01845018450184499
2021-04-22,13450,13450,13250,13300,33185,0.0
2021-04-23,13350,13550,13100,13450,37228,0.011278195488721776
2021-04-26,13500,13900,13450,13850,96242,0.029739776951672958
2021-04-27,14000,14200,13850,14000,98648,0.010830324909747224
2021-04-28,14100,14500,13900,13950,161148,-0.0035714285714285587
2021-04-29,13950,14450,13650,14150,113546,0.014336917562723928
2021-04-30,14300,14350,14100,14250,50066,0.007067137809187329
2021-05-03,14250,14400,14050,14300,77538,0.0035087719298245723
2021-05-04,14300,14350,13850,14150,71064,-0.010489510489510523
2021-05-06,14150,14450,14100,14450,58324,0.021201413427561766
2021-05-07,14550,14700,14400,14600,51566,0.01038062283737018
2021-05-10,14600,15400,14550,15200,114673,0.041095890410958846
2021-05-11,15050,15500,15050,15500,68801,0.019736842105263053
2021-05-12,15500,15600,14750,15200,95346,-0.01935483870967747
2021-05-13,14900,15050,14500,14900,73096,-0.019736842105263164
2021-05-14,14850,15000,14300,14550,110323,-0.023489932885906062
2021-05-17,15200,15200,14650,14850,211226,0.020618556701030855
2021-05-18,14550,15000,14550,15000,70067,0.010101010101010166
2021-05-20,14950,14950,14350,14550,73810,-0.030000000000000027
2021-05-21,14600,14900,14300,14300,62311,-0.01718213058419249
2021-05-24,14350,14350,13950,14000,75901,-0.020979020979020935
2021-05-25,14100,14250,14000,14200,25584,0.014285714285714235
2021-05-26,14200,14600,14150,14300,42656,0.007042253521126751
2021-05-27,14400,14400,14200,14400,17918,0.006993006993007089
2021-05-28,14400,14650,14150,14650,43839,0.01736111111111116
2021-05-31,14550,15650,14450,15650,241162,0.06825938566552892
2021-06-01,15600,15750,15250,15400,95748,-0.015974440894568676
2021-06-02,15500,15800,15350,15600,52624,0.01298701298701288
2021-06-03,15600,15800,15200,15200,63041,-0.02564102564102566
2021-06-04,14950,15250,14850,15250,60030,0.00328947368421062
2021-06-07,15650,16100,15600,15850,192440,0.03934426229508192
2021-06-08,15850,16850,15800,16600,158341,0.04731861198738163
2021-06-09,16600,16800,16000,16150,81921,-0.027108433734939763
2021-06-10,16150,16200,15900,16200,33293,0.003095975232198178
2021-06-11,16050,16350,16000,16350,18478,0.0092592592592593
2021-06-14,16350,16800,15950,16450,48548,0.006116207951070374
2021-06-15,16450,17300,16350,16950,79294,0.03039513677811545
2021-06-16,16950,17500,16800,17350,96225,0.02359882005899716
2021-06-17,17300,17450,17100,17350,48739,0.0
2021-06-18,17300,17300,16850,16950,107331,-0.023054755043227626
2021-06-21,16800,16850,16400,16650,88967,-0.017699115044247815
2021-06-22,16650,16850,16450,16600,28512,-0.0030030030030030463
2021-06-23,16650,16850,16200,16650,58404,0.003012048192771122
2021-06-24,16500,16600,16250,16400,40635,-0.01501501501501501
2021-06-25,16350,16800,16350,16800,32256,0.024390243902439046
2021-06-28,16800,17150,16700,16900,38408,0.005952380952380931
2021-06-29,16900,16950,16600,16850,20369,-0.00295857988165682
2021-06-30,16800,17000,16650,16850,22915,0.0
2021-07-01,16900,17150,16400,16400,68351,-0.02670623145400597
2021-07-02,16400,16550,16200,16200,43494,-0.012195121951219523
2021-07-05,16250,16350,15850,16000,67136,-0.012345679012345734
2021-07-06,16000,16150,15950,15950,29973,-0.0031250000000000444
2021-07-07,15950,16050,15550,15700,78729,-0.01567398119122254
2021-07-08,15700,15950,15550,15800,50033,0.006369426751592355
2021-07-09,15600,15800,15300,15500,75649,-0.01898734177215189
2021-07-12,15550,16100,15300,15900,58991,0.02580645161290329
2021-07-13,15950,16150,15800,16100,20544,0.012578616352201255
2021-07-14,16000,16450,15800,16050,47806,-0.0031055900621117516
2021-07-15,16100,16250,15800,16250,27533,0.012461059190031154
2021-07-16,16300,16350,16150,16250,12471,0.0
2021-07-19,16300,16300,15800,15850,34931,-0.024615384615384595
2021-07-20,15750,15900,15600,15600,23401,-0.01577287066246058
2021-07-21,15700,15950,15700,15850,24065,0.01602564102564097
2021-07-22,15900,16300,15850,16050,23324,0.012618296529968376
2021-07-23,16250,16850,16000,16850,124679,0.049844236760124616
2021-07-26,16900,17000,16350,16350,34545,-0.029673590504451064
2021-07-27,16350,16400,16050,16300,45248,-0.003058103975535187
2021-07-28,16200,16200,15950,16100,23823,-0.012269938650306789
2021-07-29,16100,16150,15900,16150,29526,0.0031055900621117516
2021-07-30,16150,16250,15800,15800,34652,-0.021671826625387025
2021-08-02,15750,16600,15350,16450,94922,0.04113924050632911
2021-08-03,16450,16700,16200,16400,38579,-0.003039513677811523
2021-08-04,16400,16900,16200,16900,51991,0.030487804878048808
2021-08-05,16750,16950,16700,16950,30293,0.002958579881656709
2021-08-06,16900,16900,16400,16700,24360,-0.014749262536873142
2021-08-09,16700,17000,16600,16850,26538,0.008982035928143617
2021-08-10,16800,16950,16650,16800,16912,-0.0029673590504450953
2021-08-11,16750,17000,16600,16900,27798,0.005952380952380931
2021-08-12,17000,17400,16700,17250,71138,0.020710059171597628
2021-08-13,17250,17250,16550,16750,55202,-0.02898550724637683
2021-08-17,16750,17000,16650,16750,56860,0.0
2021-08-18,16950,18600,16950,17450,325644,0.04179104477611939
2021-08-19,17600,18350,17500,17850,269095,0.022922636103151817
2021-08-20,17850,18150,17100,17250,102392,-0.03361344537815125
2021-08-23,17350,18650,17350,18450,193587,0.06956521739130439
2021-08-24,18650,19500,18450,19150,147764,0.03794037940379402
2021-08-25,19600,19750,19000,19400,82415,0.01305483028720622
2021-08-26,19400,19600,18700,18950,67596,-0.023195876288659822
2021-08-27,18700,19450,18550,18950,46770,0.0
2021-08-30,19000,19200,18750,18800,32689,-0.0079155672823219
2021-08-31,18800,19200,18600,19000,44066,0.010638297872340496
2021-09-01,19000,19250,18800,19150,46680,0.007894736842105177
2021-09-02,19100,20000,19000,19850,140002,0.036553524804177506
2021-09-03,19850,19900,19100,19250,92208,-0.030226700251889116
2021-09-06,19200,19300,18850,19000,53752,-0.012987012987012991
2021-09-07,19050,19050,18450,18850,92274,-0.007894736842105288
2021-09-08,18650,18900,18350,18600,81541,-0.01326259946949604
2021-09-09,18500,18800,18400,18800,34275,0.010752688172043001
2021-09-10,18600,19200,18500,19150,49238,0.018617021276595702
2021-09-13,19000,19300,18550,18600,38763,-0.02872062663185382
2021-09-14,18700,18800,18600,18600,26839,0.0
2021-09-15,18550,18800,18550,18650,18465,0.0026881720430107503
2021-09-16,18800,18800,18500,18550,21580,-0.00536193029490617
2021-09-17,18550,18750,18500,18650,18455,0.005390835579514919
2021-09-23,18700,18800,18300,18700,34339,0.002680965147453085
2021-09-24,18700,18950,18550,18950,40935,0.013368983957219305
2021-09-27,18950,19100,18750,19050,16884,0.005277044854881341
2021-09-28,19000,19000,18400,18550,53219,-0.026246719160105014
2021-09-29,18200,18650,17950,18450,39086,-0.005390835579514808
2021-09-30,18450,18550,18300,18550,19917,0.005420054200542035
2021-10-01,18350,18450,17950,18200,40873,-0.018867924528301883
2021-10-05,18200,18200,17300,17800,76195,-0.02197802197802201
2021-10-06,17800,17950,16700,17200,127172,-0.0337078651685393
2021-10-07,17100,17550,17100,17350,79907,0.008720930232558155
2021-10-08,17450,17550,17050,17500,62196,0.008645533141210304
2021-10-12,17350,17450,17050,17400,36973,-0.005714285714285672
2021-10-13,17250,17450,17200,17350,20593,-0.002873563218390829
2021-10-14,17350,17500,17250,17400,26631,0.0028818443804035088
2021-10-15,17450,17900,17250,17900,31790,0.028735632183908066
2021-10-18,17900,18000,17700,17900,19408,0.0
2021-10-19,17900,18300,17850,18250,33364,0.019553072625698276
2021-10-20,18200,18550,18050,18150,27269,-0.005479452054794498
2021-10-21,18150,18300,17950,18000,44633,-0.008264462809917328
2021-10-22,18100,18500,17900,18200,32477,0.011111111111111072
2021-10-25,18200,18500,17900,18450,34479,0.013736263736263687
2021-10-26,18450,18550,18300,18500,23509,0.0027100271002709064
2021-10-27,18500,18550,18100,18350,46251,-0.008108108108108136
2021-10-28,18250,18400,17450,17700,65399,-0.03542234332425065
2021-10-29,17850,17950,17550,17800,56155,0.005649717514124353
2021-11-01,17800,17950,17400,17700,29342,-0.005617977528089901
2021-11-02,17750,17950,17500,17750,30330,0.0028248587570620654
2021-11-03,17700,17950,17450,17700,26694,-0.0028169014084507005
2021-11-04,17800,17800,17450,17500,16412,-0.011299435028248594
2021-11-05,17550,17550,16850,16950,74748,-0.03142857142857147
2021-11-08,16800,16950,15950,16000,124484,-0.05604719764011801
2021-11-09,16000,16400,15950,16350,38760,0.02187500000000009
2021-11-10,16300,16300,15700,15950,62276,-0.024464831804281384
2021-11-11,15850,16000,15700,15950,35048,0.0
2021-11-12,15800,16500,15800,16350,29845,0.02507836990595602
2021-11-15,16500,16500,15850,15950,89256,-0.024464831804281384
2021-11-16,15950,16000,15450,15600,105225,-0.021943573667711602
2021-11-17,15600,15800,15400,15700,61324,0.0064102564102563875
2021-11-18,15700,16000,15450,15900,45020,0.01273885350318471
2021-11-19,15850,16150,15750,16100,48046,0.012578616352201255
2021-11-22,16000,16100,15700,15750,34386,-0.021739130434782594
2021-11-23,16000,16000,15500,15600,26609,-0.00952380952380949
2021-11-24,15650,15750,15550,15700,9256,0.0064102564102563875
2021-11-25,15700,15750,15550,15650,22361,-0.0031847133757961776
2021-11-26,15600,15700,14950,15150,122508,-0.03194888178913735
2021-11-29,14800,15100,14700,14850,59305,-0.01980198019801982
2021-11-30,15000,15000,14400,14500,71329,-0.023569023569023573
2021-12-01,14300,14850,14300,14650,38561,0.010344827586206806
2021-12-02,14600,14900,14500,14900,22908,0.017064846416382284
2021-12-03,15000,15350,14850,15300,29899,0.02684563758389258
2021-12-06,15250,15650,15150,15650,28990,0.02287581699346397
2021-12-07,15700,16000,15650,15750,41806,0.006389776357827559
2021-12-08,15950,16000,15750,15900,29387,0.00952380952380949
2021-12-09,15900,15950,15750,15900,20847,0.0
2021-12-10,15850,15900,15700,15750,26953,-0.009433962264150941
2021-12-13,15700,16050,15700,16000,36308,0.015873015873015817
2021-12-14,15850,16100,15800,16100,37002,0.006250000000000089
2021-12-15,16000,16150,15900,16050,48967,-0.0031055900621117516
2021-12-16,16050,16100,15950,16000,30691,-0.0031152647975077885
2021-12-17,16000,16300,15900,16200,84237,0.012499999999999956
2021-12-20,16100,16350,16100,16250,55204,0.0030864197530864335
2021-12-21,16200,16350,16050,16300,49476,0.003076923076922977
2021-12-22,16300,16400,16200,16300,43749,0.0
2021-12-23,16300,16450,16200,16400,55972,0.006134969325153339
2021-12-24,16400,16550,16300,16550,67114,0.009146341463414531
2021-12-27,16600,16750,16500,16550,73061,0.0
2021-12-28,16550,16650,16350,16600,118529,0.0030211480362538623
2021-12-29,15850,15950,15550,15550,125926,-0.06325301204819278
2021-12-30,15550,15900,15550,15700,98926,0.009646302250803762
2022-01-03,15650,15700,15250,15250,61138,-0.0286624203821656
2022-01-04,15350,15400,15100,15400,21907,0.009836065573770592
2022-01-05,15400,15450,15150,15200,24906,-0.012987012987012991
2022-01-06,15100,15200,14950,15000,38701,-0.013157894736842146
2022-01-07,14950,15000,14800,14950,67213,-0.0033333333333332993
2022-01-10,14900,14900,14600,14800,34837,-0.010033444816053505
2022-01-11,14750,14800,14550,14700,43746,-0.006756756756756799
2022-01-12,14650,15000,14650,14950,28457,0.017006802721088343
2022-01-13,15050,15050,14850,14950,14634,0.0
2022-01-14,14900,15200,14900,15100,23699,0.010033444816053505
2022-01-17,15200,15200,14900,14950,23574,-0.009933774834437137
2022-01-18,14950,15250,14900,15000,21712,0.0033444816053511683
2022-01-19,15000,15000,14700,14800,20670,-0.013333333333333308
2022-01-20,14800,14850,14700,14800,27505,0.0
2022-01-21,14700,14900,14600,14700,22535,-0.006756756756756799
2022-01-24,14600,14700,14400,14550,47686,-0.010204081632653073
2022-01-25,14500,14600,14200,14350,51671,-0.013745704467353903
2022-01-26,14450,14600,14300,14350,12887,0.0
2022-01-27,14400,14400,13800,14000,65212,-0.024390243902439046
2022-01-28,14000,14900,13900,14850,63304,0.06071428571428572
2022-02-03,14900,15550,14900,15450,36627,0.04040404040404044
2022-02-04,15250,15700,15050,15700,32225,0.016181229773462702
2022-02-07,15600,15700,15200,15350,12459,-0.022292993630573243
2022-02-08,15350,15500,15100,15200,11528,-0.009771986970684043
2022-02-09,15200,15700,15150,15450,23153,0.016447368421052655
2022-02-10,15450,15600,15350,15350,4746,-0.006472491909385147
2022-02-11,15350,15400,15200,15200,5102,-0.009771986970684043
2022-02-14,15150,15150,14800,14950,31179,-0.016447368421052655
2022-02-15,14900,14950,14750,14750,7343,-0.013377926421404673
2022-02-16,14800,15200,14800,15050,8779,0.02033898305084736
2022-02-17,15100,15550,14800,15000,20700,-0.0033222591362126463
2022-02-18,15000,15050,14700,15050,11921,0.0033333333333334103
2022-02-21,15050,15050,14650,14800,31501,-0.01661129568106312
2022-02-22,14700,14750,14600,14600,14550,-0.013513513513513487
2022-02-23,14600,14700,14550,14650,20149,0.003424657534246478
2022-02-24,14650,14650,14300,14400,13170,-0.017064846416382284
2022-02-25,14400,14800,14300,14800,9525,0.02777777777777768
2022-02-28,14750,14850,14350,14800,11266,0.0
2022-03-02,14800,14900,14700,14900,6603,0.006756756756756799
2022-03-03,15000,15200,14800,15200,17299,0.020134228187919545
2022-03-04,15200,15200,14700,14850,29783,-0.023026315789473673
2022-03-07,14550,14600,13900,14000,89042,-0.0572390572390572
2022-03-08,13850,14100,13550,13950,30327,-0.0035714285714285587
2022-03-10,14100,14200,13700,13850,49531,-0.007168458781361964
2022-03-11,13850,14000,13700,13900,7983,0.0036101083032491488
2022-03-14,13900,14000,13700,13750,30311,-0.010791366906474864
2022-03-15,13750,13850,13650,13800,6623,0.0036363636363636598
2022-03-16,13950,14050,13750,13950,31885,0.010869565217391353
2022-03-17,14050,14350,13950,14050,18954,0.007168458781362075
2022-03-18,14100,14150,13900,14000,15155,-0.003558718861209953
2022-03-21,14050,14100,13800,13850,30955,-0.010714285714285676
2022-03-22,13900,14000,13700,13950,21595,0.0072202166064982976
2022-03-23,14000,14100,13950,14000,14462,0.0035842293906809264
2022-03-24,14000,14250,14000,14100,13694,0.0071428571428571175
2022-03-25,14100,14200,14000,14000,11256,-0.007092198581560294
2022-03-28,14050,14150,13950,14150,13074,0.010714285714285676
2022-03-29,14100,14350,14100,14300,14034,0.010600706713780994
2022-03-30,14250,14400,14250,14250,12226,-0.0034965034965035446
2022-03-31,14250,14450,14150,14300,15271,0.0035087719298245723
2022-04-01,14300,14500,14150,14350,13933,0.0034965034965035446
2022-04-04,14400,14450,14200,14400,12549,0.0034843205574912606
2022-04-05,14400,14400,14200,14250,17339,-0.01041666666666663
2022-04-06,14250,14250,14100,14200,14910,-0.0035087719298245723
2022-04-07,14200,14250,14050,14200,13410,0.0
2022-04-08,14200,14250,14050,14200,7706,0.0
2022-04-11,14100,14250,14100,14200,5210,0.0
2022-04-12,14150,14250,14000,14100,4924,-0.007042253521126751
2022-04-13,14100,14200,14050,14150,6953,0.0035460992907800915
2022-04-14,14200,14350,14100,14300,15128,0.010600706713780994
2022-04-15,14300,14350,14150,14250,12078,-0.0034965034965035446
2022-04-18,14250,14300,14150,14250,3488,0.0
2022-04-19,14200,14300,14100,14250,4448,0.0
2022-04-20,14250,14300,14150,14250,5134,0.0
2022-04-21,14200,14300,14050,14050,14386,-0.01403508771929829
2022-04-22,14050,14100,13800,14000,9158,-0.003558718861209953
2022-04-25,13850,13900,13750,13800,12570,-0.014285714285714235
2022-04-26,13800,13950,13750,13900,8980,0.007246376811594235
2022-04-27,13850,13850,13550,13650,19295,-0.017985611510791366
2022-04-28,13700,13750,13550,13600,20176,-0.00366300366300365
2022-04-29,13600,13750,13550,13700,13209,0.007352941176470562
2022-05-02,13700,13700,13550,13650,4604,-0.0036496350364964014
2022-05-03,13650,13750,13600,13700,5369,0.00366300366300365
2022-05-04,13750,13750,13550,13600,11477,-0.007299270072992692
2022-05-06,13550,13550,13350,13450,11775,-0.011029411764705843
2022-05-09,13450,13450,13200,13350,12391,-0.0074349442379182396
2022-05-10,13100,13350,12950,13300,16724,-0.0037453183520599342
2022-05-11,13300,13300,12950,13050,13179,-0.018796992481203034
2022-05-12,13050,13150,12850,12900,17115,-0.011494252873563204
2022-05-13,12900,13100,12750,12900,16028,0.0
2022-05-16,12900,13050,12900,12950,7845,0.003875968992248069
2022-05-17,13050,13050,12450,12600,48103,-0.027027027027026973
2022-05-18,12600,12650,12450,12550,21572,-0.003968253968253954
2022-05-19,12550,12550,12300,12550,29312,0.0
2022-05-20,12400,12650,12400,12600,8891,0.003984063745019917
2022-05-23,12600,12600,12400,12500,16130,-0.007936507936507908
2022-05-24,12550,12550,12200,12400,26314,-0.008000000000000007
2022-05-25,12400,12500,12350,12400,17108,0.0
2022-05-26,12400,12500,12350,12450,10970,0.0040322580645162365
2022-05-27,12550,12700,12500,12600,10349,0.012048192771084265
2022-05-30,12600,12850,12550,12800,10478,0.015873015873015817
2022-05-31,12850,12850,12700,12850,11103,0.00390625
2022-06-02,12800,12800,12500,12650,8899,-0.015564202334630295
2022-06-03,12700,12750,12550,12600,7012,-0.0039525691699604515
2022-06-07,12600,12600,12250,12300,13604,-0.023809523809523836
2022-06-08,12400,12400,12250,12400,4667,0.008130081300812941
2022-06-09,12250,12350,12200,12300,8911,-0.008064516129032251
2022-06-10,12300,12300,12000,12050,24935,-0.020325203252032575
2022-06-13,12000,12000,11450,11500,31511,-0.0456431535269709
2022-06-14,11250,11750,11150,11650,26771,0.01304347826086949
2022-06-15,11650,11700,11300,11400,7988,-0.02145922746781115
2022-06-16,11500,11700,11500,11600,7871,0.01754385964912286
2022-06-17,11450,11500,10600,11400,14694,-0.017241379310344862
2022-06-20,11450,11450,10950,10950,15171,-0.03947368421052633
2022-06-21,11000,11050,10850,11050,5520,0.009132420091324311
2022-06-22,11050,11100,10550,10550,23655,-0.04524886877828049
2022-06-23,10550,10650,10100,10350,16225,-0.018957345971563955
2022-06-24,10400,10650,10150,10650,24668,0.02898550724637672
2022-06-27,10800,10900,10450,10750,8961,0.009389671361502261
2022-06-28,10650,10900,10650,10800,3186,0.0046511627906977715
2022-06-29,10550,10750,10550,10650,6702,-0.01388888888888884
2022-06-30,10650,10650,10150,10250,15065,-0.03755868544600938
2022-07-01,10300,10400,10050,10200,10210,-0.004878048780487809
2022-07-04,10200,10300,10000,10100,17595,-0.009803921568627416
2022-07-05,10050,10350,10050,10300,11572,0.01980198019801982
2022-07-06,10200,10300,10150,10250,11102,-0.004854368932038833
2022-07-07,10200,10350,10100,10300,12141,0.004878048780487809
2022-07-08,10350,10500,10250,10450,16903,0.014563106796116498
2022-07-11,10400,10600,10200,10400,6851,-0.004784688995215336
2022-07-12,10200,10400,10100,10200,12917,-0.019230769230769273
2022-07-13,10100,10300,10100,10200,2914,0.0
2022-07-14,10200,10350,10150,10250,4660,0.004901960784313708
2022-07-15,10350,10350,10100,10200,9209,-0.004878048780487809
2022-07-18,10250,10900,10250,10600,7436,0.03921568627450989
2022-07-19,10450,10650,10400,10550,3916,-0.004716981132075526
2022-07-20,10650,10900,10600,10800,10184,0.023696682464454888
2022-07-21,10800,10950,10600,10950,9873,0.01388888888888884
2022-07-22,10950,11000,10750,10900,4508,-0.004566210045662156
2022-07-25,10900,10900,10650,10850,3655,-0.004587155963302725
2022-07-26,10750,10900,10700,10850,2772,0.0
2022-07-27,10800,10950,10700,10700,6689,-0.01382488479262678
2022-07-28,10800,10900,10700,10900,8005,0.01869158878504673
2022-07-29,10950,11100,10800,11100,13221,0.0183486238532109
2022-08-01,11200,11200,10950,11050,7273,-0.0045045045045044585
2022-08-02,11000,11250,10800,11000,9811,-0.004524886877828038
2022-08-03,11000,11000,10700,10850,16092,-0.013636363636363669
2022-08-04,10850,10950,10800,10950,4631,0.009216589861751112
2022-08-05,10950,11300,10950,11250,7383,0.027397260273972712
2022-08-08,11250,11400,11100,11250,5544,0.0
2022-08-09,11300,11300,11050,11250,4175,0.0
2022-08-10,11200,11200,11050,11100,2137,-0.013333333333333308
2022-08-11,11100,11400,11050,11300,9698,0.018018018018018056
2022-08-12,11300,11400,11150,11300,9484,0.0
2022-08-16,11400,11400,11050,11150,21703,-0.013274336283185861
2022-08-17,11100,11200,10850,10900,14871,-0.022421524663677084
2022-08-18,10900,10900,10300,10350,103153,-0.050458715596330306
2022-08-19,10350,10350,10100,10300,28296,-0.004830917874396157
2022-08-22,10250,10250,10100,10200,17337,-0.009708737864077666
2022-08-23,10050,10150,9900,10000,28104,-0.019607843137254943
2022-08-24,10050,10100,9990,10050,4737,0.004999999999999893
2022-08-25,10050,10200,10050,10150,14945,0.00995024875621886
2022-08-26,10150,10200,10100,10150,10124,0.0
2022-08-29,10000,10000,9910,9980,18884,-0.016748768472906406
2022-08-30,10000,10050,9950,10000,146414,0.002004008016031955
2022-08-31,9990,10150,9920,10100,41024,0.010000000000000009
2022-09-01,10100,10100,9950,9980,11055,-0.011881188118811892
2022-09-02,9950,10000,9950,9970,4749,-0.0010020040080159776
2022-09-05,9810,9980,9810,9940,16870,-0.0030090270812437314
2022-09-06,9940,9970,9850,9940,8020,0.0
2022-09-07,9940,10050,9800,9860,28837,-0.008048289738430636
2022-09-08,9870,9910,9860,9880,3923,0.0020283975659229903
2022-09-13,9900,10050,9900,9970,8481,0.009109311740890691
2022-09-14,9800,9960,9800,9940,6585,-0.0030090270812437314
2022-09-15,9940,9980,9900,9940,4536,0.0
2022-09-16,9940,9940,9900,9930,2693,-0.001006036217303774
2022-09-19,9940,9960,9880,9920,3097,-0.001007049345417954
2022-09-20,9890,9970,9890,9960,3295,0.0040322580645162365
2022-09-21,9940,9960,9900,9930,3879,-0.003012048192771122
2022-09-22,9900,9900,9760,9870,12055,-0.0060422960725075026
2022-09-23,9780,9850,9760,9780,5553,-0.00911854103343468
2022-09-26,9780,9780,9400,9400,23265,-0.03885480572597133
2022-09-27,9410,9450,9030,9150,30948,-0.02659574468085102
2022-09-28,9000,9240,8900,9000,21305,-0.016393442622950838
2022-09-29,8950,9600,8610,8940,34413,-0.00666666666666671
2022-09-30,8940,9020,8710,8920,4881,-0.0022371364653244186
2022-10-04,9140,9140,9000,9120,14562,0.022421524663677195
2022-10-05,9570,9570,9110,9170,8500,0.005482456140350811
2022-10-06,9190,9410,9190,9410,4194,0.026172300981461394
2022-10-07,9340,9440,9260,9360,6982,-0.005313496280552554
2022-10-11,9060,9170,9040,9060,8298,-0.03205128205128205
2022-10-12,9070,9150,9000,9150,21211,0.009933774834437026
2022-10-13,9150,9160,8630,9000,18127,-0.016393442622950838
2022-10-14,9030,9280,9030,9160,6658,0.01777777777777767
2022-10-17,9020,9140,9020,9070,10958,-0.009825327510917026
2022-10-18,9070,9130,8990,9070,20446,0.0
2022-10-19,9020,9070,9000,9020,14717,-0.005512679162072764
2022-10-20,9020,9020,8570,8650,53672,-0.04101995565410199
2022-10-21,8650,8650,8460,8500,14590,-0.017341040462427793
2022-10-24,8690,8690,8560,8600,8341,0.0117647058823529
2022-10-25,8610,8630,8530,8620,11380,0.0023255813953488857
2022-10-26,8620,8770,8530,8580,6629,-0.004640371229698403
2022-10-27,8540,8820,8540,8800,12769,0.02564102564102555
2022-10-28,8780,8850,8720,8720,10472,-0.009090909090909038
2022-10-31,8820,8820,8590,8680,9599,-0.004587155963302725
2022-11-01,8670,8680,8530,8630,9969,-0.005760368663594417
2022-11-02,8640,8640,8500,8590,41140,-0.004634994206257237
2022-11-03,8550,8580,8500,8530,5851,-0.006984866123399325
2022-11-04,8540,8600,8480,8570,3110,0.004689331770222793
2022-11-07,8580,8620,8560,8580,16631,0.001166861143523823
2022-11-08,8590,8690,8590,8680,10007,0.011655011655011593
2022-11-09,8710,9990,8700,9020,119518,0.03917050691244239
2022-11-10,9000,9950,8850,9340,98065,0.0354767184035476
2022-11-11,9550,10200,9420,9780,82083,0.047109207708779355
2022-11-14,9780,9810,9610,9720,12137,-0.006134969325153339
2022-11-15,9680,9800,9440,9510,21747,-0.021604938271604923
2022-11-16,9510,9550,9100,9170,45447,-0.035751840168243953
2022-11-17,9130,9210,9080,9110,13235,-0.0065430752453653485
2022-11-18,9070,9180,9060,9090,6621,-0.002195389681668547
2022-11-21,9010,9050,8890,8900,19871,-0.020902090209020896
2022-11-22,8910,8970,8850,8900,8417,0.0
2022-11-23,8900,9110,8900,9080,9946,0.020224719101123556
2022-11-24,9080,9150,9080,9150,4829,0.007709251101321479
2022-11-25,9180,9220,9120,9160,2776,0.0010928961748633004
2022-11-28,9100,9150,9020,9030,4833,-0.014192139737991272
2022-11-29,8940,9230,8940,9070,3795,0.0044296788482836025
2022-11-30,9120,9270,9070,9260,10969,0.02094818081587646
2022-12-01,9310,10000,9270,9490,89429,0.024838012958963374
2022-12-02,9510,9510,9390,9390,6354,-0.010537407797681753
2022-12-05,9500,9500,9250,9340,10328,-0.005324813631522929
2022-12-06,9340,9340,9220,9250,6084,-0.009635974304068484
2022-12-07,9210,9280,9130,9210,5563,-0.00432432432432428
2022-12-08,9250,9250,9030,9100,11138,-0.011943539630836053
2022-12-09,9020,9190,9020,9160,15546,0.00659340659340657
2022-12-12,9140,9250,9120,9130,12147,-0.0032751091703057122
2022-12-13,9150,9170,9030,9110,12807,-0.0021905805038334725
2022-12-14,9060,9830,9060,9190,77571,0.008781558726673966
2022-12-15,9240,9280,9150,9150,10143,-0.0043525571273123065
2022-12-16,9060,9110,9000,9060,14139,-0.00983606557377048
2022-12-19,9050,9150,9020,9100,3040,0.004415011037527616
2022-12-20,9100,9120,8950,9050,16957,-0.005494505494505475
2022-12-21,9050,9110,9000,9100,23234,0.005524861878453136
2022-12-22,9050,9200,9050,9170,7633,0.007692307692307665
2022-12-23,9160,9160,8980,9020,16009,-0.016357688113413316
2022-12-26,9010,9010,8950,9000,11022,-0.0022172949002217113
2022-12-27,8950,9300,8950,9040,32283,0.004444444444444473
2022-12-28,8700,8800,8600,8610,17494,-0.047566371681415975
2022-12-29,8580,8610,8210,8210,28164,-0.04645760743321714
2023-01-02,8300,8300,8020,8210,13992,0.0
2023-01-03,8010,8160,8010,8140,7532,-0.008526187576126665
2023-01-04,8050,8230,8040,8210,5892,0.008599508599508532
2023-01-05,8250,8430,8220,8430,10302,0.02679658952496955
2023-01-06,8380,8580,8360,8570,14146,0.016607354685646447
2023-01-09,8530,8780,8530,8760,14397,0.022170361726954413
2023-01-10,8750,8790,8700,8730,4348,-0.003424657534246589
2023-01-11,8730,8750,8700,8720,5505,-0.001145475372279492
2023-01-12,8740,8820,8690,8770,8726,0.005733944954128489
2023-01-13,8730,8840,8730,8840,7998,0.007981755986316896
2023-01-16,8840,8980,8830,8920,10612,0.009049773755656076
2023-01-17,8880,8930,8860,8870,6718,-0.005605381165919243
2023-01-18,8870,8880,8800,8850,3254,-0.0022547914317925244
2023-01-19,8790,8850,8740,8770,6573,-0.009039548022598876
2023-01-20,8750,8800,8740,8790,4809,0.0022805017103761926
2023-01-25,8850,9030,8810,8970,20151,0.020477815699658786
2023-01-26,9030,9050,8940,8990,7689,0.0022296544035673715
2023-01-27,9000,9100,8960,9100,11124,0.012235817575083408
2023-01-30,9100,9100,8960,8990,6025,-0.012087912087912045
2023-01-31,8940,9030,8830,8860,14817,-0.014460511679644017
2023-02-01,8920,9000,8860,9000,11879,0.015801354401805856
2023-02-02,9000,9820,8980,9450,233697,0.050000000000000044
2023-02-03,9470,9540,9230,9450,46461,0.0
2023-02-06,9450,9450,9120,9150,30582,-0.031746031746031744
2023-02-07,9150,9170,9090,9150,13948,0.0
2023-02-08,9200,9410,9120,9400,16297,0.02732240437158473
2023-02-09,9310,9530,9300,9470,22290,0.007446808510638281
2023-02-10,9480,9480,9230,9290,23255,-0.019007391763463555
2023-02-13,9300,9350,9260,9340,7078,0.005382131324004336
2023-02-14,9310,9450,9300,9380,22130,0.004282655246252709
2023-02-15,9410,9410,9130,9210,9852,-0.018123667377398678
2023-02-16,9200,9270,9150,9180,8899,-0.0032573289902280145
2023-02-17,9120,9220,9090,9210,3920,0.0032679738562091387
2023-02-20,9100,9220,9100,9170,3797,-0.004343105320304019
2023-02-21,9180,9290,9080,9190,18296,0.0021810250817884125
2023-02-22,9190,9190,9020,9100,15098,-0.009793253536452662
2023-02-23,9110,9180,9020,9120,4161,0.00219780219780219
2023-02-24,9180,9180,9040,9060,11419,-0.006578947368421018
2023-02-27,9010,9060,8910,9000,10573,-0.0066225165562914245
2023-02-28,9000,9050,8920,9040,3386,0.004444444444444473
2023-03-02,9090,9100,8970,9010,5630,-0.0033185840707964376
2023-03-03,9010,9080,8980,8980,36896,-0.0033296337402886067
2023-03-06,8980,9000,8950,8990,2840,0.00111358574610243
2023-03-07,8980,9040,8860,8970,17499,-0.0022246941045606095
2023-03-08,8990,9010,8920,8990,16749,0.0022296544035673715
2023-03-09,9080,9080,8950,9030,12957,0.004449388209121219
2023-03-10,9030,9060,8920,8950,24422,-0.008859357696566983
2023-03-13,8970,8970,8800,8850,30400,-0.011173184357541888
2023-03-14,8800,8840,8670,8750,25419,-0.011299435028248594
2023-03-15,8760,8830,8760,8760,4481,0.0011428571428571122
2023-03-16,8760,8760,8700,8750,7783,-0.0011415525114155667
2023-03-17,8800,8800,8750,8770,4145,0.0022857142857142243
2023-03-20,8980,8990,8780,8790,7770,0.0022805017103761926
2023-03-21,8950,8980,8750,8980,12587,0.021615472127417545
2023-03-22,8920,8970,8840,8910,8577,-0.007795100222717122
2023-03-23,8900,8900,8750,8750,3530,-0.017957351290684653
