Date,Open,High,Low,Close,Volume,Change
2015-01-02,9232,9317,9104,9232,242726,0.0
2015-01-05,9275,9275,9061,9147,117723,-0.00920710571923744
2015-01-06,9146,9146,8976,9147,163473,0.0
2015-01-07,9146,9146,9061,9104,41862,-0.004700994861703278
2015-01-08,9104,9189,8976,9147,196986,0.004723198594024591
2015-01-09,9146,9146,9018,9061,76469,-0.009401989723406556
2015-01-12,9061,9232,9018,9147,176513,0.00949122613398079
2015-01-13,9146,9146,9018,9019,171748,-0.013993659123209823
2015-01-14,9018,9104,8933,8976,257184,-0.004767712606719154
2015-01-15,8976,9018,8890,8976,126937,0.0
2015-01-16,8933,8976,8847,8891,110320,-0.009469696969697017
2015-01-19,8933,8976,8805,8891,227771,0.0
2015-01-20,8890,8976,8847,8891,459204,0.0
2015-01-21,8933,9018,8890,8891,205020,0.0
2015-01-22,8890,9061,8890,9019,308336,0.014396580812057191
2015-01-23,9018,9061,8847,8891,270627,-0.014192260782791899
2015-01-26,8847,8890,8719,8805,388582,-0.009672702733100835
2015-01-27,8805,8847,8719,8762,307307,-0.004883588869960209
2015-01-28,8762,8805,8548,8720,766319,-0.004793426158411274
2015-01-29,8676,8719,8634,8677,184813,-0.004931192660550421
2015-01-30,8719,8719,8634,8720,197775,0.004955629825976748
2015-02-02,8676,8847,8676,8805,193531,0.009747706422018387
2015-02-03,8805,8805,8634,8677,235202,-0.014537194775695594
2015-02-04,8719,8762,8591,8591,237655,-0.009911259651953386
2015-02-05,8634,8719,8548,8720,548426,0.01501571411942737
2015-02-06,8676,8805,8634,8762,186480,0.0048165137614679665
2015-02-09,8762,8890,8676,8848,216864,0.009815110705318375
2015-02-10,8890,8976,8762,8848,549707,0.0
2015-02-11,8847,8976,8805,8976,381685,0.014466546112115841
2015-02-12,8847,8933,8762,8805,294165,-0.019050802139037426
2015-02-13,8762,8847,8719,8805,206080,0.0
2015-02-16,8805,8890,8762,8891,127739,0.009767177739920418
2015-02-17,8890,8933,8762,8805,205362,-0.009672702733100835
2015-02-23,8762,8890,8762,8848,225511,0.00488358886996032
2015-02-24,8890,8933,8805,8891,249796,0.004859855334538921
2015-02-25,8933,9018,8847,8976,321718,0.009560229445506607
2015-02-26,8933,9018,8890,8933,167072,-0.004790552584670205
2015-02-27,8976,9018,8890,8891,87500,-0.004701667972685564
2015-03-02,8933,9061,8890,9061,421790,0.019120458891013437
2015-03-03,9061,9146,9018,9061,210791,0.0
2015-03-04,9061,9146,9018,9061,260622,0.0
2015-03-05,9104,9146,8976,9019,111129,-0.004635249972409272
2015-03-06,8976,9061,8805,8805,373416,-0.023727685996230208
2015-03-09,8805,8847,8676,8805,436074,0.0
2015-03-10,8805,8805,8676,8677,358975,-0.014537194775695594
2015-03-11,8676,8805,8634,8720,248231,0.004955629825976748
2015-03-12,8805,8847,8719,8848,165593,0.014678899082568808
2015-03-13,8805,9018,8805,8891,283294,0.004859855334538921
2015-03-16,8933,8933,8762,8848,261729,-0.004836351366550473
2015-03-17,8847,8890,8676,8677,522257,-0.01932640144665465
2015-03-18,8719,8805,8676,8762,437457,0.009796012446698255
2015-03-19,8805,8847,8719,8805,238508,0.0049075553526591875
2015-03-20,8805,8847,8719,8762,365820,-0.004883588869960209
2015-03-23,8805,8805,8719,8720,417309,-0.004793426158411274
2015-03-24,8719,8805,8719,8720,157911,0.0
2015-03-25,8805,8805,8676,8762,340163,0.0048165137614679665
2015-03-26,8762,8762,8591,8634,486305,-0.01460853686372976
2015-03-27,8634,8719,8634,8634,250447,0.0
2015-03-30,8676,8805,8634,8762,557767,0.014825110030113553
2015-03-31,8805,8805,8719,8720,515862,-0.004793426158411274
2015-04-01,8762,9146,8762,8976,855998,0.029357798165137616
2015-04-02,9061,9146,8976,9019,392661,0.004790552584670316
2015-04-03,9061,9104,8890,9019,236697,0.0
2015-04-06,9018,9061,8890,9061,165970,0.004656835569353479
2015-04-07,9061,9146,8933,9104,187326,0.004745613066990506
2015-04-08,9146,9146,8976,8976,259379,-0.01405975395430581
2015-04-09,8975,9232,8847,9190,546812,0.02384135472370774
2015-04-10,9104,9360,9104,9318,348131,0.01392818280739938
2015-04-13,9232,9317,8976,9061,605817,-0.02758102597123846
2015-04-14,9104,9146,9018,9061,524906,0.0
2015-04-15,9104,9146,8976,9104,351149,0.004745613066990506
2015-04-16,9146,9488,9146,9446,681065,0.0375659050966608
2015-04-17,9446,9531,9317,9532,371153,0.00910438280753767
2015-04-20,9403,9531,9275,9532,472949,0.0
2015-04-21,9531,9659,9403,9660,645200,0.013428451531682706
2015-04-22,9702,9702,9317,9660,397519,0.0
2015-04-23,9659,9659,9446,9446,191799,-0.022153209109730843
2015-04-24,9488,9659,9360,9617,471823,0.018102900698708346
2015-04-27,9617,9659,9446,9489,236835,-0.013309763959654775
2015-04-28,9531,9659,9488,9660,251630,0.018020866266202917
2015-04-29,9702,10044,9659,10002,989586,0.03540372670807446
2015-04-30,9916,10258,9830,10173,1207892,0.017096580683863216
2015-05-04,10130,10301,10001,10216,455967,0.004226875061437152
2015-05-06,10130,10343,10044,10216,715937,0.0
2015-05-07,10215,10258,9873,9959,567284,-0.025156617071260823
2015-05-08,9916,10044,9873,9959,362926,0.0
2015-05-11,10087,10087,9873,10045,298850,0.008635405161160792
2015-05-12,9959,10001,9873,9916,340761,-0.012842210054753611
2015-05-13,9959,10087,9916,10002,162432,0.00867285195643408
2015-05-14,10001,10087,9959,10045,228986,0.004299140171965643
2015-05-15,10044,10044,9873,9874,232110,-0.017023394723743146
2015-05-18,9745,10001,9745,10002,361368,0.012963338059550411
2015-05-19,9959,10215,9916,10173,480466,0.017096580683863216
2015-05-20,10215,10301,10001,10002,345398,-0.01680920082571513
2015-05-21,10001,10087,9788,9788,387836,-0.02139572085582886
2015-05-22,9873,10044,9830,10002,254972,0.02186350633428691
2015-05-26,10001,10258,9959,10173,321612,0.017096580683863216
2015-05-27,10258,10258,10001,10173,329475,0.0
2015-05-28,10215,10258,10087,10258,311767,0.008355450702840939
2015-05-29,10215,10472,10172,10344,886360,0.008383700526418458
2015-06-01,10386,10386,9916,10087,456607,-0.024845320959010042
2015-06-02,10044,10087,9745,9831,583373,-0.025379200951720082
2015-06-03,9830,9873,9702,9745,347431,-0.008747838470145486
2015-06-04,9702,9830,9659,9745,273843,0.0
2015-06-05,9745,9745,9531,9574,303567,-0.017547460236018497
2015-06-08,9488,9617,9446,9617,387168,0.004491330687278028
2015-06-09,9659,9830,9531,9831,186890,0.022252261620047786
2015-06-10,9788,9830,9659,9745,162317,-0.008747838470145486
2015-06-11,9702,9873,9659,9788,277917,0.004412519240636126
2015-06-12,9788,9873,9617,9745,147173,-0.004393134450347391
2015-06-15,9659,9745,9531,9532,187673,-0.021857362750128284
2015-06-16,9531,9702,9488,9574,270156,0.004406210658833398
2015-06-17,9659,9959,9574,9959,330112,0.040213077083768534
2015-06-18,10001,10215,9873,10045,494721,0.008635405161160792
2015-06-19,10087,10130,9702,9703,355725,-0.03404678944748629
2015-06-22,9702,10044,9702,9916,318327,0.021951973616407328
2015-06-23,9959,10215,9916,10087,538508,0.01724485679709553
2015-06-24,10044,10087,9873,10087,523710,0.0
2015-06-25,10087,10942,10044,10728,1348201,0.06354713988301786
2015-06-26,10642,11027,10557,10686,1007024,-0.0039149888143176215
2015-06-29,10514,11027,10514,10686,793998,0.0
2015-06-30,10685,10728,10301,10515,601113,-0.016002245929253256
2015-07-01,10472,10899,10472,10728,487415,0.0202567760342367
2015-07-02,10771,10856,10600,10600,686683,-0.011931394481730084
2015-07-03,10813,12737,10771,12395,2524697,0.16933962264150937
2015-07-06,12480,12523,11839,11968,1047560,-0.03444937474788223
2015-07-07,12053,12138,11540,11541,932900,-0.035678475935828846
2015-07-08,11668,11754,11284,11583,993537,0.0036391993761373254
2015-07-09,11455,11497,11155,11370,476110,-0.018389018389018408
2015-07-10,11412,11925,11284,11797,768523,0.03755496921723833
2015-07-13,11711,12010,11711,11968,414267,0.014495210646774614
2015-07-14,12010,12096,11797,11883,597227,-0.007102272727272707
2015-07-15,12053,12309,11583,11840,455139,-0.0036186148279053754
2015-07-16,11968,12010,11497,11541,782484,-0.025253378378378377
2015-07-17,11668,12267,11626,12182,475098,0.05554111428818986
2015-07-20,12181,12352,11754,11840,501453,-0.028074207847644028
2015-07-21,11925,12181,11839,11925,294049,0.007179054054053946
2015-07-22,11882,11968,11711,11840,309516,-0.007127882599580748
2015-07-23,11925,12181,11882,11925,331799,0.007179054054053946
2015-07-24,11925,12010,11711,11883,187200,-0.003522012578616396
2015-07-27,11882,12181,11797,12139,320504,0.021543381301018183
2015-07-28,12096,12865,12010,12652,1180650,0.04226048274157668
2015-07-29,12651,12651,12138,12310,545435,-0.027031299399304487
2015-07-30,12309,12865,12138,12481,664036,0.013891145410235506
2015-07-31,12480,12737,12352,12609,482814,0.010255588494511692
2015-08-03,12609,12780,12224,12395,305922,-0.01697200412403843
2015-08-04,12309,12395,12181,12224,199381,-0.013795885437676514
2015-08-05,12267,12609,12224,12438,309782,0.017506544502617905
2015-08-06,12438,12480,11839,11968,603435,-0.037787425631130356
2015-08-07,11882,12138,11797,12139,226585,0.01428810160427818
2015-08-10,11968,12096,11711,11883,265208,-0.02108905181645937
2015-08-11,11968,12053,11839,11840,198471,-0.0036186148279053754
2015-08-12,11711,12010,11668,11925,407797,0.007179054054053946
2015-08-13,11839,12224,11754,11968,500328,0.0036058700209644634
2015-08-17,11882,11925,11626,11754,310126,-0.017881016042780695
2015-08-18,11754,11754,11540,11583,364898,-0.014548238897396648
2015-08-19,11583,11626,11113,11370,411835,-0.018389018389018408
2015-08-20,11369,11583,11241,11455,341153,0.007475813544415066
2015-08-21,11113,11497,11027,11284,466809,-0.014927979048450446
2015-08-24,11070,11540,10771,11284,322011,0.0
2015-08-25,11155,11284,10771,10942,376820,-0.030308401276143204
2015-08-26,10856,11284,10813,11156,281765,0.019557667702430948
2015-08-27,11198,11540,11113,11455,246274,0.026801721046970206
2015-08-28,11540,11968,11540,11925,467745,0.04103011785246613
2015-08-31,12010,12096,11583,11883,428801,-0.003522012578616396
2015-09-01,11882,11968,11711,11797,256007,-0.007237229655810862
2015-09-02,11540,11839,11455,11754,496257,-0.0036449944901245646
2015-09-03,11839,12096,11583,11712,175015,-0.0035732516590096797
2015-09-04,11711,11711,11412,11412,364276,-0.02561475409836067
2015-09-07,11326,11455,11198,11327,314674,-0.007448300035050814
2015-09-08,11241,11583,11241,11370,196533,0.003796239074776997
2015-09-09,11497,11540,11326,11412,224550,0.003693931398416783
2015-09-10,11455,11968,11412,11840,339725,0.03750438135296186
2015-09-11,11754,12053,11668,11883,289258,0.0036317567567567544
2015-09-14,12010,12010,11754,11840,202055,-0.0036186148279053754
2015-09-15,11925,12267,11839,12053,516473,0.01798986486486487
2015-09-16,12096,12138,11882,12011,132915,-0.0034846096407533667
2015-09-17,12096,12523,11925,12011,534769,0.0
2015-09-18,12010,12181,11839,12182,309638,0.014236949462992365
2015-09-21,12053,12181,11968,12139,132154,-0.0035297980627154724
2015-09-22,12096,12096,11797,11883,247819,-0.02108905181645937
2015-09-23,11839,12010,11711,11883,257947,0.0
2015-09-24,11968,12010,11626,11797,243341,-0.007237229655810862
2015-09-25,11839,12138,11668,12053,265765,0.0217004323133001
2015-09-30,11797,12181,11711,12182,439792,0.010702729610885253
2015-10-01,12267,12267,11925,11925,273501,-0.021096700049253014
2015-10-02,12010,12138,11839,11968,207735,0.0036058700209644634
2015-10-05,11968,12224,11925,12096,172313,0.010695187165775444
2015-10-06,12181,12224,12010,12011,234371,-0.007027116402116396
2015-10-07,12181,12737,12053,12395,568555,0.03197069353093007
2015-10-08,12309,12352,11925,12182,254508,-0.017184348527632065
2015-10-12,12096,12352,11968,12139,211341,-0.0035297980627154724
2015-10-13,12138,12138,11797,11840,293488,-0.024631353488755225
2015-10-14,11754,12138,11754,11883,220564,0.0036317567567567544
2015-10-15,11839,12480,11839,12395,260922,0.04308676260203659
2015-10-16,12309,12651,12053,12053,266776,-0.027591770875352917
2015-10-19,12181,12865,12181,12780,421992,0.06031693354351608
2015-10-20,12651,12694,12480,12652,216844,-0.010015649452269182
2015-10-21,12566,12651,12138,12267,366658,-0.030429971546000578
2015-10-22,12181,12352,12096,12182,325496,-0.006929159533708318
2015-10-23,12224,12395,12138,12310,222579,0.010507305861106486
2015-10-26,12267,12523,12267,12438,196109,0.010398050365556522
2015-10-27,12438,12523,12352,12481,160703,0.003457147451358722
2015-10-28,12395,12822,12309,12695,298416,0.01714606201426161
2015-10-29,12737,12780,11882,11925,316617,-0.06065380070894055
2015-10-30,11754,11797,11497,11626,775327,-0.025073375262054554
2015-11-02,11540,11797,11540,11669,280622,0.0036986065714776917
2015-11-03,11668,11711,11326,11498,379627,-0.014654212014739931
2015-11-04,11497,11497,11155,11284,403395,-0.018611932510001705
2015-11-05,11284,11668,11198,11669,261653,0.03411910669975193
2015-11-06,11540,11583,11412,11455,161042,-0.018339189304996117
2015-11-09,11412,11540,11241,11284,266683,-0.014927979048450446
2015-11-10,11198,11284,10771,11113,685096,-0.015154200638071602
2015-11-11,11113,11284,10984,11241,136479,0.011518041932871315
2015-11-12,11241,11326,11070,11241,105333,0.0
2015-11-13,11284,11369,11070,11327,158618,0.007650564896361622
2015-11-16,11070,11113,10813,10857,376464,-0.04149377593360992
2015-11-17,10942,11198,10771,11199,183387,0.031500414479137984
2015-11-18,11241,11369,11198,11284,172547,0.0075899633895883944
2015-11-19,11326,11497,11284,11455,177172,0.015154200638071602
2015-11-20,11326,11412,11070,11199,210590,-0.022348319511130477
2015-11-23,11198,11241,11027,11113,205027,-0.007679257076524726
2015-11-24,11070,11797,11027,11754,336112,0.05768019436695759
2015-11-25,11668,11668,11369,11412,193477,-0.029096477794793296
2015-11-26,11412,11626,11412,11455,129194,0.0037679635471432604
2015-11-27,11455,11626,11369,11541,124496,0.007507638585770415
2015-11-30,11626,11626,11113,11113,189532,-0.03708517459492244
2015-12-01,11155,11497,11155,11455,161418,0.030774768289390853
2015-12-02,11455,11497,11241,11327,129054,-0.011174159755565238
2015-12-03,11284,11284,10984,11113,149187,-0.018892910744239377
2015-12-04,11027,11198,10984,11156,172382,0.0038693422118238896
2015-12-07,11155,11198,10984,11113,103629,-0.003854428110433794
2015-12-08,11113,11155,10984,11113,328596,0.0
2015-12-09,11113,11369,11027,11284,136451,0.015387384144695426
2015-12-10,11284,11369,11241,11370,236497,0.007621410847217236
2015-12-11,11369,11369,11070,11327,181158,-0.003781882145998283
2015-12-14,11241,11241,11027,11070,152471,-0.022689149819016485
2015-12-15,11070,11155,10942,11028,123333,-0.003794037940379358
2015-12-16,11113,11326,11027,11284,174077,0.023213638012332227
2015-12-17,11284,11497,11198,11498,230950,0.01896490606168033
2015-12-18,11455,11668,11369,11626,179777,0.011132370847103834
2015-12-21,11540,11668,11497,11626,137912,0.0
2015-12-22,11540,11797,11369,11712,233593,0.007397213142955383
2015-12-23,11711,11968,11626,11840,140156,0.010928961748633892
2015-12-24,11839,12138,11839,12096,196915,0.021621621621621623
2015-12-28,12096,12224,11925,12053,168174,-0.0035548941798941858
2015-12-29,11968,11968,11711,11840,176968,-0.017671948892391987
2015-12-30,11754,12096,11668,12096,207595,0.021621621621621623
2016-01-04,12096,12096,11540,11541,270191,-0.04588293650793651
2016-01-05,11540,11754,11455,11712,211990,0.014816740317130206
2016-01-06,11711,11754,11241,11412,347391,-0.02561475409836067
2016-01-07,11326,11455,11155,11370,172450,-0.003680336487907443
2016-01-08,11198,11326,11155,11284,104523,-0.007563764291996455
2016-01-11,11241,11369,11155,11241,120782,-0.003810705423608618
2016-01-12,11241,11326,11113,11156,169708,-0.0075616048394271385
2016-01-13,11155,11326,11113,11156,231145,0.0
2016-01-14,11113,11369,11027,11284,127734,0.011473646468268095
2016-01-15,11284,11412,11198,11199,140950,-0.007532789790854255
2016-01-18,11155,11326,11070,11241,230058,0.0037503348513259205
2016-01-19,11241,11412,11155,11284,215532,0.003825282448180811
2016-01-20,11198,11241,10642,10942,338943,-0.030308401276143204
2016-01-21,10728,10899,10642,10857,237717,-0.007768232498629124
2016-01-22,10856,11241,10856,11070,235908,0.019618679193147193
2016-01-25,11113,11284,10899,11113,178535,0.003884372177055173
2016-01-26,11113,11155,10685,10771,245730,-0.030774768289390853
2016-01-27,10813,10899,10685,10771,500995,0.0
2016-01-28,10771,11155,10771,11156,332705,0.03574412775044089
2016-01-29,11070,11326,11027,11327,417343,0.015328074578702111
2016-02-01,11369,11540,11198,11412,273343,0.0075041935199082754
2016-02-02,11412,11412,11070,11156,294468,-0.02243252716438837
2016-02-03,11070,11198,11027,11070,189036,-0.007708856220867699
2016-02-04,11155,11198,10728,10942,387585,-0.011562782294489593
2016-02-05,10942,11198,10856,11113,368135,0.01562785596783045
2016-02-11,11027,11155,10771,11028,665208,-0.007648699721047425
2016-02-12,10942,11027,10642,10814,431472,-0.019405150525933945
2016-02-15,10856,10984,10728,10814,364051,0.0
2016-02-16,10813,11113,10813,11028,441325,0.019789162197151766
2016-02-17,11027,11155,10942,11070,241146,0.003808487486398171
2016-02-18,11070,11198,10899,10899,244228,-0.015447154471544766
2016-02-19,10899,11155,10899,11156,141856,0.023580144967428218
2016-02-22,11070,11155,10899,11028,210044,-0.011473646468268206
2016-02-23,11027,11155,10771,10942,306727,-0.0077983315197678316
2016-02-24,10856,10984,10642,10857,388394,-0.007768232498629124
2016-02-25,10856,10942,10771,10771,224573,-0.007921156857327083
2016-02-26,10728,10942,10642,10857,229432,0.007984402562436266
2016-02-29,10856,11284,10813,11113,467648,0.02357925762181079
2016-03-02,11198,11412,11070,11241,517139,0.011518041932871315
2016-03-03,11198,11369,11155,11241,242879,0.0
2016-03-04,11284,11284,11027,11284,341464,0.003825282448180811
2016-03-07,11241,11326,10984,11113,354094,-0.015154200638071602
2016-03-08,11070,11198,10942,11199,310640,0.007738684423648001
2016-03-09,11070,11241,11027,11156,260128,-0.003839628538262363
2016-03-10,11113,11241,11027,11113,230409,-0.003854428110433794
2016-03-11,11155,11241,11027,11199,150980,0.007738684423648001
2016-03-14,11198,11241,11027,11113,149492,-0.007679257076524726
2016-03-15,11155,11497,11113,11498,421792,0.03464411050121474
2016-03-16,11455,11455,11241,11284,177116,-0.018611932510001705
2016-03-17,11326,11497,11326,11412,155356,0.011343495214462873
2016-03-18,11497,11583,11284,11583,265165,0.014984227129337446
2016-03-21,11583,11583,11241,11370,274479,-0.018389018389018408
2016-03-22,11326,11626,11241,11541,405559,0.015039577836411633
2016-03-23,11540,11711,11412,11712,463797,0.014816740317130206
2016-03-24,11626,11754,11583,11712,240427,0.0
2016-03-25,11711,11882,11626,11669,288040,-0.0036714480874316946
2016-03-28,11668,11968,11583,11754,310118,0.007284257434227337
2016-03-29,11754,12053,11711,11968,308646,0.018206567976859045
2016-03-30,12010,12181,11882,12053,469859,0.007102272727272707
2016-03-31,12053,12053,11839,11925,304629,-0.010619762714676795
2016-04-01,11925,11968,11754,11754,335734,-0.014339622641509453
2016-04-04,11754,11925,11668,11797,212137,0.003658329079462286
2016-04-05,11882,12010,11668,11840,313271,0.0036449944901246756
2016-04-06,11711,11797,11583,11712,291772,-0.010810810810810811
2016-04-07,11711,11797,11583,11669,264647,-0.0036714480874316946
2016-04-08,11583,11797,11540,11754,244511,0.007284257434227337
2016-04-11,11711,11711,11497,11541,224000,-0.018121490556406328
2016-04-12,11455,11626,11412,11626,249774,0.0073650463564682855
2016-04-14,11626,11711,11540,11541,186533,-0.007311199036642013
2016-04-15,11540,11668,11497,11541,279442,0.0
2016-04-18,11497,11583,11326,11370,343042,-0.014816740317130206
2016-04-19,11412,11455,11326,11370,161918,0.0
2016-04-20,11369,11455,11326,11370,201987,0.0
2016-04-21,11369,11497,11326,11412,155413,0.003693931398416783
2016-04-22,11412,11497,11326,11370,177940,-0.003680336487907443
2016-04-25,11412,11583,11369,11541,213808,0.015039577836411633
2016-04-26,11540,11668,11412,11412,260563,-0.011177540940992992
2016-04-27,11455,11455,11284,11327,237114,-0.007448300035050814
2016-04-28,11284,11412,11198,11241,177537,-0.007592478149554216
2016-04-29,11155,11455,11027,11370,465543,0.011475847344542212
2016-05-02,11198,11241,11113,11156,322726,-0.018821459982409805
2016-05-03,11155,11155,11070,11070,61695,-0.007708856220867699
2016-05-04,11027,11155,10899,11028,212397,-0.003794037940379358
2016-05-09,11070,11284,10984,11199,236640,0.01550598476605014
2016-05-10,11198,11326,11113,11284,256614,0.0075899633895883944
2016-05-11,11241,11455,11241,11412,196165,0.011343495214462873
2016-05-12,11369,11497,11326,11370,174526,-0.003680336487907443
2016-05-13,11369,11540,11284,11284,127158,-0.007563764291996455
2016-05-16,11284,11369,11155,11370,124528,0.007621410847217236
2016-05-17,11284,11412,11155,11370,101780,0.0
2016-05-18,11284,11326,11155,11199,101880,-0.015039577836411633
2016-05-19,11198,11284,11113,11241,91192,0.0037503348513259205
2016-05-20,11198,11284,11027,11284,253164,0.003825282448180811
2016-05-23,11241,11284,11027,11070,239487,-0.01896490606168022
2016-05-24,11070,11198,10942,11156,216860,0.007768744354110124
2016-05-25,11113,11241,11027,11113,179539,-0.003854428110433794
2016-05-26,11027,11113,10899,11028,285532,-0.007648699721047425
2016-05-27,11027,11113,10899,10985,207459,-0.0038991657598839158
2016-05-30,11070,11113,10856,10985,254967,0.0
2016-05-31,10942,11070,10899,10942,209045,-0.003914428766499722
2016-06-01,10942,11155,10899,11070,221768,0.011698044233229732
2016-06-02,11070,11198,10984,11156,125901,0.007768744354110124
2016-06-03,11113,11241,10984,11199,157025,0.003854428110433794
2016-06-07,11155,11369,11155,11327,385696,0.011429591927850646
2016-06-08,11241,11326,11155,11327,196976,0.0
2016-06-09,11326,11497,11241,11327,328957,0.0
2016-06-10,11241,11284,10984,11028,242326,-0.026397104264147653
2016-06-13,11027,11113,10899,10985,235926,-0.0038991657598839158
2016-06-14,10984,11284,10942,11028,416114,0.003914428766499833
2016-06-15,11070,11113,10856,10985,236096,-0.0038991657598839158
2016-06-16,10856,10899,10600,10600,345969,-0.035047792444242165
2016-06-17,10685,10813,10557,10686,265967,0.00811320754716971
2016-06-20,10728,10813,10642,10728,133966,0.003930376193149954
2016-06-21,10728,10728,10557,10686,225029,-0.0039149888143176215
2016-06-22,10685,10685,10557,10600,133911,-0.008047913157402165
2016-06-23,10557,10813,10557,10771,251909,0.016132075471698037
2016-06-24,10771,10813,10429,10686,220182,-0.007891560672175335
2016-06-27,10557,10557,10215,10429,387812,-0.02405015908665542
2016-06-28,10429,10685,10343,10515,232472,0.00824623645603606
2016-06-29,10557,10685,10301,10301,588421,-0.020351878269139312
2016-06-30,10343,10429,10301,10429,263121,0.012425978060382592
2016-07-01,10429,10472,10301,10387,289990,-0.0040272317575990035
2016-07-04,10386,10386,10258,10258,215254,-0.012419370366804627
2016-07-05,10301,10343,10087,10173,199346,-0.008286215636576277
2016-07-06,10130,10215,10001,10130,228182,-0.004226875061437152
2016-07-07,10172,10258,10001,10045,221728,-0.008390918065153019
2016-07-08,10001,10044,9873,9874,275102,-0.017023394723743146
2016-07-11,9916,10044,9916,10002,210900,0.012963338059550411
2016-07-12,9959,10130,9873,10130,228742,0.012797440511897573
2016-07-13,10130,10258,10130,10258,236821,0.012635735439289197
2016-07-14,10258,10301,10087,10301,234642,0.004191850263209229
2016-07-15,10343,10429,10215,10429,291651,0.012425978060382592
2016-07-18,10429,10557,10301,10515,283284,0.00824623645603606
2016-07-19,10429,10557,10130,10173,477872,-0.032524964336661966
2016-07-20,10172,10258,10044,10130,252408,-0.004226875061437152
2016-07-21,10130,10215,10044,10130,195395,0.0
2016-07-22,10087,10301,10087,10258,204438,0.012635735439289197
2016-07-25,10172,10301,10172,10258,144031,0.0
2016-07-26,10215,10429,10215,10344,154669,0.008383700526418458
2016-07-27,10343,10429,10258,10429,195508,0.008217324052590902
2016-07-28,10343,10429,10301,10387,146398,-0.0040272317575990035
2016-07-29,10301,10472,10215,10344,509456,-0.004139790122268172
2016-08-01,10258,10771,10258,10600,286530,0.024748646558391263
2016-08-02,10600,10813,10472,10728,398682,0.012075471698113294
2016-08-03,10728,10771,10557,10643,541512,-0.007923191648023908
2016-08-04,10642,10813,10429,10686,273557,0.004040214225312422
2016-08-05,10771,10771,10514,10600,169511,-0.008047913157402165
2016-08-08,10514,10685,10514,10643,213456,0.004056603773584966
2016-08-09,10557,10685,10471,10557,230641,-0.008080428450624844
2016-08-10,10557,10685,10471,10686,231549,0.012219380505825495
2016-08-11,10642,10771,10386,10643,505321,-0.004023956578701138
2016-08-12,10642,10642,10429,10429,239243,-0.020107112656205905
2016-08-16,10429,10429,10258,10387,158781,-0.0040272317575990035
2016-08-17,10343,10429,10258,10429,255736,0.004043515933378261
2016-08-18,10343,10429,10172,10344,359288,-0.008150349985617034
2016-08-19,10258,10557,10130,10515,398209,0.01653132250580036
2016-08-22,10472,10472,10215,10301,158738,-0.020351878269139312
2016-08-23,10343,10343,10172,10258,208945,-0.004174352004659765
2016-08-24,10215,10429,10172,10387,116720,0.012575550789627687
2016-08-25,10343,10429,10258,10387,144035,0.0
2016-08-26,10301,10386,10258,10258,117103,-0.012419370366804627
2016-08-29,10215,10301,10130,10216,84074,-0.004094365373367159
2016-08-30,10172,10258,10087,10130,248082,-0.008418167580266256
2016-08-31,10172,10301,10130,10216,210051,0.008489634748272357
2016-09-01,10172,10343,10172,10301,117369,0.0083202819107282
2016-09-02,10258,10343,10215,10301,55377,0.0
2016-09-05,10258,10472,10258,10429,117166,0.012425978060382592
2016-09-06,10343,10429,10301,10429,146664,0.0
2016-09-07,10429,10557,10386,10557,180392,0.012273468213634953
2016-09-08,10514,10642,10472,10600,208972,0.004073126835275165
2016-09-09,10514,10642,10429,10515,310206,-0.008018867924528328
2016-09-12,10514,10557,10386,10515,220748,0.0
2016-09-13,10472,10514,10258,10301,177372,-0.020351878269139312
2016-09-19,10301,10386,10215,10258,234754,-0.004174352004659765
2016-09-20,10258,10343,10215,10301,124541,0.004191850263209229
2016-09-21,10258,10343,10258,10301,153667,0.0
2016-09-22,10258,10343,10215,10258,202554,-0.004174352004659765
2016-09-23,10258,10386,10215,10387,229346,0.012575550789627687
2016-09-26,10386,10386,10215,10258,189172,-0.012419370366804627
2016-09-27,10258,10343,10172,10216,196547,-0.004094365373367159
2016-09-28,10301,10343,10087,10173,216005,-0.004209083790133072
2016-09-29,10172,10215,9873,10045,461226,-0.01258232576427798
2016-09-30,10001,10087,9916,9959,285863,-0.008561473369835704
2016-10-04,10001,10172,9959,10087,285353,0.012852696053820667
2016-10-05,10087,10087,9916,10002,316428,-0.008426687816000755
2016-10-06,10001,10044,9873,9959,330342,-0.004299140171965643
2016-10-07,9916,10001,9830,10002,285683,0.004317702580580285
2016-10-10,9959,10001,9873,9916,161615,-0.008598280343931175
2016-10-11,9959,10001,9788,9916,287290,0.0
2016-10-12,9916,9916,9788,9831,217805,-0.008572004840661562
2016-10-13,9830,9873,9745,9788,169901,-0.004373919235072687
2016-10-14,9788,10001,9702,9959,346871,0.017470371883939517
2016-10-17,9916,10130,9916,10087,397731,0.012852696053820667
2016-10-18,10087,10172,10044,10130,159821,0.00426291265985923
2016-10-19,10130,10172,10087,10173,132144,0.004244817374136289
2016-10-20,10087,10130,9916,10087,227487,-0.008453750122874304
2016-10-21,10044,10343,10001,10344,394796,0.025478338455437788
2016-10-24,10343,10429,10172,10429,287957,0.008217324052590902
2016-10-25,10386,10386,10130,10216,295600,-0.020423818199252097
2016-10-26,10215,10215,10087,10130,109441,-0.008418167580266256
2016-10-27,10130,10215,10001,10130,154457,0.0
2016-10-28,10130,10130,10001,10087,160436,-0.004244817374136178
2016-10-31,10044,10130,9959,10087,83212,0.0
2016-11-01,10044,10087,9830,9831,222616,-0.025379200951720082
2016-11-02,9788,9873,9745,9831,324840,0.0
2016-11-03,9830,9830,9659,9788,232631,-0.004373919235072687
2016-11-04,9830,9830,9659,9745,132182,-0.004393134450347391
2016-11-07,9745,9788,9574,9660,192871,-0.008722421754746024
2016-11-08,9659,9702,9574,9703,146524,0.004451345755693614
2016-11-09,9702,9745,9403,9574,295631,-0.013294857260641058
2016-11-10,9617,9788,9617,9745,257507,0.017860873198245253
2016-11-11,9745,10001,9659,9916,840935,0.017547460236018386
2016-11-14,9873,10001,9788,9874,373178,-0.004235578862444522
2016-11-15,9873,10044,9873,10045,282116,0.017318209438930587
2016-11-16,10044,10087,9916,10002,406570,-0.004280736684917907
2016-11-17,10044,10044,9916,10045,210807,0.004299140171965643
2016-11-18,10044,10172,10001,10130,244727,0.008461921353907442
2016-11-21,10130,10130,10001,10045,160720,-0.008390918065153019
2016-11-22,10087,10087,9873,10045,209010,0.0
2016-11-23,10044,10258,10001,10173,591495,0.012742658038825239
2016-11-24,10172,10258,10044,10087,173541,-0.008453750122874304
2016-11-25,10044,10130,10001,10087,230726,0.0
2016-11-28,10130,10130,9788,9874,438787,-0.021116288291860852
2016-11-29,9959,10044,9830,9916,534728,0.004253595300790058
2016-11-30,9873,9959,9788,9788,483612,-0.012908430818878602
2016-12-01,9788,9873,9745,9788,247891,0.0
2016-12-02,9745,9830,9745,9745,251861,-0.004393134450347391
2016-12-05,9788,9830,9659,9788,276466,0.004412519240636126
2016-12-06,9830,9873,9745,9874,249590,0.008786268900694783
2016-12-07,9873,10001,9830,10002,314532,0.012963338059550411
2016-12-08,10001,10130,9959,10130,254583,0.012797440511897573
2016-12-09,10087,10130,9959,10045,288339,-0.008390918065153019
2016-12-12,10044,10087,9916,10045,369069,0.0
2016-12-13,10044,10172,9959,10130,261161,0.008461921353907442
2016-12-14,10087,10172,10001,10045,259131,-0.008390918065153019
2016-12-15,10001,10130,9959,10087,280948,0.004181184668989646
2016-12-16,10087,10301,10044,10216,368918,0.012788737979577691
2016-12-19,10215,10301,10087,10173,221628,-0.004209083790133072
2016-12-20,10258,10258,10087,10173,284191,0.0
2016-12-21,10130,10215,10001,10002,259198,-0.01680920082571513
2016-12-22,10001,10087,9916,10002,170290,0.0
2016-12-23,9959,10001,9873,9959,149061,-0.004299140171965643
2016-12-26,9916,9959,9830,9874,142371,-0.008534993473240271
2016-12-27,9873,10001,9788,9959,157378,0.008608466680170235
2016-12-28,9830,9873,9745,9831,139685,-0.012852696053820667
2016-12-29,9830,9830,9702,9745,129954,-0.008747838470145486
2017-01-02,9702,9788,9574,9745,236039,0.0
2017-01-03,9745,9916,9617,9788,219570,0.004412519240636126
2017-01-04,9788,9830,9745,9788,126675,0.0
2017-01-05,9788,9830,9659,9745,172793,-0.004393134450347391
2017-01-06,9745,9788,9659,9745,170634,0.0
2017-01-09,9745,9788,9659,9703,166004,-0.004309902514109787
2017-01-10,9702,9702,9488,9532,263616,-0.017623415438524193
2017-01-11,9531,9531,9360,9489,414889,-0.004511120436424654
2017-01-12,9531,9617,9403,9574,166363,0.00895774054167986
2017-01-13,9531,9659,9446,9532,216095,-0.004386881136411058
2017-01-16,9531,9617,9232,9574,595522,0.004406210658833398
2017-01-17,9574,9617,9488,9574,124950,0.0
2017-01-18,9574,9702,9531,9617,158862,0.004491330687278028
2017-01-19,9574,9617,9360,9403,224669,-0.022252261620047786
2017-01-20,9360,9446,9360,9361,112295,-0.004466659576730869
2017-01-23,9360,9403,9275,9318,208114,-0.00459352633265675
2017-01-24,9317,9360,9232,9275,179915,-0.0046147241897402935
2017-01-25,9275,9317,9232,9275,136674,0.0
2017-01-26,9275,9317,9189,9232,84411,-0.004636118598382755
2017-01-31,9189,9317,9189,9275,86271,0.004657712305025985
2017-02-01,9275,9317,9232,9275,155003,0.0
2017-02-02,9275,9360,9232,9318,131293,0.004636118598382755
2017-02-03,9317,9446,9275,9361,256572,0.0046147241897402935
2017-02-06,9403,9531,9360,9489,204124,0.013673752804187478
2017-02-07,9403,9574,9360,9489,181313,0.0
2017-02-08,9531,9531,9360,9403,236008,-0.009063125724523169
2017-02-09,9360,9531,9317,9446,122789,0.004573008614272123
2017-02-10,9446,9574,9403,9574,157810,0.013550709294939622
2017-02-13,9574,9617,9446,9617,193851,0.004491330687278028
2017-02-14,9617,9702,9488,9574,313417,-0.004471248830196561
2017-02-15,9574,9659,9531,9574,201386,0.0
2017-02-16,9574,9659,9488,9574,302158,0.0
2017-02-17,9617,9617,9403,9532,279998,-0.004386881136411058
2017-02-20,9531,9617,9488,9574,102561,0.004406210658833398
2017-02-21,9574,9745,9531,9617,235681,0.004491330687278028
2017-02-22,9617,9659,9446,9532,241554,-0.008838515129458213
2017-02-23,9488,9574,9488,9532,315777,0.0
2017-02-24,9488,9574,9403,9403,274470,-0.013533361309274072
2017-02-27,9446,9574,9403,9489,198879,0.009146017228544023
2017-02-28,9488,9617,9446,9574,76974,0.00895774054167986
2017-03-02,9574,9702,9488,9703,629525,0.013473992061834084
2017-03-03,9702,9745,9574,9617,136452,-0.008863238173760668
2017-03-06,9617,9617,9488,9617,164216,0.0
2017-03-07,9617,9617,9531,9532,115642,-0.008838515129458213
2017-03-08,9531,9531,9446,9489,105821,-0.004511120436424654
2017-03-09,9488,9531,9446,9446,136459,-0.004531562862261529
2017-03-10,9446,9488,9446,9489,63172,0.004552191403768724
2017-03-13,9446,9488,9403,9446,176295,-0.004531562862261529
2017-03-14,9403,9531,9360,9446,328410,0.0
2017-03-15,9446,9446,9360,9403,312442,-0.004552191403768835
2017-03-16,9403,9574,9317,9403,464949,0.0
2017-03-17,9403,9446,9317,9361,442612,-0.004466659576730869
2017-03-20,9360,9446,9360,9446,168430,0.009080226471530839
2017-03-21,9446,9488,9360,9446,294602,0.0
2017-03-22,9446,9446,9317,9361,285587,-0.008998517891170899
2017-03-23,9403,9403,9317,9361,128205,0.0
2017-03-24,9317,9488,9317,9361,146329,0.0
2017-03-27,9403,9488,9360,9361,97159,0.0
2017-03-28,9446,9446,9360,9403,221182,0.004486700138873978
2017-03-29,9446,9617,9446,9574,313323,0.018185685419547015
2017-03-30,9488,9830,9488,9745,427202,0.017860873198245253
2017-03-31,9745,9916,9702,9916,678460,0.017547460236018386
2017-04-03,9873,9873,9702,9788,242061,-0.012908430818878602
2017-04-04,9830,9873,9745,9788,213761,0.0
2017-04-05,9788,9830,9745,9831,165260,0.004393134450347391
2017-04-06,9830,9873,9745,9745,259352,-0.008747838470145486
2017-04-07,9745,10001,9745,9959,347747,0.021959979476654734
2017-04-10,10001,10044,9702,9745,255433,-0.02148810121498146
2017-04-11,9788,9788,9659,9745,122387,0.0
2017-04-12,9702,9788,9702,9788,59271,0.004412519240636126
2017-04-13,9788,9830,9702,9703,175328,-0.008684102983244735
2017-04-14,9745,9745,9617,9703,172963,0.0
2017-04-17,9702,9916,9659,9874,199092,0.017623415438524193
2017-04-18,9873,10001,9788,9916,237954,0.004253595300790058
2017-04-19,9916,9916,9788,9788,101089,-0.012908430818878602
2017-04-20,9788,9830,9702,9788,317795,0.0
2017-04-21,9788,9873,9702,9831,313268,0.004393134450347391
2017-04-24,9830,10044,9788,9916,215127,0.008646119418167064
2017-04-25,9959,10044,9873,10002,154336,0.00867285195643408
2017-04-26,10044,10044,9959,10045,285502,0.004299140171965643
2017-04-27,10044,10087,9873,9916,222200,-0.012842210054753611
2017-04-28,9959,9959,9617,9660,302390,-0.025816861637757205
2017-05-02,9617,9788,9574,9703,263284,0.004451345755693614
2017-05-04,9788,9788,9574,9660,371090,-0.0044316190868803895
2017-05-08,9659,9702,9574,9660,662123,0.0
2017-05-10,9659,9830,9617,9703,518282,0.004451345755693614
2017-05-11,9702,9788,9574,9617,334906,-0.008863238173760668
2017-05-12,9617,9659,9574,9574,320671,-0.004471248830196561
2017-05-15,9574,9702,9574,9703,303665,0.013473992061834084
2017-05-16,9659,9745,9617,9703,354616,0.0
2017-05-17,9659,9702,9574,9660,466787,-0.0044316190868803895
2017-05-18,9617,9659,9488,9574,278792,-0.008902691511387117
2017-05-19,9574,9617,9531,9574,112944,0.0
2017-05-22,9574,9617,9531,9574,190259,0.0
2017-05-23,9574,9617,9531,9574,236360,0.0
2017-05-24,9574,9659,9531,9617,251968,0.004491330687278028
2017-05-25,9659,9830,9659,9745,318237,0.013309763959654886
2017-05-26,9830,10130,9745,10130,458150,0.03950743971267312
2017-05-29,10130,10130,9916,9959,266901,-0.016880552813425487
2017-05-30,10044,10301,9959,10258,354721,0.03002309468822162
2017-05-31,10258,10258,10087,10216,347308,-0.004094365373367159
2017-06-01,10258,10258,10001,10130,309689,-0.008418167580266256
2017-06-02,10130,10215,10044,10216,359109,0.008489634748272357
2017-06-05,10215,10301,10044,10173,389890,-0.004209083790133072
2017-06-07,10172,10258,10087,10258,401750,0.008355450702840939
2017-06-08,10258,10258,10130,10258,310198,0.0
2017-06-09,10258,10301,10087,10216,330052,-0.004094365373367159
2017-06-12,10130,10301,10044,10173,621904,-0.004209083790133072
2017-06-13,10130,10215,10001,10173,719992,0.0
2017-06-14,10172,10642,10130,10344,644923,0.01680920082571502
2017-06-15,10386,10600,10301,10344,684589,0.0
2017-06-16,10386,10472,10215,10429,446643,0.008217324052590902
2017-06-19,10472,10557,10343,10472,297704,0.004123118228017919
2017-06-20,10472,10472,10258,10344,321105,-0.012223071046600475
2017-06-21,10301,10343,10172,10258,370635,-0.00831399845320957
2017-06-22,10258,10301,10172,10216,218218,-0.004094365373367159
2017-06-23,10215,10301,10172,10258,247822,0.004111198120595239
2017-06-26,10258,10429,10172,10429,284487,0.016669916162994847
2017-06-27,10429,10429,10215,10258,186497,-0.016396586441653094
2017-06-28,10258,10301,10087,10173,141309,-0.008286215636576277
2017-06-29,10130,10429,10130,10387,253143,0.021036075887152172
2017-06-30,10386,10429,10301,10344,257883,-0.004139790122268172
2017-07-03,10343,10386,10172,10173,331419,-0.016531322505800472
2017-07-04,10215,10301,10172,10258,222024,0.008355450702840939
2017-07-05,10258,10343,10215,10258,184370,0.0
2017-07-06,10258,10301,10215,10216,167457,-0.004094365373367159
2017-07-07,10172,10429,10172,10301,388670,0.0083202819107282
2017-07-10,10301,10642,10301,10600,555673,0.029026308125424727
2017-07-11,10642,10771,10472,10728,446754,0.012075471698113294
2017-07-12,10856,10856,10514,10600,242667,-0.011931394481730084
2017-07-13,10557,10728,10514,10686,197318,0.00811320754716971
2017-07-14,10685,10685,10471,10557,135500,-0.012071869736103302
2017-07-17,10557,10600,10471,10557,88319,0.0
2017-07-18,10514,10685,10472,10515,251274,-0.003978402955385096
2017-07-19,10557,10600,10472,10600,307646,0.00808368996671427
2017-07-20,10600,10856,10472,10515,673752,-0.008018867924528328
2017-07-21,10514,10899,10514,10728,698666,0.0202567760342367
2017-07-24,10728,10813,10472,10643,525477,-0.007923191648023908
2017-07-25,10685,10942,10642,10728,497653,0.007986469980268751
2017-07-26,10771,10899,10685,10728,527159,0.0
2017-07-27,10728,10813,10685,10728,668629,0.0
2017-07-28,10685,11284,10685,10899,1319629,0.01593959731543615
2017-07-31,10942,11070,10771,11028,440836,0.0118359482521333
2017-08-01,11070,11497,11027,11370,1509572,0.03101196953210006
2017-08-02,11455,11540,11155,11327,665452,-0.003781882145998283
2017-08-03,11369,11412,11113,11199,481524,-0.011300432594685272
2017-08-04,11155,11284,10856,10942,676228,-0.022948477542637735
2017-08-07,10899,11070,10813,10985,639297,0.003929811734600719
2017-08-08,10984,11070,10856,11070,340345,0.007737824305871666
2017-08-09,11027,11155,10942,10985,537502,-0.007678410117434531
2017-08-10,10942,11027,10642,10814,434463,-0.015566681838871221
2017-08-11,10685,10856,10600,10771,600565,-0.003976326983539891
2017-08-14,10771,10856,10685,10814,231925,0.003992201281218133
2017-08-16,10813,10899,10685,10857,271450,0.00397632698353978
2017-08-17,10771,10942,10771,10899,267458,0.003868471953578423
2017-08-18,10771,10942,10728,10899,323972,0.0
2017-08-21,10856,10899,10514,10600,363099,-0.02743370951463442
2017-08-22,10642,10771,10600,10686,388423,0.00811320754716971
2017-08-23,10685,10685,10514,10643,400282,-0.004023956578701138
2017-08-24,10600,10813,10600,10771,190190,0.012026684205581173
2017-08-25,10771,10813,10642,10728,208210,-0.003992201281218133
2017-08-28,10771,10813,10557,10771,235573,0.004008202833706287
2017-08-29,10771,10771,10557,10686,303974,-0.007891560672175335
2017-08-30,10642,10771,10386,10557,490921,-0.012071869736103302
2017-08-31,10557,10642,10386,10643,282359,0.00814625367055033
2017-09-01,10557,10600,10044,10173,893557,-0.04416048106736825
2017-09-04,9959,10215,9916,10173,306655,0.0
2017-09-05,10172,10215,9916,9916,252432,-0.025262950948589435
2017-09-06,9873,10001,9702,9916,408198,0.0
2017-09-07,9916,10130,9873,10130,235387,0.02158128277531257
2017-09-08,10130,10130,9830,9916,400192,-0.021125370187561665
2017-09-11,9916,10087,9745,9874,417072,-0.004235578862444522
2017-09-12,9873,10001,9745,9788,410802,-0.008709742758760353
2017-09-13,9788,9873,9617,9831,351617,0.004393134450347391
2017-09-14,9788,9830,9574,9660,428352,-0.01739395788831244
2017-09-15,9702,10044,9617,10002,678534,0.03540372670807446
2017-09-18,9959,10044,9788,9959,306161,-0.004299140171965643
2017-09-19,10001,10001,9702,9788,445960,-0.017170398634401063
2017-09-20,9745,9830,9702,9745,396177,-0.004393134450347391
2017-09-21,9788,9788,9531,9745,463730,0.0
2017-09-22,9745,9830,9617,9745,217278,0.0
2017-09-25,9617,9745,9617,9660,223333,-0.008722421754746024
2017-09-26,9659,9745,9617,9703,333524,0.004451345755693614
2017-09-27,9702,9702,9531,9574,407469,-0.013294857260641058
2017-09-28,9659,9659,9446,9617,385793,0.004491330687278028
2017-09-29,9617,9702,9574,9703,298341,0.008942497660393123
2017-10-10,9745,9916,9745,9874,276436,0.017623415438524193
2017-10-11,9916,9959,9788,9959,397149,0.008608466680170235
2017-10-12,9959,10130,9830,10130,324624,0.017170398634400952
2017-10-13,10130,10172,9788,9874,391114,-0.025271470878578506
2017-10-16,9873,9873,9788,9831,164594,-0.004354871379380176
2017-10-17,9830,9830,9659,9703,290747,-0.013020038653239752
2017-10-18,9788,9788,9574,9660,250755,-0.0044316190868803895
2017-10-19,9659,9702,9574,9660,286791,0.0
2017-10-20,9659,9745,9574,9703,595282,0.004451345755693614
2017-10-23,9659,9702,9574,9617,229962,-0.008863238173760668
2017-10-24,9659,9659,9531,9532,227808,-0.008838515129458213
2017-10-25,9531,9702,9488,9703,275712,0.01793957196810747
2017-10-26,9702,9702,9574,9660,287138,-0.0044316190868803895
2017-10-27,9745,9745,9617,9703,282159,0.004451345755693614
2017-10-30,9745,9745,9446,9489,490863,-0.02205503452540447
2017-10-31,9531,9574,9446,9574,428522,0.00895774054167986
2017-11-01,9574,9574,9360,9446,602561,-0.013369542510967225
2017-11-02,9403,9446,9317,9403,263314,-0.004552191403768835
2017-11-03,9446,9488,9360,9446,325356,0.004573008614272123
2017-11-06,9446,9446,9360,9403,269248,-0.004552191403768835
2017-11-07,9446,9488,9360,9403,297521,0.0
2017-11-08,9403,9446,9403,9403,170131,0.0
2017-11-09,9403,9531,9403,9532,354421,0.013719025842816146
2017-11-10,9531,9531,9360,9403,481121,-0.013533361309274072
2017-11-13,9403,9403,9360,9361,247005,-0.004466659576730869
2017-11-14,9360,9403,9317,9361,278978,0.0
2017-11-15,9403,9403,9275,9318,413917,-0.00459352633265675
2017-11-16,9317,9360,9232,9275,359355,-0.0046147241897402935
2017-11-17,9317,9360,9232,9275,375886,0.0
2017-11-20,9275,9360,9275,9275,204830,0.0
2017-11-21,9275,9317,9232,9318,417449,0.004636118598382755
2017-11-22,9317,9360,9232,9232,402603,-0.009229448379480587
2017-11-23,9275,9275,9061,9104,783946,-0.013864818024263426
2017-11-24,9104,9275,9104,9275,345702,0.01878295254833051
2017-11-27,9446,9446,9189,9275,250916,0.0
2017-11-28,9275,9360,9232,9275,231340,0.0
2017-11-29,9275,9360,9275,9318,197374,0.004636118598382755
2017-11-30,9317,9360,9275,9275,242561,-0.0046147241897402935
2017-12-01,9275,9360,9232,9275,167977,0.0
2017-12-04,9275,9360,9189,9190,212751,-0.009164420485175184
2017-12-05,9232,9275,9146,9232,227833,0.004570184983677894
2017-12-06,9189,9360,9189,9232,282605,0.0
2017-12-07,9232,9360,9189,9275,331361,0.004657712305025985
2017-12-08,9275,9317,9104,9147,305368,-0.013800539083557939
2017-12-11,9146,9189,9061,9104,207088,-0.004700994861703278
2017-12-12,9104,9189,9018,9147,308956,0.004723198594024591
2017-12-13,9146,9189,9061,9190,502148,0.004700994861703389
2017-12-14,9189,9232,9146,9147,767791,-0.004678998911860743
2017-12-15,9232,9232,9104,9147,420769,0.0
2017-12-18,9146,9275,9146,9232,593458,0.009292664261506545
2017-12-19,9275,9275,9189,9232,425519,0.0
2017-12-20,9232,9574,9189,9532,671185,0.03249566724436748
2017-12-21,9531,9659,9446,9574,439982,0.004406210658833398
2017-12-22,9617,9659,9531,9617,227309,0.004491330687278028
2017-12-26,9659,9659,9360,9532,296715,-0.008838515129458213
2017-12-27,9403,9446,9360,9361,159459,-0.01793957196810747
2017-12-28,9360,9446,9317,9403,136895,0.004486700138873978
2018-01-02,9360,9403,9275,9361,179905,-0.004466659576730869
2018-01-03,9360,9403,9317,9361,141239,0.0
2018-01-04,9360,9360,9232,9318,244209,-0.00459352633265675
2018-01-05,9317,9317,9189,9275,319313,-0.0046147241897402935
2018-01-08,9275,9403,9189,9318,277884,0.004636118598382755
2018-01-09,9317,9403,9275,9403,378460,0.009122129212277397
2018-01-10,9446,10044,9317,9617,873342,0.022758694033818916
2018-01-11,9659,9873,9617,9874,438784,0.026723510450244348
2018-01-12,9830,9830,9531,9617,410457,-0.02602795219769094
2018-01-15,9659,9745,9574,9617,270483,0.0
2018-01-16,9659,9659,9531,9660,489639,0.004471248830196561
2018-01-17,9659,9659,9488,9617,293849,-0.004451345755693614
2018-01-18,9574,9617,9531,9574,190594,-0.004471248830196561
2018-01-19,9574,9745,9531,9660,197372,0.008982661374556056
2018-01-22,9702,9702,9574,9703,210035,0.004451345755693614
2018-01-23,9702,9745,9617,9745,115188,0.004328558177883135
2018-01-24,9702,9788,9659,9788,258923,0.004412519240636126
2018-01-25,9788,10087,9745,10002,599697,0.02186350633428691
2018-01-26,10001,10130,9959,10130,472024,0.012797440511897573
2018-01-29,10130,10514,10087,10429,757907,0.029516288252714684
2018-01-30,10429,10514,10343,10515,544849,0.00824623645603606
2018-01-31,10429,10472,10130,10429,456827,-0.008178792201616769
2018-02-01,10429,10600,10301,10344,677115,-0.008150349985617034
2018-02-02,10343,10472,10215,10216,547265,-0.012374323279195631
2018-02-05,10130,10386,10130,10258,410684,0.004111198120595239
2018-02-06,10087,10258,9959,10173,751914,-0.008286215636576277
2018-02-07,10258,10343,10001,10173,131647,0.0
2018-02-08,10215,10343,10044,10173,319366,0.0
2018-02-09,10087,10130,9959,10002,342409,-0.01680920082571513
2018-02-12,10087,10172,9916,10002,383593,0.0
2018-02-13,10044,10215,10001,10130,339968,0.012797440511897573
2018-02-14,10172,10215,10044,10130,273102,0.0
2018-02-19,10130,10172,10001,10130,264951,0.0
2018-02-20,10130,10301,10001,10087,283792,-0.004244817374136178
2018-02-21,10044,10301,9788,10301,518935,0.021215425795578557
2018-02-22,10301,10429,10044,10344,493723,0.004174352004659765
2018-02-23,10343,10472,10172,10472,411548,0.012374323279195742
2018-02-26,10472,10472,10301,10387,235983,-0.008116883116883078
2018-02-27,10429,10472,10130,10216,195088,-0.01646288630018289
2018-02-28,10258,10258,10044,10173,177784,-0.004209083790133072
2018-03-02,10044,10215,10001,10087,193451,-0.008453750122874304
2018-03-05,10087,10258,10044,10173,203786,0.00852582531971846
2018-03-06,10215,10343,10087,10130,157778,-0.004226875061437152
2018-03-07,10130,10301,10001,10173,196029,0.004244817374136289
2018-03-08,10130,10301,10087,10130,137714,-0.004226875061437152
2018-03-09,10172,10215,10001,10087,217166,-0.004244817374136178
2018-03-12,10087,10172,10001,10087,97157,0.0
2018-03-13,10087,10172,10044,10130,121085,0.00426291265985923
2018-03-14,10044,10087,10001,10087,63289,-0.004244817374136178
2018-03-15,10044,10087,9959,10045,134895,-0.004163775156141525
2018-03-16,10001,10130,9959,10087,218619,0.004181184668989646
2018-03-19,10044,10087,9916,9959,186278,-0.012689600475859986
2018-03-20,9916,10044,9788,10002,164061,0.004317702580580285
2018-03-21,9959,10001,9830,9916,181532,-0.008598280343931175
2018-03-22,9873,9959,9830,9874,186931,-0.004235578862444522
2018-03-23,9830,9873,9659,9745,144208,-0.013064614138140529
2018-03-26,9745,9745,9574,9703,143398,-0.004309902514109787
2018-03-27,9745,9830,9702,9788,216119,0.008760177264763414
2018-03-28,9788,9830,9574,9574,196124,-0.02186350633428691
2018-03-29,9574,9745,9531,9745,169769,0.017860873198245253
2018-03-30,9788,9788,9659,9703,85626,-0.004309902514109787
2018-04-02,9702,9702,9574,9617,120421,-0.008863238173760668
2018-04-03,9531,9531,9275,9446,604448,-0.017781012789851336
2018-04-04,9488,9488,9360,9403,102009,-0.004552191403768835
2018-04-05,9403,9403,9317,9403,101635,0.0
2018-04-06,9360,9360,9189,9361,295088,-0.004466659576730869
2018-04-09,9360,9488,9275,9489,288999,0.013673752804187478
2018-04-10,9488,9617,9403,9617,384944,0.013489303403941388
2018-04-11,9574,9574,9446,9532,186722,-0.008838515129458213
2018-04-12,9531,9745,9531,9745,138346,0.02234578262694087
2018-04-13,9702,9702,9659,9660,108976,-0.008722421754746024
2018-04-16,9617,9617,9360,9403,238063,-0.026604554865424457
2018-04-17,9446,9531,9403,9403,98648,0.0
2018-04-18,9403,9702,9360,9617,180928,0.022758694033818916
2018-04-19,9617,9659,9446,9532,190989,-0.008838515129458213
2018-04-20,9531,9702,9488,9660,184116,0.013428451531682706
2018-04-23,9702,9702,9574,9617,155252,-0.004451345755693614
2018-04-24,9617,9830,9617,9788,309088,0.017781012789851225
2018-04-25,9830,9873,9659,9788,185092,0.0
2018-04-26,9788,9959,9745,9831,561222,0.004393134450347391
2018-04-27,9830,9959,9745,9874,280553,0.004373919235072687
2018-04-30,9830,10130,9830,10087,851781,0.021571804739720424
2018-05-02,10172,10172,9659,9703,827005,-0.03806880142758007
2018-05-03,9745,10044,9659,9831,391861,0.013191796351643914
2018-05-04,9873,9916,9745,9745,327540,-0.008747838470145486
2018-05-08,9788,9830,9659,9745,145106,0.0
2018-05-09,9788,9873,9659,9831,140862,0.008825038481272474
2018-05-10,9830,9873,9745,9831,363587,0.0
2018-05-11,9873,10001,9830,9874,428391,0.004373919235072687
2018-05-14,9873,10001,9830,9959,434067,0.008608466680170235
2018-05-15,10001,10044,9916,9959,327173,0.0
2018-05-16,9959,10856,9873,10515,2242235,0.055828898483783584
2018-05-17,10557,10899,10429,10515,1619758,0.0
2018-05-18,10600,10642,10429,10557,611760,0.003994293865905885
2018-05-21,10600,10856,10557,10686,658551,0.012219380505825495
2018-05-23,10771,10899,10685,10686,1438343,0.0
2018-05-24,10771,11326,10728,10985,996956,0.027980535279805263
2018-05-25,10557,11155,10429,10985,1064299,0.0
2018-05-28,11284,11455,10899,11284,768925,0.02721893491124261
2018-05-29,11198,11284,10942,11284,406140,0.0
2018-05-30,11198,11241,10472,10600,875304,-0.06061680255228641
2018-05-31,10728,10856,10642,10857,585197,0.02424528301886797
2018-06-01,10813,10899,10600,10686,593761,-0.015750207239568992
2018-06-04,10642,10642,10044,10173,1475469,-0.04800673778775966
2018-06-05,10258,10429,9959,10344,798951,0.01680920082571502
2018-06-07,10429,10472,10215,10258,351308,-0.00831399845320957
2018-06-08,10258,10343,10172,10258,333739,0.0
2018-06-11,10301,10642,10172,10600,631862,0.03333983232598947
2018-06-12,10600,10642,10386,10643,266108,0.004056603773584966
2018-06-14,10642,10685,10130,10173,499099,-0.04416048106736825
2018-06-15,10258,10343,10172,10173,301402,0.0
2018-06-18,10215,10343,10001,10045,316449,-0.01258232576427798
2018-06-19,10001,10343,9959,10002,416922,-0.004280736684917907
2018-06-20,10087,10386,10044,10301,219286,0.02989402119576079
2018-06-21,10301,10472,10215,10258,196253,-0.004174352004659765
2018-06-22,10301,10386,10044,10216,233582,-0.004094365373367159
2018-06-25,10301,10301,9873,10002,343249,-0.02094753328112764
2018-06-26,10001,10044,9830,9916,197284,-0.008598280343931175
2018-06-27,9959,10215,9830,10173,267810,0.02591770875352961
2018-06-28,10215,10215,10001,10002,237877,-0.01680920082571513
2018-06-29,10087,10172,9916,10130,196212,0.012797440511897573
2018-07-02,9959,10001,9488,9617,410820,-0.05064165844027646
2018-07-03,9574,9574,9189,9403,402939,-0.022252261620047786
2018-07-04,9446,9659,9403,9617,141833,0.022758694033818916
2018-07-05,9617,9702,9317,9403,151579,-0.022252261620047786
2018-07-06,9446,9617,9317,9446,305341,0.004573008614272123
2018-07-09,9403,9446,9275,9403,140423,-0.004552191403768835
2018-07-10,9403,9446,9189,9318,316748,-0.009039668191002881
2018-07-11,9360,9360,9146,9232,230978,-0.009229448379480587
2018-07-12,9275,9403,9232,9361,203573,0.013973136915077955
2018-07-13,9360,9446,9317,9403,181803,0.004486700138873978
2018-07-16,9446,9446,9275,9361,131305,-0.004466659576730869
2018-07-17,9317,9403,9232,9318,151069,-0.00459352633265675
2018-07-18,9317,9446,9275,9275,228980,-0.0046147241897402935
2018-07-19,9317,9317,9104,9147,359707,-0.013800539083557939
2018-07-20,9189,9232,9061,9147,523079,0.0
2018-07-23,9189,9403,9061,9275,749820,0.013993659123209712
2018-07-24,9275,9403,9146,9403,526929,0.01380053908355805
2018-07-25,9403,9446,9104,9147,421019,-0.027225353610549785
2018-07-26,9146,9275,9146,9147,180479,0.0
2018-07-27,9146,9232,9104,9147,105714,0.0
2018-07-30,9146,9317,9146,9275,139139,0.013993659123209712
2018-07-31,9275,9574,9232,9446,380606,0.018436657681940805
2018-08-01,9446,9531,9317,9446,428001,0.0
2018-08-02,9446,9574,9360,9403,236680,-0.004552191403768835
2018-08-03,9446,9488,9146,9318,375505,-0.009039668191002881
2018-08-06,9317,9574,9232,9532,300630,0.022966301781498277
2018-08-07,9531,9574,9360,9446,156376,-0.009022240872849308
2018-08-08,9446,9446,9360,9361,46610,-0.008998517891170899
2018-08-09,9317,9403,9317,9361,103355,0.0
2018-08-10,9360,9360,9232,9275,106773,-0.0091870526653135
2018-08-13,9275,9317,9018,9104,328821,-0.018436657681940694
2018-08-14,9104,9275,9104,9232,145022,0.014059753954305698
2018-08-16,9189,9275,9146,9190,303742,-0.004549393414211456
2018-08-17,9232,9275,9189,9232,267418,0.004570184983677894
2018-08-20,9189,9275,9189,9232,155715,0.0
2018-08-21,9275,9275,9146,9190,159080,-0.004549393414211456
2018-08-22,9189,9189,8976,8976,330563,-0.023286180631120756
2018-08-23,9018,9061,8847,8933,351965,-0.004790552584670205
2018-08-24,8976,9146,8933,9147,259614,0.02395611776558826
2018-08-27,9104,9104,8890,8933,208424,-0.02339564884661638
2018-08-28,8933,8976,8847,8976,173716,0.004813612448225646
2018-08-29,8976,8976,8847,8891,352585,-0.009469696969697017
2018-08-30,8847,8933,8762,8848,263657,-0.004836351366550473
2018-08-31,8847,8890,8762,8891,229744,0.004859855334538921
2018-09-03,8890,8933,8719,8805,215238,-0.009672702733100835
2018-09-04,8762,8890,8762,8848,140471,0.00488358886996032
2018-09-05,8847,8847,8676,8677,239913,-0.01932640144665465
2018-09-06,8719,8805,8676,8677,139410,0.0
2018-09-07,8676,8762,8634,8677,238529,0.0
2018-09-10,8719,8805,8719,8762,226761,0.009796012446698255
2018-09-11,8762,8805,8719,8805,159875,0.0049075553526591875
2018-09-12,8805,8805,8634,8720,332010,-0.009653605905735385
2018-09-13,8676,8762,8634,8762,228090,0.0048165137614679665
2018-09-14,8762,8805,8634,8677,317267,-0.009700981511070572
2018-09-17,8719,8719,8634,8677,155294,0.0
2018-09-18,8676,8719,8634,8634,155641,-0.004955629825976748
2018-09-19,8676,8762,8634,8677,250385,0.004980310400741317
2018-09-20,8634,8762,8634,8677,549785,0.0
2018-09-21,8676,8890,8676,8720,645991,0.004955629825976748
2018-09-27,8762,8847,8719,8805,622660,0.009747706422018387
2018-09-28,8805,8976,8676,8933,500224,0.014537194775695594
2018-10-01,8933,8933,8591,8677,802249,-0.028657785738273822
2018-10-02,8676,8676,8548,8591,420381,-0.009911259651953386
2018-10-04,8634,8762,8548,8677,361081,0.010010476079618247
2018-10-05,8676,8847,8676,8805,216048,0.014751642272674781
2018-10-08,8847,8847,8676,8805,191159,0.0
2018-10-10,8805,8805,8591,8634,152027,-0.019420783645655915
2018-10-11,8505,8540,8292,8361,403933,-0.03161917998610142
2018-10-12,8206,8334,8206,8309,246855,-0.0062193517521828
2018-10-15,8377,8403,8249,8309,115764,0.0
2018-10-16,8309,8317,8223,8275,128300,-0.004091948489589603
2018-10-17,8360,8488,8317,8395,145195,0.01450151057401805
2018-10-18,8411,8454,8360,8420,83070,0.0029779630732578166
2018-10-19,8377,8403,8266,8292,200217,-0.015201900237529653
2018-10-22,8292,8505,8283,8420,202979,0.015436565364206567
2018-10-23,8463,8463,8326,8352,98818,-0.008076009501187698
2018-10-24,8351,8471,8326,8455,145649,0.012332375478927293
2018-10-25,8326,8386,8061,8121,379823,-0.039503252513305775
2018-10-26,8129,8326,8086,8172,325465,0.006280014776505416
2018-10-29,8223,8223,7984,8027,206930,-0.01774351443954969
2018-10-30,8027,8104,7702,7993,447695,-0.00423570449732158
2018-10-31,8018,8283,7924,8284,172297,0.03640685599899918
2018-11-01,8275,8275,7958,7984,275285,-0.03621438918396913
2018-11-02,8018,8232,7992,8147,265434,0.020415831663326722
2018-11-05,8121,8138,7856,7933,248781,-0.02626733767030809
2018-11-06,7958,8010,7881,7967,169624,0.004285894365309462
2018-11-07,7967,8018,7915,7959,156791,-0.0010041420861052197
2018-11-08,8027,8104,7992,8070,206804,0.013946475687900417
2018-11-09,8069,8163,8018,8036,203787,-0.004213135068153684
2018-11-12,7984,8172,7950,8113,187824,0.009581881533101022
2018-11-13,7967,8069,7864,7925,304073,-0.02317268581289289
2018-11-14,7924,7975,7856,7907,117656,-0.0022712933753943343
2018-11-15,7898,7907,7762,7830,259652,-0.009738206652333381
2018-11-16,7839,7864,7745,7848,269405,0.0022988505747125743
2018-11-19,7873,7967,7813,7907,300515,0.0075178389398573575
2018-11-20,7847,7933,7787,7907,312457,0.0
2018-11-21,7864,7898,7787,7865,313039,-0.005311749083090955
2018-11-22,7864,7873,7770,7805,251768,-0.0076287349014622086
2018-11-23,7830,7839,7702,7736,321964,-0.008840486867392694
2018-11-26,7727,7864,7702,7839,384923,0.013314374353671221
2018-11-27,7830,7830,7719,7771,263236,-0.008674575838754972
2018-11-28,7804,7830,7693,7762,297494,-0.0011581521039762954
2018-11-29,7796,7813,7676,7728,456837,-0.004380314351971171
2018-11-30,7727,7745,7616,7617,381327,-0.014363354037267073
2018-12-03,7633,7702,7625,7677,220044,0.007877116975187004
2018-12-04,7693,7702,7608,7642,240039,-0.004559072554383259
2018-12-05,7608,7633,7548,7565,393694,-0.010075896362208847
2018-12-06,7565,7565,7385,7403,963667,-0.02141440846001319
2018-12-07,7403,7437,7223,7275,1027159,-0.01729028772119412
2018-12-10,7249,7257,7138,7198,486420,-0.010584192439862528
2018-12-11,7197,7360,7163,7343,462421,0.020144484579049715
2018-12-12,7368,7471,7343,7420,198299,0.01048617731172552
2018-12-13,7420,7437,7343,7343,356165,-0.010377358490566091
2018-12-14,7385,7428,7360,7395,295461,0.007081574288438031
2018-12-17,7351,7394,7240,7369,466787,-0.0035158891142663684
2018-12-18,7334,7334,7232,7335,395983,-0.004613923191749247
2018-12-19,7334,7539,7291,7523,437712,0.02563053851397412
2018-12-20,7480,7548,7394,7540,449711,0.002259736807124879
2018-12-21,7471,7556,7377,7557,426421,0.002254641909814392
2018-12-24,7497,7548,7471,7506,172163,-0.00674870980547837
2018-12-26,7445,7471,7317,7386,220566,-0.015987210231814597
2018-12-27,7334,7394,7240,7360,161285,-0.0035201733008394243
2018-12-28,7309,7445,7283,7403,199288,0.005842391304347716
2019-01-02,7360,7480,7309,7318,126240,-0.011481831689855504
2019-01-03,7317,7385,7180,7249,268093,-0.00942880568461324
2019-01-04,7206,7351,7120,7352,316813,0.01420885639398528
2019-01-07,7385,7385,7257,7343,258207,-0.001224156692056555
2019-01-08,7343,7368,7283,7343,211997,0.0
2019-01-09,7360,7445,7291,7437,373652,0.012801307367561021
2019-01-10,7420,7445,7326,7403,211622,-0.00457173591501947
2019-01-11,7394,7480,7385,7437,300195,0.00459273267594229
2019-01-14,7437,7471,7291,7309,307849,-0.017211241091838136
2019-01-15,7309,7471,7309,7437,469611,0.017512655630045115
2019-01-16,7437,7488,7360,7360,352763,-0.01035363721930882
2019-01-17,7411,7539,7368,7540,516112,0.024456521739130377
2019-01-18,7565,7659,7539,7660,552037,0.01591511936339529
2019-01-21,7650,7702,7574,7677,299644,0.0022193211488250597
2019-01-22,7676,7779,7650,7719,461270,0.005470887065259777
2019-01-23,7719,7787,7676,7736,420353,0.002202357818370304
2019-01-24,7736,7779,7633,7651,391102,-0.010987590486039256
2019-01-25,7650,7762,7591,7719,243979,0.008887727094497366
2019-01-28,7719,7770,7668,7771,242066,0.006736623915014839
2019-01-29,7753,7753,7616,7694,170770,-0.009908634667353033
2019-01-30,7719,7745,7608,7736,232363,0.005458799064205877
2019-01-31,7736,7762,7633,7668,224323,-0.00879007238883145
2019-02-01,7693,7847,7676,7830,456625,0.021126760563380254
2019-02-07,7864,7907,7719,7839,221056,0.0011494252873562871
2019-02-08,7839,7847,7582,7608,388836,-0.029468044393417547
2019-02-11,7625,7633,7462,7471,420343,-0.018007360672975814
2019-02-12,7497,7522,7445,7446,242196,-0.003346272252710447
2019-02-13,7497,7548,7462,7497,205825,0.006849315068493178
2019-02-14,7505,7556,7445,7514,188385,0.0022675736961450532
2019-02-15,7514,7556,7445,7497,114066,-0.002262443438914019
2019-02-18,7514,7565,7437,7471,203027,-0.0034680538882219114
2019-02-19,7471,7574,7420,7565,231308,0.012581983670191477
2019-02-20,7574,7821,7565,7779,511201,0.028288169200264335
2019-02-21,7727,8104,7650,8044,858767,0.03406607533101935
2019-02-22,8018,8078,7967,7984,298161,-0.0074589756340128766
2019-02-25,7975,8035,7881,7984,219624,0.0
2019-02-26,7984,8343,7967,8266,529084,0.03532064128256507
2019-02-27,8266,8275,8010,8053,429956,-0.025768207113476937
2019-02-28,8052,8095,7745,7745,483373,-0.038246616167887715
2019-03-04,7856,8010,7847,7916,307988,0.02207876049063917
2019-03-05,7915,7992,7839,7950,189061,0.004295098534613517
2019-03-06,7950,8095,7933,8061,266150,0.013962264150943371
2019-03-07,8061,8069,7958,8019,215286,-0.005210271678451783
2019-03-08,8001,8018,7907,7942,165526,-0.009602194787380003
2019-03-11,7950,8010,7907,7976,131084,0.004281037522034792
2019-03-12,8001,8069,7933,8036,187461,0.0075225677031092175
2019-03-13,7967,8035,7941,7984,164694,-0.006470881035340992
2019-03-14,8018,8129,7941,8010,214940,0.0032565130260520103
2019-03-15,8121,8334,8035,8335,652551,0.04057428214731584
2019-03-18,8343,8343,8198,8215,187027,-0.014397120575884825
2019-03-19,8266,8266,8035,8036,185459,-0.021789409616555067
2019-03-20,8095,8138,7958,8027,161914,-0.0011199601791935798
2019-03-21,8061,8104,7924,7959,179884,-0.008471408994643048
2019-03-22,7984,7984,7787,7916,163193,-0.0054026887799975
2019-03-25,7856,7881,7770,7813,133981,-0.013011622031328995
2019-03-26,7796,7881,7514,7771,187181,-0.005375655958018699
2019-03-27,7745,7907,7745,7873,148769,0.013125723845065052
2019-03-28,7847,7864,7745,7754,152449,-0.015114949828527902
2019-03-29,7727,7847,7719,7822,116196,0.008769667268506476
2019-04-01,7821,7941,7821,7916,109622,0.012017386857581247
2019-04-02,7915,8052,7856,7959,162129,0.005432036382011063
2019-04-03,7915,8052,7915,8053,106039,0.011810528960924715
2019-04-04,8044,8044,7847,7925,402312,-0.01589469762821305
2019-04-05,7933,7941,7847,7848,88203,-0.00971608832807569
2019-04-08,7873,7881,7719,7796,264161,-0.006625891946992812
2019-04-09,7796,7941,7753,7865,196579,0.008850692662903947
2019-04-10,7907,7941,7821,7925,101197,0.0076287349014620975
2019-04-11,7924,7933,7779,7848,163906,-0.00971608832807569
2019-04-12,7847,7898,7804,7848,198461,0.0
2019-04-15,7847,7950,7787,7848,529889,0.0
2019-04-16,7873,7881,7770,7839,200354,-0.0011467889908256534
2019-04-17,7847,7847,7779,7813,198440,-0.0033167495854062867
2019-04-18,7839,7839,7719,7771,270637,-0.005375655958018699
2019-04-19,7770,7847,7745,7830,188474,0.007592330459400332
2019-04-22,7830,7856,7779,7856,115980,0.003320561941251521
2019-04-23,7856,7907,7779,7899,177829,0.0054735234215885775
2019-04-24,7924,8018,7881,7993,332527,0.01190024053677674
2019-04-25,7992,8018,7907,7916,128998,-0.009633429250594294
2019-04-26,7941,7941,7804,7805,101974,-0.014022233451237986
2019-04-29,7804,7804,7727,7788,244815,-0.002178090967328683
2019-04-30,7796,7839,7727,7796,148042,0.0010272213662043672
2019-05-02,7736,7796,7736,7736,116575,-0.007696254489481746
2019-05-03,7736,7796,7710,7745,66385,0.0011633919338158716
2019-05-07,7727,7753,7591,7728,234746,-0.0021949644932214296
2019-05-08,7693,7736,7625,7685,118778,-0.005564182194616962
2019-05-09,7676,7710,7599,7702,244979,0.0022121014964215924
2019-05-10,7650,7693,7556,7617,248500,-0.011036094520903705
2019-05-13,7693,7702,7471,7480,235044,-0.01798608376001054
2019-05-14,7437,7582,7394,7574,223904,0.012566844919785991
2019-05-15,7582,7591,7497,7523,145642,-0.006733562186427289
2019-05-16,7565,7565,7428,7429,132298,-0.012495015286454914
2019-05-17,7428,7548,7368,7369,143589,-0.008076457127473402
2019-05-20,7326,7428,7309,7309,92127,-0.008142217397204554
2019-05-21,7283,7531,7283,7531,137834,0.03037351210835948
2019-05-22,7531,7531,7403,7420,118877,-0.014739078475634049
2019-05-23,7462,7462,7351,7369,76619,-0.0068733153638813604
2019-05-24,7274,7368,7274,7335,117601,-0.004613923191749247
2019-05-27,7385,7411,7317,7343,62496,0.0010906612133605442
2019-05-28,7317,7368,7180,7181,350663,-0.022061827590902916
2019-05-29,7206,7214,7103,7164,253644,-0.0023673583066424753
2019-05-30,7163,7257,7138,7164,197047,0.0
2019-05-31,7180,7257,7172,7181,141911,0.0023729759910664505
2019-06-03,7155,7411,7146,7395,202278,0.029800863389500165
2019-06-04,7394,7411,7334,7386,100383,-0.0012170385395537942
2019-06-05,7403,7428,7214,7275,233103,-0.01502843216896832
2019-06-07,7326,7351,7214,7275,174765,0.0
2019-06-10,7283,7479,7283,7471,191903,0.026941580756013828
2019-06-11,7471,7556,7377,7523,133698,0.006960246285637739
2019-06-12,7462,7505,7411,7437,137304,-0.011431609730160885
2019-06-13,7462,7522,7403,7523,143729,0.0115638026085787
2019-06-14,7454,7480,7351,7352,170613,-0.022730293765784948
2019-06-17,7403,7522,7343,7343,195844,-0.001224156692056555
2019-06-18,7343,7428,7317,7335,173976,-0.0010894729674519876
2019-06-19,7360,7437,7360,7360,128069,0.0034083162917519783
2019-06-20,7403,7454,7343,7360,120839,0.0
2019-06-21,7394,7471,7309,7471,183293,0.015081521739130466
2019-06-24,7497,7497,7394,7471,51595,0.0
2019-06-25,7454,7462,7403,7403,163788,-0.009101860527372496
2019-06-26,7411,7437,7351,7429,96746,0.0035120896933675816
2019-06-27,7437,7522,7403,7506,146001,0.010364786646924307
2019-06-28,7497,7531,7454,7454,80981,-0.00692779110045294
2019-07-01,7488,7488,7394,7437,81706,-0.002280654682049854
2019-07-02,7437,7437,7300,7318,219460,-0.016001075702568257
2019-07-03,7317,7368,7266,7283,165821,-0.004782727521180696
2019-07-04,7283,7343,7197,7241,165131,-0.005766854318275394
2019-07-05,7249,7283,7180,7198,436109,-0.005938406297472776
2019-07-08,7206,7206,7112,7112,518151,-0.011947763267574296
2019-07-09,7120,7163,6958,6993,285220,-0.0167322834645669
2019-07-10,6992,7095,6958,7035,225896,0.006006006006006093
2019-07-11,7095,7112,7044,7061,94457,0.0036958066808812085
2019-07-12,7044,7086,7026,7061,76557,0.0
2019-07-15,7052,7086,6984,7061,171223,0.0
2019-07-16,7018,7044,6924,7010,255198,-0.007222772978331626
2019-07-17,6984,7009,6941,6941,288107,-0.00984308131241085
2019-07-18,6941,6992,6924,6967,163772,0.0037458579455409424
2019-07-19,6932,7044,6924,7018,107376,0.0073202239127314606
2019-07-22,7009,7052,6967,7035,84159,0.002422342547734324
2019-07-23,7018,7061,6992,7010,95444,-0.003553660270078196
2019-07-24,7009,7086,6932,6941,143186,-0.00984308131241085
2019-07-25,6958,6958,6873,6899,178856,-0.006051001296643155
2019-07-26,6958,6958,6821,6839,206750,-0.00869691259602845
2019-07-29,6847,6915,6821,6830,721422,-0.0013159818686943048
2019-07-30,6830,6924,6813,6830,246558,0.0
2019-07-31,6796,6847,6796,6839,187669,0.0013177159590043175
2019-08-01,6838,6975,6796,6796,210243,-0.006287468928205864
2019-08-02,6830,6830,6684,6719,193346,-0.01133019423190107
2019-08-05,6693,6710,6539,6565,220530,-0.02292007739246915
2019-08-06,6479,6548,6325,6386,401260,-0.02726580350342722
2019-08-07,6317,6454,6317,6377,250418,-0.0014093329157531809
2019-08-08,6385,6522,6385,6523,376298,0.022894778108828673
2019-08-09,6633,6958,6317,6839,691895,0.04844396749961666
2019-08-12,6830,6855,6719,6805,303242,-0.00497148705951167
2019-08-13,6753,6855,6727,6736,274501,-0.01013960323291696
2019-08-14,6761,6796,6573,6582,201388,-0.02286223277909738
2019-08-16,6608,6625,6411,6471,272336,-0.016864175022789474
2019-08-19,6539,6548,6462,6540,167429,0.01066295781177562
2019-08-20,6531,6565,6411,6531,156838,-0.0013761467889907841
2019-08-21,6522,6633,6514,6625,126499,0.014392895421834417
2019-08-22,6625,6667,6514,6625,191007,0.0
2019-08-23,6582,6693,6565,6651,245739,0.0039245283018867205
2019-08-26,6514,6659,6514,6642,210491,-0.0013531799729363803
2019-08-27,6650,6702,6514,6659,211446,0.0025594700391449177
2019-08-28,6659,6881,6608,6882,496002,0.03348851178855683
2019-08-29,6890,6992,6821,6984,309700,0.01482127288578905
2019-08-30,6967,7001,6873,6941,347065,-0.006156930126002269
2019-09-02,6932,7018,6915,7010,157754,0.009940930701628048
2019-09-03,6984,7018,6949,6950,169231,-0.008559201141226769
2019-09-04,6941,7052,6941,7010,355641,0.008633093525179936
2019-09-05,7035,7069,6958,6993,136403,-0.002425106990014303
2019-09-06,7026,7026,6881,6882,167527,-0.015873015873015928
2019-09-09,6932,7026,6924,7018,111185,0.019761697181051918
2019-09-10,6992,6992,6881,6933,175077,-0.012111712738671954
2019-09-11,6941,6975,6898,6959,125482,0.0037501802971295906
2019-09-16,7018,7069,6949,6993,136529,0.0048857594481965805
2019-09-17,6992,7018,6941,6984,108843,-0.0012870012870013214
2019-09-18,7009,7009,6967,7010,118855,0.0037227949599083487
2019-09-19,7018,7018,6924,6941,164611,-0.00984308131241085
2019-09-20,6924,6975,6890,6976,187950,0.005042501080535944
2019-09-23,6924,6975,6915,6924,90781,-0.007454128440366969
2019-09-24,6907,6924,6821,6865,226497,-0.008521086077411866
2019-09-25,6881,6898,6813,6822,139329,-0.006263656227239567
2019-09-26,6873,6873,6804,6813,71778,-0.0013192612137202797
2019-09-27,6847,6855,6796,6796,63636,-0.002495229707911384
2019-09-30,6796,6855,6753,6847,73664,0.007504414361389156
2019-10-01,6821,6932,6813,6924,139485,0.011245801080765228
2019-10-02,6907,6907,6710,6753,132274,-0.02469670710571925
2019-10-04,6761,6804,6684,6728,102176,-0.003702058344439485
2019-10-07,6727,6770,6676,6676,58242,-0.007728894173602896
2019-10-08,6676,6710,6582,6599,112287,-0.011533852606351092
2019-10-10,6599,6659,6565,6582,105240,-0.002576147901197201
2019-10-11,6625,6770,6565,6728,142042,0.022181707687632946
2019-10-14,6736,6813,6693,6813,68475,0.012633769322235366
2019-10-15,6787,6881,6667,6694,145882,-0.017466607955379465
2019-10-16,6727,6838,6684,6779,109033,0.012697938452345348
2019-10-17,6761,6770,6573,6617,355269,-0.023897329989673977
2019-10-18,6642,6719,6599,6719,195035,0.015414840562188337
2019-10-21,6719,6753,6650,6736,100175,0.002530138413454397
2019-10-22,6719,6770,6642,6736,144221,0.0
2019-10-23,6702,6804,6684,6753,107721,0.002523752969121107
2019-10-24,6770,6770,6667,6694,78582,-0.008736857692877242
2019-10-25,6676,6736,6676,6711,87068,0.002539587690469025
2019-10-28,6710,6744,6650,6685,122293,-0.003874236328415992
2019-10-29,6693,6787,6676,6779,60076,0.014061331338818261
2019-10-30,6753,6753,6684,6719,143653,-0.008850862959138506
2019-10-31,6710,6787,6702,6788,69971,0.010269385325197167
2019-11-01,6787,6787,6710,6745,65572,-0.006334708308780246
2019-11-04,6770,6924,6744,6907,184403,0.024017790956263996
2019-11-05,6847,6924,6838,6899,62084,-0.0011582452584334435
2019-11-06,6924,6932,6821,6830,72763,-0.01000144948543269
2019-11-07,6813,6898,6804,6882,88459,0.007613469985358723
2019-11-08,6881,6924,6847,6890,106897,0.0011624527753559821
2019-11-11,6915,7061,6898,7010,212226,0.01741654571843254
2019-11-12,7026,7120,7026,7112,278886,0.014550641940085596
2019-11-13,7112,7214,7078,7155,171596,0.006046119235095571
2019-11-14,7155,7189,7095,7147,83341,-0.0011180992313067906
2019-11-15,7120,7223,7120,7181,155724,0.0047572408003357936
2019-11-18,7214,7240,7112,7172,153200,-0.001253307338810794
2019-11-19,7206,7257,7138,7198,162072,0.0036252091466815184
2019-11-20,7172,7189,7061,7095,172273,-0.014309530425118067
2019-11-21,7095,7120,6967,7053,140870,-0.005919661733615245
2019-11-22,7120,7146,7018,7104,76561,0.007230965546575874
2019-11-25,7138,7189,7095,7172,140805,0.009572072072072002
2019-11-26,7172,7266,7163,7198,246275,0.0036252091466815184
2019-11-27,7223,7249,7155,7224,172557,0.003612114476243322
2019-11-28,7197,7257,7180,7189,174723,-0.004844961240310086
2019-11-29,7214,7266,7180,7224,173661,0.004868549172346581
2019-12-02,7214,7240,7146,7172,108530,-0.007198228128460715
2019-12-03,7189,7189,7078,7155,341120,-0.002370329057445608
2019-12-04,7155,7206,7044,7198,129684,0.006009783368273958
2019-12-05,7189,7257,7095,7181,282410,-0.0023617671575437704
2019-12-06,7180,7232,7155,7172,165016,-0.001253307338810794
2019-12-09,7214,7223,7069,7104,226845,-0.009481316229782433
2019-12-10,7120,7223,7120,7172,104493,0.009572072072072002
2019-12-11,7120,7223,7120,7215,164294,0.005995538204127238
2019-12-12,7163,7266,7163,7249,154556,0.00471240471240475
2019-12-13,7266,7266,7146,7215,340364,-0.004690302110635924
2019-12-16,7206,7232,7163,7172,182131,-0.005959805959805942
2019-12-17,7206,7317,7189,7318,272479,0.02035694366982721
2019-12-18,7326,7385,7283,7386,229456,0.009292156326865308
2019-12-19,7907,8326,7787,8036,3789850,0.0880043325209856
2019-12-20,8104,8104,7890,8053,797869,0.0021154803384768606
2019-12-23,7975,8172,7958,8078,595344,0.0031044331305103423
2019-12-24,8069,8078,7933,7976,611699,-0.012626887843525614
2019-12-26,7975,8069,7975,8027,546573,0.0063941825476430125
2019-12-27,7950,7958,7813,7856,569440,-0.02130310203064656
2019-12-30,7873,7907,7779,7788,259561,-0.00865580448065173
2020-01-02,7762,7856,7633,7660,333467,-0.016435541859270653
2020-01-03,7710,7745,7625,7745,319738,0.011096605744125299
2020-01-06,7668,7685,7488,7506,592784,-0.03085861846352489
2020-01-07,7539,7668,7539,7608,246290,0.01358912869704243
2020-01-08,7531,7599,7377,7480,550432,-0.01682439537329128
2020-01-09,7514,7599,7437,7557,421404,0.010294117647058787
2020-01-10,7574,7650,7488,7625,351626,0.008998279740637827
2020-01-13,7642,7779,7531,7754,343166,0.016918032786885195
2020-01-14,7779,8018,7753,7950,850976,0.02527727624451903
2020-01-15,7941,8035,7907,7959,677045,0.0011320754716981352
2020-01-16,7958,8027,7907,7967,267476,0.0010051514009297158
2020-01-17,7967,8018,7907,7942,253571,-0.003137944019078742
2020-01-20,7950,7950,7779,7813,367693,-0.016242760010073076
2020-01-21,7821,7856,7727,7788,372941,-0.0031997952131063157
2020-01-22,7779,7839,7633,7651,454858,-0.01759116589625065
2020-01-23,7685,7736,7582,7736,449722,0.011109658868121874
2020-01-28,7608,7659,7514,7548,419161,-0.024301964839710477
2020-01-29,7599,7608,7437,7557,177715,0.0011923688394277487
2020-01-30,7582,7599,7437,7497,269913,-0.007939658594680377
2020-01-31,7488,7505,7291,7377,406540,-0.01600640256102437
2020-02-03,7368,7437,7240,7326,330004,-0.006913379422529453
2020-02-04,7326,7360,7206,7232,348552,-0.012831012831012845
2020-02-05,7291,7300,7163,7266,339974,0.004701327433628277
2020-02-06,7266,7462,7266,7309,479325,0.00591797412606665
2020-02-07,7300,7411,7249,7343,404429,0.004651799151730751
2020-02-10,7343,7403,7291,7292,257078,-0.006945390167506504
2020-02-11,7291,7360,7197,7335,454739,0.005896873285792692
2020-02-12,7309,7514,7274,7489,494152,0.020995228357191476
2020-02-13,7505,7548,7403,7463,488215,-0.0034717585792495287
2020-02-14,7497,7650,7411,7412,367844,-0.006833712984054663
2020-02-17,7411,7437,7180,7181,351082,-0.031165677280086346
2020-02-18,7206,7214,7061,7095,257700,-0.0119760479041916
2020-02-19,7103,7120,6941,6950,316957,-0.020436927413671646
2020-02-20,7009,7163,6941,7010,232157,0.008633093525179936
2020-02-21,6975,7095,6949,6976,220773,-0.004850213980028495
2020-02-24,6932,6932,6702,6813,415510,-0.02336582568807344
2020-02-25,6813,6873,6744,6839,327554,0.003816233670923319
2020-02-26,6693,6813,6659,6779,281605,-0.008773212457961699
2020-02-27,6736,7009,6736,7010,675363,0.034075822392683364
2020-02-28,7095,7103,6907,6967,1245130,-0.006134094151212577
2020-03-02,6967,7095,6873,7035,571897,0.009760298550308688
2020-03-03,7069,7274,7061,7215,516675,0.02558635394456288
2020-03-04,7197,7394,7095,7360,439517,0.02009702009702008
2020-03-05,7334,7462,7249,7326,409117,-0.004619565217391264
2020-03-06,7249,7334,7180,7266,499341,-0.008190008190008147
2020-03-09,7189,7266,6881,6976,480986,-0.03991191852463527
2020-03-10,6796,6941,6710,6856,464593,-0.017201834862385357
2020-03-11,6890,6967,6650,6711,582322,-0.021149358226371096
2020-03-12,6693,6804,6488,6505,513035,-0.030695872448219363
2020-03-13,6052,6240,5753,6018,906213,-0.07486548808608762
2020-03-16,6060,6112,5787,5847,438077,-0.02841475573280161
2020-03-17,5727,5727,5402,5565,630591,-0.048229861467419144
2020-03-18,5530,5650,5265,5334,335747,-0.04150943396226414
2020-03-19,5334,5385,4428,4847,1135892,-0.09130108736407949
2020-03-20,4829,5026,4616,5027,829480,0.03713637301423556
2020-03-23,4658,4889,4573,4787,678434,-0.04774219216232345
2020-03-24,4812,5060,4753,5044,872295,0.05368706914560262
2020-03-25,5300,6018,5240,5599,657110,0.11003172085646318
2020-03-26,5616,5881,5471,5539,634471,-0.010716199321307407
2020-03-27,5710,6060,5693,5770,556533,0.04170427875067695
2020-03-30,5582,6368,5582,6172,482111,0.06967071057192364
2020-03-31,6257,6419,6240,6240,495691,0.011017498379779722
2020-04-01,6240,6419,6009,6010,457375,-0.03685897435897434
2020-04-02,6086,6411,5932,6249,522763,0.039767054908485866
2020-04-03,6300,6548,6300,6411,452603,0.025924147863658265
2020-04-06,6411,6667,6300,6377,559430,-0.005303384807362366
2020-04-07,6471,6573,6291,6411,659556,0.005331660655480741
2020-04-08,6377,6437,6343,6369,236682,-0.0065512400561534845
2020-04-09,6402,6411,6129,6181,397249,-0.02951797770450615
2020-04-10,6180,6565,6137,6326,473784,0.02345898721889661
2020-04-13,6325,6454,6231,6249,347910,-0.012171988618400298
2020-04-14,6283,6437,6283,6411,422543,0.025924147863658265
2020-04-16,6411,6590,6283,6582,373805,0.02667290594291072
2020-04-17,6667,7608,6659,6805,1604236,0.033880279550288606
2020-04-20,6924,7120,6873,6924,482578,0.017487141807494444
2020-04-21,6924,6967,6650,6959,460703,0.005054881571346037
2020-04-22,6890,7086,6813,7070,332067,0.0159505676102889
2020-04-23,7120,7189,7061,7172,454419,0.014427157001414503
2020-04-24,7095,7214,7095,7130,342312,-0.005856107083100914
2020-04-27,7146,7214,7069,7130,446498,0.0
2020-04-28,7138,7206,7103,7147,406427,0.0023842917251051254
2020-04-29,7146,7197,7120,7181,292822,0.0047572408003357936
2020-05-04,7095,7120,6941,6941,385397,-0.03342152903495332
2020-05-06,6958,7112,6941,7044,285342,0.014839360322720152
2020-05-07,7009,7163,7001,7155,197132,0.015758091993185674
2020-05-08,7180,7206,6992,7010,358229,-0.020265548567435343
2020-05-11,7052,7120,6992,7010,356237,0.0
2020-05-12,7018,7078,6932,6993,278424,-0.002425106990014303
2020-05-13,7009,7120,6958,7104,290478,0.015873015873015817
2020-05-14,6992,7103,6975,7027,280783,-0.010838963963963999
2020-05-15,6992,7155,6992,7138,344558,0.015796214600825476
2020-05-18,7120,7180,7052,7130,246110,-0.0011207621182404148
2020-05-19,7146,7189,6984,7001,343283,-0.018092566619915873
2020-05-20,7001,7197,7001,7147,398126,0.020854163690901206
2020-05-21,7232,7403,7163,7232,883763,0.011893102000839484
2020-05-22,7232,7232,7009,7027,172642,-0.028346238938053103
2020-05-25,7035,7035,6898,6924,158749,-0.014657748683648775
2020-05-26,6932,6984,6821,6847,214217,-0.011120739456961348
2020-05-27,6907,6907,6702,6719,487891,-0.018694318679713717
2020-05-28,6761,6761,6565,6651,341011,-0.010120553653817588
2020-05-29,6633,6633,6317,6317,558186,-0.05021801232897305
2020-06-01,6411,6625,6402,6608,288034,0.04606617065062535
2020-06-02,6599,6770,6556,6719,232779,0.016797820823244658
2020-06-03,6736,6796,6676,6753,350755,0.005060276826908794
2020-06-04,6796,6881,6608,6617,272311,-0.02013919739375092
2020-06-05,6616,6710,6548,6608,209622,-0.0013601329907813042
2020-06-08,6633,6710,6599,6625,158889,0.0025726392251816943
2020-06-09,6625,6727,6625,6685,246901,0.00905660377358486
2020-06-10,6684,6702,6582,6599,187833,-0.012864622288706107
2020-06-11,6599,6608,6368,6411,457025,-0.02848916502500376
2020-06-12,6240,6744,6154,6745,437539,0.052097956637030096
2020-06-15,6659,6659,6266,6283,343354,-0.06849518161601187
2020-06-16,6411,6488,6368,6454,216763,0.027216297946840662
2020-06-17,6411,6479,6283,6292,197692,-0.025100712736287556
2020-06-18,6291,6411,6240,6300,142365,0.0012714558169104606
2020-06-19,6317,6385,6266,6292,297667,-0.0012698412698413097
2020-06-22,6291,6573,6291,6360,371197,0.010807374443738027
2020-06-23,6462,6462,6274,6292,486616,-0.010691823899371067
2020-06-24,6325,6454,6257,6360,218778,0.010807374443738027
2020-06-25,6317,6411,6300,6317,186653,-0.006761006289308202
2020-06-26,6325,6428,6266,6283,297357,-0.005382301725502581
2020-06-29,6266,6334,6231,6266,246670,-0.0027057138309725115
2020-06-30,6283,6394,6283,6292,166918,0.004149377593360981
2020-07-01,6343,6343,6283,6309,91730,0.0027018436109345068
2020-07-02,6343,6428,6343,6360,171969,0.00808368996671427
2020-07-03,6385,6573,6385,6523,202490,0.025628930817610085
2020-07-06,6522,6565,6454,6497,210146,-0.003985896060095029
2020-07-07,6556,6565,6462,6463,189459,-0.005233184546713843
2020-07-08,6437,6539,6419,6471,181979,0.0012378152560730271
2020-07-09,6471,6590,6471,6557,193980,0.013290063359604476
2020-07-10,6565,6590,6437,6446,216733,-0.01692847338721981
2020-07-13,6496,6531,6428,6437,237355,-0.0013962147067949626
2020-07-14,6445,6496,6411,6411,256532,-0.004039148671741488
2020-07-15,6462,6471,6308,6360,199094,-0.007955077211043493
2020-07-16,6411,6428,6317,6334,277726,-0.004088050314465463
2020-07-17,6334,6385,6317,6326,267415,-0.001263024944742619
2020-07-20,6343,6360,6317,6317,156515,-0.0014226999683844
2020-07-21,6343,6343,6137,6138,839851,-0.028336235554851985
2020-07-22,6189,6240,6137,6206,509790,0.01107852720755953
2020-07-23,6206,6240,6120,6164,329862,-0.006767644215275537
2020-07-24,6189,6189,6052,6087,301730,-0.01249188838416615
2020-07-27,6078,6129,6069,6078,155932,-0.0014785608674223738
2020-07-28,6103,6103,5958,5993,405285,-0.013984863441921735
2020-07-29,6035,6035,5941,6001,377444,0.0013348907058234882
2020-07-30,6009,6043,5966,5993,299452,-0.001333111148141941
2020-07-31,5984,6137,5984,6095,363692,0.017019856499249197
2020-08-03,6137,6240,6069,6104,375485,0.001476620180475896
2020-08-04,6146,6180,6103,6121,185349,0.0027850589777196344
2020-08-05,6137,6172,6112,6155,360651,0.005554647933344148
2020-08-06,6197,6214,6120,6129,458438,-0.004224207961007309
2020-08-07,6172,6172,6018,6044,342134,-0.01386849404470547
2020-08-10,6129,6154,6078,6095,365680,0.008438120450033004
2020-08-11,6112,6266,6112,6206,852804,0.018211648892534793
2020-08-12,6266,6274,6172,6249,758571,0.006928778601353436
2020-08-13,6274,6471,6240,6360,1154823,0.017762842054728667
2020-08-14,6437,6445,6291,6386,621836,0.004088050314465352
2020-08-18,6437,6437,6112,6198,639892,-0.029439398684622642
2020-08-19,6197,6334,6189,6206,497101,0.0012907389480476539
2020-08-20,6257,6266,6001,6052,675650,-0.02481469545601034
2020-08-21,6078,6154,5966,6010,1647218,-0.006939854593522754
2020-08-24,6009,6052,5966,6027,599271,0.002828618968385932
2020-08-25,6069,6300,6060,6249,1065365,0.03683424589347939
2020-08-26,6206,6266,6146,6198,441414,-0.008161305808929376
2020-08-27,6206,6274,6154,6258,585889,0.00968054211035807
2020-08-28,6266,6360,6266,6343,529180,0.013582614253755176
2020-08-31,6351,6402,6274,6275,816063,-0.010720479268484961
2020-09-01,6317,6360,6274,6326,525284,0.008127490039840701
2020-09-02,6334,6377,6300,6369,427921,0.006797344293392404
2020-09-03,6368,6402,6334,6352,432224,-0.0026691788349819667
2020-09-04,6257,6257,6146,6198,451224,-0.024244332493702725
2020-09-07,6231,6231,6103,6121,1164156,-0.012423362374959668
2020-09-08,6137,6180,6095,6121,787695,0.0
2020-09-09,6120,6154,6060,6146,555992,0.004084299950988468
2020-09-10,6180,6197,6154,6189,240760,0.006996420436055972
2020-09-11,6189,6223,6172,6223,258692,0.005493617708838272
2020-09-14,6240,6343,6223,6343,357200,0.01928330387273025
2020-09-15,6394,6462,6343,6463,528463,0.018918492826738076
2020-09-16,6496,6505,6377,6386,287364,-0.011913971839702886
2020-09-17,6445,6454,6317,6386,322896,0.0
2020-09-18,6385,6462,6351,6386,428283,0.0
2020-09-21,6385,6462,6385,6429,287587,0.006733479486376481
2020-09-22,6428,6428,6317,6386,367316,-0.006688442992689336
2020-09-23,6385,6411,6300,6377,244508,-0.0014093329157531809
2020-09-24,6317,6385,6274,6352,360748,-0.003920338717265159
2020-09-25,6411,6411,6325,6377,256683,0.003935768261964734
2020-09-28,6385,6394,6300,6317,251774,-0.00940881292143636
2020-09-29,6325,6394,6325,6369,218745,0.008231755580180522
2020-10-05,6394,6582,6377,6540,333245,0.026848798869524293
2020-10-06,6539,6582,6488,6540,257018,0.0
2020-10-07,6496,6642,6496,6599,314506,0.009021406727828696
2020-10-08,6642,6650,6514,6540,240052,-0.00894074859827243
2020-10-12,6556,6582,6454,6497,390231,-0.006574923547400635
2020-10-13,6531,6531,6428,6480,311466,-0.002616592273356977
2020-10-14,6488,6496,6411,6429,307712,-0.007870370370370416
2020-10-15,6394,6445,6334,6369,255496,-0.009332711152589823
2020-10-16,6368,6522,6343,6446,358508,0.012089810017271052
2020-10-19,6454,6608,6454,6548,370964,0.01582376667700891
2020-10-20,6548,6573,6496,6548,193634,0.0
2020-10-21,6548,6616,6505,6608,173290,0.00916310323762981
2020-10-22,6599,6761,6548,6745,836095,0.020732445520581066
2020-10-23,6753,6787,6684,6753,311574,0.0011860637509266692
2020-10-26,6796,6838,6573,6617,294604,-0.02013919739375092
2020-10-27,6556,6590,6411,6488,320494,-0.01949523953453225
2020-10-28,6479,6573,6479,6565,148511,0.011868064118372379
2020-10-29,6454,6514,6411,6514,201393,-0.007768469154607716
2020-10-30,6573,6573,6325,6343,507821,-0.026251151366287973
2020-11-02,6411,6454,6343,6420,199909,0.012139366230490278
2020-11-03,6479,6479,6394,6411,296426,-0.0014018691588785215
2020-11-04,6454,6479,6394,6437,146219,0.004055529558571136
2020-11-05,6402,6479,6402,6446,244503,0.001398166847910609
2020-11-06,6471,6471,6402,6420,192622,-0.004033509152963077
2020-11-09,6428,6505,6411,6480,226410,0.009345794392523255
2020-11-10,6582,6633,6505,6505,427533,0.0038580246913579863
2020-11-11,6556,6744,6539,6668,475912,0.02505764796310528
2020-11-12,6719,6719,6548,6591,333629,-0.011547690461907623
2020-11-13,6565,6590,6522,6548,272839,-0.006524047944166278
2020-11-16,6522,6548,6471,6497,1177076,-0.00778863775198535
2020-11-17,6505,6548,6471,6514,405439,0.002616592273356977
2020-11-18,6514,6582,6479,6505,666687,-0.0013816395455941155
2020-11-19,6522,6522,6479,6514,303166,0.0013835511145272594
2020-11-20,6522,6522,6488,6505,274063,-0.0013816395455941155
2020-11-23,6505,6556,6488,6557,804367,0.00799385088393545
2020-11-24,6582,6599,6556,6574,455481,0.00259264907732204
2020-11-25,6616,6804,6556,6617,1205895,0.006540918770915782
2020-11-26,6616,6650,6582,6599,442694,-0.0027202659815626085
2020-11-27,6633,6667,6573,6608,523351,0.0013638430065161522
2020-11-30,6667,6702,6573,6625,856579,0.0025726392251816943
2020-12-01,6633,6770,6633,6736,559295,0.01675471698113218
2020-12-02,6761,6855,6736,6856,520145,0.017814726840855055
2020-12-03,6864,6975,6838,6941,938691,0.012397899649941646
2020-12-04,6941,6967,6813,6899,556169,-0.006051001296643155
2020-12-07,6898,6924,6727,6822,709185,-0.011161037831569742
2020-12-08,6804,6813,6693,6753,583316,-0.010114335971855737
2020-12-09,6753,6821,6744,6788,306218,0.005182881682215257
2020-12-10,6753,6796,6719,6719,788102,-0.010164997053624059
2020-12-11,6753,6932,6753,6924,636975,0.030510492632832342
2020-12-14,6881,7197,6855,7181,1230597,0.037117273252455174
2020-12-15,7180,7385,7061,7318,1610416,0.019078122824119248
2020-12-16,7326,7343,7214,7275,389049,-0.005875922383164811
2020-12-17,7274,7274,7138,7198,365682,-0.010584192439862528
2020-12-18,7232,7334,7189,7266,418530,0.009447068630175082
2020-12-21,7291,7326,7249,7283,618271,0.0023396641893751458
2020-12-22,7334,7574,7283,7514,1388329,0.031717698750515
2020-12-23,7539,7599,7437,7497,606659,-0.002262443438914019
2020-12-24,7505,7539,7257,7292,732714,-0.02734427104175008
2020-12-28,7351,7360,7266,7309,895209,0.002331321996708713
2020-12-29,6967,7001,6813,6865,921251,-0.06074702421671907
2020-12-30,6847,6855,6710,6745,576793,-0.017479970866715266
2021-01-04,6761,6770,6565,6634,721090,-0.01645663454410673
2021-01-05,6573,6625,6548,6617,412523,-0.0025625565269822292
2021-01-06,6633,6710,6599,6617,422758,0.0
2021-01-07,6667,6761,6633,6762,826974,0.02191325374036568
2021-01-08,6821,6821,6676,6719,763682,-0.006359065365276528
2021-01-11,6753,6770,6505,6523,909911,-0.029171007590415243
2021-01-12,6505,6590,6454,6505,799546,-0.002759466503142738
2021-01-13,6539,6625,6514,6617,788912,0.017217524980783994
2021-01-14,6625,6659,6573,6634,479789,0.002569140093698019
2021-01-15,6667,6667,6539,6565,448765,-0.01040096472716312
2021-01-18,6505,6548,6437,6437,424051,-0.019497334348819506
2021-01-19,6454,6488,6411,6429,620899,-0.001242814975920492
2021-01-20,6462,6471,6385,6403,391843,-0.00404417483278896
2021-01-21,6454,6548,6411,6497,788224,0.01468061846009694
2021-01-22,6514,6522,6419,6454,491265,-0.006618439279667543
2021-01-25,6514,6642,6488,6599,892329,0.02246668732568957
2021-01-26,6616,6659,6565,6608,515118,0.0013638430065161522
2021-01-27,6608,6633,6471,6488,570449,-0.018159806295399483
2021-01-28,6437,6488,6385,6437,562317,-0.007860665844636294
2021-01-29,6437,6454,6300,6360,563781,-0.011962094143234459
2021-02-01,6343,6411,6291,6386,411089,0.004088050314465352
2021-02-02,6419,6454,6385,6420,313657,0.0053241465706233004
2021-02-03,6454,6488,6411,6446,345403,0.004049844236760025
2021-02-04,6454,6531,6402,6514,434014,0.01054917778467268
2021-02-05,6565,6590,6471,6582,524509,0.010439054344488774
2021-02-08,6633,6838,6599,6830,1367197,0.037678517168034054
2021-02-09,6864,6949,6821,6839,1040056,0.0013177159590043175
2021-02-10,6796,6804,6684,6788,502852,-0.007457230589267394
2021-02-15,6821,6830,6659,6694,556339,-0.013847967000589323
2021-02-16,6693,6744,6616,6745,471009,0.007618763071407297
2021-02-17,6753,6873,6676,6813,407787,0.010081541882876133
2021-02-18,6838,6847,6770,6779,236436,-0.004990459415822657
2021-02-19,6796,6796,6616,6659,398881,-0.01770172591827701
2021-02-22,6667,6787,6650,6659,482768,0.0
2021-02-23,6684,6761,6676,6753,514704,0.014116233668719058
2021-02-24,6787,6804,6667,6694,632184,-0.008736857692877242
2021-02-25,6736,6761,6684,6745,352032,0.007618763071407297
2021-02-26,6684,6719,6642,6719,645735,-0.0038547071905115082
2021-03-02,6744,6855,6684,6788,348704,0.010269385325197167
2021-03-03,6804,6967,6796,6907,628306,0.017530936947554476
2021-03-04,6915,7078,6881,7053,725810,0.021137975966410982
2021-03-05,7052,7206,7052,7112,811071,0.008365234651921183
2021-03-08,7129,7138,6881,7104,502552,-0.0011248593925758943
2021-03-09,7129,7257,7095,7138,789042,0.004786036036036112
2021-03-10,7120,7180,7052,7138,412781,0.0
2021-03-11,7163,7232,7155,7164,222807,0.0036424768842813204
2021-03-12,7163,7172,7086,7138,403138,-0.003629257398101604
2021-03-15,7163,7377,7146,7352,534764,0.029980386662930902
2021-03-16,7360,7505,7249,7506,528594,0.020946681175190385
2021-03-17,7505,7539,7334,7420,327010,-0.011457500666133713
2021-03-18,7394,7428,7317,7352,223995,-0.009164420485175184
2021-03-19,7411,7445,7317,7386,272502,0.004624591947769208
2021-03-22,7368,7394,7223,7395,258050,0.0012185215272135785
2021-03-23,7411,7420,7206,7232,317193,-0.02204192021636242
2021-03-24,7223,7223,7078,7138,196333,-0.012997787610619427
2021-03-25,7138,7214,7112,7138,156300,0.0
2021-03-26,7180,7249,7155,7198,198011,0.008405715886802945
2021-03-29,7214,7214,7052,7095,471386,-0.014309530425118067
2021-03-30,7103,7146,7052,7121,387689,0.0036645525017617864
2021-03-31,7129,7240,7129,7232,288087,0.015587698356972268
2021-04-01,7232,7274,7197,7266,246961,0.004701327433628277
2021-04-02,7283,7291,7189,7232,144696,-0.0046793283787502915
2021-04-05,7232,7249,7172,7215,180427,-0.0023506637168141387
2021-04-06,7214,7240,7180,7198,128364,-0.002356202356202375
2021-04-07,7197,7232,7180,7224,147178,0.003612114476243322
2021-04-08,7249,7257,7197,7249,118278,0.0034606866002215853
2021-04-09,7249,7291,7223,7232,205232,-0.002345151055317962
2021-04-12,7257,7377,7197,7352,303734,0.0165929203539823
2021-04-13,7351,7437,7317,7369,246909,0.002312295973884604
2021-04-14,7377,7385,7257,7300,248926,-0.009363550006785126
2021-04-15,7300,7309,7249,7275,195041,-0.003424657534246589
2021-04-16,7274,7274,7197,7232,208746,-0.005910652920962156
2021-04-19,7291,7693,7283,7694,1170528,0.06388274336283195
2021-04-20,7693,7719,7582,7660,499359,-0.004419027813880927
2021-04-21,7659,7659,7411,7523,481973,-0.017885117493472547
2021-04-22,7531,7659,7522,7617,279281,0.012495015286454914
2021-04-23,7556,7839,7522,7813,472439,0.02573191545227771
2021-04-26,7898,7984,7813,7933,464354,0.015359017022910537
2021-04-27,7992,7992,7762,7865,371281,-0.008571788730618923
2021-04-28,7839,8095,7796,7925,577431,0.0076287349014620975
2021-04-29,7933,7958,7736,7762,455847,-0.020567823343848546
2021-04-30,7762,7856,7736,7839,381969,0.009920123679464155
2021-05-03,7796,7967,7779,7779,224661,-0.007654037504783773
2021-05-04,7813,7856,7625,7754,314681,-0.0032137806916056055
2021-05-06,7796,8052,7779,8001,425692,0.031854526695898944
2021-05-07,8018,8232,7933,8113,404672,0.013998250218722585
2021-05-10,8180,8206,8095,8155,256717,0.0051768766177739955
2021-05-11,8112,8257,8069,8224,384748,0.008461066830165453
2021-05-12,8223,8309,8163,8275,426523,0.006201361867704369
2021-05-13,8266,8719,8163,8506,1833837,0.02791540785498481
2021-05-14,8591,8719,8386,8480,758421,-0.0030566658829062066
2021-05-17,8531,8540,8198,8215,627450,-0.03125
2021-05-18,8035,8300,7992,8284,324316,0.008399269628727835
2021-05-20,8198,8275,8086,8172,377070,-0.013520038628681785
2021-05-21,8198,8198,8027,8027,340331,-0.01774351443954969
2021-05-24,8052,8198,8027,8027,236682,0.0
2021-05-25,8155,8155,8035,8078,266056,0.006353556745982258
2021-05-26,8052,8232,8052,8164,334483,0.010646199554345204
2021-05-27,8163,8249,8129,8172,301516,0.000979911807937217
2021-05-28,8215,8369,8206,8352,338405,0.022026431718061623
2021-05-31,8386,8403,8275,8378,212646,0.0031130268199233146
2021-06-01,8394,8463,8326,8326,246886,-0.006206731916925334
2021-06-02,8377,8420,8351,8378,159886,0.006245496036512144
2021-06-03,8403,8454,8369,8369,161749,-0.0010742420625448057
2021-06-04,8369,8411,8275,8335,174062,-0.0040626120205520255
2021-06-07,8334,8360,8198,8343,265030,0.0009598080383923513
2021-06-08,8343,8428,8300,8378,191675,0.004195133644971927
2021-06-09,8428,8445,8309,8318,204860,-0.007161613750298446
2021-06-10,8317,8377,8104,8224,793338,-0.011300793459966374
2021-06-11,8206,8232,8044,8053,590110,-0.02079280155642027
2021-06-14,8052,8121,7915,7950,508767,-0.012790264497702708
2021-06-15,7950,8001,7864,7882,911604,-0.008553459119496898
2021-06-16,7941,8138,7907,8070,561656,0.02385181426034011
2021-06-17,8121,8163,8027,8121,360837,0.006319702602230581
2021-06-18,8086,8146,8044,8078,409227,-0.005294914419406438
2021-06-21,7915,8069,7873,7984,399188,-0.011636543698935409
2021-06-22,8052,8163,8052,8087,356915,0.012900801603206391
2021-06-23,8121,8257,8095,8232,495125,0.017930011128972412
2021-06-24,8240,8275,8112,8190,465509,-0.005102040816326481
2021-06-25,8206,8591,8189,8455,1001359,0.032356532356532464
2021-06-28,8531,8676,8428,8634,640766,0.021170904790065004
2021-06-29,8591,8634,8377,8403,469854,-0.0267546907574705
2021-06-30,8420,8445,8249,8420,524802,0.0020230869927406747
2021-07-01,8403,8420,8257,8284,271626,-0.016152019002375284
2021-07-02,8317,8351,8283,8343,135797,0.007122163206180643
2021-07-05,8360,8369,8266,8284,172202,-0.007071796715809708
2021-07-06,8334,8369,8266,8326,152231,0.005070014485755614
2021-07-07,8317,8317,8240,8258,159555,-0.008167187124669684
2021-07-08,8300,8309,8172,8301,263967,0.005207071930249496
2021-07-09,8275,8275,8069,8113,322673,-0.022647873750150538
2021-07-12,8146,8189,8112,8147,174477,0.004190804881055055
2021-07-13,8172,8257,8163,8198,107617,0.006259972996194962
2021-07-14,8206,8223,8129,8130,125964,-0.00829470602585991
2021-07-15,8163,8163,8035,8095,205537,-0.004305043050430557
2021-07-16,8078,8232,8069,8224,190523,0.01593576281655351
2021-07-19,8189,8206,8112,8147,108050,-0.009362840466926037
2021-07-20,8078,8138,8001,8053,307041,-0.011537989443967112
2021-07-21,8138,8138,8044,8070,173266,0.0021110145287470683
2021-07-22,8121,8129,8069,8113,186232,0.005328376703841453
2021-07-23,8112,8163,8086,8155,112340,0.0051768766177739955
2021-07-26,8189,8189,8104,8138,91075,-0.0020846106683016785
2021-07-27,8146,8206,8086,8104,148771,-0.004177930695502541
2021-07-28,8078,8138,8044,8104,134903,0.0
2021-07-29,8104,8138,8078,8104,167350,0.0
2021-07-30,8104,8146,8018,8147,252705,0.005306021717670362
2021-08-02,8146,8146,8027,8044,125332,-0.012642690560942693
2021-08-03,8061,8061,7975,7993,171322,-0.006340129288911034
2021-08-04,7967,8061,7967,8001,114175,0.0010008757662955947
2021-08-05,8035,8052,7975,8036,152073,0.004374453193350725
2021-08-06,8069,8078,8010,8010,76719,-0.0032354405176704404
2021-08-09,8035,8035,7907,8001,320568,-0.0011235955056180247
2021-08-10,7967,8010,7950,7984,85265,-0.002124734408198936
2021-08-11,7984,8018,7933,7976,140377,-0.0010020040080159776
2021-08-12,7967,8010,7941,7942,101430,-0.004262788365095305
2021-08-13,7941,8001,7839,7976,175690,0.004281037522034792
2021-08-17,7967,8069,7890,7950,175580,-0.003259779338014024
2021-08-18,7958,8010,7864,7993,109404,0.005408805031446473
2021-08-19,7915,7984,7676,7685,310735,-0.038533717002377066
2021-08-20,7745,7873,7514,7583,503788,-0.013272608978529554
2021-08-23,7591,7702,7531,7617,216426,0.004483713569827241
2021-08-24,7642,7804,7642,7771,150509,0.02021793356964685
2021-08-25,7779,7881,7727,7813,163094,0.005404709818556119
2021-08-26,7907,8095,7898,7959,541156,0.01868680404454115
2021-08-27,7992,8104,7924,8087,446767,0.01608242241487634
2021-08-30,8121,8129,7933,8053,304282,-0.004204278471621081
2021-08-31,8035,8061,7950,8061,206478,0.000993418601763274
2021-09-01,8035,8086,7975,8053,236486,-0.0009924327006575195
2021-09-02,8069,8172,8018,8121,262039,0.008444058114988273
2021-09-03,8086,8155,8069,8113,162341,-0.000985100357098867
2021-09-06,8069,8112,8018,8027,113067,-0.010600271169727615
2021-09-07,8035,8061,7992,8019,97309,-0.0009966363523109534
2021-09-08,8027,8061,7950,7984,173664,-0.004364633994263678
2021-09-09,8035,8035,7890,7993,220708,0.0011272545090179609
2021-09-10,7958,7992,7924,7959,155780,-0.004253722006755889
2021-09-13,7958,7992,7933,7984,102652,0.0031410981279054173
2021-09-14,8035,8035,7984,7984,142517,0.0
2021-09-15,8018,8086,7958,8001,226308,0.0021292585170340494
2021-09-16,8018,8095,7984,8095,247300,0.011748531433570797
2021-09-17,8044,8138,8018,8019,224394,-0.009388511426806634
2021-09-23,7958,8001,7941,7942,174260,-0.009602194787380003
2021-09-24,7950,8010,7950,7976,79724,0.004281037522034792
2021-09-27,7967,8010,7950,7950,183076,-0.003259779338014024
2021-09-28,8010,8300,8010,8113,412621,0.02050314465408798
2021-09-29,8104,8189,8052,8190,407677,0.009490940465918918
2021-09-30,8206,8249,8138,8172,318377,-0.00219780219780219
2021-10-01,8163,8206,8027,8130,392998,-0.0051395007342144305
2021-10-05,8069,8189,7958,8070,414135,-0.0073800738007380184
2021-10-06,8095,8351,8095,8309,790641,0.029615861214374206
2021-10-07,8326,8445,8232,8258,606915,-0.0061379227343844045
2021-10-08,8266,8292,8112,8224,393825,-0.004117219665778604
2021-10-12,8206,8326,8163,8292,435057,0.008268482490272344
2021-10-13,8317,8326,8249,8292,318487,0.0
2021-10-14,8292,8360,8275,8318,239032,0.003135552339604386
2021-10-15,8343,8428,8334,8403,374569,0.010218802596777987
2021-10-18,8428,8531,8377,8523,805263,0.014280614066404906
2021-10-19,8548,8634,8505,8591,837960,0.007978411357503212
2021-10-20,8634,8762,8540,8720,592081,0.01501571411942737
2021-10-21,8762,8933,8634,8634,795273,-0.009862385321100953
2021-10-22,8719,8719,8522,8549,695342,-0.009844799629372236
2021-10-25,8591,8676,8505,8634,531546,0.009942683354778437
2021-10-26,8634,8676,8514,8523,363319,-0.012856150104239017
2021-10-27,8522,8591,8471,8540,362697,0.001994602839375803
2021-10-28,8540,8591,8283,8378,521472,-0.01896955503512876
2021-10-29,8334,8428,8215,8258,371177,-0.01432322750059678
2021-11-01,8292,8437,8275,8361,309378,0.012472753693388183
2021-11-02,8360,8454,8351,8369,165567,0.0009568233464896103
2021-11-03,8386,8394,8215,8258,264319,-0.013263233361214044
2021-11-04,8266,8309,8206,8266,208255,0.0009687575684185212
2021-11-05,8292,8317,8180,8232,329480,-0.004113234938301513
2021-11-08,8249,8317,8163,8292,145723,0.007288629737609353
2021-11-09,8292,8300,8121,8121,341162,-0.02062228654124454
2021-11-10,8104,8155,8027,8053,251228,-0.00837335303534048
2021-11-11,8052,8104,8001,8061,291418,0.000993418601763274
2021-11-12,8095,8326,8069,8275,347718,0.026547574742587843
2021-11-15,8292,8360,8275,8335,181773,0.007250755287009136
2021-11-16,8334,8360,8275,8335,251205,0.0
2021-11-17,8360,8360,8206,8232,265290,-0.012357528494301162
2021-11-18,8249,8275,8189,8249,288507,0.0020651117589893797
2021-11-19,8275,8309,8249,8284,300055,0.004242938538004504
2021-11-22,8292,8326,8232,8232,252116,-0.0062771607918880035
2021-11-23,8223,8445,8223,8420,294415,0.022837706511176004
2021-11-24,8428,8540,8386,8437,303558,0.002019002375296841
2021-11-25,8437,8488,8403,8446,263347,0.0010667298802891079
2021-11-26,8445,8445,8215,8284,286336,-0.019180677243665678
2021-11-29,8044,8249,8018,8155,267879,-0.015572187349106703
2021-11-30,8180,8292,7881,7959,417419,-0.02403433476394845
2021-12-01,7967,8061,7907,7916,282354,-0.0054026887799975
2021-12-02,7864,8052,7727,7933,357204,0.0021475492673066476
2021-12-03,8001,8138,7950,8010,318204,0.009706290180259591
2021-12-06,8010,8052,7941,8019,375760,0.0011235955056179137
2021-12-07,8121,8240,8069,8147,214798,0.01596209003616411
2021-12-08,8215,8249,8138,8138,291519,-0.0011047011169755816
2021-12-09,8155,8249,8121,8207,290043,0.008478741705578718
2021-12-10,8198,8249,8189,8207,256603,0.0
2021-12-13,8232,8326,8206,8224,378593,0.002071402461313543
2021-12-14,8180,8257,8129,8181,337674,-0.005228599221789865
2021-12-15,8180,8189,8104,8147,242721,-0.0041559711526708565
2021-12-16,8163,8223,8138,8190,206743,0.005278016447772149
2021-12-17,8198,8326,8180,8241,386853,0.006227106227106205
2021-12-20,8240,8266,8138,8147,293205,-0.011406382720543617
2021-12-21,8180,8215,8095,8130,242217,-0.002086657665398284
2021-12-22,8163,8189,8078,8121,239987,-0.0011070110701106861
2021-12-23,8146,8146,8061,8113,300304,-0.000985100357098867
2021-12-24,8129,8189,8121,8164,227653,0.006286207321582582
2021-12-27,8180,8215,8112,8155,248954,-0.0011024007839294248
2021-12-28,8146,8292,8146,8249,780859,0.011526670754138602
2021-12-29,7898,8035,7873,7873,596573,-0.04558128257970662
2021-12-30,7907,7975,7856,7907,289306,0.004318557093865083
2022-01-03,7941,7941,7847,7848,189191,-0.0074617427595801145
2022-01-04,7915,8052,7881,8044,280116,0.024974515800203934
2022-01-05,8044,8095,7992,8027,218135,-0.0021133764296370483
2022-01-06,8010,8052,7933,7959,157323,-0.008471408994643048
2022-01-07,7967,8078,7967,8027,208445,0.008543786907903028
2022-01-10,8001,8112,8001,8061,319473,0.00423570449732158
2022-01-11,8095,8189,8069,8130,580512,0.008559732043170731
2022-01-12,8138,8198,8121,8181,282216,0.006273062730627332
2022-01-13,8206,8326,8189,8318,526653,0.01674611905635004
2022-01-14,8317,8411,8283,8386,420247,0.008175042077422479
2022-01-17,8411,8411,8146,8155,213735,-0.027545909849749584
2022-01-18,8163,8292,8163,8284,277017,0.015818516247700698
2022-01-19,8249,8591,8180,8531,1292786,0.029816513761467878
2022-01-20,8540,8591,8454,8549,591091,0.0021099519399836453
2022-01-21,8531,8591,8292,8446,423179,-0.012048192771084376
2022-01-24,8343,8386,8138,8181,301009,-0.0313757991948852
2022-01-25,8377,8420,7941,7959,633492,-0.02713604693802718
2022-01-26,8044,8514,8035,8472,985510,0.06445533358462119
2022-01-27,8480,8591,8275,8420,603495,-0.006137865911236995
2022-01-28,8471,8762,8445,8677,810141,0.030522565320665107
2022-02-03,8676,9232,8676,9147,1005058,0.05416618646997806
2022-02-04,9146,9232,9061,9147,496932,0.0
2022-02-07,9146,9189,8976,9061,438703,-0.009401989723406556
2022-02-08,9018,9146,8805,8976,444403,-0.009380863039399667
2022-02-09,9018,9189,8933,9061,317282,0.009469696969697017
2022-02-10,9061,9488,9061,9361,962714,0.03310892837435153
2022-02-11,8976,9061,8719,8762,961641,-0.06398889007584663
2022-02-14,8719,9061,8634,8933,558838,0.019516092216389058
2022-02-15,8890,8890,8377,8437,875905,-0.05552445986790555
2022-02-16,8591,8847,8445,8762,570998,0.03852080123266566
2022-02-17,8847,8976,8676,8805,396194,0.0049075553526591875
2022-02-18,8676,8805,8591,8591,172343,-0.024304372515616124
2022-02-21,8548,8634,8480,8549,168291,-0.004888837155162418
2022-02-22,8514,8540,8360,8378,301639,-0.020002339454907037
2022-02-23,8403,8522,8403,8437,160391,0.007042253521126751
2022-02-24,8437,8505,8300,8352,330728,-0.010074671091620191
2022-02-25,8394,8411,8266,8335,216051,-0.002035440613026851
2022-02-28,8334,8386,8257,8258,149302,-0.009238152369526076
2022-03-02,8198,8206,7950,8001,614044,-0.031121336885444384
2022-03-03,8052,8309,8001,8292,253472,0.036370453693288285
2022-03-04,8283,8420,8172,8369,270056,0.009286058851905477
2022-03-07,8215,8300,7907,7907,831689,-0.05520372804397178
2022-03-08,7864,8052,7864,7967,271611,0.007588212975844222
2022-03-10,8095,8138,8035,8078,154697,0.013932471444709327
2022-03-11,8078,8138,8018,8061,195319,-0.002104481307254269
2022-03-14,8104,8257,8061,8172,314117,0.013770003721622626
2022-03-15,8180,8292,8129,8215,172357,0.005261869799314756
2022-03-16,8334,8334,8180,8198,157871,-0.0020693852708459914
2022-03-17,8240,8292,8189,8190,231787,-0.0009758477677482835
2022-03-18,8189,8249,8112,8113,283540,-0.009401709401709368
2022-03-21,8121,8223,8112,8224,184680,0.013681745346973972
2022-03-22,8266,8463,8249,8412,392494,0.022859922178988246
2022-03-23,8471,8531,8411,8455,236602,0.005111745126010536
2022-03-24,8445,8514,8394,8506,166666,0.00603193376700184
2022-03-25,8497,8497,8377,8420,202649,-0.010110510228074299
2022-03-28,8420,8454,8377,8412,104937,-0.0009501187648456311
2022-03-29,8445,8445,8292,8361,132251,-0.006062767475035646
2022-03-30,8377,8420,8283,8326,140218,-0.004186102140892212
2022-03-31,8309,8454,8309,8412,224986,0.010329089598847041
2022-04-01,8428,8540,8360,8531,331901,0.014146457441749805
2022-04-04,8548,8719,8463,8720,308030,0.02215449536982761
2022-04-05,8762,8762,8505,8634,260105,-0.009862385321100953
2022-04-06,8591,8805,8488,8720,358770,0.009960620801482412
2022-04-07,8762,8890,8676,8848,368156,0.014678899082568808
2022-04-08,8762,8805,8548,8677,288155,-0.01932640144665465
2022-04-11,8676,8890,8591,8891,185956,0.024662901924628278
2022-04-12,8805,8890,8719,8848,111281,-0.004836351366550473
2022-04-13,8805,8847,8634,8677,140753,-0.01932640144665465
2022-04-14,8676,8719,8540,8677,250378,0.0
2022-04-15,8540,8634,8394,8420,452747,-0.029618531750605026
2022-04-18,8480,8634,8463,8549,403081,0.015320665083135454
2022-04-19,8591,8634,8540,8591,228042,0.00491285530471397
2022-04-20,8591,8719,8548,8677,226438,0.010010476079618247
2022-04-21,8676,8719,8514,8531,309633,-0.016826091967269807
2022-04-22,8505,8634,8505,8591,244227,0.0070331731332786696
2022-04-25,8531,8591,8505,8549,334537,-0.004888837155162418
2022-04-26,8548,8591,8531,8591,231153,0.00491285530471397
2022-04-27,8420,8454,8377,8403,356222,-0.021883366313584007
2022-04-28,8420,8497,8386,8472,162812,0.008211353088182882
2022-04-29,8463,8471,8292,8309,367939,-0.019239848914069824
2022-05-02,8309,8437,8309,8437,225497,0.015404982549043211
2022-05-03,8394,8463,8326,8352,153048,-0.010074671091620191
2022-05-04,8351,8394,8317,8318,97243,-0.004070881226053591
2022-05-06,8309,8317,8257,8284,104264,-0.004087521038711239
2022-05-09,8275,8275,8069,8138,209202,-0.01762433606953162
2022-05-10,8052,8138,7958,8087,221309,-0.006266896043253922
2022-05-11,8163,8163,8010,8044,152144,-0.005317175714109057
2022-05-12,7958,8129,7958,8095,144969,0.006340129288910923
2022-05-13,8052,8155,8035,8095,140425,0.0
2022-05-16,8095,8121,8018,8078,141277,-0.002100061766522554
2022-05-17,8095,8215,8086,8121,166921,0.005323099777172491
2022-05-18,8129,8163,8010,8061,193624,-0.007388252678241614
2022-05-19,7958,8069,7941,8019,163811,-0.005210271678451783
2022-05-20,8035,8052,7958,8001,135370,-0.002244668911335568
2022-05-23,8001,8086,7967,8044,97302,0.0053743282089739886
2022-05-24,8078,8095,7967,8001,160486,-0.005345599204375939
2022-05-25,8044,8223,7984,8155,194731,0.01924759405074372
2022-05-26,8172,8223,8086,8087,74506,-0.008338442673206603
2022-05-27,8146,8155,8086,8095,119953,0.0009892419933226204
2022-05-30,8121,8146,8104,8121,76344,0.0032118591723286904
2022-05-31,8138,8249,8112,8241,170076,0.014776505356483227
2022-06-02,8240,8240,8095,8130,104595,-0.013469239170003644
2022-06-03,8129,8172,8121,8147,60774,0.002091020910209185
2022-06-07,8146,8172,8095,8121,94909,-0.0031913587823738654
2022-06-08,8121,8180,8086,8164,115811,0.005294914419406549
2022-06-09,8163,8206,8129,8147,98055,-0.002082312591866753
2022-06-10,8069,8163,7958,7959,313746,-0.023075978887934223
2022-06-13,7933,7958,7779,7822,232805,-0.017213217740922215
2022-06-14,7787,8223,7727,8224,806151,0.05139350549731536
2022-06-15,8129,8163,7975,7993,168580,-0.02808852140077822
2022-06-16,8044,8121,7898,8019,188502,0.0032528462404604053
2022-06-17,7864,8035,7804,8027,213186,0.0009976306272603264
2022-06-20,7933,8027,7745,7830,152776,-0.024542170175657185
2022-06-21,7804,7898,7779,7873,96503,0.0054916985951469766
2022-06-22,7890,7890,7599,7600,356325,-0.034675473136034585
2022-06-23,7676,7702,7403,7403,343022,-0.025921052631578956
2022-06-24,7360,7514,7360,7514,225013,0.014993921383223086
2022-06-27,7522,7599,7437,7489,324211,-0.003327122704285368
2022-06-28,7514,7514,7411,7446,181281,-0.005741754573374336
2022-06-29,7394,7420,7197,7198,476146,-0.03330647327424119
2022-06-30,7240,7257,7129,7181,161324,-0.0023617671575437704
2022-07-01,7180,7343,7163,7232,156154,0.007102074919927537
2022-07-04,7232,7300,7155,7164,143336,-0.009402654867256666
2022-07-05,7206,7385,7189,7369,174617,0.028615298715801263
2022-07-06,7351,7351,7138,7241,206294,-0.017370063780702938
2022-07-07,7240,7326,7180,7189,145657,-0.007181328545781018
2022-07-08,7240,7326,7223,7275,108238,0.011962720823480266
2022-07-11,7326,7334,7232,7241,106977,-0.0046735395189003714
2022-07-12,7189,7360,7180,7232,116037,-0.0012429222483082425
2022-07-13,7232,7266,7180,7258,119845,0.003595132743362761
2022-07-14,7257,7291,7189,7266,94044,0.0011022320198401658
2022-07-15,7240,7300,7155,7164,146035,-0.014037985136250986
2022-07-18,7240,7351,7206,7335,191852,0.023869346733668362
2022-07-19,7309,7377,7283,7318,115842,-0.002317655078391323
2022-07-20,7385,7565,7368,7523,178916,0.028013118338343856
2022-07-21,7497,7668,7488,7642,164413,0.01581815764987371
2022-07-22,7642,7736,7616,7702,173455,0.007851347814708198
2022-07-25,7685,7753,7633,7728,100482,0.0033757465593351466
2022-07-26,7668,7727,7582,7608,84418,-0.01552795031055898
2022-07-27,7565,7710,7565,7711,179074,0.013538380651945348
2022-07-28,7745,7745,7650,7711,68077,0.0
2022-07-29,7685,7702,7531,7531,278354,-0.02334327583970952
2022-08-01,7591,7591,7462,7471,147917,-0.007967069446288666
2022-08-02,7480,7514,7360,7386,161708,-0.011377325659215676
2022-08-03,7385,7505,7385,7489,81471,0.013945301922556164
2022-08-04,7522,7539,7445,7531,80595,0.005608225397249367
2022-08-05,7565,7625,7505,7506,120553,-0.003319612269286898
2022-08-08,7505,7582,7505,7523,56682,0.002264854782840331
2022-08-09,7394,7514,7394,7429,164067,-0.012495015286454914
2022-08-10,7420,7445,7351,7360,127727,-0.009287925696594423
2022-08-11,7385,7462,7385,7446,44406,0.011684782608695654
2022-08-12,7445,7531,7377,7429,135409,-0.0022831050228310223
2022-08-16,7385,7394,7326,7386,217111,-0.0057881276080226085
2022-08-17,7360,7394,7326,7335,111130,-0.006904955320877315
2022-08-18,7334,7411,7309,7360,62910,0.0034083162917519783
2022-08-19,7403,7420,7360,7377,78999,0.002309782608695743
2022-08-22,7351,7351,7266,7266,81872,-0.015046766978446535
2022-08-23,7249,7309,7197,7232,98683,-0.0046793283787502915
2022-08-24,7206,7257,7180,7198,81803,-0.004701327433628277
2022-08-25,7232,7240,7172,7198,91577,0.0
2022-08-26,7240,7266,7163,7164,99835,-0.004723534315087541
2022-08-29,7120,7180,7095,7164,121019,0.0
2022-08-30,7138,7232,7138,7164,88250,0.0
2022-08-31,7155,7180,7103,7138,172745,-0.003629257398101604
2022-09-01,7146,7146,7044,7053,143384,-0.011908097506304283
2022-09-02,7052,7086,7009,7053,80568,0.0
2022-09-05,7044,7078,6915,6950,146037,-0.01460371473132005
2022-09-06,6992,7026,6907,6976,77640,0.0037410071942445278
2022-09-07,6975,6984,6830,6847,151154,-0.018491972477064245
2022-09-08,6855,6890,6787,6796,185284,-0.00744851759894849
2022-09-13,6873,6984,6847,6967,92198,0.025161859917598672
2022-09-14,6915,6941,6813,6907,87612,-0.008612028132625182
2022-09-15,6941,6941,6847,6865,68714,-0.006080787606775773
2022-09-16,6847,6881,6736,6736,214696,-0.01879096868171881
2022-09-19,6719,6796,6676,6719,112068,-0.002523752969121107
2022-09-20,6744,6813,6710,6770,75360,0.007590415240363191
2022-09-21,6770,6907,6761,6822,99630,0.007680945347119605
2022-09-22,6855,6992,6770,6993,202281,0.02506596306068598
2022-09-23,6984,6992,6838,6984,177914,-0.0012870012870013214
2022-09-26,6855,6907,6710,6736,193975,-0.03550973654066436
2022-09-27,6736,6881,6710,6762,198660,0.0038598574821853138
2022-09-28,6761,6796,6573,6711,243985,-0.007542147293700063
2022-09-29,6744,6744,6590,6608,208196,-0.015347936224109682
2022-09-30,6573,6710,6462,6711,326266,0.0155871670702179
2022-10-04,6659,6727,6582,6694,176907,-0.0025331545224258623
2022-10-05,6693,6710,6496,6557,246929,-0.020466089034956725
2022-10-06,6539,6556,6462,6471,172600,-0.013115754155863968
2022-10-07,6462,6531,6437,6514,146898,0.006645031679802127
2022-10-11,6428,6445,6308,6360,265030,-0.02364138778016578
2022-10-12,6317,6325,6231,6292,215114,-0.010691823899371067
2022-10-13,6300,6317,6120,6198,277197,-0.014939605848696802
2022-10-14,6231,6274,6172,6240,267038,0.006776379477250627
2022-10-17,6223,6308,6146,6266,181001,0.004166666666666652
2022-10-18,6308,6343,6214,6343,200280,0.012288541334184444
2022-10-19,6351,6377,6283,6283,75564,-0.009459246413369038
2022-10-20,6317,6317,6189,6240,466632,-0.006843864395989163
2022-10-21,6266,6351,6231,6300,117692,0.009615384615384581
2022-10-24,6394,6428,6240,6411,212375,0.017619047619047645
2022-10-25,6428,6428,6214,6240,173294,-0.026672905942910607
2022-10-26,6240,6283,6112,6129,147776,-0.017788461538461586
2022-10-27,6137,6180,6112,6146,193435,0.002773698808941072
2022-10-28,6120,6266,6120,6266,220191,0.019524894240156243
2022-10-31,6266,6283,6206,6283,127294,0.0027130545802744876
2022-11-01,6257,6291,6223,6258,117146,-0.003978990927900661
2022-11-02,6257,6266,6214,6215,286668,-0.006871204857782032
2022-11-03,6206,6206,6137,6206,160600,-0.0014481094127112293
2022-11-04,6163,6206,6120,6206,236785,0.0
2022-11-07,6206,6274,6137,6275,213384,0.011118272639381255
2022-11-08,6266,6428,6223,6317,242815,0.006693227091633558
2022-11-09,6351,6402,6283,6352,194768,0.005540604717429121
2022-11-10,6343,6343,6266,6275,170465,-0.012122166246851362
2022-11-11,6360,6368,6266,6326,416301,0.008127490039840701
2022-11-14,6368,6625,6360,6608,463525,0.04457793234271268
2022-11-15,6633,6693,6582,6685,275156,0.01165254237288127
2022-11-16,6736,6736,6608,6694,242163,0.001346297681376285
2022-11-17,6693,6702,6625,6634,129850,-0.008963250672243794
2022-11-18,6667,6719,6650,6668,211690,0.0051251130539644585
2022-11-21,6702,6702,6642,6685,136643,0.002549490101979579
2022-11-22,6684,6736,6667,6736,397162,0.007629020194465319
2022-11-23,6710,6992,6710,6993,368437,0.03815320665083144
2022-11-24,6958,7052,6932,7018,331681,0.0035750035750035103
2022-11-25,7009,7052,6924,6924,167042,-0.013394129381590236
2022-11-28,6915,6975,6864,6924,114674,0.0
2022-11-29,7009,7497,7009,7121,1437803,0.028451761987290602
2022-11-30,7120,7266,7061,7181,630139,0.00842578289566065
2022-12-01,7249,7249,7112,7164,264059,-0.0023673583066424753
2022-12-02,7138,7232,7138,7189,230133,0.0034896705750977475
2022-12-05,7180,7334,7163,7206,194903,0.0023647238837112283
2022-12-06,7197,7360,7180,7266,285186,0.008326394671107407
2022-12-07,7240,7317,7232,7300,184786,0.0046793283787502915
2022-12-08,7283,7334,7240,7318,167049,0.002465753424657491
2022-12-09,7291,7480,7283,7480,355154,0.022137195955179045
2022-12-12,7470,7470,7240,7360,259275,-0.016042780748663055
2022-12-13,7350,7410,7070,7150,409261,-0.028532608695652217
2022-12-14,7170,7190,7080,7080,169019,-0.009790209790209836
2022-12-15,7070,7100,6990,7060,217926,-0.0028248587570621764
2022-12-16,6980,7130,6980,7100,346902,0.0056657223796034994
2022-12-19,7110,7180,7070,7080,186192,-0.0028169014084507005
2022-12-20,7080,7150,7040,7130,284841,0.007062146892655274
2022-12-21,7130,7400,7110,7380,247170,0.035063113604488105
2022-12-22,7380,7400,7300,7330,122860,-0.006775067750677488
2022-12-23,7370,7410,7300,7380,98777,0.006821282401091366
2022-12-26,7310,7430,7300,7400,108967,0.0027100271002709064
2022-12-27,7370,7490,7300,7450,249114,0.006756756756756799
2022-12-28,7070,7150,6920,6990,463391,-0.06174496644295302
2022-12-29,6980,6980,6790,6810,232908,-0.025751072961373356
2023-01-02,6810,6900,6610,6630,184505,-0.026431718061673992
2023-01-03,6500,6690,6430,6650,193206,0.003016591251885359
2023-01-04,6550,7080,6550,7050,323707,0.06015037593984962
2023-01-05,7050,7250,7040,7240,476717,0.026950354609929006
2023-01-06,7240,7320,7160,7190,316116,-0.006906077348066253
2023-01-09,7190,7250,7150,7200,253201,0.0013908205841446364
2023-01-10,7110,7270,7110,7240,208586,0.005555555555555536
2023-01-11,7240,7240,7100,7220,181593,-0.002762430939226568
2023-01-12,7280,7280,7090,7160,264041,-0.008310249307479256
2023-01-13,7200,7210,7100,7160,281250,0.0
2023-01-16,7120,7300,7120,7220,241549,0.008379888268156499
2023-01-17,7220,7520,7170,7460,690117,0.0332409972299168
2023-01-18,7500,7680,7470,7620,757612,0.02144772117962468
2023-01-19,7630,7870,7580,7830,590472,0.027559055118110187
2023-01-20,7790,7860,7740,7750,232571,-0.010217113665389577
2023-01-25,7760,7790,7540,7560,307317,-0.024516129032258083
2023-01-26,7560,7660,7480,7530,188618,-0.003968253968253954
2023-01-27,7540,7730,7460,7700,354958,0.02257636122177953
2023-01-30,7650,7700,7500,7500,275431,-0.025974025974025983
2023-01-31,7590,7650,7390,7540,276135,0.005333333333333412
2023-02-01,7500,8000,7500,7740,947271,0.02652519893899208
2023-02-02,7810,7850,7510,7530,426383,-0.027131782945736482
2023-02-03,7510,7630,7480,7490,282090,-0.005312084993359889
2023-02-06,7600,7740,7510,7660,331522,0.022696929238985364
2023-02-07,7670,7730,7510,7580,248923,-0.010443864229765065
2023-02-08,7650,7660,7570,7580,106884,0.0
2023-02-09,7670,7670,7540,7540,172244,-0.00527704485488123
2023-02-10,7560,7800,7540,7770,297890,0.0305039787798409
2023-02-13,7770,7810,7640,7770,114916,0.0
2023-02-14,7740,7820,7680,7750,160446,-0.002574002574002532
2023-02-15,7760,7760,7630,7670,238072,-0.010322580645161339
2023-02-16,7670,7750,7580,7700,220925,0.003911342894393766
2023-02-17,7810,7930,7760,7790,525498,0.011688311688311748
2023-02-20,7890,7900,7680,7730,204628,-0.007702182284980763
2023-02-21,7730,7840,7730,7760,160051,0.0038809831824062613
2023-02-22,7760,7840,7630,7810,357050,0.006443298969072142
2023-02-23,7770,7950,7770,7900,276554,0.011523687580025532
2023-02-24,7960,8050,7850,8000,390332,0.012658227848101333
2023-02-27,7950,8290,7890,8260,911336,0.03249999999999997
2023-02-28,8260,8330,8160,8160,592879,-0.01210653753026636
2023-03-02,8170,8300,8070,8270,414205,0.013480392156862697
2023-03-03,8270,8300,8020,8130,303207,-0.016928657799274438
2023-03-06,8150,8150,7880,7900,312255,-0.028290282902828978
2023-03-07,7910,8030,7830,7920,243233,0.0025316455696202667
2023-03-08,7920,7980,7840,7860,208288,-0.007575757575757569
2023-03-09,7850,8140,7810,8030,293234,0.021628498727735312
2023-03-10,8030,8070,7740,7830,395086,-0.02490660024906599
2023-03-13,7760,7900,7630,7800,276738,-0.003831417624521105
2023-03-14,7810,7820,7490,7520,372391,-0.03589743589743588
2023-03-15,7600,7720,7570,7690,154917,0.022606382978723305
2023-03-16,7640,7640,7440,7450,205288,-0.031209362808842678
2023-03-17,7550,7550,7220,7270,369239,-0.024161073825503365
2023-03-20,7290,7330,7120,7120,385143,-0.02063273727647863
2023-03-21,7190,7310,7110,7240,155165,0.016853932584269593
2023-03-22,7240,7370,7230,7320,141689,0.011049723756906049
2023-03-23,7290,7430,7160,7180,281389,-0.01912568306010931
