Date,Open,High,Low,Close,Volume,Change
2015-01-02,29505,29663,27956,28462,192009,-0.02806993580112005
2015-01-05,28177,29157,27639,27988,215998,-0.016653783992692017
2015-01-06,27797,27892,26280,26312,211876,-0.05988280691725023
2015-01-07,26311,27544,26248,26659,166598,0.013187899057464314
2015-01-08,26722,27291,26406,26976,106395,0.011890918639108738
2015-01-09,26975,27608,26944,27418,107027,0.01638493475682079
2015-01-12,27418,27734,26596,27292,172975,-0.004595521190458807
2015-01-13,27323,27608,26469,26818,230791,-0.017367726806390205
2015-01-14,27038,27355,26564,26786,127432,-0.0011932284286673145
2015-01-15,27070,27102,26185,26501,116669,-0.010639886507877283
2015-01-16,26280,26754,25426,25964,127204,-0.020263386287309948
2015-01-19,25995,27450,25995,27165,167513,0.04625635495301195
2015-01-20,27608,28272,27450,27861,222485,0.025621203754831567
2015-01-21,27987,27987,27133,27798,120653,-0.002261225368795139
2015-01-22,28114,29315,28019,29095,193591,0.046658032952010986
2015-01-23,29410,29410,28525,28557,121680,-0.01849114968207599
2015-01-26,28588,29031,28145,28589,100690,0.0011205658857722511
2015-01-27,28588,28778,28050,28114,91729,-0.01661478190912591
2015-01-28,27861,28588,27861,28114,71982,0.0
2015-01-29,28114,28367,27386,27450,109565,-0.023618126200469547
2015-01-30,27987,29663,27639,29126,309412,0.06105646630236805
2015-02-02,29126,29221,27924,28177,230483,-0.03258257227219663
2015-02-03,28525,28841,27924,28399,91905,0.00787876636973417
2015-02-04,28588,28683,27892,28367,121785,-0.0011268002394450027
2015-02-05,28019,28493,28019,28462,72085,0.0033489618218351946
2015-02-06,28620,28778,28145,28652,102077,0.006675567423231055
2015-02-09,28651,29189,28303,29095,125801,0.015461398855228348
2015-02-10,29094,29379,28525,28747,100039,-0.0119608180099674
2015-02-11,29094,29157,28430,28525,92471,-0.0077225449612133845
2015-02-12,27829,28651,26880,28620,173150,0.003330411919368892
2015-02-13,28715,30074,28715,29411,270754,0.027638015373864455
2015-02-16,29379,29853,28904,29126,131256,-0.009690251946550599
2015-02-17,29221,29284,28398,28652,123594,-0.016274119343541837
2015-02-23,28809,31181,28809,31087,466769,0.08498534133742841
2015-02-24,31213,31498,30454,31466,266220,0.012191591340431795
2015-02-25,31624,33205,31181,32257,398472,0.02513824445433155
2015-02-26,32257,33047,31782,32415,175746,0.004898161639334209
2015-02-27,32098,32415,31150,31625,220495,-0.02437143297855926
2015-03-02,31086,32257,30897,32099,163156,0.014988142292490014
2015-03-03,31782,32415,31181,31308,177484,-0.024642512227795232
2015-03-04,31308,31940,31150,31403,115319,0.0030343682125975047
2015-03-05,31592,32257,31403,31498,156184,0.0030251886762411306
2015-03-06,31624,32098,30960,31119,131709,-0.012032510000634988
2015-03-09,30992,31498,30833,31119,84937,0.0
2015-03-10,31181,31276,29157,29822,275127,-0.04167871718242877
2015-03-11,29126,30169,28999,29854,125759,0.0010730333310977613
2015-03-12,29790,30928,29568,30929,133770,0.03600857506531785
2015-03-13,30928,31403,30707,30802,92216,-0.004106178667270255
2015-03-16,30833,30897,30074,30549,96889,-0.00821375235374322
2015-03-17,30644,31023,30486,30897,96111,0.011391534911126433
2015-03-18,30928,31086,30296,30328,101480,-0.018416027446030325
2015-03-19,30327,30770,29853,30328,100956,0.0
2015-03-20,30201,30327,28746,29253,228278,-0.03544579266684256
2015-03-23,29474,29885,29252,29822,87446,0.01945099647899351
2015-03-24,29853,30043,29031,29126,135326,-0.023338474951378196
2015-03-25,29094,29094,28335,28462,205982,-0.022797500515003732
2015-03-26,28462,28936,27671,28083,141812,-0.01331600028107649
2015-03-27,28303,28683,28114,28525,116825,0.015739059217320106
2015-03-30,28556,28651,28367,28494,102641,-0.0010867659947414454
2015-03-31,28493,29315,28493,28683,116321,0.006632975363234372
2015-04-01,28683,28809,28145,28462,155492,-0.0077049123174005585
2015-04-02,28335,28715,28240,28715,118878,0.008889045042512755
2015-04-03,28809,28904,28525,28683,68711,-0.0011144001392999758
2015-04-06,28683,28936,28493,28747,82389,0.002231286824948553
2015-04-07,28588,28841,28145,28652,121144,-0.0033046926635822427
2015-04-08,28556,28620,28209,28430,94924,-0.007748150216389749
2015-04-09,28588,28588,28082,28367,95075,-0.002215969046781563
2015-04-10,28367,28873,28145,28873,107430,0.01783762822998547
2015-04-13,28936,28968,28398,28557,129775,-0.010944481003013151
2015-04-14,28620,29600,28493,29601,191256,0.03655846202332169
2015-04-15,29727,29790,29094,29411,125782,-0.006418702070876026
2015-04-16,29505,29568,28778,28905,112482,-0.0172044473156302
2015-04-17,28904,29284,28873,29000,80686,0.0032866286109669574
2015-04-20,28809,28968,28556,28620,84578,-0.013103448275862073
2015-04-21,28778,28873,28462,28589,85129,-0.0010831586303284846
2015-04-22,28525,28715,27924,28146,178615,-0.015495470285774249
2015-04-23,28082,32257,27892,32257,1056022,0.1460598308818304
2015-04-24,33996,36368,28620,29189,3189082,-0.09511113866757603
2015-04-27,30833,33522,30138,33522,1134792,0.1484463325225256
2015-04-28,33680,36051,32573,34155,1165165,0.018883121532128122
2015-04-29,34628,35735,32573,33364,510472,-0.023159127506953592
2015-04-30,33205,33363,31624,32099,294036,-0.03791511809135595
2015-05-04,32415,32573,31086,31941,264199,-0.004922271721860549
2015-05-06,31150,31592,30296,30613,229384,-0.04157665696127233
2015-05-07,30612,32098,30391,30960,225366,0.01133505373534116
2015-05-08,30928,31624,30865,30929,91675,-0.0010012919896640327
2015-05-11,31213,31940,30928,31213,111411,0.009182320799249855
2015-05-12,31434,31466,30865,30929,103552,-0.009098772947169431
2015-05-13,30675,30770,29758,29759,206822,-0.03782857512367033
2015-05-14,29758,31561,29442,31150,181076,0.04674216203501458
2015-05-15,31181,31276,30391,30549,107239,-0.019293739967897294
2015-05-18,30580,31245,30327,30613,100022,0.002094994926184146
2015-05-19,30833,31055,30201,30486,114368,-0.004148564335413107
2015-05-20,30992,32098,30770,31119,227165,0.020763629206849155
2015-05-21,31118,31308,30486,30549,110231,-0.018316783958353455
2015-05-22,30549,31055,30074,30676,88988,0.0041572555566466995
2015-05-26,30675,31023,30169,30834,99961,0.0051506063372017685
2015-05-27,30992,30992,30201,30676,157070,-0.0051242135305182845
2015-05-28,30897,31529,30675,30960,142294,0.00925805189724871
2015-05-29,31023,32257,30644,31783,194962,0.026582687338501332
2015-06-01,31782,32098,30802,30897,116678,-0.027876537771764798
2015-06-02,30549,30644,29284,29885,185125,-0.03275398906042659
2015-06-03,29505,30043,29062,29537,92600,-0.011644637778149614
2015-06-04,29347,29410,28715,29253,148183,-0.009615059078443955
2015-06-05,29157,29790,28936,29537,63249,0.009708405975455525
2015-06-08,29126,29315,28620,28715,97634,-0.027829501980566773
2015-06-09,28462,29126,28398,29031,80895,0.011004701375587622
2015-06-10,29094,29157,28398,28905,101872,-0.00434018807481662
2015-06-11,28968,30992,28936,30992,181945,0.07220204116934781
2015-06-12,30960,30992,29252,29253,133068,-0.05611125451729482
2015-06-15,29252,29537,28462,29221,59417,-0.0010939048986429167
2015-06-16,28809,29189,28493,28652,62542,-0.019472297320420218
2015-06-17,28525,28746,28177,28589,65898,-0.0021987993857321975
2015-06-18,28462,28778,28303,28525,53321,-0.0022386232467033196
2015-06-19,28620,28746,28272,28367,68657,-0.005539000876424227
2015-06-22,28367,28809,28367,28620,44421,0.008918814114992735
2015-06-23,28778,28841,28430,28589,69048,-0.0010831586303284846
2015-06-24,28525,28746,28398,28589,45525,0.0
2015-06-25,28620,28683,28335,28336,63990,-0.008849557522123908
2015-06-26,28145,29031,28145,28873,83021,0.01895115753811405
2015-06-29,28430,28430,27544,27703,111841,-0.040522287257991896
2015-06-30,27355,27956,27197,27513,106505,-0.00685846298234849
2015-07-01,27386,28082,27291,27988,79714,0.017264565841602186
2015-07-02,28462,28525,27734,27766,93678,-0.007931970844647696
2015-07-03,27671,28145,27513,27735,65498,-0.0011164733847150998
2015-07-06,27576,27956,27228,27830,75315,0.003425274923382071
2015-07-07,27861,28493,27481,28494,102755,0.023859144807761412
2015-07-08,29189,29189,27987,28430,71635,-0.0022460868954867763
2015-07-09,28430,28462,27671,28462,59130,0.0011255715793176968
2015-07-10,28462,28683,28240,28399,37762,-0.0022134776192818117
2015-07-13,28177,28398,27892,28146,61032,-0.00890876439311239
2015-07-14,28145,28209,27797,27830,64879,-0.011227172600014157
2015-07-15,27797,28145,27608,27830,44457,0.0
2015-07-16,27829,27892,27355,27893,103481,0.00226374416097741
2015-07-17,27924,27987,27260,27766,83542,-0.004553113684437005
2015-07-20,27544,27924,27386,27798,65023,0.0011524886551899094
2015-07-21,27861,28651,27608,28494,95600,0.02503777250161887
2015-07-22,28525,28651,28145,28557,101424,0.002210991787744865
2015-07-23,28588,28873,28367,28589,97403,0.0011205658857722511
2015-07-24,28588,28588,28240,28399,59879,-0.006645912763650341
2015-07-27,27639,28778,27608,28399,68309,0.0
2015-07-28,28303,28525,27892,28399,69001,0.0
2015-07-29,28430,28936,28177,28715,83770,0.011127152364519777
2015-07-30,28904,29474,28809,29095,104393,0.013233501654187796
2015-07-31,29094,29157,28462,28462,65799,-0.021756315518130287
2015-08-03,28145,28778,27861,28019,62475,-0.01556461246574381
2015-08-04,27892,28177,27892,28019,26992,0.0
2015-08-05,28209,28525,28177,28430,43208,0.014668617723687438
2015-08-06,28651,28904,28430,28715,48014,0.010024621878297557
2015-08-07,28778,29252,28588,28747,52029,0.0011144001392999758
2015-08-10,28936,28936,28177,28367,48497,-0.013218770654329193
2015-08-11,28177,28525,27544,27545,89415,-0.02897733281630066
2015-08-12,27734,30043,27608,27893,205988,0.012633871846070122
2015-08-13,28082,28335,27703,28146,57653,0.009070376080020148
2015-08-17,28145,28145,27481,27513,62090,-0.02248987422724369
2015-08-18,27513,27734,27070,27229,58850,-0.010322393050557932
2015-08-19,27102,27291,25521,26122,88238,-0.04065518381137756
2015-08-20,24856,26121,24856,25426,72703,-0.02664420794732414
2015-08-21,23718,25679,23718,25679,123368,0.009950444426964467
2015-08-24,25299,25995,25015,25616,55347,-0.002453366564118542
2015-08-25,25615,26466,25362,25711,68296,0.003708619612742048
2015-08-26,25932,27070,25774,26438,94447,0.028275835245614722
2015-08-27,27102,27165,26438,26691,61281,0.009569558968151926
2015-08-28,26564,26880,26438,26881,59485,0.007118504364767242
2015-08-31,26691,27291,26532,27292,50885,0.01528960976154159
2015-09-01,26944,27133,26501,26565,41750,-0.026637842591235472
2015-09-02,25932,26659,25932,26343,27365,-0.008356860530773558
2015-09-03,26248,26691,26248,26438,19850,0.0036062711156663596
2015-09-04,26280,26691,25932,25932,29519,-0.01913911793630385
2015-09-07,25963,26469,25647,26217,14970,0.010990282276723828
2015-09-08,26216,26343,25868,25901,23516,-0.01205324789258877
2015-09-09,26311,26343,25868,26248,28576,0.013397166132581795
2015-09-10,26248,27197,26248,27197,60236,0.03615513562938122
2015-09-11,26880,27323,26691,26723,26283,-0.01742839283744535
2015-09-14,26722,27038,26374,26691,25312,-0.001197470343898499
2015-09-15,26691,27038,26469,26691,18121,0.0
2015-09-16,26975,27671,26817,27165,56994,0.017758795099471758
2015-09-17,27671,27766,27197,27260,41463,0.003497147064237094
2015-09-18,27165,27671,27038,27355,32052,0.0034849596478356837
2015-09-21,27291,27450,26849,27039,38743,-0.011551818680314407
2015-09-22,27007,27892,27007,27513,51969,0.017530234106290843
2015-09-23,27418,27956,27260,27260,53582,-0.009195652964053336
2015-09-24,27544,27544,27070,27324,24745,0.0023477622890681893
2015-09-25,27323,27797,27197,27703,36451,0.01387058995754642
2015-09-30,27197,27861,27197,27640,33403,-0.0022741219362524268
2015-10-01,27639,28082,27639,27988,58528,0.012590448625180883
2015-10-02,28209,28272,27829,27830,37808,-0.005645276547091571
2015-10-05,27829,28272,27703,27798,32533,-0.0011498383039885152
2015-10-06,27608,27829,27418,27545,40345,-0.009101374199582679
2015-10-07,27291,27544,26944,26976,55372,-0.020657106552913418
2015-10-08,27133,27987,26912,27956,55810,0.036328588374851645
2015-10-12,27829,28556,27766,28051,35444,0.0033981971669767574
2015-10-13,27987,28462,27924,28209,41978,0.005632597768350456
2015-10-14,28462,28462,27956,28336,32049,0.004502109255911213
2015-10-15,28335,28367,28082,28177,26344,-0.00561123658949747
2015-10-16,27892,28335,27734,27735,27738,-0.015686552862263503
2015-10-19,27576,28177,27576,27830,26664,0.003425274923382071
2015-10-20,27703,28082,27703,27766,25903,-0.0022996766079770303
2015-10-21,27703,27956,27355,27608,38020,-0.005690412734999595
2015-10-22,27513,27671,27038,27134,38360,-0.017168936540133295
2015-10-23,27481,27513,27038,27102,35751,-0.0011793322031399267
2015-10-26,27418,27481,27007,27165,35758,0.002324551693601906
2015-10-27,27355,27513,26754,26944,30126,-0.008135468433646209
2015-10-28,26975,27197,26406,26565,37594,-0.014066211401425166
2015-10-29,26406,26722,26121,26217,51715,-0.0130999435347261
2015-10-30,26248,26532,25995,26185,43930,-0.001220582065072251
2015-11-02,26248,26406,25710,25932,73059,-0.009662020240595814
2015-11-03,25963,26627,25900,26122,55416,0.007326854851149145
2015-11-04,26374,26596,25932,26343,42405,0.008460301661434855
2015-11-05,26659,26817,26027,26154,49277,-0.007174581482746856
2015-11-06,26090,26374,26090,26217,25684,0.00240880935994503
2015-11-09,26532,26532,25805,26217,47780,0.0
2015-11-10,26216,26216,25204,25300,82469,-0.034977304802227605
2015-11-11,24951,25457,24635,24667,65827,-0.025019762845849836
2015-11-12,24698,25141,24603,24604,38789,-0.002554019540276453
2015-11-13,24509,24825,24224,24351,40187,-0.010282880832384933
2015-11-16,23528,24319,23528,24066,49824,-0.011703831464826897
2015-11-17,24287,24635,24066,24256,24502,0.00789495553893449
2015-11-18,24319,24477,23844,24066,37793,-0.007833113456464424
2015-11-19,24066,24445,23844,24414,16149,0.014460234355522239
2015-11-20,24477,24888,24129,24762,52237,0.014254116490538316
2015-11-23,24793,25046,24509,24983,30388,0.008924965673208884
2015-11-24,25204,25268,24825,24952,28258,-0.0012408437737662092
2015-11-25,24983,25141,24793,24983,33506,0.0012423853799294893
2015-11-26,25236,25236,24667,24825,49910,-0.006324300524356508
2015-11-27,24920,24920,24382,24541,36288,-0.01144008056394763
2015-11-30,25141,25141,23939,24161,52080,-0.015484291593659605
2015-12-01,24034,24951,24034,24730,38212,0.023550349737179843
2015-12-02,24856,24856,24572,24636,59136,-0.0038010513546300473
2015-12-03,24382,25078,24382,24667,46873,0.0012583211560317498
2015-12-04,24382,24888,24382,24604,39842,-0.002554019540276453
2015-12-07,24603,24920,24382,24414,26981,-0.007722321573727875
2015-12-08,24414,24603,23718,24035,49672,-0.015523879741132118
2015-12-09,24192,24192,23528,23718,50405,-0.013189099230289214
2015-12-10,23591,23876,23307,23434,47665,-0.011974028164263406
2015-12-11,23560,23813,23307,23560,26567,0.005376802935905145
2015-12-14,23718,24256,23370,23687,63952,0.005390492359932164
2015-12-15,23623,23908,23275,23465,27847,-0.009372229492970785
2015-12-16,23497,24762,23497,24636,66219,0.04990411250799065
2015-12-17,24825,25394,24762,25395,55113,0.030808572820262947
2015-12-18,25299,25394,24793,25110,32221,-0.011222681630242204
2015-12-21,25489,25489,24698,24983,22319,-0.005057745917960932
2015-12-22,24825,25268,24572,24920,24717,-0.0025217147660409056
2015-12-23,25046,25615,24730,25173,43003,0.01015248796147672
2015-12-24,25489,25615,25046,25078,31736,-0.0037738847177531953
2015-12-28,25078,25268,24951,25142,30868,0.0025520376425551827
2015-12-29,24730,25204,24667,24762,19892,-0.015114151618805138
2015-12-30,24825,25204,24477,24509,34702,-0.010217268395121604
2016-01-04,24951,24983,24319,24446,83243,-0.002570484311885446
2016-01-05,24414,24856,24224,24477,34557,0.0012681011208377502
2016-01-06,24445,24635,24034,24288,55314,-0.00772153450177715
2016-01-07,24445,24445,23844,23940,44934,-0.014328063241106692
2016-01-08,23591,23939,23307,23529,62541,-0.01716791979949872
2016-01-11,23528,24287,23338,23687,35574,0.006715117514556557
2016-01-12,23971,23971,23402,23402,26715,-0.012031916240976104
2016-01-13,23402,23844,23307,23402,36226,0.0
2016-01-14,23244,23971,23212,23529,31636,0.005426886590889746
2016-01-15,23718,23718,23149,23276,42292,-0.010752688172043001
2016-01-18,23528,23528,22485,22738,66228,-0.023113937102594906
2016-01-19,22738,22738,21314,21441,164499,-0.057041076611839214
2016-01-20,21504,21536,19385,19734,205421,-0.07961382398209038
2016-01-21,18784,20429,18784,20018,141025,0.014391405695753479
2016-01-22,19986,20555,19986,20429,56087,0.020531521630532623
2016-01-25,20366,20777,19955,20050,85070,-0.018552058348426215
2016-01-26,19860,20176,19670,19923,60334,-0.006334164588528646
2016-01-27,19923,20524,19860,20398,78330,0.023841790894945536
2016-01-28,20081,20998,20081,20872,65239,0.02323757231101098
2016-01-29,20998,21346,20334,20682,79739,-0.009103104637792292
2016-02-01,20397,20745,20302,20619,46181,-0.003046127067014792
2016-02-02,20397,21093,20302,20366,69172,-0.012270236189921957
2016-02-03,20334,20619,20208,20429,43928,0.0030933909456938302
2016-02-04,20840,20840,20081,20619,27815,0.009300504185226988
2016-02-05,20524,22295,20524,21821,129051,0.0582957466414471
2016-02-11,21188,21441,20935,21441,56424,-0.017414417304431495
2016-02-12,21156,21473,20555,20809,85529,-0.02947623711580616
2016-02-15,21030,21567,20808,21125,40128,0.015185736940746875
2016-02-16,21536,21852,21093,21853,49082,0.03446153846153854
2016-02-17,22295,22548,22073,22200,58742,0.0158788267057155
2016-02-18,22674,22738,22200,22612,40369,0.01855855855855859
2016-02-19,22927,22959,22358,22612,44049,0.0
2016-02-22,22674,22959,22390,22675,46696,0.0027861312577392994
2016-02-23,22769,23623,22769,23118,61760,0.019536934950385998
2016-02-24,23117,23370,22516,23307,40596,0.008175447703088423
2016-02-25,23022,23686,23022,23371,44862,0.0027459561505127628
2016-02-26,23528,23876,23402,23813,42166,0.018912327243164606
2016-02-29,23813,25109,23750,24889,84474,0.045185402931172014
2016-03-02,25204,25204,24635,24794,54784,-0.003816947245771196
2016-03-03,24793,25015,24667,24983,43907,0.007622811970638077
2016-03-04,25236,25362,24951,25173,57410,0.007605171516631204
2016-03-07,25426,26090,25299,25869,71611,0.027648671195328323
2016-03-08,26406,26406,25141,25679,69093,-0.007344698287525597
2016-03-09,25868,26090,25679,26090,44980,0.016005296156392346
2016-03-10,26216,26880,26153,26533,64051,0.016979685703334635
2016-03-11,26121,26564,26027,26122,39752,-0.015490144348547119
2016-03-14,26121,26343,25837,26027,41830,-0.0036367812571778124
2016-03-15,26248,26248,25615,25616,40926,-0.01579129365658738
2016-03-16,25615,26090,25173,25616,90361,0.0
2016-03-17,25774,25995,25615,25837,51275,0.008627420362273597
2016-03-18,25647,26121,25584,25806,49727,-0.0011998297015907156
2016-03-21,25742,26027,25521,25774,32089,-0.0012400217003797342
2016-03-22,25963,26501,25552,26406,62874,0.0245208349499495
2016-03-23,26691,26691,25868,26185,65567,-0.008369310005301833
2016-03-24,25995,26153,25679,25869,29556,-0.012067977849914091
2016-03-25,25868,26090,25805,25837,26719,-0.0012370018168463837
2016-03-28,25900,26280,25900,26154,49768,0.012269226303363467
2016-03-29,26406,26532,26090,26501,33202,0.013267569014299818
2016-03-30,26532,26564,26058,26154,34361,-0.013093845515263602
2016-03-31,26248,26343,26121,26122,19486,-0.0012235222145752234
2016-04-01,26121,26469,25900,25901,53816,-0.008460301661434855
2016-04-04,25710,25900,24730,25047,58846,-0.03297169993436544
2016-04-05,24951,25331,24730,25110,18391,0.002515271289974752
2016-04-06,24888,25236,24350,24477,50022,-0.025209080047789767
2016-04-07,24509,24540,23781,24098,60285,-0.015483923683457967
2016-04-08,24161,24224,23718,23877,49367,-0.00917088555066814
2016-04-11,23623,24730,23623,24414,81291,0.022490262595803445
2016-04-12,24414,24793,24382,24509,38868,0.0038912099614976103
2016-04-14,24414,24856,24382,24857,54576,0.014198865722795606
2016-04-15,24698,25109,24698,24825,47176,-0.001287363720481105
2016-04-18,24730,25046,24540,24889,23467,0.0025780463242699447
2016-04-19,24856,25046,24730,24889,29839,0.0
2016-04-20,25015,25173,24509,24636,32366,-0.01016513319136969
2016-04-21,24667,24793,24382,24667,70488,0.0012583211560317498
2016-04-22,24730,25046,24540,24667,88515,0.0
2016-04-25,24635,24762,24477,24667,47099,0.0
2016-04-26,24667,24983,24477,24889,68459,0.008999878380021809
2016-04-27,24762,25141,24603,24952,35980,0.0025312386998272984
2016-04-28,24951,25236,24951,25015,31262,0.002524847707598532
2016-04-29,25141,25615,24793,25395,91159,0.015190885468718829
2016-05-02,25457,25489,24888,24983,46392,-0.016223666075999232
2016-05-03,25268,25268,24793,24857,26645,-0.005043429532081811
2016-05-04,24698,24793,24003,24130,81984,-0.029247294524681222
2016-05-09,24129,24382,23718,23845,43725,-0.011811023622047223
2016-05-10,23718,24350,23718,24035,27450,0.007968127490039834
2016-05-11,23844,24192,23623,23718,42115,-0.013189099230289214
2016-05-12,23686,23971,23591,23782,26287,0.0026983725440594686
2016-05-13,23718,23813,23244,23339,42957,-0.01862753342864354
2016-05-16,23370,23939,23117,23497,40206,0.006769784480911811
2016-05-17,23560,23560,22927,23023,39549,-0.020172788015491383
2016-05-18,23054,23054,22548,22643,42451,-0.01650523389653824
2016-05-19,22611,23244,22485,22865,25843,0.009804354546659066
2016-05-20,22801,22832,22358,22453,42393,-0.018018806035425272
2016-05-23,22263,22579,22168,22327,31577,-0.0056117222642854125
2016-05-24,22326,22453,22200,22232,24184,-0.00425493796748333
2016-05-25,22200,22485,22073,22295,33360,0.0028337531486146705
2016-05-26,22168,22769,22168,22548,30453,0.01134783583763177
2016-05-27,22643,22674,22137,22453,34342,-0.004213233989710852
2016-05-30,22485,22548,22232,22295,25842,-0.007036921569500754
2016-05-31,22326,22801,22137,22422,52752,0.005696344471854742
2016-06-01,22453,22516,22042,22200,72661,-0.00990099009900991
2016-06-02,22073,22137,21789,21853,68434,-0.015630630630630638
2016-06-03,21852,22390,21820,22295,38927,0.020226055919095876
2016-06-07,22421,22927,22168,22801,56836,0.02269567167526354
2016-06-08,22927,23180,22548,23023,55115,0.009736415069514504
2016-06-09,22927,23433,22295,23434,109671,0.017851713503887368
2016-06-10,22896,23212,22896,23054,51060,-0.016215754886062972
2016-06-13,22769,23022,22326,22453,39211,-0.02606922876724216
2016-06-14,22263,22611,22137,22137,38161,-0.014073843139001507
2016-06-15,22137,22137,21726,21884,42219,-0.011428829561367815
2016-06-16,21947,22073,21757,21789,34997,-0.004341071102175076
2016-06-17,22073,22073,21536,21758,40368,-0.0014227362430584423
2016-06-20,22042,22390,21979,22232,27587,0.02178509054141009
2016-06-21,22263,22421,21979,22042,21492,-0.008546239654552035
2016-06-22,22453,22611,22010,22390,23723,0.01578804101261233
2016-06-23,22390,22674,21852,22517,29937,0.005672175078159869
2016-06-24,22548,22706,21409,21505,80669,-0.0449438202247191
2016-06-27,21378,22105,21346,21979,56628,0.022041385724250073
2016-06-28,21820,22042,21662,21947,25154,-0.0014559352108831636
2016-06-29,21979,22358,21820,22169,30951,0.010115277714493942
2016-06-30,22168,22485,22105,22137,26337,-0.0014434570797059454
2016-07-01,22137,22390,22105,22232,27767,0.00429145774043449
2016-07-04,22137,22643,22137,22359,29978,0.005712486505937475
2016-07-05,22326,22453,22200,22327,19668,-0.0014311910192763566
2016-07-06,22200,22390,21884,22074,29530,-0.011331571639718763
2016-07-07,22105,22358,22042,22169,17906,0.004303705717133344
2016-07-08,22137,22295,21852,21979,27112,-0.008570526410753732
2016-07-11,22010,22263,21979,21979,20086,0.0
2016-07-12,22010,22516,22010,22422,48883,0.02015560307566311
2016-07-13,22421,22548,22263,22390,32713,-0.0014271697440014774
2016-07-14,22579,22706,22326,22580,36270,0.008485931219294418
2016-07-15,22706,22738,22390,22453,31997,-0.005624446412754613
2016-07-18,22485,23054,22485,22896,70589,0.01973010288157484
2016-07-19,23180,23244,22706,22801,43353,-0.004149196366177499
2016-07-20,22706,22832,22453,22548,27586,-0.01109600456120341
2016-07-21,22579,22832,22516,22612,25221,0.002838389214121051
2016-07-22,22674,22769,22326,22485,24083,-0.005616486821156896
2016-07-25,22548,22706,22295,22580,45771,0.004225038914832169
2016-07-26,22579,22738,22453,22580,29938,0.0
2016-07-27,22706,22991,22674,22738,46120,0.0069973427812222155
2016-07-28,22611,22896,22485,22896,38500,0.006948720204063674
2016-07-29,22896,23085,22706,22770,29961,-0.005503144654088077
2016-08-01,23402,23718,22927,23054,82320,0.012472551602986437
2016-08-02,23085,23180,22738,22896,36000,-0.006853474451288255
2016-08-03,22548,22738,22263,22359,48187,-0.02345387840670865
2016-08-04,22390,22548,22200,22390,33462,0.0013864662999238941
2016-08-05,22390,22769,22326,22643,30667,0.011299687360428745
2016-08-08,22864,22864,22421,22517,21283,-0.005564633661617302
2016-08-09,22643,22738,22453,22612,20876,0.004219034507261243
2016-08-10,22611,22769,22453,22517,31203,-0.004201309039448042
2016-08-11,22579,22674,22295,22485,27424,-0.0014211484656038165
2016-08-12,22485,22864,22390,22738,27654,0.011251945741605596
2016-08-16,22769,23117,22738,22896,50140,0.006948720204063674
2016-08-17,23022,23117,22643,22865,31654,-0.001353948287910578
2016-08-18,22801,23433,22801,23149,60402,0.012420730373933875
2016-08-19,23307,23402,23085,23086,44431,-0.002721499848805542
2016-08-22,23085,23180,22864,22991,31560,-0.004115048081088091
2016-08-23,22991,23338,22927,23181,37482,0.008264103344787
2016-08-24,23180,24003,23180,23908,76504,0.031361891204003234
2016-08-25,24034,24667,23971,24509,88008,0.02513802911159435
2016-08-26,24793,24793,23971,24319,45486,-0.007752254273940218
2016-08-29,24034,24256,23623,24003,48020,-0.012993955343558516
2016-08-30,24097,24477,23908,24035,29185,0.001333166687497389
2016-08-31,24034,24319,23718,24003,31357,-0.0013313917204077486
2016-09-01,24003,24256,23655,24035,34493,0.001333166687497389
2016-09-02,24256,24256,23876,24066,25681,0.0012897857291449544
2016-09-05,24066,24698,23908,24509,46975,0.018407712124989706
2016-09-06,24414,24635,24161,24288,30093,-0.009017095760740945
2016-09-07,24129,24509,24003,24066,34536,-0.009140316205533572
2016-09-08,24066,24540,24066,24351,55777,0.011842433308401956
2016-09-09,24066,24350,23750,23877,38458,-0.019465319699396355
2016-09-12,23560,23939,23465,23687,35338,-0.007957448590694027
2016-09-13,23686,23876,23212,23276,48635,-0.01735128973698652
2016-09-19,23244,23370,22738,23307,35165,0.0013318439594431908
2016-09-20,23307,23750,23117,23624,31286,0.013601064058008427
2016-09-21,23370,23876,23370,23687,29222,0.002666779546224074
2016-09-22,23844,24161,23781,24035,28110,0.0146916029889812
2016-09-23,24066,24319,23750,23845,45618,-0.007905138339920903
2016-09-26,23813,24572,23781,24572,64039,0.03048857202767885
2016-09-27,24635,25015,24192,24983,77242,0.01672635520104193
2016-09-28,25109,25426,24730,25047,79265,0.0025617419845493927
2016-09-29,25046,25331,24888,24983,38677,-0.002555196231085577
2016-09-30,24856,24983,24509,24920,39026,-0.0025217147660409056
2016-10-04,24983,25426,24572,25426,48600,0.02030497592295344
2016-10-05,25299,25362,24762,25047,49779,-0.014906001730512042
2016-10-06,25046,25046,24445,24541,48133,-0.02020202020202022
2016-10-07,24540,25362,24414,24572,32743,0.0012631922089565428
2016-10-10,24825,25299,24667,25047,53636,0.019330945791958376
2016-10-11,25268,25426,24983,25426,70504,0.015131552680959892
2016-10-12,25710,26248,24983,25584,142833,0.006214111539369238
2016-10-13,25552,25647,24856,24857,37080,-0.02841619762351466
2016-10-14,24856,25331,24762,25300,39775,0.017821941505411054
2016-10-17,25299,25299,24825,24952,26610,-0.013754940711462438
2016-10-18,24951,25078,24477,24699,26362,-0.010139467778134015
2016-10-19,24445,24983,24445,24509,27787,-0.007692619134377909
2016-10-20,24572,25046,24192,24351,54948,-0.006446611448855499
2016-10-21,24350,24350,23876,23908,28076,-0.018192271364625645
2016-10-24,23939,24256,23750,24098,39850,0.007947130667558922
2016-10-25,24097,24350,23686,23877,35525,-0.00917088555066814
2016-10-26,23844,23844,22927,23307,42875,-0.02387234577208197
2016-10-27,23307,23813,23275,23782,26909,0.020380143304586706
2016-10-28,23307,24003,23085,23402,36033,-0.015978471112606196
2016-10-31,23085,23750,23085,23212,18445,-0.008118964191094813
2016-11-01,23180,23402,22864,23086,27244,-0.005428226779252143
2016-11-02,23117,23244,22738,22770,32097,-0.013687949406566702
2016-11-03,22896,23212,22738,23149,28384,0.016644707949055704
2016-11-04,23370,23370,22991,23054,13244,-0.004103848978357583
2016-11-07,23686,23686,22896,23244,17216,0.008241519909776951
2016-11-08,23465,23465,22896,23054,19676,-0.008174152469454521
2016-11-09,23338,23338,22105,22390,50204,-0.028801943263641938
2016-11-10,22390,23022,22390,22833,34644,0.019785618579723163
2016-11-11,22991,23085,22674,23054,27309,0.009678973415670367
2016-11-14,23022,23307,22801,23244,29253,0.008241519909776951
2016-11-15,23402,23655,22959,23655,36436,0.017681982447083078
2016-11-16,23718,24540,23528,24509,50628,0.03610230395265268
2016-11-17,24350,24793,24097,24541,41391,0.0013056428250846075
2016-11-18,24509,24509,23876,23971,29280,-0.023226437390489352
2016-11-21,24003,24003,23085,23244,43006,-0.030328313378665928
2016-11-22,23497,23971,23117,23687,39701,0.019058681810359746
2016-11-23,23686,23686,22769,22833,54083,-0.036053531472959865
2016-11-24,23149,23307,22548,22612,38940,-0.009678973415670256
2016-11-25,22738,22832,22453,22517,26715,-0.004201309039448042
2016-11-28,22453,22738,22105,22453,67563,-0.002842296931207522
2016-11-29,22485,22864,22453,22770,24457,0.014118380617289539
2016-11-30,22769,23275,22579,23023,35220,0.011111111111111072
2016-12-01,23022,23655,22706,22801,43051,-0.009642531381661823
2016-12-02,22927,23528,22896,23465,49835,0.029121529757466735
2016-12-05,23465,23750,23117,23687,29321,0.009460899211591656
2016-12-06,23781,24034,23686,23687,28297,0.0
2016-12-07,23813,23971,23244,23845,27627,0.006670325494997353
2016-12-08,24192,24192,23813,23971,33892,0.005284126651289522
2016-12-09,23750,24319,23718,24130,48179,0.0066330148929956145
2016-12-12,24350,24350,24034,24130,25778,0.0
2016-12-13,24192,24635,24161,24636,43319,0.02096974720265221
2016-12-14,24698,24983,24635,24794,49479,0.006413378795258939
2016-12-15,24920,24951,24477,24604,34081,-0.007663144309107084
2016-12-16,24350,24635,24287,24572,23427,-0.0013006015282067684
2016-12-19,24572,24888,23781,24446,26311,-0.005127787725866861
2016-12-20,24445,24762,24319,24699,17700,0.010349341405546886
2016-12-21,24762,24951,24572,24762,21802,0.0025507105550832687
2016-12-22,24730,24920,24572,24857,24868,0.0038365237056781076
2016-12-23,24825,25204,24603,24952,40934,0.003821861045178343
2016-12-26,24951,25173,24667,24794,27504,-0.006332157742866329
2016-12-27,24350,24983,24350,24667,34031,-0.005122206985560984
2016-12-28,24509,24920,24445,24920,23523,0.010256618153808628
2016-12-29,24951,25299,24951,24952,38816,0.001284109149277679
2017-01-02,24951,25868,24951,25806,60009,0.03422571336966973
2017-01-03,25932,26027,25615,25837,56323,0.001201271022242878
2017-01-04,25837,25995,25584,25869,43547,0.0012385338855129824
2017-01-05,25679,26121,25679,25901,41555,0.0012370018168463837
2017-01-06,25868,25868,25046,25363,70642,-0.02077139878769163
2017-01-09,25394,25615,24951,25047,38185,-0.01245909395576228
2017-01-10,24983,25141,24350,24952,44889,-0.003792869405517596
2017-01-11,24951,25046,24256,24541,81198,-0.016471625521000344
2017-01-12,24603,25046,24572,25015,35948,0.019314616356301606
2017-01-13,25173,25173,24382,25015,33291,0.0
2017-01-16,25015,25109,24509,24983,42765,-0.0012792324605236383
2017-01-17,25046,25109,24856,24920,25653,-0.0025217147660409056
2017-01-18,24793,24920,24382,24509,33868,-0.016492776886035343
2017-01-19,24540,24698,24129,24161,42858,-0.014198865722795717
2017-01-20,24192,24477,24097,24319,25219,0.006539464426141395
2017-01-23,24698,24730,24066,24224,55944,-0.003906410625436951
2017-01-24,24256,24414,23686,23877,45448,-0.014324636723910156
2017-01-25,24034,24066,23275,23307,54948,-0.02387234577208197
2017-01-26,23591,23591,23085,23339,25452,0.0013729780752562704
2017-01-31,23117,24003,23085,24003,54949,0.02845023351471787
2017-02-01,23813,24256,23813,24256,32548,0.01054034912302626
2017-02-02,24192,24540,23971,24224,25023,-0.0013192612137202797
2017-02-03,24350,24445,23591,24288,27379,0.0026420079260238705
2017-02-06,24382,24540,23971,24383,28117,0.0039113965744399515
2017-02-07,24034,24477,24003,24477,23931,0.003855144978058389
2017-02-08,24635,24951,23971,24889,47740,0.016832128120276124
2017-02-09,24888,24983,24540,24920,23991,0.0012455301538831787
2017-02-10,24920,25109,24572,24952,34514,0.001284109149277679
2017-02-13,24730,25141,24730,25047,28021,0.003807310035267797
2017-02-14,25236,25268,24825,25142,30153,0.003792869405517596
2017-02-15,25141,25362,24983,25142,34439,0.0
2017-02-16,25426,25426,24445,24604,69543,-0.021398456765571505
2017-02-17,24603,25109,24572,24983,41004,0.015403999349699271
2017-02-20,25268,25299,24698,24920,38934,-0.0025217147660409056
2017-02-21,24825,25299,24825,24983,62738,0.0025280898876405278
2017-02-22,25299,26185,25141,25616,126147,0.02533722931593485
2017-02-23,25774,25805,25394,25616,50373,0.0
2017-02-24,25615,25774,25362,25711,43699,0.003708619612742048
2017-02-27,25868,26027,25489,25616,49506,-0.003694916572673179
2017-02-28,25837,25837,25204,25205,49801,-0.016044659587757693
2017-03-02,25299,25489,24825,24857,73441,-0.013806784368180947
2017-03-03,24983,25268,24920,24983,71000,0.005068994649394476
2017-03-06,24983,24983,24256,24383,70837,-0.024016331105151556
2017-03-07,24667,24951,24414,24667,38262,0.011647459295410778
2017-03-08,24667,25078,24667,25078,42421,0.01666193700085139
2017-03-09,25078,25204,24667,24762,37765,-0.012600685860116423
2017-03-10,24762,24983,24414,24794,42454,0.0012923027219124972
2017-03-13,24793,24983,24509,24667,35766,-0.005122206985560984
2017-03-14,24856,24920,24382,24572,39984,-0.0038512993067660872
2017-03-15,24667,24920,24540,24667,23015,0.003866189158391764
2017-03-16,24920,24920,24603,24636,28712,-0.0012567397737868191
2017-03-17,24667,24951,24477,24541,50060,-0.003856145478162043
2017-03-20,24793,24793,24224,24256,43073,-0.011613218695244676
2017-03-21,24667,24698,24256,24351,55458,0.003916556728232212
2017-03-22,24603,24603,24161,24319,31716,-0.001314114410085776
2017-03-23,24540,24540,24256,24351,44343,0.0013158435790945333
2017-03-24,24509,24603,24350,24446,54952,0.003901277154942262
2017-03-27,24603,24603,24192,24319,64943,-0.005195123946657887
2017-03-28,24319,24856,24256,24825,50950,0.02080677659443242
2017-03-29,24951,24983,24540,24636,38456,-0.007613293051359493
2017-03-30,24635,26406,24540,25268,99913,0.02565351518103598
2017-03-31,25268,25426,24983,25142,67440,-0.004986544245686231
2017-04-03,25299,25299,24888,25078,45668,-0.0025455413252724046
2017-04-04,25109,25109,24509,24636,47422,-0.017625009968897043
2017-04-05,24698,24825,24350,24572,48609,-0.0025978243221301822
2017-04-06,24445,24793,23750,24541,50877,-0.0012615985674752084
2017-04-07,24540,24698,24319,24541,31259,0.0
2017-04-10,24572,24635,23718,24130,63805,-0.016747483802616037
2017-04-11,23844,24287,23686,24066,34892,-0.002652300041442235
2017-04-12,23844,24224,23781,24224,23237,0.00656527881658775
2017-04-13,24003,24350,24003,24288,40561,0.0026420079260238705
2017-04-14,24287,24287,24034,24130,28534,-0.006505270092226567
2017-04-17,24161,24224,23971,24066,23816,-0.002652300041442235
2017-04-18,24192,24256,24034,24130,21600,0.0026593534446937017
2017-04-19,24034,24509,23971,24383,50776,0.010484873601326106
2017-04-20,24224,24635,24224,24383,31271,0.0
2017-04-21,24350,24635,24129,24477,38207,0.003855144978058389
2017-04-24,24477,24603,24066,24161,32638,-0.012910078849532214
2017-04-25,24161,24350,24097,24161,34529,0.0
2017-04-26,24319,24445,24066,24288,34819,0.005256404950126248
2017-04-27,24572,24698,24129,24288,31258,0.0
2017-04-28,24097,24445,23591,23845,70766,-0.018239459815546755
2017-05-02,23718,24414,23686,24130,46783,0.01195219123505975
2017-05-04,23844,24350,23813,23845,83020,-0.011811023622047223
2017-05-08,23844,23876,23307,23813,70748,-0.0013420004193751556
2017-05-10,23908,24319,23655,23655,92496,-0.006635031285432302
2017-05-11,23655,23844,23370,23845,69827,0.008032128514056325
2017-05-12,23497,23813,23370,23371,75457,-0.019878381211994145
2017-05-15,23528,23655,23244,23371,55362,0.0
2017-05-16,23370,23528,22832,22959,77726,-0.01762868512258786
2017-05-17,22832,22927,22674,22770,67481,-0.008232065856526805
2017-05-18,22769,23275,22738,23086,49277,0.013877909530083388
2017-05-19,23085,23212,22896,23023,45875,-0.00272892662219526
2017-05-22,23117,23307,22927,23149,39894,0.00547278808148377
2017-05-23,23085,23149,22674,22865,61449,-0.01226834852477432
2017-05-24,23022,23180,22769,23054,46191,0.008265908593920734
2017-05-25,22927,23117,22769,22770,88604,-0.012318903444087814
2017-05-26,22801,23022,22611,22865,63229,0.004172156346069489
2017-05-29,22991,23497,22927,23212,66398,0.015176033238574194
2017-05-30,23212,23307,22927,23023,43144,-0.00814234016887816
2017-05-31,22991,23180,22832,22896,72347,-0.005516222907527291
2017-06-01,22896,23212,22832,22928,50428,0.0013976240391335715
2017-06-02,23149,23149,22738,22865,56565,-0.002747732030704775
2017-06-05,22896,23180,22801,22896,65843,0.0013557839492674972
2017-06-07,22864,22991,22738,22865,55625,-0.001353948287910578
2017-06-08,23022,23022,22801,22801,74178,-0.002799037830745643
2017-06-09,22801,22896,22674,22801,53982,0.0
2017-06-12,22832,22927,22706,22738,43566,-0.002763036708916311
2017-06-13,22738,22927,22643,22865,55170,0.005585363708329627
2017-06-14,22738,22927,22611,22643,84431,-0.009709162475399102
2017-06-15,22643,22706,22390,22422,53377,-0.009760190787439837
2017-06-16,22421,22485,22168,22422,74016,0.0
2017-06-19,22421,22485,22042,22137,67445,-0.012710730532512704
2017-06-20,22042,22073,21789,21979,63426,-0.007137371820933325
2017-06-21,21915,22010,21662,21694,72405,-0.012966922971927697
2017-06-22,21694,21757,21504,21631,52793,-0.0029040287637134288
2017-06-23,21757,22232,21662,21821,43841,0.00878369007443025
2017-06-26,21662,21789,21473,21505,51227,-0.014481462811053558
2017-06-27,21599,21789,21504,21505,29225,0.0
2017-06-28,21536,21884,21473,21789,31910,0.013206231109044397
2017-06-29,21662,22010,21631,21789,50845,0.0
2017-06-30,21757,21789,21378,21631,36467,-0.0072513653678462076
2017-07-03,21631,21694,21283,21441,32158,-0.00878369007443025
2017-07-04,21283,21409,20998,21062,74460,-0.017676414346345815
2017-07-05,20903,21251,20903,21157,26787,0.004510492830690271
2017-07-06,21156,21283,20872,20904,33529,-0.011958217138535732
2017-07-07,20872,20967,20461,20493,70979,-0.019661308840413283
2017-07-10,20492,20555,20049,20303,50996,-0.009271458546820877
2017-07-11,20429,20461,19860,19923,69659,-0.01871644584544152
2017-07-12,19986,20208,19860,19955,43935,0.0016061838076595336
2017-07-13,19986,20144,19955,20113,27867,0.007917815083938962
2017-07-14,20144,20176,19923,20018,35193,-0.004723313279968222
2017-07-17,20018,20113,19733,19765,52484,-0.012638625237286427
2017-07-18,19733,20113,19733,19955,31009,0.009612952188211565
2017-07-19,20049,20682,19860,20556,45085,0.030117764971185235
2017-07-20,20492,20555,20271,20335,25052,-0.010751118894726575
2017-07-21,20334,20524,20018,20113,33983,-0.0109171379395131
2017-07-24,20144,20334,20018,20335,20481,0.011037637348978224
2017-07-25,20334,20397,20144,20303,24595,-0.001573641504794665
2017-07-26,20144,20524,20144,20366,24106,0.003102989705954684
2017-07-27,20524,20524,20271,20398,27355,0.0015712461946382206
2017-07-28,20397,20524,20081,20240,53652,-0.007745857437003623
2017-07-31,20176,20397,19670,19734,46530,-0.025000000000000022
2017-08-01,19702,20176,19607,19702,46072,-0.0016215668389580884
2017-08-02,19670,19986,19575,19987,23988,0.014465536493756925
2017-08-03,19733,19955,19512,19670,45019,-0.015860309200980582
2017-08-04,19702,19796,19417,19544,20719,-0.006405693950177982
2017-08-07,19512,19543,19196,19228,80094,-0.016168645108473156
2017-08-08,19227,19227,18911,18911,57320,-0.016486374037861462
2017-08-09,18784,19069,18658,18658,57613,-0.013378456982708453
2017-08-10,18563,18816,18310,18532,59563,-0.006753135384285569
2017-08-11,18500,18595,18278,18342,53523,-0.010252536153680158
2017-08-14,18373,18500,18089,18311,41865,-0.0016901101297568388
2017-08-16,18373,18437,18247,18247,35589,-0.003495166839604602
2017-08-17,18152,18247,17931,18026,42101,-0.012111579985751075
2017-08-18,17899,18310,17899,18279,28673,0.01403528236991014
2017-08-21,18278,18342,18025,18121,32238,-0.00864379889490674
2017-08-22,18120,18278,18089,18089,28801,-0.001765906958777097
2017-08-23,18057,18342,17994,18058,25533,-0.0017137486870473229
2017-08-24,18089,18247,18057,18152,17011,0.0052054491084283505
2017-08-25,18247,18278,18120,18216,25202,0.003525782282943979
2017-08-28,18310,18595,18310,18374,42973,0.00867369345630209
2017-08-29,18373,18373,18089,18184,31445,-0.010340698813540827
2017-08-30,18152,18247,17899,17899,33476,-0.015673119225692922
2017-08-31,17994,17994,17456,17457,88457,-0.02469411698977597
2017-09-01,17488,17836,17393,17678,47610,0.01265967806610524
2017-09-04,17551,17614,17330,17362,75206,-0.01787532526303881
2017-09-05,17456,17488,17203,17267,27084,-0.005471719847943812
2017-09-06,17140,17361,17140,17204,21160,-0.003648578212775866
2017-09-07,17203,17583,17108,17488,29687,0.01650778888630544
2017-09-08,17361,17962,17140,17204,67945,-0.016239707227813316
2017-09-11,17172,17583,17108,17141,36998,-0.003661939083933974
2017-09-12,17172,17235,16950,17172,49833,0.001808529257336211
2017-09-13,17172,17235,16919,16951,32553,-0.012869788027020768
2017-09-14,16855,17172,16761,17172,55572,0.01303757890389945
2017-09-15,17140,17203,16792,16793,36936,-0.022070812951316077
2017-09-18,16855,17077,16476,16888,36440,0.005657119037694169
2017-09-19,16729,17614,16697,17362,55426,0.02806726669824733
2017-09-20,17456,17520,17077,17109,20217,-0.01457205391083971
2017-09-21,17077,17172,16887,16982,27964,-0.007422993745981654
2017-09-22,16982,17045,16666,16698,22134,-0.016723589683193985
2017-09-25,16855,16855,16065,16129,63375,-0.034075937237992626
2017-09-26,15812,16602,15812,15970,102227,-0.00985801971603939
2017-09-27,16002,16476,16002,16223,32316,0.01584220413274884
2017-09-28,16160,16508,16033,16476,27315,0.01559514269863782
2017-09-29,16634,16634,16255,16382,49065,-0.00570526826899731
2017-10-10,16160,16476,16160,16160,38822,-0.013551458918324988
2017-10-11,16160,17172,16160,16508,104444,0.021534653465346443
2017-10-12,16508,16824,16508,16824,28750,0.019142234068330488
2017-10-13,16824,17330,16824,17299,48594,0.028233475986685796
2017-10-16,17393,17867,17235,17836,70587,0.03104225677784833
2017-10-17,17899,17962,17551,17646,51332,-0.010652612693428987
2017-10-18,17456,17709,17235,17235,40242,-0.023291397483849008
2017-10-19,17172,17488,17108,17330,41748,0.0055120394545982165
2017-10-20,17203,17614,17203,17615,27102,0.016445470282746788
2017-10-23,17488,17646,17267,17457,50593,-0.008969628157819987
2017-10-24,17425,17425,16761,16761,67769,-0.039869393366557815
2017-10-25,16792,16982,16444,16540,40706,-0.013185370801264806
2017-10-26,16571,16792,16539,16761,25339,0.013361547762998693
2017-10-27,16634,17203,16634,17046,42794,0.017003758725613105
2017-10-30,17045,17108,16697,16793,32823,-0.014842191716531783
2017-10-31,16761,17077,16539,16635,50355,-0.009408682189007367
2017-11-01,16508,16634,16318,16445,40949,-0.01142170123234143
2017-11-02,16381,16602,16318,16540,30031,0.005776831863788301
2017-11-03,16634,16919,16571,16919,32606,0.02291414752116072
2017-11-06,16792,16919,16476,16508,36519,-0.024292215852000698
2017-11-07,16571,16602,16191,16445,34380,-0.0038163314756481936
2017-11-08,16318,16508,16318,16476,40344,0.0018850714502889332
2017-11-09,16444,16919,16413,16888,57422,0.025006069434328815
2017-11-10,16855,16919,16634,16888,29578,0.0
2017-11-13,16697,17203,16697,17077,33689,0.011191378493604853
2017-11-14,17077,17077,16697,17077,27319,0.0
2017-11-15,17014,17077,16824,16919,34270,-0.009252210575628084
2017-11-16,16919,17108,16476,16824,37607,-0.005614989065547582
2017-11-17,16666,16824,16539,16571,38698,-0.015038040893960991
2017-11-20,16444,16729,16413,16571,30605,0.0
2017-11-21,16602,16919,16539,16729,41351,0.009534729346448723
2017-11-22,16761,16919,16286,16287,68366,-0.026421184768964046
2017-11-23,16413,16761,16318,16603,30077,0.019401977036900497
2017-11-24,16539,16697,16539,16540,33157,-0.0037944949707884312
2017-11-27,16476,17108,16476,16635,78766,0.005743651753325363
2017-11-28,16634,16982,16602,16919,51735,0.017072437631499904
2017-11-29,17014,17203,16824,17014,38254,0.005614989065547693
2017-11-30,17172,17172,16950,17141,58316,0.007464441048548265
2017-12-01,17140,17140,16539,16571,86781,-0.03325360247360132
2017-12-04,16697,16792,16444,16666,37003,0.00573290688552297
2017-12-05,16602,17077,16508,17014,73344,0.020880835233409334
2017-12-06,16982,17425,16950,17235,83058,0.0129893029270014
2017-12-07,17140,17140,16602,16824,72463,-0.023846823324630062
2017-12-08,16824,16824,16160,16255,129217,-0.03382073228720872
2017-12-11,16286,16413,16002,16034,71218,-0.013595816671793326
2017-12-12,16033,16255,16002,16255,32897,0.013783210677310809
2017-12-13,16128,16413,16065,16350,42560,0.005844355582897531
2017-12-14,16286,16444,15733,15733,88968,-0.03773700305810401
2017-12-15,15938,16539,15907,16318,93060,0.03718299116506696
2017-12-18,16318,16444,16065,16129,57156,-0.011582301752665725
2017-12-19,16191,16255,15938,16034,46751,-0.005890011780023574
2017-12-20,15938,16160,15907,15970,38509,-0.003991518024198615
2017-12-21,15970,16096,15812,15939,38949,-0.001941139636819078
2017-12-22,15843,16096,15843,16034,26884,0.005960223351527683
2017-12-26,16033,16223,16002,16129,31022,0.005924909567169845
2017-12-27,16033,16128,15749,16034,26533,-0.005890011780023574
2017-12-28,15970,16223,15938,16192,22799,0.009854060122240327
2018-01-02,16223,16539,16223,16382,47186,0.011734189723320076
2018-01-03,16381,16508,16223,16382,59902,0.0
2018-01-04,16444,16666,16286,16445,60514,0.003845684287632878
2018-01-05,16444,16539,16318,16476,25147,0.0018850714502889332
2018-01-08,16476,16508,16286,16318,45306,-0.009589706239378493
2018-01-09,16286,16761,16223,16761,57484,0.027147934795930917
2018-01-10,16919,17425,16697,17362,223031,0.035857049102082206
2018-01-11,17393,17678,17172,17267,109203,-0.005471719847943812
2018-01-12,17267,17456,16824,16856,84190,-0.023802629292870803
2018-01-15,17045,17267,16697,16982,78817,0.007475083056478482
2018-01-16,17045,17172,16792,17014,64474,0.0018843481333177259
2018-01-17,16887,17077,16666,17077,47691,0.003702832961090863
2018-01-18,17045,17108,16666,16761,73355,-0.018504421151256056
2018-01-19,16761,16919,16697,16856,76943,0.005667919575204294
2018-01-22,17077,18247,17014,17773,304914,0.05440199335548179
2018-01-23,17836,18120,17456,17741,158546,-0.0018004838800427247
2018-01-24,17899,18690,17804,18658,243556,0.05168817992221397
2018-01-25,18753,19164,18626,18785,214744,0.006806731696859192
2018-01-26,18816,19196,18405,18911,132139,0.006707479371839131
2018-01-29,18974,19480,18848,18943,148301,0.0016921368515678825
2018-01-30,19006,19164,18373,18437,115775,-0.02671171408963735
2018-01-31,18373,18753,17836,18595,145318,0.008569723924716666
2018-02-01,18658,18784,18373,18532,74229,-0.0033880075289056677
2018-02-02,18626,18816,18500,18722,66630,0.010252536153680047
2018-02-05,18531,18658,17994,18058,86061,-0.035466296335861514
2018-02-06,17551,17931,17456,17868,117224,-0.010521652453206354
2018-02-07,18120,18152,17551,17646,62817,-0.01242444593687042
2018-02-08,17614,17962,17425,17773,56808,0.007197098492576215
2018-02-09,17456,18595,17172,18564,170418,0.04450571090980704
2018-02-12,18753,18784,17899,18121,123847,-0.02386339151045036
2018-02-13,18025,18405,17962,17994,70613,-0.0070084432426466
2018-02-14,17994,18152,17646,17868,67342,-0.007002334111370412
2018-02-19,18025,18247,17899,18247,47097,0.02121110364898149
2018-02-20,18247,18278,17772,17931,37800,-0.0173179152737436
2018-02-21,18025,18025,17867,17931,47840,0.0
2018-02-22,17804,17899,17583,17710,40172,-0.01232502370196864
2018-02-23,17741,17772,17520,17615,42022,-0.005364201016374914
2018-02-26,17646,17772,17361,17394,47733,-0.012546125461254665
2018-02-27,17361,17709,17203,17520,45201,0.007243877199034188
2018-02-28,17393,17614,17014,17109,73834,-0.023458904109589063
2018-03-02,17014,17267,16381,16540,85317,-0.03325734993278395
2018-03-05,16444,16666,16160,16223,69143,-0.019165659008464342
2018-03-06,16128,16476,16128,16223,45006,0.0
2018-03-07,16223,16381,15907,15939,85926,-0.017506009985822635
2018-03-08,15843,16160,15843,16160,50571,0.013865361691448586
2018-03-09,16002,16508,16002,16413,74714,0.015655940594059503
2018-03-12,16444,16508,16160,16382,63577,-0.0018887467251569312
2018-03-13,16381,16444,16223,16255,43696,-0.007752411183005736
2018-03-14,16223,16255,16002,16034,68366,-0.013595816671793326
2018-03-15,16002,16128,15875,16129,44694,0.005924909567169845
2018-03-16,16128,16191,15970,15970,42716,-0.00985801971603939
2018-03-19,15907,16065,15907,16034,56616,0.004007514088916642
2018-03-20,15970,16128,15938,16002,38100,-0.001995759012099252
2018-03-21,16002,16255,16002,16065,39147,0.003937007874015741
2018-03-22,16065,16318,15812,15876,61551,-0.0117647058823529
2018-03-23,15527,15970,15527,15844,91346,-0.0020156210632401583
2018-03-26,15843,16033,15527,15844,43948,0.0
2018-03-27,15843,15938,15733,15749,53607,-0.005995960616006046
2018-03-28,15749,15843,15654,15765,50398,0.0010159375198426357
2018-03-29,15701,15812,15606,15638,39033,-0.008055819854107193
2018-03-30,15622,15733,15559,15702,39839,0.004092594960992457
2018-04-02,15654,15843,15527,15559,46196,-0.009107120112087586
2018-04-03,15559,15812,15448,15717,46646,0.010154894273410875
2018-04-04,15812,15938,15543,15686,50416,-0.0019723865877712132
2018-04-05,15812,15812,15575,15686,36220,0.0
2018-04-06,15764,15764,15511,15670,38950,-0.0010200178503123603
2018-04-09,15685,15796,15575,15686,30733,0.0010210593490747044
2018-04-10,15590,15764,15543,15638,28481,-0.0030600535509371918
2018-04-11,15622,15717,15543,15670,33995,0.0020462974804962286
2018-04-12,15654,15780,15590,15654,29995,-0.0010210593490747044
2018-04-13,15622,15733,15496,15623,40070,-0.0019803245176951423
2018-04-16,15622,15654,15496,15528,31076,-0.006080778339627502
2018-04-17,15480,15575,15480,15528,43384,0.0
2018-04-18,15464,15701,15464,15607,48759,0.005087583719732169
2018-04-19,15638,16160,15480,16097,140581,0.031396168385980694
2018-04-20,16160,16223,15907,16065,56157,-0.0019879480648568038
2018-04-23,15970,16033,15590,15749,53487,-0.019670090258325557
2018-04-24,15749,16065,15749,15970,57291,0.014032636992824976
2018-04-25,15875,16002,15622,15623,55535,-0.021728240450845315
2018-04-26,15812,15812,15606,15623,72792,0.0
2018-04-27,15685,15812,15606,15623,51460,0.0
2018-04-30,15717,15970,15590,15970,82567,0.022210842987902435
2018-05-02,15970,16286,15796,15876,80070,-0.005886036318096477
2018-05-03,15812,16002,15780,15876,60299,0.0
2018-05-04,15812,15875,15669,15686,47856,-0.011967750062988114
2018-05-08,15812,15938,15590,15623,57423,-0.004016320285604946
2018-05-09,15764,15764,15496,15512,80920,-0.007104909428406803
2018-05-10,15527,15717,15448,15686,50840,0.011217122227952459
2018-05-11,15685,15780,15622,15686,25417,0.0
2018-05-14,15749,15780,15622,15670,38956,-0.0010200178503123603
2018-05-15,15638,15717,15527,15543,61369,-0.008104658583280133
2018-05-16,15496,15575,15432,15543,65754,0.0
2018-05-17,15527,15622,15432,15496,36332,-0.003023869265907475
2018-05-18,15464,15559,15401,15464,45507,-0.0020650490449147796
2018-05-21,15480,15496,15322,15354,41478,-0.00711329539575789
2018-05-23,15353,15369,15132,15148,70406,-0.013416699231470597
2018-05-24,15163,15306,15100,15101,44174,-0.0031027198310007442
2018-05-25,15100,15116,14705,14927,94670,-0.011522415734057323
2018-05-28,14926,14958,14705,14737,56537,-0.012728612581228593
2018-05-29,14610,14737,14563,14579,52011,-0.010721313700210344
2018-05-30,14578,14626,14325,14452,91961,-0.008711159887509479
2018-05-31,14547,14563,14231,14516,102400,0.00442845280929971
2018-06-01,14389,15322,14389,15290,90783,0.05332047395976858
2018-06-04,15290,15701,15290,15638,83094,0.022759973839110437
2018-06-05,15638,15638,15195,15528,34419,-0.00703414758920573
2018-06-07,15416,15669,15322,15559,39177,0.001996393611540359
2018-06-08,15448,15622,15401,15559,30916,0.0
2018-06-11,15559,15654,15416,15591,34956,0.002056687447779426
2018-06-12,15511,15812,15464,15733,60261,0.009107818613302454
2018-06-14,15717,15717,15227,15227,57305,-0.032161698341066525
2018-06-15,15306,15669,15290,15670,48460,0.02909305838313525
2018-06-18,15669,15717,15416,15591,31921,-0.005041480536056131
2018-06-19,15337,15606,14990,15022,52146,-0.0364954140209095
2018-06-20,15037,15179,14452,14690,41226,-0.022100918652642743
2018-06-21,14673,14673,14452,14595,20659,-0.006466984343090565
2018-06-22,14484,14784,14373,14452,28693,-0.009797875984926319
2018-06-25,14468,14784,14468,14658,17932,0.014254082479933539
2018-06-26,14594,14705,14452,14690,25637,0.002183108200300099
2018-06-27,14452,14657,14436,14484,27549,-0.014023144996596293
2018-06-28,14594,14642,14499,14547,24639,0.004349627174813575
2018-06-29,14547,14705,14389,14452,39609,-0.006530556128411358
2018-07-02,14610,14673,14436,14516,31568,0.00442845280929971
2018-07-03,14436,14610,14231,14326,41745,-0.01308900523560208
2018-07-04,14246,14294,14041,14041,48802,-0.019893899204244003
2018-07-05,13867,14151,13851,14089,23123,0.003418559931628762
2018-07-06,14009,14752,14009,14547,29329,0.032507630066008986
2018-07-09,14547,14784,14389,14389,36040,-0.010861345981989401
2018-07-10,14389,14800,14325,14342,28525,-0.0032663840433664326
2018-07-11,17931,17962,15005,15022,1354043,0.04741319202342775
2018-07-12,15148,15148,14547,14737,230805,-0.01897217414458796
2018-07-13,14737,14752,14389,14437,163784,-0.020356924747234828
2018-07-16,14262,14721,14262,14595,81934,0.010944101960240982
2018-07-17,14610,14705,14436,14516,48673,-0.005412812607057171
2018-07-18,14515,14515,14120,14120,87030,-0.027280242491044326
2018-07-19,14088,14325,14009,14025,50787,-0.006728045325779086
2018-07-20,14120,14167,13962,13962,43669,-0.004491978609625691
2018-07-23,13946,14246,13946,13978,34657,0.0011459676264145013
2018-07-24,14009,14231,13978,14215,29867,0.01695521533838895
2018-07-25,14246,14737,14231,14468,66810,0.017798100597959943
2018-07-26,14515,14626,14420,14500,24337,0.0022117777163395136
2018-07-27,14547,14800,14515,14705,47825,0.014137931034482687
2018-07-30,14784,14784,14452,14737,31198,0.002176130567834056
2018-07-31,14626,14879,14515,14816,47219,0.005360656850105228
2018-08-01,14910,15163,14737,15053,63321,0.015996220302375797
2018-08-02,15053,15163,14816,14816,38083,-0.01574436989304462
2018-08-03,14847,15132,14721,15053,56826,0.015996220302375797
2018-08-06,15053,15353,15053,15227,34358,0.011559157642994755
2018-08-07,15132,15243,14942,15053,24099,-0.011427070335588096
2018-08-08,14958,15322,14958,15211,26558,0.010496246595363079
2018-08-09,15211,15306,14895,15259,25435,0.003155611070935427
2018-08-10,15306,15337,15163,15275,31753,0.0010485615046857966
2018-08-13,15195,15322,14847,15085,29156,-0.01243862520458261
2018-08-14,14879,15163,14879,15101,15507,0.0010606562810739906
2018-08-16,15116,15148,14705,15053,28307,-0.0031785974438779396
2018-08-17,15021,15211,14990,15022,22222,-0.0020593901547864
2018-08-20,15163,15179,15005,15164,24814,0.009452802556250806
2018-08-21,15163,15243,15005,15053,16025,-0.007319968346082839
2018-08-22,14974,15116,14942,15053,20919,0.0
2018-08-23,14990,15116,14942,14943,23571,-0.00730751345246794
2018-08-24,14926,15021,14657,14864,30145,-0.005286756340761589
2018-08-27,14942,14942,14563,14626,35908,-0.016011840688912815
2018-08-28,14499,14816,14499,14658,18067,0.0021878845890879184
2018-08-29,14705,14737,14468,14484,49557,-0.01187065083913219
2018-08-30,14484,14594,14325,14326,53213,-0.010908588787627682
2018-08-31,14452,14452,14231,14294,47265,-0.002233700963283569
2018-09-03,14246,14499,14231,14421,40010,0.008884846788862477
2018-09-04,14389,14547,14341,14468,18828,0.0032591359822480293
2018-09-05,14389,14642,14389,14452,20788,-0.0011058888581697568
2018-09-06,14404,14578,14325,14326,41658,-0.008718516468308901
2018-09-07,14484,14610,14373,14611,34898,0.019893899204244114
2018-09-10,14452,14689,14436,14547,23418,-0.004380261446855105
2018-09-11,14357,14547,14357,14452,23812,-0.006530556128411358
2018-09-12,14404,14515,14231,14247,50179,-0.014184887904788224
2018-09-13,14357,14357,14167,14168,24069,-0.005545027023233007
2018-09-14,14389,14863,14389,14721,91038,0.039031620553359625
2018-09-17,14974,14974,14436,14484,45819,-0.016099449765640927
2018-09-18,14484,14484,14199,14294,53943,-0.013117923225628325
2018-09-19,14278,14404,14199,14373,23944,0.005526794459213669
2018-09-20,14294,14389,14199,14215,30171,-0.010992833785570144
2018-09-21,14389,14452,14246,14326,28276,0.007808652831515994
2018-09-27,14325,14468,14215,14452,37828,0.008795197542929012
2018-09-28,14499,14626,14310,14437,34162,-0.0010379186271796126
2018-10-01,14404,14499,14294,14326,20194,-0.007688577959409804
2018-10-02,14246,14389,14167,14168,43147,-0.01102889850621247
2018-10-04,14167,14357,13819,13883,58636,-0.020115753811405956
2018-10-05,13898,13930,13645,13757,36594,-0.009075848159619704
2018-10-08,13630,13756,13551,13567,42895,-0.013811150686923068
2018-10-10,13598,13725,13266,13361,45461,-0.015183902115427195
2018-10-11,12823,13519,12807,12871,73156,-0.03667390165406781
2018-10-12,12871,12966,12823,12919,41051,0.0037293139616192406
2018-10-15,12934,13124,12744,12855,30253,-0.004953943803699956
2018-10-16,12966,13045,12823,12840,22864,-0.001166861143523934
2018-10-17,12966,13029,12792,12792,20275,-0.0037383177570093906
2018-10-18,12728,12871,12713,12761,20882,-0.002423389618511518
2018-10-19,12697,12997,12697,12840,30804,0.006190737403024782
2018-10-22,12855,13045,12855,12919,26553,0.006152647975077974
2018-10-23,12934,13013,12554,12555,60198,-0.02817555538354366
2018-10-24,12697,12918,12539,12824,37175,0.021425726802071
2018-10-25,12649,12807,12602,12792,29463,-0.0024953212726138707
2018-10-26,12744,12807,12175,12365,48518,-0.033380237648530375
2018-10-29,12238,12649,11906,12033,42591,-0.02684997978164172
2018-10-30,11795,12618,11795,12017,40891,-0.0013296767223468509
2018-10-31,11859,12143,11622,11701,53031,-0.026296080552550505
2018-11-01,11637,12001,11590,11828,30438,0.01085377318177927
2018-11-02,11795,12175,11795,12002,36063,0.014710855596888672
2018-11-05,12017,12080,11748,11938,30289,-0.005332444592567875
2018-11-06,12048,12096,11795,12096,22121,0.013235047746691153
2018-11-07,12017,12365,11875,11922,42162,-0.014384920634920584
2018-11-08,12159,12270,12033,12096,39442,0.014594866633115267
2018-11-09,12080,12191,11938,11954,22585,-0.011739417989418022
2018-11-12,11954,12001,11685,11701,39397,-0.021164463777815
2018-11-13,11289,11479,11258,11258,67051,-0.037860011964789386
2018-11-14,11100,11448,11100,11322,38347,0.005684846331497573
2018-11-15,11369,11685,11369,11654,31683,0.029323441088146884
2018-11-16,11622,12207,11495,12191,36850,0.046078599622447314
2018-11-19,11969,12412,11969,12413,24990,0.018210155032400976
2018-11-20,12317,12491,12207,12349,17810,-0.005155884959316848
2018-11-21,12349,12365,12096,12255,12961,-0.007611952384808496
2018-11-22,12222,12460,12191,12334,16906,0.006446348429212545
2018-11-23,12444,12444,11890,11922,23159,-0.03340359980541596
2018-11-26,11859,12191,11795,12191,16412,0.0225633283006208
2018-11-27,12128,12286,12048,12096,11287,-0.007792633910261637
2018-11-28,12191,12333,12080,12270,15402,0.014384920634920695
2018-11-29,12286,12697,12286,12413,48862,0.011654441727791287
2018-11-30,12412,12634,12301,12460,36653,0.0037863530169983672
2018-12-03,12491,12618,12381,12555,26272,0.007624398073836192
2018-12-04,12649,12649,12444,12492,20614,-0.00501792114695343
2018-12-05,12491,12681,12412,12508,20324,0.001280819724623683
2018-12-06,12602,12697,12175,12555,18867,0.003757595139110892
2018-12-07,12491,12681,12286,12302,27454,-0.020151334129828724
2018-12-10,11954,12428,11954,12381,19736,0.0064217200455209955
2018-12-11,12349,12902,12191,12555,32616,0.014053792100799711
2018-12-12,12554,12823,12554,12808,27078,0.020151334129828724
2018-12-13,12697,12950,12634,12855,39913,0.0036695815115552755
2018-12-14,12855,13076,12807,13014,33750,0.01236872812135359
2018-12-17,13124,13329,12807,12840,21161,-0.013370216689718717
2018-12-18,12934,13250,12887,13172,32923,0.025856697819314656
2018-12-19,13187,13250,12934,13108,17217,-0.004858791375645266
2018-12-20,13234,13234,12934,13045,31112,-0.004806225205981063
2018-12-21,12966,13187,12460,12460,64263,-0.04484476811038707
2018-12-24,12539,12744,12301,12302,45081,-0.012680577849117136
2018-12-26,12048,12396,12048,12144,25968,-0.012843440091042102
2018-12-27,12159,12776,12159,12460,36712,0.02602108036890649
2018-12-28,12460,12713,12460,12523,16635,0.0050561797752808335
2019-01-02,12523,12839,12507,12808,17849,0.022758125049908262
2019-01-03,12823,13266,12713,13172,38186,0.02841973766396011
2019-01-04,13219,13598,13140,13551,63925,0.028773155177649556
2019-01-07,13740,13740,13313,13567,31759,0.0011807246697661533
2019-01-08,13566,13677,13124,13519,24732,-0.003537996609419891
2019-01-09,13456,13804,13440,13725,38558,0.015237813447740223
2019-01-10,13535,13756,13440,13535,17714,-0.013843351548269545
2019-01-11,13345,13598,13298,13488,21225,-0.003472478758773545
2019-01-14,13487,13503,13298,13361,21764,-0.009415776986951396
2019-01-15,13298,13645,13060,13061,54603,-0.022453409175959838
2019-01-16,13187,16349,12918,13409,674409,0.02664420794732414
2019-01-17,13487,13898,13313,13599,142566,0.014169587590424415
2019-01-18,13740,13756,13345,13614,54169,0.0011030222810499701
2019-01-21,13566,14088,13566,14073,106854,0.03371529308065235
2019-01-22,14072,14373,13946,14199,55453,0.008953314858239247
2019-01-23,14183,14499,14104,14468,65316,0.018944996126487812
2019-01-24,14484,14499,14215,14421,49374,-0.0032485485208736398
2019-01-25,14310,14737,14246,14674,45265,0.01754385964912286
2019-01-28,14673,14847,14452,14816,59274,0.009676979691972232
2019-01-29,14816,15258,14673,15227,78588,0.027740280777537762
2019-01-30,15322,15496,15053,15449,91026,0.014579365600577932
2019-01-31,15780,15780,15369,15686,82177,0.01534079875720118
2019-02-01,15685,15907,15511,15765,89324,0.0050363381359173065
2019-02-07,15970,16444,15764,16413,132661,0.04110371075166519
2019-02-08,16413,16571,16318,16350,62291,-0.003838420764028516
2019-02-11,16349,16539,16033,16508,61401,0.009663608562691106
2019-02-12,16508,16508,15812,15876,80657,-0.038284468136660976
2019-02-13,16128,16286,15843,16255,55319,0.023872511967750087
2019-02-14,16255,16539,16002,16445,55026,0.011688711165795063
2019-02-15,16444,16476,16002,16413,39977,-0.001945880206749795
2019-02-18,16444,16476,16128,16413,38343,0.0
2019-02-19,16413,16413,16065,16382,43381,-0.0018887467251569312
2019-02-20,16223,16349,16002,16192,47971,-0.011598095470638503
2019-02-21,16128,16255,15907,15907,59943,-0.017601284584980226
2019-02-22,16096,16223,15907,16065,52327,0.009932734016470768
2019-02-25,16065,16286,16002,16002,27350,-0.0039215686274509665
2019-02-26,16128,16160,15796,15939,41139,-0.003937007874015741
2019-02-27,16096,16128,15938,16129,23801,0.011920446703055365
2019-02-28,16128,16223,15938,16034,55796,-0.005890011780023574
2019-03-04,16096,16476,16096,16287,81359,0.01577896968940995
2019-03-05,16286,16571,16002,16382,57918,0.005832872843372083
2019-03-06,16381,16413,16191,16192,22411,-0.011598095470638503
2019-03-07,16318,16349,16065,16223,34821,0.0019145256916996978
2019-03-08,16033,16286,15938,16097,33428,-0.00776675090920298
2019-03-11,16033,16191,15843,16160,40986,0.003913772752686784
2019-03-12,16160,16223,15970,16129,26297,-0.0019183168316831978
2019-03-13,16223,16381,15907,16350,37381,0.013702027404054906
2019-03-14,16444,16476,16002,16476,90168,0.007706422018348702
2019-03-15,16255,16539,16191,16540,44848,0.0038844379703810716
2019-03-18,16571,16602,16349,16445,23663,-0.005743651753325252
2019-03-19,16602,16887,16476,16856,104426,0.02499239890544236
2019-03-20,16855,17267,16761,17267,99465,0.02438300901756052
2019-03-21,17172,17361,16602,16698,52482,-0.03295303179475295
2019-03-22,16476,16729,16191,16350,47579,-0.020840819259791643
2019-03-25,16128,16413,15843,15844,27683,-0.030948012232415945
2019-03-26,15812,16128,15812,15970,26505,0.0079525372380711
2019-03-27,15938,16381,15938,16192,30121,0.013901064495929871
2019-03-28,15970,16413,15938,16192,41205,0.0
2019-03-29,16191,16444,16065,16129,31316,-0.0038908102766798125
2019-04-01,16128,16413,15812,15907,49237,-0.013764027528055056
2019-04-02,15938,16160,15812,16097,31029,0.011944426981831846
2019-04-03,15970,16191,15907,16192,48939,0.005901720817543588
2019-04-04,16286,16286,15970,16160,17259,-0.0019762845849802257
2019-04-05,16286,16286,15812,16002,57453,-0.00977722772277223
2019-04-08,16065,16571,15559,16508,88534,0.03162104736907878
2019-04-09,16508,16634,16255,16476,39235,-0.0019384540828688568
2019-04-10,16571,16919,16571,16888,60152,0.025006069434328815
2019-04-11,16982,17077,16824,16982,48256,0.005566082425390917
2019-04-12,16761,17267,16761,17204,63460,0.01307266517489114
2019-04-15,17172,17361,16982,17077,38673,-0.007382004185073288
2019-04-16,16792,17077,16729,16982,33949,-0.005563038004333332
2019-04-17,16982,17140,16761,17014,20169,0.0018843481333177259
2019-04-18,16919,17172,16697,16698,33355,-0.018572939931820853
2019-04-19,16855,16855,16508,16635,31138,-0.003772906934962239
2019-04-22,16476,16697,16444,16476,16707,-0.00955816050495939
2019-04-23,16381,16666,16381,16571,18538,0.00576596261228457
2019-04-24,16444,16729,16381,16476,38289,-0.005732906885522859
2019-04-25,16413,16729,16318,16445,15717,-0.001881524641903387
2019-04-26,16381,16634,16096,16129,36199,-0.019215567041653947
2019-04-29,16602,16602,15875,16476,35354,0.021514043028086016
2019-04-30,16476,16729,16444,16698,20754,0.013474144209759675
2019-05-02,16444,16666,16286,16445,40984,-0.015151515151515138
2019-05-03,16444,16476,16033,16160,43790,-0.017330495591365125
2019-05-07,16033,16065,15274,15354,114364,-0.049876237623762365
2019-05-08,15179,15480,14990,15196,54927,-0.010290478051322105
2019-05-09,15227,15401,14578,14579,82892,-0.040602790207949435
2019-05-10,14547,15148,14531,14800,37489,0.015158790040469272
2019-05-13,14642,14784,14231,14326,61086,-0.03202702702702698
2019-05-14,13851,14373,13851,14358,24509,0.002233700963283569
2019-05-15,14262,14341,13756,14136,64109,-0.015461763476807389
2019-05-16,14452,14468,14136,14247,36982,0.007852292020373408
2019-05-17,14389,14452,13914,14025,33417,-0.015582227837439455
2019-05-20,13851,14120,13788,13931,26752,-0.006702317290552595
2019-05-21,13914,14041,13740,13883,25835,-0.0034455530830521663
2019-05-22,13804,13898,13582,13599,38555,-0.020456673629619004
2019-05-23,13472,13725,13472,13535,21144,-0.004706228399147028
2019-05-24,13867,13867,13345,13567,27883,0.0023642408570372364
2019-05-27,13566,13693,13487,13583,15283,0.0011793322031399267
2019-05-28,13487,13835,13282,13282,91835,-0.02216005300743573
2019-05-29,13345,13440,12887,13029,64366,-0.019048336093961726
2019-05-30,12871,13298,12839,13093,34640,0.004912119118888558
2019-05-31,12934,13124,12807,12824,53132,-0.02054532956541666
2019-06-03,12776,12966,12681,12903,46094,0.006160324391765393
2019-06-04,12776,13092,12776,12950,56052,0.003642563744865601
2019-06-05,12997,13282,12997,13108,42977,0.012200772200772203
2019-06-07,13266,13313,13029,13108,50058,0.0
2019-06-10,13219,13219,12997,13140,31145,0.0024412572474825645
2019-06-11,13060,13313,13013,13266,21228,0.009589041095890316
2019-06-12,13377,13424,13187,13187,37425,-0.005955073119252252
2019-06-13,13187,13361,12981,13361,80439,0.01319481307348136
2019-06-14,13329,13329,12934,13014,72706,-0.02597110994686025
2019-06-17,13013,13108,12792,12919,31091,-0.0072998309512832815
2019-06-18,12918,13092,12823,12871,20058,-0.0037154578527749393
2019-06-19,12918,13045,12918,13014,22538,0.011110247843990395
2019-06-20,13013,13092,12981,13029,27313,0.001152604887044717
2019-06-21,12997,13060,12887,12887,54351,-0.010898764295034113
2019-06-24,12918,13060,12792,12871,52929,-0.0012415612632885598
2019-06-25,12776,12950,12776,12792,24219,-0.006137829228498148
2019-06-26,12776,12871,12634,12666,49419,-0.009849906191369606
2019-06-27,12618,12934,12618,12887,25855,0.017448286751934328
2019-06-28,12760,13124,12760,12792,42589,-0.007371770000775935
2019-07-01,12950,12950,12475,12523,76258,-0.02102876797998754
2019-07-02,12412,12460,11969,12017,123020,-0.0404056535973808
2019-07-03,12143,12175,11922,11954,29202,-0.005242573021552843
2019-07-04,11954,12096,11875,12017,27948,0.005270202442696936
2019-07-05,12112,12112,11906,11986,17952,-0.0025796787883831662
2019-07-08,12096,12096,11637,11669,47222,-0.026447522109127264
2019-07-09,11479,11780,11479,11496,28463,-0.014825606307310002
2019-07-10,11495,11606,11416,11416,26817,-0.00695894224077942
2019-07-11,11416,11716,11416,11701,31306,0.024964961457603296
2019-07-12,11795,12143,11622,12096,61899,0.03375779847876248
2019-07-15,12080,12080,11732,11749,31233,-0.028687169312169303
2019-07-16,11748,11922,11637,11685,19442,-0.005447272108264567
2019-07-17,11622,11780,11400,11480,27788,-0.01754385964912286
2019-07-18,11432,11479,11258,11306,30959,-0.015156794425087106
2019-07-19,11321,11606,11321,11590,24861,0.02511940562533166
2019-07-22,11558,11606,11384,11464,15181,-0.01087144089732528
2019-07-23,11416,11685,11369,11559,19134,0.008286810886252605
2019-07-24,11511,11780,11479,11685,28928,0.010900596937451379
2019-07-25,11701,11701,11511,11701,15343,0.001369276850663237
2019-07-26,11701,11764,11463,11511,16805,-0.016237928382189515
2019-07-29,11353,11590,10594,10594,107220,-0.07966293110937361
2019-07-30,10499,10894,10499,10879,42261,0.026902020011327243
2019-07-31,10815,10910,10420,10531,71805,-0.03198823421270336
2019-08-01,10657,11400,10451,10958,171291,0.04054695660431107
2019-08-02,10957,11131,10530,10926,56117,-0.0029202409198758605
2019-08-05,10673,10878,10309,10357,86353,-0.052077613033131964
2019-08-06,9645,10135,9455,9725,174270,-0.061021531331466594
2019-08-07,9724,9882,9329,9487,178824,-0.024473007712082273
2019-08-08,9455,10088,9455,9978,77351,0.05175503320333097
2019-08-09,10009,10277,9835,9914,49802,-0.006414111044297455
2019-08-12,9819,10009,9645,9835,38080,-0.007968529352430864
2019-08-13,9803,9819,9598,9630,31309,-0.020843924758515486
2019-08-14,9677,9819,9677,9709,30225,0.00820353063343715
2019-08-16,9582,9645,9360,9361,91289,-0.03584303223812957
2019-08-19,9408,9724,9392,9725,34518,0.03888473453690855
2019-08-20,9598,9977,9582,9867,36803,0.014601542416452507
2019-08-21,9851,10040,9787,9898,33580,0.0031417857504814073
2019-08-22,9882,10024,9740,9740,38692,-0.015962820771873054
2019-08-23,9645,9866,9582,9582,38887,-0.01622176591375768
2019-08-26,9582,9582,9281,9313,71270,-0.028073471091630164
2019-08-27,9329,9408,9234,9329,42206,0.0017180285622249158
2019-08-28,9202,9803,9202,9740,49297,0.04405616893557718
2019-08-29,9677,9771,9550,9582,18696,-0.01622176591375768
2019-08-30,9771,9882,9645,9709,39112,0.013254017950323549
2019-09-02,9677,9930,9677,9835,19241,0.012977649603460817
2019-09-03,9898,10009,9787,9962,35858,0.01291306558210481
2019-09-04,9851,9930,9692,9867,35623,-0.009536237703272388
2019-09-05,9787,9866,9692,9709,43081,-0.016012972534711678
2019-09-06,9724,9835,9424,9503,44698,-0.021217427129467503
2019-09-09,9518,9771,9455,9598,24878,0.009996843102178188
2019-09-10,9598,9835,9566,9756,37485,0.016461762867264085
2019-09-11,9740,10088,9740,9946,68502,0.01947519475194759
2019-09-16,10040,10135,9977,10088,28918,0.014277096320128635
2019-09-17,10088,10104,9930,9930,24311,-0.01566217287866778
2019-09-18,10088,10088,9787,9946,53921,0.001611278952668771
2019-09-19,9866,9977,9771,9819,47513,-0.012768952342650297
2019-09-20,9835,9835,9724,9772,37642,-0.0047866381505244915
2019-09-23,9708,9866,9661,9804,59820,0.0032746623004502595
2019-09-24,9803,9866,9787,9804,28904,0.0
2019-09-25,9787,9866,9677,9709,45330,-0.009689922480620172
2019-09-26,9708,9835,9329,9392,88286,-0.03265011844680199
2019-09-27,9487,9487,9202,9203,47099,-0.02012350936967633
2019-09-30,9218,9265,8791,9076,59579,-0.013799847875692661
2019-10-01,9076,9281,9028,9219,31127,0.015755839576906183
2019-10-02,9171,9202,8902,8950,72312,-0.029178869725566714
2019-10-04,8949,8965,8775,8807,49838,-0.015977653631284894
2019-10-07,8807,8807,8459,8523,71782,-0.03224707618939482
2019-10-08,8522,8665,8491,8602,40845,0.00926903672415813
2019-10-10,8491,8633,8427,8523,65918,-0.009183910718437605
2019-10-11,8633,8633,8522,8523,33285,0.0
2019-10-14,8570,8870,8491,8871,49132,0.04083069341781065
2019-10-15,8775,8949,8728,8760,64705,-0.012512681772066325
2019-10-16,8728,8839,8712,8776,43058,0.0018264840182649067
2019-10-17,8775,8918,8775,8823,25344,0.005355515041020942
2019-10-18,8680,8886,8364,8396,157862,-0.0483962371075598
2019-10-21,8333,8364,7921,7985,138765,-0.0489518818484993
2019-10-22,7985,8032,7748,7827,148724,-0.019787100814026348
2019-10-23,7858,7874,7289,7369,222422,-0.05851539542608919
2019-10-24,7368,7542,7036,7495,148187,0.017098656534129564
2019-10-25,7495,7574,7305,7369,63589,-0.01681120747164777
2019-10-28,7368,7574,7368,7558,60631,0.025647984801194124
2019-10-29,7542,7542,7368,7369,45916,-0.025006615506747765
2019-10-30,7368,7463,7147,7210,67770,-0.021576876102591958
2019-10-31,7210,7305,7194,7242,47535,0.004438280166435549
2019-11-01,7257,7368,7210,7274,34534,0.004418668876001064
2019-11-04,7273,7542,7273,7353,85441,0.010860599395105863
2019-11-05,7463,7510,7368,7479,59478,0.017135862913096656
2019-11-06,7479,7605,7463,7527,37219,0.006417970316887178
2019-11-07,7479,7605,7447,7495,35451,-0.004251361764315176
2019-11-08,7542,7574,7479,7542,42591,0.006270847231487631
2019-11-11,7589,7621,7431,7590,39764,0.006364359586316537
2019-11-12,7589,7653,7510,7542,29609,-0.006324110671936722
2019-11-13,7542,7542,7415,7432,33046,-0.014584990718642277
2019-11-14,7447,7605,7447,7558,35885,0.01695371367061349
2019-11-15,7510,7589,7479,7558,26113,0.0
2019-11-18,7574,7605,7415,7448,32863,-0.014554114845197197
2019-11-19,7384,7447,7083,7116,132294,-0.04457572502685281
2019-11-20,7083,7147,6957,6973,70682,-0.020095559302979238
2019-11-21,6941,7242,6925,7100,106169,0.018213107701132936
2019-11-22,6941,7115,6941,7052,33145,-0.006760563380281637
2019-11-25,7052,7273,7052,7258,63966,0.029211571185479235
2019-11-26,7147,7257,7115,7179,76644,-0.010884541195921749
2019-11-27,7289,7289,7036,7052,57422,-0.017690486140130912
2019-11-28,7020,7068,6815,6815,119386,-0.03360748723766305
2019-11-29,6878,6878,6704,6720,68010,-0.013939838591342624
2019-12-02,6799,6799,6530,6625,89692,-0.014136904761904767
2019-12-03,6625,6736,6593,6657,61065,0.004830188679245229
2019-12-04,6577,6656,6467,6483,63868,-0.02613789995493465
2019-12-05,6483,6514,6087,6104,183186,-0.0584605892333796
2019-12-06,6103,6214,6008,6024,91754,-0.013106159895150737
2019-12-09,6135,6135,5818,5866,225091,-0.026228419654714452
2019-12-10,5945,6071,5708,5724,195433,-0.024207296283668578
2019-12-11,5692,5850,5692,5771,111855,0.008211041229909233
2019-12-12,5818,6166,5771,5930,203513,0.027551550857736862
2019-12-13,5945,6372,5945,6309,200919,0.06391231028667788
2019-12-16,6309,6799,6309,6783,223402,0.07513076557299092
2019-12-17,6846,6846,6498,6515,121095,-0.03951054105852869
2019-12-18,6419,6467,6040,6119,259533,-0.060782808902532626
2019-12-19,6119,6514,6087,6372,211512,0.04134662526556632
2019-12-20,6530,6530,6230,6404,141953,0.005021971123666091
2019-12-23,6577,7906,6483,6783,1188765,0.059181761399125454
2019-12-24,6720,6736,6403,6420,266436,-0.053516143299425
2019-12-26,6451,6467,6261,6388,123120,-0.004984423676012484
2019-12-27,6483,6736,6419,6594,195942,0.03224796493425175
2019-12-30,6641,6720,6530,6562,120765,-0.004852896572641763
2020-01-02,6562,6688,6483,6578,109264,0.0024382810118865894
2020-01-03,6577,6609,6356,6499,84994,-0.01200972940103373
2020-01-06,6498,6546,6324,6341,114794,-0.02431143252808121
2020-01-07,6340,6419,6293,6341,67411,0.0
2020-01-08,6324,6340,5882,5977,168926,-0.0574041949219366
2020-01-09,6040,6198,6040,6119,79822,0.023757737995649952
2020-01-10,6166,6166,6024,6040,79483,-0.012910606308220274
2020-01-13,6071,6166,6040,6088,60652,0.007947019867549754
2020-01-14,6166,6245,6103,6167,76109,0.012976346911957926
2020-01-15,6198,6625,6182,6530,255902,0.058861683152262145
2020-01-16,6641,8095,6625,6973,3090795,0.06784073506891275
2020-01-17,7178,7621,6830,6894,716154,-0.011329413451885872
2020-01-20,6894,6909,6562,6641,296293,-0.03669857847403535
2020-01-21,6546,6846,6403,6752,196165,0.016714350248456578
2020-01-22,6736,6925,6546,6783,177250,0.00459123222748814
2020-01-23,6862,6878,6641,6704,112459,-0.011646763968745422
2020-01-28,6467,6609,6166,6404,212235,-0.04474940334128874
2020-01-29,6419,6562,6372,6499,86635,0.014834478450968192
2020-01-30,6372,6498,6277,6309,138704,-0.029235266964148354
2020-01-31,6261,6324,6166,6167,84097,-0.022507528926929754
2020-02-03,5945,6087,5739,6009,153061,-0.025620236743959746
2020-02-04,6024,6166,5945,5993,100567,-0.002662672657680165
2020-02-05,5929,6008,5803,5835,165707,-0.026364091440013393
2020-02-06,5803,6056,5803,6024,107350,0.03239074550128529
2020-02-07,5977,6087,5945,5977,82949,-0.007802124833997337
2020-02-10,5913,6056,5803,5993,69527,0.0026769282248619852
2020-02-11,6040,6324,6040,6104,157862,0.018521608543300427
2020-02-12,6245,7858,6008,6530,2126378,0.06979030144167764
2020-02-13,6593,6609,6293,6293,383007,-0.036294027565084264
2020-02-14,6293,6498,6166,6357,173407,0.010170030192277135
2020-02-17,6356,6467,6277,6341,126519,-0.002516910492370572
2020-02-18,6324,6356,6166,6262,82882,-0.012458602744046643
2020-02-19,6340,6356,6135,6262,95486,0.0
2020-02-20,6214,6293,6087,6104,116321,-0.02523155541360589
2020-02-21,6071,6135,5866,5961,129231,-0.02342726081258195
2020-02-24,5818,5945,5708,5787,157326,-0.029189733266230533
2020-02-25,5755,5897,5739,5898,83633,0.019180922757905616
2020-02-26,5882,6103,5739,6072,104423,0.029501525940996975
2020-02-27,6056,6071,5897,5945,102992,-0.02091567852437415
2020-02-28,5992,5992,5787,5819,99060,-0.021194280908326313
2020-03-02,5818,5977,5724,5945,78758,0.02165320501804424
2020-03-03,5977,6071,5850,5977,98010,0.005382674516400288
2020-03-04,5992,5992,5834,5914,75351,-0.010540404885393984
2020-03-05,5913,5961,5866,5914,72195,0.0
2020-03-06,5850,5913,5755,5914,102842,0.0
2020-03-09,5834,5850,5597,5692,106194,-0.037538045316198865
2020-03-10,5471,5644,5344,5582,135479,-0.01932536893886161
2020-03-11,5644,5660,5328,5408,92711,-0.031171623074166988
2020-03-12,5265,5407,4885,4981,197323,-0.07895710059171601
2020-03-13,4127,4933,4127,4902,266100,-0.015860269022284657
2020-03-16,4933,5075,4743,4886,120997,-0.003263973888208871
2020-03-17,4601,4775,4506,4633,121857,-0.05178059762586984
2020-03-18,4632,4712,4300,4317,89675,-0.06820634578027196
2020-03-19,4269,4427,3494,3574,255312,-0.17211026175584898
2020-03-20,3478,3889,3478,3858,178042,0.07946278679350871
2020-03-23,3842,3842,3478,3558,157351,-0.07776049766718507
2020-03-24,3573,3921,3541,3827,131657,0.07560427206295661
2020-03-25,3921,4174,3921,4159,240953,0.08675202508492297
2020-03-26,4190,4364,4000,4206,212551,0.011300793459966263
2020-03-27,4380,4522,4158,4317,169179,0.02639087018544939
2020-03-30,4269,4332,4142,4317,78868,0.0
2020-03-31,4380,4569,4348,4491,146288,0.040305767894371014
2020-04-01,4490,4648,4395,4506,198708,0.0033400133600534065
2020-04-02,4395,4585,4300,4554,104143,0.010652463382157196
2020-04-03,4443,4727,4443,4665,176408,0.0243741765480896
2020-04-06,3794,5518,3794,4506,3210809,-0.034083601286173604
2020-04-07,4522,5344,4459,4617,2738725,0.02463382157123828
2020-04-08,4585,4585,4395,4443,612093,-0.037686809616634176
2020-04-09,4459,4553,4364,4396,625195,-0.010578437992347478
2020-04-10,4411,4459,4269,4364,384665,-0.007279344858962644
2020-04-13,4870,4870,4427,4506,1112923,0.03253895508707605
2020-04-14,4522,4553,4348,4427,378928,-0.01753217931646689
2020-04-16,4490,4490,4269,4427,435286,0.0
2020-04-17,4506,5218,4427,4807,1373397,0.0858369098712446
2020-04-20,4838,5297,4680,5107,1050998,0.06240898689411267
2020-04-21,5028,5044,4601,4918,640819,-0.03700802819659288
2020-04-22,4791,5471,4791,5028,1256631,0.022366815778771754
2020-04-23,5091,5123,4965,5060,364426,0.006364359586316537
2020-04-24,4965,5059,4901,4965,204910,-0.018774703557312256
2020-04-27,4965,4996,4885,4949,181502,-0.00322255790533732
2020-04-28,4949,4949,4759,4918,378999,-0.0062638916952919566
2020-04-29,5123,5138,4885,4933,567330,0.0030500203334689058
2020-05-04,4996,4996,4759,4791,329009,-0.028785728765457153
2020-05-06,4838,4870,4759,4791,147990,0.0
2020-05-07,4775,4806,4617,4791,152145,0.0
2020-05-08,4791,5059,4775,4933,498733,0.02963890628261323
2020-05-11,4933,4933,4791,4823,172146,-0.022298803973241466
2020-05-12,4791,4822,4680,4728,135585,-0.01969728384822722
2020-05-13,4648,4696,4585,4696,104213,-0.006768189509306244
2020-05-14,4696,4696,4569,4601,120068,-0.020229982964224846
2020-05-15,4632,4664,4569,4633,105158,0.006955009780482468
2020-05-18,3715,4348,3668,4143,1716361,-0.10576300453270016
2020-05-19,4221,5218,4047,4491,3758806,0.08399710354815348
2020-05-20,4490,5233,4285,4712,1709026,0.04920953017145413
2020-05-21,4696,4759,4585,4633,374076,-0.016765704584040697
2020-05-22,4585,4680,4553,4554,211701,-0.01705158644506799
2020-05-25,4585,4696,4474,4633,237949,0.0173473869126044
2020-05-26,4680,5012,4680,4823,712574,0.04101014461472041
2020-05-27,4822,5186,4712,5171,884976,0.07215426083350618
2020-05-28,5233,5502,5218,5360,939867,0.036549990330690285
2020-05-29,5328,5486,5091,5123,692127,-0.044216417910447725
2020-06-01,5281,5391,5075,5139,619674,0.003123170017567789
2020-06-02,5138,5218,4965,5171,418091,0.006226892391515859
2020-06-03,5170,5455,5107,5234,704466,0.012183330110230095
2020-06-04,5360,5755,5233,5503,764057,0.05139472678639656
2020-06-05,5455,6356,5407,6088,1834373,0.10630565146283844
2020-06-08,6214,7668,6198,7242,3923442,0.18955321944809467
2020-06-09,7242,8269,7242,7811,3097150,0.07856945595139475
2020-06-10,7716,7732,7131,7479,933378,-0.042504160798873425
2020-06-11,7431,7431,6704,7036,1281268,-0.05923251771627225
2020-06-12,6641,7004,6577,6641,583885,-0.05613985218874362
2020-06-15,6166,7115,5977,6246,1252601,-0.05947899412739044
2020-06-16,6245,7052,5992,6546,1868651,0.048030739673391
2020-06-17,6324,6562,6119,6293,551839,-0.03864955698136263
2020-06-18,6087,7842,5850,7226,4098590,0.14825997139679004
2020-06-19,7431,9392,7068,9392,7952623,0.29975089952947687
2020-06-22,9408,12207,9202,12207,11706368,0.2997231686541737
2020-06-23,13124,15843,13029,15844,17496384,0.29794380273613497
2020-06-24,17867,18626,11305,11654,16127651,-0.2644534208533199
2020-06-25,11195,12649,10183,10657,9374810,-0.08555002574223447
2020-06-26,10752,13582,10499,11764,17860434,0.1038753870695317
2020-06-29,11764,12918,10752,11401,3495958,-0.03085685141108463
2020-06-30,11637,11637,9756,10183,2264460,-0.10683273397070436
2020-07-01,10151,11527,9582,10389,4429418,0.020229794755965758
2020-07-02,10388,10752,10009,10452,1123204,0.006064106266243208
2020-07-03,10293,10910,10135,10515,1276550,0.006027554535017243
2020-07-06,10768,11242,10515,10831,1817403,0.030052306229196413
2020-07-07,11068,14072,11005,13045,19490896,0.20441325824023626
2020-07-08,13883,15100,12412,12523,9237869,-0.04001533154465309
2020-07-09,13029,13424,12475,12697,2461817,0.013894434240996567
2020-07-10,12396,12491,11875,12349,1591291,-0.02740804914546746
2020-07-13,12175,12349,11606,12112,1499311,-0.019191837395740596
2020-07-14,12112,12112,11685,11828,755973,-0.023447820343461045
2020-07-15,11890,13740,11511,12349,5189156,0.0440480216435577
2020-07-16,12365,13219,12301,12618,1665600,0.02178314033524975
2020-07-17,12744,12950,12428,12697,1021759,0.006260897131082688
2020-07-20,12570,12649,12175,12365,716572,-0.02614790895487118
2020-07-21,12444,12713,11922,12428,888835,0.005095026283865822
2020-07-22,12444,13124,12191,12761,2032880,0.02679433537174125
2020-07-23,13013,13725,12381,12523,2453969,-0.018650575973669814
2020-07-24,12365,12713,12033,12397,828072,-0.010061486864169966
2020-07-27,12491,12491,12080,12239,541132,-0.012745018956199061
2020-07-28,12238,12286,11859,12017,642769,-0.018138736824903967
2020-07-29,12017,12317,11637,12175,589878,0.013148040276275363
2020-07-30,12175,12222,11764,11828,467187,-0.028501026694045195
2020-07-31,11701,12096,11432,11654,509594,-0.014710855596888783
2020-08-03,11479,11479,10942,11211,638381,-0.03801269950231678
2020-08-04,11210,11748,11210,11401,468213,0.016947640710016865
2020-08-05,11527,11527,11274,11416,241595,0.0013156740636786068
2020-08-06,11416,11811,11353,11511,387088,0.008321653819201025
2020-08-07,11637,12175,11542,11701,673963,0.016505950829641236
2020-08-10,12507,12507,11479,12160,854074,0.039227416460131614
2020-08-11,12238,12428,11748,12413,1113165,0.020805921052631682
2020-08-12,11748,12381,11463,11590,1352315,-0.06630145814871502
2020-08-13,11590,11701,11131,11179,668031,-0.035461604831751536
2020-08-14,11084,11369,10815,11163,488891,-0.0014312550317560069
2020-08-18,0,0,0,11163,0,0.0
2020-08-19,7858,10768,7858,9914,2295269,-0.11188748544298133
2020-08-20,11574,12554,10151,10594,4924970,0.06858987290700025
2020-08-21,11827,12333,10989,11322,1622488,0.0687181423447234
2020-08-24,11384,13914,10262,11859,3167737,0.047429782723900304
2020-08-25,11985,12491,11527,11828,1323188,-0.0026140484020574783
2020-08-26,11827,11906,11542,11654,528346,-0.014710855596888783
2020-08-27,11780,12017,11226,11401,448083,-0.02170928436588293
2020-08-28,11448,11954,11258,11496,485711,0.008332602403297917
2020-08-31,11542,11732,11321,11416,304314,-0.00695894224077942
2020-09-01,11384,12128,11005,11496,593266,0.00700770847932719
2020-09-02,11748,11811,11448,11543,362494,0.004088378566457829
2020-09-03,11606,11780,11495,11622,346386,0.006843974703283351
2020-09-04,11210,12017,11210,11891,481558,0.023145758045086895
2020-09-07,11653,12586,11653,11954,616636,0.0052981246320746855
2020-09-08,12175,12491,11985,12128,575255,0.014555797222687072
2020-09-09,12128,12444,11811,11970,443579,-0.013027704485488178
2020-09-10,11969,14563,11922,13456,3025140,0.12414369256474522
2020-09-11,14199,14705,12966,13693,2058336,0.01761296076099872
2020-09-14,13725,17772,13693,17773,10468210,0.2979624625721171
2020-09-15,19290,19607,15179,15765,10363388,-0.11298036347268325
2020-09-16,15843,15970,14389,14642,2425384,-0.07123374563907392
2020-09-17,14484,16160,13978,14864,3457812,0.015161863133451803
2020-09-18,14926,14958,14136,14531,724298,-0.022403121636167977
2020-09-21,15021,15021,13551,13946,860348,-0.040258757139907786
2020-09-22,13598,13756,12491,13093,945411,-0.06116449161049764
2020-09-23,13282,15717,12554,13519,2809540,0.032536469869395956
2020-09-24,12966,13551,12634,12681,597901,-0.061986833345661685
2020-09-25,12918,13566,12112,12302,891381,-0.02988723286807038
2020-09-28,12301,12586,11954,12191,339002,-0.009022923101934643
2020-09-29,12365,13013,12207,12808,524169,0.05061110655401535
2020-10-05,12713,12839,12460,12634,261671,-0.013585259212991918
2020-10-06,12918,12950,12602,12666,227762,0.0025328478708248614
2020-10-07,12665,12871,12634,12840,196002,0.013737565135007124
2020-10-08,12966,12966,12634,12761,209890,-0.006152647975077863
2020-10-12,12807,12807,12570,12602,236867,-0.012459838570644921
2020-10-13,12618,13819,12539,13361,1004402,0.06022853515315019
2020-10-14,13424,13551,12981,13535,334026,0.013022977322056706
2020-10-15,13503,13503,13029,13235,322995,-0.02216475803472484
2020-10-16,13725,16002,13361,14231,7349193,0.07525500566679266
2020-10-19,14547,15227,14231,14326,1120716,0.006675567423231055
2020-10-20,14088,14231,13361,13725,552651,-0.04195169621666894
2020-10-21,13725,13725,13282,13409,335914,-0.023023679417122023
2020-10-22,13408,14373,13408,13504,569070,0.0070847937952120965
2020-10-23,13503,13503,13060,13266,300714,-0.017624407582938373
2020-10-26,13045,13566,12997,13124,282966,-0.010704055480174834
2020-10-27,13250,13835,12997,13377,372749,0.019277659250228618
2020-10-28,13377,14389,13377,13693,822878,0.02362263586753377
2020-10-29,13819,13819,13392,13551,245437,-0.010370262177755052
2020-10-30,13693,14294,13566,13899,430657,0.025680761567411947
2020-11-02,14262,14262,13740,13757,310646,-0.010216562342614588
2020-11-03,13740,13883,13282,13772,256360,0.0010903540015991808
2020-11-04,13835,13898,13361,13409,301564,-0.02635782747603832
2020-11-05,13424,13709,13361,13472,229296,0.0046983369378774675
2020-11-06,13456,14183,13250,13282,662134,-0.014103325415676937
2020-11-09,13503,13519,12934,13108,635175,-0.013100436681222738
2020-11-10,13124,13313,12744,12887,674749,-0.016859932865425642
2020-11-11,12871,13171,12697,12776,472624,-0.008613331264064605
2020-11-12,12776,12902,12602,12634,350246,-0.011114589855980017
2020-11-13,12649,12649,11701,12081,590837,-0.04377077726769041
2020-11-16,12207,12934,12143,12508,667600,0.035344756228788965
2020-11-17,12649,12697,12317,12413,291302,-0.007595139110968985
2020-11-18,12460,12460,12301,12365,177769,-0.0038669137194876635
2020-11-19,12365,12381,12096,12207,250691,-0.012778002426202972
2020-11-20,12301,12301,11701,12302,258697,0.007782419922994999
2020-11-23,12333,12349,12128,12270,256372,-0.002601203056413537
2020-11-24,12270,12349,12080,12223,294872,-0.003830480847595741
2020-11-25,12222,12618,12048,12144,339874,-0.006463225067495748
2020-11-26,12143,12333,12080,12112,178098,-0.0026350461133070047
2020-11-27,12112,12222,12064,12191,153500,0.006522457067371201
2020-11-30,12254,12333,12128,12223,247413,0.0026248872118777022
2020-12-01,12175,12175,12048,12160,200059,-0.005154217458888999
2020-12-02,12222,12586,12191,12476,438673,0.02598684210526314
2020-12-03,12491,12523,12175,12318,231692,-0.012664315485732658
2020-12-04,12301,12301,12080,12223,229155,-0.007712290956324086
2020-12-07,12175,12207,11748,11891,326240,-0.02716190787858952
2020-12-08,12017,12017,11795,11875,188964,-0.001345555462114234
2020-12-09,11875,11969,11764,11859,156470,-0.0013473684210526526
2020-12-10,11748,11922,11732,11859,183891,0.0
2020-12-11,11890,12317,11859,12096,286707,0.0199848216544396
2020-12-14,12096,12096,11827,11875,210710,-0.018270502645502673
2020-12-15,11005,11685,10957,11337,513204,-0.04530526315789474
2020-12-16,11226,11289,9661,10167,1229329,-0.10320190526594342
2020-12-17,10167,12649,9803,11416,3158955,0.12284843119897704
2020-12-18,11274,11985,10847,10847,940083,-0.049842326559215167
2020-12-21,11448,12175,8222,8760,1813457,-0.1924034295196828
2020-12-22,0,0,0,8760,0,0.0
2020-12-23,0,0,0,8760,0,0.0
2020-12-24,0,0,0,8760,0,0.0
2020-12-28,0,0,0,8760,0,0.0
2020-12-29,0,0,0,8760,0,0.0
2020-12-30,0,0,0,8760,0,0.0
2021-01-04,0,0,0,8760,0,0.0
2021-01-05,0,0,0,8760,0,0.0
2021-01-06,0,0,0,8760,0,0.0
2021-01-07,0,0,0,8760,0,0.0
2021-01-08,0,0,0,8760,0,0.0
2021-01-11,0,0,0,8760,0,0.0
2021-01-12,0,0,0,8760,0,0.0
2021-01-13,0,0,0,8760,0,0.0
2021-01-14,0,0,0,8760,0,0.0
2021-01-15,0,0,0,8760,0,0.0
2021-01-18,0,0,0,8760,0,0.0
2021-01-19,0,0,0,8760,0,0.0
2021-01-20,0,0,0,8760,0,0.0
2021-01-21,0,0,0,8760,0,0.0
2021-01-22,0,0,0,8760,0,0.0
2021-01-25,0,0,0,8760,0,0.0
2021-01-26,0,0,0,8760,0,0.0
2021-01-27,0,0,0,8760,0,0.0
2021-01-28,0,0,0,8760,0,0.0
2021-01-29,0,0,0,8760,0,0.0
2021-02-01,0,0,0,8760,0,0.0
2021-02-02,0,0,0,8760,0,0.0
2021-02-03,0,0,0,8760,0,0.0
2021-02-04,0,0,0,8760,0,0.0
2021-02-05,0,0,0,8760,0,0.0
2021-02-08,0,0,0,8760,0,0.0
2021-02-09,0,0,0,8760,0,0.0
2021-02-10,0,0,0,8760,0,0.0
2021-02-15,0,0,0,8760,0,0.0
2021-02-16,0,0,0,8760,0,0.0
2021-02-17,0,0,0,8760,0,0.0
2021-02-18,0,0,0,8760,0,0.0
2021-02-19,0,0,0,8760,0,0.0
2021-02-22,0,0,0,8760,0,0.0
2021-02-23,0,0,0,8760,0,0.0
2021-02-24,0,0,0,8760,0,0.0
2021-02-25,0,0,0,8760,0,0.0
2021-02-26,0,0,0,8760,0,0.0
2021-03-02,0,0,0,8760,0,0.0
2021-03-03,0,0,0,8760,0,0.0
2021-03-04,0,0,0,8760,0,0.0
2021-03-05,0,0,0,8760,0,0.0
2021-03-08,0,0,0,8760,0,0.0
2021-03-09,0,0,0,8760,0,0.0
2021-03-10,0,0,0,8760,0,0.0
2021-03-11,0,0,0,8760,0,0.0
2021-03-12,0,0,0,8760,0,0.0
2021-03-15,0,0,0,8760,0,0.0
2021-03-16,0,0,0,8760,0,0.0
2021-03-17,0,0,0,8760,0,0.0
2021-03-18,0,0,0,8760,0,0.0
2021-03-19,0,0,0,8760,0,0.0
2021-03-22,0,0,0,8760,0,0.0
2021-03-23,0,0,0,8760,0,0.0
2021-03-24,0,0,0,8760,0,0.0
2021-03-25,0,0,0,8760,0,0.0
2021-03-26,0,0,0,8760,0,0.0
2021-03-29,0,0,0,8760,0,0.0
2021-03-30,0,0,0,8760,0,0.0
2021-03-31,0,0,0,8760,0,0.0
2021-04-01,0,0,0,8760,0,0.0
2021-04-02,0,0,0,8760,0,0.0
2021-04-05,0,0,0,8760,0,0.0
2021-04-06,0,0,0,8760,0,0.0
2021-04-07,0,0,0,8760,0,0.0
2021-04-08,0,0,0,8760,0,0.0
2021-04-09,0,0,0,8760,0,0.0
2021-04-12,0,0,0,8760,0,0.0
2021-04-13,0,0,0,8760,0,0.0
2021-04-14,0,0,0,8760,0,0.0
2021-04-15,0,0,0,8760,0,0.0
2021-04-16,0,0,0,8760,0,0.0
2021-04-19,0,0,0,8760,0,0.0
2021-04-20,0,0,0,8760,0,0.0
2021-04-21,0,0,0,8760,0,0.0
2021-04-22,0,0,0,8760,0,0.0
2021-04-23,0,0,0,8760,0,0.0
2021-04-26,0,0,0,8760,0,0.0
2021-04-27,0,0,0,8760,0,0.0
2021-04-28,0,0,0,8760,0,0.0
2021-04-29,0,0,0,8760,0,0.0
2021-04-30,0,0,0,8760,0,0.0
2021-05-03,0,0,0,8760,0,0.0
2021-05-04,0,0,0,8760,0,0.0
2021-05-06,0,0,0,8760,0,0.0
2021-05-07,0,0,0,8760,0,0.0
2021-05-10,0,0,0,8760,0,0.0
2021-05-11,0,0,0,8760,0,0.0
2021-05-12,0,0,0,8760,0,0.0
2021-05-13,0,0,0,8760,0,0.0
2021-05-14,0,0,0,8760,0,0.0
2021-05-17,0,0,0,8760,0,0.0
2021-05-18,0,0,0,8760,0,0.0
2021-05-20,0,0,0,8760,0,0.0
2021-05-21,0,0,0,8760,0,0.0
2021-05-24,0,0,0,8760,0,0.0
2021-05-25,0,0,0,8760,0,0.0
2021-05-26,0,0,0,8760,0,0.0
2021-05-27,0,0,0,8760,0,0.0
2021-05-28,0,0,0,8760,0,0.0
2021-05-31,0,0,0,8760,0,0.0
2021-06-01,0,0,0,8760,0,0.0
2021-06-02,0,0,0,8760,0,0.0
2021-06-03,0,0,0,8760,0,0.0
2021-06-04,0,0,0,8760,0,0.0
2021-06-07,0,0,0,8760,0,0.0
2021-06-08,0,0,0,8760,0,0.0
2021-06-09,0,0,0,8760,0,0.0
2021-06-10,0,0,0,8760,0,0.0
2021-06-11,0,0,0,8760,0,0.0
2021-06-14,0,0,0,8760,0,0.0
2021-06-15,0,0,0,8760,0,0.0
2021-06-16,0,0,0,8760,0,0.0
2021-06-17,0,0,0,8760,0,0.0
2021-06-18,0,0,0,8760,0,0.0
2021-06-21,0,0,0,8760,0,0.0
2021-06-22,0,0,0,8760,0,0.0
2021-06-23,0,0,0,8760,0,0.0
2021-06-24,0,0,0,8760,0,0.0
2021-06-25,0,0,0,8760,0,0.0
2021-06-28,0,0,0,8760,0,0.0
2021-06-29,0,0,0,8760,0,0.0
2021-06-30,0,0,0,8760,0,0.0
2021-07-01,0,0,0,8760,0,0.0
2021-07-02,0,0,0,8760,0,0.0
2021-07-05,0,0,0,8760,0,0.0
2021-07-06,0,0,0,8760,0,0.0
2021-07-07,0,0,0,8760,0,0.0
2021-07-08,0,0,0,8760,0,0.0
2021-07-09,0,0,0,8760,0,0.0
2021-07-12,0,0,0,8760,0,0.0
2021-07-13,0,0,0,8760,0,0.0
2021-07-14,0,0,0,8760,0,0.0
2021-07-15,0,0,0,8760,0,0.0
2021-07-16,0,0,0,8760,0,0.0
2021-07-19,0,0,0,8760,0,0.0
2021-07-20,0,0,0,8760,0,0.0
2021-07-21,0,0,0,8760,0,0.0
2021-07-22,0,0,0,8760,0,0.0
2021-07-23,0,0,0,8760,0,0.0
2021-07-26,0,0,0,8760,0,0.0
2021-07-27,0,0,0,8760,0,0.0
2021-07-28,0,0,0,8760,0,0.0
2021-07-29,0,0,0,8760,0,0.0
2021-07-30,0,0,0,8760,0,0.0
2021-08-02,0,0,0,8760,0,0.0
2021-08-03,0,0,0,8760,0,0.0
2021-08-04,0,0,0,8760,0,0.0
2021-08-05,0,0,0,8760,0,0.0
2021-08-06,0,0,0,8760,0,0.0
2021-08-09,0,0,0,8760,0,0.0
2021-08-10,0,0,0,8760,0,0.0
2021-08-11,0,0,0,8760,0,0.0
2021-08-12,0,0,0,8760,0,0.0
2021-08-13,0,0,0,8760,0,0.0
2021-08-17,0,0,0,8760,0,0.0
2021-08-18,0,0,0,8760,0,0.0
2021-08-19,0,0,0,8760,0,0.0
2021-08-20,0,0,0,8760,0,0.0
2021-08-23,0,0,0,8760,0,0.0
2021-08-24,0,0,0,8760,0,0.0
2021-08-25,0,0,0,8760,0,0.0
2021-08-26,0,0,0,8760,0,0.0
2021-08-27,0,0,0,8760,0,0.0
2021-08-30,0,0,0,8760,0,0.0
2021-08-31,0,0,0,8760,0,0.0
2021-09-01,0,0,0,8760,0,0.0
2021-09-02,0,0,0,8760,0,0.0
2021-09-03,0,0,0,8760,0,0.0
2021-09-06,0,0,0,8760,0,0.0
2021-09-07,0,0,0,8760,0,0.0
2021-09-08,0,0,0,8760,0,0.0
2021-09-09,0,0,0,8760,0,0.0
2021-09-10,0,0,0,8760,0,0.0
2021-09-13,0,0,0,8760,0,0.0
2021-09-14,0,0,0,8760,0,0.0
2021-09-15,0,0,0,8760,0,0.0
2021-09-16,0,0,0,8760,0,0.0
2021-09-17,0,0,0,8760,0,0.0
2021-09-23,0,0,0,8760,0,0.0
2021-09-24,0,0,0,8760,0,0.0
2021-09-27,0,0,0,8760,0,0.0
2021-09-28,0,0,0,8760,0,0.0
2021-09-29,0,0,0,8760,0,0.0
2021-09-30,0,0,0,8760,0,0.0
2021-10-01,0,0,0,8760,0,0.0
2021-10-05,0,0,0,8760,0,0.0
2021-10-06,0,0,0,8760,0,0.0
2021-10-07,0,0,0,8760,0,0.0
2021-10-08,0,0,0,8760,0,0.0
2021-10-12,0,0,0,8760,0,0.0
2021-10-13,0,0,0,8760,0,0.0
2021-10-14,0,0,0,8760,0,0.0
2021-10-15,0,0,0,8760,0,0.0
2021-10-18,0,0,0,8760,0,0.0
2021-10-19,0,0,0,8760,0,0.0
2021-10-20,0,0,0,8760,0,0.0
2021-10-21,0,0,0,8760,0,0.0
2021-10-22,0,0,0,8760,0,0.0
2021-10-25,0,0,0,8760,0,0.0
2021-10-26,0,0,0,8760,0,0.0
2021-10-27,0,0,0,8760,0,0.0
2021-10-28,0,0,0,8760,0,0.0
2021-10-29,0,0,0,8760,0,0.0
2021-11-01,0,0,0,8760,0,0.0
2021-11-02,0,0,0,8760,0,0.0
2021-11-03,0,0,0,8760,0,0.0
2021-11-04,0,0,0,8760,0,0.0
2021-11-05,0,0,0,8760,0,0.0
2021-11-08,0,0,0,8760,0,0.0
2021-11-09,0,0,0,8760,0,0.0
2021-11-10,0,0,0,8760,0,0.0
2021-11-11,0,0,0,8760,0,0.0
2021-11-12,0,0,0,8760,0,0.0
2021-11-15,0,0,0,8760,0,0.0
2021-11-16,0,0,0,8760,0,0.0
2021-11-17,0,0,0,8760,0,0.0
2021-11-18,0,0,0,8760,0,0.0
2021-11-19,0,0,0,8760,0,0.0
2021-11-22,0,0,0,8760,0,0.0
2021-11-23,0,0,0,8760,0,0.0
2021-11-24,0,0,0,8760,0,0.0
2021-11-25,0,0,0,8760,0,0.0
2021-11-26,0,0,0,8760,0,0.0
2021-11-29,0,0,0,8760,0,0.0
2021-11-30,0,0,0,8760,0,0.0
2021-12-01,0,0,0,8760,0,0.0
2021-12-02,0,0,0,8760,0,0.0
2021-12-03,0,0,0,8760,0,0.0
2021-12-06,0,0,0,8760,0,0.0
2021-12-07,0,0,0,8760,0,0.0
2021-12-08,0,0,0,8760,0,0.0
2021-12-09,0,0,0,8760,0,0.0
2021-12-10,0,0,0,8760,0,0.0
2021-12-13,0,0,0,8760,0,0.0
2021-12-14,0,0,0,8760,0,0.0
2021-12-15,0,0,0,8760,0,0.0
2021-12-16,0,0,0,8760,0,0.0
2021-12-17,0,0,0,8760,0,0.0
2021-12-20,0,0,0,8760,0,0.0
2021-12-21,0,0,0,8760,0,0.0
2021-12-22,0,0,0,8760,0,0.0
2021-12-23,0,0,0,8760,0,0.0
2021-12-24,0,0,0,8760,0,0.0
2021-12-27,0,0,0,8760,0,0.0
2021-12-28,0,0,0,8760,0,0.0
2021-12-29,0,0,0,8760,0,0.0
2021-12-30,0,0,0,8760,0,0.0
2022-01-03,0,0,0,8760,0,0.0
2022-01-04,0,0,0,8760,0,0.0
2022-01-05,0,0,0,8760,0,0.0
2022-01-06,0,0,0,8760,0,0.0
2022-01-07,0,0,0,8760,0,0.0
2022-01-10,0,0,0,8760,0,0.0
2022-01-11,0,0,0,8760,0,0.0
2022-01-12,0,0,0,8760,0,0.0
2022-01-13,0,0,0,8760,0,0.0
2022-01-14,0,0,0,8760,0,0.0
2022-01-17,0,0,0,8760,0,0.0
2022-01-18,0,0,0,8760,0,0.0
2022-01-19,0,0,0,8760,0,0.0
2022-01-20,0,0,0,8760,0,0.0
2022-01-21,0,0,0,8760,0,0.0
2022-01-24,0,0,0,8760,0,0.0
2022-01-25,0,0,0,8760,0,0.0
2022-01-26,0,0,0,8760,0,0.0
2022-01-27,0,0,0,8760,0,0.0
2022-01-28,0,0,0,8760,0,0.0
2022-02-03,0,0,0,8760,0,0.0
2022-02-04,0,0,0,8760,0,0.0
2022-02-07,0,0,0,8760,0,0.0
2022-02-08,0,0,0,8760,0,0.0
2022-02-09,0,0,0,8760,0,0.0
2022-02-10,0,0,0,8760,0,0.0
2022-02-11,0,0,0,8760,0,0.0
2022-02-14,0,0,0,8760,0,0.0
2022-02-15,0,0,0,8760,0,0.0
2022-02-16,0,0,0,8760,0,0.0
2022-02-17,0,0,0,8760,0,0.0
2022-02-18,0,0,0,8760,0,0.0
2022-02-21,0,0,0,8760,0,0.0
2022-02-22,0,0,0,8760,0,0.0
2022-02-23,0,0,0,8760,0,0.0
2022-02-24,0,0,0,8760,0,0.0
2022-02-25,0,0,0,8760,0,0.0
2022-02-28,0,0,0,8760,0,0.0
2022-03-02,0,0,0,8760,0,0.0
2022-03-03,0,0,0,8760,0,0.0
2022-03-04,0,0,0,8760,0,0.0
2022-03-07,0,0,0,8760,0,0.0
2022-03-08,0,0,0,8760,0,0.0
2022-03-10,0,0,0,8760,0,0.0
2022-03-11,0,0,0,8760,0,0.0
2022-03-14,0,0,0,8760,0,0.0
2022-03-15,0,0,0,8760,0,0.0
2022-03-16,0,0,0,8760,0,0.0
2022-03-17,0,0,0,8760,0,0.0
2022-03-18,0,0,0,8760,0,0.0
2022-03-21,0,0,0,8760,0,0.0
2022-03-22,0,0,0,8760,0,0.0
2022-03-23,0,0,0,8760,0,0.0
2022-03-24,0,0,0,8760,0,0.0
2022-03-25,0,0,0,8760,0,0.0
2022-03-28,0,0,0,8760,0,0.0
2022-03-29,0,0,0,8760,0,0.0
2022-03-30,0,0,0,8760,0,0.0
2022-03-31,0,0,0,8760,0,0.0
2022-04-01,0,0,0,8760,0,0.0
2022-04-04,0,0,0,8760,0,0.0
2022-04-05,0,0,0,8760,0,0.0
2022-04-06,0,0,0,8760,0,0.0
2022-04-07,0,0,0,8760,0,0.0
2022-04-08,0,0,0,8760,0,0.0
2022-04-11,0,0,0,8760,0,0.0
2022-04-12,0,0,0,8760,0,0.0
2022-04-13,0,0,0,8760,0,0.0
2022-04-14,0,0,0,8760,0,0.0
2022-04-15,0,0,0,8760,0,0.0
2022-04-18,0,0,0,8760,0,0.0
2022-04-19,0,0,0,8760,0,0.0
2022-04-20,0,0,0,8760,0,0.0
2022-04-21,0,0,0,8760,0,0.0
2022-04-22,0,0,0,8760,0,0.0
2022-04-25,0,0,0,8760,0,0.0
2022-04-26,0,0,0,8760,0,0.0
2022-04-27,0,0,0,8760,0,0.0
2022-04-28,0,0,0,8760,0,0.0
2022-04-29,0,0,0,8760,0,0.0
2022-05-02,0,0,0,8760,0,0.0
2022-05-03,0,0,0,8760,0,0.0
2022-05-04,0,0,0,8760,0,0.0
2022-05-06,0,0,0,8760,0,0.0
2022-05-09,0,0,0,8760,0,0.0
2022-05-10,0,0,0,8760,0,0.0
2022-05-11,0,0,0,8760,0,0.0
2022-05-12,0,0,0,8760,0,0.0
2022-05-13,0,0,0,8760,0,0.0
2022-05-16,0,0,0,8760,0,0.0
2022-05-17,0,0,0,8760,0,0.0
2022-05-18,0,0,0,8760,0,0.0
2022-05-19,0,0,0,8760,0,0.0
2022-05-20,0,0,0,8760,0,0.0
2022-05-23,0,0,0,8760,0,0.0
2022-05-24,0,0,0,8760,0,0.0
2022-05-25,0,0,0,8760,0,0.0
2022-05-26,0,0,0,8760,0,0.0
2022-05-27,0,0,0,8760,0,0.0
2022-05-30,0,0,0,8760,0,0.0
2022-05-31,0,0,0,8760,0,0.0
2022-06-02,0,0,0,8760,0,0.0
2022-06-03,0,0,0,8760,0,0.0
2022-06-07,0,0,0,8760,0,0.0
2022-06-08,0,0,0,8760,0,0.0
2022-06-09,0,0,0,8760,0,0.0
2022-06-10,0,0,0,8760,0,0.0
2022-06-13,0,0,0,8760,0,0.0
2022-06-14,0,0,0,8760,0,0.0
2022-06-15,0,0,0,8760,0,0.0
2022-06-16,0,0,0,8760,0,0.0
2022-06-17,0,0,0,8760,0,0.0
2022-06-20,0,0,0,8760,0,0.0
2022-06-21,0,0,0,8760,0,0.0
2022-06-22,0,0,0,8760,0,0.0
2022-06-23,0,0,0,8760,0,0.0
2022-06-24,0,0,0,8760,0,0.0
2022-06-27,0,0,0,8760,0,0.0
2022-06-28,0,0,0,8760,0,0.0
2022-06-29,0,0,0,8760,0,0.0
2022-06-30,0,0,0,8760,0,0.0
2022-07-01,0,0,0,8760,0,0.0
2022-07-04,0,0,0,8760,0,0.0
2022-07-05,0,0,0,8760,0,0.0
2022-07-06,0,0,0,8760,0,0.0
2022-07-07,0,0,0,8760,0,0.0
2022-07-08,0,0,0,8760,0,0.0
2022-07-11,0,0,0,8760,0,0.0
2022-07-12,0,0,0,8760,0,0.0
2022-07-13,0,0,0,8760,0,0.0
2022-07-14,0,0,0,8760,0,0.0
2022-07-15,0,0,0,8760,0,0.0
2022-07-18,0,0,0,8760,0,0.0
2022-07-19,0,0,0,8760,0,0.0
2022-07-20,0,0,0,8760,0,0.0
2022-07-21,0,0,0,8760,0,0.0
2022-07-22,0,0,0,8760,0,0.0
2022-07-25,0,0,0,8760,0,0.0
2022-07-26,0,0,0,8760,0,0.0
2022-07-27,0,0,0,8760,0,0.0
2022-07-28,0,0,0,8760,0,0.0
2022-07-29,0,0,0,8760,0,0.0
2022-08-01,0,0,0,8760,0,0.0
2022-08-02,0,0,0,8760,0,0.0
2022-08-03,0,0,0,8760,0,0.0
2022-08-04,0,0,0,8760,0,0.0
2022-08-05,0,0,0,8760,0,0.0
2022-08-08,0,0,0,8760,0,0.0
2022-08-09,0,0,0,8760,0,0.0
2022-08-10,0,0,0,8760,0,0.0
2022-08-11,0,0,0,8760,0,0.0
2022-08-12,0,0,0,8760,0,0.0
2022-08-16,0,0,0,8760,0,0.0
2022-08-17,0,0,0,8760,0,0.0
2022-08-18,0,0,0,8760,0,0.0
2022-08-19,0,0,0,8760,0,0.0
2022-08-22,0,0,0,8760,0,0.0
2022-08-23,0,0,0,8760,0,0.0
2022-08-24,0,0,0,8760,0,0.0
2022-08-25,0,0,0,8760,0,0.0
2022-08-26,0,0,0,8760,0,0.0
2022-08-29,0,0,0,8760,0,0.0
2022-08-30,0,0,0,8760,0,0.0
2022-08-31,0,0,0,8760,0,0.0
2022-09-01,0,0,0,8760,0,0.0
2022-09-02,0,0,0,8760,0,0.0
2022-09-05,0,0,0,8760,0,0.0
2022-09-06,0,0,0,8760,0,0.0
2022-09-07,0,0,0,8760,0,0.0
2022-09-08,0,0,0,8760,0,0.0
2022-09-13,0,0,0,8760,0,0.0
2022-09-14,0,0,0,8760,0,0.0
2022-09-15,0,0,0,8760,0,0.0
2022-09-16,0,0,0,8760,0,0.0
2022-09-19,0,0,0,8760,0,0.0
2022-09-20,0,0,0,8760,0,0.0
2022-09-21,0,0,0,8760,0,0.0
2022-09-22,0,0,0,8760,0,0.0
2022-09-23,0,0,0,8760,0,0.0
2022-09-26,0,0,0,8760,0,0.0
2022-09-27,0,0,0,8760,0,0.0
2022-09-28,0,0,0,8760,0,0.0
2022-09-29,0,0,0,8760,0,0.0
2022-09-30,0,0,0,8760,0,0.0
2022-10-04,0,0,0,8760,0,0.0
2022-10-05,0,0,0,8760,0,0.0
2022-10-06,0,0,0,8760,0,0.0
2022-10-07,0,0,0,8760,0,0.0
2022-10-11,0,0,0,8760,0,0.0
2022-10-12,0,0,0,8760,0,0.0
2022-10-13,0,0,0,8760,0,0.0
2022-10-14,0,0,0,8760,0,0.0
2022-10-17,0,0,0,8760,0,0.0
2022-10-18,0,0,0,8760,0,0.0
2022-10-19,0,0,0,8760,0,0.0
2022-10-20,0,0,0,8760,0,0.0
2022-10-21,0,0,0,8760,0,0.0
2022-10-24,0,0,0,8760,0,0.0
2022-10-25,0,0,0,8760,0,0.0
2022-10-26,0,0,0,8760,0,0.0
2022-10-27,0,0,0,8760,0,0.0
2022-10-28,0,0,0,8760,0,0.0
2022-10-31,0,0,0,8760,0,0.0
2022-11-01,0,0,0,8760,0,0.0
2022-11-02,0,0,0,8760,0,0.0
2022-11-03,0,0,0,8760,0,0.0
2022-11-04,0,0,0,8760,0,0.0
2022-11-07,0,0,0,8760,0,0.0
2022-11-08,0,0,0,8760,0,0.0
2022-11-09,0,0,0,8760,0,0.0
2022-11-10,0,0,0,8760,0,0.0
2022-11-11,0,0,0,8760,0,0.0
2022-11-14,0,0,0,8760,0,0.0
2022-11-15,0,0,0,8760,0,0.0
2022-11-16,0,0,0,8760,0,0.0
2022-11-17,0,0,0,8760,0,0.0
2022-11-18,0,0,0,8760,0,0.0
2022-11-21,0,0,0,8760,0,0.0
2022-11-22,0,0,0,8760,0,0.0
2022-11-23,0,0,0,8760,0,0.0
2022-11-24,0,0,0,8760,0,0.0
2022-11-25,0,0,0,8760,0,0.0
2022-11-28,0,0,0,8760,0,0.0
2022-11-29,0,0,0,8760,0,0.0
2022-11-30,0,0,0,8760,0,0.0
2022-12-01,0,0,0,8760,0,0.0
2022-12-02,0,0,0,8760,0,0.0
2022-12-05,0,0,0,8760,0,0.0
2022-12-06,0,0,0,8760,0,0.0
2022-12-07,0,0,0,8760,0,0.0
2022-12-08,0,0,0,8760,0,0.0
2022-12-09,0,0,0,8760,0,0.0
2022-12-12,0,0,0,8760,0,0.0
2022-12-13,0,0,0,8760,0,0.0
2022-12-14,0,0,0,8760,0,0.0
2022-12-15,0,0,0,8760,0,0.0
2022-12-16,0,0,0,8760,0,0.0
2022-12-19,0,0,0,8760,0,0.0
2022-12-20,0,0,0,8760,0,0.0
2022-12-21,0,0,0,8760,0,0.0
2022-12-22,0,0,0,8760,0,0.0
2022-12-23,0,0,0,8760,0,0.0
2022-12-26,0,0,0,8760,0,0.0
2022-12-27,0,0,0,8760,0,0.0
2022-12-28,0,0,0,8760,0,0.0
2022-12-29,0,0,0,8760,0,0.0
2023-01-02,0,0,0,8760,0,0.0
2023-01-03,0,0,0,8760,0,0.0
2023-01-04,0,0,0,8760,0,0.0
2023-01-05,0,0,0,8760,0,0.0
2023-01-06,0,0,0,8760,0,0.0
2023-01-09,0,0,0,8760,0,0.0
2023-01-10,0,0,0,8760,0,0.0
2023-01-11,0,0,0,8760,0,0.0
2023-01-12,0,0,0,8760,0,0.0
2023-01-13,0,0,0,8760,0,0.0
2023-01-16,0,0,0,8760,0,0.0
2023-01-17,0,0,0,8760,0,0.0
2023-01-18,0,0,0,8760,0,0.0
2023-01-19,0,0,0,8760,0,0.0
2023-01-20,0,0,0,8760,0,0.0
2023-01-25,0,0,0,8760,0,0.0
2023-01-26,0,0,0,8760,0,0.0
2023-01-27,0,0,0,8760,0,0.0
2023-01-30,0,0,0,8760,0,0.0
2023-01-31,0,0,0,8760,0,0.0
2023-02-01,0,0,0,8760,0,0.0
2023-02-02,0,0,0,8760,0,0.0
2023-02-03,0,0,0,8760,0,0.0
2023-02-06,0,0,0,8760,0,0.0
2023-02-07,0,0,0,8760,0,0.0
2023-02-08,0,0,0,8760,0,0.0
2023-02-09,0,0,0,8760,0,0.0
2023-02-10,0,0,0,8760,0,0.0
2023-02-13,0,0,0,8760,0,0.0
2023-02-14,0,0,0,8760,0,0.0
2023-02-15,0,0,0,8760,0,0.0
2023-02-16,0,0,0,8760,0,0.0
2023-02-17,0,0,0,8760,0,0.0
2023-02-20,0,0,0,8760,0,0.0
2023-02-21,0,0,0,8760,0,0.0
2023-02-22,0,0,0,8760,0,0.0
2023-02-23,0,0,0,8760,0,0.0
2023-02-24,0,0,0,8760,0,0.0
2023-02-27,0,0,0,8760,0,0.0
2023-02-28,0,0,0,8760,0,0.0
2023-03-02,0,0,0,8760,0,0.0
2023-03-03,0,0,0,8760,0,0.0
2023-03-06,0,0,0,8760,0,0.0
2023-03-07,0,0,0,8760,0,0.0
2023-03-08,0,0,0,8760,0,0.0
2023-03-09,0,0,0,8760,0,0.0
2023-03-10,0,0,0,8760,0,0.0
2023-03-13,0,0,0,8760,0,0.0
2023-03-14,0,0,0,8760,0,0.0
2023-03-15,0,0,0,8760,0,0.0
2023-03-16,0,0,0,8760,0,0.0
2023-03-17,0,0,0,8760,0,0.0
2023-03-20,0,0,0,8760,0,0.0
2023-03-21,0,0,0,8760,0,0.0
2023-03-22,0,0,0,8760,0,0.0
2023-03-23,0,0,0,8760,0,0.0
