Date,Open,High,Low,Close,Volume,Change
2015-01-02,1025,1140,1025,1140,78,0.0
2015-01-05,1090,1140,1090,1140,92,0.0
2015-01-06,1140,1290,1095,1265,302,0.10964912280701755
2015-01-07,1115,1330,1115,1310,325,0.035573122529644285
2015-01-08,1190,1320,1190,1300,37,-0.007633587786259555
2015-01-09,1215,1320,1215,1280,132,-0.01538461538461533
2015-01-12,1290,1290,1280,1290,19,0.0078125
2015-01-13,1475,1475,1225,1310,823,0.015503875968992276
2015-01-14,1305,1305,1190,1205,2735,-0.08015267175572516
2015-01-15,1190,1260,1185,1250,328,0.03734439834024905
2015-01-16,1295,1295,1220,1290,22,0.03200000000000003
2015-01-19,1290,1290,1230,1280,54,-0.007751937984496138
2015-01-20,1280,1380,1230,1325,222,0.03515625
2015-01-21,1350,1355,1250,1355,886,0.02264150943396226
2015-01-22,1350,1350,1275,1345,84,-0.0073800738007380184
2015-01-23,1350,1350,1230,1345,2656,0.0
2015-01-26,1265,1345,1265,1345,22,0.0
2015-01-27,1300,1300,1240,1265,2043,-0.059479553903345694
2015-01-28,1240,1290,1225,1280,286,0.011857707509881354
2015-01-29,1280,1280,1235,1280,24,0.0
2015-01-30,1090,1260,1090,1260,1557,-0.015625
2015-02-02,1205,1280,1205,1260,882,0.0
2015-02-03,1295,1295,1230,1250,66,-0.007936507936507908
2015-02-04,1300,1300,1225,1250,1647,0.0
2015-02-05,1250,1375,1220,1290,3182,0.03200000000000003
2015-02-06,1290,1345,1200,1225,3510,-0.050387596899224785
2015-02-09,1205,1245,1205,1240,1157,0.012244897959183598
2015-02-10,1240,1350,1200,1315,2473,0.06048387096774199
2015-02-11,1315,1315,1215,1260,5338,-0.041825095057034245
2015-02-12,1240,1245,1190,1240,1677,-0.015873015873015928
2015-02-13,1240,1240,1180,1195,1382,-0.03629032258064513
2015-02-16,1180,1225,1160,1225,693,0.025104602510460206
2015-02-17,1220,1405,1215,1405,50354,0.14693877551020407
2015-02-23,1615,1615,1470,1615,59642,0.14946619217081847
2015-02-24,1700,1725,1380,1405,95999,-0.13003095975232193
2015-02-25,1415,1415,1305,1320,28562,-0.06049822064056942
2015-02-26,1305,1360,1280,1350,11242,0.022727272727272707
2015-02-27,1350,1365,1305,1330,7297,-0.014814814814814836
2015-03-02,1310,1465,1310,1370,17316,0.03007518796992481
2015-03-03,1370,1575,1370,1575,29834,0.14963503649635035
2015-03-04,1720,1810,1720,1810,70848,0.14920634920634912
2015-03-05,1740,1800,1595,1660,62381,-0.08287292817679559
2015-03-06,1660,1700,1610,1620,15699,-0.02409638554216864
2015-03-09,1625,1625,1525,1585,9540,-0.021604938271604923
2015-03-10,1575,1575,1485,1510,12235,-0.04731861198738174
2015-03-11,1530,1575,1450,1525,6857,0.009933774834437026
2015-03-12,1550,1555,1460,1520,4002,-0.003278688524590123
2015-03-13,1510,1540,1480,1485,2591,-0.023026315789473673
2015-03-16,1485,1500,1460,1490,3090,0.0033670033670034627
2015-03-17,1490,1490,1440,1480,3601,-0.006711409395973145
2015-03-18,1495,1575,1485,1500,5845,0.013513513513513598
2015-03-19,1460,1570,1460,1555,3439,0.036666666666666625
2015-03-20,1580,1675,1520,1530,9683,-0.01607717041800638
2015-03-23,1500,1585,1500,1585,1935,0.03594771241830075
2015-03-24,1650,1650,1560,1565,2278,-0.012618296529968487
2015-03-25,1565,1615,1520,1610,1690,0.028753993610223683
2015-03-26,1585,1635,1585,1590,1789,-0.012422360248447228
2015-03-27,1605,1610,1580,1605,2657,0.009433962264151052
2015-03-30,1595,1625,1595,1595,1792,-0.006230529595015577
2015-03-31,1595,1655,1590,1620,2964,0.01567398119122254
2015-04-01,1680,1680,1520,1580,4024,-0.024691358024691357
2015-04-02,1580,1580,1535,1560,1102,-0.012658227848101222
2015-04-03,1560,1585,1545,1560,225,0.0
2015-04-06,1600,1600,1525,1560,1209,0.0
2015-04-07,1635,1635,1555,1600,121,0.02564102564102555
2015-04-08,1565,1595,1520,1520,4361,-0.050000000000000044
2015-04-09,1530,1535,1485,1490,1672,-0.019736842105263164
2015-04-10,1465,1535,1465,1525,1245,0.02348993288590595
2015-04-13,1505,1540,1480,1480,1290,-0.02950819672131144
2015-04-14,1480,1485,1410,1430,1362,-0.03378378378378377
2015-04-15,1480,1480,1425,1465,934,0.02447552447552437
2015-04-16,1475,1520,1455,1520,242,0.03754266211604085
2015-04-17,1470,1520,1440,1470,1018,-0.03289473684210531
2015-04-20,1510,1510,1430,1450,2804,-0.013605442176870763
2015-04-21,1430,1460,1420,1445,1286,-0.0034482758620689724
2015-04-22,1445,1445,1420,1440,1429,-0.0034602076124568004
2015-04-23,1415,1440,1415,1440,178,0.0
2015-04-24,1435,1460,1360,1450,9254,0.00694444444444442
2015-04-27,1420,1465,1400,1410,4047,-0.02758620689655178
2015-04-28,1400,1570,1400,1570,6568,0.11347517730496448
2015-04-29,0,0,0,1570,0,0.0
2015-04-30,0,0,0,1570,0,0.0
2015-05-04,0,0,0,1570,0,0.0
2015-05-06,0,0,0,1570,0,0.0
2015-05-07,0,0,0,1570,0,0.0
2015-05-08,0,0,0,1570,0,0.0
2015-05-11,0,0,0,1570,0,0.0
2015-05-12,0,0,0,1570,0,0.0
2015-05-13,0,0,0,1570,0,0.0
2015-05-14,0,0,0,1570,0,0.0
2015-05-15,0,0,0,1570,0,0.0
2015-05-18,0,0,0,1570,0,0.0
2015-05-19,0,0,0,1570,0,0.0
2015-05-20,0,0,0,1570,0,0.0
2015-05-21,0,0,0,1570,0,0.0
2015-05-22,1500,1570,1450,1450,64175,-0.07643312101910826
2015-05-26,1420,1590,1330,1440,63139,-0.006896551724137945
2015-05-27,1400,1515,1400,1460,40543,0.01388888888888884
2015-05-28,1510,1510,1370,1375,34475,-0.05821917808219179
2015-05-29,1355,1430,1355,1410,5288,0.025454545454545396
2015-06-01,1410,1445,1380,1435,3884,0.01773049645390068
2015-06-02,1455,1455,1370,1390,14878,-0.03135888501742157
2015-06-03,1360,1390,1310,1310,24112,-0.05755395683453235
2015-06-04,1320,1465,1320,1385,6015,0.057251908396946494
2015-06-05,1330,1465,1330,1450,27854,0.04693140794223827
2015-06-08,1445,1450,1400,1435,6996,-0.010344827586206917
2015-06-09,1460,1530,1435,1510,16912,0.05226480836236935
2015-06-10,1560,1560,1480,1535,710,0.01655629139072845
2015-06-11,1520,1550,1510,1530,4273,-0.0032573289902280145
2015-06-12,1565,1565,1450,1555,12502,0.016339869281045694
2015-06-15,1550,1550,1460,1485,5040,-0.045016077170418
2015-06-16,1455,1500,1455,1460,9340,-0.01683501683501687
2015-06-17,1450,1515,1435,1470,17102,0.006849315068493178
2015-06-18,1470,1515,1470,1515,12790,0.030612244897959107
2015-06-19,1420,1560,1420,1530,3600,0.00990099009900991
2015-06-22,1530,1555,1455,1550,12957,0.013071895424836555
2015-06-23,1550,1585,1510,1560,17371,0.006451612903225712
2015-06-24,1560,1590,1515,1580,9265,0.012820512820512775
2015-06-25,1580,1690,1555,1625,49211,0.028481012658227778
2015-06-26,1640,1640,1570,1615,16178,-0.006153846153846176
2015-06-29,1615,2095,1590,2095,509421,0.2972136222910218
2015-06-30,2380,2720,2355,2720,5535882,0.298329355608592
2015-07-01,3105,3485,2860,2960,6397700,0.08823529411764697
2015-07-02,0,0,0,2960,0,0.0
2015-07-03,2960,2960,2610,2610,1249191,-0.1182432432432432
2015-07-06,2505,2590,2425,2585,802164,-0.009578544061302652
2015-07-07,2595,2735,2495,2695,654321,0.042553191489361764
2015-07-08,2580,2680,2110,2245,1693454,-0.16697588126159557
2015-07-09,2135,2160,1980,2155,1352555,-0.04008908685968815
2015-07-10,2175,2200,2030,2095,722216,-0.02784222737819031
2015-07-13,2095,2135,1970,2095,611749,0.0
2015-07-14,2130,2185,2020,2080,575744,-0.007159904534606243
2015-07-15,2105,2220,1975,2120,1058039,0.019230769230769162
2015-07-16,2145,2350,2120,2345,1464786,0.10613207547169812
2015-07-17,2480,2680,2350,2350,1575831,0.002132196162046851
2015-07-20,2345,2505,2130,2150,854392,-0.08510638297872342
2015-07-21,2240,2420,2195,2350,674314,0.09302325581395343
2015-07-22,2305,2380,2240,2355,364625,0.0021276595744681437
2015-07-23,2410,2770,2250,2250,1503777,-0.04458598726114649
2015-07-24,2290,2300,2070,2070,596625,-0.07999999999999996
2015-07-27,2080,2085,1965,1980,294905,-0.04347826086956519
2015-07-28,1980,2000,1860,1915,247645,-0.03282828282828287
2015-07-29,1915,2015,1890,1910,154700,-0.0026109660574412663
2015-07-30,1925,1950,1840,1845,113390,-0.03403141361256545
2015-07-31,1860,1865,1750,1810,145862,-0.01897018970189701
2015-08-03,1820,1960,1820,1940,136768,0.07182320441988943
2015-08-04,1940,1950,1880,1920,72219,-0.010309278350515427
2015-08-05,1900,1945,1875,1905,68019,-0.0078125
2015-08-06,1935,1935,1880,1905,54811,0.0
2015-08-07,1840,1930,1840,1920,73269,0.007874015748031482
2015-08-10,1940,1940,1830,1875,66242,-0.0234375
2015-08-11,1810,1850,1665,1690,423008,-0.09866666666666668
2015-08-12,1690,1690,1595,1690,144823,0.0
2015-08-13,1720,1725,1640,1660,69264,-0.017751479289940808
2015-08-17,1725,1725,1595,1595,61640,-0.03915662650602414
2015-08-18,1605,1715,1500,1685,149908,0.056426332288401326
2015-08-19,1645,1700,1565,1600,85876,-0.05044510385756673
2015-08-20,1610,1730,1555,1555,43644,-0.028124999999999956
2015-08-21,1500,1565,1425,1430,144592,-0.08038585209003213
2015-08-24,1400,1530,1390,1450,66507,0.013986013986013957
2015-08-25,1415,1525,1415,1500,39913,0.034482758620689724
2015-08-26,1535,1605,1500,1570,53466,0.046666666666666634
2015-08-27,1600,1770,1560,1620,154435,0.031847133757961776
2015-08-28,1670,1700,1650,1660,35147,0.024691358024691468
2015-08-31,1640,1725,1635,1675,39734,0.009036144578313143
2015-09-01,1680,1680,1595,1620,46988,-0.032835820895522394
2015-09-02,1575,1615,1550,1610,68818,-0.006172839506172867
2015-09-03,1630,1630,1585,1620,31708,0.006211180124223503
2015-09-04,1620,1640,1535,1545,50166,-0.04629629629629628
2015-09-07,1540,1890,1475,1730,408515,0.11974110032362462
2015-09-08,1730,2245,1700,2245,3747298,0.29768786127167624
2015-09-09,2185,2435,2070,2200,2960573,-0.020044543429844075
2015-09-10,2230,2400,2130,2275,1348757,0.03409090909090917
2015-09-11,2320,2395,2020,2130,810519,-0.06373626373626373
2015-09-14,2085,2100,1975,1985,338194,-0.068075117370892
2015-09-15,1985,2105,1850,1975,633757,-0.005037783375314908
2015-09-16,1955,2000,1905,1970,188561,-0.0025316455696202667
2015-09-17,2000,2265,1970,2045,933035,0.038071065989847774
2015-09-18,2090,2090,1930,1995,234633,-0.02444987775061125
2015-09-21,1995,2005,1800,1865,553924,-0.06516290726817042
2015-09-22,1880,1930,1835,1865,242562,0.0
2015-09-23,1820,1980,1820,1890,258518,0.013404825737265424
2015-09-24,1890,1970,1860,1930,208812,0.021164021164021163
2015-09-25,1965,2445,1920,2130,2297434,0.10362694300518127
2015-09-30,2075,2320,2010,2140,700445,0.0046948356807512415
2015-10-01,2160,2365,2100,2305,1224774,0.07710280373831768
2015-10-02,2275,2400,2185,2380,731761,0.03253796095444694
2015-10-05,2370,2800,2320,2390,794328,0.004201680672268893
2015-10-06,2400,2500,2300,2430,379613,0.01673640167364021
2015-10-07,2415,2470,2330,2345,281504,-0.034979423868312765
2015-10-08,2345,2385,2255,2305,199344,-0.017057569296375252
2015-10-12,2325,2425,2215,2410,253017,0.045553145336225676
2015-10-13,2450,2460,2350,2365,208974,-0.018672199170124526
2015-10-14,2315,2340,2230,2230,314629,-0.05708245243128962
2015-10-15,2230,2295,2210,2290,72693,0.026905829596412634
2015-10-16,2270,2310,2195,2295,103223,0.0021834061135370675
2015-10-19,2295,2385,2250,2375,206880,0.034858387799564294
2015-10-20,2380,2570,2310,2365,275704,-0.004210526315789442
2015-10-21,2370,2425,2325,2340,92419,-0.010570824524312905
2015-10-22,2350,2485,2280,2435,365998,0.040598290598290676
2015-10-23,2495,2780,2315,2330,872821,-0.043121149897330624
2015-10-26,2270,2315,2185,2200,314128,-0.05579399141630903
2015-10-27,2245,2250,2155,2220,95870,0.009090909090909038
2015-10-28,2225,2240,2130,2180,202592,-0.018018018018018056
2015-10-29,2180,2225,2050,2090,124676,-0.041284403669724745
2015-10-30,2150,2345,2100,2140,123828,0.02392344497607657
2015-11-02,2240,2240,2135,2170,19927,0.014018691588784993
2015-11-03,2170,2250,2085,2235,118913,0.02995391705069128
2015-11-04,2250,2270,2200,2260,65800,0.01118568232662187
2015-11-05,2250,2260,2200,2220,41105,-0.017699115044247815
2015-11-06,2240,2245,2145,2245,76283,0.011261261261261257
2015-11-09,2205,2210,2065,2175,90321,-0.031180400890868598
2015-11-10,2110,2115,1950,2000,97658,-0.08045977011494254
2015-11-11,1930,2115,1930,2075,61426,0.03750000000000009
2015-11-12,2095,2115,2005,2035,34430,-0.01927710843373498
2015-11-13,1990,2085,1990,2015,33339,-0.009828009828009798
2015-11-16,2025,2090,1970,1980,49039,-0.017369727047146455
2015-11-17,2030,2050,1975,2040,22700,0.030303030303030276
2015-11-18,2090,2090,2000,2035,27634,-0.002450980392156854
2015-11-19,2075,2075,2000,2025,32533,-0.004914004914004955
2015-11-20,2030,2110,2010,2080,31124,0.02716049382716057
2015-11-23,2135,2135,2030,2065,25840,-0.007211538461538436
2015-11-24,2105,2105,1995,2000,53698,-0.03147699757869249
2015-11-25,2045,2080,1985,2065,38058,0.03249999999999997
2015-11-26,2035,2125,2035,2095,28264,0.014527845036319542
2015-11-27,2095,2120,2070,2075,51108,-0.009546539379474916
2015-11-30,2075,2105,2040,2080,33683,0.002409638554216942
2015-12-01,2055,2110,2050,2090,21998,0.004807692307692291
2015-12-02,2115,2115,2060,2075,26307,-0.0071770334928229484
2015-12-03,2100,2100,2025,2075,37874,0.0
2015-12-04,2115,2115,2050,2115,59884,0.01927710843373487
2015-12-07,2150,2275,2125,2215,173425,0.047281323877068626
2015-12-08,2255,2265,2190,2240,94696,0.011286681715575675
2015-12-09,2240,2255,2155,2180,79939,-0.0267857142857143
2015-12-10,2180,2250,2110,2125,34878,-0.025229357798165153
2015-12-11,2125,2155,2090,2090,40011,-0.016470588235294126
2015-12-14,2055,2125,1950,2055,40820,-0.01674641148325362
2015-12-15,2085,2085,1985,1995,25966,-0.029197080291970767
2015-12-16,2050,2050,1970,1990,24116,-0.0025062656641604564
2015-12-17,2000,2090,1990,2070,15904,0.04020100502512558
2015-12-18,2015,2125,2010,2100,16501,0.01449275362318847
2015-12-21,2130,2130,2005,2060,11781,-0.01904761904761909
2015-12-22,2170,2170,2010,2050,20855,-0.004854368932038833
2015-12-23,2150,2150,2005,2060,11723,0.004878048780487809
2015-12-24,2100,2100,2000,2020,20681,-0.01941747572815533
2015-12-28,1995,2035,1950,1970,11545,-0.024752475247524774
2015-12-29,1950,2000,1905,1955,25953,-0.0076142131979695105
2015-12-30,1955,2015,1955,1995,11964,0.020460358056265893
2016-01-04,2050,2080,1990,2025,21331,0.015037593984962516
2016-01-05,2000,2040,1965,2000,13965,-0.012345679012345734
2016-01-06,2040,2040,1975,2005,19269,0.0024999999999999467
2016-01-07,1975,2035,1930,1975,11925,-0.014962593516209433
2016-01-08,1920,2045,1805,1945,32432,-0.015189873417721489
2016-01-11,1985,1985,1910,1915,16603,-0.015424164524421635
2016-01-12,1985,2000,1920,1955,15123,0.02088772845953013
2016-01-13,1935,2000,1925,1945,20418,-0.005115089514066473
2016-01-14,2000,2000,1915,1945,18758,0.0
2016-01-15,1995,2000,1900,1970,27581,0.01285347043701801
2016-01-18,2000,2170,1940,1970,62689,0.0
2016-01-19,1960,2075,1910,1965,21345,-0.0025380710659898
2016-01-20,1960,1970,1860,1920,34194,-0.022900763358778664
2016-01-21,1880,1930,1880,1925,10772,0.0026041666666667407
2016-01-22,1885,1925,1860,1880,31537,-0.023376623376623384
2016-01-25,1915,1925,1735,1920,47446,0.02127659574468077
2016-01-26,1890,1930,1870,1895,16627,-0.01302083333333337
2016-01-27,1915,1915,1830,1855,20018,-0.02110817941952503
2016-01-28,1875,1900,1835,1880,21929,0.013477088948786964
2016-01-29,1880,1880,1820,1845,20088,-0.018617021276595702
2016-02-01,1870,1870,1815,1860,21783,0.008130081300812941
2016-02-02,1830,1865,1795,1835,28089,-0.013440860215053752
2016-02-03,1835,1835,1785,1795,12341,-0.021798365122615793
2016-02-04,1830,1830,1800,1820,4857,0.013927576601671321
2016-02-05,1835,1870,1795,1860,14498,0.0219780219780219
2016-02-11,1840,1860,1800,1850,12169,-0.005376344086021501
2016-02-12,1820,1860,1730,1780,39136,-0.037837837837837784
2016-02-15,1800,1800,1740,1780,13511,0.0
2016-02-16,1800,1800,1750,1785,13270,0.002808988764045006
2016-02-17,1800,1800,1750,1785,17250,0.0
2016-02-18,1785,1785,1755,1785,13096,0.0
2016-02-19,1785,1790,1740,1785,56045,0.0
2016-02-22,1785,2035,1770,1885,68186,0.05602240896358546
2016-02-23,1835,2000,1835,1970,39180,0.04509283819628651
2016-02-24,1970,2030,1950,2000,21744,0.015228426395939021
2016-02-25,1960,2010,1955,2000,8070,0.0
2016-02-26,2010,2010,1930,1975,16804,-0.012499999999999956
2016-02-29,1995,2000,1920,2000,18026,0.012658227848101333
2016-03-02,1990,2000,1935,2000,12877,0.0
2016-03-03,1995,2000,1950,2000,15680,0.0
2016-03-04,2000,2075,1915,2075,32719,0.03750000000000009
2016-03-07,2075,2080,2000,2020,18764,-0.026506024096385583
2016-03-08,2060,2100,2000,2075,16227,0.027227722772277252
2016-03-09,2100,2100,2000,2065,33241,-0.004819277108433773
2016-03-10,2075,2100,2030,2085,10140,0.009685230024213176
2016-03-11,2100,2100,2025,2075,7035,-0.004796163069544335
2016-03-14,2055,2095,2025,2065,21811,-0.004819277108433773
2016-03-15,2020,2085,2010,2070,33012,0.002421307506053294
2016-03-16,2075,2085,2035,2075,18996,0.0024154589371980784
2016-03-17,2050,2075,2020,2060,16778,-0.0072289156626506035
2016-03-18,2075,2080,2010,2065,19108,0.0024271844660195274
2016-03-21,2070,2105,2040,2070,18599,0.002421307506053294
2016-03-22,2070,2070,2020,2065,18155,-0.0024154589371980784
2016-03-23,2025,2050,2010,2050,31071,-0.007263922518159771
2016-03-24,2060,2060,2010,2055,11873,0.0024390243902439046
2016-03-25,2060,2060,2000,2020,7932,-0.01703163017031628
2016-03-28,2025,2025,1960,1990,19146,-0.014851485148514865
2016-03-29,1970,1985,1895,1900,29252,-0.045226130653266305
2016-03-30,1925,1960,1850,1850,54852,-0.02631578947368418
2016-03-31,1875,1985,1875,1935,35296,0.04594594594594592
2016-04-01,1945,2310,1930,2045,139518,0.056847545219638196
2016-04-04,2050,2130,2010,2055,39236,0.004889975550122161
2016-04-05,2095,2095,2025,2085,15594,0.014598540145985384
2016-04-06,2085,2100,2025,2095,15209,0.004796163069544335
2016-04-07,2095,2180,2050,2130,74874,0.01670644391408116
2016-04-08,2160,2185,2075,2140,25105,0.0046948356807512415
2016-04-11,2160,2160,2100,2140,15660,0.0
2016-04-12,2105,2155,2055,2120,23001,-0.009345794392523366
2016-04-14,2060,2150,2030,2115,39033,-0.002358490566037763
2016-04-15,2100,2140,2045,2115,57706,0.0
2016-04-18,2090,2125,1915,1920,155413,-0.09219858156028371
2016-04-19,1960,1970,1900,1960,44141,0.02083333333333326
2016-04-20,1995,1995,1940,1960,31491,0.0
2016-04-21,1970,1970,1940,1965,52777,0.0025510204081633514
2016-04-22,1975,2070,1960,2035,31409,0.03562340966921118
2016-04-25,1990,2040,1980,2015,30568,-0.009828009828009798
2016-04-26,2000,2100,2000,2080,30388,0.032258064516129004
2016-04-27,2095,2100,2000,2040,20466,-0.019230769230769273
2016-04-28,2005,2075,1930,2035,22886,-0.002450980392156854
2016-04-29,2055,2075,2005,2025,36654,-0.004914004914004955
2016-05-02,2025,2035,2000,2020,57551,-0.0024691358024691024
2016-05-03,2040,2040,2000,2015,77191,-0.0024752475247524774
2016-05-04,2030,2040,2000,2015,121385,0.0
2016-05-09,2030,2225,2015,2180,334206,0.08188585607940446
2016-05-10,2200,2230,2150,2220,212480,0.0183486238532109
2016-05-11,2245,2245,2185,2205,129660,-0.006756756756756799
2016-05-12,2195,2205,2160,2185,151344,-0.009070294784580546
2016-05-13,2200,2345,2155,2315,289238,0.059496567505720854
2016-05-16,2295,2445,2220,2265,303053,-0.021598272138228958
2016-05-17,2250,2290,2085,2200,707151,-0.028697571743929395
2016-05-18,2400,2635,2065,2140,4801692,-0.027272727272727226
2016-05-19,2080,2105,1950,1985,521670,-0.07242990654205606
2016-05-20,1985,2010,1905,1930,230841,-0.027707808564231717
2016-05-23,1920,1965,1875,1935,114172,0.002590673575129543
2016-05-24,1970,1970,1880,1880,172368,-0.028423772609819098
2016-05-25,1900,1925,1820,1840,162435,-0.021276595744680882
2016-05-26,1825,1860,1800,1840,111117,0.0
2016-05-27,1840,1875,1810,1865,55999,0.013586956521739024
2016-05-30,1880,1880,1820,1855,113326,-0.00536193029490617
2016-05-31,1855,1895,1855,1885,66303,0.016172506738544534
2016-06-01,1920,1920,1860,1875,68047,-0.0053050397877983935
2016-06-02,1895,1895,1855,1860,89062,-0.008000000000000007
2016-06-03,1860,1880,1840,1875,65520,0.008064516129032251
2016-06-07,1890,1920,1870,1895,45879,0.010666666666666602
2016-06-08,1920,1920,1860,1885,96325,-0.00527704485488123
2016-06-09,1895,1895,1855,1890,51527,0.0026525198938991412
2016-06-10,1880,1890,1855,1865,40391,-0.013227513227513255
2016-06-13,1885,1885,1830,1860,30850,-0.002680965147453085
2016-06-14,1855,1880,1810,1865,86352,0.0026881720430107503
2016-06-15,1840,1875,1820,1875,71117,0.00536193029490617
2016-06-16,1855,1880,1830,1855,57082,-0.010666666666666713
2016-06-17,1865,1865,1830,1850,29687,-0.0026954177897574594
2016-06-20,1830,1850,1810,1840,31914,-0.00540540540540535
2016-06-21,1850,1905,1840,1890,78179,0.02717391304347827
2016-06-22,1925,1925,1845,1895,36156,0.002645502645502562
2016-06-23,1905,1905,1830,1875,53493,-0.01055408970976257
2016-06-24,1895,1895,1700,1830,62667,-0.02400000000000002
2016-06-27,1715,1830,1715,1825,38818,-0.002732240437158473
2016-06-28,1830,1840,1755,1820,23546,-0.002739726027397249
2016-06-29,1835,1845,1755,1840,90525,0.01098901098901095
2016-06-30,1840,1855,1805,1850,55081,0.005434782608695565
2016-07-01,1875,1875,1825,1860,33782,0.00540540540540535
2016-07-04,1860,1880,1825,1850,51385,-0.005376344086021501
2016-07-05,1860,1860,1820,1840,27002,-0.00540540540540535
2016-07-06,1845,1845,1815,1820,30742,-0.010869565217391353
2016-07-07,1820,1895,1820,1860,80388,0.0219780219780219
2016-07-08,1860,1890,1860,1875,47274,0.008064516129032251
2016-07-11,1865,1895,1865,1885,40328,0.005333333333333412
2016-07-12,1895,2040,1875,1950,217424,0.034482758620689724
2016-07-13,1985,1985,1915,1950,53330,0.0
2016-07-14,1950,2015,1930,1970,182414,0.01025641025641022
2016-07-15,1970,2000,1950,1980,69532,0.0050761421319796
2016-07-18,1980,2025,1955,1990,49329,0.005050505050504972
2016-07-19,2015,2015,1960,1980,36966,-0.005025125628140725
2016-07-20,1980,1980,1955,1970,25312,-0.005050505050505083
2016-07-21,1970,1980,1935,1970,34502,0.0
2016-07-22,1975,2015,1920,1985,17228,0.0076142131979695105
2016-07-25,2030,2030,1950,1990,28503,0.0025188916876575096
2016-07-26,1985,1985,1950,1970,19277,-0.01005025125628145
2016-07-27,1970,1970,1915,1915,45343,-0.027918781725888353
2016-07-28,1945,1945,1895,1895,26925,-0.010443864229765065
2016-07-29,1930,1930,1875,1920,23912,0.013192612137203241
2016-08-01,1950,1950,1905,1930,13164,0.005208333333333259
2016-08-02,1945,1945,1905,1925,15827,-0.002590673575129543
2016-08-03,1900,1925,1890,1910,66202,-0.007792207792207795
2016-08-04,1935,1935,1890,1910,17163,0.0
2016-08-05,1935,1935,1880,1910,16534,0.0
2016-08-08,1910,1925,1885,1915,11790,0.002617801047120505
2016-08-09,1920,1920,1885,1885,30012,-0.015665796344647487
2016-08-10,1905,1925,1855,1900,49789,0.007957559681697646
2016-08-11,1875,1905,1865,1885,34117,-0.007894736842105288
2016-08-12,1900,1900,1865,1890,12127,0.0026525198938991412
2016-08-16,1890,1900,1850,1890,23727,0.0
2016-08-17,1890,1890,1850,1865,13807,-0.013227513227513255
2016-08-18,1870,1870,1835,1840,18412,-0.013404825737265424
2016-08-19,1855,1855,1815,1845,20506,0.0027173913043478937
2016-08-22,1845,1860,1820,1860,8385,0.008130081300812941
2016-08-23,1830,1860,1820,1860,11017,0.0
2016-08-24,1860,1860,1830,1845,4618,-0.008064516129032251
2016-08-25,1855,1855,1800,1840,16548,-0.0027100271002710175
2016-08-26,1840,1850,1800,1805,21161,-0.01902173913043481
2016-08-29,1800,1800,1705,1765,30358,-0.02216066481994461
2016-08-30,1780,1790,1750,1790,5316,0.014164305949008416
2016-08-31,1790,1790,1720,1745,16959,-0.025139664804469275
2016-09-01,1715,1755,1715,1740,7040,-0.002865329512893977
2016-09-02,1745,1745,1720,1740,14018,0.0
2016-09-05,1740,1780,1720,1755,32323,0.008620689655172376
2016-09-06,1755,1760,1745,1760,21758,0.002849002849002913
2016-09-07,1760,1800,1750,1800,38300,0.022727272727272707
2016-09-08,1805,1840,1800,1840,14280,0.022222222222222143
2016-09-09,1850,1850,1810,1830,12218,-0.005434782608695676
2016-09-12,1825,1825,1765,1810,11141,-0.010928961748633892
2016-09-13,1790,1825,1755,1820,14650,0.005524861878453136
2016-09-19,1820,1820,1755,1810,9316,-0.005494505494505475
2016-09-20,1810,1810,1765,1765,34944,-0.024861878453038666
2016-09-21,1775,1790,1755,1790,24962,0.014164305949008416
2016-09-22,1790,1960,1790,1910,178357,0.06703910614525133
2016-09-23,1910,1920,1845,1890,27364,-0.010471204188481686
2016-09-26,1850,1910,1830,1880,30207,-0.005291005291005346
2016-09-27,1900,2190,1845,1870,329853,-0.005319148936170248
2016-09-28,1890,2060,1880,1950,241057,0.04278074866310155
2016-09-29,2020,2425,1955,2245,6629862,0.1512820512820512
2016-09-30,2200,2375,2170,2295,2172190,0.022271714922049046
2016-10-04,2325,2325,2115,2165,938087,-0.05664488017429192
2016-10-05,2125,2170,2050,2125,706708,-0.018475750577367167
2016-10-06,2170,2225,2095,2135,854044,0.004705882352941115
2016-10-07,2130,2155,1980,2030,541713,-0.049180327868852514
2016-10-10,2030,2040,1985,1995,217571,-0.017241379310344862
2016-10-11,1975,2010,1960,2005,183882,0.005012531328320913
2016-10-12,1970,1995,1905,1930,294254,-0.03740648379052369
2016-10-13,1920,1995,1905,1925,159797,-0.002590673575129543
2016-10-14,1950,2010,1900,1960,191157,0.018181818181818077
2016-10-17,1995,2030,1940,1960,88225,0.0
2016-10-18,1960,1990,1895,1910,161567,-0.025510204081632626
2016-10-19,1910,1930,1835,1875,281829,-0.01832460732984298
2016-10-20,1865,1925,1860,1875,170660,0.0
2016-10-21,1905,1905,1830,1840,92382,-0.01866666666666672
2016-10-24,1855,1855,1805,1845,30569,0.0027173913043478937
2016-10-25,1860,1870,1800,1845,106141,0.0
2016-10-26,1840,1840,1755,1790,128462,-0.02981029810298108
2016-10-27,1810,1840,1790,1820,30429,0.016759776536312776
2016-10-28,1835,1835,1800,1820,68332,0.0
2016-10-31,1810,1825,1750,1810,160930,-0.005494505494505475
2016-11-01,1810,1810,1750,1785,60713,-0.013812154696132617
2016-11-02,1790,1790,1700,1710,111835,-0.04201680672268904
2016-11-03,1710,1780,1685,1755,47331,0.026315789473684292
2016-11-04,1755,1790,1715,1775,28501,0.01139601139601143
2016-11-07,1795,1795,1760,1790,26017,0.008450704225352101
2016-11-08,1810,1810,1770,1800,30714,0.005586592178770999
2016-11-09,1775,1800,1390,1590,200271,-0.1166666666666667
2016-11-10,1635,1715,1630,1705,73921,0.07232704402515733
2016-11-11,1735,1770,1680,1720,24999,0.008797653958944274
2016-11-14,1750,1780,1710,1775,37545,0.03197674418604657
2016-11-15,1975,2040,1770,1825,808956,0.028169014084507005
2016-11-16,1830,1865,1775,1820,114490,-0.002739726027397249
2016-11-17,1800,1835,1775,1795,67771,-0.013736263736263687
2016-11-18,1800,1840,1745,1780,86590,-0.00835654596100277
2016-11-21,1785,1785,1685,1700,138982,-0.0449438202247191
2016-11-22,1700,1740,1695,1740,34196,0.0235294117647058
2016-11-23,1730,1755,1675,1740,80051,0.0
2016-11-24,1745,1765,1705,1720,14803,-0.011494252873563204
2016-11-25,1730,1730,1655,1700,32407,-0.011627906976744207
2016-11-28,1700,1770,1675,1700,44393,0.0
2016-11-29,1675,1715,1670,1710,19527,0.00588235294117645
2016-11-30,1685,1725,1675,1700,25287,-0.005847953216374324
2016-12-01,1675,1705,1650,1680,51448,-0.0117647058823529
2016-12-02,1680,1700,1665,1695,15888,0.008928571428571397
2016-12-05,1670,1700,1645,1680,37440,-0.008849557522123908
2016-12-06,1660,1690,1650,1680,41863,0.0
2016-12-07,1690,1695,1645,1680,44861,0.0
2016-12-08,1675,1690,1660,1690,20023,0.005952380952380931
2016-12-09,1690,1695,1660,1675,72752,-0.00887573964497046
2016-12-12,1675,1735,1675,1720,36235,0.02686567164179099
2016-12-13,1730,1770,1720,1770,37124,0.029069767441860517
2016-12-14,1795,1795,1750,1770,37058,0.0
2016-12-15,1780,1815,1750,1815,62004,0.025423728813559254
2016-12-16,1815,1845,1805,1830,44798,0.008264462809917328
2016-12-19,1830,1830,1790,1795,27632,-0.01912568306010931
2016-12-20,1790,1815,1775,1810,49158,0.008356545961002881
2016-12-21,1830,1830,1770,1795,36265,-0.008287292817679592
2016-12-22,1775,1850,1770,1800,31468,0.0027855153203342198
2016-12-23,1825,1825,1770,1810,41862,0.005555555555555536
2016-12-26,1810,1830,1780,1800,9736,-0.0055248618784530246
2016-12-27,1780,1810,1780,1800,12452,0.0
2016-12-28,1780,1815,1750,1770,43765,-0.01666666666666672
2016-12-29,1765,1880,1760,1835,100511,0.03672316384180796
2017-01-02,1810,1865,1790,1845,87306,0.005449591280654031
2017-01-03,1850,1850,1805,1835,54042,-0.005420054200542035
2017-01-04,1840,1845,1805,1835,47183,0.0
2017-01-05,1845,1900,1830,1865,75627,0.016348773841961872
2017-01-06,1870,1885,1845,1870,20106,0.002680965147453085
2017-01-09,1880,1990,1855,1970,229565,0.053475935828877
2017-01-10,1995,2060,1955,1975,410672,0.002538071065989911
2017-01-11,2030,2065,1985,2040,388294,0.032911392405063244
2017-01-12,2060,2060,1935,1955,147933,-0.04166666666666663
2017-01-13,1955,1995,1910,1995,207076,0.020460358056265893
2017-01-16,1990,2040,1940,1945,78172,-0.02506265664160401
2017-01-17,1975,1975,1920,1940,50106,-0.0025706940874036244
2017-01-18,1940,1960,1930,1955,115508,0.0077319587628865705
2017-01-19,1985,2030,1935,2015,338657,0.03069053708439906
2017-01-20,2015,2055,1940,1995,213614,-0.00992555831265507
2017-01-23,1995,1995,1950,1970,66538,-0.01253132832080206
2017-01-24,1970,1980,1915,1930,126574,-0.02030456852791873
2017-01-25,1930,1970,1915,1945,78507,0.007772020725388629
2017-01-26,1935,1975,1920,1950,39200,0.0025706940874035134
2017-01-31,1995,1995,1915,1960,57118,0.00512820512820511
2017-02-01,1945,1965,1895,1950,91001,-0.005102040816326481
2017-02-02,1950,1950,1855,1895,115074,-0.028205128205128216
2017-02-03,1860,1900,1825,1855,99869,-0.02110817941952503
2017-02-06,1880,1915,1835,1860,56425,0.0026954177897573484
2017-02-07,1860,1895,1835,1850,51425,-0.005376344086021501
2017-02-08,1880,1880,1835,1870,51245,0.0108108108108107
2017-02-09,1870,1900,1855,1890,37745,0.010695187165775444
2017-02-10,1890,1910,1855,1890,29993,0.0
2017-02-13,1940,1940,1840,1865,56585,-0.013227513227513255
2017-02-14,1850,1900,1845,1860,75853,-0.002680965147453085
2017-02-15,1850,1880,1850,1865,14871,0.0026881720430107503
2017-02-16,1855,1910,1855,1875,49563,0.00536193029490617
2017-02-17,1865,1900,1865,1875,29434,0.0
2017-02-20,1880,2020,1870,1980,239043,0.05600000000000005
2017-02-21,2025,2050,1945,2035,310192,0.02777777777777768
2017-02-22,2075,2100,1990,2000,340583,-0.017199017199017175
2017-02-23,2000,2000,1930,1930,126486,-0.03500000000000003
2017-02-24,1940,1940,1860,1905,127645,-0.012953367875647714
2017-02-27,1935,1935,1865,1875,33073,-0.015748031496062964
2017-02-28,1865,1930,1865,1920,34231,0.02400000000000002
2017-03-02,1895,1975,1890,1965,33626,0.0234375
2017-03-03,1995,1995,1880,1965,64164,0.0
2017-03-06,1965,1975,1930,1970,18375,0.0025445292620864812
2017-03-07,1970,2000,1935,1975,35047,0.002538071065989911
2017-03-08,1975,2000,1925,1975,70759,0.0
2017-03-09,1975,1980,1940,1960,31998,-0.0075949367088608
2017-03-10,1935,1965,1900,1935,52011,-0.012755102040816313
2017-03-13,1935,1980,1905,1965,47611,0.015503875968992276
2017-03-14,1970,1980,1945,1980,42619,0.007633587786259444
2017-03-15,1955,1975,1935,1955,46857,-0.012626262626262652
2017-03-16,1970,2000,1930,1995,61008,0.020460358056265893
2017-03-17,2025,2030,1955,2000,53742,0.0025062656641603454
2017-03-20,2010,2025,1985,2010,43965,0.004999999999999893
2017-03-21,2040,2040,1980,1990,43626,-0.00995024875621886
2017-03-22,1975,2005,1945,1945,42566,-0.022613065326633208
2017-03-23,1965,1965,1935,1935,26075,-0.005141388174807249
2017-03-24,1940,2010,1930,2010,65757,0.03875968992248069
2017-03-27,2025,2050,2000,2050,60740,0.01990049751243772
2017-03-28,2065,2065,2015,2035,56220,-0.007317073170731714
2017-03-29,2060,2110,2020,2060,146754,0.01228501228501222
2017-03-30,2080,2080,2025,2060,41526,0.0
2017-03-31,2070,2090,2020,2080,101528,0.009708737864077666
2017-04-03,2085,2090,2045,2045,26238,-0.016826923076923128
2017-04-04,2045,2050,2010,2010,36265,-0.017114914425427896
2017-04-05,2010,2040,1980,2020,47450,0.004975124378109541
2017-04-06,2025,2025,1975,2000,18885,-0.00990099009900991
2017-04-07,1995,2010,1940,1980,64982,-0.010000000000000009
2017-04-10,1975,2000,1910,1980,70315,0.0
2017-04-11,1985,1995,1930,1960,18461,-0.010101010101010055
2017-04-12,1945,1980,1920,1960,10579,0.0
2017-04-13,1950,1990,1950,1990,14114,0.015306122448979664
2017-04-14,2000,2000,1930,1940,29972,-0.025125628140703515
2017-04-17,1950,2250,1940,2075,1280201,0.06958762886597936
2017-04-18,2065,2120,2025,2080,199117,0.002409638554216942
2017-04-19,2100,2210,2065,2160,345575,0.03846153846153855
2017-04-20,2160,2175,2105,2145,78134,-0.00694444444444442
2017-04-21,2150,2185,2080,2140,126440,-0.002331002331002363
2017-04-24,2140,2140,2030,2030,141598,-0.051401869158878455
2017-04-25,2030,2055,2015,2035,62101,0.0024630541871921707
2017-04-26,2040,2440,2015,2195,2023866,0.07862407862407861
2017-04-27,2170,2235,2130,2235,416068,0.018223234624145768
2017-04-28,2260,2265,2170,2205,349815,-0.01342281879194629
2017-05-02,2205,2395,2070,2115,1609467,-0.04081632653061229
2017-05-04,2085,2120,2080,2095,111383,-0.009456264775413725
2017-05-08,2115,2120,2005,2030,205437,-0.031026252983293534
2017-05-10,2060,2060,2000,2035,83538,0.0024630541871921707
2017-05-11,2020,2065,2015,2065,86129,0.014742014742014753
2017-05-12,2050,2080,2025,2065,64970,0.0
2017-05-15,2070,2070,2035,2060,34271,-0.002421307506053294
2017-05-16,2040,2070,2000,2040,75544,-0.009708737864077666
2017-05-17,2035,2045,2015,2040,29117,0.0
2017-05-18,2030,2040,1995,2000,55571,-0.019607843137254943
2017-05-19,2020,2020,1965,1965,110012,-0.01749999999999996
2017-05-22,1965,2020,1965,2010,19175,0.022900763358778553
2017-05-23,2010,2020,1960,1980,30627,-0.014925373134328401
2017-05-24,1995,1995,1955,1960,63573,-0.010101010101010055
2017-05-25,1965,2020,1950,2000,37679,0.020408163265306145
2017-05-26,2000,2000,1960,1960,32468,-0.020000000000000018
2017-05-29,1980,1980,1915,1940,220501,-0.010204081632653073
2017-05-30,1945,1960,1905,1940,53835,0.0
2017-05-31,1965,1980,1935,1950,43426,0.005154639175257714
2017-06-01,1950,1990,1950,1970,23769,0.01025641025641022
2017-06-02,1975,1990,1970,1980,27432,0.0050761421319796
2017-06-05,1990,2000,1960,1975,24136,-0.002525252525252486
2017-06-07,1975,2000,1955,1990,35805,0.0075949367088608
2017-06-08,2005,2010,1970,1995,18904,0.002512562814070307
2017-06-09,2010,2010,1975,1995,18674,0.0
2017-06-12,1985,2010,1975,1980,30537,-0.007518796992481258
2017-06-13,1995,1995,1960,1985,57582,0.002525252525252597
2017-06-14,1980,2005,1970,1990,18576,0.0025188916876575096
2017-06-15,1990,2000,1955,1995,25042,0.002512562814070307
2017-06-16,2000,2005,1980,1990,28849,-0.0025062656641604564
2017-06-19,2000,2005,1965,1995,37953,0.002512562814070307
2017-06-20,2005,2010,1950,1950,71945,-0.022556390977443663
2017-06-21,1950,1970,1930,1950,34846,0.0
2017-06-22,1965,1965,1920,1920,23858,-0.01538461538461533
2017-06-23,1920,1960,1920,1955,17195,0.01822916666666674
2017-06-26,1955,1975,1930,1975,38886,0.010230179028132946
2017-06-27,1975,1990,1955,1990,32478,0.0075949367088608
2017-06-28,1970,2000,1970,2000,13586,0.005025125628140614
2017-06-29,2000,2190,1980,2040,1673425,0.020000000000000018
2017-06-30,2065,2075,2010,2035,258676,-0.002450980392156854
2017-07-03,2035,2085,2020,2020,191094,-0.0073710073710073765
2017-07-04,2015,2030,1950,1985,209950,-0.017326732673267342
2017-07-05,1960,2000,1955,2000,39504,0.007556675062972307
2017-07-06,2005,2120,1990,2085,451899,0.04249999999999998
2017-07-07,2120,2200,2050,2100,1163405,0.007194244604316502
2017-07-10,2100,2730,2075,2730,12738149,0.30000000000000004
2017-07-11,2630,2690,2520,2640,10053088,-0.03296703296703296
2017-07-12,2675,2790,2450,2500,8422536,-0.05303030303030298
2017-07-13,2455,2560,2420,2540,5064106,0.016000000000000014
2017-07-14,2540,2590,2470,2560,3892812,0.007874015748031482
2017-07-17,2550,2585,2450,2545,3411557,-0.005859375
2017-07-18,2535,2625,2455,2490,4764178,-0.0216110019646365
2017-07-19,2510,2575,2455,2575,2201276,0.034136546184738936
2017-07-20,2565,2600,2525,2565,2819721,-0.003883495145631022
2017-07-21,2510,2530,2380,2430,3027054,-0.052631578947368474
2017-07-24,2445,2465,2390,2445,1047343,0.006172839506172867
2017-07-25,2440,2550,2410,2410,3263586,-0.014314928425357865
2017-07-26,2415,2440,2230,2230,1879653,-0.07468879668049788
2017-07-27,2230,2275,2175,2250,1505505,0.008968609865470878
2017-07-28,2255,2270,2125,2130,1052444,-0.053333333333333344
2017-07-31,2115,2225,2110,2170,872824,0.018779342723004744
2017-08-01,2270,2350,2155,2170,3480117,0.0
2017-08-02,2210,2260,2160,2170,1088390,0.0
2017-08-03,2180,2180,2095,2125,602110,-0.020737327188940058
2017-08-04,2125,2165,2050,2145,613502,0.009411764705882453
2017-08-07,2150,2230,2135,2190,716887,0.020979020979021046
2017-08-08,2215,2220,2160,2200,399996,0.004566210045662045
2017-08-09,2165,2225,2160,2180,464278,-0.009090909090909038
2017-08-10,2180,2195,2120,2130,373128,-0.022935779816513735
2017-08-11,2110,2180,2095,2140,331247,0.0046948356807512415
2017-08-14,2145,2215,2130,2175,379189,0.016355140186915973
2017-08-16,2180,2260,2165,2235,672748,0.02758620689655178
2017-08-17,2225,2275,2185,2190,449769,-0.020134228187919434
2017-08-18,2185,2280,2170,2260,470470,0.03196347031963476
2017-08-21,2235,2305,2195,2260,967327,0.0
2017-08-22,2260,2285,2210,2225,402384,-0.015486725663716783
2017-08-23,2225,2245,2190,2200,340375,-0.011235955056179803
2017-08-24,2195,2295,2195,2260,520279,0.027272727272727337
2017-08-25,2260,2300,2245,2280,259753,0.008849557522123908
2017-08-28,2275,2290,2210,2245,374179,-0.015350877192982448
2017-08-29,2225,2240,2160,2230,301040,-0.006681514476614692
2017-08-30,2240,2240,2185,2195,260475,-0.015695067264574036
2017-08-31,2195,2195,2135,2135,313256,-0.02733485193621865
2017-09-01,2130,2280,2130,2175,1257232,0.0187353629976581
2017-09-04,2075,2140,2060,2090,426024,-0.039080459770114984
2017-09-05,2100,2110,2015,2045,391699,-0.021531100478468845
2017-09-06,2040,2050,1985,2005,375694,-0.019559902200488977
2017-09-07,2015,2035,1990,2005,221504,0.0
2017-09-08,2005,2230,2005,2020,4051597,0.007481296758104827
2017-09-11,2040,2040,1980,1990,408254,-0.014851485148514865
2017-09-12,2015,2215,1990,2060,3143609,0.035175879396984966
2017-09-13,2060,2150,2055,2115,777393,0.02669902912621369
2017-09-14,2120,2335,2075,2180,5431111,0.030732860520094496
2017-09-15,2190,2270,2170,2215,1543473,0.016055045871559592
2017-09-18,2220,2315,2200,2230,909651,0.006772009029345272
2017-09-19,2200,2245,2140,2145,691855,-0.03811659192825112
2017-09-20,2155,2440,2090,2375,5085919,0.10722610722610715
2017-09-21,2375,2425,2310,2425,1581523,0.021052631578947434
2017-09-22,2435,2435,2330,2360,852304,-0.026804123711340222
2017-09-25,2355,2420,2265,2330,664181,-0.012711864406779627
2017-09-26,2310,2405,2305,2340,471078,0.0042918454935623185
2017-09-27,2330,2400,2300,2310,332127,-0.012820512820512775
2017-09-28,2300,2330,2260,2310,252722,0.0
2017-09-29,2320,2355,2295,2325,232430,0.006493506493506551
2017-10-10,2325,2390,2275,2275,359623,-0.021505376344086002
2017-10-11,2280,2350,2260,2305,312587,0.01318681318681314
2017-10-12,2340,2340,2220,2270,518383,-0.015184381778741818
2017-10-13,2270,2340,2240,2275,563532,0.0022026431718060735
2017-10-16,2275,2465,2260,2385,1605741,0.0483516483516484
2017-10-17,2390,2450,2365,2405,669399,0.008385744234800763
2017-10-18,2410,2495,2260,2275,1456290,-0.05405405405405406
2017-10-19,2275,2480,2240,2285,2173987,0.00439560439560438
2017-10-20,2310,2310,2235,2290,308687,0.002188183807439792
2017-10-23,2280,2320,2230,2245,283713,-0.01965065502183405
2017-10-24,2245,2265,2150,2170,842808,-0.03340757238307346
2017-10-25,2180,2235,2165,2215,267972,0.02073732718894017
2017-10-26,2220,2220,2065,2140,538579,-0.033860045146726914
2017-10-27,2105,2130,2050,2090,453359,-0.02336448598130836
2017-10-30,2105,2120,2065,2090,299833,0.0
2017-10-31,2080,2165,2075,2155,293565,0.031100478468899517
2017-11-01,2180,2180,2135,2170,156374,0.006960556844547661
2017-11-02,2190,2235,2155,2195,564841,0.011520737327188835
2017-11-03,2215,2215,2175,2205,137376,0.004555808656036442
2017-11-06,2200,2215,2160,2210,207645,0.0022675736961450532
2017-11-07,2190,2265,2185,2190,159305,-0.009049773755656076
2017-11-08,2180,2240,2175,2225,237541,0.015981735159817267
2017-11-09,2230,2255,2200,2210,260162,-0.006741573033707815
2017-11-10,2195,2305,2195,2220,617495,0.004524886877828038
2017-11-13,2220,2270,2215,2235,321955,0.006756756756756799
2017-11-14,2240,2690,2220,2315,5686497,0.03579418344519025
2017-11-15,2305,2315,2250,2270,691518,-0.01943844492440605
2017-11-16,2285,2350,2235,2330,892811,0.026431718061673992
2017-11-17,2340,2345,2265,2310,423616,-0.008583690987124415
2017-11-20,2320,2395,2295,2365,705527,0.023809523809523725
2017-11-21,2380,2395,2330,2390,549274,0.010570824524312794
2017-11-22,2390,2490,2375,2460,1434489,0.029288702928870203
2017-11-23,2525,2530,2350,2390,1138634,-0.028455284552845517
2017-11-24,2365,2420,2310,2325,627620,-0.027196652719665315
2017-11-27,2325,2405,2305,2330,523068,0.0021505376344086446
2017-11-28,2320,2370,2255,2310,402188,-0.008583690987124415
2017-11-29,2265,2355,2265,2315,293202,0.0021645021645022577
2017-11-30,2300,2330,2250,2260,181353,-0.023758099352051865
2017-12-01,2290,2305,2240,2265,176683,0.0022123893805310324
2017-12-04,2305,2320,2235,2275,277885,0.004415011037527616
2017-12-05,2275,2285,2150,2230,278471,-0.01978021978021982
2017-12-06,2215,2275,2210,2240,240897,0.004484304932735439
2017-12-07,2240,2260,2140,2195,334918,-0.0200892857142857
2017-12-08,2195,2210,2160,2190,171571,-0.002277904328018221
2017-12-11,2165,2245,2150,2235,166453,0.020547945205479534
2017-12-12,2250,2265,2215,2240,170982,0.0022371364653244186
2017-12-13,2240,2255,2210,2235,152165,-0.0022321428571429047
2017-12-14,2235,2290,2215,2275,153953,0.017897091722595126
2017-12-15,2290,2295,2220,2235,159825,-0.01758241758241763
2017-12-18,2220,2240,2175,2195,165450,-0.017897091722595126
2017-12-19,2190,2225,2105,2180,378238,-0.006833712984054663
2017-12-20,2130,2200,2130,2135,165270,-0.020642201834862428
2017-12-21,2125,2175,2085,2085,203858,-0.023419203747072626
2017-12-22,2095,2095,2030,2065,138144,-0.00959232613908878
2017-12-26,2095,2150,2065,2150,118599,0.041162227602905554
2017-12-27,2150,2175,2135,2160,82739,0.0046511627906977715
2017-12-28,2150,2175,2135,2160,98167,0.0
2018-01-02,2145,2285,2125,2280,454451,0.05555555555555558
2018-01-03,2290,2290,2230,2270,222847,-0.004385964912280715
2018-01-04,2270,2275,2205,2220,258769,-0.022026431718061623
2018-01-05,2240,2275,2220,2240,173374,0.009009009009008917
2018-01-08,2280,2290,2215,2225,232619,-0.006696428571428603
2018-01-09,2220,2330,2210,2270,882218,0.020224719101123556
2018-01-10,2285,2320,2245,2255,307352,-0.0066079295154185536
2018-01-11,2270,2270,2165,2175,444639,-0.03547671840354771
2018-01-12,2215,2230,2155,2165,293470,-0.0045977011494252595
2018-01-15,2165,2210,2145,2210,135039,0.020785219399538146
2018-01-16,2210,2430,2180,2280,2082866,0.03167420814479649
2018-01-17,2300,2375,2250,2295,819354,0.006578947368421018
2018-01-18,2340,2340,2280,2295,316277,0.0
2018-01-19,2325,2370,2280,2325,493921,0.013071895424836555
2018-01-22,2355,2365,2290,2335,289558,0.004301075268817289
2018-01-23,2325,2370,2305,2330,427197,-0.0021413276231263545
2018-01-24,2350,2385,2310,2375,470343,0.0193133047210301
2018-01-25,2370,2450,2355,2410,607124,0.01473684210526316
2018-01-26,2430,2485,2360,2365,400097,-0.018672199170124526
2018-01-29,2365,2475,2330,2445,809037,0.03382663847780121
2018-01-30,2460,2475,2415,2440,431678,-0.002044989775051076
2018-01-31,2430,2450,2380,2440,257001,0.0
2018-02-01,2440,2455,2395,2395,249431,-0.018442622950819665
2018-02-02,2390,2390,2290,2325,437754,-0.029227557411273475
2018-02-05,2290,2375,2255,2280,271569,-0.01935483870967747
2018-02-06,2200,2250,2120,2235,471933,-0.019736842105263164
2018-02-07,2260,2295,2180,2180,249442,-0.02460850111856827
2018-02-08,2195,2280,2180,2280,183295,0.04587155963302747
2018-02-09,2185,2230,2175,2200,174737,-0.03508771929824561
2018-02-12,2260,2260,2200,2200,100618,0.0
2018-02-13,2200,2235,2165,2200,183232,0.0
2018-02-14,2180,2200,2125,2180,224514,-0.009090909090909038
2018-02-19,2195,2230,2185,2210,84976,0.013761467889908285
2018-02-20,2220,2250,2200,2215,132084,0.002262443438914019
2018-02-21,2220,2250,2200,2245,152014,0.013544018058690765
2018-02-22,2225,2270,2215,2255,177940,0.00445434298440972
2018-02-23,2255,2265,2220,2265,182298,0.0044345898004434225
2018-02-26,2270,2290,2250,2255,174986,-0.004415011037527616
2018-02-27,2260,2280,2240,2250,173479,-0.0022172949002217113
2018-02-28,2250,2250,2180,2205,288942,-0.020000000000000018
2018-03-02,2160,2215,2140,2200,186133,-0.0022675736961451642
2018-03-05,2210,2220,2180,2200,77404,0.0
2018-03-06,2200,2235,2200,2230,93017,0.013636363636363669
2018-03-07,2240,2250,2185,2210,176838,-0.008968609865470878
2018-03-08,2230,2230,2170,2170,193776,-0.018099547511312264
2018-03-09,2150,2195,2150,2175,112505,0.0023041474654377225
2018-03-12,2200,2225,2175,2225,177746,0.02298850574712641
2018-03-13,2240,2250,2220,2230,110486,0.0022471910112360494
2018-03-14,2245,2245,2225,2240,126561,0.004484304932735439
2018-03-15,2235,2265,2225,2245,131248,0.0022321428571427937
2018-03-16,2285,2325,2250,2270,248275,0.011135857461024523
2018-03-19,2280,2290,2230,2255,94533,-0.0066079295154185536
2018-03-20,2230,2245,2215,2235,127554,-0.008869179600886956
2018-03-21,2215,2235,2180,2190,166770,-0.020134228187919434
2018-03-22,2185,2220,2175,2175,132315,-0.006849315068493178
2018-03-23,2155,2170,2095,2095,237084,-0.0367816091954023
2018-03-26,2060,2100,2030,2090,119582,-0.0023866348448687846
2018-03-27,2125,2130,2090,2130,74425,0.019138755980861344
2018-03-28,2130,2130,2050,2090,137151,-0.018779342723004744
2018-03-29,2065,2090,2055,2055,93218,-0.01674641148325362
2018-03-30,2055,2090,2045,2085,121439,0.014598540145985384
2018-04-02,2120,2120,2055,2055,115834,-0.014388489208633115
2018-04-03,2060,2060,2020,2035,93775,-0.009732360097323589
2018-04-04,2050,2050,1950,1965,195192,-0.03439803439803435
2018-04-05,1965,1990,1935,1950,73253,-0.007633587786259555
2018-04-06,1945,1955,1855,1880,285786,-0.03589743589743588
2018-04-09,1885,1940,1880,1915,82587,0.018617021276595702
2018-04-10,1915,1915,1855,1905,106059,-0.005221932114882533
2018-04-11,1920,1925,1870,1880,175949,-0.013123359580052507
2018-04-12,1930,1930,1870,1910,91365,0.015957446808510634
2018-04-13,1890,1930,1880,1910,119508,0.0
2018-04-16,1935,1980,1910,1940,233801,0.015706806282722585
2018-04-17,1970,1970,1925,1940,110035,0.0
2018-04-18,1940,1965,1935,1950,75044,0.005154639175257714
2018-04-19,1960,1960,1915,1930,155070,-0.01025641025641022
2018-04-20,1920,1935,1905,1915,188763,-0.007772020725388629
2018-04-23,1930,1945,1910,1945,148022,0.015665796344647598
2018-04-24,1940,2015,1940,2000,170024,0.028277634961439535
2018-04-25,1970,2000,1965,1990,217600,-0.0050000000000000044
2018-04-26,1990,2025,1980,2005,89751,0.007537688442211143
2018-04-27,2000,2080,1985,2025,464570,0.009975062344139696
2018-04-30,2040,2070,2000,2025,232234,0.0
2018-05-02,2025,2050,2005,2030,168002,0.0024691358024691024
2018-05-03,2025,2085,2025,2060,110277,0.014778325123152802
2018-05-04,2060,2075,2040,2075,75176,0.00728155339805836
2018-05-08,2060,2080,2045,2050,134900,-0.012048192771084376
2018-05-09,2045,2070,1900,2025,125848,-0.012195121951219523
2018-05-10,2025,2025,1985,2020,39208,-0.0024691358024691024
2018-05-11,2020,2025,1955,2010,127191,-0.004950495049504955
2018-05-14,2010,2035,1990,2020,79160,0.004975124378109541
2018-05-15,2050,2050,1970,2000,113274,-0.00990099009900991
2018-05-16,1995,2015,1955,1980,75956,-0.010000000000000009
2018-05-17,1985,1985,1955,1980,82342,0.0
2018-05-18,1980,2015,1965,2000,108263,0.010101010101010166
2018-05-21,2000,2040,2000,2030,81897,0.014999999999999902
2018-05-23,2030,2030,2000,2020,73074,-0.0049261083743842304
2018-05-24,2020,2030,1995,2010,66245,-0.004950495049504955
2018-05-25,1975,2015,1970,2000,89974,-0.00497512437810943
2018-05-28,1990,2025,1970,2015,145076,0.007500000000000062
2018-05-29,2010,2020,1980,2000,79613,-0.007444168734491274
2018-05-30,1995,1995,1935,1960,87360,-0.020000000000000018
2018-05-31,1965,1975,1950,1970,73254,0.005102040816326481
2018-06-01,1970,1980,1925,1975,105788,0.002538071065989911
2018-06-04,1975,1980,1950,1955,39124,-0.010126582278481067
2018-06-05,1965,1970,1945,1955,57380,0.0
2018-06-07,1950,1970,1935,1955,64496,0.0
2018-06-08,1965,1965,1915,1955,72116,0.0
2018-06-11,1995,1995,1920,1945,52746,-0.005115089514066473
2018-06-12,1945,1955,1905,1920,89896,-0.01285347043701801
2018-06-14,1905,1935,1850,1860,143601,-0.03125
2018-06-15,1880,1930,1855,1915,40716,0.029569892473118253
2018-06-18,1920,1935,1775,1825,271632,-0.04699738903394257
2018-06-19,1830,1855,1750,1770,214087,-0.03013698630136985
2018-06-20,1770,1830,1770,1820,43394,0.02824858757062154
2018-06-21,1810,1990,1810,1865,327932,0.024725274725274637
2018-06-22,1870,1890,1820,1850,97119,-0.008042895442359255
2018-06-25,1840,1850,1815,1820,54703,-0.01621621621621616
2018-06-26,1815,1830,1790,1825,51782,0.0027472527472527375
2018-06-27,1820,1820,1780,1820,70658,-0.002739726027397249
2018-06-28,1830,1830,1765,1795,35566,-0.013736263736263687
2018-06-29,1790,1805,1725,1760,76479,-0.01949860724233987
2018-07-02,1770,1810,1725,1785,65415,0.014204545454545414
2018-07-03,1785,1785,1655,1715,235215,-0.039215686274509776
2018-07-04,1685,1720,1685,1720,29670,0.00291545189504383
2018-07-05,1740,1740,1590,1615,279870,-0.061046511627906974
2018-07-06,1615,1640,1520,1615,243468,0.0
2018-07-09,1615,1830,1595,1670,678547,0.034055727554179516
2018-07-10,1670,1770,1665,1735,200640,0.038922155688622784
2018-07-11,1730,1770,1690,1770,257373,0.020172910662824117
2018-07-12,1870,1875,1755,1765,333244,-0.0028248587570621764
2018-07-13,1740,1785,1725,1775,74973,0.0056657223796034994
2018-07-16,1780,1805,1760,1770,70962,-0.0028169014084507005
2018-07-17,1770,1795,1745,1770,55025,0.0
2018-07-18,1765,1775,1740,1745,66774,-0.01412429378531077
2018-07-19,1760,1765,1700,1700,40462,-0.025787965616045794
2018-07-20,1700,1735,1670,1715,92062,0.008823529411764675
2018-07-23,1780,1780,1670,1680,32938,-0.020408163265306145
2018-07-24,1680,1710,1635,1695,42478,0.008928571428571397
2018-07-25,1695,1695,1640,1660,69061,-0.020648967551622377
2018-07-26,1665,1725,1665,1705,20247,0.027108433734939652
2018-07-27,1685,1760,1685,1755,83934,0.029325513196480912
2018-07-30,1760,1780,1720,1780,17602,0.014245014245014342
2018-07-31,1785,1785,1750,1780,16690,0.0
2018-08-01,1775,1785,1740,1775,98199,-0.002808988764044895
2018-08-02,1790,1790,1745,1775,38016,0.0
2018-08-03,1775,1805,1760,1805,105527,0.016901408450704203
2018-08-06,1820,1820,1775,1810,85003,0.0027700831024930483
2018-08-07,1990,1990,1810,1810,1174213,0.0
2018-08-08,1825,1870,1800,1820,187408,0.005524861878453136
2018-08-09,1850,1905,1810,1855,530586,0.019230769230769162
2018-08-10,1855,1905,1830,1900,223647,0.0242587601078168
2018-08-13,1890,1900,1830,1835,168706,-0.03421052631578947
2018-08-14,1825,1860,1795,1815,132809,-0.010899182561307952
2018-08-16,1805,1845,1735,1845,114858,0.016528925619834656
2018-08-17,1815,1825,1765,1775,125185,-0.03794037940379402
2018-08-20,1785,1795,1745,1775,86925,0.0
2018-08-21,1755,1785,1755,1760,64502,-0.008450704225352101
2018-08-22,1775,1790,1745,1760,79863,0.0
2018-08-23,1760,1780,1725,1755,99241,-0.0028409090909090606
2018-08-24,1740,1765,1710,1730,77559,-0.014245014245014231
2018-08-27,1735,1735,1690,1725,110043,-0.0028901734104046506
2018-08-28,1720,1740,1715,1730,72671,0.0028985507246377384
2018-08-29,1745,1750,1730,1745,73637,0.00867052023121384
2018-08-30,1750,1765,1730,1740,66711,-0.002865329512893977
2018-08-31,1755,1755,1735,1735,64070,-0.002873563218390829
2018-09-03,1755,1760,1735,1740,65790,0.0028818443804035088
2018-09-04,1750,1765,1740,1760,47501,0.011494252873563315
2018-09-05,1760,1780,1740,1750,56384,-0.005681818181818232
2018-09-06,1745,1770,1740,1755,88265,0.0028571428571428914
2018-09-07,1770,1775,1735,1770,63248,0.008547008547008517
2018-09-10,1770,1775,1745,1770,33866,0.0
2018-09-11,1750,1765,1740,1760,61417,-0.005649717514124242
2018-09-12,1760,1765,1745,1745,49683,-0.008522727272727293
2018-09-13,1770,1770,1740,1750,21267,0.002865329512893977
2018-09-14,1765,1765,1740,1755,35927,0.0028571428571428914
2018-09-17,1760,2010,1740,1805,4327548,0.028490028490028463
2018-09-18,1795,1835,1790,1800,348416,-0.0027700831024930483
2018-09-19,1815,1850,1790,1825,430430,0.01388888888888884
2018-09-20,1840,1850,1765,1765,334798,-0.0328767123287671
2018-09-21,1775,1790,1755,1785,85821,0.011331444759206777
2018-09-27,1760,1790,1755,1775,137622,-0.0056022408963585235
2018-09-28,1760,1780,1730,1770,69764,-0.0028169014084507005
2018-10-01,1770,1770,1645,1725,137452,-0.025423728813559365
2018-10-02,1685,1745,1685,1725,126799,0.0
2018-10-04,1725,1730,1665,1680,59562,-0.02608695652173909
2018-10-05,1700,1700,1615,1630,88191,-0.029761904761904767
2018-10-08,1605,1650,1605,1630,30153,0.0
2018-10-10,1600,1645,1475,1500,353509,-0.07975460122699385
2018-10-11,1410,1450,1300,1395,552682,-0.06999999999999995
2018-10-12,1320,1700,1320,1495,761474,0.07168458781362008
2018-10-15,1490,1545,1470,1500,362450,0.0033444816053511683
2018-10-16,1490,1530,1470,1480,125752,-0.013333333333333308
2018-10-17,1500,1535,1480,1500,114577,0.013513513513513598
2018-10-18,1510,1510,1485,1505,40596,0.0033333333333334103
2018-10-19,1475,1505,1460,1505,60246,0.0
2018-10-22,1485,1500,1470,1470,52190,-0.023255813953488413
2018-10-23,1485,1510,1430,1440,50078,-0.020408163265306145
2018-10-24,1430,1460,1370,1440,64624,0.0
2018-10-25,1450,1450,1310,1360,296458,-0.05555555555555558
2018-10-26,1365,1365,1220,1220,276408,-0.1029411764705882
2018-10-29,1200,1220,1020,1020,467548,-0.16393442622950816
2018-10-30,930,1120,930,1070,513267,0.0490196078431373
2018-10-31,1070,1280,1070,1210,526809,0.13084112149532712
2018-11-01,1210,1340,1210,1305,289817,0.07851239669421495
2018-11-02,1305,1330,1300,1320,95635,0.011494252873563315
2018-11-05,1320,1380,1280,1345,143269,0.018939393939394034
2018-11-06,1400,1400,1335,1355,91627,0.0074349442379182396
2018-11-07,1355,1380,1305,1335,82760,-0.014760147601476037
2018-11-08,1355,1370,1325,1335,51784,0.0
2018-11-09,1350,1615,1335,1445,3305889,0.08239700374531833
2018-11-12,1415,1445,1395,1405,321426,-0.02768166089965396
2018-11-13,1385,1395,1330,1360,212683,-0.03202846975088969
2018-11-14,1355,1385,1340,1365,74856,0.003676470588235281
2018-11-15,1360,1360,1310,1335,119918,-0.02197802197802201
2018-11-16,1335,1390,1325,1360,80829,0.01872659176029967
2018-11-19,1360,1400,1360,1385,61504,0.018382352941176405
2018-11-20,1350,1400,1340,1400,86586,0.010830324909747224
2018-11-21,1395,1405,1365,1390,79598,-0.0071428571428571175
2018-11-22,1400,1400,1365,1370,89679,-0.014388489208633115
2018-11-23,1355,1380,1330,1340,98069,-0.021897810218978075
2018-11-26,1340,1385,1325,1355,41631,0.011194029850746245
2018-11-27,1370,1390,1335,1380,79202,0.01845018450184499
2018-11-28,1395,1400,1355,1390,63041,0.007246376811594235
2018-11-29,1405,1405,1375,1385,32940,-0.003597122302158251
2018-11-30,1390,1390,1360,1380,25594,-0.0036101083032491488
2018-12-03,1390,1420,1375,1410,84103,0.021739130434782705
2018-12-04,1410,1830,1405,1830,12532936,0.2978723404255319
2018-12-05,1850,1980,1765,1915,7412765,0.04644808743169393
2018-12-06,1920,1920,1795,1880,2998326,-0.018276762402088753
2018-12-07,1985,2145,1790,1835,8517328,-0.02393617021276595
2018-12-10,1850,1925,1795,1910,1412939,0.04087193460490468
2018-12-11,1900,1900,1810,1860,669740,-0.02617801047120416
2018-12-12,1830,1985,1830,1905,3195094,0.024193548387096753
2018-12-13,1890,2025,1890,1915,1715477,0.005249343832020914
2018-12-14,1905,2045,1875,2040,2152004,0.06527415143603132
2018-12-17,2030,2165,1980,2165,2012744,0.06127450980392157
2018-12-18,2105,2195,1940,2035,1871669,-0.06004618937644346
2018-12-19,2060,2105,1920,2035,1178198,0.0
2018-12-20,2030,2035,1920,1980,569455,-0.027027027027026973
2018-12-21,1975,2020,1910,1910,320007,-0.03535353535353536
2018-12-24,1865,1910,1835,1835,402147,-0.03926701570680624
2018-12-26,1790,1890,1790,1830,345222,-0.0027247956403270157
2018-12-27,1840,1915,1830,1905,450829,0.040983606557376984
2018-12-28,1925,1985,1890,1910,296228,0.002624671916010568
2019-01-02,1945,1950,1820,1885,392711,-0.01308900523560208
2019-01-03,1880,1895,1795,1795,264672,-0.04774535809018565
2019-01-04,1780,1855,1705,1830,296901,0.01949860724233976
2019-01-07,1870,2295,1870,2085,8533575,0.139344262295082
2019-01-08,2050,2090,1975,2030,2478047,-0.026378896882493952
2019-01-09,2040,2045,1975,2025,963039,-0.0024630541871921707
2019-01-10,2000,2005,1850,1870,1374793,-0.07654320987654317
2019-01-11,1850,1890,1820,1880,418905,0.005347593582887722
2019-01-14,1880,1935,1860,1915,547893,0.018617021276595702
2019-01-15,1915,1925,1875,1905,361276,-0.005221932114882533
2019-01-16,1890,1970,1865,1955,549146,0.026246719160105014
2019-01-17,1950,2000,1920,1970,1001223,0.007672634271099765
2019-01-18,1955,1980,1920,1955,534041,-0.0076142131979695105
2019-01-21,1970,2080,1930,2020,2198207,0.03324808184143224
2019-01-22,2040,2105,2005,2105,2019862,0.04207920792079212
2019-01-23,2070,2090,2005,2035,1023110,-0.0332541567695962
2019-01-24,2025,2065,1990,2020,595374,-0.0073710073710073765
2019-01-25,2025,2050,2005,2050,377951,0.014851485148514865
2019-01-28,2035,2065,1995,1995,390374,-0.02682926829268295
2019-01-29,2000,2025,1990,2000,275183,0.0025062656641603454
2019-01-30,2000,2015,1985,1990,280861,-0.0050000000000000044
2019-01-31,1990,2060,1960,1980,563522,-0.005025125628140725
2019-02-01,1980,1980,1860,1935,471883,-0.022727272727272707
2019-02-07,1945,1945,1885,1935,175148,0.0
2019-02-08,1930,1930,1870,1890,294582,-0.023255813953488413
2019-02-11,1870,1935,1860,1890,143058,0.0
2019-02-12,1880,1915,1870,1905,130112,0.007936507936507908
2019-02-13,1925,2045,1895,2035,1581583,0.06824146981627299
2019-02-14,2060,2080,2005,2075,974136,0.019656019656019597
2019-02-15,2080,2085,1985,2040,665376,-0.016867469879518038
2019-02-18,2020,2070,2010,2010,370050,-0.014705882352941124
2019-02-19,2020,2045,1995,2040,465771,0.014925373134328401
2019-02-20,2050,2055,1975,1985,366267,-0.026960784313725505
2019-02-21,1985,2005,1930,1950,238048,-0.017632241813602012
2019-02-22,1945,1950,1815,1850,722551,-0.05128205128205132
2019-02-25,1870,1915,1870,1905,256349,0.029729729729729648
2019-02-26,1895,1900,1840,1855,341162,-0.026246719160105014
2019-02-27,1850,1895,1850,1890,164677,0.018867924528301883
2019-02-28,1870,2000,1700,1830,1408703,-0.031746031746031744
2019-03-04,1780,1885,1780,1875,234500,0.024590163934426146
2019-03-05,1885,1895,1840,1870,138373,-0.002666666666666706
2019-03-06,1865,1880,1845,1850,102503,-0.010695187165775444
2019-03-07,1850,2015,1840,1910,1679496,0.03243243243243232
2019-03-08,1895,1920,1865,1870,235846,-0.020942408376963373
2019-03-11,1865,1890,1810,1840,182681,-0.016042780748663055
2019-03-12,1890,1890,1840,1875,117158,0.01902173913043481
2019-03-13,1865,1885,1820,1845,94045,-0.016000000000000014
2019-03-14,1890,1910,1865,1895,135291,0.027100271002709952
2019-03-15,1925,1925,1850,1855,160381,-0.02110817941952503
2019-03-18,1855,1890,1840,1860,72319,0.0026954177897573484
2019-03-19,1865,1900,1830,1845,110232,-0.008064516129032251
2019-03-20,1830,1845,1780,1810,150634,-0.01897018970189701
2019-03-21,1810,1840,1780,1785,135164,-0.013812154696132617
2019-03-22,1800,1810,1700,1725,278854,-0.03361344537815125
2019-03-25,1725,1815,1695,1740,184974,0.008695652173912993
2019-03-26,1730,1810,1705,1810,75815,0.04022988505747116
2019-03-27,1805,1815,1745,1780,113120,-0.016574585635359074
2019-03-28,1800,1850,1760,1820,162796,0.022471910112359605
2019-03-29,1810,1830,1750,1780,68689,-0.02197802197802201
2019-04-01,1780,1830,1780,1810,72748,0.016853932584269593
2019-04-02,1850,1860,1800,1810,141359,0.0
2019-04-03,1810,1850,1795,1850,105959,0.022099447513812098
2019-04-04,1865,1885,1830,1865,90437,0.008108108108108025
2019-04-05,1870,1870,1825,1840,52404,-0.013404825737265424
2019-04-08,1840,1910,1825,1895,213045,0.029891304347826164
2019-04-09,1910,1940,1900,1910,314603,0.0079155672823219
2019-04-10,1885,1925,1865,1915,171368,0.002617801047120505
2019-04-11,1925,1935,1895,1895,154195,-0.010443864229765065
2019-04-12,1900,1960,1880,1960,443481,0.03430079155672816
2019-04-15,1965,2280,1915,2015,4483655,0.028061224489795977
2019-04-16,1985,2015,1925,1945,1160550,-0.0347394540942928
2019-04-17,1930,1980,1895,1905,437520,-0.020565552699228773
2019-04-18,1895,2040,1880,1935,1356039,0.015748031496062964
2019-04-19,1955,1990,1920,1945,338888,0.0051679586563306845
2019-04-22,1960,2005,1935,1945,244923,0.0
2019-04-23,1935,1980,1920,1935,206545,-0.005141388174807249
2019-04-24,1955,2020,1935,1985,679060,0.025839793281653645
2019-04-25,1990,2155,1985,2070,2898168,0.04282115869017633
2019-04-26,2045,2055,1955,2000,790127,-0.033816425120772986
2019-04-29,1990,2000,1910,1920,569927,-0.040000000000000036
2019-04-30,1950,1980,1915,1930,440782,0.005208333333333259
2019-05-02,1910,1960,1880,1930,191697,0.0
2019-05-03,1925,2045,1925,2010,803841,0.041450777202072464
2019-05-07,2000,2435,2000,2175,21031354,0.08208955223880587
2019-05-08,2135,2245,2135,2215,3114314,0.01839080459770126
2019-05-09,2215,2535,2060,2075,10432923,-0.06320541760722342
2019-05-10,2080,2170,1935,2000,2435977,-0.03614457831325302
2019-05-13,2030,2600,1970,2600,5479483,0.30000000000000004
2019-05-14,2880,3380,2595,3380,33159001,0.30000000000000004
2019-05-15,3810,4060,3450,3570,34371325,0.056213017751479244
2019-05-16,3400,3525,3190,3225,7906170,-0.09663865546218486
2019-05-17,3240,3320,3005,3120,6272226,-0.032558139534883734
2019-05-20,3045,3120,2970,3070,3624514,-0.01602564102564108
2019-05-21,3030,3080,2880,3080,3976640,0.0032573289902280145
2019-05-22,3110,3165,2925,2965,2925093,-0.037337662337662336
2019-05-23,2970,3110,2750,2925,4585070,-0.013490725126475533
2019-05-24,2865,2900,2750,2815,1319238,-0.037606837606837584
2019-05-27,2815,3000,2780,2900,2362165,0.030195381882770933
2019-05-28,2900,3000,2790,2990,1547129,0.03103448275862064
2019-05-29,2990,3130,2905,3090,3954186,0.03344481605351168
2019-05-30,3015,3075,2900,3055,2724952,-0.01132686084142398
2019-05-31,3160,3290,2970,2995,4590230,-0.019639934533551506
2019-06-03,2955,3140,2885,3045,2829417,0.016694490818029983
2019-06-04,3025,3500,3000,3145,13799677,0.03284072249589487
2019-06-05,3090,3180,3065,3140,2247907,-0.0015898251192368873
2019-06-07,3180,3185,3110,3150,1555713,0.0031847133757962887
2019-06-10,3150,3325,3150,3220,4764737,0.022222222222222143
2019-06-11,3240,3330,3185,3185,2309051,-0.010869565217391353
2019-06-12,3170,3190,2970,3000,2226253,-0.058084772370486704
2019-06-13,3005,3035,2885,2950,1499958,-0.01666666666666672
2019-06-14,2990,2990,2880,2880,902126,-0.023728813559321993
2019-06-17,2805,2940,2800,2895,749129,0.005208333333333259
2019-06-18,2895,2995,2880,2980,992269,0.029360967184801412
2019-06-19,2995,3015,2930,2935,818303,-0.015100671140939603
2019-06-20,2940,3300,2920,3010,4830073,0.02555366269165238
2019-06-21,3030,3445,2975,3445,11493554,0.14451827242524917
2019-06-24,3355,4475,3280,4475,23837945,0.29898403483309144
2019-06-25,4825,5110,4050,4260,28918551,-0.04804469273743017
2019-06-26,4235,4240,3865,4165,11218126,-0.02230046948356812
2019-06-27,4110,4135,3620,3715,6506311,-0.1080432172869148
2019-06-28,3655,3950,3445,3485,7915366,-0.0619111709286676
2019-07-01,3475,3890,3475,3565,9733643,0.022955523672883782
2019-07-02,3565,4080,3565,3800,15025320,0.06591865357643756
2019-07-03,3765,3955,3715,3875,5791728,0.019736842105263053
2019-07-04,3875,4245,3835,4010,14669776,0.03483870967741942
2019-07-05,4005,4040,3810,3810,2593796,-0.04987531172069826
2019-07-08,3760,3775,3510,3520,1648656,-0.07611548556430447
2019-07-09,3530,4390,3530,4065,25196255,0.15482954545454541
2019-07-10,4065,4400,3925,4280,14937741,0.052890528905289
2019-07-11,4315,4705,3930,3955,15079118,-0.0759345794392523
2019-07-12,4010,4220,3970,4060,5255526,0.026548672566371723
2019-07-15,4120,4290,3935,4000,4527143,-0.014778325123152691
2019-07-16,4025,4200,3950,4170,3681639,0.04249999999999998
2019-07-17,4180,4205,3880,3975,2287327,-0.046762589928057596
2019-07-18,3950,4195,3950,4070,4637177,0.023899371069182385
2019-07-19,4085,4305,4055,4090,6261658,0.004914004914004844
2019-07-22,4155,4280,4080,4135,3102228,0.011002444987775029
2019-07-23,4210,4250,4020,4020,2342835,-0.027811366384522418
2019-07-24,4040,4045,3745,3745,2144492,-0.06840796019900497
2019-07-25,3675,3930,3610,3700,2088493,-0.012016021361815787
2019-07-26,3700,3880,3680,3770,1822776,0.018918918918918948
2019-07-29,3780,3845,3200,3200,2313256,-0.1511936339522546
2019-07-30,3165,3485,3165,3220,2437144,0.006250000000000089
2019-07-31,3165,3680,3105,3410,7219935,0.05900621118012417
2019-08-01,3470,3570,3125,3190,1919883,-0.06451612903225812
2019-08-02,3120,3235,2980,3140,1454519,-0.01567398119122254
2019-08-05,3110,3175,2850,2850,1508522,-0.09235668789808915
2019-08-06,2735,3025,2525,2780,2399663,-0.024561403508771895
2019-08-07,2830,3100,2830,2960,2011614,0.06474820143884896
2019-08-08,2950,3130,2925,3035,1801653,0.02533783783783794
2019-08-09,3105,3140,3005,3050,1340892,0.0049423393739702615
2019-08-12,3055,3965,3055,3965,19824252,0.30000000000000004
2019-08-13,3960,4315,3855,4040,17513111,0.018915510718789497
2019-08-14,3940,4140,3840,3985,6411131,-0.013613861386138626
2019-08-16,3855,3940,3805,3855,2927688,-0.03262233375156842
2019-08-19,3795,4170,3715,3875,9537770,0.005188067444876765
2019-08-20,3915,4320,3915,4010,16675897,0.03483870967741942
2019-08-21,4010,4020,3850,3855,2645811,-0.03865336658354113
2019-08-22,3840,4160,3785,3900,8683870,0.011673151750972721
2019-08-23,3825,3970,3745,3945,2573337,0.011538461538461497
2019-08-26,3785,3890,3640,3670,1670871,-0.06970849176172367
2019-08-27,3745,4545,3745,4260,36694371,0.1607629427792916
2019-08-28,4285,4355,4155,4350,8225337,0.021126760563380254
2019-08-29,4310,4425,4060,4155,6486716,-0.04482758620689653
2019-08-30,4200,4280,3975,4040,5382632,-0.0276774969915764
2019-09-02,4090,4140,3995,4045,2761793,0.0012376237623761277
2019-09-03,4035,4070,3915,3940,2438523,-0.02595797280593326
2019-09-04,3915,4330,3905,4185,11598962,0.06218274111675126
2019-09-05,4200,4230,4045,4120,2767629,-0.015531660692950977
2019-09-06,4195,4455,4100,4105,9713022,-0.00364077669902918
2019-09-09,4080,4210,3925,3930,2208852,-0.042630937880633324
2019-09-10,3980,4295,3850,3970,6335044,0.010178117048346147
2019-09-11,4340,4620,4000,4015,11800072,0.01133501259445846
2019-09-16,4015,4115,3980,4010,2006218,-0.001245330012453305
2019-09-17,3910,4050,3855,3955,1660418,-0.013715710723191998
2019-09-18,3975,4030,3895,3905,1488093,-0.012642225031605614
2019-09-19,3930,4030,3910,3910,921461,0.001280409731113874
2019-09-20,3930,4010,3860,3930,913529,0.005115089514066584
2019-09-23,3930,4145,3900,4080,2544539,0.03816793893129766
2019-09-24,3940,4100,3905,3955,4042011,-0.030637254901960786
2019-09-25,3985,3995,3660,3670,1956494,-0.07206068268015176
2019-09-26,3745,3750,3300,3415,2517457,-0.06948228882833785
2019-09-27,3425,3615,3380,3415,1617640,0.0
2019-09-30,3400,3450,3135,3210,1153207,-0.060029282576866794
2019-10-01,3245,3745,3205,3425,9427171,0.06697819314641751
2019-10-02,3365,3550,3325,3420,1765518,-0.0014598540145985828
2019-10-04,3385,3575,3370,3385,1565335,-0.010233918128654929
2019-10-07,3385,3500,3315,3380,990056,-0.001477104874446078
2019-10-08,3350,3440,3345,3375,893405,-0.0014792899408283544
2019-10-10,3370,3465,3355,3390,773879,0.004444444444444473
2019-10-11,3390,3450,3160,3160,1078908,-0.06784660766961648
2019-10-14,3210,3450,3205,3400,1889760,0.07594936708860756
2019-10-15,3360,3450,3360,3435,1036777,0.010294117647058787
2019-10-16,3440,3640,3380,3465,3629709,0.008733624454148492
2019-10-17,3695,3755,3510,3520,4662275,0.015873015873015817
2019-10-18,3455,3540,3400,3410,940444,-0.03125
2019-10-21,3405,3445,3310,3325,632941,-0.024926686217008776
2019-10-22,3320,3370,3250,3310,895853,-0.004511278195488688
2019-10-23,3300,3375,3185,3280,855941,-0.009063444108761365
2019-10-24,3250,3395,3225,3285,1004854,0.0015243902439023849
2019-10-25,3300,3320,3215,3220,641956,-0.019786910197869156
2019-10-28,3225,3295,3170,3210,568467,-0.0031055900621117516
2019-10-29,3315,3450,3270,3335,2748169,0.0389408099688473
2019-10-30,3300,3365,3280,3330,849262,-0.0014992503748125774
2019-10-31,3330,3460,3330,3345,1374602,0.0045045045045044585
2019-11-01,3360,3565,3345,3460,2436672,0.034379671150971625
2019-11-04,3460,3515,3425,3435,961419,-0.007225433526011571
2019-11-05,3450,3620,3450,3490,2489012,0.01601164483260553
2019-11-06,3570,3585,3445,3505,1924594,0.004297994269341077
2019-11-07,3505,3530,3420,3420,680796,-0.024251069900142697
2019-11-08,3455,3510,3420,3500,823728,0.023391812865497075
2019-11-11,3530,3910,3490,3670,10867979,0.04857142857142849
2019-11-12,3630,3665,3525,3545,1789481,-0.0340599455040872
2019-11-13,3545,3730,3530,3600,2898926,0.015514809590973178
2019-11-14,3620,3775,3590,3735,2684679,0.03750000000000009
2019-11-15,3735,3790,3540,3620,1365786,-0.030789825970548912
2019-11-18,3640,3700,3600,3605,1158345,-0.004143646408839796
2019-11-19,3545,3730,3485,3600,1990601,-0.001386962552011095
2019-11-20,3610,3695,3420,3450,1061437,-0.04166666666666663
2019-11-21,3405,3525,3230,3230,1249480,-0.06376811594202902
2019-11-22,3210,3275,3075,3110,753607,-0.037151702786377694
2019-11-25,3110,3215,3110,3170,384898,0.019292604501607746
2019-11-26,3175,3450,3170,3315,1489268,0.045741324921135584
2019-11-27,3300,3310,3220,3230,363800,-0.02564102564102566
2019-11-28,3230,3300,3160,3165,486002,-0.020123839009287936
2019-11-29,3165,3270,3005,3005,565171,-0.050552922590837324
2019-12-02,3045,3145,3030,3090,405933,0.028286189683860208
2019-12-03,3040,3080,3025,3055,229769,-0.01132686084142398
2019-12-04,3005,3065,2920,2925,513532,-0.04255319148936165
2019-12-05,2925,3010,2800,2885,478497,-0.013675213675213627
2019-12-06,2875,3015,2875,2960,399743,0.025996533795493937
2019-12-09,2975,3035,2945,2975,370474,0.0050675675675675436
2019-12-10,2955,2985,2915,2940,216997,-0.0117647058823529
2019-12-11,2905,2980,2905,2965,196759,0.008503401360544283
2019-12-12,2965,3060,2965,3020,334571,0.018549747048903775
2019-12-13,3040,3110,3030,3110,269924,0.0298013245033113
2019-12-16,3080,3175,3060,3125,204667,0.004823151125401992
2019-12-17,3125,3170,3085,3120,245163,-0.0016000000000000458
2019-12-18,3130,3295,3100,3140,1052385,0.0064102564102563875
2019-12-19,3120,3170,3090,3100,226318,-0.01273885350318471
2019-12-20,3095,3245,3085,3100,553061,0.0
2019-12-23,3095,3150,2955,2955,399416,-0.04677419354838708
2019-12-24,2925,3075,2900,2915,397247,-0.013536379018612488
2019-12-26,2905,3030,2875,2950,188342,0.012006861063464935
2019-12-27,2930,3100,2930,3080,375838,0.04406779661016946
2019-12-30,3105,3310,3070,3150,1473364,0.022727272727272707
2020-01-02,3165,3235,3165,3200,711345,0.015873015873015817
2020-01-03,3185,3450,3165,3290,2482356,0.028124999999999956
2020-01-06,3230,3270,3135,3175,826311,-0.03495440729483279
2020-01-07,3215,3365,3200,3285,1334966,0.03464566929133861
2020-01-08,3285,3515,3090,3115,2436830,-0.0517503805175038
2020-01-09,3200,3285,3185,3255,613496,0.04494382022471921
2020-01-10,3260,3405,3220,3305,2649696,0.015360983102918668
2020-01-13,3350,3390,3285,3340,888807,0.010590015128593144
2020-01-14,3350,3370,3265,3290,627268,-0.014970059880239472
2020-01-15,3280,3390,3260,3340,1119439,0.015197568389057725
2020-01-16,3420,3565,3370,3480,4267234,0.041916167664670656
2020-01-17,3590,3640,3395,3410,2079321,-0.02011494252873558
2020-01-20,3420,3420,3295,3300,978558,-0.032258064516129004
2020-01-21,3280,3330,3210,3245,578478,-0.01666666666666672
2020-01-22,3215,3315,3215,3215,517251,-0.009244992295839749
2020-01-23,3260,3265,3155,3170,427901,-0.013996889580093264
2020-01-28,2970,3190,2960,3075,1000924,-0.029968454258675115
2020-01-29,3100,3375,3090,3190,2440990,0.0373983739837398
2020-01-30,3225,3265,3120,3135,600531,-0.017241379310344862
2020-01-31,3120,3400,3070,3070,3268177,-0.020733652312599715
2020-02-03,2910,3145,2910,3145,1148983,0.02442996742671011
2020-02-04,3150,3380,3150,3265,2556461,0.038155802861685295
2020-02-05,3270,3325,3200,3210,849283,-0.016845329249617125
2020-02-06,3230,3595,3205,3460,13005778,0.0778816199376946
2020-02-07,3410,3445,3315,3425,1682387,-0.010115606936416222
2020-02-10,3425,3475,3355,3405,1760747,-0.005839416058394109
2020-02-11,3400,3530,3365,3460,2802545,0.01615271659324513
2020-02-12,3470,3480,3350,3405,1114946,-0.01589595375722541
2020-02-13,3410,3750,3310,3325,11494508,-0.023494860499265746
2020-02-14,3305,3405,3290,3335,1202111,0.003007518796992459
2020-02-17,3310,3335,3165,3235,1108863,-0.02998500749625188
2020-02-18,3220,3285,3100,3110,880881,-0.03863987635239563
2020-02-19,3100,3170,3020,3150,645084,0.012861736334405238
2020-02-20,3160,3160,3045,3045,581991,-0.033333333333333326
2020-02-21,2990,3105,2970,2990,678267,-0.01806239737274218
2020-02-24,2865,2930,2695,2700,1020003,-0.09698996655518399
2020-02-25,2670,2895,2670,2840,928919,0.051851851851851816
2020-02-26,2760,2845,2730,2795,466753,-0.015845070422535246
2020-02-27,2780,2855,2630,2670,632479,-0.04472271914132375
2020-02-28,2585,2690,2435,2470,1080736,-0.07490636704119846
2020-03-02,2445,2580,2445,2535,744070,0.026315789473684292
2020-03-03,2580,2965,2570,2670,2147307,0.053254437869822535
2020-03-04,2620,2920,2620,2800,1652573,0.04868913857677892
2020-03-05,2810,2905,2800,2820,715055,0.0071428571428571175
2020-03-06,2780,2800,2710,2760,346556,-0.021276595744680882
2020-03-09,2705,2715,2570,2570,496903,-0.0688405797101449
2020-03-10,2520,2660,2495,2630,807046,0.023346303501945442
2020-03-11,2620,2670,2450,2455,591625,-0.06653992395437258
2020-03-12,2400,2530,2200,2205,1087999,-0.10183299389002032
2020-03-13,1885,2030,1660,1845,2283464,-0.16326530612244894
2020-03-16,1860,1985,1665,1665,1686756,-0.09756097560975607
2020-03-17,1500,1750,1500,1700,1107596,0.021021021021021102
2020-03-18,1725,1770,1515,1515,801807,-0.10882352941176465
2020-03-19,1560,1620,1065,1070,2522017,-0.29372937293729373
2020-03-20,1100,1205,1065,1190,1712986,0.11214953271028039
2020-03-23,1075,1145,1010,1110,1205602,-0.0672268907563025
2020-03-24,1175,1360,1135,1310,2439666,0.18018018018018012
2020-03-25,1360,1475,1325,1400,2180741,0.06870229007633588
2020-03-26,1430,1800,1380,1730,4291581,0.23571428571428577
2020-03-27,1900,1950,1650,1800,2832656,0.040462427745664664
2020-03-30,1745,2015,1710,2015,3016984,0.11944444444444446
2020-03-31,2110,2155,2035,2120,2078754,0.05210918114143914
2020-04-01,2165,2380,2035,2130,2434261,0.004716981132075526
2020-04-02,2200,2315,2065,2210,1271291,0.03755868544600949
2020-04-03,2245,2415,2215,2410,2639833,0.09049773755656099
2020-04-06,2465,2640,2425,2500,2631435,0.03734439834024905
2020-04-07,2600,2600,2345,2460,1714419,-0.016000000000000014
2020-04-08,2495,2495,2250,2330,1324597,-0.05284552845528456
2020-04-09,2370,2400,2215,2300,1051027,-0.012875536480686733
2020-04-10,2305,2340,2000,2160,1396796,-0.060869565217391286
2020-04-13,2140,2140,2000,2015,929870,-0.06712962962962965
2020-04-14,2015,2130,2015,2070,584373,0.027295285359801413
2020-04-16,2125,2150,1980,2115,564419,0.021739130434782705
2020-04-17,2120,2290,2090,2245,1259540,0.061465721040189214
2020-04-20,2250,2270,2200,2210,579260,-0.015590200445434244
2020-04-21,2200,2260,2030,2150,686811,-0.02714932126696834
2020-04-22,2125,2145,2045,2145,426887,-0.0023255813953488857
2020-04-23,2165,2320,2150,2280,1383606,0.06293706293706292
2020-04-24,2250,2345,2170,2200,1101573,-0.03508771929824561
2020-04-27,2250,2325,2230,2245,502409,0.020454545454545503
2020-04-28,2295,2305,2200,2240,506485,-0.00222717149220486
2020-04-29,2265,2280,2235,2245,309756,0.0022321428571427937
2020-05-04,2215,2265,2200,2215,272988,-0.013363028953229383
2020-05-06,2220,2275,2210,2255,560340,0.018058690744920947
2020-05-07,2265,2310,2245,2280,526177,0.011086474501108556
2020-05-08,2300,2420,2285,2370,1266746,0.03947368421052633
2020-05-11,2395,2405,2305,2345,892263,-0.010548523206751037
2020-05-12,2425,2435,2265,2265,988632,-0.034115138592750505
2020-05-13,2210,2310,2200,2310,417990,0.019867549668874274
2020-05-14,2265,2305,2220,2230,333385,-0.03463203463203468
2020-05-15,2245,2325,2230,2280,473041,0.022421524663677195
2020-05-18,2335,2380,2295,2310,779132,0.013157894736842035
2020-05-19,2335,2495,2310,2410,2644238,0.04329004329004338
2020-05-20,2405,2525,2375,2460,1482407,0.020746887966804906
2020-05-21,2465,2495,2445,2445,615834,-0.0060975609756097615
2020-05-22,2465,2565,2370,2375,1432573,-0.02862985685071573
2020-05-25,2405,2515,2375,2475,1110813,0.042105263157894646
2020-05-26,2475,2575,2460,2490,1606374,0.0060606060606061
2020-05-27,2505,2920,2450,2655,10171890,0.06626506024096379
2020-05-28,2655,2730,2465,2525,2292409,-0.048964218455743835
2020-05-29,2560,3060,2525,2810,25508236,0.11287128712871297
2020-06-01,2810,2925,2780,2830,4512283,0.007117437722419906
2020-06-02,2845,3280,2800,2945,10772848,0.04063604240282692
2020-06-03,2945,3180,2910,3020,6793635,0.025466893039049143
2020-06-04,3045,3230,3040,3230,7352847,0.06953642384105962
2020-06-05,3180,3250,3110,3130,3400644,-0.03095975232198145
2020-06-08,3120,3135,3005,3020,1642046,-0.03514376996805113
2020-06-09,3040,3105,2900,2960,1539743,-0.019867549668874163
2020-06-10,2960,2985,2845,2860,1045663,-0.03378378378378377
2020-06-11,2895,2920,2800,2805,776767,-0.019230769230769273
2020-06-12,2705,2765,2615,2755,1160423,-0.017825311942959
2020-06-15,2740,2915,2525,2525,2784265,-0.08348457350272231
2020-06-16,2600,2750,2600,2720,1030232,0.0772277227722773
2020-06-17,2665,2820,2660,2710,1112806,-0.003676470588235281
2020-06-18,2705,2865,2705,2825,1297969,0.04243542435424352
2020-06-19,2870,2950,2815,2860,1852845,0.012389380530973382
2020-06-22,2880,2980,2860,2930,1294370,0.02447552447552437
2020-06-23,2935,2960,2810,2880,1017886,-0.017064846416382284
2020-06-24,2895,2950,2850,2875,742898,-0.0017361111111111605
2020-06-25,2835,2840,2725,2760,632413,-0.040000000000000036
2020-06-26,2800,2920,2715,2920,2096967,0.05797101449275366
2020-06-29,3150,3260,2880,2880,7280797,-0.013698630136986356
2020-06-30,2980,2980,2765,2820,1447386,-0.02083333333333337
2020-07-01,2875,2920,2765,2770,982121,-0.01773049645390068
2020-07-02,2770,2895,2770,2870,936782,0.036101083032491044
2020-07-03,2900,2920,2825,2850,717858,-0.006968641114982632
2020-07-06,2850,2895,2815,2840,609953,-0.0035087719298245723
2020-07-07,2830,3075,2830,3015,5649413,0.06161971830985924
2020-07-08,2995,3030,2970,3000,937251,-0.00497512437810943
2020-07-09,3020,3035,2960,2965,859795,-0.011666666666666714
2020-07-10,2995,3010,2870,2885,718472,-0.026981450252951067
2020-07-13,2900,3055,2895,3020,1533960,0.04679376083188913
2020-07-14,3040,3110,2980,3005,1673299,-0.004966887417218513
2020-07-15,2970,3055,2970,2990,893861,-0.004991680532445919
2020-07-16,2995,3010,2925,2965,705194,-0.00836120401337792
2020-07-17,2965,3050,2950,2980,889077,0.005059021922428242
2020-07-20,2980,2990,2915,2925,628332,-0.01845637583892612
2020-07-21,2935,2950,2865,2900,567488,-0.008547008547008517
2020-07-22,2900,2900,2835,2835,545053,-0.022413793103448265
2020-07-23,2835,2840,2750,2755,590897,-0.02821869488536155
2020-07-24,2750,2950,2715,2870,1337924,0.04174228675136127
2020-07-27,2865,2970,2865,2890,649270,0.006968641114982521
2020-07-28,2915,2945,2885,2920,395694,0.01038062283737018
2020-07-29,2920,2930,2845,2870,314035,-0.017123287671232834
2020-07-30,2890,2900,2820,2830,240234,-0.013937282229965153
2020-07-31,2855,2855,2800,2805,194288,-0.00883392226148405
2020-08-03,2800,2835,2790,2825,209083,0.007130124777183555
2020-08-04,2835,2890,2805,2835,311627,0.003539823008849474
2020-08-05,2835,2875,2800,2805,440576,-0.010582010582010581
2020-08-06,2805,2845,2760,2775,576839,-0.010695187165775444
2020-08-07,2775,2790,2705,2735,447005,-0.014414414414414378
2020-08-10,2715,2730,2650,2680,391264,-0.020109689213894
2020-08-11,2670,2760,2665,2720,280268,0.014925373134328401
2020-08-12,2715,2715,2645,2665,265627,-0.020220588235294157
2020-08-13,2670,2740,2645,2710,358157,0.016885553470919357
2020-08-14,2710,2730,2615,2620,375218,-0.03321033210332103
2020-08-18,2610,2645,2335,2350,862303,-0.10305343511450382
2020-08-19,2340,2480,2340,2470,286942,0.051063829787234116
2020-08-20,2425,2470,2255,2310,478423,-0.06477732793522262
2020-08-21,2370,2460,2225,2445,543714,0.05844155844155852
2020-08-24,2450,2535,2400,2460,411033,0.006134969325153339
2020-08-25,2525,2525,2445,2460,232257,0.0
2020-08-26,2490,2490,2385,2450,261498,-0.004065040650406471
2020-08-27,2450,2450,2355,2380,351668,-0.02857142857142858
2020-08-28,2375,2520,2375,2480,596296,0.04201680672268915
2020-08-31,2550,2550,2415,2420,340269,-0.024193548387096753
2020-09-01,2420,2660,2420,2600,1409205,0.07438016528925617
2020-09-02,2605,2610,2515,2570,411611,-0.011538461538461497
2020-09-03,2580,2600,2515,2545,365137,-0.009727626459143934
2020-09-04,2440,2565,2420,2510,308236,-0.013752455795677854
2020-09-07,2500,2585,2495,2570,279668,0.0239043824701195
2020-09-08,2610,2610,2535,2550,295569,-0.0077821011673151474
2020-09-09,2505,2730,2470,2650,1273810,0.03921568627450989
2020-09-10,2680,2720,2655,2690,461105,0.015094339622641506
2020-09-11,2735,2865,2705,2780,1196481,0.03345724907063197
2020-09-14,2895,3025,2800,2925,3205367,0.05215827338129486
2020-09-15,2975,3000,2810,2840,1492036,-0.029059829059829068
2020-09-16,2850,2855,2715,2750,648967,-0.03169014084507038
2020-09-17,2735,2815,2630,2750,568419,0.0
2020-09-18,2790,2790,2675,2700,300984,-0.018181818181818188
2020-09-21,2665,2805,2620,2715,460057,0.005555555555555536
2020-09-22,2715,2715,2570,2590,413025,-0.046040515653775316
2020-09-23,2720,3200,2700,2890,27587819,0.11583011583011582
2020-09-24,2880,3030,2750,2800,6945179,-0.03114186851211076
2020-09-25,2845,2865,2470,2470,2441488,-0.11785714285714288
2020-09-28,2560,2595,2505,2585,846948,0.046558704453441235
2020-09-29,2610,2990,2610,2825,7037741,0.09284332688588015
2020-10-05,2795,2910,2750,2870,1231626,0.015929203539823078
2020-10-06,2885,3020,2800,2900,4484091,0.010452961672473782
2020-10-07,2890,2935,2845,2920,1031437,0.006896551724137945
2020-10-08,2935,2980,2830,2830,1269976,-0.03082191780821919
2020-10-12,2850,3675,2805,3675,39087149,0.29858657243816245
2020-10-13,3875,4435,3870,4080,55749247,0.11020408163265305
2020-10-14,4005,4450,3865,3915,26849769,-0.0404411764705882
2020-10-15,3970,4225,3740,3805,16904269,-0.028097062579821253
2020-10-16,3790,3900,3555,3665,4985819,-0.036793692509855425
2020-10-19,3620,3950,3530,3575,11422622,-0.024556616643929052
2020-10-20,3570,3685,3465,3630,3412536,0.01538461538461533
2020-10-21,3735,3735,3405,3405,3350354,-0.06198347107438018
2020-10-22,3400,3455,3300,3310,1565614,-0.027900146842878115
2020-10-23,3355,3385,3230,3260,1387919,-0.015105740181268867
2020-10-26,3335,3545,3130,3130,7539422,-0.039877300613496924
2020-10-27,3130,3355,3025,3170,3359132,0.012779552715654896
2020-10-28,3140,3330,3140,3305,1706466,0.04258675078864349
2020-10-29,3205,3290,3110,3190,1355681,-0.03479576399394857
2020-10-30,3255,4145,3225,4145,40583341,0.29937304075235116
2020-11-02,4105,4495,3850,4060,58569360,-0.020506634499396825
2020-11-03,4305,4575,4005,4065,46478872,0.0012315270935960854
2020-11-04,4100,4145,3695,3800,8340673,-0.06519065190651907
2020-11-05,3850,4050,3805,3825,8058440,0.006578947368421018
2020-11-06,3855,3970,3765,3795,4536673,-0.007843137254901933
2020-11-09,3835,4165,3830,4165,12099283,0.0974967061923584
2020-11-10,4050,4055,3895,4045,4827043,-0.02881152460984393
2020-11-11,4075,4360,3980,4085,15110925,0.009888751545117369
2020-11-12,4065,4240,4005,4035,5107711,-0.012239902080783405
2020-11-13,3950,3985,3740,3810,3003295,-0.055762081784386575
2020-11-16,3900,3900,3780,3790,1292605,-0.005249343832021025
2020-11-17,3800,4230,3750,4230,12181323,0.11609498680738795
2020-11-18,4175,4300,4045,4300,8529363,0.016548463356973908
2020-11-19,4230,5160,4125,4675,53379055,0.08720930232558133
2020-11-20,4540,4670,4385,4560,11289273,-0.024598930481283476
2020-11-23,4525,4890,4480,4695,17175698,0.02960526315789469
2020-11-24,4640,4860,4560,4720,7026409,0.005324813631522929
2020-11-25,4695,5160,4420,4515,16916730,-0.04343220338983056
2020-11-26,4535,4595,4400,4410,1953913,-0.023255813953488413
2020-11-27,4420,4565,4400,4420,2080997,0.0022675736961450532
2020-11-30,4450,4510,4390,4405,1381346,-0.0033936651583710287
2020-12-01,4415,4630,4400,4590,2934120,0.041997729852440324
2020-12-02,4610,4870,4540,4630,7792715,0.008714596949890963
2020-12-03,4630,4645,4520,4535,1611019,-0.02051835853131745
2020-12-04,4540,4555,4405,4420,1397826,-0.02535832414553474
2020-12-07,4375,4410,4250,4255,1332158,-0.037330316742081426
2020-12-08,4235,4450,4180,4195,1794920,-0.014101057579318454
2020-12-09,4240,4470,4200,4310,1774067,0.027413587604290912
2020-12-10,4310,4630,4240,4535,5432215,0.05220417633410679
2020-12-11,4530,4680,4455,4540,3775601,0.0011025358324145973
2020-12-14,4545,4650,4420,4455,2441326,-0.018722466960352402
2020-12-15,4540,4845,4465,4500,14141872,0.010101010101010166
2020-12-16,4600,4620,4425,4490,1863961,-0.0022222222222222365
2020-12-17,4480,4550,4265,4285,1917815,-0.04565701559020041
2020-12-18,4330,4385,4245,4245,1234589,-0.009334889148191361
2020-12-21,4220,4280,4135,4150,832126,-0.0223792697290931
2020-12-22,4210,4600,4210,4295,10935144,0.03493975903614466
2020-12-23,4305,4690,4185,4210,13159371,-0.019790454016297976
2020-12-24,4200,4365,4045,4055,2011238,-0.03681710213776723
2020-12-28,4030,4095,3860,3885,1186464,-0.04192355117139335
2020-12-29,3885,4025,3885,3960,665607,0.019305019305019266
2020-12-30,3960,4385,3960,4225,6198059,0.06691919191919182
2021-01-04,4190,4380,4130,4305,2903739,0.018934911242603603
2021-01-05,4270,4430,4210,4300,2023264,-0.0011614401858304202
2021-01-06,4320,4700,4220,4320,5942572,0.0046511627906977715
2021-01-07,4335,4500,4305,4385,2883009,0.01504629629629628
2021-01-08,4430,4750,4355,4355,14113821,-0.0068415051311288
2021-01-11,4480,4595,4350,4430,3975827,0.01722158438576349
2021-01-12,4465,4500,4180,4245,1938557,-0.04176072234762984
2021-01-13,4310,4530,4255,4340,2664991,0.022379269729092988
2021-01-14,4285,4415,4250,4325,2324021,-0.003456221198156695
2021-01-15,4340,4355,4210,4220,964037,-0.024277456647398887
2021-01-18,4270,4405,4170,4175,1931911,-0.010663507109004766
2021-01-19,4225,4250,4165,4195,868111,0.004790419161676551
2021-01-20,4280,4480,4240,4335,3648576,0.033373063170440975
2021-01-21,4365,4440,4335,4405,1999290,0.016147635524798254
2021-01-22,4515,4520,4275,4275,2009435,-0.02951191827468791
2021-01-25,4275,4320,4215,4270,768752,-0.0011695906432748204
2021-01-26,4270,4350,4140,4170,1114652,-0.023419203747072626
2021-01-27,4210,4235,4050,4125,1010703,-0.010791366906474864
2021-01-28,3980,4065,3900,3925,748557,-0.048484848484848464
2021-01-29,3970,3970,3610,3630,1120034,-0.07515923566878979
2021-02-01,3540,3710,3475,3660,838555,0.008264462809917328
2021-02-02,3695,3785,3640,3720,619752,0.016393442622950838
2021-02-03,3755,3950,3755,3830,825048,0.029569892473118253
2021-02-04,3880,3900,3775,3825,417551,-0.0013054830287205776
2021-02-05,3865,3865,3755,3755,400167,-0.018300653594771288
2021-02-08,3710,3765,3640,3665,376103,-0.023968042609853524
2021-02-09,3665,3700,3605,3605,289983,-0.016371077762619368
2021-02-10,3605,3630,3520,3585,336891,-0.00554785020804438
2021-02-15,3595,4350,3545,3870,14799176,0.07949790794979084
2021-02-16,3930,4100,3870,3935,4161981,0.01679586563307489
2021-02-17,3970,4070,3860,3915,1196404,-0.0050825921219822545
2021-02-18,3900,4180,3875,3960,4085125,0.011494252873563315
2021-02-19,3975,4015,3860,3895,710745,-0.016414141414141437
2021-02-22,3930,3995,3810,3815,554404,-0.020539152759948665
2021-02-23,3720,3870,3720,3755,413939,-0.01572739187418082
2021-02-24,3760,4300,3635,3635,7313404,-0.031957390146471365
2021-02-25,3705,3890,3675,3715,1061449,0.022008253094910613
2021-02-26,3645,3660,3480,3535,640913,-0.048452220726783346
2021-03-02,3600,3660,3490,3530,450205,-0.0014144271570014633
2021-03-03,3505,3620,3505,3550,458383,0.0056657223796034994
2021-03-04,3500,3985,3500,3670,3147174,0.033802816901408406
2021-03-05,3580,4280,3560,4175,17062358,0.13760217983651235
2021-03-08,4390,5070,4030,4090,40903046,-0.02035928143712573
2021-03-09,4150,4280,3880,3995,5532778,-0.023227383863080653
2021-03-10,4200,4545,4105,4125,18905351,0.03254067584480591
2021-03-11,4075,4245,3970,4005,3131851,-0.029090909090909056
2021-03-12,4035,4180,3995,4150,2626095,0.0362047440699127
2021-03-15,4080,4340,4080,4190,3809256,0.009638554216867545
2021-03-16,4195,4440,4125,4160,5592135,-0.007159904534606243
2021-03-17,4210,4385,4165,4250,5337454,0.02163461538461542
2021-03-18,4245,4320,4215,4230,2374726,-0.004705882352941226
2021-03-19,4130,4250,4120,4180,1133045,-0.011820330969267157
2021-03-22,4195,4290,4160,4170,1783448,-0.0023923444976076125
2021-03-23,4210,4210,3940,3960,1487876,-0.05035971223021585
2021-03-24,3930,4180,3930,4090,1537347,0.03282828282828287
2021-03-25,4080,4140,3970,3985,899028,-0.025672371638141844
2021-03-26,4050,4055,3950,3970,514401,-0.0037641154328732496
2021-03-29,3960,4060,3940,3960,539314,-0.0025188916876573986
2021-03-30,3955,4100,3950,4065,960071,0.026515151515151603
2021-03-31,4065,4090,3955,3970,636011,-0.02337023370233704
2021-04-01,3970,4520,3700,4065,17940018,0.023929471032745564
2021-04-02,4090,4410,4040,4200,10971045,0.03321033210332103
2021-04-05,4210,4290,4160,4175,1850673,-0.005952380952380931
2021-04-06,4240,4290,4175,4175,1663555,0.0
2021-04-07,4175,4325,4150,4280,2697745,0.025149700598802394
2021-04-08,4260,4275,4105,4135,1510065,-0.033878504672897214
2021-04-09,4100,4180,4050,4110,1069278,-0.006045949214026569
2021-04-12,4215,4325,4130,4160,2599785,0.012165450121654597
2021-04-13,4170,4235,4100,4110,984526,-0.012019230769230727
2021-04-14,4115,4510,4110,4425,16759890,0.07664233576642343
2021-04-15,4370,4450,4270,4295,3062109,-0.029378531073446346
2021-04-16,4295,4440,4270,4290,2885226,-0.0011641443538998875
2021-04-19,4285,4305,4200,4210,950358,-0.018648018648018683
2021-04-20,4210,4285,4190,4215,844620,0.0011876484560569
2021-04-21,4245,4245,4130,4130,851648,-0.02016607354685651
2021-04-22,4155,4205,4100,4120,603119,-0.002421307506053294
2021-04-23,4115,4115,3950,4060,996994,-0.014563106796116498
2021-04-26,4065,4085,4005,4040,453530,-0.0049261083743842304
2021-04-27,4050,4060,4000,4000,426335,-0.00990099009900991
2021-04-28,3985,4020,3880,3880,599247,-0.030000000000000027
2021-04-29,3900,3925,3780,3805,460145,-0.019329896907216537
2021-04-30,3780,3870,3780,3860,311229,0.014454664914586024
2021-05-03,3910,4300,3905,3920,5357891,0.015544041450777257
2021-05-04,3880,3945,3865,3880,542540,-0.010204081632653073
2021-05-06,3900,4030,3885,3925,581877,0.011597938144329856
2021-05-07,3910,3980,3910,3930,272042,0.001273885350318471
2021-05-10,3980,3980,3910,3920,319432,-0.0025445292620864812
2021-05-11,3860,3920,3850,3850,331335,-0.017857142857142905
2021-05-12,3870,3910,3800,3830,348918,-0.0051948051948051965
2021-05-13,3790,3930,3750,3790,350610,-0.010443864229765065
2021-05-14,3810,3835,3780,3795,138724,0.0013192612137202797
2021-05-17,3805,4020,3795,3875,1472752,0.021080368906455815
2021-05-18,3820,3880,3820,3855,357876,-0.005161290322580614
2021-05-20,3845,3855,3765,3800,285845,-0.014267185473411104
2021-05-21,3790,3820,3695,3720,330852,-0.021052631578947323
2021-05-24,3700,3755,3585,3590,228876,-0.034946236559139754
2021-05-25,3605,3770,3605,3625,245577,0.009749303621169991
2021-05-26,3625,3700,3625,3650,138931,0.006896551724137945
2021-05-27,3650,3810,3635,3660,526359,0.00273972602739736
2021-05-28,3680,3730,3670,3720,170907,0.016393442622950838
2021-05-31,3725,3995,3725,3830,2019343,0.029569892473118253
2021-06-01,3830,3925,3795,3850,649062,0.005221932114882533
2021-06-02,3850,3925,3810,3880,764363,0.007792207792207684
2021-06-03,3900,3900,3855,3880,312290,0.0
2021-06-04,3850,3880,3820,3870,257406,-0.002577319587628857
2021-06-07,3875,3935,3850,3885,564866,0.003875968992248069
2021-06-08,3860,3920,3845,3845,272110,-0.01029601029601035
2021-06-09,3845,3895,3840,3840,291582,-0.0013003901170350884
2021-06-10,3830,3865,3740,3750,384605,-0.0234375
2021-06-11,3750,3825,3750,3770,258295,0.005333333333333412
2021-06-14,3760,3785,3740,3750,126982,-0.0053050397877983935
2021-06-15,3740,3770,3710,3710,168953,-0.010666666666666713
2021-06-16,3720,3800,3715,3795,241255,0.022911051212938016
2021-06-17,3790,3920,3790,3830,837907,0.00922266139657446
2021-06-18,3835,3950,3810,3890,678753,0.015665796344647598
2021-06-21,3850,3930,3805,3890,491045,0.0
2021-06-22,3880,3930,3865,3915,675966,0.006426735218509005
2021-06-23,3925,3955,3845,3845,436500,-0.017879948914431676
2021-06-24,3845,3970,3845,3955,615048,0.02860858257477239
2021-06-25,3955,4040,3940,3950,729535,-0.0012642225031606058
2021-06-28,3995,4030,3980,3980,454801,0.0075949367088608
2021-06-29,3995,3995,3875,3905,374917,-0.018844221105527637
2021-06-30,3915,3930,3870,3915,264009,0.00256081946222797
2021-07-01,3905,3920,3805,3810,319932,-0.026819923371647514
2021-07-02,3815,3855,3760,3790,297797,-0.005249343832021025
2021-07-05,3795,3825,3715,3720,344456,-0.01846965699208447
2021-07-06,3690,3765,3690,3745,203710,0.006720430107526987
2021-07-07,3735,3745,3685,3685,324707,-0.01602136181575431
2021-07-08,3665,3710,3595,3625,275177,-0.016282225237449155
2021-07-09,3625,3625,3475,3545,304853,-0.022068965517241357
2021-07-12,3555,3740,3555,3730,402211,0.0521861777150916
2021-07-13,3710,3905,3710,3805,1118468,0.020107238605898026
2021-07-14,3815,3955,3705,3705,1719360,-0.026281208935611033
2021-07-15,3690,3765,3690,3705,239028,0.0
2021-07-16,3710,3755,3660,3685,162205,-0.005398110661268607
2021-07-19,3650,3675,3600,3610,178720,-0.020352781546811416
2021-07-20,3530,3615,3530,3610,188524,0.0
2021-07-21,3610,3655,3580,3580,156083,-0.008310249307479256
2021-07-22,3600,3605,3555,3570,139704,-0.0027932960893854997
2021-07-23,3555,3595,3555,3570,113997,0.0
2021-07-26,3600,3600,3535,3535,161875,-0.009803921568627416
2021-07-27,3510,3580,3510,3555,166571,0.005657708628005631
2021-07-28,3555,3565,3480,3505,133353,-0.01406469760900142
2021-07-29,3510,3565,3430,3445,163403,-0.01711840228245365
2021-07-30,3445,3460,3345,3390,189297,-0.01596516690856309
2021-08-02,3390,3445,3390,3425,111385,0.010324483775811188
2021-08-03,3425,3450,3340,3340,170723,-0.02481751824817513
2021-08-04,3320,3405,3320,3395,127708,0.01646706586826352
2021-08-05,3395,3480,3380,3460,156906,0.019145802650957222
2021-08-06,3435,3475,3410,3450,110836,-0.0028901734104046506
2021-08-09,3425,3450,3370,3400,122306,-0.01449275362318836
2021-08-10,3365,3395,3335,3365,122353,-0.010294117647058787
2021-08-11,3350,3430,3315,3430,207913,0.019316493313521477
2021-08-12,3450,3560,3390,3515,590978,0.02478134110787167
2021-08-13,3530,3530,3350,3400,152356,-0.03271692745376953
2021-08-17,3385,3385,3140,3165,230010,-0.0691176470588235
2021-08-18,3165,3220,3080,3200,119058,0.011058451816745585
2021-08-19,3135,3205,2975,3020,262976,-0.05625000000000002
2021-08-20,3040,3055,2800,2800,255913,-0.07284768211920534
2021-08-23,2785,3200,2785,3045,812603,0.08749999999999991
2021-08-24,3025,3265,3025,3240,276058,0.0640394088669951
2021-08-25,3260,3270,3200,3250,82134,0.0030864197530864335
2021-08-26,3250,3265,3145,3195,128218,-0.01692307692307693
2021-08-27,3175,3260,3145,3190,100190,-0.0015649452269170805
2021-08-30,3370,3470,3240,3470,1148978,0.08777429467084641
2021-08-31,3445,3445,3355,3410,318049,-0.01729106628242072
2021-09-01,3410,3450,3345,3365,270096,-0.01319648093841641
2021-09-02,3350,3390,3315,3325,136272,-0.011887072808320909
2021-09-03,3345,3400,3335,3365,145204,0.012030075187969835
2021-09-06,3340,3710,3325,3470,3523235,0.031203566121842385
2021-09-07,3460,3535,3405,3450,557500,-0.0057636887608069065
2021-09-08,3465,3485,3310,3310,307789,-0.04057971014492756
2021-09-09,3285,3855,3285,3460,8763457,0.0453172205438066
2021-09-10,3470,3580,3420,3525,1439834,0.01878612716762995
2021-09-13,3525,3545,3310,3350,605459,-0.049645390070921946
2021-09-14,3340,3420,3310,3335,253326,-0.004477611940298498
2021-09-15,3340,3370,3295,3305,185491,-0.008995502248875575
2021-09-16,3330,3330,3170,3175,377854,-0.039334341906202774
2021-09-17,3165,3165,3010,3160,264111,-0.0047244094488189115
2021-09-23,3105,3160,3095,3110,100711,-0.015822784810126556
2021-09-24,3110,3190,3095,3110,129978,0.0
2021-09-27,3085,3145,3080,3120,104668,0.003215434083601254
2021-09-28,3125,3125,3015,3020,149417,-0.03205128205128205
2021-09-29,2965,3590,2905,3330,7895283,0.10264900662251653
2021-09-30,3390,3800,3305,3500,10203538,0.05105105105105112
2021-10-01,3535,3595,3315,3360,1490833,-0.040000000000000036
2021-10-05,3280,3630,3155,3415,2984048,0.016369047619047672
2021-10-06,3375,3665,3255,3400,4056092,-0.004392386530014614
2021-10-07,3395,3535,3380,3495,1023152,0.027941176470588136
2021-10-08,3530,3650,3450,3600,3284477,0.030042918454935563
2021-10-12,3620,3770,3505,3710,3240818,0.030555555555555447
2021-10-13,3715,3740,3615,3630,1190518,-0.021563342318059342
2021-10-14,3640,3755,3515,3555,1367789,-0.02066115702479343
2021-10-15,3560,3575,3470,3550,1049335,-0.0014064697609000865
2021-10-18,3520,3745,3490,3730,3237114,0.05070422535211261
2021-10-19,3700,3725,3645,3680,850937,-0.013404825737265424
2021-10-20,3685,3845,3680,3810,3741547,0.03532608695652173
2021-10-21,3790,3835,3675,3685,987033,-0.03280839895013121
2021-10-22,3645,3685,3550,3575,611894,-0.02985074626865669
2021-10-25,3600,3630,3500,3580,342940,0.0013986013986013734
2021-10-26,3605,3650,3580,3635,323011,0.015363128491620026
2021-10-27,3650,3665,3550,3555,284105,-0.022008253094910613
2021-10-28,3555,3575,3400,3420,409821,-0.03797468354430378
2021-10-29,3420,3475,3355,3390,201127,-0.00877192982456143
2021-11-01,3435,3475,3360,3440,225667,0.014749262536873253
2021-11-02,3450,3470,3410,3430,180666,-0.0029069767441860517
2021-11-03,3455,3455,3320,3345,262937,-0.02478134110787167
2021-11-04,3375,3380,3215,3230,281124,-0.034379671150971625
2021-11-05,3230,3330,3180,3245,246520,0.004643962848297267
2021-11-08,3335,3335,3200,3300,154757,0.016949152542372836
2021-11-09,3330,3335,3200,3230,146307,-0.021212121212121238
2021-11-10,3200,3365,3140,3220,410970,-0.003095975232198178
2021-11-11,3220,3300,3030,3110,251243,-0.03416149068322982
2021-11-12,3105,3175,3105,3140,114756,0.009646302250803762
2021-11-15,3130,3175,3105,3155,154108,0.004777070063694211
2021-11-16,3130,3440,3130,3260,2747350,0.033280507131537185
2021-11-17,3260,3315,3205,3220,298257,-0.012269938650306789
2021-11-18,3190,3280,3190,3250,158226,0.009316770186335477
2021-11-19,3270,3670,3270,3390,6210468,0.04307692307692301
2021-11-22,3390,3440,3250,3405,665734,0.004424778761061843
2021-11-23,3360,3390,3290,3310,456957,-0.027900146842878115
2021-11-24,3375,3585,3375,3505,3056218,0.05891238670694854
2021-11-25,3460,3515,3425,3435,363181,-0.0199714693295292
2021-11-26,3495,3495,3250,3305,443601,-0.03784570596797676
2021-11-29,3115,3280,3115,3130,317591,-0.052950075642965166
2021-11-30,3140,3190,2905,2910,359795,-0.07028753993610226
2021-12-01,2880,3000,2830,2990,268168,0.027491408934707806
2021-12-02,2910,3055,2905,3010,202441,0.006688963210702337
2021-12-03,3030,3055,2975,3050,145537,0.013289036544850585
2021-12-06,3025,3085,2975,3060,124905,0.003278688524590123
2021-12-07,3065,3165,3060,3085,140087,0.008169934640522847
2021-12-08,3095,3230,3080,3090,288170,0.0016207455429497752
2021-12-09,3095,3175,3090,3130,183336,0.012944983818770295
2021-12-10,3115,3120,3065,3100,96372,-0.009584664536741228
2021-12-13,3095,3175,3085,3115,193473,0.004838709677419395
2021-12-14,3100,3150,3060,3100,144101,-0.0048154093097912964
2021-12-15,3120,3125,3075,3100,81497,0.0
2021-12-16,3125,3135,3100,3110,154751,0.003225806451612856
2021-12-17,3050,3105,3040,3090,162164,-0.006430868167202619
2021-12-20,3040,3160,3030,3050,163660,-0.012944983818770184
2021-12-21,3040,3135,3005,3025,183441,-0.008196721311475419
2021-12-22,3090,3120,3035,3035,125087,0.0033057851239668423
2021-12-23,3080,3450,3035,3115,2548983,0.02635914332784184
2021-12-24,3135,3220,3130,3170,273053,0.017656500802568198
2021-12-27,3170,3210,3150,3180,209346,0.003154574132492094
2021-12-28,3220,3240,3165,3180,184380,0.0
2021-12-29,3160,3210,3150,3185,114598,0.0015723270440251014
2021-12-30,3185,3195,3120,3135,138894,-0.015698587127158548
2022-01-03,3150,3190,3135,3175,169769,0.012759170653907415
2022-01-04,3215,3235,3150,3195,198990,0.006299212598425141
2022-01-05,3205,3370,3135,3370,1110869,0.05477308294209693
2022-01-06,3240,3355,3205,3280,607779,-0.02670623145400597
2022-01-07,3285,3330,3230,3255,237566,-0.007621951219512146
2022-01-10,3255,3255,3155,3160,217906,-0.029185867895545337
2022-01-11,3190,3195,3125,3135,144116,-0.007911392405063333
2022-01-12,3135,3345,3135,3300,911183,0.05263157894736836
2022-01-13,3300,3315,3250,3275,247687,-0.007575757575757569
2022-01-14,3230,3290,3225,3260,125044,-0.004580152671755711
2022-01-17,3230,3255,3130,3155,206962,-0.03220858895705525
2022-01-18,3110,3225,3110,3210,197063,0.017432646592709933
2022-01-19,3210,3290,3170,3255,341010,0.014018691588784993
2022-01-20,3260,3330,3225,3275,266543,0.006144393241167334
2022-01-21,3275,3275,3120,3155,207355,-0.036641221374045796
2022-01-24,3120,3170,3050,3095,131469,-0.019017432646592725
2022-01-25,3095,3100,2900,2925,185705,-0.0549273021001615
2022-01-26,2875,2990,2875,2910,132226,-0.00512820512820511
2022-01-27,2890,2960,2705,2725,168697,-0.06357388316151202
2022-01-28,2710,2825,2690,2825,97385,0.03669724770642202
2022-02-03,2835,2960,2825,2945,100252,0.0424778761061948
2022-02-04,2945,3080,2920,3020,179609,0.025466893039049143
2022-02-07,3000,3065,2995,3010,71565,-0.0033112582781457123
2022-02-08,3050,3230,3050,3230,440150,0.07308970099667778
2022-02-09,3245,3315,3170,3295,335274,0.020123839009287936
2022-02-10,3295,3430,3170,3210,761053,-0.025796661608497695
2022-02-11,3200,3295,3190,3240,162179,0.009345794392523255
2022-02-14,3105,3150,3000,3015,267846,-0.06944444444444442
2022-02-15,3030,3070,2890,2935,196639,-0.026533996683250405
2022-02-16,3015,3095,3000,3075,88117,0.047700170357751315
2022-02-17,3045,3135,3005,3125,167950,0.016260162601626105
2022-02-18,3010,3115,3010,3080,183692,-0.014399999999999968
2022-02-21,3020,3095,3020,3080,111630,0.0
2022-02-22,3065,3065,2925,2975,203717,-0.03409090909090906
2022-02-23,2980,3025,2970,3020,111768,0.015126050420168013
2022-02-24,3015,3015,2870,2870,147692,-0.04966887417218546
2022-02-25,2905,2980,2885,2955,94661,0.029616724738676048
2022-02-28,2925,2995,2835,2960,151862,0.0016920473773265332
2022-03-02,2935,3060,2935,3035,178941,0.02533783783783794
2022-03-03,3010,3130,3010,3090,189454,0.01812191103789118
2022-03-04,3100,3100,3020,3080,109285,-0.003236245954692518
2022-03-07,3040,3070,2985,3010,68099,-0.022727272727272707
2022-03-08,2980,3000,2940,2945,116760,-0.021594684385382035
2022-03-10,2955,3020,2955,2985,118889,0.013582342954159499
2022-03-11,3000,3045,2955,3000,108383,0.005025125628140614
2022-03-14,3000,3000,2870,2900,194717,-0.033333333333333326
2022-03-15,2930,2935,2875,2900,83525,0.0
2022-03-16,2950,2960,2905,2950,72818,0.01724137931034475
2022-03-17,2985,3025,2970,3015,142219,0.02203389830508473
2022-03-18,3015,3165,3010,3155,314837,0.046434494195688236
2022-03-21,3170,3170,3080,3090,179183,-0.020602218700475405
2022-03-22,3060,3140,3055,3130,134985,0.012944983818770295
2022-03-23,3135,3135,3040,3065,196630,-0.02076677316293929
2022-03-24,3010,3125,2985,3035,271198,-0.009787928221859699
2022-03-25,3045,3045,2940,2940,307886,-0.03130148270181221
2022-03-28,2960,2960,2865,2900,304165,-0.013605442176870763
2022-03-29,2910,3035,2885,3020,404037,0.04137931034482767
2022-03-30,3075,3090,3010,3035,227013,0.004966887417218624
2022-03-31,3040,3055,3020,3040,85718,0.0016474464579900872
2022-04-01,3035,3065,3005,3050,105130,0.00328947368421062
2022-04-04,3025,3090,3020,3090,213946,0.013114754098360715
2022-04-05,3105,3130,3080,3125,193814,0.01132686084142387
2022-04-06,3125,3130,3075,3100,153585,-0.008000000000000007
2022-04-07,3080,3080,3040,3050,94864,-0.016129032258064502
2022-04-08,3050,3080,3010,3030,84768,-0.006557377049180357
2022-04-11,3030,3055,2990,3000,82670,-0.00990099009900991
2022-04-12,3000,3000,2940,2975,77392,-0.008333333333333304
2022-04-13,2995,3010,2955,2985,103040,0.003361344537815114
2022-04-14,3020,3060,2990,2995,87947,0.003350083752093891
2022-04-15,3005,3060,2955,2980,145225,-0.005008347245408995
2022-04-18,3025,3050,2965,3000,300600,0.006711409395973256
2022-04-19,2995,3020,2990,3020,94575,0.006666666666666599
2022-04-20,3045,3045,2995,3010,66974,-0.0033112582781457123
2022-04-21,3010,3045,3010,3045,107094,0.011627906976744207
2022-04-22,3045,3045,2980,3000,113775,-0.014778325123152691
2022-04-25,2970,2970,2885,2905,215866,-0.03166666666666662
2022-04-26,2915,3360,2905,3015,3577421,0.03786574870912229
2022-04-27,2950,3025,2945,3020,291293,0.0016583747927032544
2022-04-28,3030,3030,2930,2955,280731,-0.021523178807947074
2022-04-29,2995,3050,2980,3030,431500,0.025380710659898442
2022-05-02,2995,3220,2970,3220,1374077,0.06270627062706269
2022-05-03,3190,3225,3155,3210,551323,-0.0031055900621117516
2022-05-04,3220,3220,3160,3160,335297,-0.015576323987538943
2022-05-06,3155,3240,3090,3115,496332,-0.014240506329113889
2022-05-09,3170,3170,3100,3125,303943,0.0032102728731941976
2022-05-10,3080,3080,2985,3080,280582,-0.014399999999999968
2022-05-11,3080,3095,3035,3040,150099,-0.012987012987012991
2022-05-12,2985,3135,2950,2955,282030,-0.02796052631578949
2022-05-13,2960,3035,2960,3000,146536,0.015228426395939021
2022-05-16,3010,3035,2980,2990,113411,-0.0033333333333332993
2022-05-17,3025,3090,2990,3030,195014,0.013377926421404673
2022-05-18,3035,3065,2995,3025,165221,-0.0016501650165016146
2022-05-19,2965,2975,2920,2925,221018,-0.03305785123966942
2022-05-20,2935,2970,2925,2955,88073,0.01025641025641022
2022-05-23,3000,3090,2965,3070,394682,0.03891708967851093
2022-05-24,3090,3090,3005,3010,160771,-0.019543973941368087
2022-05-25,3010,3030,2970,2975,115562,-0.011627906976744207
2022-05-26,2975,3000,2930,2950,100480,-0.008403361344537785
2022-05-27,2970,2975,2940,2945,93842,-0.0016949152542372614
2022-05-30,2970,2985,2960,2970,92832,0.008488964346349714
2022-05-31,2965,3005,2965,2990,82337,0.006734006734006703
2022-06-02,2965,2990,2965,2985,67606,-0.0016722408026755842
2022-06-03,2990,3025,2985,3000,120691,0.005025125628140614
2022-06-07,3000,3065,2935,2945,225433,-0.018333333333333313
2022-06-08,2945,3080,2945,2970,347592,0.008488964346349714
2022-06-09,2980,2980,2940,2970,84367,0.0
2022-06-10,3030,3185,2990,2995,1906114,0.008417508417508435
2022-06-13,2960,2980,2855,2855,274973,-0.046744574290484175
2022-06-14,2815,2850,2720,2775,180233,-0.028021015761821366
2022-06-15,2750,2775,2585,2600,203629,-0.06306306306306309
2022-06-16,2635,2710,2600,2610,98659,0.0038461538461538325
2022-06-17,2565,2590,2485,2575,112407,-0.013409961685823757
2022-06-20,2575,2615,2370,2375,170654,-0.07766990291262132
2022-06-21,2400,2425,2375,2395,49988,0.008421052631578885
2022-06-22,2405,2440,2215,2250,162235,-0.06054279749478075
2022-06-23,2215,2245,2055,2065,194353,-0.0822222222222222
2022-06-24,2010,2225,2010,2225,149014,0.07748184019370452
2022-06-27,2255,2355,2235,2355,81145,0.05842696629213484
2022-06-28,2350,2385,2335,2365,54072,0.00424628450106157
2022-06-29,2300,2375,2300,2370,45302,0.0021141649048626032
2022-06-30,2370,2380,2280,2305,55476,-0.02742616033755274
2022-07-01,2295,2570,2210,2260,1613707,-0.0195227765726681
2022-07-04,2255,2260,2080,2145,154628,-0.05088495575221241
2022-07-05,2150,2235,2150,2235,81194,0.04195804195804187
2022-07-06,2260,2260,2190,2215,52687,-0.008948545861297563
2022-07-07,2220,2260,2210,2260,69639,0.020316027088036037
2022-07-08,2290,2295,2260,2260,66682,0.0
2022-07-11,2285,2340,2250,2280,73334,0.008849557522123908
2022-07-12,2300,2305,2175,2260,60080,-0.00877192982456143
2022-07-13,2225,2270,2180,2260,54271,0.0
2022-07-14,2240,2275,2215,2255,51122,-0.0022123893805309214
2022-07-15,2255,2275,2180,2220,47041,-0.01552106430155209
2022-07-18,2245,2285,2245,2260,42555,0.018018018018018056
2022-07-19,2280,2340,2260,2300,73837,0.017699115044247815
2022-07-20,2335,2560,2335,2405,1199180,0.04565217391304355
2022-07-21,2405,2460,2405,2435,105096,0.012474012474012364
2022-07-22,2470,2470,2390,2390,80032,-0.01848049281314168
2022-07-25,2405,2425,2365,2385,74254,-0.0020920502092049986
2022-07-26,2390,2425,2360,2405,29253,0.008385744234800763
2022-07-27,2410,2460,2405,2440,77540,0.01455301455301461
2022-07-28,2475,2505,2445,2460,96596,0.008196721311475308
2022-07-29,2460,2500,2440,2450,84245,-0.004065040650406471
2022-08-01,2440,2475,2435,2475,40617,0.010204081632652962
2022-08-02,2500,2500,2395,2445,54152,-0.012121212121212088
2022-08-03,2420,2475,2415,2445,62177,0.0
2022-08-04,2460,2460,2440,2460,38335,0.006134969325153339
2022-08-05,2465,2490,2460,2470,43729,0.004065040650406582
2022-08-08,2475,2490,2465,2480,46659,0.004048582995951344
2022-08-09,2480,2495,2435,2465,33351,-0.006048387096774244
2022-08-10,2470,2470,2400,2405,49499,-0.024340770791075106
2022-08-11,2415,2455,2415,2445,38800,0.016632016632016633
2022-08-12,2445,2520,2440,2485,101235,0.01635991820040905
2022-08-16,2485,2495,2425,2465,79735,-0.008048289738430636
2022-08-17,2450,2450,2415,2420,58387,-0.018255578093306246
2022-08-18,2410,2455,2395,2455,64211,0.01446280991735538
2022-08-19,2490,2490,2430,2430,65062,-0.010183299389002087
2022-08-22,2400,2420,2325,2330,59592,-0.04115226337448563
2022-08-23,2290,2320,2250,2270,68547,-0.025751072961373356
2022-08-24,2270,2325,2260,2310,36394,0.017621145374449254
2022-08-25,2300,2375,2300,2350,53552,0.017316017316017396
2022-08-26,2350,2370,2330,2340,39139,-0.004255319148936176
2022-08-29,2280,2300,2220,2230,68134,-0.047008547008547064
2022-08-30,2230,2250,2215,2225,35286,-0.0022421524663677195
2022-08-31,2195,2255,2170,2215,52362,-0.004494382022471877
2022-09-01,2190,2200,2125,2130,88770,-0.038374717832957095
2022-09-02,2130,2145,2100,2115,53370,-0.007042253521126751
2022-09-05,2095,2125,2060,2090,72547,-0.011820330969267157
2022-09-06,2065,2130,2065,2130,36329,0.019138755980861344
2022-09-07,2150,2150,2080,2100,28535,-0.014084507042253502
2022-09-08,2120,2150,2060,2060,52312,-0.01904761904761909
2022-09-13,2095,2135,2090,2135,30057,0.03640776699029136
2022-09-14,2050,2120,2045,2115,39768,-0.00936768149882905
2022-09-15,2115,2130,2085,2115,46906,0.0
2022-09-16,2115,2115,2055,2075,48174,-0.01891252955082745
2022-09-19,2075,2075,2010,2030,78187,-0.02168674698795181
2022-09-20,2055,2110,2020,2080,70882,0.024630541871921263
2022-09-21,2035,2205,2030,2160,364143,0.03846153846153855
2022-09-22,2160,2200,2125,2150,155183,-0.00462962962962965
2022-09-23,2115,2150,2025,2030,116791,-0.05581395348837215
2022-09-26,2030,2055,1835,1860,136628,-0.08374384236453203
2022-09-27,1805,1855,1780,1815,141200,-0.024193548387096753
2022-09-28,1795,1820,1660,1710,128552,-0.05785123966942152
2022-09-29,1710,2220,1710,1950,4948014,0.14035087719298245
2022-09-30,2090,2090,1840,1855,703762,-0.04871794871794877
2022-10-04,1860,2140,1860,2025,1856816,0.09164420485175206
2022-10-05,2030,2065,1895,1955,340742,-0.03456790123456788
2022-10-06,1975,2045,1945,2000,330173,0.023017902813299296
2022-10-07,1980,2000,1950,1965,103300,-0.01749999999999996
2022-10-11,1940,1940,1825,1835,114572,-0.0661577608142494
2022-10-12,1800,1820,1765,1820,100502,-0.008174386920980936
2022-10-13,1790,1795,1725,1730,69265,-0.0494505494505495
2022-10-14,1750,1810,1750,1810,79106,0.046242774566473965
2022-10-17,1790,1815,1735,1785,106687,-0.013812154696132617
2022-10-18,1810,1920,1810,1870,383968,0.04761904761904767
2022-10-19,1875,1890,1825,1840,113031,-0.016042780748663055
2022-10-20,1890,1955,1805,1805,293819,-0.01902173913043481
2022-10-21,1785,1805,1750,1760,77515,-0.024930747922437657
2022-10-24,1775,1830,1775,1800,69974,0.022727272727272707
2022-10-25,1805,1840,1785,1800,49899,0.0
2022-10-26,1820,1825,1755,1765,81762,-0.019444444444444486
2022-10-27,1790,1830,1765,1800,67214,0.019830028328611915
2022-10-28,1780,1800,1770,1780,42278,-0.011111111111111072
2022-10-31,1800,1805,1755,1790,48679,0.00561797752808979
2022-11-01,1800,1835,1775,1825,60370,0.019553072625698276
2022-11-02,1825,1835,1800,1810,50798,-0.008219178082191747
2022-11-03,1755,1800,1750,1800,40180,-0.0055248618784530246
2022-11-04,1795,1810,1750,1805,52839,0.002777777777777768
2022-11-07,1810,1835,1790,1815,86628,0.005540166204986097
2022-11-08,1820,2290,1820,2230,10535366,0.2286501377410468
2022-11-09,2275,2675,2230,2450,16879697,0.09865470852017943
2022-11-10,2450,2575,2390,2405,3471453,-0.01836734693877551
2022-11-11,2490,2505,2410,2425,1748521,0.008316008316008316
2022-11-14,2410,2510,2405,2465,1490043,0.016494845360824684
2022-11-15,2530,2580,2450,2450,2948214,-0.006085192697768749
2022-11-16,2450,2455,2350,2405,543134,-0.01836734693877551
2022-11-17,2400,2405,2310,2325,263096,-0.033264033264033266
2022-11-18,2310,2370,2255,2275,268018,-0.021505376344086002
2022-11-21,2275,2295,2230,2250,205516,-0.01098901098901095
2022-11-22,2290,2380,2250,2255,441871,0.0022222222222221255
2022-11-23,2260,2355,2250,2340,320416,0.037694013303769314
2022-11-24,2330,2340,2275,2310,179947,-0.012820512820512775
2022-11-25,2310,2495,2275,2340,1805600,0.01298701298701288
2022-11-28,2335,2335,2225,2235,249275,-0.04487179487179482
2022-11-29,2235,2255,2150,2235,195035,0.0
2022-11-30,2235,2275,2210,2275,166806,0.017897091722595126
2022-12-01,2325,2330,2260,2290,141358,0.00659340659340657
2022-12-02,2295,2305,2225,2225,143967,-0.028384279475982543
2022-12-05,2230,2265,2210,2265,126619,0.01797752808988773
2022-12-06,2240,2240,2170,2195,135796,-0.030905077262693204
2022-12-07,2195,2195,2115,2150,122013,-0.02050113895216399
2022-12-08,2170,2170,2110,2110,72239,-0.018604651162790753
2022-12-09,2110,2140,2100,2140,74432,0.014218009478673022
2022-12-12,2145,2190,2145,2155,77089,0.007009345794392496
2022-12-13,2155,2185,2135,2135,79870,-0.009280742459396807
2022-12-14,2135,2185,2135,2185,77084,0.023419203747072626
2022-12-15,2160,2210,2155,2165,53339,-0.009153318077803174
2022-12-16,2160,2185,2115,2175,53731,0.004618937644341736
2022-12-19,2155,2175,2130,2155,63719,-0.00919540229885063
2022-12-20,2135,2155,2075,2080,111012,-0.03480278422273786
2022-12-21,2065,2085,2030,2045,88839,-0.016826923076923128
2022-12-22,2045,2135,2045,2100,63692,0.02689486552567244
2022-12-23,2080,2080,2000,2020,86173,-0.03809523809523807
2022-12-26,2020,2020,1955,1955,76404,-0.03217821782178221
2022-12-27,1935,2045,1935,2010,96549,0.028132992327365658
2022-12-28,2035,2155,2030,2030,350718,0.00995024875621886
2022-12-29,2000,2010,1925,1930,95200,-0.049261083743842415
2023-01-02,1920,1940,1875,1875,89964,-0.02849740932642486
2023-01-03,1850,2035,1850,1890,423019,0.008000000000000007
2023-01-04,1890,1980,1840,1980,100204,0.04761904761904767
2023-01-05,1980,1995,1945,1970,69420,-0.005050505050505083
2023-01-06,1950,2020,1950,1990,91028,0.010152284263959421
2023-01-09,2055,2060,2010,2030,78321,0.0201005025125629
2023-01-10,2055,2065,2020,2060,61475,0.014778325123152802
2023-01-11,2055,2405,2055,2155,4676139,0.04611650485436902
2023-01-12,2145,2200,2125,2125,412426,-0.0139211136890951
2023-01-13,2130,2190,2130,2150,232077,0.0117647058823529
2023-01-16,2150,2620,2150,2545,21970418,0.1837209302325582
2023-01-17,2580,2600,2450,2450,2805915,-0.037328094302554016
2023-01-18,2455,2540,2415,2500,2032583,0.020408163265306145
2023-01-19,2435,2470,2355,2420,734043,-0.03200000000000003
2023-01-20,2380,2470,2380,2470,1069495,0.02066115702479343
2023-01-25,2710,2770,2525,2560,7627258,0.036437246963562764
2023-01-26,2595,2625,2490,2500,1061760,-0.0234375
2023-01-27,2550,2960,2540,2770,18898804,0.1080000000000001
2023-01-30,2755,2805,2695,2730,1291779,-0.014440433212996373
2023-01-31,2670,2840,2645,2700,1727202,-0.01098901098901095
2023-02-01,2645,2675,2565,2595,1052458,-0.03888888888888886
2023-02-02,2595,2690,2595,2615,608620,0.007707129094412402
2023-02-03,2645,2655,2570,2600,519598,-0.005736137667303964
2023-02-06,2655,2820,2470,2520,8389518,-0.03076923076923077
2023-02-07,2560,2680,2540,2620,1540932,0.039682539682539764
2023-02-08,2645,2820,2625,2820,4727349,0.07633587786259532
2023-02-09,2780,3200,2700,2990,15491854,0.06028368794326244
2023-02-10,2975,3200,2710,2730,7060972,-0.08695652173913049
2023-02-13,2680,2700,2565,2585,1089442,-0.05311355311355315
2023-02-14,2600,2950,2595,2790,6325984,0.079303675048356
2023-02-15,2840,2970,2630,2690,3713971,-0.03584229390681004
2023-02-16,2695,2930,2655,2850,4792158,0.059479553903345694
2023-02-17,2780,2880,2680,2750,1873582,-0.03508771929824561
2023-02-20,2705,2720,2545,2600,843785,-0.054545454545454564
2023-02-21,2600,2605,2525,2560,414647,-0.01538461538461533
2023-02-22,2540,2615,2510,2575,425960,0.005859375
2023-02-23,2600,2635,2550,2590,350475,0.005825242718446644
2023-02-24,2580,2590,2455,2520,492437,-0.027027027027026973
2023-02-27,2500,2520,2435,2490,192078,-0.011904761904761862
2023-02-28,2525,2560,2505,2555,279544,0.026104417670682833
2023-03-02,2575,2580,2460,2515,352403,-0.015655577299412915
2023-03-03,2515,2535,2480,2490,187465,-0.00994035785288272
2023-03-06,2490,2535,2465,2520,339978,0.012048192771084265
2023-03-07,2500,2510,2445,2445,267039,-0.029761904761904767
2023-03-08,2445,2455,2380,2440,218786,-0.002044989775051076
2023-03-09,2405,2420,2315,2355,445260,-0.0348360655737705
2023-03-10,2300,2330,2265,2315,186275,-0.01698513800424628
2023-03-13,2315,2315,2210,2315,172453,0.0
2023-03-14,2295,2305,2185,2185,228303,-0.056155507559395246
2023-03-15,2200,2265,2200,2235,120504,0.022883295194507935
2023-03-16,2220,2240,2140,2180,144597,-0.02460850111856827
2023-03-17,2200,2280,2200,2260,145280,0.03669724770642202
2023-03-20,2260,2315,2230,2265,124169,0.0022123893805310324
2023-03-21,2275,2325,2275,2290,156688,0.011037527593819041
2023-03-22,2295,2315,2250,2275,158030,-0.0065502183406113135
2023-03-23,2240,2270,2190,2195,143167,-0.03516483516483515
