Date,Open,High,Low,Close,Volume,Change
2015-01-02,16850,16900,16350,16600,34753,-0.017751479289940808
2015-01-05,16600,16750,16000,16050,74168,-0.033132530120481896
2015-01-06,15700,16250,15650,16050,54440,0.0
2015-01-07,15900,16150,15650,15650,67435,-0.024922118380062308
2015-01-08,15950,16200,15700,15750,43071,0.006389776357827559
2015-01-09,15800,16050,15750,16050,57364,0.01904761904761898
2015-01-12,15900,16000,15550,15750,80934,-0.01869158878504673
2015-01-13,15700,15700,14850,14900,157653,-0.053968253968254
2015-01-14,15000,15100,14300,14400,150720,-0.03355704697986572
2015-01-15,14300,14700,14250,14550,72862,0.01041666666666674
2015-01-16,14400,14600,13950,14150,77702,-0.027491408934707917
2015-01-19,14450,14650,14100,14550,59822,0.028268551236749095
2015-01-20,14700,15250,14500,14500,112787,-0.0034364261168384758
2015-01-21,14600,14650,14150,14350,37854,-0.010344827586206917
2015-01-22,14500,14850,14450,14500,49289,0.010452961672473782
2015-01-23,14850,14850,14500,14500,29266,0.0
2015-01-26,14700,14700,14200,14550,67157,0.0034482758620688614
2015-01-27,14550,14850,14500,14650,56218,0.0068728522336769515
2015-01-28,14700,14850,14400,14850,85530,0.013651877133105783
2015-01-29,14800,15300,14650,14900,133079,0.0033670033670034627
2015-01-30,15100,15200,14700,14750,93036,-0.010067114093959773
2015-02-02,14850,15450,14800,15000,151763,0.016949152542372836
2015-02-03,15050,15350,14650,14800,112108,-0.013333333333333308
2015-02-04,15100,15500,14850,15500,147395,0.04729729729729737
2015-02-05,15350,15600,15300,15550,63093,0.003225806451612856
2015-02-06,15550,15650,15250,15450,46363,-0.006430868167202619
2015-02-09,15300,15350,14950,15100,92784,-0.02265372168284785
2015-02-10,15100,15250,14800,14850,63636,-0.01655629139072845
2015-02-11,14900,15200,14650,15200,93584,0.023569023569023573
2015-02-12,15200,15200,14650,14850,92086,-0.023026315789473673
2015-02-13,14950,15000,14600,14800,109038,-0.0033670033670033517
2015-02-16,14900,14900,14700,14850,87022,0.0033783783783782884
2015-02-17,14950,14950,14450,14600,115782,-0.01683501683501687
2015-02-23,14700,14800,14600,14650,89133,0.003424657534246478
2015-02-24,14800,15400,14750,15350,140926,0.04778156996587035
2015-02-25,15550,16450,15350,16400,335460,0.0684039087947883
2015-02-26,16550,16600,16200,16550,124206,0.009146341463414531
2015-02-27,16100,16200,15400,15500,280731,-0.06344410876132933
2015-03-02,15600,16500,15450,16500,217009,0.06451612903225801
2015-03-03,16650,16750,16250,16550,149128,0.003030303030302939
2015-03-04,16500,16650,16150,16150,88558,-0.024169184290030232
2015-03-05,16150,16450,16000,16100,60196,-0.003095975232198178
2015-03-06,16150,16500,16100,16500,77580,0.024844720496894457
2015-03-09,16800,17050,16050,16200,195570,-0.018181818181818188
2015-03-10,16100,16300,15550,15600,163819,-0.03703703703703709
2015-03-11,15350,15750,15250,15650,59628,0.0032051282051281937
2015-03-12,15700,15700,15400,15500,57932,-0.009584664536741228
2015-03-13,15650,15700,15400,15550,49176,0.003225806451612856
2015-03-16,15550,15600,15100,15100,93476,-0.02893890675241162
2015-03-17,15300,15450,15000,15300,65405,0.013245033112582849
2015-03-18,15300,15450,15050,15100,61428,-0.013071895424836555
2015-03-19,15200,15600,15050,15250,129031,0.009933774834437026
2015-03-20,15300,15400,14800,14850,124056,-0.02622950819672132
2015-03-23,15000,15150,14900,15050,69377,0.013468013468013407
2015-03-24,15100,15450,15050,15200,101305,0.009966777408637828
2015-03-25,15250,15300,14950,15050,133702,-0.009868421052631526
2015-03-26,14950,15000,14650,14800,132523,-0.01661129568106312
2015-03-27,14800,15050,14700,14850,114026,0.0033783783783782884
2015-03-30,14850,14950,14550,14800,67321,-0.0033670033670033517
2015-03-31,14800,14850,14550,14650,122524,-0.010135135135135087
2015-04-01,14700,14700,14300,14600,93905,-0.0034129692832765013
2015-04-02,14500,14750,14400,14550,75888,-0.003424657534246589
2015-04-03,14700,14850,14650,14800,42356,0.01718213058419238
2015-04-06,15000,15300,14750,15200,113984,0.027027027027026973
2015-04-07,15450,15450,15250,15350,109040,0.009868421052631637
2015-04-08,15450,15550,15150,15450,141855,0.006514657980456029
2015-04-09,15500,15500,15200,15450,78448,0.0
2015-04-10,15550,16050,15550,16000,202739,0.03559870550161803
2015-04-13,16150,16500,16000,16400,218909,0.02499999999999991
2015-04-14,16400,16800,16150,16300,159872,-0.0060975609756097615
2015-04-15,16350,16450,16100,16300,93821,0.0
2015-04-16,16550,17000,16300,17000,209225,0.042944785276073594
2015-04-17,17050,17150,16450,16500,164867,-0.02941176470588236
2015-04-20,16250,16450,16100,16250,100079,-0.015151515151515138
2015-04-21,16400,16450,16150,16200,93977,-0.003076923076923088
2015-04-22,16300,16300,15400,15800,206451,-0.024691358024691357
2015-04-23,15900,16250,15600,16000,176828,0.012658227848101333
2015-04-24,16000,16550,15700,15850,201878,-0.009375000000000022
2015-04-27,15950,16250,15900,16050,72242,0.012618296529968376
2015-04-28,16150,16600,16050,16150,163888,0.006230529595015577
2015-04-29,16200,16400,16050,16400,143360,0.015479876160990669
2015-04-30,16450,16800,16200,16400,131794,0.0
2015-05-04,16450,16500,15850,15950,90570,-0.027439024390243927
2015-05-06,15850,16100,15500,15700,97795,-0.01567398119122254
2015-05-07,15750,15800,15100,15400,90348,-0.019108280254777066
2015-05-08,15450,15600,15200,15600,72317,0.01298701298701288
2015-05-11,15800,15900,15600,15650,68573,0.0032051282051281937
2015-05-12,15500,16700,15450,16600,224824,0.060702875399361034
2015-05-13,16600,17500,16500,16900,400040,0.01807228915662651
2015-05-14,17050,17150,16600,17050,169167,0.008875739644970349
2015-05-15,17050,17100,16500,16600,126424,-0.02639296187683282
2015-05-18,15750,15750,14650,15550,355496,-0.06325301204819278
2015-05-19,15400,16000,15350,15700,196340,0.009646302250803762
2015-05-20,15550,15650,14850,14850,259813,-0.05414012738853502
2015-05-21,14850,14950,14500,14800,148686,-0.0033670033670033517
2015-05-22,14950,15150,14800,15000,139521,0.013513513513513598
2015-05-26,15000,15050,14700,14750,103007,-0.01666666666666672
2015-05-27,14650,14700,14450,14500,91818,-0.016949152542372836
2015-05-28,14550,14600,14200,14200,95992,-0.020689655172413834
2015-05-29,14200,14550,14050,14500,87442,0.021126760563380254
2015-06-01,14100,14500,13300,13350,264710,-0.07931034482758625
2015-06-02,13400,13450,12250,12400,430466,-0.07116104868913853
2015-06-03,12250,12750,11950,12450,192214,0.0040322580645162365
2015-06-04,12400,12800,12300,12450,174791,0.0
2015-06-05,12300,12350,11850,12000,170424,-0.03614457831325302
2015-06-08,11850,12300,11850,12300,79204,0.02499999999999991
2015-06-09,12200,12350,11950,12000,111141,-0.024390243902439046
2015-06-10,12100,12650,12050,12500,109489,0.04166666666666674
2015-06-11,12600,12750,12400,12550,105417,0.0040000000000000036
2015-06-12,12550,12900,12450,12550,71821,0.0
2015-06-15,12550,12550,12200,12200,68932,-0.027888446215139417
2015-06-16,12150,12400,12100,12200,56244,0.0
2015-06-17,12300,12300,12000,12300,39017,0.008196721311475308
2015-06-18,12400,12600,12250,12350,49298,0.004065040650406582
2015-06-19,12400,12500,12200,12300,46555,-0.004048582995951455
2015-06-22,12350,12500,12300,12400,60983,0.008130081300812941
2015-06-23,12550,12850,12400,12750,92708,0.02822580645161299
2015-06-24,12850,13000,12650,12700,71171,-0.0039215686274509665
2015-06-25,12650,12750,12450,12550,73389,-0.011811023622047223
2015-06-26,12550,12650,12300,12300,74973,-0.019920318725099584
2015-06-29,12100,12150,11550,11600,177667,-0.05691056910569103
2015-06-30,11500,11700,11350,11700,87439,0.008620689655172376
2015-07-01,11700,11900,11500,11800,76623,0.008547008547008517
2015-07-02,11850,11900,11450,11550,119508,-0.021186440677966156
2015-07-03,11600,11750,11450,11500,87360,-0.0043290043290042934
2015-07-06,11250,11400,11050,11050,89216,-0.03913043478260869
2015-07-07,11100,11300,11000,11150,115996,0.009049773755656076
2015-07-08,11150,11400,11050,11300,66103,0.013452914798206317
2015-07-09,11150,11200,10900,11150,100984,-0.013274336283185861
2015-07-10,11200,11200,10800,11100,90236,-0.004484304932735439
2015-07-13,11100,11250,10950,11200,47799,0.009009009009008917
2015-07-14,11300,11750,11150,11550,99732,0.03125
2015-07-15,11650,11850,11400,11550,84807,0.0
2015-07-16,11600,11700,11400,11550,40172,0.0
2015-07-17,11700,11700,11250,11350,52314,-0.017316017316017285
2015-07-20,11400,11500,11000,11200,81562,-0.013215859030836996
2015-07-21,11200,11550,11050,11500,56084,0.02678571428571419
2015-07-22,11600,11600,11200,11400,35809,-0.008695652173912993
2015-07-23,11350,11400,11250,11250,49982,-0.013157894736842146
2015-07-24,11250,11250,10850,10850,89194,-0.03555555555555556
2015-07-27,10800,11100,10600,11100,35922,0.02304147465437789
2015-07-28,10900,11100,10800,10900,56832,-0.018018018018018056
2015-07-29,10950,11000,10750,10800,46686,-0.00917431192660545
2015-07-30,10800,10900,10500,10500,61445,-0.02777777777777779
2015-07-31,10400,10600,10100,10400,80042,-0.00952380952380949
2015-08-03,10350,10400,10100,10200,57426,-0.019230769230769273
2015-08-04,10050,10250,10050,10200,68578,0.0
2015-08-05,10250,10600,10200,10500,59975,0.02941176470588225
2015-08-06,10600,10650,10300,10500,53595,0.0
2015-08-07,10400,10650,10400,10650,31631,0.014285714285714235
2015-08-10,10650,10650,10350,10500,32081,-0.014084507042253502
2015-08-11,10550,10650,10400,10600,30689,0.00952380952380949
2015-08-12,10450,10600,10150,10300,63333,-0.028301886792452824
2015-08-13,10350,10500,10200,10500,59745,0.01941747572815533
2015-08-17,10550,10700,10200,10350,76762,-0.014285714285714235
2015-08-18,10400,10450,10300,10400,41524,0.004830917874396157
2015-08-19,10250,10400,9990,10200,97465,-0.019230769230769273
2015-08-20,10100,10250,10050,10050,38831,-0.014705882352941124
2015-08-21,9600,9760,9300,9350,145420,-0.06965174129353235
2015-08-24,9350,9600,9160,9250,87884,-0.010695187165775444
2015-08-25,9250,9560,9200,9470,91716,0.023783783783783763
2015-08-26,9460,10050,9380,9980,106792,0.05385427666314668
2015-08-27,10050,10200,9850,10100,66767,0.012024048096192397
2015-08-28,10150,10400,10150,10350,31668,0.024752475247524774
2015-08-31,10200,10500,10200,10400,30621,0.004830917874396157
2015-09-01,10400,10500,10200,10350,22620,-0.004807692307692291
2015-09-02,10200,10350,10100,10350,29706,0.0
2015-09-03,10450,10500,10400,10450,20907,0.009661835748792313
2015-09-04,10500,10700,10350,10350,50529,-0.009569377990430672
2015-09-07,10250,10350,10100,10250,15435,-0.009661835748792313
2015-09-08,10250,10350,9990,10200,26653,-0.004878048780487809
2015-09-09,10450,10500,10200,10500,32667,0.02941176470588225
2015-09-10,10400,10750,10350,10750,29154,0.023809523809523725
2015-09-11,10750,10900,10500,10750,21673,0.0
2015-09-14,10600,10750,10500,10650,17163,-0.009302325581395321
2015-09-15,10700,10700,10300,10500,26769,-0.014084507042253502
2015-09-16,10550,10950,10500,10850,65728,0.03333333333333344
2015-09-17,11000,11150,10900,11000,42797,0.01382488479262678
2015-09-18,11000,11100,10800,11050,27698,0.00454545454545463
2015-09-21,11050,11050,10650,10850,26925,-0.018099547511312264
2015-09-22,10850,10950,10450,10900,20224,0.004608294930875667
2015-09-23,10800,10800,10450,10500,31821,-0.03669724770642202
2015-09-24,10700,10700,10250,10450,55222,-0.004761904761904745
2015-09-25,10450,10700,10400,10700,26040,0.02392344497607657
2015-09-30,10650,10650,10350,10550,21745,-0.014018691588784993
2015-10-01,10750,10950,10550,10900,39339,0.033175355450236976
2015-10-02,10950,11000,10750,10850,30281,-0.004587155963302725
2015-10-05,10850,10950,10600,10750,46480,-0.009216589861751112
2015-10-06,10800,10900,10600,10700,21850,-0.0046511627906976605
2015-10-07,10700,10800,10450,10600,16080,-0.009345794392523366
2015-10-08,10850,11050,10600,10950,80586,0.03301886792452824
2015-10-12,11300,12150,11250,11700,171177,0.06849315068493156
2015-10-13,11700,11800,11450,11650,53954,-0.004273504273504258
2015-10-14,11550,11950,11400,11800,57865,0.012875536480686733
2015-10-15,11800,11850,11550,11750,53669,-0.004237288135593209
2015-10-16,11750,11800,11350,11500,42560,-0.021276595744680882
2015-10-19,11500,11650,11350,11400,22784,-0.008695652173912993
2015-10-20,11300,11400,11100,11300,28364,-0.00877192982456143
2015-10-21,11200,11500,11150,11450,38605,0.01327433628318575
2015-10-22,11550,11550,11000,11100,56145,-0.03056768558951961
2015-10-23,11350,11350,11050,11200,29494,0.009009009009008917
2015-10-26,11350,11350,11050,11150,26103,-0.004464285714285698
2015-10-27,11150,11150,10800,10800,50675,-0.03139013452914796
2015-10-28,10900,10900,10550,10700,32142,-0.0092592592592593
2015-10-29,10800,10800,10450,10600,45875,-0.009345794392523366
2015-10-30,10500,10750,10200,10350,48014,-0.02358490566037741
2015-11-02,10350,10400,10200,10300,23077,-0.004830917874396157
2015-11-03,10350,10550,10300,10500,16223,0.01941747572815533
2015-11-04,10550,10650,10450,10600,13560,0.00952380952380949
2015-11-05,10550,10600,10250,10500,29074,-0.009433962264150941
2015-11-06,10300,10400,10200,10200,53189,-0.02857142857142858
2015-11-09,10150,10250,10000,10100,39517,-0.009803921568627416
2015-11-10,10000,10100,9790,9910,48072,-0.01881188118811883
2015-11-11,9810,10150,9810,10150,20081,0.024217961654894093
2015-11-12,10150,10150,9950,10150,19249,0.0
2015-11-13,10000,10100,9840,9980,32089,-0.016748768472906406
2015-11-16,9810,10350,9780,9900,28318,-0.008016032064128265
2015-11-17,9920,10050,9870,9980,19295,0.008080808080808133
2015-11-18,10000,10000,9760,9840,33148,-0.014028056112224463
2015-11-19,9940,10000,9780,9860,25332,0.00203252032520318
2015-11-20,10000,10050,9880,10050,21488,0.01926977687626774
2015-11-23,9970,10150,9930,9970,42011,-0.007960199004975133
2015-11-24,9970,10100,9950,9980,30507,0.0010030090270811698
2015-11-25,10000,10100,9880,9940,38322,-0.004008016032064132
2015-11-26,9980,10100,9820,10000,43631,0.006036217303822866
2015-11-27,10050,10100,9920,9950,35462,-0.0050000000000000044
2015-11-30,9990,9990,9650,9650,107238,-0.03015075376884424
2015-12-01,9640,9910,9640,9870,22944,0.022797927461139844
2015-12-02,9900,9920,9770,9780,20334,-0.00911854103343468
2015-12-03,9820,9820,9670,9800,16146,0.002044989775051187
2015-12-04,9740,9820,9690,9800,11979,0.0
2015-12-07,9940,9940,9570,9580,45762,-0.022448979591836782
2015-12-08,9580,9780,9440,9530,33855,-0.005219206680584509
2015-12-09,9550,9680,9420,9440,22758,-0.009443861490031513
2015-12-10,9440,9530,9300,9440,16971,0.0
2015-12-11,9560,9560,9210,9210,61338,-0.024364406779661008
2015-12-14,9170,9440,8700,8740,96683,-0.05103148751357223
2015-12-15,8730,8830,8600,8780,30010,0.004576659038901587
2015-12-16,8830,8950,8800,8950,48596,0.019362186788154823
2015-12-17,9000,9450,9000,9450,41704,0.05586592178770955
2015-12-18,9350,9490,9300,9490,16382,0.004232804232804144
2015-12-21,9490,9680,9350,9500,11504,0.0010537407797681642
2015-12-22,9500,9540,9400,9500,17511,0.0
2015-12-23,9500,9840,9480,9760,36208,0.027368421052631486
2015-12-24,9810,9830,9680,9750,12325,-0.0010245901639344135
2015-12-28,9740,9810,9660,9690,18306,-0.006153846153846176
2015-12-29,9620,9870,9610,9860,24878,0.01754385964912286
2015-12-30,9870,9950,9750,9750,23444,-0.011156186612576113
2016-01-04,9710,9830,9270,9450,53295,-0.03076923076923077
2016-01-05,9420,9540,9300,9490,15974,0.004232804232804144
2016-01-06,9560,9590,9400,9580,19239,0.0094836670179137
2016-01-07,9580,9580,9340,9400,23486,-0.018789144050104345
2016-01-08,9350,9390,9110,9280,31955,-0.012765957446808529
2016-01-11,9260,9260,9020,9100,23336,-0.0193965517241379
2016-01-12,9040,9230,9040,9170,15398,0.007692307692307665
2016-01-13,9170,9250,9100,9200,27054,0.0032715376226826187
2016-01-14,9110,9170,8800,9040,60463,-0.017391304347826098
2016-01-15,9100,9120,8890,8950,30627,-0.009955752212389424
2016-01-18,8890,8990,8810,8940,18905,-0.0011173184357542443
2016-01-19,9000,9000,8770,8860,26394,-0.008948545861297563
2016-01-20,8880,8990,8530,8700,51227,-0.018058690744920947
2016-01-21,8570,8750,8250,8250,103371,-0.051724137931034475
2016-01-22,8260,8370,8210,8360,75698,0.01333333333333342
2016-01-25,8450,8760,8320,8750,50238,0.046650717703349276
2016-01-26,8640,8670,8440,8660,45280,-0.010285714285714231
2016-01-27,8660,8800,8630,8730,31483,0.008083140877598094
2016-01-28,8730,8790,8600,8790,12349,0.0068728522336769515
2016-01-29,8730,9170,8690,9100,89921,0.03526734926052333
2016-02-01,9100,9180,8970,9040,54258,-0.00659340659340657
2016-02-02,9070,9280,8960,9120,60576,0.008849557522123908
2016-02-03,9110,9190,8970,9170,43316,0.005482456140350811
2016-02-04,9240,9470,9180,9400,82012,0.025081788440566966
2016-02-05,9460,9460,9270,9370,40785,-0.0031914893617021045
2016-02-11,9000,9140,8960,9100,36677,-0.028815368196371427
2016-02-12,9010,9080,8770,9080,34172,-0.00219780219780219
2016-02-15,9080,9600,9040,9540,94230,0.05066079295154191
2016-02-16,9650,9670,9430,9660,38074,0.012578616352201255
2016-02-17,9660,9670,9310,9470,44642,-0.019668737060041352
2016-02-18,9490,9800,9490,9680,68871,0.022175290390707536
2016-02-19,9680,9890,9640,9720,34344,0.004132231404958775
2016-02-22,9830,10200,9740,10100,85275,0.039094650205761416
2016-02-23,10150,10400,10000,10300,61068,0.01980198019801982
2016-02-24,10300,10550,10150,10300,60210,0.0
2016-02-25,10400,10500,10100,10300,36339,0.0
2016-02-26,10300,10500,10050,10350,55050,0.004854368932038833
2016-02-29,10400,10550,10250,10550,37579,0.019323671497584627
2016-03-02,10650,10800,10450,10600,31797,0.004739336492890933
2016-03-03,10600,10900,10500,10700,66873,0.009433962264151052
2016-03-04,10650,10800,10450,10750,57802,0.004672897196261738
2016-03-07,10750,11300,10750,11300,124504,0.051162790697674376
2016-03-08,11400,11550,11000,11350,74000,0.004424778761061843
2016-03-09,11100,11300,11000,11100,48713,-0.022026431718061623
2016-03-10,11100,11250,11000,11000,28115,-0.009009009009009028
2016-03-11,11100,11300,10900,11300,32851,0.027272727272727337
2016-03-14,11400,11500,11050,11200,68632,-0.008849557522123908
2016-03-15,11250,11250,11050,11150,19487,-0.004464285714285698
2016-03-16,11050,11100,10550,10700,81156,-0.04035874439461884
2016-03-17,10700,11250,10700,11200,69417,0.04672897196261672
2016-03-18,11250,11450,11200,11200,85283,0.0
2016-03-21,11300,11300,10900,11100,41047,-0.008928571428571397
2016-03-22,11150,11200,10950,11150,46698,0.0045045045045044585
2016-03-23,11150,11200,11000,11150,26015,0.0
2016-03-24,11100,11150,10600,10800,62953,-0.03139013452914796
2016-03-25,10650,10700,10350,10500,75207,-0.02777777777777779
2016-03-28,10400,10550,10200,10550,46398,0.004761904761904745
2016-03-29,10450,10650,10250,10350,57977,-0.018957345971563955
2016-03-30,10450,10650,10450,10600,49906,0.024154589371980784
2016-03-31,10600,10800,10550,10650,19690,0.004716981132075526
2016-04-01,10550,10700,10450,10600,25845,-0.0046948356807511304
2016-04-04,10650,10750,10350,10500,36439,-0.009433962264150941
2016-04-05,10500,10500,10300,10400,49053,-0.00952380952380949
2016-04-06,10350,10750,10350,10700,79468,0.028846153846153744
2016-04-07,10750,10900,10750,10750,30333,0.004672897196261738
2016-04-08,10600,10900,10400,10900,40887,0.013953488372093092
2016-04-11,10900,10950,10600,10900,30302,0.0
2016-04-12,10800,11000,10600,10750,60621,-0.013761467889908285
2016-04-14,10950,11350,10850,11300,171364,0.051162790697674376
2016-04-15,11350,11350,11100,11250,85901,-0.004424778761061954
2016-04-18,11100,11200,10850,11000,110871,-0.022222222222222254
2016-04-19,10950,11300,10800,11050,97350,0.00454545454545463
2016-04-20,11050,11250,11000,11150,71251,0.009049773755656076
2016-04-21,11250,11300,11050,11300,79588,0.013452914798206317
2016-04-22,11250,11400,11100,11200,88213,-0.008849557522123908
2016-04-25,11250,11300,10850,11000,73251,-0.017857142857142905
2016-04-26,11000,11000,10700,10900,54974,-0.009090909090909038
2016-04-27,11050,11050,10800,10900,33859,0.0
2016-04-28,11000,11100,10850,10900,53070,0.0
2016-04-29,10850,10950,10750,10800,31578,-0.00917431192660545
2016-05-02,10900,10950,10550,10600,42893,-0.01851851851851849
2016-05-03,10500,10650,10450,10600,18521,0.0
2016-05-04,10500,10500,10300,10450,47118,-0.014150943396226467
2016-05-09,10450,10500,10000,10050,60596,-0.038277511961722466
2016-05-10,10000,10200,10000,10150,23668,0.00995024875621886
2016-05-11,10300,10300,10100,10250,23012,0.009852216748768461
2016-05-12,10200,10250,10000,10150,41775,-0.009756097560975618
2016-05-13,10200,10200,9780,9800,92703,-0.03448275862068961
2016-05-16,9790,9920,9600,9770,29982,-0.003061224489795955
2016-05-17,9800,9890,9580,9580,81018,-0.019447287615148467
2016-05-18,9580,9680,9550,9580,20201,0.0
2016-05-19,9550,9690,9420,9420,36336,-0.01670146137787054
2016-05-20,9470,9470,9200,9340,33840,-0.00849256900212314
2016-05-23,9340,9540,9290,9510,19517,0.01820128479657379
2016-05-24,9490,9550,9360,9370,29498,-0.014721345951629883
2016-05-25,9400,9510,9400,9450,13714,0.008537886872998834
2016-05-26,9460,9500,9260,9300,37701,-0.015873015873015928
2016-05-27,9220,9410,9210,9380,21617,0.008602150537634357
2016-05-30,9380,9380,9150,9240,58982,-0.014925373134328401
2016-05-31,9300,9330,9160,9330,16912,0.009740259740259827
2016-06-01,9360,9420,9270,9360,15518,0.003215434083601254
2016-06-02,9360,9400,9250,9350,18051,-0.0010683760683760646
2016-06-03,9350,9380,9200,9340,49804,-0.0010695187165775666
2016-06-07,9290,9690,9290,9480,69204,0.01498929336188426
2016-06-08,9600,9710,9440,9590,34967,0.011603375527426074
2016-06-09,9610,9750,9590,9650,33349,0.006256517205422307
2016-06-10,9510,9680,9510,9630,17523,-0.002072538860103612
2016-06-13,9620,9780,9490,9630,34882,0.0
2016-06-14,9700,9700,9330,9420,19743,-0.02180685358255452
2016-06-15,9390,9490,9330,9390,11023,-0.0031847133757961776
2016-06-16,9360,9500,9310,9310,10939,-0.008519701810436597
2016-06-17,9350,9470,9310,9450,17003,0.015037593984962516
2016-06-20,9550,9580,9450,9560,8937,0.011640211640211673
2016-06-21,9600,9740,9500,9740,27969,0.01882845188284521
2016-06-22,9740,9920,9710,9920,32432,0.01848049281314168
2016-06-23,9960,9960,9730,9750,9691,-0.017137096774193505
2016-06-24,9810,9820,9100,9340,48429,-0.04205128205128206
2016-06-27,9110,9330,9020,9230,65511,-0.011777301927194839
2016-06-28,9220,9270,9050,9200,25495,-0.00325027085590468
2016-06-29,9350,9490,9270,9370,22527,0.018478260869565277
2016-06-30,9550,9550,9310,9370,48432,0.0
2016-07-01,9490,9640,9390,9550,10796,0.019210245464247544
2016-07-04,9640,10100,9640,10050,78474,0.05235602094240832
2016-07-05,10200,11200,10150,10900,284059,0.08457711442786064
2016-07-06,10800,10950,10400,10500,76990,-0.03669724770642202
2016-07-07,10550,10900,10550,10750,67766,0.023809523809523725
2016-07-08,10750,10800,10450,10550,47863,-0.018604651162790753
2016-07-11,10600,10900,10550,10850,45858,0.028436018957346043
2016-07-12,10900,11100,10650,10950,70848,0.009216589861751112
2016-07-13,11000,11450,10950,11000,178473,0.004566210045662045
2016-07-14,11100,11600,11100,11300,153514,0.027272727272727337
2016-07-15,11350,11600,10850,11050,65297,-0.02212389380530977
2016-07-18,11100,11150,10700,11100,41957,0.004524886877828038
2016-07-19,11150,11350,10850,10950,59618,-0.013513513513513487
2016-07-20,11000,11200,10700,10850,27337,-0.0091324200913242
2016-07-21,10950,11150,10800,10950,25170,0.009216589861751112
2016-07-22,10950,11300,10950,11300,56553,0.03196347031963476
2016-07-25,11250,11300,11100,11250,43984,-0.004424778761061954
2016-07-26,11100,11350,11050,11200,40369,-0.004444444444444473
2016-07-27,11250,11600,11100,11250,76299,0.0044642857142858094
2016-07-28,11200,11400,11100,11250,58301,0.0
2016-07-29,11250,12100,11250,11850,309554,0.05333333333333323
2016-08-01,11850,12750,11850,12700,328886,0.07172995780590719
2016-08-02,12800,13400,12550,12600,336427,-0.007874015748031482
2016-08-03,12600,12700,11950,12200,207247,-0.031746031746031744
2016-08-04,12250,12700,11800,12050,172906,-0.012295081967213073
2016-08-05,12050,13150,11850,12650,201269,0.049792531120331995
2016-08-08,12850,12900,12100,12500,124981,-0.011857707509881465
2016-08-09,12300,12550,12250,12300,76930,-0.016000000000000014
2016-08-10,12250,12650,12250,12300,40685,0.0
2016-08-11,12400,13100,12300,13050,273290,0.060975609756097615
2016-08-12,13000,13200,12850,13000,95737,-0.003831417624521105
2016-08-16,13050,13300,12550,12750,138321,-0.019230769230769273
2016-08-17,12850,13100,12150,13000,169730,0.019607843137254832
2016-08-18,13000,13050,12450,12550,102663,-0.0346153846153846
2016-08-19,12600,12950,12550,12550,59125,0.0
2016-08-22,12700,12700,12200,12300,56707,-0.019920318725099584
2016-08-23,12400,12550,12200,12300,52381,0.0
2016-08-24,12300,12650,12300,12600,63879,0.024390243902439046
2016-08-25,12450,12600,11900,12450,89093,-0.011904761904761862
2016-08-26,12300,12550,11850,11850,60771,-0.048192771084337394
2016-08-29,11900,11900,11100,11200,150463,-0.05485232067510548
2016-08-30,11300,11650,11250,11350,94707,0.013392857142857206
2016-08-31,11200,11650,11200,11550,123153,0.017621145374449254
2016-09-01,11450,11850,11450,11700,62026,0.01298701298701288
2016-09-02,11750,11950,11550,11900,54611,0.017094017094017033
2016-09-05,11950,12150,11900,12000,55493,0.008403361344537785
2016-09-06,12050,12150,11750,12050,48320,0.004166666666666652
2016-09-07,12200,12300,11900,12100,62011,0.004149377593360981
2016-09-08,12250,12400,12100,12350,55674,0.02066115702479343
2016-09-09,12300,12400,12050,12200,43515,-0.012145748987854255
2016-09-12,11800,11950,11700,11800,29259,-0.032786885245901676
2016-09-13,11900,12150,11850,12000,33513,0.016949152542372836
2016-09-19,11800,11950,11650,11800,40870,-0.01666666666666672
2016-09-20,11850,12300,11800,12050,51310,0.021186440677966045
2016-09-21,12150,12300,12000,12100,36503,0.004149377593360981
2016-09-22,12100,12300,12100,12150,34146,0.004132231404958775
2016-09-23,12350,12700,12000,12150,55049,0.0
2016-09-26,12250,12250,11750,11750,37735,-0.03292181069958844
2016-09-27,11750,12100,11700,12100,26025,0.029787234042553123
2016-09-28,12400,13150,12350,12450,275559,0.02892561983471076
2016-09-29,12600,12700,12350,12450,55971,0.0
2016-09-30,12400,12950,12150,12200,162365,-0.02008032128514059
2016-10-04,11950,12300,11900,12300,42854,0.008196721311475308
2016-10-05,12100,12350,11900,11950,73649,-0.028455284552845517
2016-10-06,12000,12100,11600,11800,68304,-0.012552301255230103
2016-10-07,11800,11900,11550,11800,38711,0.0
2016-10-10,11650,11900,11600,11750,39233,-0.004237288135593209
2016-10-11,12000,12200,11800,12150,49543,0.03404255319148941
2016-10-12,12250,12450,12150,12400,37892,0.020576131687242816
2016-10-13,12400,12450,12000,12100,58915,-0.024193548387096753
2016-10-14,12050,12250,11900,12250,26745,0.012396694214876103
2016-10-17,12250,12300,11950,12000,27239,-0.020408163265306145
2016-10-18,11950,12200,11850,12200,23974,0.016666666666666607
2016-10-19,12200,12300,11950,12200,25370,0.0
2016-10-20,12200,12250,12050,12250,18599,0.004098360655737654
2016-10-21,12150,12350,12050,12300,30905,0.004081632653061273
2016-10-24,12250,12250,12050,12100,24104,-0.016260162601625994
2016-10-25,12100,12150,11900,12100,33680,0.0
2016-10-26,12150,12150,11600,11950,62356,-0.012396694214875992
2016-10-27,12050,12100,11800,12050,29593,0.008368200836819994
2016-10-28,12150,12150,11900,12150,24365,0.008298755186721962
2016-10-31,12150,12150,11350,11500,83143,-0.053497942386831254
2016-11-01,11300,11600,11300,11600,18440,0.008695652173912993
2016-11-02,11650,11700,11400,11600,45487,0.0
2016-11-03,11700,11700,11500,11650,21652,0.004310344827586299
2016-11-04,11750,11750,11450,11700,28250,0.0042918454935623185
2016-11-07,11800,12000,11800,11950,38989,0.02136752136752129
2016-11-08,12100,12200,11500,11750,72734,-0.01673640167364021
2016-11-09,11700,11800,10450,10850,167967,-0.07659574468085106
2016-11-10,11250,11700,11050,11650,123042,0.07373271889400912
2016-11-11,11750,12600,11600,12450,197602,0.06866952789699576
2016-11-14,12400,12800,12150,12600,110531,0.012048192771084265
2016-11-15,12150,12950,12100,12850,162432,0.01984126984126977
2016-11-16,13050,13050,12500,12800,131532,-0.0038910505836575737
2016-11-17,12800,12800,12200,12200,85427,-0.046875
2016-11-18,12300,12750,12250,12300,116757,0.008196721311475308
2016-11-21,12400,12800,12300,12650,97657,0.028455284552845628
2016-11-22,12750,12900,12350,12700,88100,0.0039525691699604515
2016-11-23,12800,13000,12500,12500,51351,-0.015748031496062964
2016-11-24,12600,12600,12100,12150,104936,-0.028000000000000025
2016-11-25,12250,12400,12000,12200,54790,0.004115226337448652
2016-11-28,12350,12350,12000,12050,48010,-0.012295081967213073
2016-11-29,11900,12000,11500,11700,106159,-0.02904564315352698
2016-11-30,11600,11650,11050,11150,142171,-0.047008547008547064
2016-12-01,11250,11450,10950,11300,48422,0.013452914798206317
2016-12-02,11300,11500,11200,11350,69356,0.004424778761061843
2016-12-05,11450,11500,11000,11000,70578,-0.03083700440528636
2016-12-06,11100,12200,11100,12000,152559,0.09090909090909083
2016-12-07,12100,12550,11900,12150,107423,0.012499999999999956
2016-12-08,12400,12600,12250,12500,84201,0.028806584362139898
2016-12-09,12350,12600,12250,12450,55885,-0.0040000000000000036
2016-12-12,12400,12850,12400,12650,86744,0.016064257028112428
2016-12-13,12650,12900,12500,12650,87840,0.0
2016-12-14,12600,12850,12500,12700,59201,0.0039525691699604515
2016-12-15,12600,12900,12400,12800,80472,0.007874015748031482
2016-12-16,12950,13100,12700,13100,77162,0.0234375
2016-12-19,13200,13200,12700,12800,56170,-0.022900763358778664
2016-12-20,12700,13100,12650,13100,65499,0.0234375
2016-12-21,13200,13250,12850,12900,78252,-0.01526717557251911
2016-12-22,13000,13000,12700,12850,25423,-0.003875968992248069
2016-12-23,12850,13150,12700,13000,46838,0.011673151750972721
2016-12-26,13000,13000,12050,12050,146069,-0.07307692307692304
2016-12-27,12100,12200,11800,12050,52989,0.0
2016-12-28,11900,12500,11800,12400,40166,0.029045643153526868
2016-12-29,12350,12500,12150,12400,20915,0.0
2017-01-02,12400,12750,12250,12550,23650,0.012096774193548487
2017-01-03,12600,12900,12400,12800,59040,0.019920318725099584
2017-01-04,12750,12850,12450,12650,39840,-0.01171875
2017-01-05,12750,12850,12150,12300,76840,-0.02766798418972327
2017-01-06,12400,12750,12300,12750,45673,0.03658536585365857
2017-01-09,12750,12800,12300,12400,26244,-0.027450980392156876
2017-01-10,12300,12450,12100,12400,33679,0.0
2017-01-11,12450,13150,12450,12800,209920,0.032258064516129004
2017-01-12,12850,14300,12800,14250,586285,0.11328125
2017-01-13,14250,14450,14000,14200,199671,-0.0035087719298245723
2017-01-16,14200,14400,13700,13850,127013,-0.02464788732394363
2017-01-17,13850,14200,13750,14050,107535,0.014440433212996373
2017-01-18,14050,14050,13450,13550,123278,-0.03558718861209964
2017-01-19,13600,13900,13550,13800,131535,0.01845018450184499
2017-01-20,13600,13800,13300,13400,88563,-0.02898550724637683
2017-01-23,13300,13600,13300,13400,57922,0.0
2017-01-24,13450,13500,13000,13350,82970,-0.003731343283582045
2017-01-25,13500,13800,12800,12800,135828,-0.041198501872659166
2017-01-26,12800,13400,12700,13400,73413,0.046875
2017-01-31,13300,13350,13000,13250,39637,-0.011194029850746245
2017-02-01,13750,13750,13250,13550,93885,0.02264150943396226
2017-02-02,13600,13700,13050,13050,56754,-0.03690036900369009
2017-02-03,13050,13400,13050,13300,50331,0.019157088122605304
2017-02-06,13500,13500,13050,13400,52211,0.007518796992481258
2017-02-07,13400,13450,13050,13100,51819,-0.02238805970149249
2017-02-08,13250,13250,12850,12900,39016,-0.01526717557251911
2017-02-09,12900,13250,12900,13250,44227,0.027131782945736482
2017-02-10,13300,13550,13200,13300,50218,0.0037735849056603765
2017-02-13,13300,13650,13250,13650,59187,0.026315789473684292
2017-02-14,13650,14150,13550,14100,139267,0.03296703296703307
2017-02-15,14100,14150,13600,13700,65464,-0.028368794326241176
2017-02-16,13700,13750,13400,13600,50293,-0.007299270072992692
2017-02-17,13600,13950,13500,13650,72485,0.003676470588235281
2017-02-20,13650,13900,13400,13450,58611,-0.0146520146520146
2017-02-21,13500,13950,13500,13900,54547,0.03345724907063197
2017-02-22,14000,14050,13600,13800,51030,-0.007194244604316502
2017-02-23,13750,13750,13350,13450,83931,-0.025362318840579712
2017-02-24,13350,13500,13150,13250,65206,-0.014869888475836479
2017-02-27,13300,13600,13200,13250,28921,0.0
2017-02-28,13400,13650,13250,13500,75227,0.018867924528301883
2017-03-02,13700,13750,13550,13650,46137,0.011111111111111072
2017-03-03,13600,13600,13250,13300,58790,-0.02564102564102566
2017-03-06,13400,13600,13200,13400,37902,0.007518796992481258
2017-03-07,13400,13650,13400,13500,57189,0.00746268656716409
2017-03-08,13450,14100,13400,14050,154336,0.040740740740740744
2017-03-09,13950,14000,13600,13950,77437,-0.007117437722419906
2017-03-10,13950,14050,13650,13900,81582,-0.0035842293906810374
2017-03-13,13800,13850,13050,13100,259598,-0.05755395683453235
2017-03-14,13100,13300,12850,13000,125808,-0.007633587786259555
2017-03-15,13000,13300,13000,13200,70692,0.01538461538461533
2017-03-16,13300,13450,13200,13450,80148,0.018939393939394034
2017-03-17,13450,13650,13350,13550,54381,0.0074349442379182396
2017-03-20,13600,13750,13550,13600,40387,0.0036900369003689537
2017-03-21,13700,13750,13300,13300,61156,-0.022058823529411797
2017-03-22,13100,13500,13000,13350,86057,0.003759398496240518
2017-03-23,13450,13450,13250,13400,29894,0.0037453183520599342
2017-03-24,13250,13450,12950,13000,59811,-0.02985074626865669
2017-03-27,13000,13050,12450,12500,114615,-0.038461538461538436
2017-03-28,12500,12950,12500,12900,82110,0.03200000000000003
2017-03-29,12950,13000,12650,12950,30727,0.003875968992248069
2017-03-30,12950,13000,12500,12600,46934,-0.027027027027026973
2017-03-31,12700,12950,12550,12750,40528,0.011904761904761862
2017-04-03,12750,12850,12550,12650,36137,-0.007843137254901933
2017-04-04,12650,12850,12500,12700,26226,0.0039525691699604515
2017-04-05,12700,12900,12550,12850,54243,0.011811023622047223
2017-04-06,12850,12900,12600,12750,27414,-0.0077821011673151474
2017-04-07,12700,12850,12550,12650,29032,-0.007843137254901933
2017-04-10,12650,12650,12200,12300,65574,-0.02766798418972327
2017-04-11,12300,12450,12200,12300,22442,0.0
2017-04-12,12400,12600,12250,12500,19539,0.016260162601626105
2017-04-13,12450,12500,12200,12400,19655,-0.008000000000000007
2017-04-14,12400,12600,12300,12500,18764,0.008064516129032251
2017-04-17,12350,12600,12350,12600,20843,0.008000000000000007
2017-04-18,12600,12650,12400,12600,23909,0.0
2017-04-19,12550,12650,12400,12500,21045,-0.007936507936507908
2017-04-20,12400,12600,12300,12350,25198,-0.01200000000000001
2017-04-21,12350,12400,12250,12350,19276,0.0
2017-04-24,12350,12350,12150,12200,24846,-0.012145748987854255
2017-04-25,12150,12300,12050,12200,34006,0.0
2017-04-26,12200,12500,12200,12500,36612,0.024590163934426146
2017-04-27,12550,12600,12350,12550,18243,0.0040000000000000036
2017-04-28,12550,12700,12450,12700,29326,0.01195219123505975
2017-05-02,12700,12700,12500,12650,22151,-0.003937007874015741
2017-05-04,12600,12700,12450,12550,26711,-0.007905138339920903
2017-05-08,12550,12550,12150,12300,63483,-0.019920318725099584
2017-05-10,12300,12500,12250,12250,29791,-0.004065040650406471
2017-05-11,12300,12450,12300,12300,23677,0.004081632653061273
2017-05-12,12250,12400,12250,12350,22421,0.004065040650406582
2017-05-15,12400,12450,12200,12200,33535,-0.012145748987854255
2017-05-16,12650,13300,12500,13000,142010,0.06557377049180335
2017-05-17,12900,13000,12750,12800,62934,-0.01538461538461533
2017-05-18,12550,13000,12500,12950,37513,0.01171875
2017-05-19,12950,13250,12750,13100,43399,0.01158301158301156
2017-05-22,13300,13450,13100,13400,67278,0.022900763358778553
2017-05-23,13400,13450,13150,13200,49941,-0.014925373134328401
2017-05-24,13200,13350,12950,13050,37272,-0.011363636363636354
2017-05-25,13150,13200,12900,13150,52402,0.00766283524904221
2017-05-26,13050,13300,13050,13100,40276,-0.0038022813688213253
2017-05-29,13100,13150,12750,12850,58289,-0.01908396946564883
2017-05-30,12850,13100,12800,13100,51319,0.01945525291828787
2017-05-31,13150,13250,12950,12950,59202,-0.011450381679389277
2017-06-01,12900,13150,12800,12850,45517,-0.007722007722007707
2017-06-02,12950,13050,12800,12850,47870,0.0
2017-06-05,12850,12900,12650,12650,44127,-0.015564202334630295
2017-06-07,12700,12900,12500,12850,38234,0.015810276679841806
2017-06-08,13000,13050,12700,12850,35128,0.0
2017-06-09,12950,13100,12800,13050,72949,0.015564202334630295
2017-06-12,13050,13250,12850,13100,41755,0.003831417624521105
2017-06-13,13100,13150,12850,13100,39430,0.0
2017-06-14,13150,13300,13000,13050,63331,-0.003816793893129722
2017-06-15,13050,13200,12850,12900,47906,-0.011494252873563204
2017-06-16,12900,13050,12850,13000,26207,0.007751937984496138
2017-06-19,13000,13050,12750,12850,36633,-0.011538461538461497
2017-06-20,12900,13000,12750,12850,31022,0.0
2017-06-21,12750,12800,12650,12750,28387,-0.0077821011673151474
2017-06-22,12850,12850,12450,12550,47211,-0.015686274509803977
2017-06-23,12550,12650,12400,12500,48897,-0.003984063745019917
2017-06-26,12600,12700,12450,12700,31700,0.016000000000000014
2017-06-27,12650,12800,12500,12800,24521,0.007874015748031482
2017-06-28,12800,13200,12750,12900,99161,0.0078125
2017-06-29,13150,13700,13050,13500,140043,0.04651162790697683
2017-06-30,13400,13800,13350,13550,99494,0.0037037037037037646
2017-07-03,13750,13900,13600,13900,95314,0.02583025830258312
2017-07-04,13950,13950,13200,13350,87791,-0.03956834532374098
2017-07-05,13400,13500,13200,13400,47751,0.0037453183520599342
2017-07-06,13350,13600,13300,13550,27003,0.011194029850746245
2017-07-07,13400,13500,13250,13500,28449,-0.0036900369003689537
2017-07-10,13450,13700,13300,13350,46356,-0.011111111111111072
2017-07-11,13400,13700,13400,13700,67535,0.02621722846441954
2017-07-12,13700,13800,13350,13500,40644,-0.014598540145985384
2017-07-13,13600,13700,13350,13650,39270,0.011111111111111072
2017-07-14,13650,13800,13450,13700,35651,0.00366300366300365
2017-07-17,13700,13750,13150,13300,63062,-0.029197080291970767
2017-07-18,13350,13350,13050,13150,36683,-0.011278195488721776
2017-07-19,13150,13250,13000,13100,36160,-0.0038022813688213253
2017-07-20,13150,13200,12900,13150,37210,0.003816793893129722
2017-07-21,13200,13350,13050,13300,29632,0.011406844106463865
2017-07-24,13300,13350,13150,13250,26526,-0.003759398496240629
2017-07-25,13300,13350,12800,12850,56993,-0.030188679245283012
2017-07-26,12950,12950,12650,12850,33189,0.0
2017-07-27,12900,13250,12850,13250,34654,0.03112840466926059
2017-07-28,13200,13250,12950,13150,21410,-0.007547169811320753
2017-07-31,13050,13100,12850,12850,35078,-0.02281368821292773
2017-08-01,12900,13150,12850,13150,22185,0.023346303501945442
2017-08-02,13150,13500,13050,13500,61889,0.026615969581748944
2017-08-03,13450,13500,13000,13150,54543,-0.025925925925925908
2017-08-04,13200,13400,13000,13350,29743,0.015209125475285079
2017-08-07,13400,13800,13400,13700,131628,0.02621722846441954
2017-08-08,13750,13900,13400,13550,90192,-0.010948905109489093
2017-08-09,13350,13400,13100,13100,70882,-0.03321033210332103
2017-08-10,13300,13350,12900,13050,62690,-0.003816793893129722
2017-08-11,12800,13150,12650,12700,67151,-0.026819923371647514
2017-08-14,12500,12550,12000,12250,118368,-0.03543307086614178
2017-08-16,12150,12450,11950,12400,71893,0.012244897959183598
2017-08-17,12400,13000,12400,12900,80735,0.040322580645161255
2017-08-18,12650,12800,12500,12650,63753,-0.019379844961240345
2017-08-21,12650,13200,12500,13200,94285,0.04347826086956519
2017-08-22,13400,13800,13250,13450,169590,0.018939393939394034
2017-08-23,13700,13750,13000,13150,87689,-0.022304832713754608
2017-08-24,13200,13450,13000,13350,66193,0.015209125475285079
2017-08-25,13400,13650,13400,13600,53937,0.01872659176029967
2017-08-28,13550,13550,13300,13450,34954,-0.011029411764705843
2017-08-29,13500,13600,13000,13500,71244,0.0037174721189590088
2017-08-30,13550,13600,13200,13300,39231,-0.014814814814814836
2017-08-31,13300,13750,13150,13600,82334,0.022556390977443552
2017-09-01,13700,14000,13600,13600,101692,0.0
2017-09-04,13300,13600,13250,13400,52528,-0.014705882352941124
2017-09-05,13500,13600,13200,13500,48720,0.00746268656716409
2017-09-06,13500,13500,12650,12750,106825,-0.05555555555555558
2017-09-07,12800,13050,12750,12900,43363,0.0117647058823529
2017-09-08,12950,12950,12350,12400,101512,-0.03875968992248058
2017-09-11,12400,12450,12050,12150,64323,-0.020161290322580627
2017-09-12,12550,13800,12250,13050,214162,0.07407407407407418
2017-09-13,13000,13750,12850,13500,174292,0.034482758620689724
2017-09-14,13500,13500,13050,13050,64475,-0.033333333333333326
2017-09-15,13000,13150,12600,12950,97525,-0.007662835249042099
2017-09-18,13050,13050,12650,12650,92431,-0.02316602316602312
2017-09-19,12750,13000,12750,12800,37541,0.011857707509881354
2017-09-20,12800,12800,12300,12400,83493,-0.03125
2017-09-21,12450,12500,12150,12250,56363,-0.012096774193548376
2017-09-22,12200,12200,11450,11700,113014,-0.04489795918367345
2017-09-25,11500,11650,11100,11200,63506,-0.042735042735042694
2017-09-26,11100,11350,11000,11250,36503,0.0044642857142858094
2017-09-27,11250,11400,11150,11250,43048,0.0
2017-09-28,11250,11400,11200,11350,27236,0.008888888888888946
2017-09-29,11450,11500,11250,11500,49742,0.013215859030837107
2017-10-10,11600,11750,11400,11500,27769,0.0
2017-10-11,11500,11800,11500,11600,34469,0.008695652173912993
2017-10-12,11600,11750,11450,11550,36559,-0.004310344827586188
2017-10-13,11600,12200,11350,11650,109076,0.008658008658008587
2017-10-16,11950,12100,11750,11900,69520,0.02145922746781115
2017-10-17,12000,12050,11700,11950,43019,0.004201680672268893
2017-10-18,11950,11950,11600,11650,38050,-0.025104602510460206
2017-10-19,11750,11800,11550,11750,43370,0.008583690987124415
2017-10-20,11800,11800,11550,11800,16779,0.004255319148936065
2017-10-23,11800,11850,11600,11650,27980,-0.012711864406779627
2017-10-24,11700,11750,11450,11550,29297,-0.008583690987124415
2017-10-25,11600,12250,11500,12100,69927,0.04761904761904767
2017-10-26,12200,12200,11800,11900,24889,-0.016528925619834656
2017-10-27,11950,12000,11700,11950,41357,0.004201680672268893
2017-10-30,11950,12100,11700,12050,36794,0.008368200836819994
2017-10-31,12050,12550,12050,12450,78845,0.03319502074688807
2017-11-01,12450,12500,12200,12400,39004,-0.004016064257028162
2017-11-02,12500,12650,12250,12550,66888,0.012096774193548487
2017-11-03,12550,12700,12400,12400,50935,-0.01195219123505975
2017-11-06,12450,12450,12200,12300,40895,-0.008064516129032251
2017-11-07,12250,12350,11900,12200,63797,-0.008130081300813052
2017-11-08,12100,12250,12000,12100,44698,-0.008196721311475419
2017-11-09,12100,12150,11850,12100,47974,0.0
2017-11-10,11950,12150,11850,12100,40812,0.0
2017-11-13,12100,12100,11700,11750,49551,-0.02892561983471076
2017-11-14,11700,12000,11600,12000,28705,0.02127659574468077
2017-11-15,12000,12000,11550,11550,92145,-0.03749999999999998
2017-11-16,11550,11650,11200,11450,107106,-0.008658008658008698
2017-11-17,11500,11600,11400,11400,31041,-0.004366812227074246
2017-11-20,11400,11450,11000,11150,106572,-0.021929824561403466
2017-11-21,11200,11250,10850,10950,81362,-0.017937219730941756
2017-11-22,10950,11350,10850,11300,51387,0.03196347031963476
2017-11-23,11300,11500,11150,11350,31363,0.004424778761061843
2017-11-24,11300,11400,11250,11300,20754,-0.004405286343612369
2017-11-27,11300,11400,11250,11400,25376,0.008849557522123908
2017-11-28,11400,11500,11300,11400,33367,0.0
2017-11-29,11300,11450,11200,11300,22736,-0.00877192982456143
2017-11-30,11300,11550,11200,11500,57109,0.017699115044247815
2017-12-01,11400,11550,11400,11550,22638,0.004347826086956497
2017-12-04,11500,11600,11250,11500,39113,-0.0043290043290042934
2017-12-05,11500,11700,11400,11650,40697,0.01304347826086949
2017-12-06,11700,11850,11500,11650,46751,0.0
2017-12-07,11550,11550,11200,11300,18097,-0.030042918454935674
2017-12-08,11250,11400,11200,11250,15758,-0.004424778761061954
2017-12-11,11250,11400,11150,11400,15606,0.01333333333333342
2017-12-12,11300,11400,11100,11150,23861,-0.021929824561403466
2017-12-13,11250,11400,11150,11300,6624,0.013452914798206317
2017-12-14,11350,11450,11150,11300,15335,0.0
2017-12-15,11300,11500,11050,11350,51364,0.004424778761061843
2017-12-18,11300,11500,11300,11450,26001,0.008810572687224738
2017-12-19,11400,11550,11200,11550,27931,0.008733624454148492
2017-12-20,11600,11650,11400,11450,20621,-0.008658008658008698
2017-12-21,11500,11650,11300,11450,15710,0.0
2017-12-22,11500,11500,11350,11400,13717,-0.004366812227074246
2017-12-26,11350,11450,11200,11450,30281,0.004385964912280604
2017-12-27,11450,11700,11250,11550,37271,0.008733624454148492
2017-12-28,11600,11800,11500,11700,25918,0.01298701298701288
2018-01-02,11800,12000,11750,11950,49200,0.02136752136752129
2018-01-03,11950,12350,11900,12350,113077,0.03347280334728042
2018-01-04,12350,12400,12050,12100,43543,-0.020242914979757054
2018-01-05,12100,12600,12100,12500,85007,0.03305785123966931
2018-01-08,12600,12650,12400,12500,56931,0.0
2018-01-09,12500,12500,12050,12200,34187,-0.02400000000000002
2018-01-10,12250,13000,12250,12750,119196,0.04508196721311486
2018-01-11,13150,13200,12700,12850,79140,0.007843137254901933
2018-01-12,12600,12600,12150,12400,174315,-0.035019455252918275
2018-01-15,12400,12500,12100,12150,49951,-0.020161290322580627
2018-01-16,12100,12400,12000,12350,52159,0.016460905349794164
2018-01-17,12350,12350,11750,11900,70408,-0.036437246963562764
2018-01-18,11900,12050,11850,11850,32600,-0.004201680672268893
2018-01-19,11900,12750,11900,12550,95821,0.05907172995780585
2018-01-22,12450,13100,12450,12750,112433,0.015936254980079667
2018-01-23,12900,12900,12500,12650,69263,-0.007843137254901933
2018-01-24,12600,12900,12500,12550,55226,-0.007905138339920903
2018-01-25,12700,13550,12650,13500,381460,0.07569721115537842
2018-01-26,14300,14650,13500,13800,646566,0.022222222222222143
2018-01-29,14000,15300,13750,14900,673463,0.07971014492753614
2018-01-30,14950,15200,14350,14800,241590,-0.006711409395973145
2018-01-31,14500,15000,14000,14400,401053,-0.027027027027026973
2018-02-01,14400,15350,14050,15050,288073,0.04513888888888884
2018-02-02,15250,15250,14050,14150,175919,-0.05980066445182719
2018-02-05,13700,14250,13350,13800,240203,-0.02473498233215543
2018-02-06,13150,13550,12850,13350,142790,-0.03260869565217395
2018-02-07,13550,13600,12850,12950,97931,-0.029962546816479363
2018-02-08,13050,13200,12900,13100,51665,0.01158301158301156
2018-02-09,12550,13100,12550,12950,62166,-0.011450381679389277
2018-02-12,12900,13050,12100,12200,137732,-0.05791505791505791
2018-02-13,12400,12550,12200,12200,72350,0.0
2018-02-14,12300,12700,12200,12700,58133,0.040983606557376984
2018-02-19,12500,13200,12350,12950,100761,0.019685039370078705
2018-02-20,12800,13000,12550,12650,72603,-0.02316602316602312
2018-02-21,12650,12850,12500,12700,73636,0.0039525691699604515
2018-02-22,12600,12850,12500,12700,39408,0.0
2018-02-23,12700,12850,12400,12850,120045,0.011811023622047223
2018-02-26,12900,13000,12600,12850,34819,0.0
2018-02-27,12900,12950,12350,12600,101405,-0.01945525291828798
2018-02-28,12450,12650,12400,12400,44071,-0.015873015873015928
2018-03-02,12250,12400,12100,12250,53730,-0.012096774193548376
2018-03-05,12200,12450,11950,11950,37094,-0.024489795918367308
2018-03-06,12000,12250,12000,12150,28373,0.01673640167364021
2018-03-07,12250,12250,11950,12100,39438,-0.004115226337448541
2018-03-08,12250,12250,12050,12150,19613,0.004132231404958775
2018-03-09,12250,12400,12050,12150,39538,0.0
2018-03-12,12400,12550,12200,12500,33861,0.028806584362139898
2018-03-13,12550,12650,12400,12500,24896,0.0
2018-03-14,12400,12500,12150,12250,30479,-0.020000000000000018
2018-03-15,12150,12350,12100,12300,25802,0.004081632653061273
2018-03-16,12300,12400,12150,12200,29079,-0.008130081300813052
2018-03-19,12350,12350,12100,12200,30245,0.0
2018-03-20,12100,12350,11800,12300,62942,0.008196721311475308
2018-03-21,12350,12350,12000,12000,30554,-0.024390243902439046
2018-03-22,12000,12100,11850,11950,34891,-0.004166666666666652
2018-03-23,11900,11900,11250,11300,70379,-0.05439330543933052
2018-03-26,11300,11800,11250,11800,75107,0.04424778761061954
2018-03-27,12000,12000,11650,11800,29549,0.0
2018-03-28,11600,11950,11600,11950,25881,0.012711864406779627
2018-03-29,11950,11950,11350,11550,98416,-0.03347280334728031
2018-03-30,11600,11600,11100,11250,190886,-0.025974025974025983
2018-04-02,11150,11250,10800,10900,140222,-0.03111111111111109
2018-04-03,10700,11050,10700,10900,55832,0.0
2018-04-04,10900,11150,10800,10950,45649,0.004587155963302836
2018-04-05,11000,11100,10850,10950,45766,0.0
2018-04-06,10900,11100,10800,10850,32714,-0.0091324200913242
2018-04-09,10900,10900,10650,10800,32570,-0.004608294930875556
2018-04-10,10800,11000,10500,10950,53605,0.01388888888888884
2018-04-11,11050,11100,10850,10950,46033,0.0
2018-04-12,10950,11150,10950,10950,45361,0.0
2018-04-13,11000,11150,10850,11000,33261,0.004566210045662045
2018-04-16,11000,11150,10800,11050,65273,0.00454545454545463
2018-04-17,11150,11150,10950,11100,42373,0.004524886877828038
2018-04-18,11150,11500,11000,11500,86678,0.03603603603603611
2018-04-19,11650,12250,11600,12150,209883,0.05652173913043468
2018-04-20,12200,12200,11900,12000,74885,-0.012345679012345734
2018-04-23,11950,12200,11850,11900,80013,-0.008333333333333304
2018-04-24,11800,12300,11750,12200,42705,0.025210084033613356
2018-04-25,12150,12200,11850,11950,40853,-0.020491803278688492
2018-04-26,11900,12150,11850,12000,10315,0.004184100418409997
2018-04-27,12000,12250,11900,12000,22581,0.0
2018-04-30,12000,13150,12000,13000,320594,0.08333333333333326
2018-05-02,13450,13850,12450,12750,279033,-0.019230769230769273
2018-05-03,12700,13050,12600,12800,65741,0.0039215686274509665
2018-05-04,12600,13350,12600,12850,133256,0.00390625
2018-05-08,13150,16150,12900,14150,3387350,0.10116731517509736
2018-05-09,15300,16600,13800,14200,3612203,0.0035335689045936647
2018-05-10,14800,14950,13900,14200,809428,0.0
2018-05-11,14200,14650,13450,14650,591445,0.03169014084507049
2018-05-14,15100,16750,14650,15750,2124529,0.07508532423208192
2018-05-15,15800,15800,14950,15450,683260,-0.01904761904761909
2018-05-16,14150,14600,13500,13600,994382,-0.11974110032362462
2018-05-17,13650,14300,13400,13700,570162,0.007352941176470562
2018-05-18,13700,14100,13450,13800,268108,0.007299270072992803
2018-05-21,13800,13900,13450,13700,193483,-0.007246376811594235
2018-05-23,13500,13750,13150,13500,209515,-0.014598540145985384
2018-05-24,13650,13650,12750,13000,295271,-0.03703703703703709
2018-05-25,11600,12100,11300,11750,688906,-0.09615384615384615
2018-05-28,13400,14700,13150,14000,1268073,0.1914893617021276
2018-05-29,14000,14050,13150,13200,491869,-0.05714285714285716
2018-05-30,13300,15050,13300,14600,1474077,0.10606060606060597
2018-05-31,14400,14700,13650,14150,429150,-0.03082191780821919
2018-06-01,14200,14850,13700,13700,499153,-0.03180212014134276
2018-06-04,14350,14350,13900,14100,376316,0.029197080291970767
2018-06-05,14500,14550,13850,14350,348658,0.01773049645390068
2018-06-07,14350,14700,14000,14150,217324,-0.013937282229965153
2018-06-08,14150,14250,13450,13500,205238,-0.04593639575971731
2018-06-11,13500,14150,13300,14000,152630,0.03703703703703698
2018-06-12,14200,14200,13300,13650,257955,-0.025000000000000022
2018-06-14,13650,13650,12750,13400,190119,-0.01831501831501836
2018-06-15,13250,13450,12600,12950,200463,-0.03358208955223885
2018-06-18,12950,13350,12600,12650,160067,-0.02316602316602312
2018-06-19,12500,13050,12150,12150,125478,-0.03952569169960474
2018-06-20,12050,12750,12050,12650,87693,0.04115226337448563
2018-06-21,12700,12800,12200,12200,67322,-0.035573122529644285
2018-06-22,12200,12250,11450,11650,204689,-0.04508196721311475
2018-06-25,11700,12150,11550,12150,56137,0.0429184549356223
2018-06-26,12000,12050,11650,11750,77904,-0.03292181069958844
2018-06-27,11700,11850,11200,11250,122397,-0.04255319148936165
2018-06-28,11100,11400,10900,11000,103803,-0.022222222222222254
2018-06-29,11100,11400,11000,11350,60798,0.031818181818181746
2018-07-02,11400,11450,10750,10850,153877,-0.04405286343612336
2018-07-03,10900,11000,10550,10950,88450,0.009216589861751112
2018-07-04,10950,11050,10800,10900,41776,-0.004566210045662156
2018-07-05,11000,11000,10600,10800,57162,-0.00917431192660545
2018-07-06,10750,11150,10700,11000,72954,0.0185185185185186
2018-07-09,10850,10850,10300,10500,128025,-0.045454545454545414
2018-07-10,10500,11000,10500,10900,61899,0.03809523809523818
2018-07-11,10700,11050,10650,10900,49942,0.0
2018-07-12,10900,11000,10650,10750,73092,-0.013761467889908285
2018-07-13,10750,11250,10750,11050,65006,0.027906976744185963
2018-07-16,11200,11200,10700,10900,63889,-0.013574660633484115
2018-07-17,10850,11050,10850,10950,20985,0.004587155963302836
2018-07-18,11050,11050,10600,10750,52496,-0.0182648401826484
2018-07-19,10650,10700,10350,10500,55169,-0.023255813953488413
2018-07-20,10400,10600,10200,10300,69442,-0.01904761904761909
2018-07-23,10150,10450,10150,10150,52729,-0.014563106796116498
2018-07-24,10200,10750,10150,10600,52890,0.044334975369458185
2018-07-25,10750,10750,10400,10600,22120,0.0
2018-07-26,10600,11000,10550,10900,35287,0.028301886792452935
2018-07-27,10950,10950,10650,10900,14928,0.0
2018-07-30,10900,11100,10750,11000,19603,0.00917431192660545
2018-07-31,11000,11050,10800,10950,26519,-0.004545454545454519
2018-08-01,11000,11150,10900,11000,31934,0.004566210045662045
2018-08-02,11000,11100,10900,11000,20764,0.0
2018-08-03,11000,11150,10900,11100,31543,0.009090909090909038
2018-08-06,11150,11250,11000,11250,27105,0.013513513513513598
2018-08-07,11250,11250,11000,11250,16910,0.0
2018-08-08,11250,11300,11150,11200,13228,-0.004444444444444473
2018-08-09,11100,11250,11050,11200,13894,0.0
2018-08-10,11300,11500,11200,11450,43885,0.022321428571428603
2018-08-13,11450,11550,10850,10900,34500,-0.048034934497816595
2018-08-14,10900,11250,10900,11250,23434,0.032110091743119185
2018-08-16,11300,12000,11100,12000,120987,0.06666666666666665
2018-08-17,12550,13050,12200,12300,374317,0.02499999999999991
2018-08-20,12200,12450,12150,12400,53204,0.008130081300812941
2018-08-21,12450,12500,12200,12250,52943,-0.012096774193548376
2018-08-22,12100,12250,11900,11950,70825,-0.024489795918367308
2018-08-23,11950,12300,11850,12200,71264,0.02092050209205021
2018-08-24,12200,12200,11950,12100,24375,-0.008196721311475419
2018-08-27,11800,11800,11500,11700,117739,-0.03305785123966942
2018-08-28,11750,11900,11650,11850,48940,0.012820512820512775
2018-08-29,11900,11900,11700,11750,29089,-0.008438818565400852
2018-08-30,11750,12450,11750,12150,84231,0.03404255319148941
2018-08-31,12050,12300,11850,12250,33110,0.008230452674897082
2018-09-03,12250,12300,11900,12100,32431,-0.01224489795918371
2018-09-04,11950,12150,11850,12000,34449,-0.008264462809917328
2018-09-05,11900,12050,11800,11850,34560,-0.012499999999999956
2018-09-06,11900,12100,11450,11650,83581,-0.016877637130801704
2018-09-07,11550,11750,11400,11600,61063,-0.0042918454935622075
2018-09-10,11800,12100,11600,12100,69953,0.0431034482758621
2018-09-11,12250,12450,12050,12050,50017,-0.004132231404958664
2018-09-12,12100,12200,11800,12050,32348,0.0
2018-09-13,12050,12250,11900,12000,65834,-0.004149377593360981
2018-09-14,12000,12300,12000,12150,44632,0.012499999999999956
2018-09-17,12250,12250,12000,12100,28382,-0.004115226337448541
2018-09-18,12100,12100,11750,11850,46471,-0.02066115702479343
2018-09-19,11850,11900,11500,11550,43217,-0.025316455696202556
2018-09-20,11650,11750,11500,11550,27995,0.0
2018-09-21,11700,11800,11500,11750,29334,0.017316017316017396
2018-09-27,11850,11850,11450,11500,87141,-0.021276595744680882
2018-09-28,11450,11500,11200,11250,64015,-0.021739130434782594
2018-10-01,11350,11350,11150,11200,34735,-0.004444444444444473
2018-10-02,11150,11450,10950,11150,36809,-0.004464285714285698
2018-10-04,11250,11400,10950,11050,34304,-0.008968609865470878
2018-10-05,11050,11150,10800,10950,28061,-0.009049773755656076
2018-10-08,10800,11250,10800,11200,22652,0.022831050228310446
2018-10-10,11100,11200,10500,10500,51787,-0.0625
2018-10-11,10000,10400,9940,9940,134779,-0.053333333333333344
2018-10-12,9570,10200,9570,10150,71578,0.021126760563380254
2018-10-15,10050,10350,10050,10350,24598,0.019704433497536922
2018-10-16,10250,10450,10250,10400,17378,0.004830917874396157
2018-10-17,10500,10700,10400,10550,24816,0.014423076923076872
2018-10-18,10450,10550,10050,10150,43229,-0.03791469194312791
2018-10-19,10050,10200,9960,10150,47030,0.0
2018-10-22,10150,10150,9850,10050,27466,-0.009852216748768461
2018-10-23,10050,10050,9840,9840,26637,-0.020895522388059695
2018-10-24,9900,9930,9600,9600,37622,-0.024390243902439046
2018-10-25,9300,9470,9150,9300,56046,-0.03125
2018-10-26,9250,9310,8900,9130,57777,-0.018279569892473146
2018-10-29,8900,9160,8660,8700,50157,-0.0470974808324206
2018-10-30,8240,8950,8240,8860,116334,0.01839080459770126
2018-10-31,8860,9120,8860,9110,22288,0.028216704288938965
2018-11-01,9080,9220,9030,9030,38923,-0.008781558726673966
2018-11-02,8960,9440,8960,9430,30247,0.044296788482834915
2018-11-05,9450,9450,9230,9330,14504,-0.010604453870625696
2018-11-06,9430,9480,9120,9250,27958,-0.008574490889603381
2018-11-07,9470,9590,8550,8580,163634,-0.07243243243243247
2018-11-08,8720,9180,8720,9090,90372,0.05944055944055937
2018-11-09,9250,9250,8870,8970,16811,-0.01320132013201325
2018-11-12,8880,8900,8730,8890,41224,-0.00891861761426982
2018-11-13,8760,8950,8580,8950,32117,0.006749156355455588
2018-11-14,8930,8970,8740,8970,18321,0.0022346368715084886
2018-11-15,8820,9120,8820,9060,20199,0.010033444816053505
2018-11-16,9060,9220,9020,9070,29538,0.001103752759381793
2018-11-19,9070,9320,9070,9230,28869,0.01764057331863289
2018-11-20,9140,9300,9100,9180,21429,-0.005417118093174467
2018-11-21,9070,9220,9030,9200,20716,0.002178649237472685
2018-11-22,9200,9200,9100,9140,23604,-0.006521739130434745
2018-11-23,9150,9330,9100,9150,28450,0.001094091903719896
2018-11-26,9200,9520,9100,9220,74337,0.007650273224043769
2018-11-27,9120,9320,9110,9310,30963,0.009761388286334105
2018-11-28,9280,9310,9120,9150,23682,-0.017185821697099923
2018-11-29,9210,9280,9120,9200,23827,0.005464480874316946
2018-11-30,9200,9250,9120,9240,18143,0.004347826086956497
2018-12-03,9300,9580,9290,9440,46162,0.02164502164502169
2018-12-04,9440,9530,9410,9470,17937,0.0031779661016948513
2018-12-05,9130,9360,9130,9200,24901,-0.028511087645195388
2018-12-06,9200,9210,9010,9080,17868,-0.013043478260869601
2018-12-07,9080,9230,9080,9190,10106,0.012114537444933848
2018-12-10,9090,9140,8910,8990,19729,-0.021762785636561532
2018-12-11,8980,8980,8640,8830,45079,-0.017797552836484987
2018-12-12,8830,8970,8830,8970,11935,0.015855039637599155
2018-12-13,8970,9100,8830,9030,30434,0.006688963210702337
2018-12-14,9030,9150,9000,9030,20559,0.0
2018-12-17,8920,9020,8800,8880,25426,-0.01661129568106312
2018-12-18,8870,9080,8820,9000,16325,0.013513513513513598
2018-12-19,9160,9160,8860,9090,14645,0.010000000000000009
2018-12-20,9080,9210,8950,9060,19991,-0.0033003300330033403
2018-12-21,9060,9200,8930,9200,20584,0.015452538631346657
2018-12-24,9200,9300,9010,9120,29465,-0.008695652173912993
2018-12-26,9000,9040,8700,8760,40676,-0.03947368421052633
2018-12-27,8910,8920,8780,8810,32061,0.005707762557077611
2018-12-28,8770,9050,8770,8900,16926,0.010215664018161208
2019-01-02,9100,9100,8800,8920,13600,0.0022471910112360494
2019-01-03,8950,8950,8820,8930,14481,0.0011210762331839152
2019-01-04,8910,8910,8700,8810,30399,-0.013437849944008984
2019-01-07,8870,9180,8870,9020,35469,0.023836549375709337
2019-01-08,8990,9080,8930,9040,11590,0.0022172949002217113
2019-01-09,9180,9380,9100,9370,51090,0.036504424778761146
2019-01-10,9480,9480,9200,9340,13803,-0.0032017075773745907
2019-01-11,9340,9530,9300,9500,22182,0.017130620985010614
2019-01-14,9500,9700,9470,9550,34112,0.0052631578947368585
2019-01-15,9620,9740,9550,9670,26051,0.012565445026178068
2019-01-16,9770,9820,9620,9800,19656,0.013443640124095158
2019-01-17,9860,9900,9710,9810,28393,0.0010204081632652073
2019-01-18,9880,10500,9830,10450,91354,0.06523955147808369
2019-01-21,10500,10850,10450,10600,85583,0.014354066985645897
2019-01-22,11850,12000,11150,11350,482939,0.070754716981132
2019-01-23,11500,11600,11100,11500,129440,0.013215859030837107
2019-01-24,11400,11600,11150,11200,88617,-0.02608695652173909
2019-01-25,11300,11300,10800,10900,125248,-0.0267857142857143
2019-01-28,10900,11100,10650,10850,99463,-0.004587155963302725
2019-01-29,10850,10950,10650,10850,55100,0.0
2019-01-30,10750,11250,10750,11050,78907,0.018433179723502224
2019-01-31,11100,11200,10800,11150,75839,0.009049773755656076
2019-02-01,11200,11550,11050,11300,93530,0.013452914798206317
2019-02-07,11350,11500,11250,11450,51298,0.01327433628318575
2019-02-08,11400,11400,11000,11300,46937,-0.013100436681222738
2019-02-11,11300,11300,10650,10800,107505,-0.04424778761061943
2019-02-12,10650,11000,10650,10900,33915,0.0092592592592593
2019-02-13,11000,11050,10600,10750,34765,-0.013761467889908285
2019-02-14,10700,10750,10350,10550,47218,-0.018604651162790753
2019-02-15,10600,10600,10250,10350,39178,-0.018957345971563955
2019-02-18,10500,10750,10350,10700,52545,0.033816425120772875
2019-02-19,10750,10950,10550,10750,29754,0.004672897196261738
2019-02-20,10700,10900,10650,10750,27618,0.0
2019-02-21,10750,10850,10400,10650,46483,-0.009302325581395321
2019-02-22,10550,10650,10450,10550,33904,-0.009389671361502372
2019-02-25,10550,11000,10550,11000,59667,0.042654028436019065
2019-02-26,11100,11300,10850,11100,40358,0.009090909090909038
2019-02-27,11000,11150,10900,11000,25841,-0.009009009009009028
2019-02-28,11000,11000,10250,10400,59905,-0.054545454545454564
2019-03-04,10400,10650,10350,10350,39588,-0.004807692307692291
2019-03-05,10350,10350,10000,10200,55511,-0.01449275362318836
2019-03-06,10250,10400,10100,10350,30847,0.014705882352941124
2019-03-07,10750,10950,10400,10550,117573,0.019323671497584627
2019-03-08,10450,10550,10250,10250,42400,-0.028436018957345932
2019-03-11,10250,10350,9990,10250,38623,0.0
2019-03-12,10250,10550,10200,10500,22696,0.024390243902439046
2019-03-13,10450,10450,10200,10400,32496,-0.00952380952380949
2019-03-14,10400,10650,10350,10650,41421,0.024038461538461453
2019-03-15,10600,10700,10300,10350,28931,-0.028169014084507005
2019-03-18,10350,10450,10250,10400,11876,0.004830917874396157
2019-03-19,10350,10550,10350,10500,13505,0.009615384615384581
2019-03-20,10450,10550,10200,10300,21746,-0.01904761904761909
2019-03-21,10400,10550,10200,10300,25225,0.0
2019-03-22,10350,10400,10200,10350,29461,0.004854368932038833
2019-03-25,10200,10450,10150,10300,17650,-0.004830917874396157
2019-03-26,10250,10400,10200,10200,27833,-0.009708737864077666
2019-03-27,10200,10550,10200,10400,32322,0.019607843137254832
2019-03-28,10400,10500,10000,10200,39493,-0.019230769230769273
2019-03-29,10200,10500,10200,10450,35934,0.02450980392156854
2019-04-01,10450,10750,10450,10700,52638,0.02392344497607657
2019-04-02,10800,10850,10550,10700,49262,0.0
2019-04-03,10750,10900,10550,10850,61703,0.014018691588784993
2019-04-04,10950,10950,10700,10800,32879,-0.004608294930875556
2019-04-05,10800,11300,10800,11200,175138,0.03703703703703698
2019-04-08,11350,11350,11000,11100,39130,-0.008928571428571397
2019-04-09,11050,11100,10700,10850,71243,-0.022522522522522515
2019-04-10,10800,11200,10700,11100,65085,0.02304147465437789
2019-04-11,11100,11200,10950,11050,54266,-0.0045045045045044585
2019-04-12,10950,11050,10750,10950,67975,-0.009049773755656076
2019-04-15,10950,11000,10700,10750,57080,-0.0182648401826484
2019-04-16,10750,10750,10450,10650,43512,-0.009302325581395321
2019-04-17,10750,10750,10550,10600,23608,-0.0046948356807511304
2019-04-18,10600,10800,10350,10400,50100,-0.018867924528301883
2019-04-19,10400,10500,10300,10400,30146,0.0
2019-04-22,10400,10450,10250,10300,21987,-0.009615384615384581
2019-04-23,10300,10500,10150,10500,38476,0.01941747572815533
2019-04-24,10550,10550,10200,10250,31806,-0.023809523809523836
2019-04-25,10200,10350,10150,10300,21028,0.004878048780487809
2019-04-26,10250,10300,10100,10250,32996,-0.004854368932038833
2019-04-29,10250,10400,10150,10250,31192,0.0
2019-04-30,10250,10400,10100,10250,36350,0.0
2019-05-02,10200,10350,10100,10300,17649,0.004878048780487809
2019-05-03,10250,10350,10100,10200,22970,-0.009708737864077666
2019-05-07,10050,10150,9950,10000,45199,-0.019607843137254943
2019-05-08,9920,10050,9890,9990,33922,-0.0010000000000000009
2019-05-09,9930,10000,9710,9710,50676,-0.028028028028028062
2019-05-10,9650,9850,9630,9630,35983,-0.008238928939237944
2019-05-13,9690,9690,9330,9470,43952,-0.01661474558670817
2019-05-14,9360,9580,9280,9570,23849,0.010559662090813049
2019-05-15,9570,9690,9510,9660,19971,0.00940438871473348
2019-05-16,9570,9590,9260,9300,67742,-0.037267080745341574
2019-05-17,9360,9460,9220,9250,35723,-0.005376344086021501
2019-05-20,9130,9250,9000,9070,42932,-0.019459459459459483
2019-05-21,9020,9100,8920,9030,27644,-0.004410143329658167
2019-05-22,8950,9070,8930,9010,22052,-0.0022148394241418012
2019-05-23,8900,9100,8900,9100,20836,0.009988901220865598
2019-05-24,9150,9150,8910,8950,13094,-0.016483516483516536
2019-05-27,8910,9000,8630,8700,54677,-0.027932960893854775
2019-05-28,8860,8920,8700,8810,25409,0.012643678160919603
2019-05-29,8810,8810,8500,8590,57794,-0.024971623155505163
2019-05-30,8590,8900,8590,8680,12891,0.010477299185098987
2019-05-31,8640,8860,8640,8800,18222,0.01382488479262678
2019-06-03,8680,8850,8670,8740,23157,-0.006818181818181834
2019-06-04,8660,8780,8650,8730,30708,-0.0011441647597254523
2019-06-05,8740,8940,8740,8870,18711,0.016036655211912887
2019-06-07,8880,8920,8750,8760,39410,-0.012401352874859106
2019-06-10,8800,8870,8720,8840,31804,0.009132420091324311
2019-06-11,8800,9080,8800,9040,22152,0.02262443438914019
2019-06-12,9070,9090,8990,9040,21873,0.0
2019-06-13,8990,9050,8960,8990,17085,-0.00553097345132747
2019-06-14,8930,9000,8830,8900,41490,-0.010011123470522798
2019-06-17,8880,9020,8880,8990,15093,0.010112359550561889
2019-06-18,8870,9020,8840,8850,17765,-0.015572858731924377
2019-06-19,8970,8970,8860,8890,13791,0.004519774011299438
2019-06-20,9010,9010,8880,8990,12848,0.011248593925759387
2019-06-21,8990,9040,8930,8930,12481,-0.006674082313681828
2019-06-24,9020,9030,8770,8860,29660,-0.007838745800671898
2019-06-25,8860,8910,8830,8890,12077,0.003386004514672747
2019-06-26,8890,9010,8830,8970,16231,0.008998875140607376
2019-06-27,9020,9150,8930,9060,21075,0.010033444816053505
2019-06-28,9050,9150,8950,9030,12164,-0.0033112582781457123
2019-07-01,9090,9220,9060,9100,17891,0.007751937984496138
2019-07-02,9110,9110,8970,9010,6097,-0.009890109890109855
2019-07-03,9050,9050,8800,8870,18745,-0.015538290788013276
2019-07-04,8870,8960,8710,8890,28027,0.0022547914317925244
2019-07-05,8900,8960,8820,8910,9499,0.0022497187851517886
2019-07-08,8860,8860,8610,8610,35430,-0.03367003367003363
2019-07-09,8610,8650,8410,8440,35806,-0.019744483159117254
2019-07-10,8310,8730,8310,8710,51243,0.03199052132701419
2019-07-11,8730,8970,8710,8950,39156,0.027554535017221493
2019-07-12,8990,9040,8920,9010,17472,0.006703910614525244
2019-07-15,8930,9050,8890,8910,10212,-0.011098779134295245
2019-07-16,8930,9010,8830,8920,12955,0.001122334455667895
2019-07-17,8990,9000,8790,8830,22260,-0.010089686098654682
2019-07-18,9000,9380,8890,9200,103245,0.04190260475651186
2019-07-19,9170,9300,9170,9200,28625,0.0
2019-07-22,9200,9260,9190,9210,25381,0.0010869565217390686
2019-07-23,9170,9170,8860,9020,33335,-0.02062975027144409
2019-07-24,9010,9010,8650,8650,42257,-0.04101995565410199
2019-07-25,8530,8690,8460,8610,43477,-0.0046242774566473965
2019-07-26,8460,8540,8340,8410,35796,-0.023228803716608626
2019-07-29,8400,8400,8110,8120,62275,-0.03448275862068961
2019-07-30,8100,8470,8100,8420,27207,0.03694581280788167
2019-07-31,8200,8480,8050,8380,48784,-0.004750593824228044
2019-08-01,8220,8430,8220,8280,22509,-0.011933174224343701
2019-08-02,8200,8260,8100,8200,16365,-0.009661835748792313
2019-08-05,8050,8100,7750,7780,58635,-0.051219512195122
2019-08-06,7640,7910,7400,7540,46791,-0.03084832904884316
2019-08-07,7490,7820,7490,7720,48043,0.023872679045092937
2019-08-08,7740,8200,7720,8150,20328,0.05569948186528495
2019-08-09,8030,8410,8030,8310,15321,0.019631901840490906
2019-08-12,8400,8430,8200,8390,22929,0.00962695547533099
2019-08-13,8380,8380,8220,8250,20391,-0.016686531585220488
2019-08-14,8270,8430,8230,8310,5690,0.0072727272727273196
2019-08-16,8380,8570,8190,8500,36180,0.022864019253910906
2019-08-19,8500,8730,8500,8700,80252,0.0235294117647058
2019-08-20,8740,8760,8540,8600,11515,-0.011494252873563204
2019-08-21,8610,8730,8530,8680,33026,0.009302325581395321
2019-08-22,8730,8800,8500,8750,40393,0.008064516129032251
2019-08-23,8780,8790,8670,8780,19238,0.0034285714285713365
2019-08-26,8600,8610,8380,8380,23175,-0.04555808656036442
2019-08-27,8360,8610,8350,8360,11121,-0.0023866348448687846
2019-08-28,8360,8500,8360,8470,7693,0.013157894736842035
2019-08-29,8520,8590,8450,8500,8232,0.0035419126328217754
2019-08-30,8480,8690,8480,8660,16214,0.018823529411764683
2019-09-02,8830,9290,8770,8890,118530,0.02655889145496526
2019-09-03,8960,9350,8960,9230,114015,0.038245219347581516
2019-09-04,9230,9440,9190,9300,34448,0.007583965330444142
2019-09-05,9380,9380,9100,9220,30131,-0.008602150537634357
2019-09-06,9180,9280,9080,9220,29855,0.0
2019-09-09,9240,9440,9130,9390,88724,0.018438177874186445
2019-09-10,9430,9570,9290,9490,39207,0.010649627263045858
2019-09-11,9550,9550,9330,9430,35238,-0.006322444678609096
2019-09-16,9520,9520,9150,9290,49495,-0.014846235418875975
2019-09-17,9260,9340,9100,9180,38681,-0.011840688912809427
2019-09-18,9330,9330,9180,9310,20099,0.014161220043573008
2019-09-19,9370,9370,9210,9280,6959,-0.0032223415682062218
2019-09-20,9310,9310,9190,9220,10086,-0.006465517241379337
2019-09-23,9290,9390,9140,9370,45781,0.01626898047722336
2019-09-24,9400,9420,9230,9380,13820,0.0010672358591248265
2019-09-25,9380,9380,9150,9200,15773,-0.019189765458422214
2019-09-26,9170,9360,9100,9140,9225,-0.006521739130434745
2019-09-27,9200,9200,9020,9050,8047,-0.009846827133479175
2019-09-30,9060,9080,8900,9030,12257,-0.0022099447513812542
2019-10-01,9030,9100,8960,8960,16374,-0.007751937984496138
2019-10-02,8920,9040,8850,9020,7125,0.006696428571428603
2019-10-04,9020,9020,8910,8950,7402,-0.0077605321507761005
2019-10-07,8850,9010,8850,8950,18833,0.0
2019-10-08,9020,9020,8850,8930,4322,-0.0022346368715083775
2019-10-10,9090,9100,8800,9100,18874,0.01903695408734607
2019-10-11,9170,9170,8900,9120,14062,0.00219780219780219
2019-10-14,9120,9220,9100,9200,15395,0.00877192982456143
2019-10-15,9200,9210,8940,9150,38553,-0.005434782608695676
2019-10-16,9140,9250,9070,9200,10346,0.005464480874316946
2019-10-17,9200,9200,9030,9100,4228,-0.010869565217391353
2019-10-18,9100,9100,8920,9040,10274,-0.00659340659340657
2019-10-21,9040,9080,8860,9080,12192,0.004424778761061843
2019-10-22,9020,9060,8970,9060,5957,-0.0022026431718061845
2019-10-23,9060,9090,8900,8900,13291,-0.017660044150110354
2019-10-24,8810,9000,8810,8970,18931,0.00786516853932584
2019-10-25,9090,9140,8910,9000,22548,0.0033444816053511683
2019-10-28,9150,9400,9040,9340,38341,0.03777777777777769
2019-10-29,9420,9550,9370,9540,57043,0.021413276231263323
2019-10-30,9540,9540,9340,9430,16228,-0.011530398322851187
2019-10-31,9430,9430,9100,9160,23913,-0.028632025450689325
2019-11-01,9120,9270,8980,9160,16396,0.0
2019-11-04,9160,9200,8970,9040,21763,-0.013100436681222738
2019-11-05,9050,9100,9000,9050,12918,0.0011061946902655162
2019-11-06,9080,9080,9010,9020,5462,-0.0033149171270717703
2019-11-07,8980,9030,8960,9030,15538,0.0011086474501109667
2019-11-08,9000,9060,9000,9040,5932,0.001107419712070845
2019-11-11,9040,9100,9000,9040,8540,0.0
2019-11-12,9040,9250,9000,9230,13872,0.02101769911504414
2019-11-13,9220,9300,9080,9140,7292,-0.009750812567713929
2019-11-14,9190,9300,9030,9060,11751,-0.008752735229759279
2019-11-15,9020,9200,9010,9060,11673,0.0
2019-11-18,9060,9070,8940,9030,24255,-0.0033112582781457123
2019-11-19,9030,9090,8970,9090,6687,0.006644518272425293
2019-11-20,9080,9150,9040,9120,8054,0.0033003300330032292
2019-11-21,9170,9170,8980,9020,8288,-0.010964912280701733
2019-11-22,9000,9090,8990,9020,7755,0.0
2019-11-25,9050,9100,9000,9030,9127,0.0011086474501109667
2019-11-26,9030,9250,9030,9240,16466,0.023255813953488413
2019-11-27,9240,9290,9150,9200,6824,-0.0043290043290042934
2019-11-28,9200,9300,9090,9230,9165,0.003260869565217428
2019-11-29,9230,9280,9000,9030,17109,-0.021668472372697756
2019-12-02,9150,9150,8970,9080,18187,0.005537098560354448
2019-12-03,9080,9080,8960,9060,8127,-0.0022026431718061845
2019-12-04,9100,9100,8890,8930,10475,-0.014348785871964642
2019-12-05,8930,8930,8780,8780,14261,-0.016797312430011146
2019-12-06,8770,8800,8700,8750,13126,-0.003416856492027387
2019-12-09,8750,8930,8750,8820,6628,0.008000000000000007
2019-12-10,8980,8980,8830,8900,7053,0.009070294784580435
2019-12-11,8900,8940,8660,8880,22694,-0.0022471910112359383
2019-12-12,8880,8900,8720,8870,11429,-0.0011261261261261701
2019-12-13,8920,8950,8850,8850,42574,-0.0022547914317925244
2019-12-16,8850,8880,8810,8850,8781,0.0
2019-12-17,8810,9160,8810,8960,30679,0.012429378531073398
2019-12-18,8960,9040,8940,9000,4371,0.0044642857142858094
2019-12-19,8900,9060,8890,9000,19367,0.0
2019-12-20,9000,9090,8990,9070,2387,0.007777777777777883
2019-12-23,9100,9140,9020,9100,6533,0.00330760749724357
2019-12-24,9030,10500,9000,9010,238708,-0.009890109890109855
2019-12-26,9020,9100,8910,8960,22515,-0.005549389567147567
2019-12-27,8860,9000,8860,8950,18853,-0.0011160714285713969
2019-12-30,8950,9020,8910,9010,6437,0.006703910614525244
2020-01-02,9030,9330,9030,9270,45468,0.02885682574916748
2020-01-03,9290,9380,9110,9240,25583,-0.003236245954692518
2020-01-06,9240,9240,9030,9090,12003,-0.016233766233766267
2020-01-07,8970,9110,8970,9080,4713,-0.0011001100110010764
2020-01-08,9080,9080,8860,9010,25349,-0.00770925110132159
2020-01-09,9020,9140,9020,9090,19497,0.008879023307436285
2020-01-10,9090,9090,8940,9040,20208,-0.005500550055005493
2020-01-13,8990,9270,8950,9220,31235,0.019911504424778848
2020-01-14,9130,9290,9020,9160,25344,-0.006507592190889366
2020-01-15,9150,9200,9050,9170,16932,0.0010917030567685337
2020-01-16,9110,9190,9050,9100,19252,-0.007633587786259555
2020-01-17,9090,9220,9010,9130,19841,0.003296703296703285
2020-01-20,9170,9180,9050,9130,26396,0.0
2020-01-21,9180,9180,9000,9050,22791,-0.008762322015334112
2020-01-22,9050,9070,8960,9050,16523,0.0
2020-01-23,9070,9070,8860,9000,30171,-0.0055248618784530246
2020-01-28,8570,8990,8500,8520,49202,-0.053333333333333344
2020-01-29,8520,8660,8520,8630,18886,0.012910798122065748
2020-01-30,8560,8620,8450,8450,14810,-0.02085747392815762
2020-01-31,8370,8540,8220,8220,26577,-0.02721893491124261
2020-02-03,7900,8220,7850,8220,44320,0.0
2020-02-04,8220,8460,8220,8430,9323,0.025547445255474477
2020-02-05,8450,8520,8450,8520,12242,0.01067615658362997
2020-02-06,8500,8640,8500,8610,23676,0.010563380281690238
2020-02-07,8610,8730,8580,8650,11898,0.004645760743321681
2020-02-10,8610,8650,8500,8570,20982,-0.009248554913294793
2020-02-11,8570,8640,8500,8570,38557,0.0
2020-02-12,8600,8600,8390,8520,54399,-0.005834305717619559
2020-02-13,8520,8580,8420,8520,24873,0.0
2020-02-14,8470,8520,8320,8520,31561,0.0
2020-02-17,8430,8480,8300,8430,37538,-0.010563380281690127
2020-02-18,8430,8430,8390,8430,8431,0.0
2020-02-19,8430,8700,8220,8450,31669,0.0023724792408066353
2020-02-20,8410,8410,8250,8270,18916,-0.02130177514792897
2020-02-21,8270,8290,8130,8130,23750,-0.016928657799274438
2020-02-24,7980,8250,7850,8000,43661,-0.01599015990159902
2020-02-25,7990,8030,7760,7950,27603,-0.006249999999999978
2020-02-26,7840,8050,7760,7780,23435,-0.021383647798742134
2020-02-27,7740,7940,7620,7750,27759,-0.003856041131105381
2020-02-28,7700,7740,7310,7350,59763,-0.05161290322580647
2020-03-02,7320,7470,7250,7320,55209,-0.004081632653061273
2020-03-03,7390,7500,7390,7480,18407,0.021857923497267784
2020-03-04,7400,7780,7400,7650,25933,0.022727272727272707
2020-03-05,7650,7840,7650,7790,15521,0.018300653594771177
2020-03-06,7660,7790,7500,7750,28304,-0.005134788189987138
2020-03-09,7740,7740,7260,7390,46005,-0.04645161290322586
2020-03-10,7390,7430,6920,7430,24557,0.005412719891745521
2020-03-11,7460,7460,7180,7230,25554,-0.026917900403768513
2020-03-12,7070,7220,6790,6800,51654,-0.05947441217150762
2020-03-13,6300,6570,5780,6410,89668,-0.057352941176470607
2020-03-16,6360,6590,6240,6240,45595,-0.026521060842433664
2020-03-17,5820,6200,5820,6170,46514,-0.011217948717948678
2020-03-18,6120,6240,5850,5870,24213,-0.0486223662884927
2020-03-19,5740,5870,5050,5190,69417,-0.11584327086882451
2020-03-20,5140,5480,5140,5470,47304,0.05394990366088637
2020-03-23,5290,5290,4990,5010,52588,-0.08409506398537481
2020-03-24,5090,5350,5090,5350,37112,0.06786427145708585
2020-03-25,5450,5880,5450,5850,69091,0.09345794392523366
2020-03-26,5820,6030,5700,5850,57862,0.0
2020-03-27,6080,6140,5790,5910,27910,0.01025641025641022
2020-03-30,5770,5880,5450,5860,42505,-0.008460236886632777
2020-03-31,5920,6200,5920,6120,21082,0.04436860068259385
2020-04-01,6110,6390,6000,6110,48098,-0.0016339869281045694
2020-04-02,6100,6110,5940,6070,19651,-0.006546644844517169
2020-04-03,6080,6140,5900,6080,12695,0.0016474464579900872
2020-04-06,6080,6370,6080,6310,37639,0.03782894736842102
2020-04-07,6420,6600,6250,6470,36968,0.02535657686212356
2020-04-08,6370,6540,6330,6470,28317,0.0
2020-04-09,6550,6760,6550,6610,35553,0.021638330757341562
2020-04-10,6620,6980,6600,6780,43050,0.02571860816944027
2020-04-13,6800,6830,6670,6700,21768,-0.01179941002949858
2020-04-14,6640,6880,6640,6820,30414,0.017910447761193993
2020-04-16,6720,6960,6700,6820,32363,0.0
2020-04-17,6940,6980,6780,6790,33546,-0.004398826979472137
2020-04-20,6830,7070,6760,6900,65107,0.016200294550809957
2020-04-21,6920,7400,6710,7050,71689,0.021739130434782705
2020-04-22,6910,7060,6820,7040,26908,-0.0014184397163120588
2020-04-23,7070,7190,7040,7160,32572,0.017045454545454586
2020-04-24,7160,7190,6930,7010,24912,-0.020949720670391025
2020-04-27,7020,7160,7020,7150,27071,0.0199714693295292
2020-04-28,7190,7250,7010,7120,23408,-0.004195804195804231
2020-04-29,7160,7250,7120,7210,33372,0.012640449438202195
2020-05-04,7070,7260,7040,7220,31858,0.001386962552011095
2020-05-06,7170,7230,7020,7190,29962,-0.0041551246537395725
2020-05-07,7200,7310,7150,7310,18861,0.016689847009735637
2020-05-08,7330,7700,7330,7600,74166,0.039671682626539084
2020-05-11,7680,7680,7420,7550,25268,-0.006578947368421018
2020-05-12,7460,7560,7240,7400,25006,-0.019867549668874163
2020-05-13,7370,7370,7200,7280,14639,-0.01621621621621616
2020-05-14,7180,7290,7130,7270,26049,-0.0013736263736263687
2020-05-15,7300,7300,7100,7260,24802,-0.0013755158184318717
2020-05-18,7260,7260,7070,7150,19151,-0.015151515151515138
2020-05-19,7260,7370,7200,7330,30275,0.025174825174825166
2020-05-20,7320,7340,7250,7320,23907,-0.0013642564802183177
2020-05-21,7350,7500,7300,7470,40055,0.020491803278688492
2020-05-22,7470,7470,7180,7260,23622,-0.028112449799196804
2020-05-25,7190,7300,7090,7280,52613,0.0027548209366390353
2020-05-26,7320,7860,7290,7500,271206,0.030219780219780112
2020-05-27,7520,7650,7480,7510,80041,0.0013333333333334085
2020-05-28,7510,7590,7240,7340,52716,-0.022636484687083902
2020-05-29,7340,7360,7180,7350,24104,0.0013623978201635634
2020-06-01,7300,7540,7300,7400,48282,0.006802721088435382
2020-06-02,7500,7650,7440,7490,50702,0.012162162162162149
2020-06-03,7530,8480,7490,8040,835043,0.07343124165554071
2020-06-04,8690,10450,8260,8360,5049265,0.03980099502487566
2020-06-05,8570,8730,8230,8420,1046851,0.0071770334928229484
2020-06-08,8570,9840,8470,8950,3755020,0.06294536817102148
2020-06-09,8900,9020,8470,8580,650355,-0.04134078212290504
2020-06-10,8510,8530,8200,8200,364710,-0.044289044289044344
2020-06-11,8160,8590,7980,8050,422064,-0.018292682926829285
2020-06-12,7420,7740,7420,7670,182096,-0.047204968944099424
2020-06-15,7670,7680,7030,7040,187446,-0.08213820078226863
2020-06-16,7150,7400,7140,7360,102284,0.045454545454545414
2020-06-17,7300,7410,7110,7180,101074,-0.024456521739130488
2020-06-18,7180,7290,7100,7230,62401,0.0069637883008355494
2020-06-19,7230,7340,7110,7270,64594,0.0055325034578146415
2020-06-22,7290,7430,7040,7130,84882,-0.019257221458046758
2020-06-23,7200,7260,6960,7090,81491,-0.005610098176718092
2020-06-24,7170,7240,7140,7220,46956,0.01833568406205921
2020-06-25,7150,7160,6990,7020,53420,-0.027700831024930705
2020-06-26,7060,7120,6970,7050,39703,0.004273504273504258
2020-06-29,7020,8300,6820,7170,839643,0.017021276595744705
2020-06-30,7220,7340,7030,7120,141086,-0.006973500697350032
2020-07-01,7140,7170,7040,7040,43212,-0.011235955056179803
2020-07-02,7200,7200,7020,7090,35519,0.007102272727272707
2020-07-03,7140,7250,7070,7160,48370,0.009873060648801113
2020-07-06,7240,7280,7100,7190,38732,0.0041899441340782495
2020-07-07,7250,7340,7150,7250,57790,0.008344923504867818
2020-07-08,7200,7300,7200,7270,25055,0.0027586206896552667
2020-07-09,7350,7370,7210,7290,38135,0.0027510316368637433
2020-07-10,7250,7280,7070,7120,64970,-0.023319615912208547
2020-07-13,7160,7190,7100,7160,33782,0.00561797752808979
2020-07-14,7180,7180,7090,7150,37679,-0.0013966480446927498
2020-07-15,7200,7570,7200,7370,201039,0.03076923076923066
2020-07-16,7520,7540,7370,7500,78321,0.01763907734056991
2020-07-17,7560,7560,7420,7440,41498,-0.008000000000000007
2020-07-20,7550,7760,7430,7740,159897,0.040322580645161255
2020-07-21,7830,7880,7560,7770,98990,0.003875968992248069
2020-07-22,7820,8070,7700,7790,136423,0.002574002574002643
2020-07-23,7820,7870,7450,7530,100612,-0.033376123234916566
2020-07-24,7470,7630,7450,7490,58627,-0.005312084993359889
2020-07-27,7490,7630,7490,7550,47538,0.008010680907877266
2020-07-28,7760,7760,7540,7540,60126,-0.0013245033112583293
2020-07-29,7630,7640,7480,7560,44019,0.0026525198938991412
2020-07-30,7630,7630,7530,7590,41593,0.003968253968253954
2020-07-31,7530,7630,7460,7500,39488,-0.011857707509881465
2020-08-03,7540,7540,7420,7460,36047,-0.005333333333333301
2020-08-04,7440,7640,7440,7550,53560,0.012064343163538771
2020-08-05,7640,7640,7490,7550,41483,0.0
2020-08-06,7610,7730,7560,7630,70331,0.01059602649006619
2020-08-07,7700,7700,7520,7560,34813,-0.00917431192660545
2020-08-10,7540,8000,7540,7930,257639,0.04894179894179884
2020-08-11,8040,8220,7980,8190,290245,0.032786885245901676
2020-08-12,8190,8270,7920,8010,149646,-0.02197802197802201
2020-08-13,8070,8140,7800,7800,116025,-0.02621722846441943
2020-08-14,7790,7890,7680,7790,71699,-0.0012820512820512775
2020-08-18,7780,7780,7370,7370,155138,-0.05391527599486523
2020-08-19,7480,7570,7420,7490,46333,0.016282225237449044
2020-08-20,7480,7500,7120,7220,85712,-0.03604806408544725
2020-08-21,7200,7330,7120,7250,47051,0.0041551246537396835
2020-08-24,7250,7270,7020,7270,71027,0.0027586206896552667
2020-08-25,7280,7500,7280,7500,41390,0.031636863823933936
2020-08-26,7550,7550,7300,7450,34271,-0.00666666666666671
2020-08-27,7500,7500,7230,7330,80773,-0.016107382550335614
2020-08-28,7340,7470,7260,7310,46509,-0.0027285129604365244
2020-08-31,7320,7430,7220,7230,47378,-0.01094391244870041
2020-09-01,7230,7350,7230,7300,31577,0.009681881051175623
2020-09-02,7300,7620,7300,7380,58933,0.010958904109588996
2020-09-03,7600,7600,7410,7490,71293,0.01490514905149043
2020-09-04,7320,7400,7290,7370,51088,-0.01602136181575431
2020-09-07,7370,7580,7360,7540,82513,0.023066485753052923
2020-09-08,7570,7660,7430,7490,64332,-0.006631299734747964
2020-09-09,7340,7470,7330,7390,50690,-0.013351134846461998
2020-09-10,7390,7540,7380,7430,39505,0.005412719891745521
2020-09-11,7430,7920,7430,7570,199747,0.018842530282638048
2020-09-14,7690,7940,7600,7830,107131,0.034346103038309206
2020-09-15,7960,7960,7450,7780,75952,-0.0063856960408684715
2020-09-16,7780,7870,7680,7800,56031,0.0025706940874035134
2020-09-17,7800,7920,7540,7680,85930,-0.01538461538461533
2020-09-18,7700,7740,7550,7600,51645,-0.01041666666666663
2020-09-21,7600,7740,7490,7540,55537,-0.007894736842105288
2020-09-22,7590,7620,7350,7400,58984,-0.018567639257294433
2020-09-23,7450,7460,7200,7390,44105,-0.0013513513513513375
2020-09-24,7220,7300,7180,7220,51332,-0.023004059539918797
2020-09-25,7240,7300,7120,7200,33906,-0.0027700831024930483
2020-09-28,7210,7360,7210,7350,16107,0.02083333333333326
2020-09-29,7360,7430,7310,7380,21820,0.004081632653061273
2020-10-05,7390,7730,7280,7650,84816,0.03658536585365857
2020-10-06,7710,7770,7570,7630,33971,-0.002614379084967311
2020-10-07,7620,7670,7550,7660,26432,0.003931847968545288
2020-10-08,7700,7700,7600,7660,34246,0.0
2020-10-12,7680,7700,7580,7650,33698,-0.0013054830287205776
2020-10-13,7670,7850,7650,7790,108392,0.018300653594771177
2020-10-14,7760,7900,7590,7760,93919,-0.0038510911424903815
2020-10-15,7760,8300,7700,8220,516890,0.05927835051546393
2020-10-16,8230,8320,7750,7880,274129,-0.041362530413625254
2020-10-19,7900,8020,7720,7750,87173,-0.016497461928933976
2020-10-20,7700,7790,7530,7740,103785,-0.001290322580645209
2020-10-21,7780,7810,7650,7740,45096,0.0
2020-10-22,7720,8040,7600,7950,196978,0.027131782945736482
2020-10-23,8030,8100,7810,7910,113891,-0.005031446540880502
2020-10-26,7930,7960,7610,7660,77913,-0.031605562579013924
2020-10-27,7610,7700,7500,7610,59083,-0.00652741514360311
2020-10-28,7510,7720,7510,7700,24603,0.01182654402102501
2020-10-29,7570,7700,7470,7520,78865,-0.023376623376623384
2020-10-30,7580,7580,7320,7320,79480,-0.02659574468085102
2020-11-02,7320,7500,7320,7490,24999,0.023224043715847076
2020-11-03,7510,7630,7510,7620,23139,0.01735647530040052
2020-11-04,7630,7720,7610,7680,67522,0.007874015748031482
2020-11-05,7740,7980,7610,7830,56456,0.01953125
2020-11-06,7870,8240,7790,7970,262817,0.017879948914431676
2020-11-09,7990,8080,7890,7990,83234,0.0025094102885820924
2020-11-10,8050,8200,7940,8010,118088,0.0025031289111390187
2020-11-11,8020,8120,7990,8120,71408,0.013732833957553092
2020-11-12,8120,8120,7980,8030,52029,-0.011083743842364546
2020-11-13,8050,8050,7860,7960,65739,-0.008717310087173136
2020-11-16,7960,8130,7960,8080,83004,0.015075376884422065
2020-11-17,8160,8500,8120,8400,424943,0.03960396039603964
2020-11-18,8420,8420,8200,8220,129961,-0.021428571428571463
2020-11-19,8220,8360,8180,8330,90275,0.01338199513381988
2020-11-20,8400,8530,8290,8420,88150,0.010804321728691502
2020-11-23,8390,8730,8290,8610,146135,0.0225653206650831
2020-11-24,8670,8800,8510,8560,122204,-0.005807200929152101
2020-11-25,8660,9100,8660,8870,432764,0.03621495327102808
2020-11-26,8900,9240,8680,9070,660134,0.022547914317925688
2020-11-27,9000,9370,8940,8970,287527,-0.011025358324145529
2020-11-30,9020,9030,8800,8800,107013,-0.018952062430323324
2020-12-01,8880,9080,8780,9050,121128,0.02840909090909083
2020-12-02,9100,9600,9050,9580,392002,0.05856353591160213
2020-12-03,9650,9990,9580,9810,311092,0.024008350730688965
2020-12-04,9900,10200,9810,9850,400719,0.004077471967380175
2020-12-07,9990,9990,9520,9780,212502,-0.007106598984771617
2020-12-08,9740,9740,9500,9570,150222,-0.021472392638036797
2020-12-09,9610,9910,9530,9880,187282,0.03239289446185989
2020-12-10,9860,9870,9200,9730,141599,-0.015182186234817818
2020-12-11,9740,10100,9620,9960,134632,0.023638232271325776
2020-12-14,10000,10050,9750,9970,102768,0.0010040160642570406
2020-12-15,10000,10150,9790,9970,114661,0.0
2020-12-16,10050,10100,9850,9970,89157,0.0
2020-12-17,9960,10050,9830,9950,101795,-0.0020060180541624506
2020-12-18,9950,9950,9860,9930,73851,-0.0020100502512563345
2020-12-21,9940,9940,9740,9870,88393,-0.0060422960725075026
2020-12-22,9860,9860,9410,9440,129713,-0.0435663627152989
2020-12-23,9440,9540,9250,9440,109130,0.0
2020-12-24,9410,9540,9410,9500,53177,0.006355932203389925
2020-12-28,9690,9880,9580,9630,154926,0.013684210526315743
2020-12-29,9700,9700,9550,9650,38120,0.0020768431983384517
2020-12-30,9610,9940,9610,9870,113293,0.022797927461139844
2021-01-04,9970,10100,9780,10050,109206,0.01823708206686936
2021-01-05,10100,11850,10000,11150,1261381,0.1094527363184079
2021-01-06,11250,11350,10600,10600,333414,-0.04932735426008972
2021-01-07,10800,11300,10700,10900,265744,0.028301886792452935
2021-01-08,10900,13500,10900,12250,2789987,0.12385321100917435
2021-01-11,12500,12800,11350,11650,595879,-0.048979591836734726
2021-01-12,11700,12100,11400,11500,261788,-0.012875536480686733
2021-01-13,11550,11650,11300,11400,168255,-0.008695652173912993
2021-01-14,11400,11500,11150,11500,169151,0.00877192982456143
2021-01-15,11500,11650,10800,11000,260754,-0.04347826086956519
2021-01-18,10800,11100,10600,10650,166940,-0.03181818181818186
2021-01-19,10700,11600,10700,11400,301604,0.07042253521126751
2021-01-20,12250,12250,11250,11450,283074,0.004385964912280604
2021-01-21,11550,12300,11350,12250,336924,0.06986899563318771
2021-01-22,12300,12450,12000,12350,216098,0.008163265306122547
2021-01-25,12400,12700,12150,12700,189708,0.028340080971659853
2021-01-26,16500,16500,16500,16500,519934,0.29921259842519676
2021-01-27,19200,21450,18150,21450,14962676,0.30000000000000004
2021-01-28,20350,26450,19100,21350,20086656,-0.004662004662004615
2021-01-29,22100,25400,20550,21500,8053717,0.007025761124121788
2021-02-01,21200,22500,18100,18550,3080211,-0.13720930232558137
2021-02-02,18500,19300,17900,18500,1848418,-0.0026954177897574594
2021-02-03,18600,19700,18200,19250,1742926,0.04054054054054057
2021-02-04,19250,19850,18650,19050,700646,-0.010389610389610393
2021-02-05,19100,19250,17100,17950,1198278,-0.05774278215223094
2021-02-08,17200,17600,16500,17150,599675,-0.04456824512534818
2021-02-09,17400,17700,17100,17300,369086,0.008746355685131268
2021-02-10,17050,17550,16650,17500,312598,0.011560693641618602
2021-02-15,17550,17850,17350,17850,340900,0.020000000000000018
2021-02-16,17800,17900,17350,17400,326162,-0.025210084033613467
2021-02-17,17650,18650,17500,18050,1105080,0.03735632183908044
2021-02-18,18100,18950,18000,18600,1009280,0.030470914127423754
2021-02-19,18650,18650,17550,18300,541397,-0.016129032258064502
2021-02-22,18250,20900,17800,19900,3011116,0.08743169398907114
2021-02-23,20300,20450,19050,19400,741013,-0.025125628140703515
2021-02-24,19400,19500,17250,17500,765949,-0.09793814432989689
2021-02-25,17950,20300,17800,19200,2167671,0.0971428571428572
2021-02-26,18500,20600,18250,20400,2240107,0.0625
2021-03-02,20900,24850,20650,22100,8727390,0.08333333333333326
2021-03-03,21700,21800,20300,20400,1234376,-0.07692307692307687
2021-03-04,20550,20850,19700,20200,705442,-0.009803921568627416
2021-03-05,19600,21100,18900,20350,698349,0.007425742574257432
2021-03-08,20500,20750,19000,19000,651081,-0.06633906633906639
2021-03-09,18700,20000,18000,18700,652389,-0.015789473684210575
2021-03-10,19400,20050,18600,18800,624288,0.005347593582887722
2021-03-11,18800,19250,18250,18800,245599,0.0
2021-03-12,19000,19400,18750,19300,293767,0.02659574468085113
2021-03-15,20000,20350,18800,18950,511743,-0.01813471502590669
2021-03-16,19050,19150,18700,18900,173504,-0.0026385224274406704
2021-03-17,18800,18800,18400,18550,196063,-0.01851851851851849
2021-03-18,18700,18850,18450,18550,166282,0.0
2021-03-19,18150,18350,17900,18200,194645,-0.018867924528301883
2021-03-22,18450,18450,17900,18000,141356,-0.01098901098901095
2021-03-23,18000,18150,17250,17400,277478,-0.033333333333333326
2021-03-24,17150,18200,17000,17900,180126,0.028735632183908066
2021-03-25,18250,18250,17300,17450,186183,-0.025139664804469275
2021-03-26,17450,18150,17450,17750,160176,0.017191977077363862
2021-03-29,18000,18600,17800,18600,303043,0.04788732394366191
2021-03-30,18850,19000,18100,18350,243475,-0.013440860215053752
2021-03-31,18350,18350,17500,17500,321946,-0.0463215258855586
2021-04-01,14650,16200,14450,15650,2011061,-0.10571428571428576
2021-04-02,15700,15800,14850,15100,643008,-0.03514376996805113
2021-04-05,15050,15300,14500,15200,511639,0.0066225165562914245
2021-04-06,15300,15350,14750,14900,247413,-0.019736842105263164
2021-04-07,15100,16000,15050,15950,642712,0.07046979865771807
2021-04-08,16150,16400,15700,16300,554181,0.021943573667711602
2021-04-09,16450,16550,16000,16400,242428,0.006134969325153339
2021-04-12,16400,16450,15850,16350,202796,-0.0030487804878048808
2021-04-13,16500,16550,16100,16400,240386,0.003058103975535076
2021-04-14,16250,16350,16000,16250,166735,-0.009146341463414642
2021-04-15,16100,16700,16100,16200,229106,-0.003076923076923088
2021-04-16,16450,16450,16150,16350,169279,0.0092592592592593
2021-04-19,16400,16550,15950,16050,213473,-0.01834862385321101
2021-04-20,16050,16800,16000,16600,298539,0.03426791277258556
2021-04-21,16400,17000,16300,16650,326552,0.003012048192771122
2021-04-22,16650,16850,16300,16650,258261,0.0
2021-04-23,16650,20800,16500,18800,3514037,0.12912912912912922
2021-04-26,18550,19600,18200,19600,1019658,0.042553191489361764
2021-04-27,19400,21300,19200,20100,2723351,0.025510204081632626
2021-04-28,20100,22300,19700,20800,2849322,0.03482587064676612
2021-04-29,20750,27000,20750,27000,10880859,0.29807692307692313
2021-04-30,26400,27700,24900,26200,4067618,-0.029629629629629672
2021-05-03,26750,26800,22150,22150,2975345,-0.15458015267175573
2021-05-04,23800,24250,22000,22500,3204509,0.015801354401805856
2021-05-06,22250,24400,22250,24000,1700203,0.06666666666666665
2021-05-07,24100,24150,23000,23250,764212,-0.03125
2021-05-10,23500,24350,23100,23400,841813,0.006451612903225712
2021-05-11,23850,25000,22700,24150,2488101,0.03205128205128216
2021-05-12,24050,26150,23000,23900,2409801,-0.010351966873705987
2021-05-13,23000,23450,21650,22050,820246,-0.07740585774058573
2021-05-14,22250,22550,20850,20950,741600,-0.049886621315192725
2021-05-17,21000,21400,20100,20400,562803,-0.026252983293556076
2021-05-18,20250,21500,20250,21500,578465,0.05392156862745101
2021-05-20,20950,21200,20450,20800,303981,-0.032558139534883734
2021-05-21,20900,20900,20100,20200,267804,-0.028846153846153855
2021-05-24,20300,20400,19550,20150,256432,-0.0024752475247524774
2021-05-25,20500,20600,19850,19950,278699,-0.00992555831265507
2021-05-26,20100,20200,19400,19950,306666,0.0
2021-05-27,20000,20450,19900,20200,226043,0.012531328320801949
2021-05-28,20500,21350,20400,21300,523840,0.054455445544554504
2021-05-31,21300,21400,20350,20600,396076,-0.032863849765258246
2021-06-01,20600,21250,20600,20600,256191,0.0
2021-06-02,20700,21100,20350,20700,286030,0.004854368932038833
2021-06-03,20600,20650,19950,20300,277361,-0.019323671497584516
2021-06-04,20200,20450,19950,20350,178850,0.0024630541871921707
2021-06-07,20450,20500,19700,19950,292654,-0.019656019656019708
2021-06-08,19750,19900,19500,19600,192166,-0.01754385964912286
2021-06-09,19600,19600,19100,19150,238925,-0.022959183673469385
2021-06-10,19200,19850,19150,19600,196754,0.023498694516971286
2021-06-11,19900,20750,19500,20750,430124,0.058673469387755084
2021-06-14,21050,21050,20500,20700,226491,-0.002409638554216831
2021-06-15,20700,20800,20400,20550,151463,-0.007246376811594235
2021-06-16,20600,20750,20200,20650,122696,0.0048661800486617945
2021-06-17,20450,20600,20150,20500,121445,-0.007263922518159771
2021-06-18,20350,20450,20050,20150,180558,-0.017073170731707332
2021-06-21,20150,20350,19800,20200,137634,0.002481389578163684
2021-06-22,20250,21800,20250,21250,803358,0.051980198019802026
2021-06-23,21500,21550,20800,21150,351046,-0.004705882352941226
2021-06-24,21150,21950,20650,21900,482850,0.03546099290780136
2021-06-25,22450,22550,21750,21850,552281,-0.0022831050228310223
2021-06-28,21850,22150,21300,21750,300870,-0.004576659038901587
2021-06-29,21750,21800,20800,21000,300683,-0.03448275862068961
2021-06-30,21000,21300,20650,21100,173281,0.004761904761904745
2021-07-01,21000,21250,20800,20900,124878,-0.009478672985781977
2021-07-02,20950,21150,20700,20750,144957,-0.0071770334928229484
2021-07-05,20950,21250,20600,20850,119184,0.004819277108433662
2021-07-06,20850,21350,20800,21350,201590,0.023980815347721895
2021-07-07,21350,21350,20700,20850,188551,-0.023419203747072626
2021-07-08,20800,21800,20700,21100,396406,0.011990407673860837
2021-07-09,20800,20800,20000,20350,318725,-0.03554502369668244
2021-07-12,20550,21100,20350,20800,177159,0.02211302211302213
2021-07-13,21000,21100,20700,21050,139800,0.012019230769230838
2021-07-14,21050,23000,20750,22200,976755,0.05463182897862229
2021-07-15,22400,22750,22000,22400,407767,0.009009009009008917
2021-07-16,22400,23800,22250,22650,1245116,0.01116071428571419
2021-07-19,22650,23150,22100,22350,352632,-0.013245033112582738
2021-07-20,21700,22050,21150,21400,448321,-0.04250559284116329
2021-07-21,21700,21900,20800,20800,239772,-0.028037383177570097
2021-07-22,21000,21550,20900,21450,173743,0.03125
2021-07-23,21650,22400,21300,21950,316065,0.02331002331002341
2021-07-26,22350,22500,21350,21400,211391,-0.02505694760820043
2021-07-27,21500,22350,21400,22200,349284,0.03738317757009346
2021-07-28,22300,22650,21550,22150,346791,-0.0022522522522522292
2021-07-29,22450,23450,22200,23000,861381,0.038374717832957206
2021-07-30,22950,23200,22350,22400,301545,-0.02608695652173909
2021-08-02,22400,22450,21750,22100,203284,-0.013392857142857095
2021-08-03,22200,22300,20950,20950,385890,-0.05203619909502266
2021-08-04,21000,21800,20800,21450,246057,0.023866348448687402
2021-08-05,21500,21800,21100,21600,168196,0.006993006993007089
2021-08-06,21500,21700,21250,21400,128679,-0.0092592592592593
2021-08-09,21400,21450,20950,21200,130994,-0.009345794392523366
2021-08-10,21100,21200,20850,21200,130596,0.0
2021-08-11,21500,21700,20850,21000,332559,-0.009433962264150941
2021-08-12,21000,21150,20100,20350,367598,-0.030952380952380953
2021-08-13,20350,20400,19250,19800,251368,-0.027027027027026973
2021-08-17,19650,19850,18900,18950,217084,-0.04292929292929293
2021-08-18,18700,19650,18500,19650,171977,0.03693931398416894
2021-08-19,19500,19500,18350,18350,242877,-0.0661577608142494
2021-08-20,18450,18800,17300,17400,249472,-0.05177111716621252
2021-08-23,17450,18100,17000,17750,159802,0.02011494252873569
2021-08-24,18050,18800,18050,18600,128040,0.04788732394366191
2021-08-25,18850,19200,18500,18700,86049,0.005376344086021501
2021-08-26,18850,18850,18250,18300,88002,-0.021390374331550777
2021-08-27,18100,18550,17750,18400,101385,0.005464480874316946
2021-08-30,18750,18950,18500,18800,171222,0.021739130434782705
2021-08-31,18950,19000,18500,18900,118511,0.005319148936170137
2021-09-01,19000,19300,18800,19150,144927,0.013227513227513255
2021-09-02,19150,20150,19050,19800,261967,0.03394255874673635
2021-09-03,20200,20250,19700,19750,157338,-0.002525252525252486
2021-09-06,19800,19950,19500,19800,100829,0.0025316455696202667
2021-09-07,19800,20600,19700,20050,246422,0.012626262626262541
2021-09-08,20100,20500,19750,20200,214571,0.007481296758104827
2021-09-09,19950,20350,19450,19500,161674,-0.034653465346534684
2021-09-10,19350,19750,19100,19550,126545,0.002564102564102555
2021-09-13,19500,19950,19200,19400,91732,-0.007672634271099765
2021-09-14,19250,19600,19200,19350,62831,-0.002577319587628857
2021-09-15,19250,19650,19250,19650,78069,0.015503875968992276
2021-09-16,19600,20050,19550,19550,93909,-0.0050890585241730735
2021-09-17,19550,20400,19500,20150,215622,0.03069053708439906
2021-09-23,19650,19700,18950,19100,182049,-0.052109181141439254
2021-09-24,19050,19300,18800,18850,109414,-0.01308900523560208
2021-09-27,18700,18950,18500,18750,40848,-0.0053050397877983935
2021-09-28,18750,18900,17850,18000,156045,-0.040000000000000036
2021-09-29,17500,17950,17300,17800,74039,-0.011111111111111072
2021-09-30,17600,18200,17600,18000,88318,0.011235955056179803
2021-10-01,17650,17950,17200,17300,102834,-0.03888888888888886
2021-10-05,17000,17150,16350,16900,136662,-0.023121387283236983
2021-10-06,16950,17250,15900,16050,145978,-0.050295857988165715
2021-10-07,16100,17300,16100,16850,114208,0.049844236760124616
2021-10-08,16950,17400,16950,17150,61033,0.017804154302670572
2021-10-12,17100,17300,16850,17000,37956,-0.008746355685131157
2021-10-13,17000,18100,17000,18100,173073,0.06470588235294117
2021-10-14,18450,18800,18200,18450,138422,0.01933701657458564
2021-10-15,18500,18650,18100,18350,105645,-0.005420054200542035
2021-10-18,18550,18600,17900,18400,62112,0.0027247956403269047
2021-10-19,18150,18600,17900,18050,84901,-0.01902173913043481
2021-10-20,18100,18250,17700,17700,67056,-0.01939058171745156
2021-10-21,17800,18050,17500,17600,36459,-0.005649717514124242
2021-10-22,17600,17600,17200,17300,48980,-0.017045454545454586
2021-10-25,17250,17550,16500,17500,41161,0.011560693641618602
2021-10-26,17750,17750,17350,17500,44583,0.0
2021-10-27,17550,17550,17100,17200,43163,-0.017142857142857126
2021-10-28,17050,17250,16950,17050,53376,-0.008720930232558155
2021-10-29,17100,17200,16500,16700,93305,-0.02052785923753664
2021-11-01,16700,16800,16400,16550,55665,-0.008982035928143728
2021-11-02,16500,17000,16500,16900,42797,0.02114803625377637
2021-11-03,17100,17150,16450,16600,69387,-0.017751479289940808
2021-11-04,16650,16900,16200,16400,92845,-0.012048192771084376
2021-11-05,16300,16400,15650,15800,103115,-0.03658536585365857
2021-11-08,15800,16350,15500,16250,61417,0.028481012658227778
2021-11-09,16000,16450,15900,16050,51134,-0.012307692307692353
2021-11-10,16050,16050,15250,15350,91803,-0.04361370716510904
2021-11-11,15100,15550,15000,15300,56475,-0.0032573289902280145
2021-11-12,15150,16250,15150,16150,86348,0.05555555555555558
2021-11-15,16150,16250,15750,16200,52693,0.003095975232198178
2021-11-16,16200,16350,15800,16150,51237,-0.0030864197530864335
2021-11-17,16150,16200,15700,16100,65454,-0.003095975232198178
2021-11-18,16000,16400,15750,16100,43663,0.0
2021-11-19,16000,16350,15850,16150,125005,0.0031055900621117516
2021-11-22,16300,17000,16200,16900,346470,0.04643962848297223
2021-11-23,16900,17500,16250,16250,164288,-0.038461538461538436
2021-11-24,16600,16600,15900,16000,82866,-0.01538461538461533
2021-11-25,15900,16150,15700,15850,63633,-0.009375000000000022
2021-11-26,15850,16100,15400,15550,66853,-0.018927444794952675
2021-11-29,14800,15300,14400,14800,135837,-0.048231511254019255
2021-11-30,14950,15250,14000,14100,153463,-0.04729729729729726
2021-12-01,13900,14950,13850,14650,76460,0.03900709219858145
2021-12-02,14400,15500,14300,15500,70326,0.058020477815699634
2021-12-03,15500,15550,15200,15450,30782,-0.003225806451612856
2021-12-06,15200,15600,15100,15500,42318,0.003236245954692629
2021-12-07,15400,15700,15350,15550,31269,0.003225806451612856
2021-12-08,15550,16050,15450,15550,75734,0.0
2021-12-09,15450,15800,15450,15750,24353,0.012861736334405238
2021-12-10,15550,16100,15450,16050,64770,0.01904761904761898
2021-12-13,16050,16650,16050,16400,76711,0.02180685358255441
2021-12-14,16200,16400,16050,16300,44296,-0.0060975609756097615
2021-12-15,16150,16300,16100,16200,29677,-0.006134969325153339
2021-12-16,16350,16600,16250,16250,55647,0.0030864197530864335
2021-12-17,16200,16800,16150,16550,55154,0.01846153846153853
2021-12-20,16400,16550,16200,16250,39438,-0.01812688821752262
2021-12-21,16200,16500,16100,16300,36743,0.003076923076922977
2021-12-22,16350,16650,16300,16350,36050,0.0030674846625766694
2021-12-23,16350,16600,16300,16550,75486,0.012232415902140747
2021-12-24,16550,17500,16550,17450,186201,0.05438066465256797
2021-12-27,17500,18300,17500,18300,213991,0.04871060171919761
2021-12-28,18550,18600,17850,17850,182551,-0.024590163934426257
2021-12-29,17600,17800,16500,16800,271981,-0.05882352941176472
2021-12-30,16800,16800,16300,16450,108727,-0.02083333333333337
2022-01-03,16500,16550,15900,16250,89694,-0.012158054711246202
2022-01-04,16250,16600,16150,16600,65654,0.021538461538461506
2022-01-05,16600,17350,16500,17250,187929,0.03915662650602414
2022-01-06,16900,17550,16650,17300,144898,0.0028985507246377384
2022-01-07,17200,17650,17000,17600,113638,0.01734104046242768
2022-01-10,17650,17900,16950,16950,201004,-0.03693181818181823
2022-01-11,16950,16950,16500,16550,67692,-0.02359882005899705
2022-01-12,16700,17150,16700,17150,42188,0.03625377643504524
2022-01-13,17200,17400,16900,17000,44133,-0.008746355685131157
2022-01-14,16850,17150,16600,16750,56767,-0.014705882352941124
2022-01-17,16700,16700,16050,16300,57898,-0.0268656716417911
2022-01-18,16050,16350,15850,15900,46835,-0.024539877300613466
2022-01-19,15550,16150,15150,15550,31691,-0.022012578616352196
2022-01-20,15450,16200,15450,16150,37160,0.03858520900321549
2022-01-21,16150,16250,15800,16000,34481,-0.009287925696594423
2022-01-24,15600,15800,15250,15300,68555,-0.043749999999999956
2022-01-25,15300,15600,14450,14950,113958,-0.022875816993464082
2022-01-26,14850,15300,14800,15050,47387,0.006688963210702337
2022-01-27,14950,15200,14500,14550,72206,-0.03322259136212624
2022-01-28,14550,15350,14250,15350,54229,0.054982817869415834
2022-02-03,15950,16000,15350,15700,65750,0.0228013029315961
2022-02-04,15500,15900,15400,15850,56174,0.009554140127388644
2022-02-07,15900,16600,15500,15850,140799,0.0
2022-02-08,15800,16150,15600,15750,45806,-0.006309148264984188
2022-02-09,15850,16450,15750,16300,73152,0.03492063492063502
2022-02-10,16600,16650,16100,16150,96497,-0.009202453987730008
2022-02-11,16000,16350,15800,16100,47791,-0.003095975232198178
2022-02-14,15900,15900,15350,15400,62322,-0.04347826086956519
2022-02-15,15250,15600,14900,15000,62150,-0.025974025974025983
2022-02-16,15450,15800,15250,15650,51140,0.043333333333333224
2022-02-17,15650,16150,15500,15750,73167,0.006389776357827559
2022-02-18,15350,15850,15350,15700,26557,-0.0031746031746031633
2022-02-21,15550,15700,15400,15600,41349,-0.006369426751592355
2022-02-22,15400,15600,15200,15300,38946,-0.019230769230769273
2022-02-23,15250,16450,15250,16150,119754,0.05555555555555558
2022-02-24,16300,16750,15650,15800,168252,-0.021671826625387025
2022-02-25,16050,16350,15800,16250,116852,0.028481012658227778
2022-02-28,16600,16950,16250,16500,152888,0.01538461538461533
2022-03-02,16900,17400,16700,17150,174636,0.039393939393939315
2022-03-03,17700,17750,17150,17300,181852,0.008746355685131268
2022-03-04,17350,17900,17300,17550,187859,0.014450867052023142
2022-03-07,17900,18300,17450,18300,442707,0.042735042735042805
2022-03-08,21500,21700,18000,18100,4332309,-0.010928961748633892
2022-03-10,17800,17900,17000,17200,595118,-0.04972375690607733
2022-03-11,17300,17700,16850,17300,371545,0.005813953488372103
2022-03-14,17250,18400,17150,17900,742756,0.034682080924855585
2022-03-15,17900,18200,16800,16900,383017,-0.05586592178770955
2022-03-16,16850,17100,16700,16800,183173,-0.00591715976331364
2022-03-17,17000,17000,16650,16700,177959,-0.005952380952380931
2022-03-18,17150,17350,16750,16800,220298,0.0059880239520957446
2022-03-21,16900,17350,16700,17350,166099,0.032738095238095344
2022-03-22,17450,17450,17000,17300,137185,-0.0028818443804035088
2022-03-23,17600,18300,17450,17850,510274,0.03179190751445082
2022-03-24,18200,18300,17700,17900,260736,0.0028011204481792618
2022-03-25,18300,18300,17450,17800,199689,-0.005586592178770999
2022-03-28,17750,17750,17300,17400,115025,-0.022471910112359605
2022-03-29,17400,17700,16900,17000,144762,-0.02298850574712641
2022-03-30,17000,17100,16550,16700,160651,-0.01764705882352946
2022-03-31,16800,17300,16800,17250,125083,0.03293413173652704
2022-04-01,17050,17200,17000,17050,55533,-0.011594202898550732
2022-04-04,17050,17150,16850,17050,68958,0.0
2022-04-05,17100,17150,16850,16950,89904,-0.0058651026392961825
2022-04-06,16900,17000,16750,16850,55907,-0.005899705014749235
2022-04-07,16750,16950,16600,16600,68929,-0.014836795252225476
2022-04-08,16600,17350,16500,16950,145351,0.02108433734939763
2022-04-11,17000,17300,16800,17050,93647,0.005899705014749346
2022-04-12,17000,17200,16650,16750,81156,-0.017595307917888547
2022-04-13,16950,17500,16950,17400,183164,0.0388059701492538
2022-04-14,17450,17850,17200,17700,177896,0.01724137931034475
2022-04-15,17400,17850,17300,17700,115291,0.0
2022-04-18,17650,17650,17400,17500,78132,-0.011299435028248594
2022-04-19,17450,19350,17450,18750,981659,0.0714285714285714
2022-04-20,19350,20300,19150,19850,1245820,0.058666666666666645
2022-04-21,20000,20250,19450,19850,381506,0.0
2022-04-22,19500,19500,18200,19150,806034,-0.035264483627204024
2022-04-25,18850,19450,18300,18500,401221,-0.03394255874673624
2022-04-26,18600,18800,17950,18100,235739,-0.021621621621621623
2022-04-27,17600,18100,17400,17850,284158,-0.013812154696132617
2022-04-28,17850,18600,17700,18250,220967,0.022408963585434094
2022-04-29,18300,18350,17800,18150,125221,-0.005479452054794498
2022-05-02,18250,18750,18100,18250,228505,0.005509641873278293
2022-05-03,18500,18800,18250,18350,174640,0.005479452054794498
2022-05-04,18400,18700,18250,18450,178452,0.005449591280654031
2022-05-06,18100,18100,17450,17550,217950,-0.04878048780487809
2022-05-09,17400,17500,16700,16750,247263,-0.04558404558404561
2022-05-10,16300,16550,15850,16400,168834,-0.020895522388059695
2022-05-11,16300,16450,16050,16250,90333,-0.009146341463414642
2022-05-12,15850,17050,15850,16200,261757,-0.003076923076923088
2022-05-13,16250,16550,16200,16400,72819,0.012345679012345734
2022-05-16,16700,16800,16450,16500,79665,0.0060975609756097615
2022-05-17,16600,17100,16550,17050,146084,0.03333333333333344
2022-05-18,17300,17350,16900,17000,127370,-0.0029325513196480912
2022-05-19,16500,16700,16400,16550,84457,-0.026470588235294135
2022-05-20,16900,17200,16700,16850,83237,0.01812688821752273
2022-05-23,16950,16950,16600,16650,53465,-0.011869436201780381
2022-05-24,16650,16800,16200,16300,81127,-0.02102102102102099
2022-05-25,16300,16500,16250,16350,39384,0.0030674846625766694
2022-05-26,16400,16950,16350,16650,106371,0.0183486238532109
2022-05-27,16800,16850,16500,16600,46563,-0.0030030030030030463
2022-05-30,16600,16750,16450,16550,88064,-0.003012048192771122
2022-05-31,16600,16650,16400,16500,61073,-0.0030211480362537513
2022-06-02,16500,16650,16400,16650,49613,0.009090909090909038
2022-06-03,16700,16800,16600,16700,70863,0.0030030030030030463
2022-06-07,16650,17000,16500,16850,73130,0.008982035928143617
2022-06-08,16800,16850,16650,16700,24130,-0.008902077151335286
2022-06-09,16650,16650,16350,16500,47669,-0.0119760479041916
2022-06-10,16300,16400,15800,15900,137537,-0.036363636363636376
2022-06-13,15550,15550,14900,14900,149155,-0.06289308176100628
2022-06-14,14350,14900,14300,14750,111782,-0.010067114093959773
2022-06-15,14550,14850,14250,14350,94285,-0.027118644067796627
2022-06-16,14550,14900,14350,14400,56126,0.0034843205574912606
2022-06-17,14000,14350,13700,14250,65840,-0.01041666666666663
2022-06-20,14250,14300,13200,13350,92230,-0.06315789473684208
2022-06-21,13250,13700,13200,13700,40850,0.02621722846441954
2022-06-22,13650,13750,12700,12850,108950,-0.062043795620437936
2022-06-23,12700,12900,11900,12100,166847,-0.05836575875486383
2022-06-24,12000,12600,11950,12550,84553,0.037190082644628086
2022-06-27,12750,13050,12450,12950,106546,0.031872509960159334
2022-06-28,12850,13300,12700,13000,133884,0.0038610038610038533
2022-06-29,12700,13050,12650,12800,40211,-0.01538461538461533
2022-06-30,12800,13000,12300,12350,67766,-0.03515625
2022-07-01,12400,12800,12100,12200,73370,-0.012145748987854255
2022-07-04,12250,12400,11750,12050,71854,-0.012295081967213073
2022-07-05,12050,12600,12050,12600,52123,0.045643153526971014
2022-07-06,12550,12600,12100,12100,42357,-0.03968253968253965
2022-07-07,12200,12500,12150,12450,37336,0.02892561983471076
2022-07-08,12600,12850,12500,12650,41324,0.016064257028112428
2022-07-11,12650,12750,12400,12550,28299,-0.007905138339920903
2022-07-12,12350,12500,11950,12050,42426,-0.03984063745019917
2022-07-13,11950,12300,11850,12150,34151,0.008298755186721962
2022-07-14,12050,12300,11950,12200,27123,0.004115226337448652
2022-07-15,12200,12350,11850,12150,31721,-0.004098360655737654
2022-07-18,12300,12550,12250,12450,38163,0.024691358024691468
2022-07-19,12400,12700,12300,12650,39906,0.016064257028112428
2022-07-20,12950,12950,12650,12750,57714,0.007905138339920903
2022-07-21,12700,12850,12600,12850,32982,0.007843137254901933
2022-07-22,12850,12950,12700,12850,29591,0.0
2022-07-25,12850,13000,12750,12850,34386,0.0
2022-07-26,12800,13050,12750,12950,28113,0.0077821011673151474
2022-07-27,12900,12950,12700,12850,29641,-0.007722007722007707
2022-07-28,12950,13350,12900,13300,84962,0.035019455252918386
2022-07-29,13450,13800,13400,13450,89357,0.011278195488721776
2022-08-01,13700,14250,13450,14000,239005,0.040892193308550207
2022-08-02,14150,14200,13500,13600,225243,-0.02857142857142858
2022-08-03,13500,13650,13350,13450,82435,-0.011029411764705843
2022-08-04,13550,13600,13350,13400,62211,-0.0037174721189591198
2022-08-05,13350,13700,13350,13650,52100,0.018656716417910557
2022-08-08,13650,13700,13500,13550,41817,-0.0073260073260073
2022-08-09,13550,13850,13400,13550,40585,0.0
2022-08-10,13450,14100,13450,13950,132931,0.029520295202952074
2022-08-11,14200,14200,13800,13950,84919,0.0
2022-08-12,14100,14300,13900,14300,88943,0.02508960573476693
2022-08-16,15050,15150,14500,14550,278436,0.0174825174825175
2022-08-17,14450,14600,14000,14100,116436,-0.030927835051546393
2022-08-18,13950,13950,13600,13850,77981,-0.01773049645390068
2022-08-19,13800,13950,13650,13850,64588,0.0
2022-08-22,13750,13750,13400,13450,73971,-0.028880866425992746
2022-08-23,13300,14000,13050,13900,136868,0.03345724907063197
2022-08-24,13900,14400,13850,14350,115901,0.03237410071942448
2022-08-25,14550,14550,14200,14200,68701,-0.010452961672473893
2022-08-26,14200,14350,13900,14350,80675,0.010563380281690238
2022-08-29,13750,14200,13700,13900,73665,-0.03135888501742157
2022-08-30,14000,14250,13900,14050,46917,0.010791366906474753
2022-08-31,13900,14300,13900,14150,40549,0.007117437722419906
2022-09-01,14100,14150,13800,13900,48552,-0.017667844522968212
2022-09-02,13850,13950,13300,13450,67639,-0.03237410071942448
2022-09-05,13250,13650,13250,13450,25307,0.0
2022-09-06,13500,13850,13500,13700,39723,0.018587360594795488
2022-09-07,13850,14200,13550,13700,56013,0.0
2022-09-08,13900,14100,13750,13800,43495,0.007299270072992803
2022-09-13,14050,15150,13950,15100,370674,0.09420289855072461
2022-09-14,14550,14800,14200,14750,193056,-0.023178807947019875
2022-09-15,15100,15200,14550,14700,121270,-0.003389830508474523
2022-09-16,14600,15500,14550,15050,388562,0.023809523809523725
2022-09-19,14700,14750,13500,13550,342404,-0.09966777408637872
2022-09-20,13700,13950,13550,13800,78820,0.01845018450184499
2022-09-21,13650,13850,13350,13700,91726,-0.007246376811594235
2022-09-22,13450,13450,12850,13200,108998,-0.03649635036496346
2022-09-23,13300,13650,13100,13350,156628,0.011363636363636465
2022-09-26,13300,13850,12500,12600,277522,-0.0561797752808989
2022-09-27,12350,12650,12100,12400,103790,-0.015873015873015928
2022-09-28,12400,12500,11450,11600,163312,-0.06451612903225812
2022-09-29,11800,12250,11500,11500,136639,-0.008620689655172376
2022-09-30,11300,11750,11000,11600,74801,0.008695652173912993
2022-10-04,11800,12000,11550,11900,112167,0.02586206896551735
2022-10-05,12000,12100,11350,11500,118940,-0.03361344537815125
2022-10-06,11550,11950,11550,11900,53757,0.034782608695652195
2022-10-07,11900,12050,11750,11850,51134,-0.004201680672268893
2022-10-11,11550,11600,11300,11550,66799,-0.025316455696202556
2022-10-12,11400,11550,11300,11500,46741,-0.0043290043290042934
2022-10-13,11350,11400,11000,11150,69726,-0.0304347826086957
2022-10-14,11300,11550,11300,11500,31892,0.03139013452914807
2022-10-17,11250,11650,11200,11600,26777,0.008695652173912993
2022-10-18,11850,11950,11550,11850,42172,0.02155172413793105
2022-10-19,11800,12050,11700,11800,30363,-0.00421940928270037
2022-10-20,11800,11850,11400,11550,43808,-0.021186440677966156
2022-10-21,11400,11550,11250,11300,33376,-0.02164502164502169
2022-10-24,11400,11650,11350,11450,41625,0.01327433628318575
2022-10-25,11500,11550,11300,11350,17083,-0.008733624454148492
2022-10-26,11400,11400,11050,11150,45505,-0.017621145374449365
2022-10-27,10550,10850,10150,10750,186828,-0.0358744394618834
2022-10-28,10750,10750,10400,10400,90638,-0.032558139534883734
2022-10-31,10550,10550,10150,10400,49890,0.0
2022-11-01,10300,10650,10250,10550,56912,0.014423076923076872
2022-11-02,10550,10700,10500,10550,35948,0.0
2022-11-03,10400,10600,10200,10550,31664,0.0
2022-11-04,10500,10550,10400,10550,24728,0.0
2022-11-07,10550,11050,10550,10950,59295,0.03791469194312791
2022-11-08,11000,11150,10900,11000,36741,0.004566210045662045
2022-11-09,11000,11250,11000,11200,51010,0.018181818181818077
2022-11-10,11150,11250,11050,11150,27264,-0.004464285714285698
2022-11-11,11400,11500,11250,11400,106629,0.022421524663677195
2022-11-14,11450,11700,11400,11450,100526,0.004385964912280604
2022-11-15,11550,12000,11450,12000,116870,0.048034934497816595
2022-11-16,12100,12100,11750,12050,56806,0.004166666666666652
2022-11-17,12000,12000,11600,11700,65235,-0.02904564315352698
2022-11-18,11650,11800,11500,11650,25800,-0.004273504273504258
2022-11-21,11600,11650,11300,11450,44527,-0.01716738197424894
2022-11-22,11450,11600,11350,11400,20558,-0.004366812227074246
2022-11-23,11400,11550,11300,11550,43167,0.013157894736842035
2022-11-24,11550,11700,11550,11650,26323,0.008658008658008587
2022-11-25,11650,11750,11600,11750,22773,0.008583690987124415
2022-11-28,11900,11900,11400,11500,26316,-0.021276595744680882
2022-11-29,11500,11650,11350,11650,21875,0.01304347826086949
2022-11-30,11600,11800,11500,11700,31588,0.0042918454935623185
2022-12-01,11850,12000,11700,11900,36036,0.017094017094017033
2022-12-02,11900,11900,11600,11600,23674,-0.025210084033613467
2022-12-05,11600,11700,11450,11600,26639,0.0
2022-12-06,11450,11550,11150,11150,53262,-0.03879310344827591
2022-12-07,10950,11300,10950,11250,60547,0.008968609865470878
2022-12-08,11250,11300,10950,11050,42674,-0.01777777777777778
2022-12-09,11100,11200,10950,11050,45238,0.0
2022-12-12,11000,11100,10950,11050,17495,0.0
2022-12-13,11100,11150,10950,11050,22183,0.0
2022-12-14,11100,11200,11000,11200,18268,0.013574660633484115
2022-12-15,11150,11200,11000,11100,17031,-0.008928571428571397
2022-12-16,10900,10950,10800,10950,17187,-0.013513513513513487
2022-12-19,10800,10900,10750,10850,27194,-0.0091324200913242
2022-12-20,10750,10800,10500,10650,44977,-0.018433179723502335
2022-12-21,10650,10800,10600,10700,20562,0.0046948356807512415
2022-12-22,10700,10900,10700,10900,18133,0.01869158878504673
2022-12-23,10800,10800,10550,10600,33411,-0.02752293577981646
2022-12-26,10650,10650,10450,10550,23642,-0.004716981132075526
2022-12-27,10450,10700,10450,10700,29214,0.014218009478673022
2022-12-28,10600,10600,10450,10500,14876,-0.01869158878504673
2022-12-29,10500,10500,10100,10350,37641,-0.014285714285714235
2023-01-02,10250,10350,10100,10200,37771,-0.01449275362318836
2023-01-03,10000,10100,9760,10050,57926,-0.014705882352941124
2023-01-04,9910,10300,9880,10250,27847,0.01990049751243772
2023-01-05,10250,10400,10200,10350,17164,0.009756097560975618
2023-01-06,10400,10550,10300,10500,22318,0.01449275362318847
2023-01-09,10650,10750,10550,10750,29128,0.023809523809523725
2023-01-10,10750,10900,10700,10750,17578,0.0
2023-01-11,10750,10850,10700,10750,19560,0.0
2023-01-12,10800,10900,10700,10800,14288,0.0046511627906977715
2023-01-13,10850,11150,10800,11150,85153,0.03240740740740744
2023-01-16,11050,11250,11000,11100,35911,-0.004484304932735439
2023-01-17,11150,11200,10950,11100,19868,0.0
2023-01-18,11050,11100,10900,11050,20855,-0.0045045045045044585
2023-01-19,11400,11550,11100,11300,109904,0.02262443438914019
2023-01-20,11200,11250,11100,11250,17260,-0.004424778761061954
2023-01-25,11600,11600,11150,11150,40325,-0.008888888888888835
2023-01-26,11160,11410,11160,11340,27793,0.01704035874439458
2023-01-27,11360,11490,11300,11450,27044,0.00970017636684295
2023-01-30,11390,11490,11280,11300,20388,-0.013100436681222738
2023-01-31,11350,11410,11240,11290,31848,-0.0008849557522123686
2023-02-01,11430,11430,11250,11350,27460,0.005314437555358653
2023-02-02,11350,11410,11260,11350,40268,0.0
2023-02-03,11350,11370,11170,11300,16717,-0.004405286343612369
2023-02-06,11220,11270,11070,11140,40978,-0.01415929203539823
2023-02-07,11100,11210,11090,11160,10339,0.0017953321364452268
2023-02-08,11180,11430,11170,11370,43148,0.018817204301075252
2023-02-09,11270,11360,11180,11290,28363,-0.0070360598065083435
2023-02-10,11290,11290,10950,10970,38628,-0.02834366696191315
2023-02-13,10970,10990,10800,10970,19643,0.0
2023-02-14,10970,11200,10940,11070,34837,0.009115770282588809
2023-02-15,11160,11160,10850,10860,20444,-0.01897018970189701
2023-02-16,10970,11050,10890,10990,26175,0.011970534069981609
2023-02-17,11030,12170,10980,12170,513774,0.10737033666969964
2023-02-20,12100,12220,11830,12100,165748,-0.005751848808545623
2023-02-21,12450,12600,12100,12250,261829,0.012396694214876103
2023-02-22,12050,12420,12010,12200,112159,-0.004081632653061273
2023-02-23,12230,12250,11640,11950,100448,-0.020491803278688492
2023-02-24,11900,12070,11400,11460,103344,-0.041004184100418395
2023-02-27,11430,11720,11300,11400,64096,-0.005235602094240788
2023-02-28,11600,11600,11300,11350,35323,-0.004385964912280715
2023-03-02,11360,11810,11360,11640,83102,0.02555066079295165
2023-03-03,11650,11730,11590,11640,36732,0.0
2023-03-06,11640,11700,11400,11520,60767,-0.010309278350515427
2023-03-07,11520,11830,11520,11780,75997,0.02256944444444442
2023-03-08,11700,11700,11350,11500,66409,-0.02376910016977929
2023-03-09,11500,11530,11260,11310,31733,-0.016521739130434754
2023-03-10,11150,11170,10950,11000,51922,-0.027409372236958496
2023-03-13,10900,10900,10610,10760,50080,-0.021818181818181848
2023-03-14,10600,10660,10310,10500,63354,-0.024163568773234223
2023-03-15,10600,10730,10500,10730,25099,0.02190476190476187
2023-03-16,10730,10730,10410,10540,36314,-0.017707362534948756
2023-03-17,10650,10810,10550,10720,25826,0.017077798861480087
2023-03-20,10710,10770,10650,10720,19977,0.0
2023-03-21,10670,10760,10600,10720,38211,0.0
2023-03-22,10720,10740,10490,10550,50789,-0.01585820895522383
2023-03-23,10410,10770,10340,10700,63524,0.014218009478673022
