Date,Open,High,Low,Close,Volume,Change
2015-01-02,124000,125500,123500,123500,27912,-0.02371541501976282
2015-01-05,124000,126000,123500,124500,48229,0.00809716599190291
2015-01-06,124500,125000,121000,121000,43930,-0.028112449799196804
2015-01-07,120500,125500,120500,123500,36141,0.02066115702479343
2015-01-08,125000,129000,124500,126500,42479,0.02429149797570851
2015-01-09,128000,130500,127500,127500,32839,0.007905138339920903
2015-01-12,128000,128500,125000,127000,47904,-0.0039215686274509665
2015-01-13,127500,129000,127000,127000,38224,0.0
2015-01-14,127000,129000,126500,126500,31725,-0.003937007874015741
2015-01-15,128000,128000,123500,123500,30092,-0.02371541501976282
2015-01-16,123000,123000,119000,119500,47165,-0.03238866396761131
2015-01-19,121500,121500,119500,121500,15366,0.01673640167364021
2015-01-20,121500,123000,120000,120000,16646,-0.012345679012345734
2015-01-21,120500,123500,119000,123500,35581,0.029166666666666563
2015-01-22,122500,124500,118500,124000,46810,0.004048582995951344
2015-01-23,124000,125500,121000,122500,53892,-0.012096774193548376
2015-01-26,121000,121000,115500,116500,66024,-0.048979591836734726
2015-01-27,115500,117000,112500,117000,87192,0.0042918454935623185
2015-01-28,116500,118000,114000,118000,50038,0.008547008547008517
2015-01-29,117000,118000,116500,116500,42175,-0.012711864406779627
2015-01-30,117000,118500,115000,115000,50754,-0.012875536480686733
2015-02-02,115000,116000,113500,114500,37828,-0.004347826086956497
2015-02-03,114500,114500,110000,110000,68963,-0.0393013100436681
2015-02-04,111500,112000,110000,111500,48115,0.013636363636363669
2015-02-05,111000,111500,109000,110500,46169,-0.008968609865470878
2015-02-06,110000,110500,106500,108000,59133,-0.022624434389140302
2015-02-09,108500,108500,103000,103500,58345,-0.04166666666666663
2015-02-10,104000,108000,103000,106000,72746,0.024154589371980784
2015-02-11,106500,108500,105000,108000,24227,0.018867924528301883
2015-02-12,106500,107500,103500,106000,46689,-0.01851851851851849
2015-02-13,106500,109500,106000,109500,24277,0.03301886792452824
2015-02-16,109000,111000,108500,110000,35851,0.004566210045662045
2015-02-17,111000,114000,110000,112000,33446,0.018181818181818077
2015-02-23,112000,112000,109000,111000,53605,-0.008928571428571397
2015-02-24,110000,111000,107500,109000,54407,-0.018018018018018056
2015-02-25,109000,109000,107500,109000,49991,0.0
2015-02-26,108000,109500,107500,109500,64093,0.004587155963302836
2015-02-27,110000,111000,109000,109500,43345,0.0
2015-03-02,110000,110000,107000,109000,38653,-0.004566210045662156
2015-03-03,109000,112000,109000,111500,39196,0.022935779816513735
2015-03-04,111500,112500,110000,111500,32526,0.0
2015-03-05,109500,112000,109500,110000,32825,-0.013452914798206317
2015-03-06,110500,113000,110500,112500,52986,0.022727272727272707
2015-03-09,112000,112500,109500,109500,39877,-0.026666666666666616
2015-03-10,110500,111000,109500,110000,15845,0.004566210045662045
2015-03-11,109000,113500,109000,111500,51961,0.013636363636363669
2015-03-12,112000,113000,111000,112500,46566,0.008968609865470878
2015-03-13,113000,113500,111000,112000,36350,-0.004444444444444473
2015-03-16,112000,114500,112000,114000,24847,0.017857142857142794
2015-03-17,115000,117500,114000,117000,52981,0.026315789473684292
2015-03-18,117000,119500,115000,117000,51189,0.0
2015-03-19,118000,118500,117000,117500,33954,0.004273504273504258
2015-03-20,117000,117500,114500,115000,36775,-0.021276595744680882
2015-03-23,114000,115000,112500,113500,28390,-0.013043478260869601
2015-03-24,112500,114500,111500,113000,26841,-0.004405286343612369
2015-03-25,112500,114000,110000,111000,42432,-0.017699115044247815
2015-03-26,109500,114000,109500,113000,40985,0.018018018018018056
2015-03-27,112000,113500,110500,113000,57689,0.0
2015-03-30,112000,117500,110500,110500,28600,-0.02212389380530977
2015-03-31,111000,112000,109500,111000,50836,0.004524886877828038
2015-04-01,110000,111500,108000,108000,31213,-0.027027027027026973
2015-04-02,108500,110000,107500,107500,33933,-0.00462962962962965
2015-04-03,107500,108500,107000,107000,15126,-0.0046511627906976605
2015-04-06,107500,108000,105000,105500,14383,-0.014018691588784993
2015-04-07,105500,107500,104000,106500,53503,0.009478672985782088
2015-04-08,106000,107500,106000,107500,30167,0.009389671361502261
2015-04-09,107000,108000,105000,106000,32693,-0.013953488372092981
2015-04-10,106000,110500,105500,110500,70609,0.04245283018867929
2015-04-13,111000,112000,109000,110500,35711,0.0
2015-04-14,110500,111500,109500,111000,53379,0.004524886877828038
2015-04-15,111000,112000,109000,110000,44063,-0.009009009009009028
2015-04-16,111000,113000,109500,113000,80944,0.027272727272727337
2015-04-17,112000,117000,112000,117000,61920,0.03539823008849563
2015-04-20,114000,121000,114000,119000,71074,0.017094017094017033
2015-04-21,118500,119500,115500,116000,44171,-0.025210084033613467
2015-04-22,116000,117000,113500,114000,62234,-0.017241379310344862
2015-04-23,114500,121500,113000,120000,57188,0.05263157894736836
2015-04-24,120000,123000,120000,121500,43127,0.012499999999999956
2015-04-27,122500,127500,121500,126000,99111,0.03703703703703698
2015-04-28,124500,125500,119500,121500,72486,-0.0357142857142857
2015-04-29,120000,121000,116500,118000,60888,-0.028806584362139898
2015-04-30,116500,119000,116000,119000,97755,0.008474576271186418
2015-05-04,118500,120000,118000,119000,34329,0.0
2015-05-06,119000,121000,117000,118500,39010,-0.004201680672268893
2015-05-07,118500,119000,117000,117000,52013,-0.012658227848101222
2015-05-08,117000,117500,115000,115000,21662,-0.017094017094017144
2015-05-11,116500,116500,113500,115000,37719,0.0
2015-05-12,115000,115500,112500,113000,64550,-0.017391304347826098
2015-05-13,113000,114500,112500,113500,37128,0.004424778761061843
2015-05-14,112000,113500,110000,111500,41890,-0.017621145374449365
2015-05-15,111500,113000,111500,112500,34051,0.008968609865470878
2015-05-18,112000,112500,110500,112500,39296,0.0
2015-05-19,112500,113000,109500,111000,61318,-0.013333333333333308
2015-05-20,111500,113500,110000,113500,60095,0.022522522522522515
2015-05-21,113500,114000,110500,110500,50620,-0.026431718061673992
2015-05-22,111000,113000,110000,112500,93206,0.018099547511312153
2015-05-26,113000,115500,112000,115000,165485,0.022222222222222143
2015-05-27,113000,116500,113000,116500,88877,0.01304347826086949
2015-05-28,116500,117500,112000,112500,84108,-0.03433476394849788
2015-05-29,112500,117000,112500,117000,84992,0.040000000000000036
2015-06-01,116500,116500,111000,113000,39720,-0.03418803418803418
2015-06-02,111500,112000,102500,103500,170843,-0.08407079646017701
2015-06-03,103500,107500,102000,107500,185884,0.03864734299516903
2015-06-04,106000,107500,104500,107500,43963,0.0
2015-06-05,108000,108000,105000,106000,76738,-0.013953488372092981
2015-06-08,106000,107000,101500,104000,79233,-0.018867924528301883
2015-06-09,103000,103500,102000,103000,70713,-0.009615384615384581
2015-06-10,103000,103000,100000,101500,30805,-0.014563106796116498
2015-06-11,103000,106000,101000,102000,43612,0.0049261083743843415
2015-06-12,103000,103000,99800,100500,38275,-0.014705882352941124
2015-06-15,101000,102500,99100,99500,24981,-0.00995024875621886
2015-06-16,99500,101000,97200,99200,33136,-0.0030150753768843908
2015-06-17,99900,100000,97200,99300,27559,0.0010080645161290036
2015-06-18,99300,99700,94600,95000,59123,-0.043303121852970805
2015-06-19,95400,96300,94300,94600,70998,-0.004210526315789442
2015-06-22,95300,98800,95100,97900,21030,0.03488372093023262
2015-06-23,98700,99400,98000,98000,9236,0.0010214504596526286
2015-06-24,99000,101500,98600,101500,39520,0.03571428571428581
2015-06-25,101500,102000,99900,101000,41007,-0.0049261083743842304
2015-06-26,101500,104000,101000,102000,36697,0.00990099009900991
2015-06-29,101000,102000,99500,100500,11238,-0.014705882352941124
2015-06-30,100000,102000,99500,102000,39556,0.014925373134328401
2015-07-01,101000,101000,98200,99400,45441,-0.025490196078431393
2015-07-02,99900,99900,95800,95800,54969,-0.03621730382293764
2015-07-03,95000,95000,92000,92900,71748,-0.030271398747390377
2015-07-06,91900,92000,90000,90900,52825,-0.02152852529601723
2015-07-07,91000,91200,90300,90300,41805,-0.0066006600660065695
2015-07-08,90500,90500,87700,88300,42247,-0.022148394241417457
2015-07-09,87100,87400,85000,85000,42635,-0.03737259343148358
2015-07-10,85500,86200,84600,85300,105693,0.003529411764705781
2015-07-13,85500,86600,84300,85100,39215,-0.0023446658851113966
2015-07-14,85000,85900,84400,85700,23712,0.007050528789659172
2015-07-15,85800,86200,85100,85800,35304,0.001166861143523823
2015-07-16,85600,86300,84900,85800,71645,0.0
2015-07-17,86100,86100,81800,83000,46537,-0.03263403263403264
2015-07-20,83000,84100,81300,82100,39613,-0.010843373493975905
2015-07-21,82500,87800,82500,86400,93281,0.052375152253349544
2015-07-22,86700,89900,85500,89000,56425,0.03009259259259256
2015-07-23,89200,96300,89200,95900,142120,0.07752808988764048
2015-07-24,96000,99400,96000,98700,121733,0.029197080291970767
2015-07-27,98400,103000,97900,103000,81265,0.0435663627152989
2015-07-28,100500,105000,99700,99700,62296,-0.03203883495145632
2015-07-29,100000,103000,96500,101500,47998,0.01805416248746239
2015-07-30,100500,105000,100000,101500,43718,0.0
2015-07-31,101500,104500,100500,104500,36622,0.029556650246305383
2015-08-03,102500,103000,99200,101500,21309,-0.028708133971291905
2015-08-04,101000,102000,98500,100000,30438,-0.014778325123152691
2015-08-05,100500,102500,99600,102500,31163,0.02499999999999991
2015-08-06,102000,103000,97000,97600,44756,-0.04780487804878053
2015-08-07,96800,97700,94600,95600,35704,-0.020491803278688492
2015-08-10,95600,97900,95100,97000,15269,0.014644351464435212
2015-08-11,97000,98800,96500,98300,19032,0.013402061855670055
2015-08-12,99400,104500,98800,102000,53242,0.03763987792472023
2015-08-13,100500,101500,98000,98000,51977,-0.039215686274509776
2015-08-17,97900,98900,97300,97700,18579,-0.003061224489795955
2015-08-18,98600,99900,97600,99300,21297,0.016376663254861867
2015-08-19,98700,100000,98600,98900,94096,-0.004028197381671705
2015-08-20,98000,99500,97000,98600,30260,-0.0030333670374115274
2015-08-21,98300,99000,95500,95500,30693,-0.03144016227180524
2015-08-24,94800,96800,91400,93400,31857,-0.021989528795811508
2015-08-25,93600,101500,92500,98000,151329,0.04925053533190571
2015-08-26,98400,100500,97800,97800,45788,-0.0020408163265306367
2015-08-27,98900,99300,94800,95000,76529,-0.02862985685071573
2015-08-28,95200,95500,93800,95000,44409,0.0
2015-08-31,95800,97700,94500,97000,101974,0.021052631578947434
2015-09-01,96800,97800,96700,97300,41774,0.003092783505154628
2015-09-02,95200,101000,95200,100000,157425,0.027749229188078095
2015-09-03,101500,104500,101000,103000,293885,0.030000000000000027
2015-09-04,104500,104500,101000,102000,79019,-0.009708737864077666
2015-09-07,103000,104000,101000,102500,47731,0.004901960784313708
2015-09-08,102000,105500,101500,105000,173185,0.024390243902439046
2015-09-09,105000,105500,102500,103500,146596,-0.014285714285714235
2015-09-10,105000,107500,103500,107000,71763,0.033816425120772875
2015-09-11,105500,106500,104000,104500,43128,-0.02336448598130836
2015-09-14,105500,105500,103000,105000,36410,0.004784688995215225
2015-09-15,104000,107000,103000,105000,68453,0.0
2015-09-16,106000,109000,105000,108500,66860,0.03333333333333344
2015-09-17,110000,110000,105000,106500,157012,-0.018433179723502335
2015-09-18,107000,110000,102500,106000,674450,-0.0046948356807511304
2015-09-21,106000,107500,104500,105500,34092,-0.004716981132075526
2015-09-22,107000,110000,107000,109000,52032,0.033175355450236976
2015-09-23,107500,108000,106500,107500,84952,-0.013761467889908285
2015-09-24,107000,108500,107000,108500,39224,0.009302325581395321
2015-09-25,109500,111500,108000,108000,60870,-0.004608294930875556
2015-09-30,106000,111000,106000,110500,92999,0.02314814814814814
2015-10-01,111500,112500,110500,110500,37201,0.0
2015-10-02,110000,112000,110000,111000,87988,0.004524886877828038
2015-10-05,110500,111000,108000,108000,30933,-0.027027027027026973
2015-10-06,106500,107000,104000,107000,84878,-0.0092592592592593
2015-10-07,104500,109000,104500,109000,50137,0.01869158878504673
2015-10-08,108000,109000,106500,106500,41448,-0.022935779816513735
2015-10-12,107000,107500,105500,106500,62775,0.0
2015-10-13,106000,109000,106000,107000,52431,0.0046948356807512415
2015-10-14,107500,110000,107000,110000,31565,0.028037383177569986
2015-10-15,109000,110500,108000,108500,28079,-0.013636363636363669
2015-10-16,107500,108500,106500,108500,39654,0.0
2015-10-19,108000,110000,108000,110000,14965,0.01382488479262678
2015-10-20,109500,112500,109500,111500,23375,0.013636363636363669
2015-10-21,110500,111000,109500,110500,31096,-0.008968609865470878
2015-10-22,111000,111500,108000,109000,61660,-0.013574660633484115
2015-10-23,109500,110000,108000,108500,29741,-0.004587155963302725
2015-10-26,107500,109000,106000,107500,27401,-0.009216589861751112
2015-10-27,107500,107500,105000,106500,22203,-0.009302325581395321
2015-10-28,106000,106500,101500,102500,58607,-0.03755868544600938
2015-10-29,102000,103500,101000,102000,71274,-0.004878048780487809
2015-10-30,102000,113500,101500,110000,223257,0.07843137254901955
2015-11-02,112500,117000,111000,117000,140634,0.06363636363636371
2015-11-03,116500,121500,116000,119000,78015,0.017094017094017033
2015-11-04,119000,120000,118000,118500,53784,-0.004201680672268893
2015-11-05,118000,119500,115500,118500,47158,0.0
2015-11-06,117500,119500,116500,117500,20684,-0.008438818565400852
2015-11-09,118500,120000,117500,119000,35588,0.012765957446808418
2015-11-10,117500,120000,116000,116500,23970,-0.021008403361344574
2015-11-11,117000,119500,117000,118500,50829,0.01716738197424883
2015-11-12,119500,120000,118000,119000,66389,0.00421940928270037
2015-11-13,117500,119000,115500,116500,30221,-0.021008403361344574
2015-11-16,114000,119500,114000,118500,78274,0.01716738197424883
2015-11-17,119500,120000,116000,116000,77011,-0.021097046413502074
2015-11-18,117500,124500,117000,121500,76655,0.047413793103448176
2015-11-19,120500,122500,120500,121500,47641,0.0
2015-11-20,122500,122500,117500,117500,41079,-0.03292181069958844
2015-11-23,117500,117500,115000,115000,17156,-0.021276595744680882
2015-11-24,115000,116000,114000,115500,17022,0.004347826086956497
2015-11-25,116000,116000,113500,113500,19233,-0.017316017316017285
2015-11-26,114500,116000,113000,113000,18108,-0.004405286343612369
2015-11-27,113500,114000,111000,112000,19510,-0.008849557522123908
2015-11-30,110500,113000,107500,111000,140768,-0.008928571428571397
2015-12-01,111500,114500,111000,114500,49691,0.03153153153153143
2015-12-02,115000,115000,111000,111500,67190,-0.026200873362445365
2015-12-03,111500,111500,108500,110500,28838,-0.008968609865470878
2015-12-04,109000,111500,108500,110000,29552,-0.004524886877828038
2015-12-07,110000,111500,106500,106500,13338,-0.03181818181818186
2015-12-08,107000,108500,105000,106500,20135,0.0
2015-12-09,106000,107000,103000,105500,51781,-0.009389671361502372
2015-12-10,105000,106000,103500,103500,40906,-0.018957345971563955
2015-12-11,103500,103500,100500,101000,48239,-0.024154589371980673
2015-12-14,100500,106500,100000,105000,55354,0.03960396039603964
2015-12-15,104500,106500,104000,104500,20530,-0.004761904761904745
2015-12-16,106500,108500,105500,107500,25307,0.028708133971291794
2015-12-17,107500,111500,107500,109500,33461,0.018604651162790642
2015-12-18,108000,110000,107500,108000,31136,-0.013698630136986356
2015-12-21,108500,108500,106500,107500,22792,-0.00462962962962965
2015-12-22,107000,108500,105500,108500,22223,0.009302325581395321
2015-12-23,108500,109500,107000,108500,29536,0.0
2015-12-24,108500,109500,107000,108000,16244,-0.004608294930875556
2015-12-28,109000,109000,106000,106500,13669,-0.01388888888888884
2015-12-29,105000,105500,103000,104500,19962,-0.018779342723004744
2015-12-30,104500,104500,102500,103000,21961,-0.014354066985645897
2016-01-04,103000,103000,100000,100000,47693,-0.029126213592232997
2016-01-05,99000,100000,98700,99100,32018,-0.009000000000000008
2016-01-06,98600,99100,96300,97000,69135,-0.021190716448032276
2016-01-07,96500,98200,96500,96500,158519,-0.005154639175257714
2016-01-08,95000,96300,92500,95400,55522,-0.011398963730569922
2016-01-11,94000,98400,94000,98000,26325,0.027253668763102645
2016-01-12,98000,98900,97400,98900,14188,0.009183673469387754
2016-01-13,98700,99800,98200,98600,23886,-0.0030333670374115274
2016-01-14,96900,98400,96100,97500,18632,-0.011156186612576113
2016-01-15,98300,98300,94000,94900,35652,-0.026666666666666616
2016-01-18,93900,94900,92800,93900,37106,-0.010537407797681753
2016-01-19,93500,98200,93000,97900,41768,0.04259850905218321
2016-01-20,97400,97700,93600,96200,31024,-0.01736465781409602
2016-01-21,94700,97400,94700,95000,60017,-0.012474012474012475
2016-01-22,95200,97000,95100,95200,28213,0.002105263157894832
2016-01-25,95700,97300,94600,97300,26841,0.022058823529411686
2016-01-26,96000,96400,93900,96200,38915,-0.01130524152106882
2016-01-27,95400,97500,95400,96100,54297,-0.0010395010395010118
2016-01-28,95300,96800,95300,96300,70359,0.0020811654526535772
2016-01-29,96300,97900,95000,96900,77070,0.006230529595015577
2016-02-01,96200,96800,93000,96800,84977,-0.0010319917440660964
2016-02-02,95200,96900,94400,95700,53947,-0.011363636363636354
2016-02-03,95700,95700,93700,94900,25216,-0.008359456635318674
2016-02-04,94900,98500,94200,98300,15040,0.035827186512118026
2016-02-05,97000,99000,96700,97200,26521,-0.011190233977619535
2016-02-11,96300,98000,95300,98000,22459,0.008230452674897082
2016-02-12,97000,100500,97000,99000,46950,0.010204081632652962
2016-02-15,99100,102000,98700,101500,11557,0.025252525252525304
2016-02-16,100500,102000,97800,101500,40849,0.0
2016-02-17,100500,104500,100000,102500,24365,0.009852216748768461
2016-02-18,103500,104000,102000,104000,20267,0.014634146341463428
2016-02-19,103500,106000,103500,105000,31693,0.009615384615384581
2016-02-22,103500,106500,102000,105500,16352,0.004761904761904745
2016-02-23,104000,106000,103000,104500,45567,-0.009478672985781977
2016-02-24,103500,105000,103500,105000,10185,0.004784688995215225
2016-02-25,104500,106000,103000,105000,41813,0.0
2016-02-26,103500,104500,102500,104000,27094,-0.00952380952380949
2016-02-29,102500,103500,101500,101500,38783,-0.024038461538461564
2016-03-02,103000,104000,102500,104000,61699,0.024630541871921263
2016-03-03,104000,104500,101500,104500,33786,0.004807692307692291
2016-03-04,103000,103500,101000,103500,46809,-0.009569377990430672
2016-03-07,103000,103000,101000,102000,46080,-0.01449275362318836
2016-03-08,101500,102500,100500,102000,29995,0.0
2016-03-09,101500,102500,100500,102500,32776,0.004901960784313708
2016-03-10,101500,104500,101000,104500,28496,0.019512195121951237
2016-03-11,103500,103500,102000,103000,32237,-0.014354066985645897
2016-03-14,102500,103500,102000,103500,30513,0.004854368932038833
2016-03-15,102000,103000,100500,103000,29395,-0.004830917874396157
2016-03-16,102000,102500,100500,102000,25270,-0.009708737864077666
2016-03-17,102000,103000,101500,102500,58579,0.004901960784313708
2016-03-18,101500,103500,101000,103500,75359,0.009756097560975618
2016-03-21,102500,107000,102500,106500,31303,0.02898550724637672
2016-03-22,106000,109000,106000,108500,59140,0.018779342723004744
2016-03-23,108000,109000,107500,108500,28166,0.0
2016-03-24,108000,109000,107500,108000,23575,-0.004608294930875556
2016-03-25,107000,107000,106000,106500,11783,-0.01388888888888884
2016-03-28,106000,107000,105000,106000,10606,-0.0046948356807511304
2016-03-29,106500,108000,105000,108000,23619,0.018867924528301883
2016-03-30,107500,110000,105000,105000,28738,-0.02777777777777779
2016-03-31,105500,105500,101500,104000,75846,-0.00952380952380949
2016-04-01,102500,104000,101000,102500,52845,-0.014423076923076872
2016-04-04,101000,101500,98500,100500,54066,-0.019512195121951237
2016-04-05,99200,100000,98100,98600,43339,-0.018905472636815968
2016-04-06,97800,98500,97800,98000,31255,-0.006085192697768749
2016-04-07,98100,99000,98100,98800,30766,0.008163265306122547
2016-04-08,98800,100000,98200,100000,18178,0.012145748987854255
2016-04-11,100500,101000,98900,100000,8353,0.0
2016-04-12,100500,102500,100500,102000,13868,0.020000000000000018
2016-04-14,103000,104000,102500,102500,16125,0.004901960784313708
2016-04-15,102000,103500,100500,101500,25950,-0.009756097560975618
2016-04-18,101000,104000,101000,104000,29750,0.024630541871921263
2016-04-19,104000,106000,104000,105000,23529,0.009615384615384581
2016-04-20,105000,106500,104500,104500,39383,-0.004761904761904745
2016-04-21,105000,105500,103500,105000,21277,0.004784688995215225
2016-04-22,104500,105000,101500,102500,26485,-0.023809523809523836
2016-04-25,102000,103000,101500,102500,24550,0.0
2016-04-26,103000,104500,101500,104000,28919,0.014634146341463428
2016-04-27,103000,103000,100500,102000,38399,-0.019230769230769273
2016-04-28,100500,102000,98900,100500,60350,-0.014705882352941124
2016-04-29,100000,100500,97100,97400,52684,-0.030845771144278555
2016-05-02,97300,97300,96200,96400,28631,-0.010266940451745366
2016-05-03,97100,97100,95900,96000,29396,-0.004149377593360981
2016-05-04,95700,96300,94400,95600,19573,-0.004166666666666652
2016-05-09,95500,95600,93500,93800,28095,-0.01882845188284521
2016-05-10,93800,95400,93800,94900,41541,0.011727078891258014
2016-05-11,95300,96800,95300,96300,24722,0.01475237091675452
2016-05-12,96400,96400,94500,95600,26539,-0.007268951194184803
2016-05-13,95200,95500,93600,94100,55689,-0.01569037656903771
2016-05-16,93900,94400,92900,92900,22853,-0.012752391073326264
2016-05-17,93100,93500,92200,92800,29896,-0.0010764262648008671
2016-05-18,92400,93400,91700,92300,25533,-0.0053879310344827624
2016-05-19,92500,93000,91800,92700,35819,0.004333694474539573
2016-05-20,92600,93200,91700,91700,21407,-0.010787486515641875
2016-05-23,92000,93400,91800,92800,21369,0.01199563794983649
2016-05-24,92200,93600,92100,92500,94825,-0.003232758620689613
2016-05-25,93000,96700,93000,95700,35223,0.034594594594594685
2016-05-26,96200,97000,95400,96100,18813,0.004179728317659448
2016-05-27,96000,99500,96000,99500,43552,0.03537981269510926
2016-05-30,98500,98600,96500,96900,30631,-0.026130653266331683
2016-05-31,96600,99200,96600,99100,174423,0.02270381836945301
2016-06-01,98500,101000,98500,100500,39916,0.01412714429868811
2016-06-02,100000,101000,98900,98900,26304,-0.015920398009950265
2016-06-03,98300,99000,97800,98100,24510,-0.008088978766430777
2016-06-07,98000,98300,97400,97700,29420,-0.004077471967380175
2016-06-08,97600,98600,96900,97600,59849,-0.0010235414534288667
2016-06-09,97300,98400,96600,96700,51254,-0.009221311475409832
2016-06-10,97000,97800,96500,97800,42067,0.011375387797311287
2016-06-13,96800,98000,96300,97800,29415,0.0
2016-06-14,97400,98000,96500,97500,29437,-0.0030674846625766694
2016-06-15,98100,98400,96000,96000,23649,-0.01538461538461533
2016-06-16,97000,97000,94700,95200,42999,-0.008333333333333304
2016-06-17,95900,96800,95000,96800,44821,0.01680672268907557
2016-06-20,96100,98000,96100,97300,38352,0.005165289256198413
2016-06-21,96600,97800,95300,97800,23533,0.005138746145940454
2016-06-22,97700,98900,96300,97800,44745,0.0
2016-06-23,97100,98100,96700,97500,29442,-0.0030674846625766694
2016-06-24,97700,98300,91000,96000,34904,-0.01538461538461533
2016-06-27,95200,98400,95200,96700,38073,0.007291666666666696
2016-06-28,96800,97000,95200,95200,23609,-0.015511892450879028
2016-06-29,95600,96000,94100,95700,16115,0.005252100840336116
2016-06-30,95500,95800,93800,94500,15936,-0.01253918495297801
2016-07-01,95000,95000,93800,93900,16680,-0.006349206349206327
2016-07-04,94100,95300,94100,95300,10498,0.014909478168264156
2016-07-05,95000,95300,94200,94800,10355,-0.005246589716684125
2016-07-06,94300,94400,91400,91800,36221,-0.03164556962025311
2016-07-07,92600,92600,91800,92300,16441,0.005446623093681824
2016-07-08,92600,92800,91100,92200,18763,-0.0010834236186348933
2016-07-11,91800,93300,91800,93300,16953,0.01193058568329719
2016-07-12,92500,94100,92400,94100,18768,0.008574490889603492
2016-07-13,94400,95700,94200,95700,23768,0.01700318809776835
2016-07-14,95500,95500,93500,94400,24554,-0.013584117032392928
2016-07-15,94400,95300,93700,95100,40140,0.00741525423728806
2016-07-18,94900,95100,94000,94500,18537,-0.006309148264984188
2016-07-19,94700,94700,93100,94400,39879,-0.0010582010582010914
2016-07-20,94300,94500,93100,94200,28191,-0.0021186440677966045
2016-07-21,94300,94800,93900,94700,9012,0.005307855626327074
2016-07-22,94500,94900,94200,94500,5682,-0.002111932418162654
2016-07-25,94400,97800,94400,97700,34124,0.033862433862433816
2016-07-26,97700,100000,97000,99000,44651,0.013306038894575156
2016-07-27,98600,99200,97100,98000,10957,-0.010101010101010055
2016-07-28,98500,98800,96800,98700,20143,0.0071428571428571175
2016-07-29,98400,98700,97400,97500,36379,-0.012158054711246202
2016-08-01,98400,100000,97200,98800,22589,0.01333333333333342
2016-08-02,99000,99500,96800,97600,23411,-0.012145748987854255
2016-08-03,97500,98600,96600,97300,10883,-0.0030737704918032405
2016-08-04,97400,97700,95700,97400,22235,0.0010277492291881352
2016-08-05,96500,98300,96500,98000,20711,0.006160164271047153
2016-08-08,97600,97900,96700,97600,29844,-0.004081632653061273
2016-08-09,97700,98700,97000,97600,21548,0.0
2016-08-10,97100,97400,95600,97000,59274,-0.006147540983606592
2016-08-11,97000,97400,96100,97400,11190,0.004123711340206171
2016-08-12,97100,98300,96800,98100,13706,0.007186858316221789
2016-08-16,98100,98600,96200,97000,29775,-0.011213047910295648
2016-08-17,97600,97600,95900,96400,15552,-0.006185567010309256
2016-08-18,96300,96300,94800,94800,42384,-0.016597510373444035
2016-08-19,95600,95700,94200,94400,51682,-0.00421940928270037
2016-08-22,93900,95100,93200,94100,25019,-0.0031779661016949623
2016-08-23,94000,95000,93600,94500,36332,0.004250797024442088
2016-08-24,94900,96100,93700,95700,79566,0.012698412698412653
2016-08-25,95400,98100,95400,98000,83173,0.024033437826541215
2016-08-26,97900,97900,96500,97000,19522,-0.010204081632653073
2016-08-29,96500,96800,95500,96200,14053,-0.008247422680412342
2016-08-30,96200,96500,95500,95700,6593,-0.00519750519750517
2016-08-31,96400,97100,95700,95800,35473,0.0010449320794148065
2016-09-01,96400,96400,94700,95100,10400,-0.007306889352818424
2016-09-02,95000,96800,94800,95400,27472,0.003154574132492094
2016-09-05,95900,98200,95900,97500,25114,0.022012578616352307
2016-09-06,97500,98000,96800,97600,33739,0.0010256410256410664
2016-09-07,97300,98000,96900,97600,31798,0.0
2016-09-08,97000,97800,96000,97500,68500,-0.0010245901639344135
2016-09-09,97400,98100,96600,98000,57686,0.00512820512820511
2016-09-12,96800,98000,96700,97200,20612,-0.008163265306122436
2016-09-13,97400,98800,96900,98200,35795,0.010288065843621297
2016-09-19,97500,99400,97400,98400,23827,0.0020366598778003286
2016-09-20,99400,99900,98400,99900,22801,0.015243902439024293
2016-09-21,98800,101000,98800,101000,33382,0.011011011011011096
2016-09-22,101000,101000,99300,100000,21617,-0.00990099009900991
2016-09-23,99500,102000,99500,102000,41507,0.020000000000000018
2016-09-26,101000,102500,99900,101000,50842,-0.009803921568627416
2016-09-27,100000,102500,99200,101000,54595,0.0
2016-09-28,101000,103000,100500,101500,49408,0.004950495049504955
2016-09-29,101000,102500,100500,102500,33843,0.009852216748768461
2016-09-30,102000,102000,99700,100500,103635,-0.019512195121951237
2016-10-04,102000,102000,100500,101000,103333,0.004975124378109541
2016-10-05,101000,102000,99600,99800,131963,-0.011881188118811892
2016-10-06,100000,101500,100000,100500,38549,0.007014028056112176
2016-10-07,100000,100500,97900,100000,30999,-0.00497512437810943
2016-10-10,97800,98100,96300,96700,49138,-0.03300000000000003
2016-10-11,96600,97500,95600,97000,22086,0.0031023784901758056
2016-10-12,97000,98100,95600,98100,25850,0.01134020618556697
2016-10-13,97500,98000,96200,96800,17397,-0.013251783893985736
2016-10-14,96800,96800,95900,96500,21516,-0.0030991735537190257
2016-10-17,96500,97500,95700,96000,13111,-0.005181347150259086
2016-10-18,96500,97400,96300,97400,17214,0.014583333333333393
2016-10-19,96800,97500,96100,96100,11066,-0.013347022587268942
2016-10-20,96200,96800,94700,96400,22399,0.003121748178980255
2016-10-21,96400,97100,95800,97100,15071,0.007261410788381717
2016-10-24,97100,97500,96400,97400,17850,0.003089598352214118
2016-10-25,96900,99000,96900,98800,12966,0.014373716632443578
2016-10-26,97700,97900,96300,96700,22334,-0.021255060728744946
2016-10-27,97000,97000,96000,96500,8336,-0.0020682523267838704
2016-10-28,96100,97800,96100,97400,23109,0.00932642487046631
2016-10-31,97600,97600,95600,95600,22535,-0.01848049281314168
2016-11-01,95700,96900,95400,95400,20136,-0.0020920502092049986
2016-11-02,96100,96300,94500,95300,28243,-0.0010482180293500676
2016-11-03,94600,95600,93900,94500,23932,-0.008394543546694666
2016-11-04,95400,95400,93300,93300,22151,-0.012698412698412653
2016-11-07,94100,94600,93100,93900,21761,0.006430868167202508
2016-11-08,94100,94800,94000,94400,14499,0.005324813631522929
2016-11-09,94500,95200,92000,92900,25243,-0.01588983050847459
2016-11-10,92900,92900,89100,89100,60886,-0.04090419806243273
2016-11-11,89500,90800,89200,89300,27678,0.002244668911335568
2016-11-14,90100,91700,89600,90500,44742,0.013437849944008873
2016-11-15,90200,90500,89100,89100,22832,-0.015469613259668558
2016-11-16,89100,90600,89000,89900,59368,0.008978675645342271
2016-11-17,89100,92000,89000,90900,42760,0.011123470522803158
2016-11-18,90900,92200,90900,91300,31578,0.004400440044004306
2016-11-21,92200,93800,91000,92800,28738,0.016429353778751432
2016-11-22,92500,93200,90900,90900,46390,-0.020474137931034475
2016-11-23,91700,92300,90900,91900,20348,0.011001100110010986
2016-11-24,91600,93600,91600,92700,29249,0.008705114254624613
2016-11-25,92700,93100,92000,92600,26801,-0.0010787486515642097
2016-11-28,92100,94000,91600,92700,35996,0.001079913606911509
2016-11-29,92300,93500,91200,93400,23240,0.007551240560949246
2016-11-30,92600,95800,92000,95800,79517,0.025695931477516032
2016-12-01,93700,94400,91600,91800,30438,-0.04175365344467641
2016-12-02,92100,93300,91400,91400,17453,-0.004357298474945481
2016-12-05,91300,91400,90100,90100,30878,-0.01422319474835887
2016-12-06,90200,91900,90200,91900,16945,0.019977802441731418
2016-12-07,91900,93500,91900,92700,16253,0.008705114254624613
2016-12-08,93000,95400,92700,95400,50776,0.029126213592232997
2016-12-09,94500,96400,94300,95500,56313,0.0010482180293500676
2016-12-12,95200,96900,95200,96900,36812,0.014659685863874339
2016-12-13,97200,97800,96700,97700,57802,0.008255933952528327
2016-12-14,97100,97800,96300,97200,27482,-0.0051177072671443335
2016-12-15,96300,97000,95500,95700,39188,-0.015432098765432056
2016-12-16,97000,97200,94200,95400,44327,-0.0031347962382445305
2016-12-19,94300,96000,94300,94900,12899,-0.00524109014675056
2016-12-20,94500,95800,94500,95700,18425,0.008429926238145313
2016-12-21,95200,96400,95100,96000,27855,0.0031347962382444194
2016-12-22,96100,96700,95900,96200,36416,0.002083333333333437
2016-12-23,96900,97000,95700,96500,18831,0.0031185031185030354
2016-12-26,96500,96900,95500,96100,21668,-0.004145077720207224
2016-12-27,96700,96700,96000,96400,15145,0.003121748178980255
2016-12-28,94900,96000,93500,95300,18984,-0.011410788381742698
2016-12-29,95700,95700,94200,95700,17899,0.0041972717733473885
2017-01-02,95000,98300,94500,98000,30416,0.024033437826541215
2017-01-03,97700,99000,97000,98700,43982,0.0071428571428571175
2017-01-04,98700,99900,98300,99600,39885,0.00911854103343468
2017-01-05,100000,100000,98000,99600,52516,0.0
2017-01-06,99200,99200,97500,98200,12929,-0.014056224899598346
2017-01-09,97700,98500,96800,96900,6323,-0.013238289205702691
2017-01-10,97000,98100,96800,98000,26575,0.011351909184726505
2017-01-11,97500,98000,96200,97300,76647,-0.0071428571428571175
2017-01-12,97300,97300,96000,96700,18446,-0.006166495375128478
2017-01-13,96700,96700,95300,95300,20751,-0.014477766287487093
2017-01-16,95500,96300,95000,95500,24014,0.0020986358866736943
2017-01-17,96000,97400,95700,96800,166879,0.013612565445026092
2017-01-18,96800,98900,96400,98100,31934,0.013429752066115741
2017-01-19,98600,99600,97300,99500,16349,0.014271151885830724
2017-01-20,98800,101000,97400,97400,30529,-0.021105527638190957
2017-01-23,98700,98700,96900,97000,8621,-0.004106776180698102
2017-01-24,97900,98500,95800,96900,47233,-0.0010309278350515427
2017-01-25,97200,98200,93900,95100,83027,-0.018575851393188847
2017-01-26,95500,95800,93600,95700,21421,0.006309148264984188
2017-01-31,97300,97300,92100,93100,68295,-0.027168234064785746
2017-02-01,93500,94000,91900,92100,30161,-0.01074113856068748
2017-02-02,92200,92800,90800,91300,22652,-0.008686210640608039
2017-02-03,91200,92000,90500,91900,21250,0.006571741511500528
2017-02-06,92000,92000,90800,92000,25531,0.0010881392818280489
2017-02-07,91500,92700,91500,92400,12615,0.004347826086956497
2017-02-08,94000,94000,91700,93200,42301,0.008658008658008587
2017-02-09,92300,94000,91500,93100,27798,-0.0010729613733905241
2017-02-10,93200,95500,93000,95500,41333,0.025778732545649774
2017-02-13,95200,95200,93400,94700,28884,-0.008376963350785305
2017-02-14,94800,94800,92900,93400,13905,-0.01372756071805703
2017-02-15,93200,96000,93200,95300,31225,0.020342612419700146
2017-02-16,95800,97700,95800,97600,36976,0.02413431269674704
2017-02-17,96600,97300,95700,97300,21843,-0.0030737704918032405
2017-02-20,96500,98300,96500,98000,15243,0.007194244604316502
2017-02-21,97100,98000,97000,97400,39642,-0.006122448979591799
2017-02-22,97900,97900,96500,97600,17772,0.002053388090349051
2017-02-23,97000,97600,96100,96800,43773,-0.008196721311475419
2017-02-24,97200,97800,95900,97400,21049,0.006198347107438051
2017-02-27,97300,97300,96200,96800,16404,-0.006160164271047264
2017-02-28,96800,97900,96100,97900,29227,0.011363636363636465
2017-03-02,97900,99500,97600,99200,38484,0.013278855975485282
2017-03-03,99100,99100,94200,95500,36146,-0.037298387096774244
2017-03-06,95500,97000,94700,96500,23180,0.010471204188481575
2017-03-07,95500,96400,94800,95900,17783,-0.006217616580310836
2017-03-08,95900,96000,95000,96000,19710,0.0010427528675704956
2017-03-09,95900,96100,94200,94200,26650,-0.018750000000000044
2017-03-10,94500,94900,93900,94200,23450,0.0
2017-03-13,94700,95200,93400,95200,18673,0.010615711252653925
2017-03-14,94600,97000,94600,96300,25405,0.011554621848739455
2017-03-15,96200,96200,95000,95500,58323,-0.00830737279335414
2017-03-16,96000,96800,95300,96100,26554,0.006282722513089034
2017-03-17,96200,99800,95700,99400,49005,0.03433922996878258
2017-03-20,98100,100500,97700,100000,20577,0.006036217303822866
2017-03-21,100000,108000,99800,107500,111577,0.07499999999999996
2017-03-22,105500,108000,104500,108000,44406,0.0046511627906977715
2017-03-23,108500,108500,104000,104000,34156,-0.03703703703703709
2017-03-24,104000,105500,102500,104000,18075,0.0
2017-03-27,102500,103000,100500,100500,26052,-0.033653846153846145
2017-03-28,102000,102000,99300,99300,24116,-0.011940298507462699
2017-03-29,100000,101000,98000,98300,16212,-0.010070493454179208
2017-03-30,99000,101000,98500,99400,16249,0.011190233977619535
2017-03-31,99300,100000,97500,99300,27094,-0.001006036217303774
2017-04-03,99300,99800,96800,98400,19436,-0.009063444108761365
2017-04-04,98200,98200,96200,96600,14603,-0.018292682926829285
2017-04-05,96600,96600,94400,95500,39397,-0.011387163561076608
2017-04-06,95500,95800,94500,95500,27499,0.0
2017-04-07,95000,95000,92400,92400,35360,-0.032460732984293195
2017-04-10,92600,93600,92400,93100,20013,0.007575757575757569
2017-04-11,93400,93400,91200,91200,43069,-0.020408163265306145
2017-04-12,91900,92800,91100,92300,45747,0.012061403508771829
2017-04-13,92700,93200,91800,92300,12170,0.0
2017-04-14,91700,92500,91600,92000,4736,-0.00325027085590468
2017-04-17,91900,93000,91300,92600,5527,0.006521739130434856
2017-04-18,93000,93000,91000,91000,22550,-0.017278617710583144
2017-04-19,91200,91400,88500,88500,51203,-0.027472527472527486
2017-04-20,88600,90300,88600,89400,59959,0.01016949152542379
2017-04-21,89800,90000,89200,89500,51411,0.0011185682326622093
2017-04-24,89600,90600,89200,90300,53062,0.00893854748603351
2017-04-25,90600,92300,90400,92100,71144,0.019933554817275656
2017-04-26,92100,95000,91600,94400,68130,0.02497285559174811
2017-04-27,94200,95000,93300,93800,42197,-0.006355932203389814
2017-04-28,93100,93700,91600,92300,44841,-0.015991471215351827
2017-05-02,92300,95100,92000,94900,52062,0.028169014084507005
2017-05-04,94200,95000,93500,94200,79336,-0.00737618545837726
2017-05-08,95000,97300,94200,97200,76108,0.031847133757961776
2017-05-10,97000,97600,95400,96300,65926,-0.0092592592592593
2017-05-11,96500,97900,96300,96900,26109,0.006230529595015577
2017-05-12,96700,97100,95800,96900,35546,0.0
2017-05-15,96000,97200,95100,96700,35278,-0.0020639834881320818
2017-05-16,96800,99300,96500,98300,57973,0.016546018614270963
2017-05-17,98000,100500,97300,100500,49237,0.02238046795523907
2017-05-18,100000,104000,99500,103500,62460,0.029850746268656803
2017-05-19,103500,106500,101000,104500,76679,0.009661835748792313
2017-05-22,105000,108000,104000,105500,77093,0.009569377990430672
2017-05-23,106000,108500,104500,106000,65959,0.004739336492890933
2017-05-24,106500,108000,104000,104500,76497,-0.014150943396226467
2017-05-25,105000,106500,104500,105500,81663,0.009569377990430672
2017-05-26,105500,106000,104500,105000,65462,-0.004739336492891044
2017-05-29,105000,106000,102000,102500,25245,-0.023809523809523836
2017-05-30,102500,106000,102500,105500,24503,0.029268292682926855
2017-05-31,106000,107000,104000,106000,108242,0.004739336492890933
2017-06-01,106000,108000,105500,106500,44918,0.004716981132075526
2017-06-02,106500,108500,104000,108500,61398,0.018779342723004744
2017-06-05,108000,109500,107000,107500,64849,-0.009216589861751112
2017-06-07,108000,108000,105000,107500,75292,0.0
2017-06-08,108000,108500,107000,108500,99234,0.009302325581395321
2017-06-09,107500,109000,107500,109000,51862,0.004608294930875667
2017-06-12,109000,109500,107000,109500,27127,0.004587155963302836
2017-06-13,108500,113000,107500,111500,71847,0.0182648401826484
2017-06-14,111500,116000,110500,115500,59524,0.03587443946188351
2017-06-15,115000,115500,111000,113500,125288,-0.017316017316017285
2017-06-16,112500,115000,112000,115000,35632,0.013215859030837107
2017-06-19,113500,115500,111500,114500,62286,-0.004347826086956497
2017-06-20,114500,114500,112000,112000,38366,-0.02183406113537123
2017-06-21,111500,112000,108500,110500,21550,-0.013392857142857095
2017-06-22,110500,112000,110000,111000,46696,0.004524886877828038
2017-06-23,111000,114000,111000,113000,22021,0.018018018018018056
2017-06-26,113500,114000,111500,113500,43666,0.004424778761061843
2017-06-27,113000,114500,111500,114000,50869,0.004405286343612369
2017-06-28,113000,114000,110500,111000,51008,-0.02631578947368418
2017-06-29,112000,114000,111500,113000,33809,0.018018018018018056
2017-06-30,112000,113000,111500,113000,38320,0.0
2017-07-03,113000,113000,110500,113000,25964,0.0
2017-07-04,112000,112000,109000,110500,46710,-0.02212389380530977
2017-07-05,110500,110500,106000,107500,61822,-0.02714932126696834
2017-07-06,108000,108000,105500,107000,20542,-0.0046511627906976605
2017-07-07,107000,107000,103500,105500,23947,-0.014018691588784993
2017-07-10,105500,105500,102000,103000,22732,-0.023696682464455
2017-07-11,102500,104000,102000,102500,11599,-0.004854368932038833
2017-07-12,102500,105000,102500,104000,16132,0.014634146341463428
2017-07-13,105500,106500,104500,105500,25110,0.014423076923076872
2017-07-14,106000,108000,104500,105500,34822,0.0
2017-07-17,105500,106500,103500,105500,25163,0.0
2017-07-18,105500,106000,103500,104500,16185,-0.009478672985781977
2017-07-19,105000,106000,102500,102500,31411,-0.019138755980861233
2017-07-20,103500,103500,101000,103500,28124,0.009756097560975618
2017-07-21,104000,104000,102000,103500,13503,0.0
2017-07-24,102500,104000,102000,102000,13332,-0.01449275362318836
2017-07-25,102500,104500,102000,102500,27421,0.004901960784313708
2017-07-26,103000,106500,102500,104500,29179,0.019512195121951237
2017-07-27,104000,104000,102000,102000,23528,-0.02392344497607657
2017-07-28,102000,103000,100500,101000,55928,-0.009803921568627416
2017-07-31,101000,101500,99800,101000,19985,0.0
2017-08-01,101000,102000,99200,99200,21884,-0.017821782178217838
2017-08-02,99600,100500,99400,100000,56984,0.008064516129032251
2017-08-03,100500,101000,99600,100000,45808,0.0
2017-08-04,100500,103000,99100,101500,29827,0.014999999999999902
2017-08-07,101000,102500,100000,100000,8922,-0.014778325123152691
2017-08-08,100500,100500,97500,99000,39956,-0.010000000000000009
2017-08-09,99100,100500,99000,99300,20572,0.003030303030302939
2017-08-10,99300,99300,98000,99000,39683,-0.0030211480362537513
2017-08-11,97500,98600,96900,96900,29361,-0.021212121212121238
2017-08-14,97600,99400,97300,98900,22961,0.02063983488132104
2017-08-16,98900,100500,98500,99300,77848,0.004044489383215444
2017-08-17,99300,99500,97900,99100,49426,-0.002014098690835797
2017-08-18,99000,99900,98100,99500,40258,0.004036326942482349
2017-08-21,98500,100500,98500,99500,37243,0.0
2017-08-22,99900,100500,98300,98500,31997,-0.01005025125628145
2017-08-23,99000,99700,98500,99400,38288,0.009137055837563413
2017-08-24,99500,99500,98300,99000,43643,-0.004024144869215318
2017-08-25,98500,99700,98300,99100,36196,0.0010101010101009056
2017-08-28,99400,99800,98900,99400,17003,0.003027245206861817
2017-08-29,99600,99700,98700,99300,55494,-0.001006036217303774
2017-08-30,99300,99300,96300,98100,47747,-0.012084592145015116
2017-08-31,98100,98100,95200,96400,73114,-0.01732925586136591
2017-09-01,96800,96800,95300,96400,46383,0.0
2017-09-04,94300,96400,94300,95500,10419,-0.009336099585062207
2017-09-05,95400,95500,93500,94100,25529,-0.014659685863874339
2017-09-06,93500,93600,90900,92000,39898,-0.022316684378320906
2017-09-07,92500,93500,92000,93400,76719,0.01521739130434785
2017-09-08,94000,94000,90900,91700,77297,-0.018201284796573902
2017-09-11,91500,92000,90500,91600,4917,-0.0010905125408942062
2017-09-12,91600,92600,91000,91200,16113,-0.004366812227074246
2017-09-13,91300,91600,89400,90100,35614,-0.01206140350877194
2017-09-14,90200,90500,87100,87100,79101,-0.033296337402885734
2017-09-15,87500,89200,87000,88500,62839,0.016073478760045834
2017-09-18,88400,90000,88300,89700,18937,0.013559322033898313
2017-09-19,90000,91900,89100,91300,39552,0.01783723522853964
2017-09-20,92400,92800,91000,91900,42130,0.006571741511500528
2017-09-21,92000,92400,89800,90700,21796,-0.01305767138193692
2017-09-22,91200,91800,89900,91300,41597,0.006615214994487362
2017-09-25,91600,91900,90100,91300,20661,0.0
2017-09-26,91300,93500,91200,93400,93496,0.02300109529025196
2017-09-27,93000,93800,92500,93500,32810,0.0010706638115631772
2017-09-28,92700,93800,92000,92400,56867,-0.0117647058823529
2017-09-29,93000,93900,92400,93600,84847,0.01298701298701288
2017-10-10,93400,95500,91900,92700,82594,-0.009615384615384581
2017-10-11,93000,93500,92200,92800,171286,0.0010787486515642097
2017-10-12,93400,95100,92900,95000,97738,0.0237068965517242
2017-10-13,94600,95300,93200,95000,73285,0.0
2017-10-16,95200,95800,93600,94900,65590,-0.001052631578947416
2017-10-17,94500,94500,91800,92700,66893,-0.023182297154899945
2017-10-18,92700,94600,91800,94500,27152,0.01941747572815533
2017-10-19,95000,96400,94900,95800,42921,0.013756613756613856
2017-10-20,95900,96700,95200,96700,22955,0.009394572025052117
2017-10-23,96700,96800,95500,96000,35246,-0.007238883143743546
2017-10-24,95600,96000,94600,95500,34242,-0.00520833333333337
2017-10-25,95000,95000,93000,94500,54191,-0.010471204188481686
2017-10-26,93900,101000,93900,99900,94255,0.05714285714285716
2017-10-27,99500,100500,95000,99800,69870,-0.0010010010010009784
2017-10-30,99600,101000,98300,100000,19021,0.002004008016031955
2017-10-31,101000,105000,99300,103000,71790,0.030000000000000027
2017-11-01,103500,104000,101500,103500,30104,0.004854368932038833
2017-11-02,103500,104000,102500,103500,25995,0.0
2017-11-03,103000,106000,102000,106000,53204,0.024154589371980784
2017-11-06,105000,105500,103500,103500,71855,-0.02358490566037741
2017-11-07,103500,103500,99800,100000,37372,-0.033816425120772986
2017-11-08,100500,101000,99200,99200,26091,-0.008000000000000007
2017-11-09,99300,99800,98600,99600,14331,0.0040322580645162365
2017-11-10,100000,100000,99000,99300,12470,-0.003012048192771122
2017-11-13,99700,102500,99700,101000,39760,0.017119838872104776
2017-11-14,101500,102500,99600,99700,61970,-0.012871287128712883
2017-11-15,100000,100500,99200,99800,32229,0.0010030090270811698
2017-11-16,99400,99900,98500,98900,29426,-0.009018036072144242
2017-11-17,98900,99900,96600,97900,36350,-0.010111223458038388
2017-11-20,97900,97900,96300,97300,32449,-0.006128702757916216
2017-11-21,96700,98900,96200,98700,33969,0.014388489208633004
2017-11-22,97600,98700,97500,98100,24438,-0.006079027355623046
2017-11-23,98200,99200,97700,98700,34358,0.006116207951070374
2017-11-24,98700,98800,98000,98700,21190,0.0
2017-11-27,98700,98700,97400,97700,26113,-0.010131712259371817
2017-11-28,97600,97800,96400,97700,20248,0.0
2017-11-29,97000,98100,97000,97500,33113,-0.0020470829068577334
2017-11-30,98000,100000,97400,97500,101402,0.0
2017-12-01,98000,98600,96800,97000,218057,-0.00512820512820511
2017-12-04,96700,97000,95500,96600,33763,-0.004123711340206171
2017-12-05,95900,97200,95600,95600,28233,-0.010351966873705987
2017-12-06,96000,96400,95400,95900,18216,0.003138075313807498
2017-12-07,95800,96800,95500,95800,28989,-0.0010427528675703845
2017-12-08,96200,96200,94700,95700,30085,-0.0010438413361169019
2017-12-11,95300,96600,93400,94000,24243,-0.017763845350052265
2017-12-12,93500,94000,92900,93300,36544,-0.007446808510638281
2017-12-13,93000,94600,92900,93900,17705,0.006430868167202508
2017-12-14,94300,94700,93400,94600,43574,0.007454739084131967
2017-12-15,94300,95500,93400,95500,58839,0.009513742071881603
2017-12-18,95500,95600,94100,95600,19821,0.0010471204188482464
2017-12-19,95000,95400,93900,94600,24045,-0.010460251046025104
2017-12-20,94300,94300,91400,91400,70631,-0.03382663847780132
2017-12-21,91700,91900,90800,91100,44301,-0.003282275711159688
2017-12-22,91100,93500,91000,93200,50789,0.023051591657519133
2017-12-26,93100,93800,92800,93600,21478,0.0042918454935623185
2017-12-27,90600,93400,90600,93400,42804,-0.002136752136752129
2017-12-28,92600,93700,91000,93700,46335,0.0032119914346895317
2018-01-02,93700,93800,91300,92000,117252,-0.018143009605122717
2018-01-03,92400,92700,91300,92700,17026,0.007608695652173925
2018-01-04,92600,92600,90300,90800,56372,-0.02049622437971954
2018-01-05,91300,91300,90100,90500,42012,-0.0033039647577092213
2018-01-08,90500,91600,90100,91000,56840,0.005524861878453136
2018-01-09,90300,91600,90300,91000,28918,0.0
2018-01-10,91300,93500,91000,92200,38676,0.01318681318681314
2018-01-11,93000,93100,91800,93000,17483,0.008676789587852562
2018-01-12,92500,93000,92000,92600,19191,-0.004301075268817178
2018-01-15,92000,92400,90400,91200,22747,-0.015118790496760237
2018-01-16,91200,93300,90800,93300,21879,0.023026315789473673
2018-01-17,93200,94300,92500,94100,26001,0.008574490889603492
2018-01-18,93800,94400,91500,92300,39393,-0.019128586609989395
2018-01-19,91800,94700,91800,94200,43089,0.020585048754062862
2018-01-22,94500,95600,93000,95400,32288,0.01273885350318471
2018-01-23,95000,96200,94200,95400,46189,0.0
2018-01-24,95000,95000,92800,92800,25045,-0.027253668763102756
2018-01-25,93000,94100,92500,94000,29540,0.012931034482758674
2018-01-26,93300,93300,90800,92000,70398,-0.021276595744680882
2018-01-29,91900,92500,91200,92100,52129,0.0010869565217390686
2018-01-30,91800,93000,91800,92200,31052,0.0010857763300760048
2018-01-31,91900,93700,91200,92400,44420,0.002169197396963085
2018-02-01,92700,92900,92300,92400,23397,0.0
2018-02-02,92500,93900,92400,92900,16046,0.005411255411255311
2018-02-05,92700,93600,91600,92400,12443,-0.005382131324004336
2018-02-06,90900,92000,90200,90300,34980,-0.022727272727272707
2018-02-07,91000,91200,90000,90000,41979,-0.0033222591362126463
2018-02-08,90100,91700,89700,90800,69740,0.008888888888888946
2018-02-09,89700,89700,87800,87800,46998,-0.033039647577092546
2018-02-12,88000,88500,87500,87500,24138,-0.003416856492027387
2018-02-13,88500,88500,86200,87800,54650,0.0034285714285713365
2018-02-14,87000,88000,86900,87800,42916,0.0
2018-02-19,87900,88400,87000,88000,36589,0.002277904328018332
2018-02-20,88000,88100,87200,88000,13120,0.0
2018-02-21,88000,90300,87700,90100,41316,0.02386363636363642
2018-02-22,89300,89600,87800,87800,34141,-0.025527192008878985
2018-02-23,88200,88800,87000,87900,52864,0.001138952164009055
2018-02-26,88000,89000,87300,88100,50067,0.0022753128555177415
2018-02-27,88600,89000,87800,88900,42498,0.009080590238365494
2018-02-28,88500,89900,87100,89800,48160,0.01012373453318327
2018-03-02,89700,89700,87300,88800,52871,-0.011135857461024523
2018-03-05,89000,89000,87400,88600,54188,-0.0022522522522522292
2018-03-06,88300,90600,88000,89800,39441,0.013544018058690765
2018-03-07,89000,89700,86900,87400,37713,-0.026726057906458767
2018-03-08,87800,88200,86700,86700,21102,-0.008009153318077833
2018-03-09,87200,88700,86700,87900,36852,0.01384083044982698
2018-03-12,87600,88700,87600,88500,17284,0.006825938566553003
2018-03-13,88500,88600,87500,88600,11424,0.001129943502824915
2018-03-14,88200,89300,87400,88600,24175,0.0
2018-03-15,88100,89400,88100,88800,12001,0.0022573363431150906
2018-03-16,88800,90400,88500,90400,42300,0.018018018018018056
2018-03-19,89700,90100,86100,86700,47154,-0.04092920353982299
2018-03-20,86700,88500,86400,88500,38883,0.02076124567474058
2018-03-21,88800,89200,88200,88400,16701,-0.001129943502824804
2018-03-22,88400,89200,88000,89200,38365,0.009049773755656076
2018-03-23,88800,89000,88000,88800,30781,-0.004484304932735439
2018-03-26,88200,88400,87300,87600,4756,-0.013513513513513487
2018-03-27,88300,88800,87600,88600,43785,0.011415525114155223
2018-03-28,88500,89300,87700,88600,33556,0.0
2018-03-29,88600,88600,84900,86300,43706,-0.025959367945823875
2018-03-30,86300,86600,84700,85500,29047,-0.009269988412514474
2018-04-02,85600,86000,85100,85400,52206,-0.0011695906432748204
2018-04-03,85400,85400,84400,85200,74798,-0.0023419203747072626
2018-04-04,85600,90200,85600,88800,104435,0.04225352112676051
2018-04-05,90000,91800,88600,89500,52161,0.007882882882882969
2018-04-06,90300,90600,84400,90100,74333,0.006703910614525244
2018-04-09,90100,90500,89000,89400,63123,-0.007769145394006638
2018-04-10,90200,90200,88600,89000,46577,-0.004474272930648726
2018-04-11,88600,89600,87900,88000,27399,-0.011235955056179803
2018-04-12,88000,88400,87400,88000,40211,0.0
2018-04-13,88300,88300,86400,86600,43471,-0.015909090909090873
2018-04-16,87000,88000,86100,87100,52871,0.005773672055427337
2018-04-17,87900,91300,87900,90600,229636,0.04018369690011481
2018-04-18,91100,91400,90300,91400,141578,0.008830022075055233
2018-04-19,91300,92700,89600,92300,222024,0.009846827133479286
2018-04-20,91800,93600,91500,92100,126180,-0.0021668472372697867
2018-04-23,92300,93200,91500,93000,166714,0.009771986970684043
2018-04-24,94900,98700,94800,97400,307217,0.047311827956989294
2018-04-25,96600,101000,96600,100500,176896,0.03182751540041062
2018-04-26,100500,102500,96600,99000,165341,-0.014925373134328401
2018-04-27,97900,102500,95400,100500,352611,0.015151515151515138
2018-04-30,100500,103000,99500,103000,92460,0.02487562189054726
2018-05-02,103000,104000,99200,99900,118300,-0.030097087378640808
2018-05-03,101000,101500,98500,98600,78554,-0.013013013013013053
2018-05-04,98500,100500,96600,96600,83986,-0.020283975659229236
2018-05-08,97100,97400,94000,94900,80576,-0.017598343685300222
2018-05-09,94900,95900,94300,94300,37332,-0.006322444678609096
2018-05-10,95500,95500,91700,92000,77800,-0.024390243902439046
2018-05-11,92500,95000,92400,94200,54906,0.023913043478260843
2018-05-14,94200,94900,92800,93700,80670,-0.005307855626326963
2018-05-15,94600,95000,92800,93300,73897,-0.004268943436499417
2018-05-16,93500,95500,92000,95500,75672,0.023579849946409492
2018-05-17,95500,95500,94200,94200,29892,-0.013612565445026203
2018-05-18,93700,94800,92600,93400,38565,-0.00849256900212314
2018-05-21,93700,94200,93400,94000,34943,0.0064239828693790635
2018-05-23,93600,94500,91100,91400,130000,-0.02765957446808509
2018-05-24,91600,91800,87400,88900,121737,-0.027352297592997843
2018-05-25,88900,89000,87600,88600,72908,-0.003374578177727794
2018-05-28,88600,89100,87500,88200,29506,-0.004514672686230292
2018-05-29,88100,90000,88100,89000,28432,0.009070294784580435
2018-05-30,88900,88900,86800,86900,77489,-0.02359550561797752
2018-05-31,87800,89400,87400,89400,120778,0.028768699654775576
2018-06-01,89000,90400,88300,90300,32969,0.010067114093959662
2018-06-04,90300,92500,90300,91900,38808,0.017718715393133966
2018-06-05,91900,93200,90200,92000,38469,0.0010881392818280489
2018-06-07,92100,92200,90000,90000,78801,-0.021739130434782594
2018-06-08,90000,90100,88500,88600,52390,-0.015555555555555545
2018-06-11,88700,89300,87500,88300,64187,-0.003386004514672636
2018-06-12,88000,89400,88000,88800,49226,0.005662514156285381
2018-06-14,87900,88100,86500,86600,81878,-0.024774774774774744
2018-06-15,86800,87100,83900,84800,121928,-0.020785219399538146
2018-06-18,84900,86200,84900,85200,34314,0.004716981132075526
2018-06-19,85600,86200,84400,84400,73154,-0.009389671361502372
2018-06-20,84700,85500,83900,83900,52784,-0.005924170616113722
2018-06-21,84100,84300,81700,81700,71013,-0.026221692491060766
2018-06-22,81700,84000,81400,83300,65096,0.019583843329253448
2018-06-25,83800,85000,82600,84100,35005,0.009603841536614643
2018-06-26,84100,85500,83400,84400,44397,0.00356718192627814
2018-06-27,84400,85100,82500,82800,50816,-0.018957345971563955
2018-06-28,82900,83400,81600,81800,44538,-0.012077294685990392
2018-06-29,82100,82800,80800,82300,48374,0.006112469437652868
2018-07-02,82300,82300,79500,79500,36928,-0.03402187120291611
2018-07-03,79600,80600,78100,78700,38770,-0.010062893081761004
2018-07-04,78800,78800,75600,76200,49457,-0.031766200762388785
2018-07-05,76500,77100,76200,76300,43856,0.001312335958005173
2018-07-06,77500,78500,77000,77000,61203,0.00917431192660545
2018-07-09,77100,79400,77100,78600,26129,0.020779220779220786
2018-07-10,78900,79300,78300,79100,32060,0.006361323155216203
2018-07-11,78800,79100,78200,78300,28309,-0.010113780025284402
2018-07-12,79000,79300,77700,79000,9757,0.008939974457215838
2018-07-13,79000,80000,79000,80000,11334,0.012658227848101333
2018-07-16,79700,82500,79700,81700,22954,0.02124999999999999
2018-07-17,81300,82700,81300,82600,14038,0.01101591187270512
2018-07-18,81900,82200,79700,80900,15141,-0.020581113801452777
2018-07-19,80800,81500,80400,80900,29697,0.0
2018-07-20,80700,81700,79200,81600,15672,0.008652657601977642
2018-07-23,81600,82800,80700,82600,27718,0.01225490196078427
2018-07-24,82700,82800,80300,82300,29748,-0.003631961259079941
2018-07-25,82500,82500,81100,81700,14443,-0.007290400972053468
2018-07-26,81600,82200,80100,82100,8801,0.004895960832313362
2018-07-27,82000,82000,80600,81100,10595,-0.01218026796589522
2018-07-30,81800,81900,80300,81700,26146,0.007398273736128225
2018-07-31,81500,82100,81200,81800,30299,0.001223990208078396
2018-08-01,81800,82800,81200,81900,19347,0.0012224938875304847
2018-08-02,81900,81900,78000,79700,22063,-0.026862026862026878
2018-08-03,80000,80000,78600,79600,18583,-0.0012547051442910462
2018-08-06,80100,80700,79000,80000,9242,0.005025125628140614
2018-08-07,79900,81800,79400,81300,52506,0.016250000000000098
2018-08-08,81600,83500,81600,82700,33108,0.017220172201722006
2018-08-09,82700,82800,81600,82400,29823,-0.0036275695284159193
2018-08-10,82000,82100,80900,81900,6134,-0.0060679611650485965
2018-08-13,82400,82400,80000,80400,10669,-0.01831501831501836
2018-08-14,80700,80700,79800,80500,6792,0.0012437810945273853
2018-08-16,80900,80900,79000,80100,14079,-0.004968944099378869
2018-08-17,80100,80900,79300,80900,9639,0.009987515605493158
2018-08-20,80900,81200,80300,80300,10904,-0.007416563658838027
2018-08-21,80300,80700,79900,80100,3173,-0.00249066002490661
2018-08-22,80200,80800,79900,80000,51875,-0.0012484394506866447
2018-08-23,80400,80400,78900,79500,11826,-0.006249999999999978
2018-08-24,79800,79800,78800,79000,8918,-0.0062893081761006275
2018-08-27,79100,79700,77600,78300,22688,-0.008860759493670933
2018-08-28,78900,79200,77900,78100,11843,-0.0025542784163473664
2018-08-29,78600,78700,77800,78500,16866,0.005121638924455718
2018-08-30,78000,78400,77500,78300,24203,-0.002547770700636942
2018-08-31,78600,78600,77400,78300,39794,0.0
2018-09-03,78000,78500,77900,78200,6776,-0.0012771392081737387
2018-09-04,78500,78500,78000,78200,35495,0.0
2018-09-05,78200,80400,78200,79300,59660,0.01406649616368294
2018-09-06,79500,80800,79300,80000,240557,0.008827238335435084
2018-09-07,80600,81700,80400,81000,93029,0.012499999999999956
2018-09-10,80600,81200,79900,80700,36528,-0.0037037037037036535
2018-09-11,80400,80400,78700,79100,29571,-0.019826517967781898
2018-09-12,79100,79900,78700,78800,12538,-0.0037926675094817064
2018-09-13,78900,79100,78100,78900,25519,0.0012690355329949554
2018-09-14,79100,79700,78900,79500,17571,0.0076045627376426506
2018-09-17,79300,79500,78600,79300,8905,-0.002515723270440251
2018-09-18,79600,79700,79000,79500,54773,0.0025220680958386588
2018-09-19,79400,79800,78500,79000,23607,-0.0062893081761006275
2018-09-20,79000,80400,78800,79100,73970,0.0012658227848101333
2018-09-21,79900,80200,77400,77400,275104,-0.02149178255372941
2018-09-27,77900,78600,77200,78600,57541,0.015503875968992276
2018-09-28,78500,78500,77900,78300,27542,-0.003816793893129722
2018-10-01,78500,78500,77200,78100,37132,-0.0025542784163473664
2018-10-02,78100,78100,77300,77900,21735,-0.002560819462227859
2018-10-04,78300,78300,75500,76500,39787,-0.01797175866495504
2018-10-05,76500,76900,75400,75700,31214,-0.010457516339869244
2018-10-08,75700,75700,73400,73400,30791,-0.0303830911492734
2018-10-10,74300,74300,71300,72000,49683,-0.019073569482288777
2018-10-11,70000,71200,69000,69300,44104,-0.03749999999999998
2018-10-12,69300,69700,68100,69300,30357,0.0
2018-10-15,70000,70000,66600,67200,43218,-0.030303030303030276
2018-10-16,67400,68700,67400,68400,53733,0.017857142857142794
2018-10-17,68600,69400,67800,69000,44467,0.00877192982456143
2018-10-18,68700,69100,66700,67000,35099,-0.02898550724637683
2018-10-19,66400,66500,65300,65800,50533,-0.017910447761193993
2018-10-22,65900,66700,65200,66700,24875,0.013677811550151908
2018-10-23,66600,66600,65200,65600,15772,-0.016491754122938573
2018-10-24,65700,66100,65200,65300,29039,-0.004573170731707266
2018-10-25,64500,64900,59200,62000,68458,-0.050535987748851485
2018-10-26,62000,64700,61000,64300,58996,0.0370967741935484
2018-10-29,63600,64000,61700,63500,44545,-0.01244167962674958
2018-10-30,63500,65700,62800,65100,47497,0.025196850393700787
2018-10-31,64200,66600,62500,66600,47334,0.02304147465437789
2018-11-01,66000,66900,65000,66900,39799,0.0045045045045044585
2018-11-02,67800,67800,65600,65800,32576,-0.01644245142002987
2018-11-05,65900,65900,63100,63800,28841,-0.03039513677811545
2018-11-06,64000,65400,63700,65400,40342,0.02507836990595602
2018-11-07,65400,66300,64100,64100,63540,-0.019877675840978548
2018-11-08,65200,66500,64500,65300,56116,0.018720748829953227
2018-11-09,65000,67800,64800,65800,25131,0.007656967840734996
2018-11-12,65800,65800,62900,63500,64911,-0.03495440729483279
2018-11-13,62500,63300,61200,62800,42123,-0.011023622047244053
2018-11-14,63300,64000,61600,63200,32701,0.006369426751592355
2018-11-15,63600,64500,62200,64500,62616,0.020569620253164667
2018-11-16,64800,65000,63200,63900,46914,-0.009302325581395321
2018-11-19,64400,64400,62600,63200,29167,-0.010954616588419452
2018-11-20,62400,62400,60100,60300,63874,-0.04588607594936711
2018-11-21,59800,60700,59000,60300,46623,0.0
2018-11-22,60500,60500,57000,57800,81269,-0.041459369817578806
2018-11-23,57400,58400,57300,58000,50232,0.0034602076124568004
2018-11-26,58000,59200,57500,59200,43227,0.020689655172413834
2018-11-27,59200,61300,58900,61000,105470,0.030405405405405483
2018-11-28,61000,61900,60200,61900,56012,0.014754098360655776
2018-11-29,62300,62700,61600,62700,41385,0.01292407108239102
2018-11-30,63000,66800,63000,65800,149869,0.04944178628389162
2018-12-03,66300,66700,65700,66200,45861,0.006079027355623046
2018-12-04,66000,66100,65000,66000,52358,-0.0030211480362537513
2018-12-05,65000,66000,64600,65900,22667,-0.0015151515151514694
2018-12-06,66200,67600,64600,66900,73744,0.015174506828528056
2018-12-07,66900,66900,66000,66700,33804,-0.002989536621823663
2018-12-10,66500,66600,65400,65900,47186,-0.01199400299850073
2018-12-11,65200,65500,64100,65100,39070,-0.012139605462822445
2018-12-12,65800,68800,64700,67300,128693,0.03379416282642089
2018-12-13,67600,70100,67300,70100,109026,0.0416047548291234
2018-12-14,70000,70000,68200,69900,29794,-0.0028530670470755526
2018-12-17,69800,69800,67200,68500,49132,-0.02002861230329045
2018-12-18,68100,69700,67700,69200,43487,0.010218978102189746
2018-12-19,69700,71300,69300,71200,47056,0.028901734104046284
2018-12-20,70800,71100,69600,70300,82195,-0.012640449438202195
2018-12-21,69800,71000,69700,71000,70496,0.009957325746799528
2018-12-24,71300,71400,70500,71300,20954,0.004225352112676051
2018-12-26,70800,70800,68900,70300,38681,-0.014025245441795287
2018-12-27,69000,69400,68200,69000,23369,-0.01849217638691325
2018-12-28,69300,70300,68100,70200,39919,0.017391304347825987
2019-01-02,70200,70300,68100,68600,33150,-0.022792022792022748
2019-01-03,69800,70400,68700,69800,51796,0.017492711370262315
2019-01-04,69200,70800,67000,70400,133978,0.008595988538681931
2019-01-07,71200,71200,69700,70200,50093,-0.0028409090909090606
2019-01-08,70800,71100,69200,69900,33228,-0.004273504273504258
2019-01-09,70500,71100,69900,71000,98016,0.01573676680972813
2019-01-10,70400,71000,69500,70500,56598,-0.007042253521126751
2019-01-11,70900,71800,70000,70900,34629,0.005673758865248235
2019-01-14,71100,71200,68900,69700,58262,-0.016925246826516194
2019-01-15,70300,73000,69000,73000,64676,0.04734576757532283
2019-01-16,73000,73000,71700,72500,27123,-0.006849315068493178
2019-01-17,73000,75100,72300,74700,57248,0.030344827586206824
2019-01-18,75300,76600,74400,76600,42987,0.025435073627844806
2019-01-21,76800,76800,74100,75200,23555,-0.018276762402088753
2019-01-22,75600,76200,74800,75900,21696,0.009308510638297962
2019-01-23,74900,76800,74900,76800,18442,0.011857707509881354
2019-01-24,76800,77500,75000,77500,60166,0.00911458333333326
2019-01-25,77000,77900,75900,77300,42167,-0.002580645161290307
2019-01-28,75500,77100,74300,75700,46827,-0.02069857697283317
2019-01-29,75500,77000,75300,77000,31517,0.017173051519154603
2019-01-30,76500,77200,76000,76900,37702,-0.0012987012987012436
2019-01-31,76600,77400,76200,76900,72431,0.0
2019-02-01,76800,78600,76600,78300,36408,0.01820546163849146
2019-02-07,77200,79300,75700,75700,33062,-0.033205619412515985
2019-02-08,75700,76600,75500,75800,7759,0.0013210039630118242
2019-02-11,75800,77600,75800,77500,22422,0.02242744063324542
2019-02-12,77500,78800,76500,78700,25486,0.015483870967741842
2019-02-13,78200,78900,75800,76000,26660,-0.03430749682337997
2019-02-14,76300,76900,73400,74800,27397,-0.015789473684210575
2019-02-15,74200,74700,72300,72300,40696,-0.03342245989304815
2019-02-18,72900,73500,71900,72700,12773,0.0055325034578146415
2019-02-19,73500,73500,71500,71500,11352,-0.016506189821182904
2019-02-20,72600,73200,70500,72200,48538,0.009790209790209836
2019-02-21,71300,72500,71300,71700,44243,-0.006925207756232732
2019-02-22,71700,72000,71300,71900,16386,0.002789400278939924
2019-02-25,72900,72900,70700,70800,109870,-0.015299026425591111
2019-02-26,71200,72600,71100,71900,58128,0.015536723163841915
2019-02-27,73000,75200,73000,75200,66072,0.04589707927677322
2019-02-28,74800,74800,73100,73700,59058,-0.019946808510638347
2019-03-04,72500,72800,70200,71000,74828,-0.03663500678426057
2019-03-05,71400,71400,70600,71200,27266,0.0028169014084507005
2019-03-06,71200,72800,70500,72400,61855,0.016853932584269593
2019-03-07,72800,73500,72000,72900,29100,0.006906077348066253
2019-03-08,72900,72900,71000,71700,39603,-0.016460905349794275
2019-03-11,71100,71700,69900,70400,74714,-0.018131101813110173
2019-03-12,70500,72700,70500,72400,108458,0.02840909090909083
2019-03-13,72400,72500,70700,71400,27816,-0.013812154696132617
2019-03-14,71800,72100,69100,69500,50667,-0.026610644257703098
2019-03-15,69500,70500,69000,69500,88807,0.0
2019-03-18,70100,71000,70100,70800,60740,0.018705035971223083
2019-03-19,70800,71500,70400,71100,37933,0.004237288135593209
2019-03-20,71100,71100,69900,70200,30848,-0.012658227848101222
2019-03-21,70700,71300,70200,71100,45660,0.012820512820512775
2019-03-22,71200,71800,70700,71800,59245,0.009845288326300938
2019-03-25,70500,70500,69200,69900,32471,-0.026462395543175532
2019-03-26,70700,70900,69300,69600,23954,-0.0042918454935622075
2019-03-27,70400,70400,69300,69300,18314,-0.004310344827586188
2019-03-28,69400,69900,68300,68600,27636,-0.010101010101010055
2019-03-29,69200,69600,68900,69200,47636,0.008746355685131268
2019-04-01,69900,70300,69100,69600,31366,0.005780346820809301
2019-04-02,69700,70100,68500,69100,37636,-0.007183908045977017
2019-04-03,68600,70500,68600,70400,62647,0.01881331403762654
2019-04-04,70400,71000,70000,70900,59757,0.007102272727272707
2019-04-05,70900,71700,70600,71400,88723,0.007052186177715081
2019-04-08,71300,73800,71300,73700,54772,0.03221288515406173
2019-04-09,73300,73900,72600,73900,28232,0.0027137042062415073
2019-04-10,73900,74000,72700,74000,31893,0.0013531799729364913
2019-04-11,73900,73900,72100,72800,20922,-0.01621621621621616
2019-04-12,73300,73500,72000,73500,20723,0.009615384615384581
2019-04-15,73600,73600,72300,72700,22599,-0.010884353741496544
2019-04-16,72900,74400,72700,74300,25897,0.022008253094910613
2019-04-17,74300,75700,73700,75500,96733,0.016150740242261152
2019-04-18,75800,78000,75700,77600,55154,0.027814569536423805
2019-04-19,78000,78000,76000,76000,34371,-0.020618556701030966
2019-04-22,76700,77300,75700,77100,19192,0.014473684210526416
2019-04-23,77100,78600,77100,78200,36241,0.014267185473411104
2019-04-24,79000,80000,77800,80000,52731,0.023017902813299296
2019-04-25,80000,80700,78400,80400,35641,0.004999999999999893
2019-04-26,80400,80400,78300,79200,44515,-0.014925373134328401
2019-04-29,79100,81100,79000,80900,52677,0.02146464646464641
2019-04-30,81300,81300,80000,81000,37246,0.0012360939431397266
2019-05-02,80900,82000,80400,81900,58354,0.011111111111111072
2019-05-03,81300,81300,79400,79900,25781,-0.024420024420024444
2019-05-07,78500,80300,78200,79900,27850,0.0
2019-05-08,78500,79100,78000,78000,28484,-0.02377972465581979
2019-05-09,78000,78100,75000,75000,45715,-0.038461538461538436
2019-05-10,75200,76500,74200,74700,36402,-0.0040000000000000036
2019-05-13,75100,75700,73700,73700,41417,-0.01338688085676043
2019-05-14,73300,74000,72500,72500,30588,-0.016282225237449155
2019-05-15,72700,73800,72100,72900,39677,0.0055172413793103114
2019-05-16,75000,76000,72700,72700,47230,-0.002743484224965731
2019-05-17,73200,73500,71600,72100,27597,-0.008253094910591452
2019-05-20,72300,73900,72200,73400,56078,0.018030513176144236
2019-05-21,72800,73500,71100,72600,44403,-0.010899182561307952
2019-05-22,72500,73100,71800,71800,31917,-0.011019283746556474
2019-05-23,71800,72400,71700,72100,22665,0.00417827298050133
2019-05-24,71500,73000,71100,72500,31825,0.00554785020804438
2019-05-27,72900,74900,72100,74900,56739,0.03310344827586209
2019-05-28,74900,75300,73800,74900,134672,0.0
2019-05-29,74500,76300,72900,75900,63647,0.013351134846461887
2019-05-30,74400,77900,74200,77900,62570,0.026350461133069825
2019-05-31,76900,78400,75600,78400,60531,0.006418485237484006
2019-06-03,78200,80600,77300,80600,68003,0.028061224489795977
2019-06-04,79500,80500,78800,79500,36552,-0.013647642679900707
2019-06-05,79600,80800,79000,80600,32220,0.01383647798742138
2019-06-07,80600,80600,79600,79600,39442,-0.012406947890818865
2019-06-10,79600,81100,79600,81100,43179,0.018844221105527748
2019-06-11,81100,81100,80300,80600,24508,-0.006165228113440224
2019-06-12,81000,81000,78900,80300,27106,-0.003722084367245637
2019-06-13,80500,80700,79100,79800,37370,-0.0062266500622665255
2019-06-14,79900,80400,79000,79000,19875,-0.010025062656641603
2019-06-17,78800,80300,78800,79400,14875,0.005063291139240533
2019-06-18,80100,80200,79100,80000,13440,0.007556675062972307
2019-06-19,79900,80200,79400,80200,11033,0.0024999999999999467
2019-06-20,80100,80300,79000,80300,26290,0.0012468827930174342
2019-06-21,80300,80300,79400,80300,26817,0.0
2019-06-24,80300,81300,80300,80600,13543,0.0037359900373599153
2019-06-25,80600,80700,79900,80000,9119,-0.007444168734491274
2019-06-26,80000,80700,79500,80700,16787,0.008750000000000036
2019-06-27,80300,80400,79000,79100,34480,-0.019826517967781898
2019-06-28,79100,79800,78800,79100,13210,0.0
2019-07-01,79900,80200,79500,80200,16057,0.013906447534766109
2019-07-02,80000,80000,78100,78600,18463,-0.01995012468827928
2019-07-03,78000,78700,76600,76900,25693,-0.021628498727735423
2019-07-04,77700,79600,77000,79500,40481,0.033810143042912966
2019-07-05,79500,80800,78200,80800,19483,0.01635220125786163
2019-07-08,80600,80600,79200,80200,15674,-0.007425742574257432
2019-07-09,80200,80500,78300,79100,17893,-0.013715710723191998
2019-07-10,79700,80300,78000,79200,38053,0.0012642225031604948
2019-07-11,80000,80400,78400,80300,23152,0.01388888888888884
2019-07-12,80500,81000,79400,79600,25582,-0.008717310087173136
2019-07-15,80100,80100,78200,78600,10980,-0.012562814070351758
2019-07-16,78600,79000,76200,76700,27211,-0.024173027989821905
2019-07-17,77200,77200,75900,76100,18423,-0.007822685788787531
2019-07-18,75700,76100,75400,75700,11572,-0.005256241787122251
2019-07-19,76400,76800,75500,76500,14415,0.010568031704095038
2019-07-22,76000,77000,75400,76200,26594,-0.0039215686274509665
2019-07-23,76400,77000,74800,76100,86217,-0.001312335958005284
2019-07-24,76100,77400,75600,77000,39989,0.01182654402102501
2019-07-25,77000,77200,75500,75900,41216,-0.014285714285714235
2019-07-26,75900,76600,75200,76000,35313,0.0013175230566535578
2019-07-29,75900,76600,73600,74600,24375,-0.018421052631578894
2019-07-30,75400,75400,73600,74200,17727,-0.00536193029490617
2019-07-31,74300,74300,72900,73600,29434,-0.008086253369272267
2019-08-01,73200,75300,72600,73500,36466,-0.0013586956521739468
2019-08-02,72700,74300,72600,73200,39195,-0.004081632653061273
2019-08-05,73200,73300,71500,71500,38503,-0.023224043715846965
2019-08-06,70500,72000,70100,70500,49586,-0.013986013986013957
2019-08-07,70800,72400,70300,70300,36964,-0.0028368794326241176
2019-08-08,71500,73200,71000,72000,37977,0.024182076813655806
2019-08-09,72700,74100,72100,72700,39325,0.009722222222222188
2019-08-12,73300,73300,72700,72800,26352,0.0013755158184318717
2019-08-13,72300,73000,71700,71900,40376,-0.012362637362637319
2019-08-14,72100,72700,71900,72100,57514,0.0027816411682892728
2019-08-16,71400,72200,70600,71300,29356,-0.01109570041608876
2019-08-19,71400,73100,71400,72500,39102,0.016830294530154388
2019-08-20,72400,72700,71400,71500,20197,-0.01379310344827589
2019-08-21,71700,71900,71000,71200,23385,-0.004195804195804231
2019-08-22,71900,72000,71000,71000,32840,-0.002808988764044895
2019-08-23,70600,71900,70600,71300,12226,0.004225352112676051
2019-08-26,71000,72300,70600,72100,25636,0.011220196353436185
2019-08-27,72700,73400,71700,72400,81733,0.004160887656033285
2019-08-28,73000,74600,73000,73600,39912,0.016574585635359185
2019-08-29,74600,74600,73200,73400,34470,-0.0027173913043477826
2019-08-30,74500,76000,73400,76000,41474,0.03542234332425065
2019-09-02,75900,77300,75600,76300,12333,0.003947368421052699
2019-09-03,76300,76500,74900,75200,21161,-0.014416775884665833
2019-09-04,74600,75800,74600,74700,7983,-0.0066489361702127825
2019-09-05,74500,76600,74500,75400,45518,0.009370816599732157
2019-09-06,75400,75900,74600,74600,14224,-0.010610079575596787
2019-09-09,74600,75900,74600,75500,78351,0.012064343163538771
2019-09-10,75500,76400,75000,75500,29199,0.0
2019-09-11,75500,76000,75200,76000,40495,0.0066225165562914245
2019-09-16,75700,75800,74700,75400,30454,-0.007894736842105288
2019-09-17,75400,75500,74100,74600,25096,-0.010610079575596787
2019-09-18,74600,75200,74200,75100,41866,0.006702412868632601
2019-09-19,75200,75400,74900,75300,12074,0.0026631158455392434
2019-09-20,75300,75800,74700,75100,53270,-0.0026560424966799445
2019-09-23,74900,76800,74900,76500,44690,0.018641810918774926
2019-09-24,76500,77200,75900,76300,37112,-0.002614379084967311
2019-09-25,76100,76500,75800,76000,31604,-0.003931847968545177
2019-09-26,76500,77200,76500,76800,32749,0.010526315789473717
2019-09-27,76600,76700,75100,75800,40438,-0.01302083333333337
2019-09-30,75900,77100,75900,76400,34676,0.0079155672823219
2019-10-01,76400,76400,75300,76000,20689,-0.005235602094240788
2019-10-02,75900,75900,74500,74500,19212,-0.019736842105263164
2019-10-04,74500,74800,73600,73700,24982,-0.010738255033557076
2019-10-07,74400,74400,73500,73900,20899,0.0027137042062415073
2019-10-08,73700,75200,73700,73900,22913,0.0
2019-10-10,73800,73800,72500,73200,37115,-0.009472259810554773
2019-10-11,73900,74000,73300,73700,22353,0.006830601092896238
2019-10-14,73700,74200,72700,72900,24741,-0.01085481682496603
2019-10-15,72600,73200,72600,73000,33571,0.00137174211248281
2019-10-16,73000,74000,72900,73800,28326,0.010958904109588996
2019-10-17,73800,74000,73000,73500,24223,-0.004065040650406471
2019-10-18,73600,73600,72500,73200,22145,-0.004081632653061273
2019-10-21,73200,73600,72800,73600,39705,0.005464480874316946
2019-10-22,73500,73600,72800,73600,62149,0.0
2019-10-23,73700,73800,72500,73100,36334,-0.006793478260869512
2019-10-24,72900,73500,72500,73300,33900,0.002735978112175186
2019-10-25,73300,74000,73000,74000,19159,0.009549795361528002
2019-10-28,74000,75000,73800,74800,37763,0.0108108108108107
2019-10-29,74300,74800,73200,74500,46038,-0.004010695187165791
2019-10-30,74600,74900,73300,73800,28760,-0.00939597315436247
2019-10-31,73800,74000,73000,73000,26239,-0.010840108401083959
2019-11-01,74400,74400,73200,73800,24692,0.010958904109588996
2019-11-04,73900,74400,73700,74200,20184,0.005420054200542035
2019-11-05,74200,75800,74200,75800,50875,0.02156334231805923
2019-11-06,75900,75900,74900,75400,47928,-0.00527704485488123
2019-11-07,75500,75500,74100,74800,47658,-0.007957559681697646
2019-11-08,75200,75200,74200,74600,22685,-0.002673796791443861
2019-11-11,74700,75400,74600,75000,37141,0.00536193029490617
2019-11-12,75000,76400,74700,76000,45823,0.01333333333333342
2019-11-13,75500,76400,75300,75300,49778,-0.009210526315789447
2019-11-14,75500,75600,74200,74900,33944,-0.005312084993359889
2019-11-15,75000,75000,74100,74400,40192,-0.006675567423230944
2019-11-18,74400,74800,74100,74700,16339,0.0040322580645162365
2019-11-19,74700,74900,73900,74900,35384,0.0026773761713521083
2019-11-20,75000,75000,74100,74100,11955,-0.010680907877169576
2019-11-21,74200,74200,73100,73500,20870,-0.0080971659919028
2019-11-22,73500,73900,72600,72700,21750,-0.010884353741496544
2019-11-25,73000,73900,72800,73700,15456,0.01375515818431916
2019-11-26,73700,74200,73200,74200,118343,0.006784260515603879
2019-11-27,74200,74500,73300,73600,33824,-0.008086253369272267
2019-11-28,73900,73900,73200,73200,31046,-0.005434782608695676
2019-11-29,73200,73600,72000,72100,77872,-0.015027322404371546
2019-12-02,71800,72600,71500,72500,26971,0.00554785020804438
2019-12-03,72600,72600,71400,72000,24929,-0.006896551724137945
2019-12-04,71800,73600,71500,73000,63126,0.01388888888888884
2019-12-05,73300,74100,72000,72500,46648,-0.006849315068493178
2019-12-06,72600,73500,72600,73000,19638,0.006896551724137945
2019-12-09,73000,73700,72600,73300,23028,0.004109589041095818
2019-12-10,73800,73800,72700,72900,40605,-0.00545702592087316
2019-12-11,72900,73000,72500,72500,45286,-0.005486968449931462
2019-12-12,72600,74200,72500,73400,69252,0.012413793103448256
2019-12-13,73800,74700,73100,73800,41153,0.005449591280654031
2019-12-16,73700,74200,73300,73300,37200,-0.006775067750677488
2019-12-17,73100,74100,73100,73900,53765,0.008185538881309684
2019-12-18,73900,75300,73900,75300,44238,0.018944519621109546
2019-12-19,75000,75500,74500,75500,35423,0.0026560424966799445
2019-12-20,75500,75900,75000,75000,58011,-0.0066225165562914245
2019-12-23,74800,75800,74800,75400,28264,0.005333333333333412
2019-12-24,75400,75600,75000,75400,25967,0.0
2019-12-26,75500,75800,75200,75600,62169,0.0026525198938991412
2019-12-27,73300,73900,72500,72900,39749,-0.0357142857142857
2019-12-30,72900,72900,71700,71700,41428,-0.016460905349794275
2020-01-02,72000,72300,71200,71400,36310,-0.004184100418409997
2020-01-03,71300,72400,70700,71400,44815,0.0
2020-01-06,71400,71400,70300,70900,34713,-0.007002801120448154
2020-01-07,70900,71700,70300,70800,36841,-0.0014104372355430161
2020-01-08,70700,70700,69200,69400,26358,-0.019774011299435013
2020-01-09,69600,70600,68500,69500,67371,0.0014409221902016434
2020-01-10,69700,70500,69000,69900,41449,0.0057553956834532904
2020-01-13,70200,71300,70000,71200,44488,0.01859799713876975
2020-01-14,71500,71700,70500,71700,38169,0.0070224719101124045
2020-01-15,71700,71700,70900,71300,28916,-0.00557880055788007
2020-01-16,71500,73200,71500,72800,53313,0.02103786816269282
2020-01-17,72800,73100,72200,73000,50638,0.0027472527472527375
2020-01-20,72800,73100,72500,72800,26624,-0.002739726027397249
2020-01-21,72700,72800,71600,71900,27231,-0.012362637362637319
2020-01-22,71500,75300,71500,75300,69332,0.04728789986091786
2020-01-23,75500,76900,75400,76800,91093,0.019920318725099584
2020-01-28,75600,77200,74800,75900,60186,-0.01171875
2020-01-29,76100,76600,75300,75600,33456,-0.0039525691699604515
2020-01-30,75600,75800,73800,74800,39882,-0.010582010582010581
2020-01-31,74400,75100,73100,73200,38502,-0.021390374331550777
2020-02-03,72100,73100,67300,72700,46555,-0.006830601092896127
2020-02-04,72800,73000,71500,72400,80739,-0.004126547455295726
2020-02-05,72600,73900,72500,73000,37878,0.008287292817679592
2020-02-06,73000,76500,73000,76300,74177,0.045205479452054886
2020-02-07,76100,76100,74300,75300,35023,-0.013106159895150737
2020-02-10,75000,76300,74200,75700,45651,0.005312084993359889
2020-02-11,75700,77200,74900,76000,92206,0.003963011889035695
2020-02-12,76100,78200,75900,78000,71784,0.026315789473684292
2020-02-13,78600,78600,76800,77400,39508,-0.007692307692307665
2020-02-14,77300,77700,76500,77200,51569,-0.0025839793281653423
2020-02-17,77200,77600,76600,77000,28826,-0.002590673575129543
2020-02-18,77000,77000,74700,75000,60830,-0.025974025974025983
2020-02-19,75200,75500,74500,74500,49692,-0.00666666666666671
2020-02-20,74700,75300,73500,73600,33962,-0.012080536912751683
2020-02-21,72800,73600,71700,72000,83151,-0.021739130434782594
2020-02-24,71000,71000,69000,69200,68532,-0.03888888888888886
2020-02-25,69100,70200,68700,70000,51153,0.011560693641618602
2020-02-26,69500,70500,69000,69800,55181,-0.0028571428571428914
2020-02-27,69900,70200,68500,68500,52022,-0.01862464183381085
2020-02-28,67900,67900,65700,66300,96782,-0.03211678832116793
2020-03-02,66300,67500,65000,65000,75697,-0.019607843137254943
2020-03-03,66300,67300,63600,63600,63827,-0.021538461538461506
2020-03-04,64000,65700,63900,64800,39390,0.018867924528301883
2020-03-05,66400,67100,65400,67000,58609,0.033950617283950546
2020-03-06,66600,66600,64800,64800,91976,-0.032835820895522394
2020-03-09,64700,64700,61500,61500,102333,-0.05092592592592593
2020-03-10,60600,62000,59700,59800,124753,-0.027642276422764178
2020-03-11,60500,60700,58500,59000,91658,-0.013377926421404673
2020-03-12,58200,58600,55200,56100,115983,-0.04915254237288136
2020-03-13,51000,53800,49800,52500,223092,-0.06417112299465244
2020-03-16,53300,54100,49500,49700,148700,-0.053333333333333344
2020-03-17,47800,49750,47250,47450,125357,-0.04527162977867205
2020-03-18,48500,48600,44600,44600,126626,-0.060063224446786134
2020-03-19,44700,45400,39150,40400,228340,-0.094170403587444
2020-03-20,41950,43850,39800,43850,170162,0.08539603960396036
2020-03-23,41450,43000,40000,42250,118401,-0.036488027366020526
2020-03-24,43000,45500,42700,44200,249395,0.04615384615384621
2020-03-25,46800,51400,46100,49000,407188,0.10859728506787336
2020-03-26,49850,51200,48100,49100,436026,0.0020408163265306367
2020-03-27,51600,52000,48950,49350,320821,0.005091649694501044
2020-03-30,48100,49700,47050,49350,155537,0.0
2020-03-31,50800,51700,50200,51600,214284,0.045592705167173175
2020-04-01,51600,54200,50700,50900,296593,-0.013565891472868241
2020-04-02,50600,52200,49600,51700,139742,0.015717092337917515
2020-04-03,52100,52800,50900,51500,99448,-0.003868471953578312
2020-04-06,51600,52900,51100,52900,123735,0.027184466019417375
2020-04-07,54900,55000,53000,54100,196388,0.022684310018903586
2020-04-08,54000,56200,53400,55000,141872,0.01663585951940849
2020-04-09,56400,59900,55500,59900,195596,0.08909090909090911
2020-04-10,60100,62000,59000,60700,179195,0.013355592654423987
2020-04-13,60600,60600,58500,58600,150325,-0.034596375617792385
2020-04-14,59100,60500,58100,60200,139712,0.027303754266211566
2020-04-16,59500,59900,58300,59000,120212,-0.019933554817275767
2020-04-17,60200,60500,59800,60100,134294,0.01864406779661021
2020-04-20,60200,60200,58400,58600,127983,-0.024958402662229595
2020-04-21,57900,57900,56200,57400,167457,-0.020477815699658675
2020-04-22,56000,57900,55200,56900,174213,-0.008710801393728262
2020-04-23,57500,58300,57000,57100,103055,0.0035149384885764245
2020-04-24,56400,56900,55800,55900,119546,-0.021015761821365997
2020-04-27,55800,57000,55800,56400,94399,0.008944543828264706
2020-04-28,56800,57600,56400,56700,90846,0.005319148936170137
2020-04-29,56700,57000,56300,56900,99355,0.003527336860670305
2020-05-04,56000,56500,55600,55600,104613,-0.02284710017574687
2020-05-06,56200,56600,55700,55800,88726,0.003597122302158251
2020-05-07,55800,55900,54800,55300,143669,-0.008960573476702538
2020-05-08,55600,56100,55400,55900,132111,0.010849909584086825
2020-05-11,56200,56900,55800,55800,164289,-0.0017889087656529634
2020-05-12,55800,56100,54500,55200,104199,-0.010752688172043001
2020-05-13,54500,55900,54500,55900,74137,0.0126811594202898
2020-05-14,55800,55800,54400,54700,101529,-0.02146690518783545
2020-05-15,55100,55200,53700,54300,89864,-0.007312614259597838
2020-05-18,54200,54300,53500,53700,95258,-0.011049723756906049
2020-05-19,55300,57900,55200,57500,222549,0.07076350093109873
2020-05-20,56600,57100,56200,56600,78507,-0.01565217391304352
2020-05-21,57400,57700,56200,56800,96276,0.0035335689045936647
2020-05-22,56300,56800,56000,56000,137992,-0.014084507042253502
2020-05-25,56100,56500,55700,56400,75092,0.0071428571428571175
2020-05-26,56600,58000,56400,57400,158168,0.01773049645390068
2020-05-27,57800,57900,56700,57400,146075,0.0
2020-05-28,57900,58000,56200,57100,141586,-0.005226480836236891
2020-05-29,56400,57500,56200,56300,254480,-0.014010507880910628
2020-06-01,56600,57900,56600,57500,175516,0.02131438721136769
2020-06-02,57600,59600,57500,59400,230011,0.03304347826086951
2020-06-03,60200,61900,60200,61200,297922,0.030303030303030276
2020-06-04,62600,63000,59600,61100,261736,-0.0016339869281045694
2020-06-05,61000,62900,60100,62400,193712,0.02127659574468077
2020-06-08,63600,64200,63000,64000,203113,0.02564102564102555
2020-06-09,64700,65300,63200,63800,204389,-0.0031250000000000444
2020-06-10,63900,63900,62900,63500,108611,-0.00470219435736674
2020-06-11,63500,63500,61400,62700,180307,-0.012598425196850394
2020-06-12,58200,60900,58200,60800,215089,-0.030303030303030276
2020-06-15,61400,61400,57900,57900,276494,-0.047697368421052655
2020-06-16,59000,59800,58500,59100,199294,0.020725388601036343
2020-06-17,58900,59500,57300,57600,193103,-0.025380710659898442
2020-06-18,57800,59800,56700,58200,191228,0.01041666666666674
2020-06-19,59000,59700,57700,57700,347580,-0.00859106529209619
2020-06-22,58100,58100,56100,56100,149997,-0.02772963604852685
2020-06-23,56700,57000,55500,56600,116581,0.00891265597147961
2020-06-24,57000,58500,56600,58000,140728,0.02473498233215543
2020-06-25,56700,57200,56000,56200,105334,-0.03103448275862064
2020-06-26,57000,57100,56100,56400,70691,0.003558718861210064
2020-06-29,55700,55700,54600,54900,105432,-0.02659574468085102
2020-06-30,55700,55800,55100,55100,65235,0.0036429872495447047
2020-07-01,55800,55800,54700,54700,70594,-0.007259528130671544
2020-07-02,54800,55500,54800,55400,40000,0.01279707495429605
2020-07-03,55700,55900,55000,55500,66884,0.0018050541516245744
2020-07-06,55800,56300,54900,55900,101809,0.007207207207207134
2020-07-07,56700,56700,55100,55100,100564,-0.014311270125223596
2020-07-08,55100,55900,55100,55400,67613,0.005444646098003547
2020-07-09,55600,55700,55000,55300,92529,-0.0018050541516245744
2020-07-10,54900,55200,54100,54500,106932,-0.01446654611211573
2020-07-13,55000,55500,54500,55300,102159,0.014678899082568808
2020-07-14,55500,55600,54500,55600,66384,0.005424954792043302
2020-07-15,56800,58200,56600,58000,268321,0.043165467625899234
2020-07-16,58900,59500,58200,58800,158906,0.01379310344827589
2020-07-17,58900,64000,58700,63500,415950,0.07993197278911568
2020-07-20,64900,66800,64500,65300,320181,0.02834645669291347
2020-07-21,65900,66000,63900,65400,240992,0.0015313935681469104
2020-07-22,65400,71900,64500,64500,288692,-0.013761467889908285
2020-07-23,64500,67100,63500,66500,249289,0.03100775193798455
2020-07-24,65400,68100,65000,66200,162035,-0.004511278195488688
2020-07-27,66200,68900,66100,66800,167689,0.009063444108761365
2020-07-28,67100,67600,65900,66400,162126,-0.005988023952095856
2020-07-29,66100,67400,65800,67300,137000,0.013554216867469826
2020-07-30,67900,69700,67700,69500,164839,0.03268945022288272
2020-07-31,69500,69800,68300,69000,105414,-0.007194244604316502
2020-08-03,69300,69700,68100,69400,121011,0.005797101449275255
2020-08-04,69900,71600,69500,71300,160645,0.027377521613832778
2020-08-05,71800,74400,71700,72800,184536,0.02103786816269282
2020-08-06,73900,77000,73600,76600,253244,0.052197802197802234
2020-08-07,77900,79400,77300,79000,247317,0.031331592689294974
2020-08-10,81500,94000,81500,89000,966852,0.12658227848101267
2020-08-11,91900,92300,85900,91400,539001,0.026966292134831482
2020-08-12,89000,91300,88200,89200,371602,-0.024070021881838044
2020-08-13,90200,90900,88300,89500,264171,0.0033632286995515237
2020-08-14,89500,89600,85000,86700,220467,-0.031284916201117285
2020-08-18,85000,86900,80000,80800,336178,-0.06805074971164937
2020-08-19,80700,83000,80100,82300,175702,0.01856435643564347
2020-08-20,82300,82800,77500,78100,297954,-0.051032806804374276
2020-08-21,79100,80700,78200,78600,177278,0.006402048655569814
2020-08-24,78700,81400,77200,81300,141589,0.03435114503816794
2020-08-25,83100,86200,82900,84000,146104,0.03321033210332103
2020-08-26,84600,85100,82900,84900,116665,0.010714285714285676
2020-08-27,85200,86000,83800,84200,107996,-0.00824499411071844
2020-08-28,84400,88000,84200,86700,196311,0.029691211401425166
2020-08-31,88700,90300,87000,87000,279900,0.0034602076124568004
2020-09-01,89200,89500,86500,87700,146775,0.008045977011494232
2020-09-02,87500,87800,85300,86000,127977,-0.019384264538198415
2020-09-03,86200,86500,85400,85800,106253,-0.0023255813953488857
2020-09-04,81700,84500,81500,83900,139469,-0.022144522144522116
2020-09-07,83600,83700,82400,83400,86436,-0.005959475566150174
2020-09-08,84000,84700,82800,83200,67602,-0.0023980815347721673
2020-09-09,82300,84800,82000,82500,95705,-0.008413461538461564
2020-09-10,83500,83700,82600,82800,62330,0.0036363636363636598
2020-09-11,82600,83500,82100,82900,74632,0.0012077294685990392
2020-09-14,83700,86800,83700,86800,152529,0.04704463208685161
2020-09-15,88700,88800,86900,87400,105494,0.00691244239631339
2020-09-16,88000,89400,87400,88600,178696,0.013729977116704761
2020-09-17,89300,90500,87800,89000,259903,0.004514672686230181
2020-09-18,88700,89000,86600,87000,147667,-0.022471910112359605
2020-09-21,86900,89300,86200,87000,135638,0.0
2020-09-22,86900,86900,83800,83900,193409,-0.03563218390804601
2020-09-23,84900,85500,81100,84100,113761,0.0023837902264600697
2020-09-24,82200,83000,81500,81500,144202,-0.030915576694411362
2020-09-25,81600,82600,80700,81600,66757,0.0012269938650306678
2020-09-28,82500,84100,82300,83500,56013,0.023284313725490113
2020-09-29,85200,85300,83600,84400,107051,0.010778443113772518
2020-10-05,84800,87300,84500,86600,163421,0.026066350710900466
2020-10-06,87400,87400,85000,85000,141322,-0.018475750577367167
2020-10-07,84200,85700,83800,85700,101937,0.008235294117647118
2020-10-08,86400,86500,85100,85800,60220,0.001166861143523823
2020-10-12,85000,86300,84800,86000,74647,0.002331002331002363
2020-10-13,86200,86500,84800,85900,63079,-0.0011627906976744429
2020-10-14,86000,86800,85000,85200,80081,-0.008149010477299212
2020-10-15,85200,85300,84300,84900,81261,-0.0035211267605633756
2020-10-16,84900,85000,81600,82500,183476,-0.028268551236749095
2020-10-19,81900,82300,81100,81100,135132,-0.016969696969696968
2020-10-20,76500,80000,75200,79500,297046,-0.019728729963008673
2020-10-21,79500,79500,78400,79000,78591,-0.0062893081761006275
2020-10-22,78700,78700,77700,78200,61871,-0.010126582278481067
2020-10-23,78300,80400,78300,80200,62040,0.025575447570332477
2020-10-26,80300,81900,79000,80600,85349,0.004987531172069737
2020-10-27,80800,83000,80600,81600,77284,0.012406947890818865
2020-10-28,81500,82000,80600,81600,61168,0.0
2020-10-29,80500,80600,79300,79800,86732,-0.022058823529411797
2020-10-30,79800,80000,78400,78600,81487,-0.015037593984962405
2020-11-02,78600,80100,78600,79600,53778,0.012722646310432628
2020-11-03,80000,80400,79400,79600,54313,0.0
2020-11-04,80300,81400,79600,79600,49985,0.0
2020-11-05,80700,81400,80000,81400,72086,0.022613065326633208
2020-11-06,82000,82800,81500,82000,87500,0.0073710073710073765
2020-11-09,82400,83000,82200,83000,80421,0.012195121951219523
2020-11-10,83600,83900,82500,83700,73338,0.008433734939758963
2020-11-11,83800,85100,83800,84800,90515,0.0131421744324971
2020-11-12,84200,85900,84200,85400,94726,0.007075471698113178
2020-11-13,85000,86400,84800,85800,102508,0.004683840749414525
2020-11-16,87000,87500,85700,85900,101330,0.0011655011655011815
2020-11-17,86300,87000,85800,86600,151391,0.008149010477299212
2020-11-18,86600,87000,84800,85100,134504,-0.01732101616628179
2020-11-19,85200,85400,84500,85400,63395,0.003525264394829586
2020-11-20,85400,85400,84600,85300,45968,-0.0011709601873536313
2020-11-23,84600,85900,84600,85700,69014,0.004689331770222793
2020-11-24,86000,86400,85300,85800,91707,0.001166861143523823
2020-11-25,86500,86700,84200,84800,115417,-0.011655011655011704
2020-11-26,84600,84700,83900,84100,71909,-0.008254716981132115
2020-11-27,84200,84700,84000,84400,65946,0.00356718192627814
2020-11-30,84500,86200,84000,84000,244397,-0.004739336492891044
2020-12-01,84500,84900,84100,84800,89110,0.00952380952380949
2020-12-02,85200,85200,84700,85000,94588,0.002358490566037652
2020-12-03,85500,89300,85000,88600,346208,0.04235294117647048
2020-12-04,89000,89100,87900,88100,230933,-0.0056433408577878375
2020-12-07,88100,88800,86500,88000,122526,-0.0011350737797957144
2020-12-08,88200,88200,85800,86100,148595,-0.021590909090909105
2020-12-09,86400,87200,86400,86600,106818,0.005807200929152101
2020-12-10,86400,87600,86200,87100,111241,0.005773672055427337
2020-12-11,87500,88000,86600,87700,151436,0.006888633754305484
2020-12-14,88100,88300,87500,87900,141097,0.0022805017103761926
2020-12-15,87900,88600,87500,87800,95535,-0.0011376564277588708
2020-12-16,88700,90000,88600,89100,141093,0.01480637813211838
2020-12-17,89100,89600,88500,89200,113624,0.001122334455667895
2020-12-18,89500,89500,88500,88600,134093,-0.006726457399103158
2020-12-21,88700,88700,87400,87900,84849,-0.007900677200902928
2020-12-22,87700,88000,87000,87300,94040,-0.0068259385665528916
2020-12-23,87500,88800,87000,88400,108702,0.012600229095074411
2020-12-24,88700,89900,88700,89300,109791,0.010180995475113086
2020-12-28,89900,90400,89300,90100,265660,0.008958566629339249
2020-12-29,89600,89600,87800,88400,161334,-0.018867924528301883
2020-12-30,88300,88800,87600,88500,107549,0.0011312217194570096
2021-01-04,88700,93800,88600,91700,371184,0.0361581920903955
2021-01-05,91700,93400,89900,91300,207022,-0.004362050163576936
2021-01-06,91700,91800,89300,89300,201655,-0.02190580503833517
2021-01-07,89800,91000,89700,90000,201375,0.007838745800671898
2021-01-08,108000,116000,97400,104500,1613820,0.1611111111111112
2021-01-11,115000,135000,111000,121000,1653451,0.1578947368421053
2021-01-12,128000,131500,117000,124500,1631033,0.02892561983471076
2021-01-13,124500,127500,116500,120500,811874,-0.032128514056224855
2021-01-14,117500,120000,116000,119500,415279,-0.008298755186721962
2021-01-15,122500,126000,117000,117000,653163,-0.02092050209205021
2021-01-18,113500,117500,110000,111500,662236,-0.047008547008547064
2021-01-19,113000,118000,112500,118000,459736,0.058295964125560484
2021-01-20,125000,125000,115000,116000,558815,-0.016949152542372836
2021-01-21,118500,123000,116500,122500,421610,0.056034482758620774
2021-01-22,122500,124000,119000,122000,267919,-0.004081632653061273
2021-01-25,120500,123000,119000,123000,245062,0.008196721311475308
2021-01-26,125000,125500,119500,120000,267474,-0.024390243902439046
2021-01-27,122000,123000,119000,120500,223501,0.004166666666666652
2021-01-28,117000,120000,117000,119000,233838,-0.012448132780082943
2021-01-29,120000,120500,111000,113000,311928,-0.050420168067226934
2021-02-01,111500,117000,110000,117000,176248,0.03539823008849563
2021-02-02,118000,118500,115000,116000,171619,-0.008547008547008517
2021-02-03,119500,122000,118000,121500,245461,0.047413793103448176
2021-02-04,123000,124000,119000,122000,197763,0.004115226337448652
2021-02-05,122500,123500,119000,122500,208009,0.004098360655737654
2021-02-08,117500,119000,114500,118000,303168,-0.03673469387755102
2021-02-09,117000,119500,116000,117500,230799,-0.004237288135593209
2021-02-10,117500,119000,116000,118500,147021,0.008510638297872353
2021-02-15,120000,120000,117000,118000,109892,-0.00421940928270037
2021-02-16,119000,119000,118000,118500,133893,0.004237288135593209
2021-02-17,118000,118500,116000,116500,61525,-0.016877637130801704
2021-02-18,116000,117000,113000,113000,105803,-0.030042918454935674
2021-02-19,111500,114000,111000,114000,108500,0.008849557522123908
2021-02-22,114000,115000,111000,111500,106218,-0.021929824561403466
2021-02-23,110000,112500,108000,110000,122044,-0.013452914798206317
2021-02-24,110000,111500,105000,105000,127588,-0.045454545454545414
2021-02-25,107500,108500,105000,107500,81800,0.023809523809523725
2021-02-26,104500,109000,104000,104000,149193,-0.032558139534883734
2021-03-02,107500,110000,105000,107000,77265,0.028846153846153744
2021-03-03,107500,108500,106000,108500,69018,0.014018691588784993
2021-03-04,107000,108500,104500,106000,65034,-0.02304147465437789
2021-03-05,104000,105000,102000,104000,91480,-0.018867924528301883
2021-03-08,105500,105500,101500,102000,50038,-0.019230769230769273
2021-03-09,102000,103000,99700,102000,101267,0.0
2021-03-10,104000,104000,100000,102500,55482,0.004901960784313708
2021-03-11,103000,104000,102000,104000,61338,0.014634146341463428
2021-03-12,105500,105500,104000,105500,56277,0.014423076923076872
2021-03-15,105500,107000,103000,104500,46090,-0.009478672985781977
2021-03-16,105500,106000,104500,105500,34445,0.009569377990430672
2021-03-17,106000,106000,103000,104500,40168,-0.009478672985781977
2021-03-18,105500,109500,105000,109500,114712,0.04784688995215314
2021-03-19,108000,108500,104000,104000,294876,-0.05022831050228316
2021-03-22,104000,104000,102500,103500,102302,-0.004807692307692291
2021-03-23,104000,104500,102500,103000,54533,-0.004830917874396157
2021-03-24,101500,102000,100000,100000,75816,-0.029126213592232997
2021-03-25,99300,100500,98400,98800,119213,-0.01200000000000001
2021-03-26,99600,100500,98200,98900,81143,0.0010121457489877805
2021-03-29,99000,99300,97600,98600,117280,-0.0030333670374115274
2021-03-30,98400,100500,98300,100500,82137,0.01926977687626774
2021-03-31,100500,101000,99100,100000,54683,-0.00497512437810943
2021-04-01,100500,102000,100500,101500,54976,0.014999999999999902
2021-04-02,103500,107500,103500,107500,151389,0.059113300492610765
2021-04-05,107500,108000,105500,108000,52546,0.0046511627906977715
2021-04-06,109000,109000,106000,106500,41327,-0.01388888888888884
2021-04-07,106500,106500,104500,106500,60243,0.0
2021-04-08,106000,107000,105000,106500,68289,0.0
2021-04-09,107000,107000,104500,105500,90718,-0.009389671361502372
2021-04-12,105500,107000,105500,107000,48467,0.014218009478673022
2021-04-13,106000,109000,106000,109000,66080,0.01869158878504673
2021-04-14,110000,112000,109000,112000,119743,0.02752293577981657
2021-04-15,112000,112500,110000,111000,78060,-0.008928571428571397
2021-04-16,111000,111500,110000,111500,69890,0.0045045045045044585
2021-04-19,111500,112000,109000,111000,61618,-0.004484304932735439
2021-04-20,110500,111000,109500,109500,73274,-0.013513513513513487
2021-04-21,109500,110000,107000,108000,100200,-0.013698630136986356
2021-04-22,108000,110000,107500,110000,114773,0.0185185185185186
2021-04-23,109000,109000,107500,107500,55107,-0.022727272727272707
2021-04-26,108000,108500,106500,108000,68099,0.0046511627906977715
2021-04-27,108000,108500,106500,107500,60708,-0.00462962962962965
2021-04-28,106500,107500,106000,107000,80391,-0.0046511627906976605
2021-04-29,107000,109500,105000,109500,143596,0.02336448598130847
2021-04-30,108500,109000,106000,106500,122631,-0.0273972602739726
2021-05-03,106500,110000,105500,108500,81105,0.018779342723004744
2021-05-04,110000,110000,108000,110000,53216,0.01382488479262678
2021-05-06,109500,111000,109000,110000,74598,0.0
2021-05-07,110000,113000,109500,113000,94732,0.027272727272727337
2021-05-10,113000,116000,113000,115500,102897,0.022123893805309658
2021-05-11,114500,115000,112000,113500,87926,-0.017316017316017285
2021-05-12,113000,116000,111500,112000,108790,-0.013215859030836996
2021-05-13,110000,112500,108500,111000,95595,-0.008928571428571397
2021-05-14,112500,113500,111000,111500,92351,0.0045045045045044585
2021-05-17,113000,113000,110000,111000,40508,-0.004484304932735439
2021-05-18,110500,112500,110000,112000,27789,0.009009009009008917
2021-05-20,111500,112000,110000,111000,41842,-0.008928571428571397
2021-05-21,111500,113000,110500,110500,69614,-0.0045045045045044585
2021-05-24,111000,111500,110000,110000,37255,-0.004524886877828038
2021-05-25,111000,111000,109500,110000,47944,0.0
2021-05-26,110000,110500,108500,109500,76973,-0.004545454545454519
2021-05-27,109500,110000,105500,105500,162609,-0.0365296803652968
2021-05-28,106500,110500,106500,110000,129676,0.042654028436019065
2021-05-31,110000,112000,110000,111000,71549,0.009090909090909038
2021-06-01,111500,113000,110500,112500,96577,0.013513513513513598
2021-06-02,112500,114500,112000,113000,75107,0.004444444444444473
2021-06-03,113000,114000,111500,113500,70173,0.004424778761061843
2021-06-04,114000,115500,113000,114500,102161,0.008810572687224738
2021-06-07,116000,117500,115000,115000,93423,0.004366812227074135
2021-06-08,115000,117500,114000,117000,86248,0.017391304347825987
2021-06-09,117000,117500,114500,115500,74058,-0.012820512820512775
2021-06-10,115000,115500,114500,115500,49802,0.0
2021-06-11,115500,117000,115500,116000,87278,0.0043290043290042934
2021-06-14,116500,116500,115000,116000,38669,0.0
2021-06-15,116000,116000,114500,115500,29917,-0.004310344827586188
2021-06-16,115500,118000,115000,116500,66010,0.008658008658008587
2021-06-17,116000,117000,116000,117000,66893,0.0042918454935623185
2021-06-18,116500,117000,114000,114000,107880,-0.02564102564102566
2021-06-21,113500,115000,113000,113500,58663,-0.004385964912280715
2021-06-22,114000,117000,113500,116000,141396,0.022026431718061623
2021-06-23,117000,117500,116000,116500,53324,0.004310344827586299
2021-06-24,117000,119000,116500,117000,72613,0.0042918454935623185
2021-06-25,117500,118000,116000,117500,65384,0.004273504273504258
2021-06-28,117500,118000,116500,117500,49940,0.0
2021-06-29,117000,117500,115500,115500,53970,-0.017021276595744705
2021-06-30,116500,116500,115000,115500,42634,0.0
2021-07-01,115500,116000,114000,115000,52363,-0.0043290043290042934
2021-07-02,115000,116000,114000,114000,33720,-0.008695652173912993
2021-07-05,114000,115000,113500,114000,25598,0.0
2021-07-06,114500,115000,114000,114500,20326,0.004385964912280604
2021-07-07,113500,114500,112500,114000,61376,-0.004366812227074246
2021-07-08,113500,114500,111000,112500,84467,-0.013157894736842146
2021-07-09,111000,111500,109000,110500,93375,-0.01777777777777778
2021-07-12,112000,113500,111500,112000,44465,0.013574660633484115
2021-07-13,113000,113000,111500,112500,38625,0.0044642857142858094
2021-07-14,112500,113000,112000,112500,32967,0.0
2021-07-15,113000,114000,112500,114000,47934,0.01333333333333342
2021-07-16,114000,114000,112500,114000,40159,0.0
2021-07-19,113500,114000,112500,113000,30210,-0.00877192982456143
2021-07-20,110500,113000,110500,113000,36573,0.0
2021-07-21,114000,114500,112000,112000,40713,-0.008849557522123908
2021-07-22,113000,113000,111000,112000,52074,0.0
2021-07-23,112000,112500,109000,110000,75469,-0.017857142857142905
2021-07-26,110000,110000,108500,109500,51230,-0.004545454545454519
2021-07-27,109500,110000,108000,109500,36330,0.0
2021-07-28,109000,109000,107000,108000,42495,-0.013698630136986356
2021-07-29,108000,108500,107000,108000,37023,0.0
2021-07-30,108000,108000,106000,106000,52057,-0.01851851851851849
2021-08-02,105500,106500,104500,106000,47974,0.0
2021-08-03,105500,108500,105000,108500,39464,0.02358490566037741
2021-08-04,109000,109000,107500,109000,27642,0.004608294930875667
2021-08-05,108500,108500,107000,107500,34117,-0.013761467889908285
2021-08-06,107000,108000,106000,106000,37638,-0.013953488372092981
2021-08-09,106000,106500,105000,105000,37582,-0.009433962264150941
2021-08-10,106000,106500,104000,104500,37515,-0.004761904761904745
2021-08-11,104500,105000,103500,104000,36085,-0.004784688995215336
2021-08-12,104000,106000,104000,104500,45753,0.004807692307692291
2021-08-13,105000,105500,101000,103000,69131,-0.014354066985645897
2021-08-17,102000,103500,100000,100500,55927,-0.024271844660194164
2021-08-18,100500,101500,99800,100500,33665,0.0
2021-08-19,100000,100500,98100,99500,64435,-0.00995024875621886
2021-08-20,99600,99900,96200,96500,77577,-0.03015075376884424
2021-08-23,96700,98600,96200,97400,45674,0.00932642487046631
2021-08-24,98300,99200,97500,98400,105762,0.010266940451745477
2021-08-25,98900,99600,98100,98600,52432,0.00203252032520318
2021-08-26,99100,99700,98000,99000,47628,0.0040567951318457585
2021-08-27,98800,98900,97800,98900,26864,-0.0010101010101010166
2021-08-30,99600,100500,99300,99800,23724,0.009100101112234471
2021-08-31,100500,102500,99000,102500,72389,0.027054108216432837
2021-09-01,102500,104000,101500,101500,56343,-0.009756097560975618
2021-09-02,101500,102000,99800,99800,36648,-0.016748768472906406
2021-09-03,100500,101500,100000,101500,25173,0.017034068136272618
2021-09-06,102000,102000,100500,101500,27115,0.0
2021-09-07,101500,101500,100000,101000,21389,-0.0049261083743842304
2021-09-08,100000,101500,100000,101000,28447,0.0
2021-09-09,101000,101000,99400,99800,40368,-0.011881188118811892
2021-09-10,99800,100000,98400,100000,29678,0.002004008016031955
2021-09-13,100000,100500,99500,100500,25698,0.004999999999999893
2021-09-14,100000,102000,100000,101000,31789,0.004975124378109541
2021-09-15,100500,102500,100000,102500,45325,0.014851485148514865
2021-09-16,103000,103500,101000,102500,44514,0.0
2021-09-17,102500,102500,99600,99600,65064,-0.028292682926829293
2021-09-23,98700,100500,98700,100000,40618,0.004016064257028162
2021-09-24,100000,100500,99400,99500,24232,-0.0050000000000000044
2021-09-27,99500,99500,98900,99500,33266,0.0
2021-09-28,99500,99600,98500,98700,28546,-0.008040201005025116
2021-09-29,97100,97900,96600,97200,49007,-0.015197568389057725
2021-09-30,97200,97400,96200,96500,41907,-0.007201646090534974
2021-10-01,96000,96200,93700,93700,63393,-0.02901554404145079
2021-10-05,93000,93500,91000,92100,59242,-0.01707577374599789
2021-10-06,92300,93800,91700,93500,62725,0.015200868621064068
2021-10-07,93500,96100,93200,96100,39705,0.027807486631016065
2021-10-08,96600,98300,96600,97400,44015,0.013527575442247697
2021-10-12,97100,97400,95300,96800,55869,-0.006160164271047264
2021-10-13,96900,98900,96900,98900,58451,0.02169421487603307
2021-10-14,99500,99700,98600,99100,39180,0.002022244691607611
2021-10-15,99800,100500,99200,99900,38489,0.008072653884964698
2021-10-18,100000,100500,98600,99800,31567,-0.0010010010010009784
2021-10-19,99800,100500,99100,99900,36595,0.0010020040080160886
2021-10-20,100500,100500,99100,99500,41416,-0.004004004004004025
2021-10-21,100000,100000,98000,98400,43720,-0.011055276381909507
2021-10-22,98500,98900,97700,98100,54937,-0.0030487804878048808
2021-10-25,98100,99100,97100,98200,62398,0.0010193679918450993
2021-10-26,98800,99600,98000,99300,37828,0.011201629327902252
2021-10-27,99400,99800,99000,99800,34005,0.0050352467270895485
2021-10-28,99600,99900,98200,98400,41271,-0.014028056112224463
2021-10-29,99100,99200,97400,97500,42387,-0.009146341463414642
2021-11-01,97000,97700,96400,96400,57638,-0.011282051282051286
2021-11-02,96900,98400,96600,97800,39318,0.014522821576763434
2021-11-03,98100,98400,96900,96900,30610,-0.009202453987730008
2021-11-04,97400,101000,97400,100500,104283,0.037151702786377694
2021-11-05,101000,101500,100000,101000,42336,0.004975124378109541
2021-11-08,101000,101500,99000,100500,51413,-0.004950495049504955
2021-11-09,101000,101000,99100,99100,66536,-0.013930348258706426
2021-11-10,99000,99100,97600,97700,46297,-0.014127144298688221
2021-11-11,97300,98100,97200,97700,54451,0.0
2021-11-12,97600,99200,97500,98300,44150,0.0061412487205732
2021-11-15,98700,99200,98300,98600,36012,0.003051881993896277
2021-11-16,98500,98600,97300,97300,46608,-0.013184584178498993
2021-11-17,97900,98400,96700,97000,52846,-0.0030832476875641834
2021-11-18,97000,97400,95800,96000,58543,-0.010309278350515427
2021-11-19,98200,98600,97700,98400,60635,0.02499999999999991
2021-11-22,98500,101000,98000,100000,85834,0.016260162601626105
2021-11-23,100500,100500,98500,98800,43889,-0.01200000000000001
2021-11-24,98900,99400,98000,98100,46625,-0.007085020242915019
2021-11-25,98400,98500,97400,97400,26357,-0.007135575942915362
2021-11-26,97100,97400,94800,95200,83831,-0.022587268993839782
2021-11-29,92500,94500,92100,93000,53310,-0.02310924369747902
2021-11-30,93600,94300,90800,90800,157315,-0.023655913978494647
2021-12-01,90800,93500,90800,93200,50458,0.026431718061673992
2021-12-02,92600,96700,92300,95800,50061,0.027896995708154515
2021-12-03,95900,96700,95500,95500,43146,-0.0031315240083507057
2021-12-06,95200,96700,94500,96300,34014,0.008376963350785305
2021-12-07,96500,97400,96200,96800,33420,0.005192107995846351
2021-12-08,97500,97800,96500,96500,44798,-0.0030991735537190257
2021-12-09,96500,97700,96400,96400,41787,-0.0010362694300518616
2021-12-10,96400,97500,95800,96600,37876,0.0020746887966804906
2021-12-13,97300,99300,97300,98000,56738,0.01449275362318847
2021-12-14,97700,99400,97600,99400,47230,0.014285714285714235
2021-12-15,99400,99400,98100,98500,50203,-0.00905432595573441
2021-12-16,99100,99400,98600,99000,34461,0.0050761421319796
2021-12-17,98300,100000,98300,100000,50576,0.010101010101010166
2021-12-20,100000,100000,98000,98700,41643,-0.013000000000000012
2021-12-21,98600,99200,98500,99000,23814,0.003039513677811634
2021-12-22,99400,100500,98900,99400,40936,0.004040404040404066
2021-12-23,100000,100000,99400,99900,26052,0.005030181086519203
2021-12-24,100000,102000,99900,102000,62548,0.021021021021021102
2021-12-27,102000,103000,101500,102500,48714,0.004901960784313708
2021-12-28,102500,103000,101000,103000,75026,0.004878048780487809
2021-12-29,101500,101500,99400,100000,90510,-0.029126213592232997
2021-12-30,100000,100500,97500,98500,62158,-0.015000000000000013
2022-01-03,98500,98900,97100,97800,52641,-0.007106598984771617
2022-01-04,98300,98300,97400,97700,24745,-0.0010224948875255935
2022-01-05,99200,100500,98400,99400,49801,0.017400204708290623
2022-01-06,98500,100500,98200,99200,58173,-0.002012072434607659
2022-01-07,99200,100500,99000,100000,31950,0.008064516129032251
2022-01-10,99400,99700,97800,98300,31551,-0.017000000000000015
2022-01-11,98400,99000,97900,98900,41222,0.006103763987792554
2022-01-12,99400,100500,98900,100000,38747,0.011122345803842304
2022-01-13,100000,101000,99900,100500,38417,0.004999999999999893
2022-01-14,99100,101000,99100,100500,36329,0.0
2022-01-17,100500,100500,98600,99900,36361,-0.005970149253731294
2022-01-18,99900,100000,98200,99100,55751,-0.00800800800800805
2022-01-19,98200,99200,97600,98500,44250,-0.006054490413723523
2022-01-20,98200,98900,98000,98800,34641,0.003045685279187804
2022-01-21,97800,98800,97500,98800,27518,0.0
2022-01-24,98000,98400,96000,96000,56044,-0.028340080971659964
2022-01-25,96000,96300,92700,96100,63749,0.0010416666666666075
2022-01-26,94500,95900,93500,93500,36752,-0.027055150884495283
2022-01-27,93100,94300,91100,91900,45238,-0.01711229946524062
2022-01-28,91500,93200,89900,93200,66089,0.014145810663764857
2022-02-03,94000,95200,94000,95200,30738,0.02145922746781115
2022-02-04,94500,95100,94400,95000,17344,-0.0021008403361344463
2022-02-07,95300,95300,93600,95200,25867,0.002105263157894832
2022-02-08,94500,95300,93700,93900,29408,-0.013655462184873901
2022-02-09,94200,94600,92600,94000,23767,0.0010649627263046302
2022-02-10,94300,95600,93800,95600,41375,0.017021276595744705
2022-02-11,94600,95600,94000,95600,35348,0.0
2022-02-14,94700,94700,93100,93700,23195,-0.01987447698744771
2022-02-15,93300,94900,93000,94300,25112,0.006403415154749181
2022-02-16,94700,95300,94400,95000,22211,0.007423117709437932
2022-02-17,94800,95700,94300,95500,32232,0.0052631578947368585
2022-02-18,94600,94800,94000,94300,26256,-0.012565445026177957
2022-02-21,93500,93700,92800,93700,19953,-0.006362672322375418
2022-02-22,92600,93000,91000,91900,44500,-0.019210245464247544
2022-02-23,91900,92100,91100,91200,27145,-0.007616974972796564
2022-02-24,90800,90800,88000,88700,63324,-0.027412280701754388
2022-02-25,89200,89600,88200,88700,35941,0.0
2022-02-28,87400,88500,86300,87500,79644,-0.013528748590755368
2022-03-02,87000,87000,85600,86000,82932,-0.017142857142857126
2022-03-03,86800,88400,86400,88200,48587,0.0255813953488373
2022-03-04,87400,88000,86700,87100,34141,-0.012471655328798237
2022-03-07,86400,86500,85100,85100,45837,-0.02296211251435132
2022-03-08,83600,85900,83500,85000,25983,-0.001175088131609825
2022-03-10,85400,86200,85000,85700,48589,0.008235294117647118
2022-03-11,85700,85700,84400,85500,34857,-0.002333722287047868
2022-03-14,85400,85500,82800,83000,60329,-0.0292397660818714
2022-03-15,83000,83000,81700,82000,60285,-0.012048192771084376
2022-03-16,82400,83100,81300,82700,59123,0.008536585365853666
2022-03-17,83700,84200,82600,82600,81228,-0.0012091898428052694
2022-03-18,83300,83600,82400,82700,50694,0.001210653753026536
2022-03-21,83000,83300,82200,82300,34688,-0.0048367593712213
2022-03-22,82300,83400,82300,83300,36337,0.012150668286755817
2022-03-23,83600,84200,82400,83700,57046,0.004801920768307433
2022-03-24,83200,83800,82900,83700,38220,0.0
2022-03-25,83800,83900,82700,83200,48111,-0.005973715651135025
2022-03-28,83100,83600,82600,83500,20292,0.0036057692307691624
2022-03-29,83800,84400,83500,84400,46571,0.010778443113772518
2022-03-30,85200,86700,85100,86500,61238,0.024881516587677677
2022-03-31,86400,86400,85600,86200,41036,-0.003468208092485603
2022-04-01,85600,86000,84800,85300,33844,-0.01044083526682138
2022-04-04,85000,85600,84400,85600,38799,0.003516998827667095
2022-04-05,85600,86000,84700,86000,38096,0.004672897196261738
2022-04-06,84900,86500,84700,86200,44020,0.0023255813953488857
2022-04-07,85900,86200,85200,85700,46426,-0.0058004640371229765
2022-04-08,85600,85800,85000,85600,31715,-0.001166861143523934
2022-04-11,85300,86900,85200,86800,49850,0.014018691588784993
2022-04-12,86300,86600,85700,86200,28821,-0.00691244239631339
2022-04-13,86200,87000,86100,87000,23963,0.009280742459396807
2022-04-14,87200,87800,87100,87800,36754,0.009195402298850519
2022-04-15,87800,88000,87000,88000,41649,0.002277904328018332
2022-04-18,88200,89000,87900,88900,27300,0.010227272727272751
2022-04-19,88900,89700,88900,89700,33458,0.008998875140607376
2022-04-20,89900,90900,89600,90900,30724,0.013377926421404673
2022-04-21,90800,91800,90500,91800,125167,0.00990099009900991
2022-04-22,91100,91700,90700,91700,26997,-0.0010893246187363426
2022-04-25,90100,91500,89000,91200,41984,-0.005452562704471142
2022-04-26,92400,94500,92300,93000,93922,0.019736842105263053
2022-04-27,91600,93300,91400,93100,50075,0.0010752688172042113
2022-04-28,93700,94000,92900,94000,55806,0.009667024704618665
2022-04-29,94000,94400,93200,94400,64450,0.004255319148936065
2022-05-02,93600,94700,93600,94700,20734,0.0031779661016948513
2022-05-03,94700,94700,93600,93700,37589,-0.010559662090813049
2022-05-04,93600,93900,93200,93800,20834,0.0010672358591248265
2022-05-06,93000,93700,92800,92800,29590,-0.010660980810234588
2022-05-09,92700,92700,91300,91300,22590,-0.016163793103448287
2022-05-10,90100,91800,89000,91700,36316,0.004381161007666945
2022-05-11,92000,92400,91500,91600,16357,-0.0010905125408942062
2022-05-12,91200,91800,90800,90800,37136,-0.008733624454148492
2022-05-13,90800,92900,90800,92000,20480,0.013215859030837107
2022-05-16,92300,92900,91600,91800,18326,-0.0021739130434782483
2022-05-17,91700,92300,91700,91800,14801,0.0
2022-05-18,92000,92600,91500,91700,13209,-0.0010893246187363426
2022-05-19,90500,91400,90500,91000,23601,-0.007633587786259555
2022-05-20,91600,92700,91500,92700,20058,0.018681318681318615
2022-05-23,93100,93700,92800,93200,36869,0.005393743257820827
2022-05-24,93200,93200,92300,93100,27001,-0.0010729613733905241
2022-05-25,93400,93400,92100,92900,14306,-0.002148227712137518
2022-05-26,92400,93300,92200,93300,19716,0.0043057050592034685
2022-05-27,93300,93300,92500,93100,16433,-0.002143622722400873
2022-05-30,93500,93700,92800,93600,20404,0.005370569280343629
2022-05-31,93600,94200,93100,93100,95174,-0.005341880341880323
2022-06-02,93100,93200,92300,92700,29578,-0.004296455424274925
2022-06-03,93100,93500,91600,92700,25232,0.0
2022-06-07,92700,92700,91000,91000,32782,-0.01833872707659112
2022-06-08,91600,91700,91000,91000,10208,0.0
2022-06-09,91000,91200,90400,91200,14859,0.00219780219780219
2022-06-10,91000,91800,90300,91200,18267,0.0
2022-06-13,89700,90100,87800,88100,42814,-0.033991228070175405
2022-06-14,86200,87200,85600,86200,59137,-0.02156640181611802
2022-06-15,86200,87800,86100,86500,45062,0.0034802784222738303
2022-06-16,87300,87900,86500,86800,40623,0.003468208092485492
2022-06-17,85000,85500,84400,84400,80435,-0.027649769585253448
2022-06-20,84900,85400,84000,84500,60211,0.0011848341232227888
2022-06-21,84000,85500,84000,85100,25660,0.007100591715976323
2022-06-22,85400,85700,83900,84000,44925,-0.01292596944770863
2022-06-23,83500,84600,83300,83500,38927,-0.005952380952380931
2022-06-24,83900,85000,83500,85000,18649,0.017964071856287456
2022-06-27,86000,88700,85000,87500,55550,0.02941176470588225
2022-06-28,87900,89700,87200,89700,43436,0.025142857142857133
2022-06-29,88100,88100,84800,86400,72433,-0.03678929765886285
2022-06-30,86400,88000,85700,87000,71512,0.00694444444444442
2022-07-01,87500,88300,87000,87400,44075,0.0045977011494253706
2022-07-04,87500,87700,85500,86000,31395,-0.016018306636155555
2022-07-05,86000,86700,85100,85800,18313,-0.0023255813953488857
2022-07-06,86000,86300,84700,86000,28854,0.002331002331002363
2022-07-07,86100,86300,85400,86300,19231,0.0034883720930232176
2022-07-08,86600,87300,86500,87000,10888,0.008111239860950192
2022-07-11,87300,87800,86900,87600,18462,0.006896551724137945
2022-07-12,87500,87700,86100,87700,17663,0.0011415525114155667
2022-07-13,87700,89200,87400,87800,33374,0.0011402508551880963
2022-07-14,88000,88500,87300,88400,20649,0.006833712984054774
2022-07-15,88700,88800,87400,88800,18757,0.004524886877828038
2022-07-18,89500,89800,88800,89700,28806,0.010135135135135087
2022-07-19,89700,90800,89500,90700,26904,0.011148272017837302
2022-07-20,91600,91800,90700,91400,29326,0.007717750826901959
2022-07-21,91700,92800,90900,92300,49325,0.009846827133479286
2022-07-22,93000,93700,92400,93200,54483,0.009750812567713929
2022-07-25,93800,95400,93700,94400,43588,0.012875536480686733
2022-07-26,94400,94400,93400,94200,18943,-0.0021186440677966045
2022-07-27,94000,94200,92300,94000,51898,-0.002123142250530785
2022-07-28,94400,94500,92300,93400,72503,-0.006382978723404209
2022-07-29,93500,94100,92600,94100,47387,0.007494646680942241
2022-08-01,93900,94200,92800,93400,31238,-0.007438894792773598
2022-08-02,93700,93800,92300,93800,42176,0.004282655246252709
2022-08-03,93900,94300,88100,94100,59435,0.0031982942430703876
2022-08-04,94400,94500,92800,93700,87561,-0.004250797024442088
2022-08-05,93700,93700,92100,92600,67645,-0.011739594450373536
2022-08-08,92400,93100,92000,92900,18294,0.003239740820734305
2022-08-09,92900,93100,91000,92400,44187,-0.005382131324004336
2022-08-10,92200,92500,91400,91400,30027,-0.010822510822510845
2022-08-11,92000,92400,91600,92400,17737,0.010940919037199182
2022-08-12,92400,93400,92100,93100,35652,0.007575757575757569
2022-08-16,93300,93900,93000,93800,27626,0.007518796992481258
2022-08-17,93200,93400,89500,91100,145170,-0.028784648187633266
2022-08-18,89800,89800,87600,88600,106797,-0.027442371020856227
2022-08-19,88600,90100,88500,89600,40475,0.011286681715575675
2022-08-22,89300,89800,88400,88900,24306,-0.0078125
2022-08-23,88400,90300,88400,89200,21995,0.003374578177727683
2022-08-24,89500,90000,88400,89300,18543,0.0011210762331839152
2022-08-25,89600,91000,89300,90900,32166,0.01791713325867872
2022-08-26,90900,91400,90900,91000,13646,0.0011001100110010764
2022-08-29,89600,89900,88900,89300,31728,-0.018681318681318726
2022-08-30,89500,91900,89500,91700,33156,0.026875699888017968
2022-08-31,91600,92000,91200,91200,49356,-0.005452562704471142
2022-09-01,90800,91500,89800,91300,28927,0.0010964912280702066
2022-09-02,91600,94000,91300,91500,42358,0.0021905805038335835
2022-09-05,91200,93200,91200,92600,40624,0.012021857923497192
2022-09-06,92900,93000,92200,93000,16772,0.004319654427645814
2022-09-07,93100,93600,92000,93400,28843,0.004301075268817289
2022-09-08,93400,93500,92400,93500,28845,0.0010706638115631772
2022-09-13,93800,93900,93300,93600,29931,0.0010695187165774556
2022-09-14,92200,93100,92200,92700,24256,-0.009615384615384581
2022-09-15,92800,93200,92500,93000,28100,0.003236245954692629
2022-09-16,92900,93700,92600,93500,50254,0.005376344086021501
2022-09-19,93500,93500,91500,92600,24574,-0.009625668449197877
2022-09-20,92900,92900,91700,92000,13587,-0.006479481641468721
2022-09-21,92300,92500,90400,90500,31698,-0.016304347826086918
2022-09-22,90000,90700,89500,90500,23411,0.0
2022-09-23,90300,90500,89400,89600,24600,-0.009944751381215422
2022-09-26,89100,89100,85700,85700,46986,-0.0435267857142857
2022-09-27,85600,87000,85500,86500,32396,0.009334889148191472
2022-09-28,86900,87500,84500,84800,53460,-0.01965317919075149
2022-09-29,86000,86700,85100,85600,27466,0.009433962264151052
2022-09-30,85100,85800,83000,84100,62627,-0.017523364485981352
2022-10-04,85000,85900,84700,85400,31690,0.015457788347205792
2022-10-05,86500,87000,82000,84000,64706,-0.016393442622950838
2022-10-06,84500,84900,83800,84200,20469,0.0023809523809523725
2022-10-07,83900,83900,82800,83700,23970,-0.005938242280285055
2022-10-11,82400,82400,78900,78900,64157,-0.05734767025089604
2022-10-12,78900,79300,78400,78800,27412,-0.0012674271229404788
2022-10-13,78900,79400,78000,78300,23135,-0.006345177664974666
2022-10-14,79100,79600,78600,78700,29319,0.005108556832694733
2022-10-17,78300,78700,78100,78700,28906,0.0
2022-10-18,79500,79600,78500,79000,24777,0.003811944091486552
2022-10-19,78500,79700,78300,79100,36096,0.0012658227848101333
2022-10-20,79100,79400,78500,79400,18473,0.0037926675094817064
2022-10-21,79300,79400,74200,79200,28144,-0.0025188916876573986
2022-10-24,79600,79700,77000,77800,55687,-0.017676767676767624
2022-10-25,77800,77900,76300,76900,67878,-0.011568123393316143
2022-10-26,77200,77600,76100,77000,84590,0.0013003901170351995
2022-10-27,77000,77800,76800,77500,48876,0.006493506493506551
2022-10-28,77100,78400,77100,78000,25708,0.006451612903225712
2022-10-31,78800,78800,77200,78400,35811,0.00512820512820511
2022-11-01,78400,78400,77400,78100,48501,-0.003826530612244916
2022-11-02,78300,79000,77200,79000,61643,0.011523687580025532
2022-11-03,78000,78000,77200,77400,47809,-0.020253164556962022
2022-11-04,77500,77700,76900,77400,58663,0.0
2022-11-07,78200,79800,78200,79800,39287,0.03100775193798455
2022-11-08,80200,80400,79500,80300,36882,0.006265664160401085
2022-11-09,80500,81200,80100,81200,42542,0.011207970112079746
2022-11-10,81100,81900,80500,81200,53044,0.0
2022-11-11,83000,83100,81400,81900,47744,0.008620689655172376
2022-11-14,82500,84000,82100,83800,46804,0.023199023199023117
2022-11-15,83800,84000,82200,83500,41280,-0.0035799522673031214
2022-11-16,83600,83600,81500,82600,53062,-0.010778443113772407
2022-11-17,82000,82000,80400,81100,41287,-0.018159806295399483
2022-11-18,81000,81500,80600,80900,40740,-0.002466091245376112
2022-11-21,80600,80700,79300,80000,51326,-0.011124845488257096
2022-11-22,79800,79800,78700,79400,31526,-0.007499999999999951
2022-11-23,79300,79500,78600,79300,46576,-0.0012594458438287548
2022-11-24,79400,79700,78900,79700,27006,0.0050441361916770955
2022-11-25,79600,79700,78900,79300,26494,-0.005018820577164407
2022-11-28,79300,79700,78300,79400,69063,0.0012610340479193294
2022-11-29,79400,80000,79300,79800,28576,0.005037783375314797
2022-11-30,79800,83800,79600,83800,334492,0.05012531328320802
2022-12-01,83500,83600,82200,82200,55035,-0.019093078758949833
2022-12-02,82400,82400,80600,80600,42051,-0.019464720194647178
2022-12-05,81000,81000,79800,79800,33778,-0.00992555831265507
2022-12-06,79400,79800,79100,79700,23159,-0.0012531328320801727
2022-12-07,79300,79800,79100,79300,29792,-0.005018820577164407
2022-12-08,79500,79600,78900,79500,26438,0.0025220680958386588
2022-12-09,79600,79900,79300,79500,17325,0.0
2022-12-12,79700,79900,79300,79800,19000,0.0037735849056603765
2022-12-13,79900,80100,78500,78900,36475,-0.011278195488721776
2022-12-14,79000,80400,78600,80300,44636,0.017743979721166037
2022-12-15,80100,80300,79400,79700,32476,-0.007471980074719831
2022-12-16,79200,80400,79100,80400,50689,0.008782936010037545
2022-12-19,80000,80000,78800,79300,34127,-0.013681592039801016
2022-12-20,79000,79500,78500,79300,163587,0.0
2022-12-21,79300,79300,78700,79300,19964,0.0
2022-12-22,79600,80600,79200,80600,25436,0.016393442622950838
2022-12-23,79800,80100,79400,79900,23519,-0.008684863523573227
2022-12-26,79900,80200,79500,80000,33836,0.0012515644555695093
2022-12-27,80000,80700,79700,80700,68580,0.008750000000000036
2022-12-28,77500,77500,76400,76700,65036,-0.049566294919454745
2022-12-29,76400,76400,74000,74000,51695,-0.03520208604954367
2023-01-02,74300,76100,74300,74700,18903,0.009459459459459474
2023-01-03,74800,75700,73400,74700,131949,0.0
2023-01-04,74300,75500,74100,75500,86595,0.010709504685408211
2023-01-05,75700,76100,75200,76100,24782,0.007947019867549754
2023-01-06,75800,77100,75600,77100,29778,0.013140604467805517
2023-01-09,77300,78300,77000,78300,31292,0.015564202334630295
2023-01-10,78000,78100,77200,77800,37020,-0.0063856960408684715
2023-01-11,77800,78300,77300,77700,31499,-0.0012853470437017567
2023-01-12,77900,79000,77600,78900,42295,0.015444015444015413
2023-01-13,78900,80500,78800,80500,74883,0.020278833967046994
2023-01-16,80000,80000,79000,79800,25894,-0.008695652173912993
2023-01-17,79900,80200,79400,80000,27154,0.0025062656641603454
2023-01-18,80000,80100,78900,80000,25133,0.0
2023-01-19,79200,80300,79000,80300,28419,0.00374999999999992
2023-01-20,80000,80000,79400,79700,18660,-0.007471980074719831
2023-01-25,80200,80500,79800,79900,30129,0.0025094102885820924
2023-01-26,80000,83200,80000,82800,97304,0.03629536921151444
2023-01-27,83400,85900,83200,85900,159647,0.03743961352656999
2023-01-30,86400,87900,85900,86800,119465,0.010477299185098987
2023-01-31,86000,87200,85500,85900,70907,-0.010368663594470084
2023-02-01,86400,88000,86300,87700,61731,0.020954598370197974
2023-02-02,87700,88600,87000,87400,56779,-0.0034207525655644
2023-02-03,87400,88800,87200,88600,48765,0.013729977116704761
2023-02-06,88800,88800,87100,87100,32464,-0.0169300225733634
2023-02-07,87300,87600,86100,87600,26522,0.00574052812858783
2023-02-08,87700,88200,86700,88200,34781,0.006849315068493178
2023-02-09,87700,89200,87500,89200,35554,0.01133786848072571
2023-02-10,89200,90400,88300,90300,42161,0.012331838565022402
2023-02-13,90300,91000,89800,90400,35187,0.001107419712070845
2023-02-14,90900,92400,90600,92300,49122,0.02101769911504414
2023-02-15,92500,92800,91000,92000,45961,-0.00325027085590468
2023-02-16,92000,94100,92000,93500,60663,0.016304347826086918
2023-02-17,93500,94500,92700,94500,53435,0.010695187165775444
2023-02-20,93700,93800,91800,92700,58221,-0.01904761904761909
2023-02-21,92800,93500,91700,93200,35046,0.005393743257820827
2023-02-22,92400,92600,91800,91900,20870,-0.013948497854077258
2023-02-23,92300,93900,92100,92900,35377,0.01088139281828071
2023-02-24,93100,93300,91800,91800,33961,-0.011840688912809427
2023-02-27,91100,91500,90400,91200,24491,-0.006535947712418277
2023-02-28,91100,92900,91100,92200,78681,0.010964912280701844
2023-03-02,92200,93600,92100,93100,30160,0.009761388286334105
2023-03-03,93100,93500,91900,91900,33134,-0.012889366272824887
2023-03-06,92400,94400,92200,94000,71628,0.02285092491838947
2023-03-07,93600,94000,93300,93900,35992,-0.0010638297872340718
2023-03-08,93200,94500,92600,94500,42062,0.006389776357827559
2023-03-09,94000,95400,93800,94100,67994,-0.004232804232804255
2023-03-10,93700,94300,93200,93700,33825,-0.004250797024442088
2023-03-13,92500,94600,92000,94200,69317,0.005336179295624355
2023-03-14,94100,94100,92500,92500,69308,-0.018046709129511673
2023-03-15,93700,94300,93200,93400,67413,0.00972972972972963
2023-03-16,92900,92900,91500,91800,42340,-0.017130620985010725
2023-03-17,92500,93000,91600,92300,54214,0.005446623093681824
2023-03-20,92000,92300,90600,90600,35693,-0.018418201516793076
2023-03-21,91000,91400,90300,90300,21224,-0.0033112582781457123
2023-03-22,90700,91900,90700,91400,32899,0.012181616832779518
2023-03-23,90900,92000,90800,92000,34363,0.006564551422319376
