Date,Open,High,Low,Close,Volume,Change
2015-01-02,11950,11950,11500,11500,4524,-0.025423728813559365
2015-01-05,11400,11450,11150,11150,6220,-0.0304347826086957
2015-01-06,11150,11300,10950,11100,5229,-0.004484304932735439
2015-01-07,10800,11150,10800,10950,2485,-0.013513513513513487
2015-01-08,10800,10950,10700,10950,5520,0.0
2015-01-09,10950,11200,10800,11200,2284,0.022831050228310446
2015-01-12,11150,11400,10950,11350,5267,0.013392857142857206
2015-01-13,11500,11500,11000,11250,2197,-0.008810572687224627
2015-01-14,10950,11450,10950,11450,4552,0.01777777777777767
2015-01-15,11300,11550,11100,11100,3554,-0.03056768558951961
2015-01-16,11050,11050,10850,10850,3572,-0.022522522522522515
2015-01-19,10800,11100,10700,10800,6094,-0.004608294930875556
2015-01-20,11000,11100,10750,11000,6626,0.0185185185185186
2015-01-21,10900,11000,10650,10800,17581,-0.018181818181818188
2015-01-22,10750,10900,10550,10900,10729,0.0092592592592593
2015-01-23,10750,10950,10650,10900,4587,0.0
2015-01-26,10900,10900,10650,10900,8567,0.0
2015-01-27,10950,10950,10700,10850,4927,-0.004587155963302725
2015-01-28,10750,11250,10700,11000,8153,0.01382488479262678
2015-01-29,11100,11600,10900,11550,25960,0.050000000000000044
2015-01-30,11600,11700,11250,11550,5772,0.0
2015-02-02,11550,11850,11350,11650,7579,0.008658008658008587
2015-02-03,11650,12050,11450,11800,8332,0.012875536480686733
2015-02-04,11900,12500,11700,12400,22283,0.05084745762711873
2015-02-05,12100,12650,12100,12500,13374,0.008064516129032251
2015-02-06,12350,12500,12150,12200,6524,-0.02400000000000002
2015-02-09,12050,12300,12050,12200,5414,0.0
2015-02-10,12200,12250,11950,12150,6475,-0.004098360655737654
2015-02-11,11950,12200,11950,12000,9176,-0.012345679012345734
2015-02-12,11800,12400,11750,12300,13862,0.02499999999999991
2015-02-13,12400,12700,12000,12600,14705,0.024390243902439046
2015-02-16,12600,12650,12150,12150,19898,-0.0357142857142857
2015-02-17,12300,12300,11700,11950,17058,-0.016460905349794275
2015-02-23,12200,13000,12000,12650,45062,0.05857740585774063
2015-02-24,12650,12650,12300,12550,10674,-0.007905138339920903
2015-02-25,12450,12550,12000,12000,154001,-0.043824701195219085
2015-02-26,12050,12200,11800,12100,49278,0.008333333333333304
2015-02-27,12100,12200,11850,12050,7583,-0.004132231404958664
2015-03-02,12050,12050,11700,11850,14980,-0.016597510373444035
2015-03-03,11750,11950,11600,11750,18044,-0.008438818565400852
2015-03-04,11750,11900,11550,11900,25722,0.012765957446808418
2015-03-05,11900,12100,11700,11850,57434,-0.004201680672268893
2015-03-06,11850,12150,11750,11900,25997,0.00421940928270037
2015-03-09,11900,11950,11750,11800,9138,-0.008403361344537785
2015-03-10,11800,12300,11750,12250,22894,0.03813559322033888
2015-03-11,12200,12350,11950,12250,8906,0.0
2015-03-12,12050,12300,11950,11950,8031,-0.024489795918367308
2015-03-13,11950,12000,11700,11850,13630,-0.008368200836820106
2015-03-16,11750,11900,11600,11650,16731,-0.016877637130801704
2015-03-17,11950,11950,11650,11650,12629,0.0
2015-03-18,11700,11900,11500,11650,11528,0.0
2015-03-19,11650,11800,11550,11700,5158,0.0042918454935623185
2015-03-20,11600,11800,11000,11250,33166,-0.038461538461538436
2015-03-23,11300,11500,11250,11450,12934,0.01777777777777767
2015-03-24,11350,11450,11000,11150,14477,-0.026200873362445365
2015-03-25,11200,11200,10950,11150,24372,0.0
2015-03-26,11150,11350,11000,11200,11823,0.004484304932735439
2015-03-27,11150,11500,11150,11400,27703,0.017857142857142794
2015-03-30,11300,11550,11300,11350,16321,-0.004385964912280715
2015-03-31,11550,11700,11400,11550,13623,0.017621145374449254
2015-04-01,11700,11700,11300,11300,14690,-0.02164502164502169
2015-04-02,11300,11450,11100,11400,12994,0.008849557522123908
2015-04-03,11500,11550,11300,11500,14752,0.00877192982456143
2015-04-06,11700,11700,11400,11500,20055,0.0
2015-04-07,11550,11650,11300,11350,15628,-0.013043478260869601
2015-04-08,11450,11550,11250,11350,17291,0.0
2015-04-09,11400,11500,11200,11350,33376,0.0
2015-04-10,11300,11600,11300,11450,26793,0.008810572687224738
2015-04-13,11600,11600,11350,11450,21837,0.0
2015-04-14,11450,11700,11450,11650,19230,0.017467248908296984
2015-04-15,11650,12000,11650,11950,25429,0.025751072961373467
2015-04-16,12000,12300,11750,11850,36829,-0.008368200836820106
2015-04-17,12200,12600,11850,12450,35248,0.05063291139240511
2015-04-20,12250,12450,12000,12250,24599,-0.016064257028112428
2015-04-21,12150,12900,12050,12550,37265,0.02448979591836742
2015-04-22,12500,12650,11800,12450,21926,-0.007968127490039834
2015-04-23,12450,12600,12050,12350,35195,-0.008032128514056214
2015-04-24,12650,12750,12250,12450,12819,0.00809716599190291
2015-04-27,12550,12550,12100,12150,18992,-0.02409638554216864
2015-04-28,12200,12500,12000,12050,14463,-0.008230452674897082
2015-04-29,12050,12250,11900,12050,19614,0.0
2015-04-30,12300,12300,11900,12050,6106,0.0
2015-05-04,12150,12150,11700,11750,11420,-0.024896265560165998
2015-05-06,11750,11800,11250,11550,24200,-0.017021276595744705
2015-05-07,11500,11550,11150,11300,23378,-0.02164502164502169
2015-05-08,11450,11500,11200,11400,12051,0.008849557522123908
2015-05-11,11450,11800,11450,11750,7114,0.030701754385964897
2015-05-12,12300,12300,11800,12050,198257,0.025531914893617058
2015-05-13,12050,12500,12000,12150,20406,0.008298755186721962
2015-05-14,12300,12300,11900,12150,21559,0.0
2015-05-15,12050,12250,11750,11850,13513,-0.024691358024691357
2015-05-18,12000,12000,11550,11800,16275,-0.00421940928270037
2015-05-19,11950,12000,11300,11500,21477,-0.025423728813559365
2015-05-20,11500,11750,11450,11650,6395,0.01304347826086949
2015-05-21,11700,11750,11500,11650,8991,0.0
2015-05-22,11750,11750,11550,11700,7520,0.0042918454935623185
2015-05-26,11700,11800,11500,11650,18851,-0.004273504273504258
2015-05-27,11550,11600,11500,11600,4611,-0.0042918454935622075
2015-05-28,11600,11650,11450,11550,1322,-0.004310344827586188
2015-05-29,11600,11700,11450,11600,12219,0.0043290043290042934
2015-06-01,11850,11850,11350,11550,16668,-0.004310344827586188
2015-06-02,11450,11700,11200,11300,10812,-0.02164502164502169
2015-06-03,11200,11300,10950,11300,23915,0.0
2015-06-04,11100,11150,11000,11000,9048,-0.026548672566371723
2015-06-05,10800,11050,10800,10900,6611,-0.009090909090909038
2015-06-08,10800,10800,10500,10700,17720,-0.01834862385321101
2015-06-09,10800,10900,10600,10600,16118,-0.009345794392523366
2015-06-10,10750,10900,10600,10800,9429,0.018867924528301883
2015-06-11,11000,11200,10900,11000,5344,0.0185185185185186
2015-06-12,11000,11250,10800,10950,7137,-0.004545454545454519
2015-06-15,10850,10950,10750,10900,11605,-0.004566210045662156
2015-06-16,10800,11100,10800,11100,4534,0.0183486238532109
2015-06-17,11150,11150,10700,11100,6257,0.0
2015-06-18,10900,11050,10850,10950,6892,-0.013513513513513487
2015-06-19,11000,11150,10900,11100,4379,0.013698630136986356
2015-06-22,10900,11100,10600,10850,8239,-0.022522522522522515
2015-06-23,10800,11150,10800,11000,2320,0.01382488479262678
2015-06-24,10850,11150,10850,11000,7883,0.0
2015-06-25,10950,11100,10850,10900,6567,-0.009090909090909038
2015-06-26,10850,11100,10800,10800,2901,-0.00917431192660545
2015-06-29,10600,10900,10600,10800,12581,0.0
2015-06-30,10750,10900,10500,10650,15807,-0.01388888888888884
2015-07-01,10650,10750,10550,10700,6135,0.0046948356807512415
2015-07-02,10700,10850,10700,10800,5369,0.009345794392523255
2015-07-03,10800,10950,10750,10800,3210,0.0
2015-07-06,10800,10800,10500,10500,19327,-0.02777777777777779
2015-07-07,10600,10600,10350,10500,5397,0.0
2015-07-08,10550,10750,10500,10700,35741,0.01904761904761898
2015-07-09,10900,10900,10550,10650,9637,-0.004672897196261627
2015-07-10,10800,10900,10700,10850,978,0.018779342723004744
2015-07-13,10900,10950,10650,10850,3264,0.0
2015-07-14,10900,10950,10650,10750,2223,-0.009216589861751112
2015-07-15,10800,11100,10700,11050,17528,0.027906976744185963
2015-07-16,11150,11250,11000,11100,5332,0.004524886877828038
2015-07-17,11200,11250,10950,11000,8529,-0.009009009009009028
2015-07-20,11100,11150,10850,10850,3836,-0.013636363636363669
2015-07-21,11000,11350,10850,11050,9230,0.018433179723502224
2015-07-22,11200,11300,10800,11000,9465,-0.004524886877828038
2015-07-23,11050,11100,10750,10800,5035,-0.018181818181818188
2015-07-24,10900,10950,10650,10800,11303,0.0
2015-07-27,10700,10800,10650,10800,6355,0.0
2015-07-28,10750,10750,10400,10650,10072,-0.01388888888888884
2015-07-29,10800,10800,10650,10800,5383,0.014084507042253502
2015-07-30,10800,10850,10600,10800,6895,0.0
2015-07-31,10800,10800,10500,10500,7441,-0.02777777777777779
2015-08-03,10500,10700,10200,10600,11734,0.00952380952380949
2015-08-04,10550,10600,10400,10550,4022,-0.004716981132075526
2015-08-05,10550,10600,10450,10550,2215,0.0
2015-08-06,10600,10600,10400,10500,9076,-0.004739336492891044
2015-08-07,10500,10500,10350,10450,4014,-0.004761904761904745
2015-08-10,10500,10500,9930,9930,45983,-0.04976076555023923
2015-08-11,9910,10150,9910,9990,15167,0.0060422960725075026
2015-08-12,10050,10050,9930,9990,1287,0.0
2015-08-13,9930,10000,9930,10000,3546,0.0010010010010010895
2015-08-17,10100,10200,9930,9940,6023,-0.006000000000000005
2015-08-18,10100,10150,9870,9940,6339,0.0
2015-08-19,9940,9990,9440,9720,18751,-0.02213279678068414
2015-08-20,9410,9880,9410,9660,1908,-0.006172839506172867
2015-08-21,9400,9650,9260,9640,8541,-0.0020703933747412417
2015-08-24,9550,9550,9100,9300,11269,-0.03526970954356845
2015-08-25,9150,9500,9150,9390,13156,0.00967741935483879
2015-08-26,9390,9600,9330,9600,3057,0.022364217252396124
2015-08-27,9660,9790,9600,9790,1129,0.019791666666666652
2015-08-28,9790,9860,9610,9850,4288,0.006128702757916216
2015-08-31,9850,9890,9720,9800,1224,-0.005076142131979711
2015-09-01,9810,9890,9710,9880,998,0.008163265306122547
2015-09-02,9900,9900,9710,9880,7291,0.0
2015-09-03,9900,9970,9900,9970,3323,0.009109311740890691
2015-09-04,9990,9990,9800,9900,3186,-0.007021063189568744
2015-09-07,9720,9900,9650,9670,5737,-0.02323232323232327
2015-09-08,9800,9800,9650,9740,7097,0.007238883143743546
2015-09-09,10050,10050,9730,9780,4926,0.004106776180698102
2015-09-10,9780,9930,9750,9800,3179,0.002044989775051187
2015-09-11,9800,9850,9750,9800,3187,0.0
2015-09-14,9780,9940,9760,9800,2115,0.0
2015-09-15,9920,9920,9710,9800,764,0.0
2015-09-16,9800,9960,9800,9900,4960,0.010204081632652962
2015-09-17,9900,10050,9880,9940,2611,0.004040404040404066
2015-09-18,9960,9970,9810,9810,7280,-0.013078470824949728
2015-09-21,9810,9840,9780,9810,3988,0.0
2015-09-22,10000,10000,9650,9870,5743,0.006116207951070374
2015-09-23,9960,9960,9760,9860,3934,-0.0010131712259371373
2015-09-24,9890,9890,9790,9890,835,0.0030425963488844854
2015-09-25,9900,9900,9800,9860,1363,-0.0030333670374115274
2015-09-30,9860,9920,9860,9920,2730,0.006085192697768749
2015-10-01,9950,9950,9860,9930,3271,0.0010080645161290036
2015-10-02,9960,9970,9870,9930,3499,0.0
2015-10-05,9980,10000,9940,9980,3483,0.0050352467270895485
2015-10-06,9950,9970,9850,9950,1660,-0.0030060120240480437
2015-10-07,9950,9950,9780,9880,3851,-0.007035175879396949
2015-10-08,9880,9890,9810,9890,4500,0.0010121457489877805
2015-10-12,9870,10150,9870,9990,5256,0.010111223458038499
2015-10-13,10000,10000,9930,9970,7450,-0.002002002002001957
2015-10-14,9980,10100,9970,10050,5276,0.008024072216650024
2015-10-15,10050,10100,9980,10100,7065,0.004975124378109541
2015-10-16,10100,10450,10100,10400,6855,0.02970297029702973
2015-10-19,10450,10600,10350,10600,9745,0.019230769230769162
2015-10-20,10600,10800,10450,10700,14424,0.009433962264151052
2015-10-21,10700,10750,10450,10450,8298,-0.02336448598130836
2015-10-22,10350,10550,10350,10500,2916,0.004784688995215225
2015-10-23,10400,10600,10350,10500,2162,0.0
2015-10-26,10500,10500,10200,10200,3442,-0.02857142857142858
2015-10-27,10050,10400,9920,10400,9450,0.019607843137254832
2015-10-28,10400,10450,10250,10400,6649,0.0
2015-10-29,10400,10800,10250,10450,8401,0.004807692307692291
2015-10-30,10450,10450,10150,10450,8403,0.0
2015-11-02,10450,10700,10300,10700,3876,0.02392344497607657
2015-11-03,10700,10900,10700,10800,19468,0.009345794392523255
2015-11-04,10850,10950,10600,10750,7275,-0.00462962962962965
2015-11-05,10550,10650,10400,10500,4454,-0.023255813953488413
2015-11-06,10400,10450,10300,10450,3813,-0.004761904761904745
2015-11-09,10450,10450,10100,10100,7056,-0.03349282296650713
2015-11-10,10000,10000,9660,9830,11046,-0.026732673267326756
2015-11-11,9830,10050,9830,10000,1432,0.01729399796541209
2015-11-12,9850,10200,9810,10150,2719,0.014999999999999902
2015-11-13,9930,10200,9900,10200,5926,0.0049261083743843415
2015-11-16,9930,10150,9810,10000,4354,-0.019607843137254943
2015-11-17,10000,10000,9870,9980,7730,-0.0020000000000000018
2015-11-18,9980,10050,9890,9980,35469,0.0
2015-11-19,9880,10100,9860,9980,5029,0.0
2015-11-20,9950,10050,9880,9990,3093,0.0010020040080160886
2015-11-23,10000,10050,9930,9980,1172,-0.0010010010010009784
2015-11-24,9980,10000,9920,9990,3034,0.0010020040080160886
2015-11-25,9910,9960,9900,9920,3271,-0.00700700700700696
2015-11-26,9920,9980,9890,9980,3998,0.006048387096774244
2015-11-27,9960,10000,9890,9950,5898,-0.0030060120240480437
2015-11-30,9950,9980,9910,9980,2465,0.0030150753768845018
2015-12-01,9900,10000,9900,10000,1767,0.002004008016031955
2015-12-02,9920,10050,9920,10000,2016,0.0
2015-12-03,9950,10000,9920,9980,2637,-0.0020000000000000018
2015-12-04,9890,9990,9890,9970,2505,-0.0010020040080159776
2015-12-07,9970,9990,9870,9990,3776,0.0020060180541625616
2015-12-08,9920,10250,9920,10150,8380,0.0160160160160161
2015-12-09,10150,10550,9970,10450,42674,0.029556650246305383
2015-12-10,10500,10650,10250,10400,16034,-0.004784688995215336
2015-12-11,10350,10500,10250,10400,7626,0.0
2015-12-14,10300,10400,10150,10300,4577,-0.009615384615384581
2015-12-15,10200,10400,10200,10250,3972,-0.004854368932038833
2015-12-16,10400,10500,10250,10400,7076,0.014634146341463428
2015-12-17,10400,10450,10250,10400,9183,0.0
2015-12-18,10250,10450,10250,10400,4412,0.0
2015-12-21,10500,10500,10250,10500,8865,0.009615384615384581
2015-12-22,10400,10750,10400,10650,9283,0.014285714285714235
2015-12-23,10500,10700,10300,10400,7585,-0.023474178403755874
2015-12-24,10300,10350,10150,10150,7763,-0.024038461538461564
2015-12-28,10150,10300,10000,10200,5765,0.0049261083743843415
2015-12-29,10200,10350,10050,10250,4791,0.004901960784313708
2015-12-30,10150,10550,10050,10450,4496,0.019512195121951237
2016-01-04,10450,10500,10350,10400,4279,-0.004784688995215336
2016-01-05,10300,10400,10250,10400,6819,0.0
2016-01-06,10400,10450,10150,10250,5859,-0.014423076923076872
2016-01-07,10200,10450,10150,10200,4777,-0.004878048780487809
2016-01-08,10200,10200,9910,10000,4431,-0.019607843137254943
2016-01-11,10000,10100,9970,10100,2346,0.010000000000000009
2016-01-12,9940,10100,9940,10000,3006,-0.00990099009900991
2016-01-13,10000,10100,9960,10000,4792,0.0
2016-01-14,10000,10050,9920,9930,8398,-0.007000000000000006
2016-01-15,10050,10050,9960,9990,2656,0.0060422960725075026
2016-01-18,9990,10050,9830,9910,4515,-0.00800800800800805
2016-01-19,9910,9940,9850,9920,3735,0.0010090817356205317
2016-01-20,9780,9880,9550,9610,19955,-0.03125
2016-01-21,9510,9700,9510,9700,1406,0.009365244536940764
2016-01-22,9700,9720,9550,9710,3474,0.0010309278350515427
2016-01-25,9710,10000,9710,9950,6588,0.02471678681771361
2016-01-26,9980,9980,9820,9950,1338,0.0
2016-01-27,9990,10000,9950,10000,3791,0.005025125628140614
2016-01-28,9910,10000,9860,10000,2556,0.0
2016-01-29,9910,10100,9910,10050,4104,0.004999999999999893
2016-02-01,9940,10150,9940,10000,8263,-0.00497512437810943
2016-02-02,10000,10150,10000,10100,3861,0.010000000000000009
2016-02-03,10250,10250,10050,10150,5296,0.004950495049504955
2016-02-04,10200,10300,10050,10300,1685,0.014778325123152802
2016-02-05,10300,10350,10150,10350,2360,0.004854368932038833
2016-02-11,10150,10250,10050,10200,3996,-0.01449275362318836
2016-02-12,10100,10100,9910,9910,15718,-0.028431372549019618
2016-02-15,9950,10200,9950,10200,2393,0.029263370332996974
2016-02-16,10200,10350,10200,10300,3146,0.009803921568627416
2016-02-17,10300,10350,10100,10100,3577,-0.01941747572815533
2016-02-18,10100,10200,9950,10050,4097,-0.004950495049504955
2016-02-19,10000,10100,9960,10000,3703,-0.00497512437810943
2016-02-22,10100,10350,10100,10200,2808,0.020000000000000018
2016-02-23,10150,10300,10000,10050,2573,-0.014705882352941124
2016-02-24,10050,10150,9970,10100,2036,0.004975124378109541
2016-02-25,10100,10150,9970,9970,3136,-0.012871287128712883
2016-02-26,9980,10400,9950,10000,8790,0.0030090270812437314
2016-02-29,10000,10050,9890,9940,5334,-0.006000000000000005
2016-03-02,9950,10050,9930,10050,7879,0.01106639839034207
2016-03-03,10000,10150,9970,10050,6766,0.0
2016-03-04,10150,10250,9980,10250,14331,0.01990049751243772
2016-03-07,10250,10250,10100,10200,6624,-0.004878048780487809
2016-03-08,10100,10150,9960,10000,5557,-0.019607843137254943
2016-03-09,10000,10000,9960,10000,2264,0.0
2016-03-10,10000,10100,9960,10050,4584,0.004999999999999893
2016-03-11,10050,10150,10050,10150,2478,0.00995024875621886
2016-03-14,10150,10150,10000,10100,2448,-0.0049261083743842304
2016-03-15,10000,10200,10000,10100,4647,0.0
2016-03-16,10100,10200,10000,10100,4078,0.0
2016-03-17,10100,10150,10050,10150,2686,0.004950495049504955
2016-03-18,10150,10200,10000,10100,4408,-0.0049261083743842304
2016-03-21,10150,10300,10150,10250,11702,0.014851485148514865
2016-03-22,10300,10300,10100,10200,6400,-0.004878048780487809
2016-03-23,10250,10250,10100,10200,13705,0.0
2016-03-24,10250,10250,10150,10200,1442,0.0
2016-03-25,10200,10300,10100,10200,3984,0.0
2016-03-28,10200,10200,9980,10000,10268,-0.019607843137254943
2016-03-29,10000,10100,9990,10100,5137,0.010000000000000009
2016-03-30,10100,10150,10000,10100,6473,0.0
2016-03-31,10100,10100,10000,10000,8218,-0.00990099009900991
2016-04-01,10000,10150,10000,10150,4974,0.014999999999999902
2016-04-04,10150,10250,10050,10200,1301,0.0049261083743843415
2016-04-05,10150,10150,10100,10150,4310,-0.004901960784313708
2016-04-06,10200,10200,10050,10050,8035,-0.009852216748768461
2016-04-07,10050,10150,10050,10150,8801,0.00995024875621886
2016-04-08,10050,10150,10050,10150,4750,0.0
2016-04-11,10150,10200,10050,10150,4218,0.0
2016-04-12,10150,10200,10000,10150,8115,0.0
2016-04-14,10150,10250,10100,10250,8485,0.009852216748768461
2016-04-15,10250,10350,10050,10300,9409,0.004878048780487809
2016-04-18,10350,10350,10200,10300,6123,0.0
2016-04-19,10300,10400,10200,10300,7438,0.0
2016-04-20,10300,10400,10250,10400,7644,0.009708737864077666
2016-04-21,10400,10450,10300,10400,6111,0.0
2016-04-22,10400,10450,10300,10450,8708,0.004807692307692291
2016-04-25,10450,10450,10200,10200,9887,-0.02392344497607657
2016-04-26,10200,10300,10150,10300,13166,0.009803921568627416
2016-04-27,10250,10450,10200,10350,4628,0.004854368932038833
2016-04-28,10400,10400,10200,10250,4721,-0.009661835748792313
2016-04-29,10250,10300,10200,10300,6981,0.004878048780487809
2016-05-02,10250,10350,10200,10200,4198,-0.009708737864077666
2016-05-03,10200,10250,10050,10150,6737,-0.004901960784313708
2016-05-04,10150,10150,10100,10150,12247,0.0
2016-05-09,10200,10250,10100,10200,6216,0.0049261083743843415
2016-05-10,10200,10250,10050,10200,11085,0.0
2016-05-11,10250,10250,10100,10200,8525,0.0
2016-05-12,10200,10200,10050,10150,8911,-0.004901960784313708
2016-05-13,10150,10150,10000,10050,19832,-0.009852216748768461
2016-05-16,10050,10100,10000,10100,5700,0.004975124378109541
2016-05-17,10100,10100,9990,10050,11108,-0.004950495049504955
2016-05-18,10000,10050,9970,10000,8075,-0.00497512437810943
2016-05-19,10000,10100,10000,10050,8494,0.004999999999999893
2016-05-20,10100,10200,10000,10100,9795,0.004975124378109541
2016-05-23,10150,10150,10050,10050,8685,-0.004950495049504955
2016-05-24,10150,10150,10050,10150,4283,0.00995024875621886
2016-05-25,10300,10300,10100,10200,4235,0.0049261083743843415
2016-05-26,10200,10200,10100,10200,6513,0.0
2016-05-27,10250,10250,10100,10200,3872,0.0
2016-05-30,10200,10200,10150,10200,6499,0.0
2016-05-31,10150,10200,10100,10200,3607,0.0
2016-06-01,10250,10250,10150,10250,3049,0.004901960784313708
2016-06-02,10300,10300,10150,10200,1937,-0.004878048780487809
2016-06-03,10150,10250,10000,10150,26180,-0.004901960784313708
2016-06-07,10200,10200,10100,10200,1953,0.0049261083743843415
2016-06-08,10200,10200,10100,10200,2754,0.0
2016-06-09,10150,10200,10150,10200,1374,0.0
2016-06-10,10100,10200,10100,10150,2632,-0.004901960784313708
2016-06-13,10200,10500,10100,10350,26052,0.019704433497536922
2016-06-14,10400,10400,10150,10350,8141,0.0
2016-06-15,10350,10350,10200,10200,9510,-0.01449275362318836
2016-06-16,10200,10350,10100,10250,7869,0.004901960784313708
2016-06-17,10300,10300,10150,10300,31108,0.004878048780487809
2016-06-20,10350,10350,10150,10250,7859,-0.004854368932038833
2016-06-21,10250,10250,10150,10250,5171,0.0
2016-06-22,10150,10300,10150,10300,2316,0.004878048780487809
2016-06-23,10300,10300,10150,10250,5306,-0.004854368932038833
2016-06-24,10250,10250,9820,10000,14241,-0.024390243902439046
2016-06-27,9950,10000,9800,10000,10657,0.0
2016-06-28,10000,10200,9950,10200,3482,0.020000000000000018
2016-06-29,10100,10150,10000,10150,8160,-0.004901960784313708
2016-06-30,10150,10150,10050,10150,1412,0.0
2016-07-01,10200,10200,10000,10100,5136,-0.0049261083743842304
2016-07-04,10200,10200,10050,10150,2537,0.004950495049504955
2016-07-05,10150,10150,10000,10100,2927,-0.0049261083743842304
2016-07-06,10100,10100,10000,10050,2542,-0.004950495049504955
2016-07-07,10050,10100,10000,10100,7155,0.004975124378109541
2016-07-08,10100,10100,10000,10050,1697,-0.004950495049504955
2016-07-11,10050,10100,10000,10000,3291,-0.00497512437810943
2016-07-12,10000,10100,10000,10050,4043,0.004999999999999893
2016-07-13,10100,10100,10050,10100,1142,0.004975124378109541
2016-07-14,10150,10150,10050,10100,2096,0.0
2016-07-15,10100,10200,10050,10100,18101,0.0
2016-07-18,10150,10200,10000,10050,9542,-0.004950495049504955
2016-07-19,10050,10100,10000,10050,4979,0.0
2016-07-20,10050,10100,10050,10100,2392,0.004975124378109541
2016-07-21,10150,10150,10050,10050,1629,-0.004950495049504955
2016-07-22,10050,10150,10050,10150,2058,0.00995024875621886
2016-07-25,10150,10150,10050,10100,1452,-0.0049261083743842304
2016-07-26,10200,10200,10100,10150,1896,0.004950495049504955
2016-07-27,10050,10200,10050,10050,4244,-0.009852216748768461
2016-07-28,10050,10150,10050,10050,4688,0.0
2016-07-29,10050,10150,10000,10150,3992,0.00995024875621886
2016-08-01,10100,10150,10050,10050,1899,-0.009852216748768461
2016-08-02,10050,10200,10000,10150,7699,0.00995024875621886
2016-08-03,10100,10150,10050,10150,1961,0.0
2016-08-04,10200,10300,10100,10250,6305,0.009852216748768461
2016-08-05,10250,10300,10100,10250,2821,0.0
2016-08-08,10200,10350,10200,10250,5751,0.0
2016-08-09,10200,10350,10150,10200,13891,-0.004878048780487809
2016-08-10,10200,10300,10150,10250,4962,0.004901960784313708
2016-08-11,10250,10250,10150,10250,4386,0.0
2016-08-12,10250,10400,10150,10350,10046,0.009756097560975618
2016-08-16,10400,10450,10250,10300,6486,-0.004830917874396157
2016-08-17,10400,13300,10300,11750,525441,0.14077669902912615
2016-08-18,11900,12100,11400,12100,131491,0.029787234042553123
2016-08-19,11950,12100,11550,11800,55001,-0.024793388429752095
2016-08-22,11800,12050,11550,12050,38693,0.021186440677966045
2016-08-23,12100,12250,11500,11800,46128,-0.020746887966805017
2016-08-24,11850,11850,11600,11800,18325,0.0
2016-08-25,11900,11900,11000,11400,43198,-0.03389830508474578
2016-08-26,11250,11350,11000,11150,17455,-0.021929824561403466
2016-08-29,10950,11150,10950,10950,11973,-0.017937219730941756
2016-08-30,11000,11200,10900,11150,16683,0.0182648401826484
2016-08-31,11150,11150,10750,10950,21319,-0.017937219730941756
2016-09-01,10950,11050,10750,10900,9667,-0.004566210045662156
2016-09-02,11050,11350,10850,11350,7922,0.041284403669724856
2016-09-05,11250,11300,11000,11300,11042,-0.004405286343612369
2016-09-06,11100,11250,11100,11250,6042,-0.004424778761061954
2016-09-07,11300,11750,11250,11550,37709,0.026666666666666616
2016-09-08,11500,11900,11450,11800,20508,0.02164502164502169
2016-09-09,11650,11850,11400,11450,17838,-0.029661016949152574
2016-09-12,11450,11550,11150,11250,11002,-0.017467248908296984
2016-09-13,11250,11550,11250,11250,10835,0.0
2016-09-19,11250,11750,11200,11300,19013,0.004444444444444473
2016-09-20,11300,11450,11150,11400,14058,0.008849557522123908
2016-09-21,11550,11550,11200,11400,5521,0.0
2016-09-22,11650,11650,11200,11450,6778,0.004385964912280604
2016-09-23,11500,13700,11300,11700,260046,0.02183406113537112
2016-09-26,11550,12150,11500,11900,35298,0.017094017094017033
2016-09-27,11900,12150,11650,12000,27068,0.008403361344537785
2016-09-28,11900,12100,11850,11850,11539,-0.012499999999999956
2016-09-29,11900,12000,11750,11900,8068,0.00421940928270037
2016-09-30,11900,11900,11600,11750,10600,-0.012605042016806678
2016-10-04,11600,11950,11600,11800,8863,0.004255319148936065
2016-10-05,11800,11900,11500,11800,21115,0.0
2016-10-06,11800,11850,11650,11750,4397,-0.004237288135593209
2016-10-07,11750,11750,11550,11650,5509,-0.008510638297872353
2016-10-10,11700,11950,11550,11650,7004,0.0
2016-10-11,11650,11800,11550,11700,4103,0.0042918454935623185
2016-10-12,11700,11850,11650,11750,6929,0.004273504273504258
2016-10-13,11750,11950,11400,11450,25651,-0.025531914893617058
2016-10-14,11400,11700,11400,11700,7026,0.02183406113537112
2016-10-17,11700,11850,11350,11450,5717,-0.021367521367521403
2016-10-18,11450,11650,11450,11500,1840,0.004366812227074135
2016-10-19,11450,11550,11450,11500,3412,0.0
2016-10-20,11450,11650,11450,11600,3868,0.008695652173912993
2016-10-21,11600,11650,11400,11400,13431,-0.017241379310344862
2016-10-24,11400,11550,11350,11550,13605,0.013157894736842035
2016-10-25,11550,11700,11350,11600,6867,0.0043290043290042934
2016-10-26,11600,11600,11000,11400,24948,-0.017241379310344862
2016-10-27,11400,11500,11150,11400,4808,0.0
2016-10-28,11250,11500,11200,11400,6554,0.0
2016-10-31,11400,11400,11000,11250,6644,-0.013157894736842146
2016-11-01,11050,11300,11050,11300,1238,0.004444444444444473
2016-11-02,11300,11300,10900,11250,8007,-0.004424778761061954
2016-11-03,10950,11150,10900,11000,21663,-0.022222222222222254
2016-11-04,11000,11000,10750,10800,20271,-0.018181818181818188
2016-11-07,10800,11250,10800,10900,4828,0.0092592592592593
2016-11-08,11000,11000,10800,10950,3542,0.004587155963302836
2016-11-09,10950,10950,10500,10700,14131,-0.022831050228310557
2016-11-10,10750,11000,10650,11000,8994,0.028037383177569986
2016-11-11,10950,10950,10700,10850,3490,-0.013636363636363669
2016-11-14,10850,11000,10850,10900,2265,0.004608294930875667
2016-11-15,11000,11350,10950,11250,12456,0.032110091743119185
2016-11-16,11300,11350,11150,11250,3547,0.0
2016-11-17,11300,11300,11000,11250,3816,0.0
2016-11-18,11250,11300,11150,11300,5602,0.004444444444444473
2016-11-21,11200,11350,11200,11250,4667,-0.004424778761061954
2016-11-22,11200,11350,11150,11300,8557,0.004444444444444473
2016-11-23,11250,11250,11050,11100,2058,-0.017699115044247815
2016-11-24,11100,11100,10700,11100,8169,0.0
2016-11-25,10900,11050,10850,11050,1664,-0.0045045045045044585
2016-11-28,11000,11300,10800,11050,6669,0.0
2016-11-29,10900,11100,10900,11100,5966,0.004524886877828038
2016-11-30,11250,11250,10900,11150,4223,0.0045045045045044585
2016-12-01,10950,11200,10950,11200,1781,0.004484304932735439
2016-12-02,11200,11200,10800,11100,8045,-0.008928571428571397
2016-12-05,11100,11150,10850,10900,5277,-0.018018018018018056
2016-12-06,10950,11100,10850,11050,2878,0.013761467889908285
2016-12-07,10950,11100,10800,10900,3055,-0.013574660633484115
2016-12-08,10950,11100,10900,11050,4030,0.013761467889908285
2016-12-09,10950,11050,10800,11050,3234,0.0
2016-12-12,11050,11250,10900,11100,7560,0.004524886877828038
2016-12-13,11200,11200,10900,11050,3966,-0.0045045045045044585
2016-12-14,11150,11150,10900,11000,6647,-0.004524886877828038
2016-12-15,11000,11000,10700,11000,8856,0.0
2016-12-16,11000,11100,10900,11000,6581,0.0
2016-12-19,11000,11050,10850,11050,4489,0.00454545454545463
2016-12-20,10950,11200,10950,11150,5649,0.009049773755656076
2016-12-21,11100,11200,11000,11150,4371,0.0
2016-12-22,11150,11250,11100,11200,5965,0.004484304932735439
2016-12-23,11300,11350,11200,11350,9961,0.013392857142857206
2016-12-26,11350,11350,11250,11250,10017,-0.008810572687224627
2016-12-27,11150,11300,11150,11250,10563,0.0
2016-12-28,11350,11350,11200,11300,8472,0.004444444444444473
2016-12-29,11350,11350,11250,11350,4273,0.004424778761061843
2017-01-02,11450,11450,11350,11450,4250,0.008810572687224738
2017-01-03,11400,11500,11350,11450,7185,0.0
2017-01-04,11450,11500,11350,11400,8625,-0.004366812227074246
2017-01-05,11450,12000,11400,11800,20628,0.03508771929824572
2017-01-06,11800,12300,11800,12000,20312,0.016949152542372836
2017-01-09,12000,12250,11950,12150,8795,0.012499999999999956
2017-01-10,12100,12100,11900,12000,7942,-0.012345679012345734
2017-01-11,12150,12150,11850,12050,10147,0.004166666666666652
2017-01-12,11950,12100,11900,12100,7194,0.004149377593360981
2017-01-13,12100,12500,12000,12300,15388,0.016528925619834656
2017-01-16,12300,12450,12150,12400,10828,0.008130081300812941
2017-01-17,12350,12350,12050,12200,8411,-0.016129032258064502
2017-01-18,12150,12300,12050,12150,9768,-0.004098360655737654
2017-01-19,12450,12450,12050,12200,5778,0.004115226337448652
2017-01-20,12100,12350,11950,12050,9639,-0.012295081967213073
2017-01-23,12050,12100,11850,12100,6955,0.004149377593360981
2017-01-24,12100,12100,11750,11800,7820,-0.024793388429752095
2017-01-25,11800,11850,11400,11500,19089,-0.025423728813559365
2017-01-26,11500,11700,11450,11650,9569,0.01304347826086949
2017-01-31,11500,11800,11500,11750,7135,0.008583690987124415
2017-02-01,11700,11800,11550,11800,7637,0.004255319148936065
2017-02-02,11700,11800,11600,11750,6037,-0.004237288135593209
2017-02-03,11700,11850,11550,11850,6494,0.008510638297872353
2017-02-06,11700,11900,11700,11800,5658,-0.00421940928270037
2017-02-07,11850,11900,11600,11900,11473,0.008474576271186418
2017-02-08,11950,12150,11800,12000,6738,0.008403361344537785
2017-02-09,11850,12050,11750,12000,9790,0.0
2017-02-10,12000,12050,11800,12050,4515,0.004166666666666652
2017-02-13,12050,12050,11750,11750,4738,-0.024896265560165998
2017-02-14,11700,11800,11550,11550,6594,-0.017021276595744705
2017-02-15,11750,11750,11550,11750,8112,0.017316017316017396
2017-02-16,11750,11850,11700,11850,1668,0.008510638297872353
2017-02-17,11850,11850,11650,11850,6753,0.0
2017-02-20,11850,12000,11750,12000,16434,0.012658227848101333
2017-02-21,11950,12050,11800,12000,10638,0.0
2017-02-22,11950,12000,11750,11900,7225,-0.008333333333333304
2017-02-23,11900,11900,11500,11500,12034,-0.03361344537815125
2017-02-24,11500,11800,11500,11750,12353,0.021739130434782705
2017-02-27,11650,13200,11650,12550,103226,0.06808510638297882
2017-02-28,12750,13000,12350,12700,54466,0.01195219123505975
2017-03-02,12700,12750,12500,12650,18829,-0.003937007874015741
2017-03-03,12700,12700,12100,12250,16193,-0.031620553359683834
2017-03-06,12250,12250,11800,11900,18570,-0.02857142857142858
2017-03-07,11850,12100,11850,12000,19079,0.008403361344537785
2017-03-08,12100,12300,11850,12200,14835,0.016666666666666607
2017-03-09,12300,12850,12200,12700,34909,0.040983606557376984
2017-03-10,12700,12950,12500,12950,28366,0.019685039370078705
2017-03-13,12850,13300,12400,13050,37862,0.007722007722007707
2017-03-14,13050,13250,12750,12950,16666,-0.007662835249042099
2017-03-15,12950,12950,12650,12850,9265,-0.007722007722007707
2017-03-16,12850,12900,12650,12900,13039,0.0038910505836575737
2017-03-17,12850,13100,12550,12650,8042,-0.019379844961240345
2017-03-20,12650,12650,12450,12600,2917,-0.0039525691699604515
2017-03-21,12600,12600,12250,12250,16836,-0.02777777777777779
2017-03-22,12200,12500,12200,12300,11251,0.004081632653061273
2017-03-23,12250,12400,12150,12350,3703,0.004065040650406582
2017-03-24,12400,12400,12100,12350,8727,0.0
2017-03-27,12400,12400,12000,12000,8256,-0.028340080971659964
2017-03-28,12100,12250,12000,12100,7572,0.008333333333333304
2017-03-29,12150,12150,11900,11950,11652,-0.012396694214875992
2017-03-30,11900,12000,11800,11950,7244,0.0
2017-03-31,11950,12000,11850,11950,6988,0.0
2017-04-03,12000,12000,11850,12000,4551,0.004184100418409997
2017-04-04,12000,12050,11900,12000,2493,0.0
2017-04-05,11900,12100,11900,12050,3024,0.004166666666666652
2017-04-06,12100,12100,11850,11950,8163,-0.008298755186721962
2017-04-07,11850,11950,11750,11850,11117,-0.008368200836820106
2017-04-10,11850,11850,11650,11700,8888,-0.012658227848101222
2017-04-11,11700,11750,11550,11750,3329,0.004273504273504258
2017-04-12,11750,11750,11600,11600,3154,-0.012765957446808529
2017-04-13,11600,11750,11600,11700,2312,0.008620689655172376
2017-04-14,11700,11800,11650,11650,2342,-0.004273504273504258
2017-04-17,11650,11750,11600,11750,2659,0.008583690987124415
2017-04-18,11750,11750,11550,11650,4379,-0.008510638297872353
2017-04-19,11650,11700,11550,11700,7350,0.0042918454935623185
2017-04-20,11700,11700,11500,11650,6502,-0.004273504273504258
2017-04-21,11700,11700,11500,11650,3932,0.0
2017-04-24,11650,11650,11400,11600,9805,-0.0042918454935622075
2017-04-25,11450,11750,11450,11700,8590,0.008620689655172376
2017-04-26,11700,11900,11650,11850,6305,0.012820512820512775
2017-04-27,11850,11900,11700,11800,8616,-0.00421940928270037
2017-04-28,11800,11800,11650,11800,2513,0.0
2017-05-02,11900,11900,11650,11700,6450,-0.008474576271186418
2017-05-04,11700,11900,11700,11800,8673,0.008547008547008517
2017-05-08,11700,11800,11650,11800,9629,0.0
2017-05-10,11850,11850,11550,11850,8255,0.004237288135593209
2017-05-11,11800,11850,11700,11850,5425,0.0
2017-05-12,11800,11800,11650,11750,4019,-0.008438818565400852
2017-05-15,11800,12350,11600,12200,33200,0.038297872340425476
2017-05-16,12200,12350,11950,12200,19421,0.0
2017-05-17,12200,12750,12150,12600,38696,0.032786885245901676
2017-05-18,12550,12550,12200,12250,12077,-0.02777777777777779
2017-05-19,12250,12500,12150,12500,12362,0.020408163265306145
2017-05-22,12600,12600,12350,12550,12343,0.0040000000000000036
2017-05-23,12550,12750,12400,12650,19581,0.007968127490039834
2017-05-24,12650,12700,12400,12550,15679,-0.007905138339920903
2017-05-25,12600,12750,12550,12700,11094,0.01195219123505975
2017-05-26,12800,12800,12350,12350,12617,-0.027559055118110187
2017-05-29,12450,12800,12400,12800,14541,0.036437246963562764
2017-05-30,12850,13050,12650,12950,20760,0.01171875
2017-05-31,12950,13250,12800,13250,16117,0.02316602316602312
2017-06-01,13200,13300,13050,13200,8516,-0.0037735849056603765
2017-06-02,13100,13350,13100,13300,18807,0.007575757575757569
2017-06-05,13350,13350,13100,13150,12123,-0.011278195488721776
2017-06-07,13250,13450,13050,13300,18438,0.011406844106463865
2017-06-08,13300,13300,13150,13300,9216,0.0
2017-06-09,13300,13300,13150,13250,12052,-0.003759398496240629
2017-06-12,13250,13250,12950,13250,10794,0.0
2017-06-13,13250,13350,13050,13050,9496,-0.015094339622641506
2017-06-14,13050,13150,13000,13100,7593,0.003831417624521105
2017-06-15,13200,13250,13000,13050,7405,-0.003816793893129722
2017-06-16,13200,13200,13100,13150,6194,0.00766283524904221
2017-06-19,13150,13150,12850,12950,16220,-0.01520912547528519
2017-06-20,12950,12950,12800,12950,3112,0.0
2017-06-21,12950,12950,12600,12800,7162,-0.01158301158301156
2017-06-22,12800,12950,12700,12950,7085,0.01171875
2017-06-23,12800,12850,12650,12850,8069,-0.007722007722007707
2017-06-26,12850,13150,12800,13000,12901,0.011673151750972721
2017-06-27,13000,13500,12800,13300,51797,0.023076923076922995
2017-06-28,13300,13300,12900,13100,10867,-0.015037593984962405
2017-06-29,13150,13500,12950,13450,87455,0.026717557251908497
2017-06-30,13450,14700,13300,14600,70626,0.08550185873605942
2017-07-03,14600,14800,14200,14550,52390,-0.003424657534246589
2017-07-04,14550,14550,13650,13900,53461,-0.044673539518900296
2017-07-05,13850,13900,13500,13750,37833,-0.010791366906474864
2017-07-06,13750,13750,13250,13400,29846,-0.025454545454545507
2017-07-07,13250,13250,12700,13000,56393,-0.02985074626865669
2017-07-10,13000,13300,12800,13100,34549,0.007692307692307665
2017-07-11,13100,13100,12650,12800,21568,-0.022900763358778664
2017-07-12,12900,12900,12550,12600,12593,-0.015625
2017-07-13,12600,12750,12250,12550,20100,-0.003968253968253954
2017-07-14,12500,12600,12450,12600,5574,0.003984063745019917
2017-07-17,12650,12650,12300,12600,10282,0.0
2017-07-18,12500,12650,12350,12600,9786,0.0
2017-07-19,12750,12750,12400,12650,8564,0.003968253968253954
2017-07-20,12650,12750,12500,12650,4310,0.0
2017-07-21,12650,12700,12450,12650,2376,0.0
2017-07-24,12650,13000,12650,13000,16375,0.027667984189723382
2017-07-25,13000,13000,12700,12850,6249,-0.011538461538461497
2017-07-26,12850,12850,12450,12650,10037,-0.015564202334630295
2017-07-27,12650,12850,12650,12850,12428,0.015810276679841806
2017-07-28,12850,12850,12700,12700,6805,-0.011673151750972721
2017-07-31,12500,12700,12500,12700,7093,0.0
2017-08-01,12500,12850,12500,12800,7061,0.007874015748031482
2017-08-02,12900,13350,12700,13300,18303,0.0390625
2017-08-03,13300,13300,12750,13000,13494,-0.022556390977443663
2017-08-04,13000,13250,12850,13250,6665,0.019230769230769162
2017-08-07,13300,13400,13000,13400,12710,0.01132075471698113
2017-08-08,13200,13400,13050,13400,13585,0.0
2017-08-09,13200,13400,13200,13400,16754,0.0
2017-08-10,13400,13400,13000,13350,8230,-0.003731343283582045
2017-08-11,13200,13300,13000,13000,14881,-0.02621722846441943
2017-08-14,13000,13150,12750,13000,7988,0.0
2017-08-16,13050,13300,12900,13150,8006,0.011538461538461497
2017-08-17,12950,13300,12950,13250,8685,0.0076045627376426506
2017-08-18,13200,13200,13000,13100,4204,-0.01132075471698113
2017-08-21,13100,13200,13000,13200,4835,0.007633587786259444
2017-08-22,13050,13250,13000,13100,7175,-0.007575757575757569
2017-08-23,13200,13300,12950,13100,12289,0.0
2017-08-24,13100,13400,13000,13400,12048,0.022900763358778553
2017-08-25,13400,13500,13200,13400,3914,0.0
2017-08-28,13250,13500,13250,13350,6264,-0.003731343283582045
2017-08-29,13300,13350,12850,13000,12286,-0.02621722846441943
2017-08-30,12950,13150,12850,13150,6770,0.011538461538461497
2017-08-31,13000,13150,12800,12800,4533,-0.026615969581749055
2017-09-01,12750,12900,12600,12700,14056,-0.0078125
2017-09-04,12450,12700,12300,12450,15471,-0.019685039370078705
2017-09-05,12450,13000,12450,12900,15213,0.03614457831325302
2017-09-06,12850,12900,12600,12800,1568,-0.007751937984496138
2017-09-07,12750,12850,12500,12850,6158,0.00390625
2017-09-08,12750,12750,12450,12650,11986,-0.015564202334630295
2017-09-11,12650,12650,12000,12350,16082,-0.02371541501976282
2017-09-12,12350,12500,12250,12300,8820,-0.004048582995951455
2017-09-13,12300,12500,12100,12250,6329,-0.004065040650406471
2017-09-14,12250,12300,12100,12300,4654,0.004081632653061273
2017-09-15,12300,12500,12050,12500,6336,0.016260162601626105
2017-09-18,12500,12600,12300,12300,6362,-0.016000000000000014
2017-09-19,12400,12450,12300,12400,1197,0.008130081300812941
2017-09-20,12450,12550,12150,12300,5807,-0.008064516129032251
2017-09-21,12250,12400,12150,12350,5522,0.004065040650406582
2017-09-22,12150,12350,12150,12300,9822,-0.004048582995951455
2017-09-25,12200,12250,11700,11700,10373,-0.04878048780487809
2017-09-26,11800,11950,11250,11950,15990,0.02136752136752129
2017-09-27,11950,12200,11900,12200,4130,0.02092050209205021
2017-09-28,12000,12250,11950,12100,5377,-0.008196721311475419
2017-09-29,12100,12300,12100,12300,4640,0.016528925619834656
2017-10-10,12300,12300,12000,12250,1694,-0.004065040650406471
2017-10-11,12050,12350,12050,12350,860,0.008163265306122547
2017-10-12,12250,12300,12100,12200,1087,-0.012145748987854255
2017-10-13,12050,12200,11700,12200,3505,0.0
2017-10-16,12000,12250,12000,12100,3492,-0.008196721311475419
2017-10-17,11900,12100,11700,11850,6215,-0.02066115702479343
2017-10-18,11900,11900,11500,11800,14084,-0.00421940928270037
2017-10-19,11600,11750,11600,11750,3908,-0.004237288135593209
2017-10-20,11550,11900,11550,11800,3423,0.004255319148936065
2017-10-23,11850,11900,11550,11750,3475,-0.004237288135593209
2017-10-24,11500,11950,11500,11900,5090,0.012765957446808418
2017-10-25,11900,12000,11650,11900,2070,0.0
2017-10-26,11750,11900,11700,11900,2751,0.0
2017-10-27,12000,12000,11700,11900,11121,0.0
2017-10-30,11900,12150,11800,12150,4141,0.021008403361344463
2017-10-31,11950,12100,11850,12050,3687,-0.008230452674897082
2017-11-01,12150,12150,11850,12100,1842,0.004149377593360981
2017-11-02,11900,12100,11900,12050,1911,-0.004132231404958664
2017-11-03,12050,12250,11900,12100,2067,0.004149377593360981
2017-11-06,12100,12150,12000,12100,1785,0.0
2017-11-07,12000,12100,11950,12100,1415,0.0
2017-11-08,11950,12100,11800,11950,16510,-0.012396694214875992
2017-11-09,11950,11950,11800,11950,1915,0.0
2017-11-10,11950,12050,11800,12050,3425,0.008368200836819994
2017-11-13,12050,12300,11900,12300,10553,0.020746887966804906
2017-11-14,12250,12250,12050,12150,3471,-0.012195121951219523
2017-11-15,12300,12300,11900,11900,6342,-0.020576131687242816
2017-11-16,11950,12050,11850,11900,9312,0.0
2017-11-17,11900,12050,11750,11950,10425,0.004201680672268893
2017-11-20,11800,12000,11750,11900,4235,-0.004184100418409997
2017-11-21,11800,11900,11750,11800,4273,-0.008403361344537785
2017-11-22,11850,11900,11600,11650,10335,-0.012711864406779627
2017-11-23,11650,11650,11500,11600,6892,-0.0042918454935622075
2017-11-24,11700,11700,11500,11600,5112,0.0
2017-11-27,11700,11800,11550,11800,7529,0.01724137931034475
2017-11-28,11800,11800,11700,11750,3816,-0.004237288135593209
2017-11-29,11750,11800,11500,11750,12109,0.0
2017-11-30,11750,11750,11600,11700,4014,-0.004255319148936176
2017-12-01,11700,11750,11600,11700,3755,0.0
2017-12-04,11800,11850,11600,11750,14565,0.004273504273504258
2017-12-05,11850,11850,11700,11800,10961,0.004255319148936065
2017-12-06,11850,11900,11600,11850,10422,0.004237288135593209
2017-12-07,11850,11850,11650,11750,5247,-0.008438818565400852
2017-12-08,11700,11800,11500,11600,11185,-0.012765957446808529
2017-12-11,11600,11600,11300,11500,10359,-0.008620689655172376
2017-12-12,11500,11500,11050,11250,21308,-0.021739130434782594
2017-12-13,11250,11350,11150,11250,4611,0.0
2017-12-14,11200,11300,11000,11000,6054,-0.022222222222222254
2017-12-15,11000,11200,10900,11000,15887,0.0
2017-12-18,11000,11200,11000,11200,4268,0.018181818181818077
2017-12-19,11200,11200,10950,11200,20419,0.0
2017-12-20,11100,11300,11050,11200,10307,0.0
2017-12-21,11250,11300,11150,11250,3804,0.0044642857142858094
2017-12-22,11300,11300,11100,11200,3326,-0.004444444444444473
2017-12-26,11250,11350,11150,11300,10279,0.008928571428571397
2017-12-27,11250,11300,11150,11250,4905,-0.004424778761061954
2017-12-28,11250,11500,11100,11450,4205,0.01777777777777767
2018-01-02,11400,11600,11350,11500,7917,0.004366812227074135
2018-01-03,11500,11700,11450,11650,7711,0.01304347826086949
2018-01-04,11650,11650,11400,11600,8082,-0.0042918454935622075
2018-01-05,11600,11600,11400,11600,7203,0.0
2018-01-08,11500,11550,11200,11350,7948,-0.02155172413793105
2018-01-09,11400,11400,11100,11100,7447,-0.022026431718061623
2018-01-10,11300,11300,11100,11200,5903,0.009009009009008917
2018-01-11,11200,11250,11000,11150,9787,-0.004464285714285698
2018-01-12,11200,11200,11000,11100,4588,-0.004484304932735439
2018-01-15,11100,11350,11100,11100,5335,0.0
2018-01-16,11100,11200,11050,11200,7002,0.009009009009008917
2018-01-17,11200,11350,11100,11250,4622,0.0044642857142858094
2018-01-18,11200,11250,11100,11150,2750,-0.008888888888888835
2018-01-19,11200,11250,11000,11000,7205,-0.013452914798206317
2018-01-22,11050,11200,11050,11200,4980,0.018181818181818077
2018-01-23,11200,11200,11100,11200,1909,0.0
2018-01-24,11200,11300,10950,11200,25822,0.0
2018-01-25,11200,11350,11150,11350,11467,0.013392857142857206
2018-01-26,11400,11650,11350,11600,12659,0.022026431718061623
2018-01-29,11650,11950,11600,11800,25391,0.01724137931034475
2018-01-30,11800,11850,11700,11700,7520,-0.008474576271186418
2018-01-31,11700,11900,11600,11900,11456,0.017094017094017033
2018-02-01,11800,12000,11750,11850,9941,-0.004201680672268893
2018-02-02,11850,12150,11800,12000,18836,0.012658227848101333
2018-02-05,11850,11900,11650,11900,21842,-0.008333333333333304
2018-02-06,11800,11800,11450,11750,13407,-0.012605042016806678
2018-02-07,11750,12450,11750,12300,32252,0.04680851063829783
2018-02-08,12300,12350,12200,12250,4942,-0.004065040650406471
2018-02-09,12000,12300,11950,12200,7349,-0.004081632653061273
2018-02-12,12200,12450,12150,12350,10327,0.012295081967213184
2018-02-13,12350,12350,12100,12300,5339,-0.004048582995951455
2018-02-14,12300,12300,12100,12250,6284,-0.004065040650406471
2018-02-19,12150,12300,12150,12250,2873,0.0
2018-02-20,12150,12250,12000,12250,7785,0.0
2018-02-21,12250,12300,12200,12300,8412,0.004081632653061273
2018-02-22,12350,12350,12150,12300,7364,0.0
2018-02-23,12300,12300,12100,12250,13689,-0.004065040650406471
2018-02-26,12250,12350,12100,12200,8692,-0.004081632653061273
2018-02-27,12300,12350,12150,12300,18855,0.008196721311475308
2018-02-28,12250,12250,12000,12100,11196,-0.016260162601625994
2018-03-02,12100,12150,11900,12100,5806,0.0
2018-03-05,12150,12150,11900,11950,7259,-0.012396694214875992
2018-03-06,12000,12100,11800,12100,7634,0.012552301255230214
2018-03-07,12100,12150,11950,12100,3795,0.0
2018-03-08,12000,12100,12000,12050,23496,-0.004132231404958664
2018-03-09,12050,12150,11950,11950,20795,-0.008298755186721962
2018-03-12,12000,12200,11950,12200,26314,0.02092050209205021
2018-03-13,12200,12350,12050,12350,10705,0.012295081967213184
2018-03-14,12300,12300,12150,12250,3954,-0.0080971659919028
2018-03-15,12150,12500,12150,12500,26862,0.020408163265306145
2018-03-16,12450,12850,12400,12700,34937,0.016000000000000014
2018-03-19,12750,12800,12450,12600,22087,-0.007874015748031482
2018-03-20,12550,12550,12200,12300,14189,-0.023809523809523836
2018-03-21,12200,12300,12000,12050,14099,-0.020325203252032575
2018-03-22,12050,12200,12000,12150,12072,0.008298755186721962
2018-03-23,12000,12000,11800,12000,12981,-0.012345679012345734
2018-03-26,12000,12000,11700,11750,11595,-0.02083333333333337
2018-03-27,11650,12100,11650,12000,18228,0.02127659574468077
2018-03-28,11850,11900,11650,11750,5581,-0.02083333333333337
2018-03-29,11700,11850,11700,11700,3748,-0.004255319148936176
2018-03-30,11800,11800,11650,11750,5541,0.004273504273504258
2018-04-02,11800,11800,11600,11750,2193,0.0
2018-04-03,11700,11700,11500,11650,5349,-0.008510638297872353
2018-04-04,11700,11700,11400,11450,6405,-0.01716738197424894
2018-04-05,11600,11650,11500,11650,666,0.017467248908296984
2018-04-06,11600,11750,11500,11650,995,0.0
2018-04-09,11500,11600,11450,11600,2572,-0.0042918454935622075
2018-04-10,11400,11600,11350,11550,3729,-0.004310344827586188
2018-04-11,11550,11600,11450,11600,6164,0.0043290043290042934
2018-04-12,11500,11650,11450,11650,1711,0.004310344827586299
2018-04-13,11700,11750,11600,11750,3742,0.008583690987124415
2018-04-16,11850,11850,11700,11850,3575,0.008510638297872353
2018-04-17,11800,11800,11750,11800,2534,-0.00421940928270037
2018-04-18,11850,11850,11750,11850,2747,0.004237288135593209
2018-04-19,11900,11900,11800,11900,3728,0.00421940928270037
2018-04-20,11900,11950,11700,11950,5872,0.004201680672268893
2018-04-23,11800,12050,11800,12050,6549,0.008368200836819994
2018-04-24,12050,12050,11800,12000,9134,-0.004149377593360981
2018-04-25,12000,12000,11800,11850,2711,-0.012499999999999956
2018-04-26,11850,11900,11750,11800,2284,-0.00421940928270037
2018-04-27,11850,11850,11700,11850,3671,0.004237288135593209
2018-04-30,11850,11900,11700,11900,7524,0.00421940928270037
2018-05-02,11850,12000,11800,11950,9127,0.004201680672268893
2018-05-03,12000,12300,12000,12150,14641,0.01673640167364021
2018-05-04,12050,12250,12050,12200,9243,0.004115226337448652
2018-05-08,12250,12300,12050,12250,7196,0.004098360655737654
2018-05-09,12100,12250,11800,11950,6830,-0.024489795918367308
2018-05-10,11950,12250,11850,12250,18178,0.025104602510460206
2018-05-11,12150,12250,12050,12200,5990,-0.004081632653061273
2018-05-14,12250,12400,12050,12300,18979,0.008196721311475308
2018-05-15,12400,12400,12200,12400,15292,0.008130081300812941
2018-05-16,12250,12250,11700,11850,45469,-0.04435483870967738
2018-05-17,11850,12050,11850,12050,7573,0.016877637130801704
2018-05-18,12050,12100,11850,11950,4347,-0.008298755186721962
2018-05-21,11850,11900,11550,11850,10987,-0.008368200836820106
2018-05-23,11750,11850,11600,11850,5234,0.0
2018-05-24,11900,11900,11600,11650,6558,-0.016877637130801704
2018-05-25,11550,11700,11450,11650,2855,0.0
2018-05-28,11650,11850,11550,11800,2535,0.012875536480686733
2018-05-29,11800,11800,11500,11650,7280,-0.012711864406779627
2018-05-30,11550,11550,11100,11350,18042,-0.025751072961373356
2018-05-31,11300,11450,11300,11350,2978,0.0
2018-06-01,11300,11400,11250,11400,3796,0.004405286343612369
2018-06-04,11300,11400,11300,11400,6469,0.0
2018-06-05,11400,11450,11350,11450,1235,0.004385964912280604
2018-06-07,11400,11500,11350,11500,3729,0.004366812227074135
2018-06-08,11350,11500,11350,11400,1980,-0.008695652173912993
2018-06-11,11450,11500,11350,11400,3653,0.0
2018-06-12,11400,11400,11250,11350,3398,-0.004385964912280715
2018-06-14,11350,11350,11200,11300,3303,-0.004405286343612369
2018-06-15,11250,11300,11000,11200,10748,-0.008849557522123908
2018-06-18,11200,11200,10750,11000,6961,-0.017857142857142905
2018-06-19,11050,11200,10850,10950,7267,-0.004545454545454519
2018-06-20,10950,11100,10750,11100,2069,0.013698630136986356
2018-06-21,11100,11200,10750,11000,1327,-0.009009009009009028
2018-06-22,10950,11000,10750,11000,1851,0.0
2018-06-25,10900,11050,10800,11000,2032,0.0
2018-06-26,11000,11000,10750,10900,3668,-0.009090909090909038
2018-06-27,10900,10950,10750,10950,2113,0.004587155963302836
2018-06-28,10950,11100,10900,11050,1509,0.009132420091324311
2018-06-29,11000,11100,10900,11100,615,0.004524886877828038
2018-07-02,11050,11050,10700,10950,2447,-0.013513513513513487
2018-07-03,10850,11000,10800,10950,2556,0.0
2018-07-04,10950,11050,10400,10850,2031,-0.0091324200913242
2018-07-05,10850,10850,10550,10750,2765,-0.009216589861751112
2018-07-06,10700,10800,10450,10750,2610,0.0
2018-07-09,10800,10800,10550,10700,2693,-0.0046511627906976605
2018-07-10,10700,10750,10550,10750,2305,0.004672897196261738
2018-07-11,10750,10800,10650,10800,1357,0.0046511627906977715
2018-07-12,10800,10800,10600,10700,574,-0.0092592592592593
2018-07-13,10750,10850,10500,10850,5319,0.014018691588784993
2018-07-16,10850,10850,10700,10850,1213,0.0
2018-07-17,10850,10950,10750,10900,4077,0.004608294930875667
2018-07-18,10850,10850,10600,10700,2379,-0.01834862385321101
2018-07-19,10550,10850,10550,10750,1630,0.004672897196261738
2018-07-20,10550,10750,10500,10500,4450,-0.023255813953488413
2018-07-23,10500,10700,10500,10650,1377,0.014285714285714235
2018-07-24,10650,10650,10500,10600,1947,-0.0046948356807511304
2018-07-25,10600,10600,10550,10600,2169,0.0
2018-07-26,10750,10750,10550,10650,2365,0.004716981132075526
2018-07-27,10550,10700,10550,10700,1787,0.0046948356807512415
2018-07-30,10700,10700,10650,10700,860,0.0
2018-07-31,10650,10700,10600,10700,1655,0.0
2018-08-01,10750,10750,10600,10700,3267,0.0
2018-08-02,10650,10950,10550,10850,4023,0.014018691588784993
2018-08-03,10900,10900,10850,10900,415,0.004608294930875667
2018-08-06,10900,10950,10750,10950,912,0.004587155963302836
2018-08-07,10800,10950,10800,10850,1066,-0.0091324200913242
2018-08-08,10700,10850,10700,10700,1209,-0.01382488479262678
2018-08-09,10650,10800,10650,10800,2374,0.009345794392523255
2018-08-10,10650,10800,10650,10750,294,-0.00462962962962965
2018-08-13,10750,10750,10600,10700,2829,-0.0046511627906976605
2018-08-14,10650,10700,10600,10700,663,0.0
2018-08-16,10600,10700,10550,10700,1247,0.0
2018-08-17,10700,10750,10550,10700,1674,0.0
2018-08-20,10600,10750,10550,10750,3031,0.004672897196261738
2018-08-21,10650,10800,10600,10800,4489,0.0046511627906977715
2018-08-22,10800,10800,10550,10750,9708,-0.00462962962962965
2018-08-23,10600,10800,10550,10700,7898,-0.0046511627906976605
2018-08-24,10600,10850,10600,10800,2039,0.009345794392523255
2018-08-27,10650,10800,10650,10800,617,0.0
2018-08-28,10800,10900,10650,10900,5699,0.0092592592592593
2018-08-29,10900,11300,10850,11200,8008,0.02752293577981657
2018-08-30,11100,11300,11050,11250,2461,0.0044642857142858094
2018-08-31,11150,11200,10900,11100,8248,-0.013333333333333308
2018-09-03,11000,11100,10850,11100,8680,0.0
2018-09-04,11100,11100,10850,11050,5389,-0.0045045045045044585
2018-09-05,11000,11100,10800,10900,10387,-0.013574660633484115
2018-09-06,10850,11100,10800,10950,5214,0.004587155963302836
2018-09-07,10950,11100,10900,11050,3638,0.009132420091324311
2018-09-10,10950,11050,10900,11050,3122,0.0
2018-09-11,10950,11150,10950,11100,3017,0.004524886877828038
2018-09-12,11100,11100,10950,11100,1926,0.0
2018-09-13,11100,11100,10900,11000,710,-0.009009009009009028
2018-09-14,11050,11100,11000,11050,2662,0.00454545454545463
2018-09-17,11100,11100,11000,11100,1512,0.004524886877828038
2018-09-18,10950,11050,10950,10950,1089,-0.013513513513513487
2018-09-19,11100,11250,11000,11250,6667,0.027397260273972712
2018-09-20,11250,11250,10600,11050,4496,-0.01777777777777778
2018-09-21,11000,11050,10800,10800,6667,-0.022624434389140302
2018-09-27,10800,10900,10750,10900,5472,0.0092592592592593
2018-09-28,10850,10900,10700,10850,6741,-0.004587155963302725
2018-10-01,10750,10850,10700,10850,1298,0.0
2018-10-02,10850,10850,10700,10700,3163,-0.01382488479262678
2018-10-04,10700,10750,10650,10750,2736,0.004672897196261738
2018-10-05,10750,10800,10600,10750,1841,0.0
2018-10-08,10750,10750,10600,10750,3118,0.0
2018-10-10,10750,10750,10300,10450,5397,-0.027906976744186074
2018-10-11,10250,10450,10200,10200,4041,-0.02392344497607657
2018-10-12,9920,10250,9910,10200,1663,0.0
2018-10-15,10350,10350,10000,10150,14002,-0.004901960784313708
2018-10-16,10150,10150,9980,10050,2339,-0.009852216748768461
2018-10-17,10050,10100,9990,10050,7650,0.0
2018-10-18,10100,10100,9980,10000,3319,-0.00497512437810943
2018-10-19,10000,10000,9950,9990,431,-0.0010000000000000009
2018-10-22,10050,10050,9750,9750,5181,-0.024024024024024038
2018-10-23,9750,9800,9560,9570,6017,-0.018461538461538418
2018-10-24,9570,9650,9340,9410,26947,-0.01671891327063746
2018-10-25,9360,9370,9210,9340,8816,-0.007438894792773598
2018-10-26,9350,9370,9300,9300,524,-0.004282655246252709
2018-10-29,9340,9340,8960,9000,7564,-0.032258064516129004
2018-10-30,8750,9180,8590,8850,7567,-0.01666666666666672
2018-10-31,8850,8970,8780,8930,5928,0.009039548022598876
2018-11-01,8930,9060,8880,9030,2684,0.011198208286674172
2018-11-02,9070,9140,9000,9130,3648,0.011074197120708673
2018-11-05,9130,9130,8970,9050,2250,-0.008762322015334112
2018-11-06,8970,9010,8760,8760,11451,-0.03204419889502763
2018-11-07,8810,8950,8760,8800,2240,0.004566210045662045
2018-11-08,8810,8890,8810,8880,1602,0.009090909090909038
2018-11-09,8880,8950,8880,8900,845,0.0022522522522523403
2018-11-12,8960,8960,8810,8920,2253,0.0022471910112360494
2018-11-13,8730,8940,8730,8900,379,-0.0022421524663677195
2018-11-14,8900,8900,8750,8870,1909,-0.003370786516853963
2018-11-15,8800,8850,8560,8710,2814,-0.018038331454340528
2018-11-16,8710,8840,8560,8710,9708,0.0
2018-11-19,8710,9000,8670,8980,6425,0.030998851894374235
2018-11-20,8950,8950,8820,8890,1370,-0.010022271714922093
2018-11-21,8800,9370,8800,9100,1609,0.023622047244094446
2018-11-22,9150,9170,8700,8810,2837,-0.031868131868131866
2018-11-23,8880,8930,8820,8920,686,0.012485811577752637
2018-11-26,8810,9080,8810,9060,2667,0.015695067264573925
2018-11-27,8940,9110,8940,9070,336,0.001103752759381793
2018-11-28,9010,9060,8950,9030,369,-0.004410143329658167
2018-11-29,9070,9160,8900,9050,1373,0.00221483942414169
2018-11-30,9060,9120,8960,9090,990,0.0044198895027625085
2018-12-03,9050,9100,9010,9070,4816,-0.002200220022002153
2018-12-04,9070,9140,8980,9080,7195,0.0011025358324145973
2018-12-05,8970,9130,8850,9070,2491,-0.0011013215859030367
2018-12-06,8970,9020,8820,8850,2366,-0.02425578831312014
2018-12-07,8850,8990,8850,8990,3437,0.01581920903954792
2018-12-10,8880,9000,8860,8910,696,-0.008898776418242438
2018-12-11,8820,8910,8820,8910,77,0.0
2018-12-12,8800,8910,8800,8900,3278,-0.001122334455667784
2018-12-13,8950,8950,8900,8950,551,0.00561797752808979
2018-12-14,8900,8950,8860,8950,2168,0.0
2018-12-17,8950,8970,8900,8940,2356,-0.0011173184357542443
2018-12-18,8920,8930,8900,8930,938,-0.0011185682326622093
2018-12-19,8910,9100,8900,9100,1641,0.01903695408734607
2018-12-20,9100,9130,8900,9120,2266,0.00219780219780219
2018-12-21,9050,9150,8970,9150,1376,0.00328947368421062
2018-12-24,9070,9180,9070,9150,1782,0.0
2018-12-26,9140,9140,9020,9080,5435,-0.007650273224043769
2018-12-27,9160,9160,9020,9040,984,-0.004405286343612369
2018-12-28,9040,9100,8920,9100,3593,0.006637168141592875
2019-01-02,9010,9100,8880,9040,3236,-0.00659340659340657
2019-01-03,9040,9160,8950,9030,3906,-0.0011061946902655162
2019-01-04,8890,9140,8850,8920,11796,-0.01218161683277963
2019-01-07,9100,9100,8930,8980,4176,0.006726457399103047
2019-01-08,9060,9060,8930,8980,8360,0.0
2019-01-09,9000,9020,8780,8980,4576,0.0
2019-01-10,8900,8950,8870,8900,1617,-0.008908685968819552
2019-01-11,8960,8990,8860,8960,3536,0.006741573033707926
2019-01-14,8960,9000,8920,8960,4454,0.0
2019-01-15,9000,9100,8940,9020,11689,0.006696428571428603
2019-01-16,9000,9090,8970,9080,6966,0.006651884700665134
2019-01-17,9150,9190,9040,9090,5474,0.0011013215859030367
2019-01-18,9200,9690,9120,9540,19756,0.04950495049504955
2019-01-21,9530,9890,9510,9570,26283,0.003144654088050425
2019-01-22,9750,9790,9610,9650,10371,0.008359456635318674
2019-01-23,9700,9700,9530,9700,1946,0.005181347150259086
2019-01-24,9700,9860,9610,9830,4344,0.013402061855670055
2019-01-25,9820,9890,9660,9800,4078,-0.003051881993896277
2019-01-28,9760,9940,9750,9800,7855,0.0
2019-01-29,9750,9890,9620,9670,2607,-0.013265306122449028
2019-01-30,9620,9720,9490,9610,7569,-0.006204756980351611
2019-01-31,9510,9630,9480,9530,6261,-0.008324661810613976
2019-02-01,9630,9710,9430,9650,4915,0.012591815320041944
2019-02-07,9650,9720,9500,9690,1613,0.004145077720207224
2019-02-08,9630,9690,9610,9690,2977,0.0
2019-02-11,9680,9790,9610,9620,19269,-0.007223942208462342
2019-02-12,9800,9800,9560,9730,7414,0.011434511434511352
2019-02-13,9770,9770,9610,9690,5700,-0.004110996916752319
2019-02-14,9690,9790,9660,9790,7162,0.01031991744066052
2019-02-15,9780,9780,9610,9720,8076,-0.007150153217568955
2019-02-18,9720,9850,9660,9780,4679,0.006172839506172867
2019-02-19,9770,9770,9670,9740,5100,-0.004089979550102263
2019-02-20,9740,9780,9660,9780,3231,0.004106776180698102
2019-02-21,9760,9760,9660,9730,8857,-0.005112474437627856
2019-02-22,9710,9740,9610,9710,2530,-0.0020554984583761593
2019-02-25,9780,9780,9650,9650,2697,-0.006179196704428458
2019-02-26,9660,9730,9570,9660,36293,0.0010362694300518616
2019-02-27,9700,9950,9640,9750,6428,0.009316770186335477
2019-02-28,9790,9790,9700,9700,1434,-0.00512820512820511
2019-03-04,9800,9800,9660,9720,2718,0.0020618556701030855
2019-03-05,9740,9740,9660,9720,777,0.0
2019-03-06,9730,9740,9660,9710,23987,-0.0010288065843621075
2019-03-07,9710,9750,9560,9670,47609,-0.004119464469618972
2019-03-08,9640,9680,9590,9600,14447,-0.007238883143743546
2019-03-11,9730,9730,9450,9480,64579,-0.012499999999999956
2019-03-12,9500,9500,9410,9410,4711,-0.007383966244725704
2019-03-13,9450,9490,9410,9440,4941,0.0031880977683316214
2019-03-14,9490,9500,9400,9430,5944,-0.0010593220338983578
2019-03-15,9430,9430,9380,9430,3689,0.0
2019-03-18,9440,9480,9360,9430,5328,0.0
2019-03-19,9500,9500,9370,9420,4153,-0.0010604453870625141
2019-03-20,9420,9730,9380,9640,93601,0.023354564755838636
2019-03-21,9650,9800,9650,9750,14826,0.011410788381742698
2019-03-22,9820,9830,9650,9650,12173,-0.01025641025641022
2019-03-25,9520,9690,9520,9640,8273,-0.0010362694300518616
2019-03-26,9680,9680,9550,9670,5847,0.003112033195020736
2019-03-27,9630,9690,9540,9690,1996,0.0020682523267838704
2019-03-28,9690,9690,9450,9670,9075,-0.0020639834881320818
2019-03-29,9510,9670,9500,9620,27233,-0.005170630816959676
2019-04-01,9530,9650,9530,9630,36374,0.0010395010395010118
2019-04-02,9630,9850,9620,9720,14800,0.009345794392523255
2019-04-03,9800,9800,9660,9740,5002,0.002057613168724215
2019-04-04,9740,10000,9640,9930,9607,0.019507186858316317
2019-04-05,9930,9930,9640,9800,18713,-0.01309164149043307
2019-04-08,9770,9770,9680,9680,3886,-0.01224489795918371
2019-04-09,9670,9700,9670,9690,3435,0.0010330578512396382
2019-04-10,9670,9740,9630,9670,6218,-0.0020639834881320818
2019-04-11,9630,9750,9610,9700,8719,0.0031023784901758056
2019-04-12,9700,9790,9650,9740,7835,0.004123711340206171
2019-04-15,9740,9790,9700,9750,6866,0.0010266940451746365
2019-04-16,9800,9810,9740,9790,4774,0.004102564102564044
2019-04-17,9740,9910,9740,9910,9987,0.012257405515832431
2019-04-18,9800,10200,9800,10100,21617,0.019172552976791213
2019-04-19,10100,10300,10000,10200,11724,0.00990099009900991
2019-04-22,10250,10300,9510,10050,19655,-0.014705882352941124
2019-04-23,9920,10200,9900,10000,9193,-0.00497512437810943
2019-04-24,9870,10100,9870,10100,8729,0.010000000000000009
2019-04-25,10050,10250,9950,10050,2328,-0.004950495049504955
2019-04-26,10000,10050,9910,10000,7364,-0.00497512437810943
2019-04-29,9960,10000,9910,10000,1434,0.0
2019-04-30,10000,10100,9950,10100,12007,0.010000000000000009
2019-05-02,9910,10150,9910,10150,2698,0.004950495049504955
2019-05-03,10000,10500,10000,10400,8142,0.024630541871921263
2019-05-07,10400,10550,10100,10500,5074,0.009615384615384581
2019-05-08,10350,10550,10250,10550,3566,0.004761904761904745
2019-05-09,10500,10600,10100,10450,5143,-0.009478672985781977
2019-05-10,10450,10450,10100,10300,2871,-0.014354066985645897
2019-05-13,10200,10300,10100,10300,3370,0.0
2019-05-14,10250,10300,9980,10300,7495,0.0
2019-05-15,10300,10350,10150,10300,1654,0.0
2019-05-16,10300,10450,10100,10300,6904,0.0
2019-05-17,10250,10400,10150,10300,5864,0.0
2019-05-20,10400,10450,10250,10450,4956,0.014563106796116498
2019-05-21,10450,10700,10400,10700,16732,0.02392344497607657
2019-05-22,10700,10800,10500,10800,6637,0.009345794392523255
2019-05-23,10700,10800,10500,10650,6969,-0.01388888888888884
2019-05-24,10500,10650,10300,10650,1917,0.0
2019-05-27,10500,10650,10350,10550,4375,-0.009389671361502372
2019-05-28,10550,10550,10150,10350,6990,-0.018957345971563955
2019-05-29,10250,10500,9730,10300,11602,-0.004830917874396157
2019-05-30,10250,10300,10250,10300,332,0.0
2019-05-31,10200,10400,10050,10200,3611,-0.009708737864077666
2019-06-03,10150,10200,10050,10200,377,0.0
2019-06-04,10200,10250,10200,10250,1516,0.004901960784313708
2019-06-05,10250,10300,10100,10300,3128,0.004878048780487809
2019-06-07,10300,10350,10150,10300,4103,0.0
2019-06-10,10350,10550,10300,10450,4573,0.014563106796116498
2019-06-11,10500,10850,10400,10450,9385,0.0
2019-06-12,10450,10600,10350,10550,3846,0.009569377990430672
2019-06-13,10550,10700,10500,10550,6376,0.0
2019-06-14,10650,10800,10550,10750,25947,0.018957345971563955
2019-06-17,10750,10850,10500,10500,1073,-0.023255813953488413
2019-06-18,10500,10600,10400,10600,4534,0.00952380952380949
2019-06-19,10600,10650,10450,10500,4149,-0.009433962264150941
2019-06-20,10450,10500,10400,10400,2605,-0.00952380952380949
2019-06-21,10400,10550,10400,10450,3414,0.004807692307692291
2019-06-24,10400,10550,10400,10550,2058,0.009569377990430672
2019-06-25,10550,10600,10400,10500,1626,-0.004739336492891044
2019-06-26,10400,10450,10350,10350,1906,-0.014285714285714235
2019-06-27,10400,10500,10350,10450,10001,0.009661835748792313
2019-06-28,10450,10500,10350,10450,1775,0.0
2019-07-01,10400,10450,10300,10350,1659,-0.009569377990430672
2019-07-02,10350,10400,10350,10400,124,0.004830917874396157
2019-07-03,10450,10450,10300,10400,992,0.0
2019-07-04,10450,10450,10250,10300,1560,-0.009615384615384581
2019-07-05,10400,10400,10250,10350,955,0.004854368932038833
2019-07-08,10250,10400,10050,10350,3852,0.0
2019-07-09,10250,10250,10100,10200,1622,-0.01449275362318836
2019-07-10,10150,10300,9820,10100,4861,-0.009803921568627416
2019-07-11,10050,10100,9990,10100,530,0.0
2019-07-12,10150,10250,10000,10200,995,0.00990099009900991
2019-07-15,10000,10250,10000,10250,1493,0.004901960784313708
2019-07-16,10200,10200,10050,10100,1260,-0.014634146341463428
2019-07-17,10100,10100,9930,10100,2477,0.0
2019-07-18,10000,10000,9930,9960,1883,-0.013861386138613874
2019-07-19,9960,10050,9930,10050,1222,0.009036144578313143
2019-07-22,9970,9990,9970,9970,600,-0.007960199004975133
2019-07-23,10000,10000,9880,9980,1193,0.0010030090270811698
2019-07-24,9980,9980,9860,9940,1005,-0.004008016032064132
2019-07-25,10050,10050,9810,9940,5193,0.0
2019-07-26,9940,9940,9830,9940,5011,0.0
2019-07-29,9890,9890,9600,9700,2464,-0.024144869215291798
2019-07-30,9600,9800,9510,9800,4855,0.010309278350515427
2019-07-31,9760,9800,9610,9770,3761,-0.003061224489795955
2019-08-01,9770,9770,9590,9740,1229,-0.0030706243602866
2019-08-02,9740,9740,9530,9740,884,0.0
2019-08-05,9630,9640,8850,9190,10653,-0.056468172484599566
2019-08-06,9100,9360,8850,9050,9448,-0.015233949945593017
2019-08-07,9050,9090,8800,9000,12242,-0.0055248618784530246
2019-08-08,9010,9080,8910,9050,7528,0.005555555555555536
2019-08-09,9130,9130,8960,9060,331,0.0011049723756906271
2019-08-12,9060,9100,8920,9060,3121,0.0
2019-08-13,9020,9020,8880,8880,3903,-0.019867549668874163
2019-08-14,8880,9060,8880,8940,2859,0.006756756756756799
2019-08-16,8880,8970,8740,8890,5320,-0.005592841163310935
2019-08-19,8890,8970,8800,8880,4484,-0.0011248593925758943
2019-08-20,8820,8970,8820,8860,8386,-0.0022522522522522292
2019-08-21,8840,8960,8830,8860,7304,0.0
2019-08-22,8840,8940,8840,8940,5936,0.009029345372460584
2019-08-23,8860,8970,8850,8910,2675,-0.003355704697986628
2019-08-26,8800,8900,8750,8850,4344,-0.006734006734006703
2019-08-27,8850,8910,8620,8670,7298,-0.02033898305084747
2019-08-28,8710,8710,8160,8680,17243,0.0011534025374855261
2019-08-29,8680,8680,8540,8620,2751,-0.00691244239631339
2019-08-30,8620,8800,8610,8730,11031,0.012761020881670637
2019-09-02,8720,8720,8630,8720,1859,-0.001145475372279492
2019-09-03,8720,8870,8620,8850,2199,0.014908256880733939
2019-09-04,8800,8830,8670,8800,3432,-0.005649717514124242
2019-09-05,8790,8890,8730,8800,3933,0.0
2019-09-06,8750,8830,8670,8820,8858,0.002272727272727204
2019-09-09,8830,8830,8600,8800,2702,-0.0022675736961451642
2019-09-10,8790,8950,8750,8810,3860,0.001136363636363713
2019-09-11,8810,8880,8750,8790,2723,-0.002270147559591429
2019-09-16,8760,8920,8710,8880,2361,0.010238907849829282
2019-09-17,8870,8870,8760,8870,7293,-0.0011261261261261701
2019-09-18,8800,8890,8730,8780,12450,-0.01014656144306647
2019-09-19,8800,8880,8770,8810,1466,0.003416856492027387
2019-09-20,8770,8980,8770,8840,1005,0.0034052213393871433
2019-09-23,8820,8860,8790,8830,1672,-0.0011312217194570096
2019-09-24,8840,8840,8690,8770,1627,-0.006795016987542479
2019-09-25,8780,8820,8750,8770,1856,0.0
2019-09-26,8760,8810,8740,8750,2315,-0.0022805017103763037
2019-09-27,8750,8830,8690,8800,1984,0.005714285714285783
2019-09-30,8800,8820,8560,8800,444,0.0
2019-10-01,8790,8790,8700,8710,3570,-0.010227272727272751
2019-10-02,8710,8780,8650,8700,5904,-0.0011481056257175437
2019-10-04,8700,8700,8650,8700,615,0.0
2019-10-07,8800,8800,8610,8700,772,0.0
2019-10-08,8790,8790,8630,8760,2307,0.006896551724137945
2019-10-10,8720,8720,8670,8720,935,-0.004566210045662156
2019-10-11,8810,8810,8640,8650,2398,-0.008027522935779796
2019-10-14,8750,8750,8560,8660,10110,0.0011560693641619046
2019-10-15,8700,8790,8630,8730,727,0.008083140877598094
2019-10-16,8770,8770,8630,8710,2114,-0.002290950744558984
2019-10-17,8750,8750,8660,8710,1397,0.0
2019-10-18,8600,8760,8600,8680,1137,-0.003444316877152742
2019-10-21,8690,8690,8620,8670,1943,-0.0011520737327188613
2019-10-22,8620,8660,8600,8630,5643,-0.0046136101499423265
2019-10-23,8660,8720,8550,8640,4186,0.0011587485515642815
2019-10-24,8660,8700,8600,8640,1456,0.0
2019-10-25,8650,8700,8600,8690,1061,0.0057870370370369795
2019-10-28,8600,8800,8600,8700,4719,0.0011507479861909697
2019-10-29,8700,8770,8660,8720,1192,0.0022988505747125743
2019-10-30,8720,8720,8610,8620,1113,-0.011467889908256867
2019-10-31,8620,8650,8620,8630,1708,0.0011600928074246841
2019-11-01,8610,8710,8600,8680,588,0.005793742757821629
2019-11-04,8720,8750,8680,8680,1493,0.0
2019-11-05,8680,8750,8680,8720,1461,0.004608294930875667
2019-11-06,8630,8830,8630,8750,2121,0.0034403669724769603
2019-11-07,8680,8750,8670,8750,2356,0.0
2019-11-08,8750,8800,8680,8790,2928,0.004571428571428671
2019-11-11,8790,8810,8690,8780,1078,-0.0011376564277588708
2019-11-12,8780,8800,8720,8770,1145,-0.001138952164009166
2019-11-13,8750,8780,8680,8730,2548,-0.004561003420752607
2019-11-14,8730,8770,8670,8720,1090,-0.001145475372279492
2019-11-15,8710,8710,8620,8670,4329,-0.005733944954128489
2019-11-18,8650,8700,8590,8640,2716,-0.0034602076124568004
2019-11-19,8730,8730,8590,8660,2561,0.0023148148148148806
2019-11-20,8610,8670,8610,8620,455,-0.004618937644341847
2019-11-21,8730,8730,8490,8600,1741,-0.002320185614849146
2019-11-22,8600,8670,8590,8610,7920,0.0011627906976743319
2019-11-25,8690,8690,8520,8600,2471,-0.0011614401858304202
2019-11-26,8600,8630,8480,8540,4902,-0.006976744186046546
2019-11-27,8540,8700,8500,8560,3086,0.0023419203747072626
2019-11-28,8560,8610,8510,8540,2195,-0.002336448598130869
2019-11-29,8490,8550,8480,8510,571,-0.003512880562060894
2019-12-02,8560,8560,8370,8480,4479,-0.003525264394829586
2019-12-03,8410,8790,8300,8450,6172,-0.003537735849056589
2019-12-04,8440,8440,8250,8350,1454,-0.011834319526627168
2019-12-05,8300,8300,8160,8210,2102,-0.016766467065868262
2019-12-06,8210,8230,8170,8220,1166,0.0012180267965895553
2019-12-09,8220,8300,8180,8280,772,0.007299270072992803
2019-12-10,8300,8300,8150,8200,3905,-0.009661835748792313
2019-12-11,8170,8260,7960,8030,11372,-0.02073170731707319
2019-12-12,8120,8120,8010,8030,2625,0.0
2019-12-13,8100,8280,8010,8110,9875,0.00996264009962644
2019-12-16,8400,8400,8100,8200,1340,0.011097410604192337
2019-12-17,8290,8290,8080,8170,3145,-0.003658536585365857
2019-12-18,8100,8230,8060,8070,2254,-0.012239902080783405
2019-12-19,8020,8100,7910,8060,6166,-0.0012391573729864103
2019-12-20,8090,8110,7960,8040,5481,-0.002481389578163795
2019-12-23,8050,8080,8020,8040,2409,0.0
2019-12-24,8090,8090,7980,8010,984,-0.003731343283582045
2019-12-26,8080,8080,7860,8000,8556,-0.0012484394506866447
2019-12-27,8070,8070,7980,8040,1173,0.004999999999999893
2019-12-30,8040,8090,7920,7990,6347,-0.006218905472636815
2020-01-02,8020,8140,8000,8070,6071,0.01001251564455563
2020-01-03,8070,8080,7980,8080,2644,0.0012391573729864103
2020-01-06,8080,8080,7910,7980,2343,-0.012376237623762387
2020-01-07,8040,8040,7910,7990,3874,0.0012531328320801727
2020-01-08,7950,7950,7720,7800,10206,-0.02377972465581979
2020-01-09,7800,7890,7800,7870,2491,0.008974358974358942
2020-01-10,7870,7900,7790,7870,2775,0.0
2020-01-13,7800,7880,7290,7360,148595,-0.06480304955527316
2020-01-14,7400,7410,7320,7350,19047,-0.0013586956521739468
2020-01-15,7390,7460,7330,7390,15661,0.0054421768707482165
2020-01-16,7390,7460,7370,7420,7845,0.004059539918809252
2020-01-17,7420,7480,7370,7450,5164,0.0040431266846361336
2020-01-20,7410,7700,7380,7700,21187,0.033557046979865834
2020-01-21,7730,7750,7580,7590,19345,-0.014285714285714235
2020-01-22,7550,7670,7510,7630,4588,0.005270092226614009
2020-01-23,7560,7630,7540,7580,7218,-0.006553079947575369
2020-01-28,7570,7600,7520,7560,7950,-0.0026385224274406704
2020-01-29,7560,7590,7520,7560,1020,0.0
2020-01-30,7560,7590,7430,7500,6046,-0.007936507936507908
2020-01-31,7500,7500,7220,7290,19793,-0.028000000000000025
2020-02-03,7290,7350,7170,7330,2079,0.005486968449931462
2020-02-04,7420,7420,7270,7330,5340,0.0
2020-02-05,7420,7430,7260,7340,4402,0.0013642564802183177
2020-02-06,7360,7360,7290,7340,4135,0.0
2020-02-07,7340,7390,7290,7290,5074,-0.006811989100817484
2020-02-10,7380,7390,7280,7340,343,0.006858710562414272
2020-02-11,7400,7400,7290,7360,3404,0.0027247956403269047
2020-02-12,7260,7380,7260,7360,1927,0.0
2020-02-13,7400,7490,7360,7430,2488,0.009510869565217295
2020-02-14,7480,7480,7430,7440,2029,0.0013458950201883368
2020-02-17,7440,7470,7300,7400,5561,-0.005376344086021501
2020-02-18,7400,7440,7340,7350,547,-0.006756756756756799
2020-02-19,7350,7450,7350,7370,7372,0.0027210884353741083
2020-02-20,7300,7370,7300,7370,1086,0.0
2020-02-21,7360,7360,7280,7340,13230,-0.004070556309362261
2020-02-24,7270,7270,7170,7270,11335,-0.009536784741144388
2020-02-25,7230,7330,7100,7320,5901,0.00687757909215958
2020-02-26,7180,7350,7180,7300,8869,-0.002732240437158473
2020-02-27,7300,7300,7170,7210,3359,-0.012328767123287676
2020-02-28,7150,7150,6940,7040,15878,-0.023578363384188616
2020-03-02,7020,7150,6980,7040,9524,0.0
2020-03-03,7130,7150,6990,7010,6469,-0.0042613636363636465
2020-03-04,6980,7090,6980,7060,999,0.007132667617689048
2020-03-05,7130,7140,7010,7130,1544,0.009915014164305846
2020-03-06,7140,7140,6970,6970,5507,-0.02244039270687237
2020-03-09,6920,7000,6720,6910,13892,-0.008608321377331474
2020-03-10,6720,6900,6670,6860,5270,-0.00723589001447178
2020-03-11,6850,6850,6600,6700,5235,-0.023323615160349864
2020-03-12,6600,6610,6160,6350,12011,-0.052238805970149294
2020-03-13,5820,6200,5820,5830,39935,-0.08188976377952761
2020-03-16,5830,5900,5710,5710,6998,-0.020583190394511175
2020-03-17,5510,5670,5020,5500,57735,-0.03677758318739055
2020-03-18,5490,5490,5260,5310,15588,-0.034545454545454546
2020-03-19,5310,5450,4940,5140,14755,-0.032015065913371
2020-03-20,5140,5350,5010,5330,10229,0.03696498054474717
2020-03-23,5120,5120,4950,5040,11352,-0.054409005628517804
2020-03-24,5040,5260,5040,5120,5174,0.015873015873015817
2020-03-25,5350,5350,5120,5280,21529,0.03125
2020-03-26,5280,5380,5250,5330,16078,0.009469696969697017
2020-03-27,5400,5590,5300,5370,14622,0.007504690431519689
2020-03-30,5330,5370,5190,5370,11707,0.0
2020-03-31,5370,5690,5340,5490,18411,0.022346368715083775
2020-04-01,5530,5550,5420,5500,12767,0.0018214936247722413
2020-04-02,5370,5480,5360,5450,8325,-0.009090909090909038
2020-04-03,5450,5540,5360,5450,6699,0.0
2020-04-06,5520,5630,5470,5590,28034,0.025688073394495303
2020-04-07,5690,5890,5560,5650,23434,0.01073345259391778
2020-04-08,5660,5790,5630,5740,12559,0.015929203539823078
2020-04-09,5720,5850,5720,5760,24785,0.0034843205574912606
2020-04-10,5840,5840,5690,5820,16910,0.01041666666666674
2020-04-13,5930,5940,5770,5920,12620,0.01718213058419238
2020-04-14,5960,6140,5950,6120,26560,0.03378378378378377
2020-04-16,6100,6160,6010,6100,4088,-0.0032679738562091387
2020-04-17,6100,6300,6100,6180,11789,0.013114754098360715
2020-04-20,6190,6330,6090,6160,13984,-0.003236245954692518
2020-04-21,6110,6110,5830,5980,11751,-0.02922077922077926
2020-04-22,5800,5970,5730,5880,14331,-0.01672240802675584
2020-04-23,5880,6000,5850,5950,9856,0.011904761904761862
2020-04-24,5950,5950,5830,5860,5185,-0.015126050420168013
2020-04-27,5950,5950,5790,5880,11658,0.0034129692832765013
2020-04-28,5900,6060,5850,6050,22958,0.028911564625850428
2020-04-29,6060,6090,5980,6080,16563,0.0049586776859504855
2020-05-04,6050,6080,5750,5960,27624,-0.019736842105263164
2020-05-06,5920,6040,5920,6010,14122,0.008389261744966348
2020-05-07,6010,6070,5860,6000,24871,-0.0016638935108153063
2020-05-08,6030,6140,6000,6040,20840,0.006666666666666599
2020-05-11,6090,6120,6020,6030,10698,-0.0016556291390728006
2020-05-12,5990,6090,5950,5970,6968,-0.00995024875621886
2020-05-13,5840,5970,5840,5970,5185,0.0
2020-05-14,5970,6040,5700,5750,12228,-0.0368509212730318
2020-05-15,5810,5930,5810,5860,5824,0.019130434782608674
2020-05-18,5860,5920,5700,5900,9023,0.006825938566553003
2020-05-19,5950,6060,5900,6030,12325,0.02203389830508473
2020-05-20,6050,6280,5890,6190,40884,0.026533996683250516
2020-05-21,6190,6450,6100,6350,27459,0.025848142164781818
2020-05-22,6400,6490,6070,6110,16055,-0.03779527559055118
2020-05-25,6110,6340,6000,6090,13962,-0.00327332242225864
2020-05-26,6050,6250,6040,6120,13409,0.0049261083743843415
2020-05-27,6120,6330,6100,6150,24350,0.004901960784313708
2020-05-28,6200,6260,6070,6120,14768,-0.004878048780487809
2020-05-29,6120,6210,6070,6170,5962,0.008169934640522847
2020-06-01,6150,6270,6140,6170,9408,0.0
2020-06-02,6250,6250,6100,6230,11123,0.009724473257698651
2020-06-03,6300,6380,6230,6300,17644,0.011235955056179803
2020-06-04,6390,6640,6380,6520,50815,0.03492063492063502
2020-06-05,6610,6650,6450,6550,28250,0.004601226993865115
2020-06-08,6650,7900,6420,6980,938066,0.06564885496183215
2020-06-09,6930,6970,6680,6750,91033,-0.03295128939828085
2020-06-10,6750,6770,6580,6580,27084,-0.0251851851851852
2020-06-11,6590,6740,6450,6550,25316,-0.00455927051671734
2020-06-12,6400,6570,6340,6570,21260,0.003053435114503733
2020-06-15,6500,6650,6000,6100,20028,-0.07153729071537296
2020-06-16,6200,6400,6200,6300,13650,0.032786885245901676
2020-06-17,6290,6300,6180,6280,6070,-0.0031746031746031633
2020-06-18,6400,6400,6270,6340,3389,0.009554140127388644
2020-06-19,6300,6500,6300,6460,8351,0.018927444794952786
2020-06-22,6460,6480,6390,6410,9236,-0.007739938080495334
2020-06-23,6510,6550,6340,6360,3156,-0.007800312012480548
2020-06-24,6360,6440,6280,6430,6066,0.011006289308176154
2020-06-25,6390,6390,6260,6300,4811,-0.02021772939346811
2020-06-26,6330,6340,6260,6300,5380,0.0
2020-06-29,6200,6290,6090,6200,9219,-0.015873015873015928
2020-06-30,6200,6300,6110,6190,8176,-0.001612903225806428
2020-07-01,6300,6300,6140,6210,3764,0.003231017770597644
2020-07-02,6300,6300,6140,6300,6666,0.01449275362318847
2020-07-03,6320,6380,6230,6280,1473,-0.0031746031746031633
2020-07-06,6320,6320,6210,6240,3904,-0.006369426751592355
2020-07-07,6220,6320,6220,6220,1961,-0.0032051282051281937
2020-07-08,6220,6260,6170,6240,4026,0.003215434083601254
2020-07-09,6330,6330,6150,6240,9558,0.0
2020-07-10,6210,6300,6150,6180,3311,-0.009615384615384581
2020-07-13,6280,6290,6110,6170,5579,-0.0016181229773463146
2020-07-14,6260,6260,6080,6210,13456,0.006482982171799101
2020-07-15,6240,6300,6200,6280,11957,0.011272141706924366
2020-07-16,6300,6310,6220,6280,4858,0.0
2020-07-17,6320,6400,6250,6290,39053,0.0015923566878981443
2020-07-20,6320,6320,6210,6250,6172,-0.006359300476947549
2020-07-21,6290,6340,6250,6320,23409,0.011200000000000099
2020-07-22,6320,6450,6270,6300,12529,-0.0031645569620253333
2020-07-23,6270,6380,6260,6300,4082,0.0
2020-07-24,6300,6360,6210,6290,5136,-0.0015873015873015817
2020-07-27,6290,6380,6220,6290,6404,0.0
2020-07-28,6370,6420,6290,6360,8657,0.0111287758346581
2020-07-29,6360,6440,6320,6430,11037,0.011006289308176154
2020-07-30,6460,6680,6430,6570,13899,0.021772939346811793
2020-07-31,6590,6600,6270,6300,11310,-0.04109589041095896
2020-08-03,6310,6440,6280,6350,5591,0.007936507936507908
2020-08-04,6340,6420,6340,6380,5170,0.0047244094488188
2020-08-05,6380,6480,6320,6420,8164,0.006269592476489061
2020-08-06,6420,6440,6370,6380,3901,-0.006230529595015577
2020-08-07,6420,6420,6310,6390,9638,0.0015673981191222097
2020-08-10,6390,6550,6310,6490,21452,0.015649452269170583
2020-08-11,6580,6620,6480,6530,12103,0.006163328197226425
2020-08-12,6590,6590,6460,6540,8554,0.0015313935681469104
2020-08-13,6590,6690,6510,6630,35485,0.013761467889908285
2020-08-14,6560,6670,6470,6560,25914,-0.010558069381598756
2020-08-18,6570,6590,6320,6480,14501,-0.012195121951219523
2020-08-19,6470,6550,6390,6470,4491,-0.0015432098765432167
2020-08-20,6550,6550,6150,6190,39204,-0.043276661514683123
2020-08-21,6200,6290,6100,6240,1552,0.008077544426494443
2020-08-24,6220,6270,6120,6270,2078,0.004807692307692291
2020-08-25,6270,6390,6270,6350,4776,0.012759170653907415
2020-08-26,6460,6480,6310,6330,1775,-0.0031496062992125706
2020-08-27,6330,6450,6150,6150,4358,-0.028436018957345932
2020-08-28,6180,6400,6170,6170,4524,0.003252032520325132
2020-08-31,6200,6320,6110,6320,5280,0.024311183144246407
2020-09-01,6320,6380,6220,6240,3690,-0.012658227848101222
2020-09-02,6280,6320,6200,6300,16285,0.009615384615384581
2020-09-03,6300,6390,6280,6310,2460,0.0015873015873015817
2020-09-04,6270,6310,6200,6290,16885,-0.0031695721077654726
2020-09-07,6300,6300,6230,6280,8375,-0.0015898251192368873
2020-09-08,6250,6350,6240,6280,9937,0.0
2020-09-09,6160,6250,6160,6230,7024,-0.0079617834394905
2020-09-10,6170,6300,6170,6260,5636,0.0048154093097914075
2020-09-11,6200,6350,6190,6310,55912,0.007987220447284393
2020-09-14,6260,6440,6260,6440,13315,0.020602218700475516
2020-09-15,6450,7620,6450,6730,1274110,0.045031055900621064
2020-09-16,6770,6890,6700,6840,110475,0.01634472511144125
2020-09-17,7100,7110,6710,6710,94939,-0.01900584795321636
2020-09-18,6660,6770,6540,6580,30137,-0.019374068554396384
2020-09-21,6580,6830,6510,6680,43837,0.015197568389057725
2020-09-22,6680,6730,6460,6630,70452,-0.007485029940119792
2020-09-23,6600,6780,6550,6550,9271,-0.012066365007541435
2020-09-24,6550,6680,6400,6480,23152,-0.010687022900763399
2020-09-25,6480,6630,6410,6450,7271,-0.00462962962962965
2020-09-28,6450,6640,6450,6570,7411,0.018604651162790642
2020-09-29,6480,6630,6480,6540,5104,-0.004566210045662156
2020-10-05,6540,6690,6530,6650,11076,0.01681957186544336
2020-10-06,6650,6810,6650,6780,11661,0.019548872180451093
2020-10-07,6730,6790,6670,6740,8789,-0.005899705014749235
2020-10-08,6780,6780,6690,6730,7925,-0.0014836795252225476
2020-10-12,6780,7050,6690,6720,14466,-0.0014858841010401136
2020-10-13,6670,6780,6650,6730,5746,0.0014880952380953438
2020-10-14,6730,6780,6510,6560,19378,-0.025260029717682042
2020-10-15,6520,6660,6360,6570,29534,0.0015243902439023849
2020-10-16,6520,6570,6450,6560,8939,-0.0015220700152207556
2020-10-19,6560,6560,6460,6480,4558,-0.012195121951219523
2020-10-20,6460,6510,6420,6490,2191,0.0015432098765431057
2020-10-21,6570,6580,6480,6490,9905,0.0
2020-10-22,6550,6550,6360,6380,28131,-0.016949152542372836
2020-10-23,6390,6480,6360,6420,6941,0.006269592476489061
2020-10-26,6470,6490,6360,6360,6184,-0.009345794392523366
2020-10-27,6360,6400,6000,6130,19068,-0.036163522012578664
2020-10-28,6230,6300,6150,6260,2938,0.021207177814029254
2020-10-29,6200,6280,6120,6280,8621,0.0031948881789136685
2020-10-30,6340,6340,6210,6210,3501,-0.011146496815286677
2020-11-02,6210,6390,6110,6320,11826,0.017713365539452575
2020-11-03,6320,6420,6310,6340,4264,0.0031645569620253333
2020-11-04,6340,6350,6280,6330,6961,-0.001577287066246047
2020-11-05,6330,6390,6310,6380,2482,0.00789889415481837
2020-11-06,6390,6390,6330,6380,3604,0.0
2020-11-09,6380,6420,6350,6410,8265,0.004702194357366851
2020-11-10,6470,6480,6350,6410,6176,0.0
2020-11-11,6340,6690,6340,6500,36848,0.014040561622464809
2020-11-12,6500,6510,6440,6500,12335,0.0
2020-11-13,6510,6570,6450,6490,11171,-0.0015384615384614886
2020-11-16,6490,6590,6460,6530,13038,0.006163328197226425
2020-11-17,6560,6560,6430,6510,4011,-0.003062787136294043
2020-11-18,6510,6550,6430,6500,3311,-0.001536098310291889
2020-11-19,6510,6510,6380,6480,10640,-0.003076923076923088
2020-11-20,6480,6620,6480,6540,12449,0.0092592592592593
2020-11-23,6530,6680,6530,6590,17205,0.007645259938837912
2020-11-24,6700,6780,6610,6660,17033,0.01062215477996964
2020-11-25,6740,6790,6600,6610,12773,-0.007507507507507505
2020-11-26,6690,6700,6600,6630,5125,0.00302571860816947
2020-11-27,6700,6710,6630,6660,3815,0.004524886877828038
2020-11-30,6730,6730,6600,6650,4694,-0.0015015015015015232
2020-12-01,6680,6690,6600,6660,5324,0.0015037593984963404
2020-12-02,6640,6710,6610,6660,7308,0.0
2020-12-03,6670,6710,6620,6660,8703,0.0
2020-12-04,6740,6740,6610,6630,13690,-0.0045045045045044585
2020-12-07,6680,6680,6530,6570,6519,-0.009049773755656076
2020-12-08,6570,6640,6490,6550,13250,-0.0030441400304414
2020-12-09,6560,6880,6510,6700,19100,0.022900763358778553
2020-12-10,6630,6820,6590,6730,21061,0.004477611940298498
2020-12-11,6760,6820,6710,6790,26132,0.008915304606240682
2020-12-14,6830,6830,6740,6760,16139,-0.004418262150220897
2020-12-15,6760,6920,6750,6820,34990,0.008875739644970349
2020-12-16,6800,7010,6780,6950,21248,0.019061583577712593
2020-12-17,6890,8630,6890,7410,1044021,0.06618705035971217
2020-12-18,7380,7450,7230,7310,91668,-0.013495276653171406
2020-12-21,7310,7310,7180,7180,46336,-0.017783857729138153
2020-12-22,7180,7210,7020,7080,50332,-0.013927576601671321
2020-12-23,7010,7190,6990,7120,37862,0.005649717514124353
2020-12-24,7120,7200,7030,7100,17161,-0.002808988764044895
2020-12-28,7250,7300,7130,7210,35658,0.015492957746478853
2020-12-29,7200,7300,7070,7170,27668,-0.00554785020804438
2020-12-30,7240,7330,7100,7220,21240,0.0069735006973501434
2021-01-04,7220,7380,7210,7370,19349,0.020775623268697974
2021-01-05,7300,7430,7250,7330,21165,-0.005427408412483015
2021-01-06,7400,7500,7310,7450,28483,0.016371077762619368
2021-01-07,7450,9320,7400,8060,1473352,0.08187919463087256
2021-01-08,8040,8040,7870,7870,129566,-0.023573200992555776
2021-01-11,7870,10200,7870,10200,3158073,0.2960609911054637
2021-01-12,10550,12000,9200,9470,2748829,-0.07156862745098036
2021-01-13,9580,9600,9080,9080,422251,-0.04118268215417109
2021-01-14,9010,9440,8960,9030,384452,-0.005506607929515406
2021-01-15,9090,9300,9020,9070,225551,0.0044296788482836025
2021-01-18,9070,9380,8800,8840,363134,-0.02535832414553474
2021-01-19,8810,9160,8780,9140,208444,0.03393665158371051
2021-01-20,9330,9330,8990,9020,142967,-0.013129102844638973
2021-01-21,9090,9230,9030,9210,146111,0.021064301552106368
2021-01-22,9200,9200,8960,9000,85484,-0.0228013029315961
2021-01-25,9040,9140,8900,9050,85835,0.005555555555555536
2021-01-26,9130,9130,8860,8940,59393,-0.012154696132596676
2021-01-27,8940,9080,8820,8920,57436,-0.0022371364653244186
2021-01-28,8810,8850,8490,8520,76772,-0.04484304932735428
2021-01-29,8500,8600,7830,8120,121017,-0.04694835680751175
2021-02-01,8000,8270,7920,8260,49986,0.01724137931034475
2021-02-02,8280,8590,8250,8550,51755,0.03510895883777243
2021-02-03,8570,8870,8570,8780,71664,0.026900584795321647
2021-02-04,8860,8860,8600,8660,25785,-0.013667425968109326
2021-02-05,8670,8920,8670,8860,56305,0.023094688221708903
2021-02-08,8740,8850,8510,8560,29376,-0.033860045146726914
2021-02-09,8560,8790,8520,8670,32363,0.012850467289719614
2021-02-10,8660,8770,8520,8680,12741,0.0011534025374855261
2021-02-15,8700,8740,8590,8680,23897,0.0
2021-02-16,8890,8890,8690,8790,22558,0.012672811059907918
2021-02-17,8790,8960,8640,8960,43484,0.019340159271899804
2021-02-18,9000,9000,8750,8750,33105,-0.0234375
2021-02-19,8750,8810,8500,8630,20379,-0.013714285714285679
2021-02-22,8630,8660,8400,8570,35438,-0.006952491309385911
2021-02-23,8490,8560,8320,8520,12895,-0.005834305717619559
2021-02-24,8510,8580,8120,8150,29230,-0.04342723004694837
2021-02-25,8230,8400,8220,8260,20518,0.013496932515337345
2021-02-26,8110,8160,7960,8050,33586,-0.025423728813559365
2021-03-02,8060,8200,8060,8090,13994,0.00496894409937898
2021-03-03,8190,8460,8190,8420,46998,0.040791100123609425
2021-03-04,8420,8470,8300,8420,29020,0.0
2021-03-05,8400,8470,8230,8470,19969,0.005938242280284944
2021-03-08,8460,8550,8320,8500,37857,0.0035419126328217754
2021-03-09,8460,8630,8290,8610,42028,0.012941176470588234
2021-03-10,8700,8740,8430,8560,24835,-0.005807200929152101
2021-03-11,8480,8810,8480,8800,47370,0.028037383177569986
2021-03-12,8900,8940,8800,8810,52613,0.001136363636363713
2021-03-15,8850,8850,8700,8830,26185,0.002270147559591429
2021-03-16,8830,8890,8810,8830,38549,0.0
2021-03-17,8830,8900,8790,8830,30545,0.0
2021-03-18,8840,8920,8830,8880,29830,0.005662514156285381
2021-03-19,8870,9230,8760,9200,70074,0.03603603603603611
2021-03-22,9210,9320,9050,9320,114059,0.01304347826086949
2021-03-23,9340,9380,9200,9210,70673,-0.011802575107296098
2021-03-24,9200,9280,9080,9230,27497,0.0021715526601520097
2021-03-25,9230,9520,9100,9400,188256,0.018418201516793076
2021-03-26,9390,9640,9230,9640,180876,0.025531914893617058
2021-03-29,9740,9740,9560,9610,114617,-0.003112033195020736
2021-03-30,9620,10550,9620,9890,163116,0.02913631633714875
2021-03-31,9860,9980,9630,9800,62416,-0.009100101112234582
2021-04-01,9730,9790,9540,9580,31080,-0.022448979591836782
2021-04-02,9580,9790,9520,9520,34757,-0.006263048016701411
2021-04-05,9600,9650,9340,9610,27004,0.009453781512605008
2021-04-06,9610,9670,9510,9650,25110,0.004162330905306932
2021-04-07,9610,9740,9570,9600,17700,-0.005181347150259086
2021-04-08,9600,9650,9540,9540,18395,-0.006249999999999978
2021-04-09,9550,10850,9550,10100,282265,0.05870020964360578
2021-04-12,10150,10200,9860,9950,44039,-0.014851485148514865
2021-04-13,10000,10100,9780,9970,75509,0.0020100502512563345
2021-04-14,10000,10350,9890,10250,91515,0.028084252758274753
2021-04-15,10350,10900,10050,10900,137487,0.06341463414634152
2021-04-16,10900,11400,10500,11400,144142,0.04587155963302747
2021-04-19,11400,11600,10450,11550,216514,0.013157894736842035
2021-04-20,11500,12500,11050,12450,328449,0.07792207792207795
2021-04-21,12150,12650,11550,12600,246653,0.012048192771084265
2021-04-22,12450,12900,12150,12850,219672,0.01984126984126977
2021-04-23,12850,13200,12600,13100,216828,0.01945525291828787
2021-04-26,12850,13850,12350,13100,305314,0.0
2021-04-27,13150,13400,12700,13350,190230,0.01908396946564883
2021-04-28,13200,13500,12950,13200,131967,-0.011235955056179803
2021-04-29,12850,13350,12800,13300,178461,0.007575757575757569
2021-04-30,13350,13400,12250,13150,137124,-0.011278195488721776
2021-05-03,12950,13350,12850,13100,149629,-0.0038022813688213253
2021-05-04,13100,13500,12950,13450,72288,0.026717557251908497
2021-05-06,13450,14150,13400,14150,108052,0.052044609665427455
2021-05-07,14250,14400,13650,14400,155448,0.0176678445229681
2021-05-10,14400,14600,14200,14600,54351,0.01388888888888884
2021-05-11,14550,15050,14400,14500,98623,-0.006849315068493178
2021-05-12,14500,15600,13700,15600,154997,0.07586206896551717
2021-05-13,15250,15950,14800,15700,119009,0.0064102564102563875
2021-05-14,15750,16600,15700,16050,171398,0.022292993630573354
2021-05-17,16400,16650,16000,16450,206853,0.024922118380062308
2021-05-18,16450,16950,15250,16800,185245,0.02127659574468077
2021-05-20,17000,17500,16300,17150,308527,0.02083333333333326
2021-05-21,17000,17200,16400,17050,161144,-0.005830903790087438
2021-05-24,16800,16900,16100,16650,116235,-0.02346041055718473
2021-05-25,16450,16750,15950,16650,156267,0.0
2021-05-26,16650,16650,16400,16600,107476,-0.0030030030030030463
2021-05-27,16600,16600,16100,16300,89948,-0.01807228915662651
2021-05-28,16300,16550,16150,16550,96347,0.015337423312883347
2021-05-31,16600,16850,16300,16800,78530,0.015105740181268867
2021-06-01,16800,17650,16750,17500,167539,0.04166666666666674
2021-06-02,17600,17650,16550,17300,168292,-0.011428571428571455
2021-06-03,17200,17500,15050,15050,389258,-0.13005780346820806
2021-06-04,14700,15000,13800,14800,406614,-0.01661129568106312
2021-06-07,14950,14950,14150,14900,159849,0.006756756756756799
2021-06-08,14700,14950,14400,14750,80907,-0.010067114093959773
2021-06-09,14600,15250,14450,15050,137647,0.02033898305084736
2021-06-10,15050,15250,14750,15150,112688,0.006644518272425293
2021-06-11,15150,15200,14750,15200,104833,0.0033003300330032292
2021-06-14,15250,15350,15000,15200,132346,0.0
2021-06-15,15200,15250,15000,15150,60948,-0.003289473684210509
2021-06-16,15200,15350,14700,15300,121579,0.00990099009900991
2021-06-17,15150,15450,14700,15400,215370,0.006535947712418277
2021-06-18,15200,15800,15200,15450,149865,0.0032467532467532756
2021-06-21,15500,15850,15400,15650,175434,0.012944983818770295
2021-06-22,15600,17200,15550,17200,313049,0.09904153354632594
2021-06-23,17250,18900,17250,18500,417889,0.07558139534883712
2021-06-24,18550,19200,18000,19150,204419,0.03513513513513522
2021-06-25,19450,20600,18900,20400,298249,0.06527415143603132
2021-06-28,20400,23250,20400,22500,553057,0.10294117647058831
2021-06-29,22550,23900,21550,22500,333264,0.0
2021-06-30,22500,23750,21700,23350,183120,0.03777777777777769
2021-07-01,23350,26350,23350,24600,617779,0.05353319057815842
2021-07-02,25150,25600,24150,25000,203924,0.016260162601626105
2021-07-05,24650,24900,22950,24850,189079,-0.006000000000000005
2021-07-06,24600,24600,23900,24400,123871,-0.01810865191146882
2021-07-07,24150,24850,24100,24450,144104,0.002049180327868827
2021-07-08,24450,24800,23800,24700,129582,0.010224948875255713
2021-07-09,24450,24750,23700,24750,131565,0.002024291497975783
2021-07-12,24800,26400,24800,26200,400572,0.05858585858585852
2021-07-13,26150,26750,25750,26300,192772,0.003816793893129722
2021-07-14,26300,26500,26050,26500,84481,0.0076045627376426506
2021-07-15,26450,26700,25900,26700,141107,0.007547169811320753
2021-07-16,26600,28000,26100,26900,224102,0.0074906367041198685
2021-07-19,26900,27200,26200,26900,84515,0.0
2021-07-20,26600,27300,26550,26900,88575,0.0
2021-07-21,26950,28250,26750,27850,192310,0.03531598513011147
2021-07-22,28000,28800,27400,28300,184651,0.016157989228007263
2021-07-23,28300,29100,27900,29050,126250,0.026501766784452263
2021-07-26,29250,29600,26700,28500,203358,-0.018932874354561147
2021-07-27,28300,28800,26400,28600,163134,0.0035087719298245723
2021-07-28,28100,28600,27900,28600,89668,0.0
2021-07-29,28600,28650,28050,28450,52849,-0.005244755244755206
2021-07-30,28400,29150,27550,28650,143328,0.007029876977152849
2021-08-02,28550,28550,27850,28300,96251,-0.012216404886561949
2021-08-03,28150,28500,27400,28500,119324,0.007067137809187329
2021-08-04,28550,28550,28150,28450,72809,-0.0017543859649122862
2021-08-05,28450,28650,28100,28400,98480,-0.0017574692442882123
2021-08-06,28300,28900,28100,28650,131088,0.008802816901408494
2021-08-09,28750,29300,27750,28400,169110,-0.008726003490401424
2021-08-10,28350,28350,26450,27100,148177,-0.045774647887323994
2021-08-11,26500,27150,19900,20400,1055505,-0.24723247232472323
2021-08-12,19900,20350,19200,19750,452218,-0.031862745098039214
2021-08-13,20050,20450,19000,19700,239200,-0.0025316455696202667
2021-08-17,19200,20300,19200,20000,182654,0.015228426395939021
2021-08-18,20000,20000,19200,19500,103397,-0.025000000000000022
2021-08-19,19050,19300,15000,15500,791414,-0.20512820512820518
2021-08-20,15750,15900,14650,15100,224146,-0.02580645161290318
2021-08-23,15100,19600,15100,19600,1455925,0.29801324503311255
2021-08-24,19600,22800,19300,21100,1264747,0.07653061224489788
2021-08-25,21150,22950,20600,21500,352790,0.018957345971563955
2021-08-26,21500,21500,20250,20250,153511,-0.05813953488372092
2021-08-27,20200,21350,19100,20600,184122,0.01728395061728394
2021-08-30,20350,21400,20050,20350,111956,-0.012135922330097082
2021-08-31,20350,20600,19450,19700,92251,-0.03194103194103193
2021-09-01,19750,19850,18900,19650,81860,-0.0025380710659898
2021-09-02,19500,20150,19100,20100,97457,0.022900763358778553
2021-09-03,20250,20900,19800,20100,102074,0.0
2021-09-06,20000,20400,19750,19850,38264,-0.01243781094527363
2021-09-07,19850,20100,19500,19600,73971,-0.012594458438287104
2021-09-08,19600,19800,19000,19350,27066,-0.012755102040816313
2021-09-09,19350,22050,19350,21600,456914,0.11627906976744184
2021-09-10,21850,24600,21750,24600,621510,0.13888888888888884
2021-09-13,24750,26750,24200,24200,307601,-0.016260162601625994
2021-09-14,24350,25150,22900,24100,163881,-0.004132231404958664
2021-09-15,24100,24950,22700,22950,136992,-0.047717842323651505
2021-09-16,22950,22950,19500,20900,313699,-0.08932461873638342
2021-09-17,20900,20900,19500,19900,172209,-0.04784688995215314
2021-09-23,19850,19850,19000,19500,74258,-0.02010050251256279
2021-09-24,19500,20250,19250,19500,70909,0.0
2021-09-27,19500,19900,19200,19250,78704,-0.012820512820512775
2021-09-28,19200,19200,18100,18450,101613,-0.04155844155844157
2021-09-29,18100,18450,17000,17600,134231,-0.046070460704607075
2021-09-30,17250,18400,17000,17350,125535,-0.014204545454545414
2021-10-01,17350,17600,16500,16700,68005,-0.03746397694524495
2021-10-05,16150,19800,16100,17800,290821,0.06586826347305386
2021-10-06,17550,17850,16150,16500,112392,-0.0730337078651685
2021-10-07,16900,17350,16500,17100,36369,0.036363636363636376
2021-10-08,17400,17800,17150,17250,41859,0.00877192982456143
2021-10-12,17400,17500,16500,16650,32403,-0.034782608695652195
2021-10-13,17100,17100,16500,16650,40866,0.0
2021-10-14,17000,17350,16700,17100,49294,0.027027027027026973
2021-10-15,17150,17300,16700,16900,47438,-0.011695906432748537
2021-10-18,16900,17050,16500,16700,41412,-0.011834319526627168
2021-10-19,16700,17000,16700,16800,28061,0.0059880239520957446
2021-10-20,17100,17100,16500,16550,34769,-0.014880952380952328
2021-10-21,16650,16900,15550,15800,101146,-0.0453172205438066
2021-10-22,15500,16000,15350,15500,65080,-0.01898734177215189
2021-10-25,15500,16300,15350,16100,62958,0.03870967741935494
2021-10-26,16100,16800,16000,16600,50267,0.03105590062111796
2021-10-27,16600,17050,16200,16300,45180,-0.01807228915662651
2021-10-28,16350,18200,16250,16900,148060,0.036809815950920255
2021-10-29,17400,17550,16300,16400,61521,-0.029585798816568087
2021-11-01,16250,16550,16050,16300,37133,-0.0060975609756097615
2021-11-02,16350,16700,16050,16100,34612,-0.012269938650306789
2021-11-03,16100,16350,15700,15950,33272,-0.009316770186335366
2021-11-04,16050,16150,15650,16100,32610,0.00940438871473348
2021-11-05,16100,16400,15700,16200,22867,0.006211180124223503
2021-11-08,16000,16700,15900,16450,17786,0.015432098765432167
2021-11-09,16450,16850,16200,16350,18329,-0.006079027355623046
2021-11-10,16350,16350,15900,15950,17881,-0.024464831804281384
2021-11-11,15850,16150,15550,15950,31285,0.0
2021-11-12,15600,16300,15600,16200,30985,0.01567398119122254
2021-11-15,16200,16300,15800,16150,22351,-0.0030864197530864335
2021-11-16,16050,16350,15850,16000,33090,-0.009287925696594423
2021-11-17,16000,16150,15500,16050,63094,0.0031250000000000444
2021-11-18,16050,16150,15550,16000,31116,-0.0031152647975077885
2021-11-19,15900,16350,15400,16050,35690,0.0031250000000000444
2021-11-22,16050,16800,15750,16550,45300,0.031152647975077885
2021-11-23,16550,16900,16250,16450,36309,-0.0060422960725075026
2021-11-24,16550,16550,16150,16450,28076,0.0
2021-11-25,16350,16450,15900,16150,27283,-0.018237082066869248
2021-11-26,16150,16550,15900,16500,50541,0.021671826625387025
2021-11-29,15600,16550,15600,16550,40252,0.003030303030302939
2021-11-30,16550,16550,15900,16000,26689,-0.033232628398791486
2021-12-01,16000,16200,15400,15800,78986,-0.012499999999999956
2021-12-02,15750,15750,15300,15300,75977,-0.03164556962025311
2021-12-03,15150,15950,15150,15950,104088,0.042483660130719025
2021-12-06,15950,15950,15450,15550,122603,-0.025078369905956133
2021-12-07,15550,15800,15450,15800,27298,0.016077170418006492
2021-12-08,15800,16050,15600,15750,27896,-0.0031645569620253333
2021-12-09,15700,15850,15500,15700,61998,-0.0031746031746031633
2021-12-10,15700,16100,15600,16100,42454,0.02547770700636942
2021-12-13,16100,16300,15500,15700,71252,-0.024844720496894457
2021-12-14,15700,15700,15400,15600,27990,-0.006369426751592355
2021-12-15,15600,15900,15250,15850,33557,0.01602564102564097
2021-12-16,16050,16150,15800,16100,49312,0.01577287066246047
2021-12-17,16150,16400,16050,16200,28539,0.006211180124223503
2021-12-20,16100,16100,15450,15800,49790,-0.024691358024691357
2021-12-21,15800,15950,15650,15850,20277,0.0031645569620253333
2021-12-22,16100,17200,15850,16600,107104,0.04731861198738163
2021-12-23,17150,17450,16650,17250,86668,0.03915662650602414
2021-12-24,17250,17900,17050,17450,73160,0.011594202898550732
2021-12-27,17200,17400,16700,16900,73178,-0.03151862464183386
2021-12-28,17050,17400,16700,17000,45970,0.00591715976331364
2021-12-29,17050,17100,16750,16800,15011,-0.0117647058823529
2021-12-30,16800,16900,16500,16800,30488,0.0
2022-01-03,16350,16450,15700,16300,52420,-0.029761904761904767
2022-01-04,16300,16500,15950,16150,84033,-0.009202453987730008
2022-01-05,16100,16250,15750,16100,38978,-0.003095975232198178
2022-01-06,15750,16000,15550,15550,53804,-0.03416149068322982
2022-01-07,15500,15800,15150,15600,28708,0.003215434083601254
2022-01-10,15500,15600,14800,14800,92193,-0.05128205128205132
2022-01-11,14800,14900,13600,13950,136739,-0.057432432432432456
2022-01-12,13950,17500,13950,16100,653227,0.15412186379928317
2022-01-13,16100,18600,16100,17200,417444,0.06832298136645965
2022-01-14,17250,17350,16500,17000,78946,-0.011627906976744207
2022-01-17,16800,18050,16450,17950,161077,0.055882352941176494
2022-01-18,18250,18500,17400,17500,125903,-0.02506963788300831
2022-01-19,17300,17850,16700,17650,63222,0.008571428571428674
2022-01-20,17250,17400,16650,17000,60516,-0.03682719546742208
2022-01-21,16800,17500,16450,16650,51243,-0.020588235294117685
2022-01-24,16650,16650,15600,15850,63651,-0.048048048048048075
2022-01-25,15650,16400,15350,15650,52803,-0.012618296529968487
2022-01-26,15650,16400,15600,15700,27394,0.0031948881789136685
2022-01-27,15650,16000,15050,15250,53940,-0.0286624203821656
2022-01-28,15950,16350,15000,15750,32038,0.032786885245901676
2022-02-03,16000,16400,16000,16250,18640,0.031746031746031855
2022-02-04,16250,16650,16250,16500,16874,0.01538461538461533
2022-02-07,16500,16700,16300,16350,11012,-0.009090909090909038
2022-02-08,16350,16550,16000,16050,14406,-0.01834862385321101
2022-02-09,16100,16450,16050,16200,11385,0.009345794392523255
2022-02-10,16150,16300,15800,16000,11382,-0.012345679012345734
2022-02-11,15600,15950,15500,15600,15675,-0.025000000000000022
2022-02-14,15100,15100,14700,14800,39280,-0.05128205128205132
2022-02-15,14600,15250,14600,14800,11393,0.0
2022-02-16,15150,15600,15050,15450,9731,0.04391891891891886
2022-02-17,15450,15650,15250,15450,14306,0.0
2022-02-18,15450,15450,15150,15400,5467,-0.003236245954692518
2022-02-21,15750,15750,15100,15450,12644,0.0032467532467532756
2022-02-22,15200,15200,14900,14900,9970,-0.035598705501618144
2022-02-23,14750,15150,14750,15050,11423,0.010067114093959662
2022-02-24,15050,15050,14550,14850,17834,-0.013289036544850474
2022-02-25,14800,15100,14400,14650,17978,-0.013468013468013518
2022-02-28,14650,14800,14400,14550,12626,-0.0068259385665528916
2022-03-02,14650,14850,14500,14750,11256,0.013745704467353903
2022-03-03,14850,14950,14600,14850,10656,0.006779661016949046
2022-03-04,14800,14800,14500,14650,5644,-0.013468013468013518
2022-03-07,14650,14650,14150,14300,8082,-0.023890784982935176
2022-03-08,14300,14300,13700,13900,18328,-0.027972027972028024
2022-03-10,13850,14200,13850,14100,5500,0.014388489208633004
2022-03-11,14200,14350,14000,14200,7201,0.007092198581560183
2022-03-14,14200,14200,13850,13850,6112,-0.02464788732394363
2022-03-15,13750,14050,13750,13850,7197,0.0
2022-03-16,13850,14100,13800,14000,4511,0.010830324909747224
2022-03-17,14050,14250,13900,14050,10150,0.0035714285714285587
2022-03-18,14150,14450,14000,14300,13424,0.017793594306049876
2022-03-21,14300,14450,14100,14350,8502,0.0034965034965035446
2022-03-22,14350,14450,14100,14300,12058,-0.0034843205574912606
2022-03-23,14150,14450,14000,14200,21715,-0.006993006993006978
2022-03-24,14200,14250,14050,14150,8456,-0.0035211267605633756
2022-03-25,14200,14550,14050,14200,16431,0.0035335689045936647
2022-03-28,14250,14250,14000,14100,14375,-0.007042253521126751
2022-03-29,14100,14150,13900,14000,19186,-0.007092198581560294
2022-03-30,14000,14150,13900,14150,15225,0.010714285714285676
2022-03-31,14150,14200,14000,14150,5450,0.0
2022-04-01,14050,14100,13950,13950,10402,-0.014134275618374548
2022-04-04,13850,14200,13850,14050,10175,0.007168458781362075
2022-04-05,14050,14600,14000,14350,24121,0.021352313167259718
2022-04-06,14600,14600,13950,14250,23850,-0.006968641114982632
2022-04-07,14000,14050,13850,14000,13283,-0.01754385964912286
2022-04-08,13900,14550,13900,14250,20771,0.017857142857142794
2022-04-11,14250,14350,13900,14200,19697,-0.0035087719298245723
2022-04-12,14150,14150,13900,14000,11113,-0.014084507042253502
2022-04-13,14000,14250,13900,14250,15477,0.017857142857142794
2022-04-14,14350,14400,14050,14250,6462,0.0
2022-04-15,14250,14250,14000,14100,11247,-0.010526315789473717
2022-04-18,13950,14250,13950,14150,12365,0.0035460992907800915
2022-04-19,14050,14200,14000,14200,9727,0.0035335689045936647
2022-04-20,14200,14350,14000,14050,11706,-0.010563380281690127
2022-04-21,14000,14200,13950,14150,14364,0.007117437722419906
2022-04-22,14150,14250,13900,13950,10759,-0.014134275618374548
2022-04-25,13850,13900,13100,13250,37682,-0.05017921146953408
2022-04-26,13300,13450,13200,13350,12355,0.007547169811320753
2022-04-27,13150,13150,12600,13000,15233,-0.02621722846441943
2022-04-28,13000,13150,12550,12750,17705,-0.019230769230769273
2022-04-29,13000,13000,12650,12800,13575,0.0039215686274509665
2022-05-02,12850,13150,12750,13150,6715,0.02734375
2022-05-03,13150,16850,12850,14500,412891,0.102661596958175
2022-05-04,14800,14950,14000,14300,67646,-0.01379310344827589
2022-05-06,14250,14300,13750,13950,35340,-0.02447552447552448
2022-05-09,13750,13900,13250,13500,23786,-0.032258064516129004
2022-05-10,13300,13550,12800,13500,19396,0.0
2022-05-11,13300,13550,13200,13350,9456,-0.011111111111111072
2022-05-12,13150,13450,12800,12850,22523,-0.03745318352059923
2022-05-13,12950,13250,12850,13250,17806,0.03112840466926059
2022-05-16,13150,13650,13050,13050,8901,-0.015094339622641506
2022-05-17,13050,13250,13050,13150,10066,0.00766283524904221
2022-05-18,13200,13350,13000,13250,7728,0.0076045627376426506
2022-05-19,13100,13100,12800,12900,9781,-0.026415094339622636
2022-05-20,12650,13200,12650,13100,10829,0.015503875968992276
2022-05-23,13450,13450,12750,13000,14389,-0.007633587786259555
2022-05-24,12900,13000,12750,12900,10417,-0.007692307692307665
2022-05-25,12900,13050,12700,12850,14615,-0.003875968992248069
2022-05-26,13050,13200,12850,13000,12466,0.011673151750972721
2022-05-27,13200,13200,12900,12950,4144,-0.0038461538461538325
2022-05-30,13000,13150,12900,13000,8417,0.0038610038610038533
2022-05-31,12950,13300,12950,13200,10022,0.01538461538461533
2022-06-02,13300,13300,13000,13200,6578,0.0
2022-06-03,13300,13500,13000,13400,15738,0.015151515151515138
2022-06-07,13150,13350,12900,12950,7398,-0.03358208955223885
2022-06-08,12950,13050,12800,13000,11168,0.0038610038610038533
2022-06-09,12900,13050,12800,13000,7153,0.0
2022-06-10,13000,13000,12750,13000,4827,0.0
2022-06-13,12950,12950,12150,12200,27793,-0.06153846153846154
2022-06-14,11700,12150,11650,11950,19196,-0.020491803278688492
2022-06-15,11950,11950,11150,11500,22234,-0.03765690376569042
2022-06-16,11450,12300,11250,11250,15680,-0.021739130434782594
2022-06-17,10800,11400,10800,11350,14595,0.008888888888888946
2022-06-20,11200,11350,9920,9970,95397,-0.12158590308370043
2022-06-21,10050,12650,9950,10700,487529,0.07321965897693072
2022-06-22,10650,10850,9980,10000,53287,-0.06542056074766356
2022-06-23,10000,10200,9470,9470,49918,-0.05300000000000005
2022-06-24,9430,10050,9430,10050,23119,0.06124604012671586
2022-06-27,10200,10400,9940,10250,19036,0.01990049751243772
2022-06-28,10150,10500,10100,10400,14315,0.014634146341463428
2022-06-29,10300,11750,10200,11050,82235,0.0625
2022-06-30,11150,11350,10650,11000,27728,-0.004524886877828038
2022-07-01,10650,10900,10500,10750,15517,-0.022727272727272707
2022-07-04,10750,10900,10200,10400,16676,-0.032558139534883734
2022-07-05,10500,10700,10300,10700,9887,0.028846153846153744
2022-07-06,10800,10800,10300,10400,6083,-0.028037383177570097
2022-07-07,10500,10950,10400,10500,8462,0.009615384615384581
2022-07-08,10500,10650,10450,10600,5348,0.00952380952380949
2022-07-11,10700,11050,10600,10800,13313,0.018867924528301883
2022-07-12,10800,10950,10450,10500,5077,-0.02777777777777779
2022-07-13,10500,10800,10400,10500,7562,0.0
2022-07-14,10750,10750,10350,10700,11830,0.01904761904761898
2022-07-15,10800,10800,10400,10700,7054,0.0
2022-07-18,10950,10950,10550,10800,7301,0.009345794392523255
2022-07-19,10800,10950,10550,10700,3350,-0.0092592592592593
2022-07-20,11100,11100,10650,10850,12205,0.014018691588784993
2022-07-21,10750,10900,10750,10900,7063,0.004608294930875667
2022-07-22,10800,11000,10750,10850,3609,-0.004587155963302725
2022-07-25,10650,10850,10400,10500,34657,-0.032258064516129004
2022-07-26,10600,10600,10300,10500,7860,0.0
2022-07-27,10500,10500,10350,10500,1888,0.0
2022-07-28,10600,10600,10300,10350,14653,-0.014285714285714235
2022-07-29,10350,10450,10250,10350,6214,0.0
2022-08-01,10450,10450,10250,10400,8118,0.004830917874396157
2022-08-02,10350,10400,10250,10350,4664,-0.004807692307692291
2022-08-03,10350,10400,10250,10350,6910,0.0
2022-08-04,10350,10500,10300,10400,11318,0.004830917874396157
2022-08-05,10400,10600,10400,10500,7929,0.009615384615384581
2022-08-08,10500,10650,10450,10550,6867,0.004761904761904745
2022-08-09,10500,10600,10300,10450,7810,-0.009478672985781977
2022-08-10,10450,10650,10350,10550,5644,0.009569377990430672
2022-08-11,10550,10950,10550,10750,16527,0.018957345971563955
2022-08-12,10900,10950,10650,10900,8019,0.013953488372093092
2022-08-16,10900,11000,10700,10800,11749,-0.00917431192660545
2022-08-17,10900,13900,10900,12600,1502097,0.16666666666666674
2022-08-18,12400,13400,12250,12550,300082,-0.003968253968253954
2022-08-19,12450,12550,11950,12200,79965,-0.027888446215139417
2022-08-22,11900,13600,11850,12750,503228,0.04508196721311486
2022-08-23,12750,13300,12500,12950,149000,0.015686274509803866
2022-08-24,13000,14250,12600,12650,207937,-0.02316602316602312
2022-08-25,12850,13300,12650,12700,102567,0.0039525691699604515
2022-08-26,12850,12900,12550,12600,66579,-0.007874015748031482
2022-08-29,12200,12200,11700,12100,30393,-0.03968253968253965
2022-08-30,12050,14600,12050,13100,1061961,0.0826446280991735
2022-08-31,13050,13450,12850,13150,106271,0.003816793893129722
2022-09-01,13100,14050,13000,13100,241204,-0.0038022813688213253
2022-09-02,13000,13700,13000,13350,103380,0.01908396946564883
2022-09-05,13350,13700,12700,12950,75334,-0.029962546816479363
2022-09-06,12850,13300,12800,13200,49904,0.019305019305019266
2022-09-07,13200,13600,13100,13450,68171,0.018939393939394034
2022-09-08,13550,13850,13300,13800,76587,0.026022304832713727
2022-09-13,13950,13950,13450,13650,60260,-0.010869565217391353
2022-09-14,13100,13500,12900,13300,40060,-0.02564102564102566
2022-09-15,13450,13500,12800,12800,46358,-0.03759398496240607
2022-09-16,12750,12750,12150,12250,52870,-0.04296875
2022-09-19,12250,12250,11800,11900,108583,-0.02857142857142858
2022-09-20,11900,12350,11800,12100,20042,0.01680672268907557
2022-09-21,12100,13100,12050,12550,56005,0.037190082644628086
2022-09-22,12350,12350,11900,12150,21658,-0.031872509960159334
2022-09-23,12250,12350,11100,11600,38483,-0.04526748971193417
2022-09-26,11400,11450,10700,11050,25309,-0.04741379310344829
2022-09-27,10800,11150,10650,10850,19296,-0.018099547511312264
2022-09-28,10750,11000,10150,10150,24348,-0.06451612903225812
2022-09-29,10200,10450,9990,10050,22013,-0.009852216748768461
2022-09-30,9650,10250,9650,10250,19309,0.01990049751243772
2022-10-04,10150,10400,10050,10400,17270,0.014634146341463428
2022-10-05,10550,10650,10250,10250,14449,-0.014423076923076872
2022-10-06,10250,10700,10250,10600,7727,0.034146341463414664
2022-10-07,10450,10900,10400,10600,6208,0.0
2022-10-11,10600,10600,9900,9930,19757,-0.06320754716981136
2022-10-12,9910,10100,9820,10100,4317,0.017119838872104776
2022-10-13,9960,9980,9530,9540,16590,-0.055445544554455495
2022-10-14,9540,9730,9500,9570,37441,0.003144654088050425
2022-10-17,9560,9670,9380,9670,8635,0.010449320794148287
2022-10-18,9670,9840,9630,9750,8667,0.008273009307135482
2022-10-19,9900,10200,9750,9770,13979,0.002051282051282133
2022-10-20,9900,9930,9680,9700,5883,-0.007164790174002067
2022-10-21,9900,10850,9720,9910,38194,0.021649484536082397
2022-10-24,10250,10250,9970,9990,15974,0.008072653884964698
2022-10-25,10200,10300,9990,10100,11076,0.011011011011011096
2022-10-26,10200,10300,10000,10150,6644,0.004950495049504955
2022-10-27,10200,10350,10050,10150,8980,0.0
2022-10-28,10150,11550,10050,10900,147033,0.07389162561576357
2022-10-31,11050,11150,10550,10700,16806,-0.01834862385321101
2022-11-01,10700,10800,10550,10750,10735,0.004672897196261738
2022-11-02,10700,10900,10250,10400,31908,-0.032558139534883734
2022-11-03,10300,10400,10200,10400,4214,0.0
2022-11-04,10150,10450,10150,10400,6115,0.0
2022-11-07,10400,10500,10300,10400,7341,0.0
2022-11-08,10350,10750,10350,10550,12993,0.014423076923076872
2022-11-09,10500,10750,10500,10550,12550,0.0
2022-11-10,10500,10600,10400,10600,5123,0.004739336492890933
2022-11-11,10750,11000,10700,10800,16414,0.018867924528301883
2022-11-14,10850,11150,10650,11050,20740,0.02314814814814814
2022-11-15,11050,11150,10850,11100,13189,0.004524886877828038
2022-11-16,11150,11500,11050,11100,28426,0.0
2022-11-17,11300,11300,10850,11000,13812,-0.009009009009009028
2022-11-18,11000,11550,11000,11150,22441,0.013636363636363669
2022-11-21,11150,11150,10850,10850,10363,-0.026905829596412523
2022-11-22,10800,10900,10500,10600,22862,-0.02304147465437789
2022-11-23,10600,10900,10600,10800,7739,0.018867924528301883
2022-11-24,10950,11100,10750,10900,8511,0.0092592592592593
2022-11-25,10900,11000,10750,10900,6534,0.0
2022-11-28,10850,10850,10500,10550,8044,-0.032110091743119296
2022-11-29,10500,10750,10450,10600,8406,0.004739336492890933
2022-11-30,10750,10800,10600,10600,6869,0.0
2022-12-01,10700,10900,10700,10750,6861,0.014150943396226356
2022-12-02,10750,10900,10650,10800,6400,0.0046511627906977715
2022-12-05,10700,10900,10550,10700,8750,-0.0092592592592593
2022-12-06,10650,10700,10450,10500,7026,-0.01869158878504673
2022-12-07,10450,10600,10350,10350,13351,-0.014285714285714235
2022-12-08,10350,10550,10300,10450,6092,0.009661835748792313
2022-12-09,10450,10550,10400,10400,3594,-0.004784688995215336
2022-12-12,10400,10550,10350,10400,4394,0.0
2022-12-13,10350,10550,10300,10350,5139,-0.004807692307692291
2022-12-14,10550,10550,10350,10500,6330,0.01449275362318847
2022-12-15,10500,10500,10350,10400,5899,-0.00952380952380949
2022-12-16,10250,10400,10200,10250,3375,-0.014423076923076872
2022-12-19,10600,10600,10050,10100,15932,-0.014634146341463428
2022-12-20,10000,10200,9990,10150,11023,0.004950495049504955
2022-12-21,10150,10150,9980,10050,7918,-0.009852216748768461
2022-12-22,10100,10100,9950,10000,5710,-0.00497512437810943
2022-12-23,9820,9930,9820,9880,10209,-0.01200000000000001
2022-12-26,9930,9930,9610,9630,11255,-0.0253036437246964
2022-12-27,9700,9780,9600,9650,4372,0.0020768431983384517
2022-12-28,9650,9930,9630,9750,4861,0.010362694300518172
2022-12-29,9700,9750,9380,9750,8164,0.0
2023-01-02,9750,9800,9420,9680,5468,-0.007179487179487132
2023-01-03,9600,9730,9460,9690,4338,0.0010330578512396382
2023-01-04,9430,9740,9430,9740,5230,0.005159958720330149
2023-01-05,9740,9780,9670,9780,2325,0.004106776180698102
2023-01-06,9780,9820,9600,9760,9953,-0.002044989775051076
2023-01-09,9750,9840,9740,9840,8280,0.008196721311475308
2023-01-10,9790,10350,9770,9940,10961,0.010162601626016343
2023-01-11,9860,9990,9860,9880,10210,-0.006036217303822977
2023-01-12,10000,10000,9850,9920,8973,0.004048582995951344
2023-01-13,9990,9990,9840,9980,6855,0.006048387096774244
2023-01-16,9930,10000,9930,9980,3009,0.0
2023-01-17,9980,9980,9850,9950,7303,-0.0030060120240480437
2023-01-18,9880,9930,9810,9860,5368,-0.009045226130653283
2023-01-19,9840,9920,9780,9880,4141,0.0020283975659229903
2023-01-20,9880,10000,9830,9990,4718,0.011133603238866474
2023-01-25,9990,10100,9950,10040,7761,0.005005005005005003
2023-01-26,10040,10090,9930,10070,10743,0.0029880478087649376
2023-01-27,10070,10150,10070,10120,4103,0.0049652432969216065
2023-01-30,10150,10150,10050,10070,4338,-0.004940711462450564
2023-01-31,10070,10090,9970,9970,7075,-0.009930486593843102
2023-02-01,9850,9990,9800,9850,25554,-0.012036108324974926
2023-02-02,9990,9990,9810,9960,9630,0.01116751269035543
2023-02-03,9920,10040,9920,10010,5608,0.005020080321285203
2023-02-06,9940,10010,9890,9950,7811,-0.005994005994006013
2023-02-07,9880,10000,9880,9970,2998,0.0020100502512563345
2023-02-08,10000,10050,9930,10030,16643,0.006018054162487463
2023-02-09,10000,10140,9940,9980,8103,-0.004985044865403743
2023-02-10,9990,10010,9910,9980,8980,0.0
2023-02-13,9970,10010,9950,10000,4320,0.002004008016031955
2023-02-14,10010,10220,10000,10220,13435,0.02200000000000002
2023-02-15,10220,10230,9940,9980,10689,-0.023483365949119372
2023-02-16,9950,10090,9950,9980,6150,0.0
2023-02-17,9980,10100,9950,10070,8118,0.009018036072144353
2023-02-20,10070,10130,9980,10070,4656,0.0
2023-02-21,10580,12700,10430,11350,1616084,0.12711022840119157
2023-02-22,11360,14300,11180,11950,2434621,0.052863436123347984
2023-02-23,12100,12800,11520,11650,572249,-0.025104602510460206
2023-02-24,11750,11770,11050,11060,200437,-0.050643776824034314
2023-02-27,11080,12150,10760,11190,436731,0.011754068716093968
2023-02-28,11340,11950,11210,11330,216398,0.01251117068811447
2023-03-02,11390,11800,11370,11510,132407,0.015887025595763493
2023-03-03,11570,11700,11410,11590,80145,0.0069504778453519656
2023-03-06,11780,11970,11350,11610,111296,0.0017256255392579245
2023-03-07,11660,11660,11430,11530,50803,-0.006890611541774283
2023-03-08,11410,11410,11150,11220,47693,-0.026886383347788367
2023-03-09,11330,11360,11060,11100,36549,-0.010695187165775444
2023-03-10,11070,11270,10900,10900,25894,-0.018018018018018056
2023-03-13,10750,10970,10400,10940,43665,0.003669724770642091
2023-03-14,10790,10790,10300,10300,43000,-0.058500914076782484
2023-03-15,10410,10870,10410,10860,29437,0.05436893203883497
2023-03-16,10870,11070,10620,11000,25840,0.012891344383057168
2023-03-17,11130,11250,10910,11010,41011,0.0009090909090909705
2023-03-20,11130,11280,10620,11200,39501,0.0172570390554041
2023-03-21,11210,11370,11200,11320,29976,0.010714285714285676
2023-03-22,11390,11400,11050,11170,29508,-0.013250883392226132
2023-03-23,11000,11230,10910,10980,29762,-0.017009847806624845
