Date,Open,High,Low,Close,Volume,Change
2015-01-02,5153,5163,5057,5125,8545,0.005690737833595083
2015-01-05,5037,5163,4921,4941,23723,-0.035902439024390276
2015-01-06,4844,4921,4844,4874,19676,-0.013560008095527265
2015-01-07,4825,4873,4815,4845,26726,-0.005949938448912562
2015-01-08,4844,4912,4825,4883,10147,0.007843137254901933
2015-01-09,4921,4989,4921,4961,13156,0.01597378660659432
2015-01-12,4921,4941,4912,4932,6841,-0.005845595646039148
2015-01-13,4854,4950,4854,4893,9231,-0.007907542579075444
2015-01-14,4941,5008,4941,5009,5407,0.02370733701205796
2015-01-15,5028,5028,4873,4883,7371,-0.025154721501297717
2015-01-16,4864,4873,4844,4854,14652,-0.005938971943477367
2015-01-19,4902,4921,4864,4912,5318,0.011948908117016988
2015-01-20,4912,4921,4883,4912,3322,0.0
2015-01-21,4941,4970,4825,4845,14272,-0.013640065146579783
2015-01-22,4892,4892,4815,4835,12362,-0.0020639834881320818
2015-01-23,4892,4979,4892,4961,9757,0.026059979317476722
2015-01-26,4970,5085,4921,5067,10935,0.021366659947591238
2015-01-27,5095,5124,5018,5018,17409,-0.00967041641997235
2015-01-28,5018,5085,5018,5047,5234,0.005779194898365869
2015-01-29,5076,5085,5018,5067,13318,0.003962750148603034
2015-01-30,5153,5250,5124,5211,21430,0.02841918294849033
2015-02-02,5163,5240,5124,5182,23755,-0.005565150642870886
2015-02-03,5211,5211,5124,5163,11166,-0.0036665380162099748
2015-02-04,5230,5259,5182,5192,9754,0.0056168894053845175
2015-02-05,5250,5250,5172,5221,48504,0.005585516178736594
2015-02-06,5240,5250,5182,5202,6259,-0.00363914958820144
2015-02-09,5259,5259,5172,5173,6479,-0.005574778931180302
2015-02-10,5221,5221,5124,5144,10991,-0.005606031316450766
2015-02-11,5143,5192,5134,5173,18624,0.005637636080870978
2015-02-12,5143,5192,5085,5125,14345,-0.009278948385849639
2015-02-13,5172,5221,5134,5202,28057,0.015024390243902452
2015-02-16,5211,5211,5124,5211,11122,0.0017301038062282892
2015-02-17,5240,5240,5172,5211,5180,0.0
2015-02-23,5211,5259,5163,5163,29843,-0.00921128382268277
2015-02-24,5221,5221,5105,5154,18108,-0.0017431725740848503
2015-02-25,5192,5278,5143,5279,45197,0.024253007372914137
2015-02-26,5269,5278,5250,5279,17896,0.0
2015-02-27,5278,5423,5278,5404,52509,0.02367872703163476
2015-03-02,5356,5529,5356,5530,44593,0.023316062176165886
2015-03-03,5520,5607,5500,5549,24140,0.0034358047016274096
2015-03-04,5549,5568,5481,5482,23102,-0.012074247612182343
2015-03-05,5481,5568,5452,5501,9365,0.00346588836191164
2015-03-06,5500,5771,5500,5771,46575,0.049081985093619274
2015-03-09,5693,5732,5626,5655,28939,-0.02010050251256279
2015-03-10,5732,5732,5597,5607,14105,-0.008488063660477496
2015-03-11,5549,5607,5481,5569,18483,-0.00677724273229896
2015-03-12,5626,5732,5568,5646,26420,0.013826539773747593
2015-03-13,5684,5829,5684,5742,45249,0.01700318809776835
2015-03-16,5722,5761,5597,5675,22142,-0.011668408220132376
2015-03-17,5674,5983,5674,5935,69704,0.04581497797356837
2015-03-18,5935,6128,5935,6061,41487,0.021229991575400176
2015-03-19,6186,6253,6118,6205,96165,0.023758455700379377
2015-03-20,6128,6244,6128,6215,35193,0.0016116035455278066
2015-03-23,6253,6466,6253,6341,87785,0.020273531777956544
2015-03-24,6321,6417,6321,6379,31075,0.005992745623718765
2015-03-25,6379,6591,6369,6514,149018,0.021163191722840535
2015-03-26,6437,6475,6379,6427,31888,-0.013355848940743043
2015-03-27,6456,6466,6340,6418,27488,-0.0014003423058970288
2015-03-30,6417,6659,6273,6659,128337,0.037550638828295346
2015-03-31,6707,6881,6688,6746,132379,0.01306502477849536
2015-04-01,6745,6755,6659,6736,70030,-0.0014823599169878632
2015-04-02,6765,6784,6659,6717,54380,-0.0028206650831353874
2015-04-03,6765,7045,6716,7045,244128,0.048831323507518176
2015-04-06,7131,7141,6938,7132,258095,0.01234918381831096
2015-04-07,7170,7238,7093,7228,156174,0.01346045989904665
2015-04-08,7228,7595,7141,7566,168953,0.046762589928057485
2015-04-09,7682,8077,7672,7875,371831,0.040840602696272876
2015-04-10,8019,8367,8019,8242,413092,0.046603174603174535
2015-04-13,8531,9023,8492,8888,596823,0.07837903421499637
2015-04-14,8878,8888,8135,8541,451615,-0.039041404140414016
2015-04-15,8627,8724,8347,8647,195464,0.012410724739491785
2015-04-16,8714,8762,8290,8435,180185,-0.024517173586214858
2015-04-17,8328,8463,8251,8319,117735,-0.013752222880853537
2015-04-20,8145,8367,8019,8358,114483,0.004688063469167059
2015-04-21,8579,8589,8367,8367,146814,0.001076812634601687
2015-04-22,8492,8936,8299,8657,328607,0.034659973706226754
2015-04-23,8820,8869,8569,8715,196875,0.006699780524431098
2015-04-24,8705,8762,8415,8444,204093,-0.031095811818703356
2015-04-27,8396,8608,8309,8483,48380,0.004618664140217943
2015-04-28,8425,8685,8405,8541,86470,0.006837203819403559
2015-04-29,8550,8589,8174,8377,137291,-0.019201498653553473
2015-04-30,8376,8444,8203,8387,78923,0.0011937447773666676
2015-05-04,8396,8425,8154,8222,66956,-0.019673303922737584
2015-05-06,8010,8039,7431,7479,212546,-0.09036730722451958
2015-05-07,7411,7537,7257,7450,106859,-0.003877523733119448
2015-05-08,7489,7546,7402,7528,53707,0.010469798657718021
2015-05-11,7672,7817,7672,7711,107003,0.024309245483528086
2015-05-12,7575,7691,7382,7460,56745,-0.03255090130981719
2015-05-13,7431,7797,7431,7701,122389,0.03230563002680964
2015-05-14,7710,7826,7662,7798,85860,0.012595766783534579
2015-05-15,7884,7913,7527,7528,58291,-0.034624262631443914
2015-05-18,7537,7585,7431,7566,30350,0.005047821466525049
2015-05-19,7604,7653,7411,7566,44199,0.0
2015-05-20,7614,7836,7566,7750,65351,0.024319323288395367
2015-05-21,7778,7778,7566,7605,23648,-0.01870967741935481
2015-05-22,7614,7720,7604,7692,15679,0.011439842209072904
2015-05-26,7672,7672,7247,7431,45702,-0.033931357254290195
2015-05-27,7373,7373,7199,7315,38160,-0.015610281254205383
2015-05-28,7431,7431,7189,7190,32590,-0.01708817498291182
2015-05-29,7141,7286,7141,7190,9600,0.0
2015-06-01,7151,7151,6881,7142,57355,-0.006675938803894277
2015-06-02,7102,7315,7074,7171,17150,0.004060487258471079
2015-06-03,7209,7353,7093,7267,34862,0.013387254218379496
2015-06-04,7527,7527,7218,7219,66462,-0.006605201596257104
2015-06-05,7025,7209,7025,7064,20172,-0.02147111788336331
2015-06-08,7064,7431,6977,7431,79325,0.05195356738391843
2015-06-09,7460,7460,7286,7364,21877,-0.009016283138204795
2015-06-10,7469,7469,7305,7354,42209,-0.0013579576317218622
2015-06-11,7402,7460,7199,7219,58127,-0.018357356540658176
2015-06-12,7218,7431,7122,7190,77180,-0.0040171768943066954
2015-06-15,7131,7228,7054,7132,23916,-0.008066759388038913
2015-06-16,7064,7151,6967,6997,32053,-0.0189287717330342
2015-06-17,7112,7122,6948,7084,21244,0.012433900242961204
2015-06-18,7122,7238,7122,7209,50262,0.01764539808018073
2015-06-19,7382,7595,7334,7537,165647,0.045498682202802065
2015-06-22,7537,7575,7363,7441,22671,-0.0127371633275839
2015-06-23,7604,7817,7537,7701,78218,0.03494154011557593
2015-06-24,7788,8598,7701,8213,295972,0.06648487209453324
2015-06-25,8299,8309,7720,8232,128846,0.0023134055765250405
2015-06-26,8232,8232,8000,8107,44851,-0.01518464528668606
2015-06-29,7923,7923,7604,7605,71088,-0.06192179597878378
2015-06-30,7469,7643,7411,7643,50330,0.004996712689020466
2015-07-01,7624,7923,7334,7923,51778,0.036634829255527857
2015-07-02,7952,8039,7826,7827,56985,-0.012116622491480489
2015-07-03,7904,8183,7817,7981,187620,0.019675482304842173
2015-07-06,7768,7942,7489,7557,87405,-0.05312617466482894
2015-07-07,7653,7691,7334,7431,93255,-0.01667328304882887
2015-07-08,7450,7508,7315,7335,32526,-0.01291885345175614
2015-07-09,7334,7402,6977,7373,59956,0.005180640763462918
2015-07-10,7382,7382,7247,7335,21809,-0.005153940051539352
2015-07-13,7334,7759,7276,7711,46896,0.05126107702794824
2015-07-14,7932,7932,7701,7701,28228,-0.0012968486577615845
2015-07-15,7990,8241,7971,8087,237235,0.050123360602519096
2015-07-16,8569,8569,8068,8271,199088,0.02275256584642027
2015-07-17,8347,8347,7990,8010,84712,-0.031556039173014194
2015-07-20,7961,8125,7836,7875,75237,-0.016853932584269704
2015-07-21,7884,8087,7875,7981,45383,0.013460317460317395
2015-07-22,7855,7932,7739,7769,39385,-0.026563087332414526
2015-07-23,7778,7913,7575,7914,59054,0.018663920710516146
2015-07-24,7788,7797,7643,7643,84326,-0.03424311346980036
2015-07-27,7508,7614,7334,7383,38957,-0.0340180557372759
2015-07-28,7257,7720,7247,7470,24339,0.011783827712312123
2015-07-29,7527,7556,7276,7277,11904,-0.025836680053547556
2015-07-30,7411,7411,7238,7248,18142,-0.003985158719252424
2015-07-31,7199,7402,7199,7402,8865,0.02124724061810146
2015-08-03,7382,7450,7324,7421,16199,0.0025668738178870054
2015-08-04,7421,7489,7382,7383,10213,-0.005120603692224779
2015-08-05,7305,7440,7305,7364,7570,-0.002573479615332497
2015-08-06,7373,7633,7363,7508,49454,0.01955458989679526
2015-08-07,7508,7508,7363,7383,6760,-0.016648907831646298
2015-08-10,7344,7344,7257,7277,24556,-0.01435730732764462
2015-08-11,7353,7411,6871,6871,25048,-0.05579222206953416
2015-08-12,6813,6890,6591,6707,65782,-0.023868432542570206
2015-08-13,6639,6794,6639,6756,12132,0.007305799910541255
2015-08-17,6832,6861,6794,6842,11101,0.01272942569567781
2015-08-18,6852,6881,6610,6630,31337,-0.03098509207833966
2015-08-19,6427,6514,6398,6476,37639,-0.023227752639517374
2015-08-20,6523,6581,6379,6553,12156,0.011890055589870219
2015-08-21,6292,6494,6186,6370,59117,-0.027926140698916524
2015-08-24,6321,6475,6051,6128,52916,-0.037990580847723665
2015-08-25,6244,6456,6108,6447,28998,0.052056135770234935
2015-08-26,6446,6581,6330,6563,19905,0.01799286489840246
2015-08-27,6591,6736,6398,6408,32427,-0.02361724820966027
2015-08-28,6466,6572,6466,6505,24888,0.015137328339575484
2015-08-31,6475,6475,6330,6350,74150,-0.023827824750192184
2015-09-01,6417,6417,6282,6312,15391,-0.00598425196850394
2015-09-02,6186,6388,6186,6389,7790,0.012198986058301609
2015-09-03,6388,6427,6215,6283,23182,-0.016591015808420706
2015-09-04,6282,6350,6234,6234,8272,-0.007798822218685331
2015-09-07,6253,6301,6176,6177,10825,-0.009143407122232938
2015-09-08,6186,6224,6031,6041,16235,-0.02201716043386759
2015-09-09,6089,6446,6089,6447,22723,0.0672074159907301
2015-09-10,6359,6649,6350,6563,41499,0.01799286489840246
2015-09-11,6446,6581,6446,6534,7611,-0.004418710955355731
2015-09-14,6572,6572,6379,6485,10716,-0.007499234771962016
2015-09-15,6427,6630,6427,6534,10169,0.007555898226677016
2015-09-16,6572,6823,6572,6785,74488,0.0384144475053565
2015-09-17,6842,6852,6736,6804,13034,0.0028002947678702483
2015-09-18,6803,6852,6678,6813,78026,0.001322751322751392
2015-09-21,6755,6755,6581,6678,16559,-0.019815059445178362
2015-09-22,6620,6823,6610,6765,11162,0.01302785265049411
2015-09-23,6678,6736,6659,6659,28327,-0.01566888396156685
2015-09-24,6659,6823,6659,6823,40266,0.024628322570956707
2015-09-25,6765,6803,6716,6775,6067,-0.007035028579803648
2015-09-30,6755,6755,6514,6611,81282,-0.024206642066420647
2015-10-01,6755,6755,6639,6688,12948,0.011647254575707144
2015-10-02,6688,6736,6639,6640,6702,-0.0071770334928229484
2015-10-05,6659,6774,6659,6707,13556,0.010090361445783236
2015-10-06,6755,6823,6601,6620,16262,-0.012971522290144644
2015-10-07,6639,6726,6630,6717,5275,0.014652567975830921
2015-10-08,6755,6765,6649,6717,9140,0.0
2015-10-12,6774,6900,6716,6862,31863,0.02158701801399432
2015-10-13,6813,6861,6784,6862,6381,0.0
2015-10-14,6784,6909,6745,6746,13707,-0.016904692509472463
2015-10-15,6765,6996,6765,6881,28894,0.020011858879335875
2015-10-16,6958,6958,6794,6804,16011,-0.011190233977619535
2015-10-19,6774,6852,6745,6756,13152,-0.007054673721340388
2015-10-20,6755,6794,6726,6765,9673,0.001332149200710564
2015-10-21,6755,6794,6688,6775,14985,0.0014781966001478075
2015-10-22,6678,6774,6630,6678,30251,-0.014317343173431696
2015-10-23,6755,6774,6649,6649,9645,-0.00434261755016474
2015-10-26,6745,6745,6639,6678,6671,0.004361558129041931
2015-10-27,6707,6716,6514,6582,30717,-0.014375561545372895
2015-10-28,6581,6610,6485,6591,39418,0.0013673655423882547
2015-10-29,6649,6649,6466,6495,53617,-0.014565316340464318
2015-10-30,6543,6543,6408,6427,15774,-0.010469591993841454
2015-11-02,6466,6504,6330,6418,35952,-0.0014003423058970288
2015-11-03,6437,6620,6437,6563,62280,0.02259270800872537
2015-11-04,6639,6639,6379,6563,46103,0.0
2015-11-05,6649,6649,6408,6514,130977,-0.0074660978211184
2015-11-06,6543,6639,6369,6408,128356,-0.0162726435369972
2015-11-09,6485,6485,6282,6283,64872,-0.01950686641697874
2015-11-10,6282,6282,6137,6157,60066,-0.020054114276619406
2015-11-11,6147,6224,6080,6157,37814,0.0
2015-11-12,6157,6176,6128,6138,17047,-0.003085918466785742
2015-11-13,6080,6118,6041,6119,20011,-0.0030954708374063555
2015-11-16,6080,6080,5915,5945,29952,-0.028436018957345932
2015-11-17,5964,6099,5964,6061,12506,0.019512195121951237
2015-11-18,6080,6253,6060,6157,13069,0.015838970466919733
2015-11-19,6215,6321,6157,6263,19067,0.017216176709436315
2015-11-20,6234,6301,6157,6292,5204,0.004630368832827747
2015-11-23,6292,6321,6244,6244,15828,-0.0076287349014622086
2015-11-24,6176,6427,6099,6370,25801,0.020179372197309364
2015-11-25,6533,6533,6292,6302,22875,-0.010675039246467843
2015-11-26,6273,6446,6263,6273,58947,-0.004601713741669289
2015-11-27,6311,6340,6244,6244,17698,-0.004622987406344703
2015-11-30,6292,6292,6089,6167,32484,-0.012331838565022402
2015-12-01,6176,6205,6147,6186,47942,0.0030809145451597963
2015-12-02,6273,6273,6128,6128,9392,-0.009376010345942487
2015-12-03,6128,6147,6080,6138,9119,0.0016318537859008053
2015-12-04,6108,6137,6060,6080,11993,-0.00944933202997722
2015-12-07,6080,6176,6080,6090,7260,0.00164473684210531
2015-12-08,6128,6128,6041,6051,14037,-0.0064039408866994885
2015-12-09,6002,6080,6002,6012,25440,-0.006445215666831983
2015-12-10,6012,6080,5983,6041,16164,0.004823685961410584
2015-12-11,6070,6108,5993,6051,9123,0.0016553550736633227
2015-12-14,6051,6051,5935,5945,65228,-0.017517765658568885
2015-12-15,5925,5983,5915,5955,7211,0.001682085786375076
2015-12-16,6012,6157,6012,6157,18187,0.03392107472712014
2015-12-17,6195,6292,6147,6148,9579,-0.0014617508526879597
2015-12-18,6157,6282,6147,6263,18953,0.018705270006506236
2015-12-21,6157,6340,6157,6321,109246,0.009260737665655494
2015-12-22,6408,6417,6147,6167,32215,-0.02436323366555926
2015-12-23,6166,6301,6166,6273,114105,0.017188260094048946
2015-12-24,6311,6330,6244,6321,83398,0.00765184122429452
2015-12-28,6321,6321,6195,6273,107894,-0.007593735168486049
2015-12-29,6128,6128,6022,6080,74586,-0.030766778256017813
2015-12-30,6080,6099,5983,6051,56149,-0.004769736842105243
2016-01-04,6012,6012,5771,5800,138436,-0.04148074698396964
2016-01-05,5780,5829,5751,5800,45096,0.0
2016-01-06,5790,5790,5655,5713,41290,-0.015000000000000013
2016-01-07,5578,5674,5510,5511,49133,-0.035357955539996544
2016-01-08,5317,5500,5240,5404,261559,-0.019415714026492448
2016-01-11,5269,5298,5221,5240,17472,-0.030347890451517423
2016-01-12,5240,5259,5134,5163,43791,-0.014694656488549618
2016-01-13,5163,5278,5163,5221,17413,0.011233778810769035
2016-01-14,5221,5221,5037,5115,20224,-0.020302624018387228
2016-01-15,5163,5163,4921,4932,65120,-0.035777126099706735
2016-01-18,4844,4921,4825,4922,52214,-0.0020275750202757292
2016-01-19,4864,4902,4825,4864,80789,-0.011783827712312123
2016-01-20,4864,4864,4709,4710,64511,-0.03166118421052633
2016-01-21,4680,4806,4608,4729,33883,0.004033970276008603
2016-01-22,4748,4854,4748,4854,32691,0.026432649608796766
2016-01-25,4921,4941,4854,4941,11229,0.01792336217552526
2016-01-26,4873,4912,4835,4912,9306,-0.005869257235377456
2016-01-27,4921,5018,4921,4951,12882,0.007939739413680869
2016-01-28,4950,5047,4921,5018,18181,0.0135326196727934
2016-01-29,5018,5047,4883,5018,15941,0.0
2016-02-01,5057,5211,5057,5192,14829,0.034675169390195215
2016-02-02,5192,5211,5114,5163,14122,-0.005585516178736483
2016-02-03,5163,5163,5047,5125,34592,-0.007360061979469257
2016-02-04,5124,5201,5095,5202,15350,0.015024390243902452
2016-02-05,5201,5298,5201,5298,11201,0.018454440599769306
2016-02-11,5018,5124,5018,5047,9185,-0.04737636844092108
2016-02-12,4931,4960,4825,4845,36021,-0.04002377650089162
2016-02-15,4873,5028,4873,5018,11741,0.035706914344685314
2016-02-16,5018,5066,4999,5018,4988,0.0
2016-02-17,5018,5037,4989,5009,7799,-0.0017935432443204613
2016-02-18,5028,5153,5028,5115,6209,0.021161908564583776
2016-02-19,5114,5143,4941,5125,10935,0.0019550342130987275
2016-02-22,5153,5221,5114,5125,4522,0.0
2016-02-23,5153,5211,5057,5134,2129,0.0017560975609756113
2016-02-24,5134,5134,5076,5125,6914,-0.0017530190884300634
2016-02-25,5134,5163,5076,5076,4483,-0.009560975609756106
2016-02-26,5114,5114,5066,5067,4620,-0.0017730496453900457
2016-02-29,5066,5182,5066,5134,10226,0.013222814288533558
2016-03-02,5201,5250,5163,5221,4962,0.01694585118815728
2016-03-03,5278,5278,5221,5260,4247,0.00746983336525564
2016-03-04,5259,5346,5230,5337,19353,0.01463878326996193
2016-03-07,5336,5481,5327,5462,33829,0.023421397789020082
2016-03-08,5462,5462,5346,5433,18574,-0.005309410472354448
2016-03-09,5433,5433,5317,5347,16112,-0.015829191974967793
2016-03-10,5346,5404,5336,5337,13547,-0.0018702075930427942
2016-03-11,5385,5385,5336,5366,9572,0.005433764287052556
2016-03-14,5414,5491,5259,5308,5222,-0.010808796123742082
2016-03-15,5356,5356,5250,5298,6021,-0.0018839487565938118
2016-03-16,5336,5356,5307,5356,1705,0.010947527368818433
2016-03-17,5375,5529,5375,5501,28432,0.027072442120985807
2016-03-18,5549,5626,5510,5569,71791,0.012361388838393106
2016-03-21,5568,5597,5520,5578,15541,0.001616089064464088
2016-03-22,5578,5597,5520,5569,657,-0.0016134815346001696
2016-03-23,5568,5568,5452,5559,3619,-0.0017956545160711102
2016-03-24,5558,5558,5404,5501,11661,-0.010433531210649383
2016-03-25,5539,5539,5433,5520,4308,0.0034539174695509267
2016-03-28,5520,5520,5433,5501,5230,-0.0034420289855072728
2016-03-29,5597,5597,5549,5578,8655,0.013997455008180282
2016-03-30,5597,5597,5452,5588,153112,0.0017927572606668551
2016-03-31,5607,5607,5500,5569,12922,-0.0034001431639226753
2016-04-01,5452,5568,5452,5540,8899,-0.005207398096606197
2016-04-04,5539,5549,5462,5540,16175,0.0
2016-04-05,5529,5549,5452,5549,8165,0.001624548736462117
2016-04-06,5549,5549,5452,5520,15306,-0.005226166876914795
2016-04-07,5558,5684,5500,5684,23743,0.02971014492753632
2016-04-08,5539,5684,5472,5675,54134,-0.001583391977480697
2016-04-11,5674,5674,5568,5646,17058,-0.0051101321585903525
2016-04-12,5645,5800,5587,5790,353536,0.025504782146652527
2016-04-14,5790,5886,5790,5877,12025,0.015025906735751215
2016-04-15,5877,5877,5838,5858,3197,-0.003232941977199255
2016-04-18,5790,5858,5790,5848,7992,-0.0017070672584499347
2016-04-19,5848,5935,5838,5887,11525,0.006668946648426877
2016-04-20,5886,6022,5848,5935,34254,0.008153558688635876
2016-04-21,5906,5964,5886,5955,13706,0.0033698399326032025
2016-04-22,5954,5954,5848,5945,16925,-0.0016792611251049694
2016-04-25,5886,5935,5858,5887,12786,-0.009756097560975618
2016-04-26,5886,5896,5809,5887,33689,0.0
2016-04-27,5867,5867,5800,5868,12168,-0.0032274503142517563
2016-04-28,5935,5935,5790,5868,30483,0.0
2016-04-29,5867,5886,5771,5887,10634,0.003237900477164324
2016-05-02,5838,5877,5597,5839,19627,-0.008153558688635987
2016-05-03,5877,5877,5790,5839,3216,0.0
2016-05-04,5790,5838,5713,5762,7043,-0.013187189587258064
2016-05-09,5761,5761,5626,5733,13288,-0.0050329746615758175
2016-05-10,5732,5761,5655,5723,1312,-0.001744287458573135
2016-05-11,5693,5973,5674,5742,8493,0.0033199370959287045
2016-05-12,5877,5877,5655,5790,7463,0.008359456635318674
2016-05-13,5819,5838,5703,5839,12742,0.00846286701208987
2016-05-16,5790,6234,5790,5955,149789,0.019866415482103106
2016-05-17,5906,5954,5751,5848,54786,-0.017968094038622984
2016-05-18,5819,5886,5790,5839,6584,-0.0015389876880984588
2016-05-19,5780,5867,5713,5733,5842,-0.018153793457783896
2016-05-20,5751,5751,5665,5704,8644,-0.005058433629862247
2016-05-23,5665,5742,5433,5684,6451,-0.003506311360448766
2016-05-24,5703,5703,5500,5549,23546,-0.02375087966220968
2016-05-25,5626,5645,5558,5617,29628,0.0122544602631105
2016-05-26,5655,5655,5520,5569,3461,-0.008545486914723122
2016-05-27,5587,5693,5549,5646,5455,0.013826539773747593
2016-05-30,5693,5693,5568,5597,2918,-0.008678710591569216
2016-05-31,5626,5645,5607,5646,4411,0.008754690012506616
2016-06-01,5645,5693,5597,5607,5888,-0.006907545164718365
2016-06-02,5693,5693,5597,5597,331,-0.0017834849295523814
2016-06-03,5693,5693,5587,5684,2811,0.015544041450777257
2016-06-07,5607,5713,5607,5704,7834,0.0035186488388458947
2016-06-08,5703,5771,5626,5762,11337,0.010168302945301466
2016-06-09,5742,5848,5742,5800,32680,0.006594932315168389
2016-06-10,5838,5838,5771,5790,15206,-0.0017241379310344307
2016-06-13,5838,5838,5597,5597,12225,-0.033333333333333326
2016-06-14,5626,5684,5597,5597,2426,0.0
2016-06-15,5607,5655,5607,5626,3896,0.005181347150259086
2016-06-16,5636,5684,5520,5617,1661,-0.0015997156061144935
2016-06-17,5529,5616,5529,5597,1788,-0.0035606195478012914
2016-06-20,5597,5636,5549,5636,2176,0.006968018581382962
2016-06-21,5597,5636,5568,5626,552,-0.0017743080198722172
2016-06-22,5655,5684,5616,5665,25638,0.006932100959829324
2016-06-23,5693,5693,5568,5675,4365,0.001765225066195919
2016-06-24,5684,5713,5491,5588,11095,-0.015330396475770947
2016-06-27,5259,5491,5240,5443,17567,-0.0259484609878311
2016-06-28,5626,5626,5365,5443,12256,0.0
2016-06-29,5472,5539,5443,5540,16969,0.017821054565496874
2016-06-30,5539,5578,5472,5578,4806,0.006859205776173383
2016-07-01,5578,5645,5549,5646,3372,0.012190749372535059
2016-07-04,5655,5693,5587,5655,7103,0.0015940488841656997
2016-07-05,5684,5684,5597,5626,5940,-0.00512820512820511
2016-07-06,5655,5655,5539,5559,3957,-0.01190899395662992
2016-07-07,5520,5636,5520,5636,1106,0.01385141212448282
2016-07-08,5645,5645,5578,5607,4200,-0.005145493257629474
2016-07-11,5636,5684,5616,5617,5099,0.0017834849295523814
2016-07-12,5616,5693,5578,5626,10225,0.0016022787965106478
2016-07-13,5636,5703,5636,5665,2525,0.006932100959829324
2016-07-14,5665,5742,5607,5694,6750,0.005119152691968276
2016-07-15,5761,5780,5684,5752,15506,0.010186160871092476
2016-07-18,5751,5751,5722,5752,94707,0.0
2016-07-19,5751,5751,5665,5694,3337,-0.01008344923504867
2016-07-20,5703,5703,5655,5704,19469,0.0017562346329469403
2016-07-21,5742,5780,5626,5675,29850,-0.005084151472650733
2016-07-22,5674,5771,5626,5752,18249,0.013568281938326043
2016-07-25,5751,5829,5751,5790,19671,0.006606397774687078
2016-07-26,5790,5809,5751,5790,43952,0.0
2016-07-27,5877,5877,5771,5790,28228,0.0
2016-07-28,5761,5838,5645,5713,15084,-0.013298791018998224
2016-07-29,5713,5858,5713,5800,8723,0.015228426395939021
2016-08-01,5800,5809,5751,5771,7038,-0.0050000000000000044
2016-08-02,5742,5790,5636,5636,27417,-0.0233928261999653
2016-08-03,5636,5655,5520,5626,19272,-0.0017743080198722172
2016-08-04,5674,5693,5626,5636,7434,0.00177746178457161
2016-08-05,5703,5703,5636,5694,18509,0.010290986515258949
2016-08-08,5713,5732,5626,5675,18335,-0.0033368458025991865
2016-08-09,5674,5684,5645,5665,17318,-0.0017621145374449032
2016-08-10,5665,5674,5626,5626,25672,-0.006884377758164195
2016-08-11,5626,5674,5607,5636,10268,0.00177746178457161
2016-08-12,5626,5761,5626,5704,12964,0.012065294535131388
2016-08-16,5713,5742,5645,5684,17543,-0.003506311360448766
2016-08-17,5684,5684,5587,5597,29382,-0.015306122448979553
2016-08-18,5607,5607,5568,5578,16037,-0.0033946757191352095
2016-08-19,5597,5607,5539,5540,10475,-0.006812477590534272
2016-08-22,5539,5539,5481,5511,15797,-0.005234657039711155
2016-08-23,5510,5597,5500,5520,6021,0.0016330974414806576
2016-08-24,5529,5549,5452,5501,14954,-0.0034420289855072728
2016-08-25,5452,5500,5443,5472,24711,-0.0052717687693146775
2016-08-26,5500,5500,5433,5491,9281,0.003472222222222321
2016-08-29,5491,5500,5423,5491,5811,0.0
2016-08-30,5491,5568,5491,5569,5392,0.014205062830085602
2016-08-31,5510,5578,5510,5540,3019,-0.005207398096606197
2016-09-01,5539,5568,5452,5569,7680,0.005234657039711266
2016-09-02,5568,5568,5500,5549,6321,-0.0035913090321422203
2016-09-05,5655,5732,5500,5520,43391,-0.005226166876914795
2016-09-06,5568,5568,5500,5540,6321,0.0036231884057971175
2016-09-07,5539,5568,5491,5559,11077,0.0034296028880866913
2016-09-08,5500,5549,5500,5520,15515,-0.007015650296815945
2016-09-09,5520,5549,5472,5520,6211,0.0
2016-09-12,5510,5510,5452,5462,10279,-0.010507246376811552
2016-09-13,5587,5587,5404,5462,5216,0.0
2016-09-19,5520,5520,5394,5443,10507,-0.003478579274990845
2016-09-20,5404,5491,5356,5482,7611,0.0071651662686018636
2016-09-21,5414,5500,5414,5453,72005,-0.005290040131338936
2016-09-22,5529,5549,5472,5540,10682,0.01595452044746004
2016-09-23,5481,5539,5472,5472,7582,-0.012274368231046884
2016-09-26,5472,5529,5452,5520,18878,0.00877192982456143
2016-09-27,5510,5510,5452,5501,16120,-0.0034420289855072728
2016-09-28,5500,5500,5443,5491,4181,-0.0018178512997636398
2016-09-29,5491,5539,5443,5520,11628,0.00528136951374969
2016-09-30,5520,5520,5452,5520,6686,0.0
2016-10-04,5587,5587,5433,5491,13608,-0.0052536231884058315
2016-10-05,5491,5491,5443,5482,5483,-0.0016390457111636891
2016-10-06,5481,5481,5423,5482,9654,0.0
2016-10-07,5481,5491,5433,5453,5311,-0.005290040131338936
2016-10-10,5452,5471,5414,5443,8811,-0.0018338529249953828
2016-10-11,5472,5472,5423,5453,25377,0.0018372221201543582
2016-10-12,5452,5491,5423,5482,7201,0.005318173482486754
2016-10-13,5481,5481,5443,5482,12509,0.0
2016-10-14,5423,5500,5423,5462,11294,-0.0036483035388544804
2016-10-17,5423,5481,5423,5472,5382,0.0018308311973636027
2016-10-18,5472,5510,5452,5511,9264,0.007127192982456121
2016-10-19,5452,5529,5452,5491,7678,-0.0036291054255126465
2016-10-20,5481,5597,5481,5540,18206,0.008923693316335912
2016-10-21,5539,5549,5500,5530,10654,-0.0018050541516245744
2016-10-24,5529,5558,5520,5540,9947,0.001808318264014508
2016-10-25,5549,5597,5529,5578,21282,0.006859205776173383
2016-10-26,5597,5597,5500,5569,11080,-0.0016134815346001696
2016-10-27,5578,5578,5529,5540,7270,-0.005207398096606197
2016-10-28,5539,5568,5539,5559,8777,0.0034296028880866913
2016-10-31,5558,5558,5481,5549,4749,-0.0017988846914912537
2016-11-01,5539,5549,5520,5540,4867,-0.0016219138583528636
2016-11-02,5539,5539,5472,5491,15534,-0.008844765342960303
2016-11-03,5443,5500,5443,5501,6801,0.0018211619012931113
2016-11-04,5529,5529,5452,5491,10051,-0.0018178512997636398
2016-11-07,5500,5587,5500,5520,5903,0.00528136951374969
2016-11-08,5539,5568,5529,5530,11892,0.0018115942028984477
2016-11-09,5549,5549,5414,5462,31067,-0.012296564195298343
2016-11-10,5539,5645,5472,5597,27638,0.024716221164408747
2016-11-11,5539,5655,5539,5636,15601,0.006968018581382962
2016-11-14,5636,5645,5607,5646,5653,0.0017743080198722172
2016-11-15,5607,5655,5597,5626,11849,-0.003542330853701703
2016-11-16,5626,5655,5616,5636,58153,0.00177746178457161
2016-11-17,5645,5645,5597,5636,2353,0.0
2016-11-18,5597,5597,5558,5578,5990,-0.01029098651525906
2016-11-21,5549,5549,5433,5433,23956,-0.025994980279670177
2016-11-22,5491,5491,5375,5462,38314,0.005337750782256512
2016-11-23,5365,5433,5298,5308,51465,-0.02819480043939948
2016-11-24,5394,5394,5182,5211,43520,-0.01827430293896004
2016-11-25,5278,5278,5114,5115,43280,-0.01842256764536554
2016-11-28,5134,5192,5085,5096,57950,-0.003714565004887538
2016-11-29,5124,5182,5105,5163,1340,0.013147566718995307
2016-11-30,5163,5192,5114,5192,18802,0.0056168894053845175
2016-12-01,5192,5192,5095,5154,25926,-0.007318952234206422
2016-12-02,5153,5153,5095,5134,54257,-0.0038804811796663286
2016-12-05,5153,5153,5057,5076,7957,-0.01129723412543826
2016-12-06,5153,5153,5095,5154,1060,0.015366430260047359
2016-12-07,5211,5211,5105,5163,928,0.0017462165308497202
2016-12-08,5182,5230,5163,5192,9918,0.0056168894053845175
2016-12-09,5066,5211,5066,5192,12225,0.0
2016-12-12,5211,5211,5114,5134,68926,-0.011171032357473076
2016-12-13,5172,5172,5114,5163,9997,0.005648617062719019
2016-12-14,5221,5230,5153,5221,12813,0.011233778810769035
2016-12-15,5221,5327,5211,5298,10558,0.014748132541658743
2016-12-16,5298,5356,5221,5298,3038,0.0
2016-12-19,5298,5298,5143,5211,40172,-0.01642129105322765
2016-12-20,5211,5211,5143,5163,51833,-0.00921128382268277
2016-12-21,5163,5211,5153,5202,24619,0.007553747821034351
2016-12-22,5201,5298,5201,5279,14582,0.014801999231065066
2016-12-23,5278,5346,5250,5327,11419,0.009092631180147803
2016-12-26,5404,5404,5317,5347,42526,0.0037544584193729413
2016-12-27,5346,5433,5336,5433,23118,0.016083785300168296
2016-12-28,5307,5307,5163,5269,14408,-0.030185900975519986
2016-12-29,5269,5307,5240,5250,5918,-0.0036059973429493075
2017-01-02,5182,5336,5114,5318,13459,0.012952380952381048
2017-01-03,5230,5385,5230,5375,20180,0.010718315156073688
2017-01-04,5414,5500,5404,5501,49868,0.023441860465116315
2017-01-05,5500,5674,5500,5501,36845,0.0
2017-01-06,5587,5587,5481,5530,9105,0.0052717687693146775
2017-01-09,5568,5568,5462,5511,5068,-0.0034358047016275206
2017-01-10,5510,5539,5472,5520,5021,0.0016330974414806576
2017-01-11,5568,5655,5529,5626,49251,0.019202898550724656
2017-01-12,5626,5665,5616,5626,11045,0.0
2017-01-13,5626,5655,5578,5646,16175,0.00355492356914322
2017-01-16,5645,5645,5529,5530,10055,-0.020545518951470054
2017-01-17,5616,5761,5578,5694,83378,0.02965641952983722
2017-01-18,5693,5713,5636,5675,17673,-0.0033368458025991865
2017-01-19,5674,5742,5616,5694,39318,0.0033480176211453383
2017-01-20,5616,5742,5616,5694,22264,0.0
2017-01-23,5616,5693,5616,5655,5265,-0.006849315068493178
2017-01-24,5607,5655,5607,5626,5647,-0.00512820512820511
2017-01-25,5655,5655,5597,5597,3297,-0.005154639175257714
2017-01-26,5626,5722,5597,5636,20626,0.006968018581382962
2017-01-31,5636,5703,5597,5607,8706,-0.005145493257629474
2017-02-01,5607,5655,5607,5626,9856,0.003388621366149369
2017-02-02,5626,5713,5597,5655,13484,0.005154639175257714
2017-02-03,5655,5655,5587,5597,2949,-0.01025641025641022
2017-02-06,5587,5751,5587,5646,26375,0.008754690012506616
2017-02-07,5645,5645,5587,5636,8964,-0.0017711654268508514
2017-02-08,5636,5636,5578,5597,1512,-0.0069198012775018025
2017-02-09,5597,5626,5587,5607,4775,0.0017866714311238763
2017-02-10,5626,5645,5587,5597,3698,-0.0017834849295523814
2017-02-13,5616,5655,5597,5636,17457,0.006968018581382962
2017-02-14,5645,5674,5597,5626,4865,-0.0017743080198722172
2017-02-15,5626,5645,5587,5646,7927,0.00355492356914322
2017-02-16,5655,5655,5587,5588,4850,-0.010272759475735027
2017-02-17,5587,5587,5549,5549,10569,-0.006979241231209743
2017-02-20,5549,5549,5452,5472,17637,-0.013876374121463364
2017-02-21,5500,5616,5500,5578,10672,0.019371345029239873
2017-02-22,5587,5645,5587,5636,7127,0.010397992111867982
2017-02-23,5636,5645,5597,5617,3815,-0.003371185237757257
2017-02-24,5626,5655,5578,5578,5689,-0.006943208118212585
2017-02-27,5597,5597,5549,5588,20342,0.0017927572606668551
2017-02-28,5549,5626,5549,5569,1369,-0.0034001431639226753
2017-03-02,5626,5674,5626,5646,11012,0.013826539773747593
2017-03-03,5645,5645,5587,5607,17324,-0.006907545164718365
2017-03-06,5607,5607,5549,5569,2776,-0.00677724273229896
2017-03-07,5558,5645,5520,5588,16512,0.003411743580535198
2017-03-08,5587,5587,5549,5578,5888,-0.0017895490336434783
2017-03-09,5626,5626,5558,5578,7958,0.0
2017-03-10,5578,5616,5529,5597,9074,0.003406238795267136
2017-03-13,5597,5674,5558,5655,32781,0.010362694300518172
2017-03-14,5655,5693,5539,5626,23331,-0.00512820512820511
2017-03-15,5626,5684,5558,5655,14109,0.005154639175257714
2017-03-16,5665,5829,5665,5781,65580,0.022281167108753275
2017-03-17,5790,5819,5751,5781,46281,0.0
2017-03-20,5780,5780,5703,5742,9076,-0.006746237675142708
2017-03-21,5703,5771,5703,5771,22075,0.005050505050504972
2017-03-22,5732,5732,5655,5675,20635,-0.01663489863108647
2017-03-23,5674,5761,5674,5733,21691,0.010220264317180705
2017-03-24,5732,5732,5665,5675,16313,-0.010116867259724382
2017-03-27,5674,5674,5597,5665,13294,-0.0017621145374449032
2017-03-28,5665,5665,5597,5655,14385,-0.001765225066195919
2017-03-29,5655,5665,5587,5646,5302,-0.0015915119363395513
2017-03-30,5645,5645,5587,5626,2813,-0.003542330853701703
2017-03-31,5626,5636,5607,5617,1813,-0.0015997156061144935
2017-04-03,5616,5674,5578,5655,9430,0.006765177140822587
2017-04-04,5655,5655,5597,5597,3211,-0.01025641025641022
2017-04-05,5626,5626,5549,5588,17247,-0.0016080042880114442
2017-04-06,5578,5636,5549,5617,12201,0.005189692197566265
2017-04-07,5616,5665,5587,5597,4706,-0.0035606195478012914
2017-04-10,5597,5597,5539,5540,8566,-0.01018402715740574
2017-04-11,5558,5558,5500,5520,69026,-0.0036101083032491488
2017-04-12,5520,5520,5414,5491,14510,-0.0052536231884058315
2017-04-13,5491,5500,5452,5491,2420,0.0
2017-04-14,5414,5539,5414,5491,12298,0.0
2017-04-17,5568,5587,5520,5569,3960,0.014205062830085602
2017-04-18,5597,5626,5539,5540,4322,-0.005207398096606197
2017-04-19,5607,5607,5462,5520,7720,-0.0036101083032491488
2017-04-20,5587,5587,5520,5549,3091,0.0052536231884057205
2017-04-21,5578,5578,5472,5549,5013,0.0
2017-04-24,5500,5597,5500,5578,12163,0.005226166876914684
2017-04-25,5607,5645,5558,5646,23882,0.012190749372535059
2017-04-26,5636,5722,5636,5713,39735,0.011866808359900727
2017-04-27,5713,5713,5674,5704,2179,-0.0015753544547523202
2017-04-28,5703,5703,5616,5665,13557,-0.006837307152875227
2017-05-02,5665,5751,5626,5694,35991,0.005119152691968276
2017-05-04,5616,5751,5616,5733,77354,0.006849315068493178
2017-05-08,5732,5771,5722,5771,30390,0.006628292342578002
2017-05-10,5761,5809,5626,5636,19800,-0.0233928261999653
2017-05-11,5645,5771,5645,5752,13012,0.02058197303051812
2017-05-12,5751,5780,5713,5742,20327,-0.001738525730180851
2017-05-15,5742,5800,5742,5790,16740,0.008359456635318674
2017-05-16,5848,5973,5848,5964,69066,0.030051813471502653
2017-05-17,5954,5983,5886,5916,20782,-0.008048289738430636
2017-05-18,5829,5925,5790,5897,16903,-0.00321162947937792
2017-05-19,5896,5973,5896,5955,12109,0.009835509581142876
2017-05-22,6012,6012,5886,5906,20757,-0.00822837951301425
2017-05-23,5973,5983,5906,5955,26783,0.008296647477141983
2017-05-24,6002,6002,5896,5906,9625,-0.00822837951301425
2017-05-25,5935,5993,5886,5964,25218,0.009820521503555613
2017-05-26,5964,6031,5964,6022,22948,0.009725016767270223
2017-05-29,6031,6060,5983,6012,14259,-0.0016605778811026317
2017-05-30,5954,6060,5954,6003,31889,-0.0014970059880239361
2017-05-31,5944,6012,5915,5955,18508,-0.007996001999000524
2017-06-01,5973,5993,5819,5819,13507,-0.022837951301427406
2017-06-02,5829,5983,5829,5974,22890,0.026636879188864038
2017-06-05,5973,5973,5935,5955,6620,-0.003180448610646147
2017-06-07,5944,6041,5925,6022,88415,0.011251049538203217
2017-06-08,6022,6041,5973,6032,25835,0.0016605778811025207
2017-06-09,6031,6408,6031,6302,228851,0.044761273209549035
2017-06-12,6388,6707,6359,6485,287662,0.029038400507775286
2017-06-13,6514,6630,6417,6620,125072,0.020817270624518214
2017-06-14,6736,6755,6552,6591,73717,-0.004380664652567923
2017-06-15,6697,6707,6417,6505,54553,-0.013048095888332556
2017-06-16,6504,6552,6388,6524,49641,0.0029208301306686835
2017-06-19,6523,6591,6514,6543,13806,0.0029123237277743907
2017-06-20,6639,6639,6494,6495,38457,-0.007336084364970241
2017-06-21,6494,6494,6340,6370,12466,-0.019245573518090864
2017-06-22,6388,6543,6359,6505,65468,0.021193092621664134
2017-06-23,6543,6736,6417,6698,100982,0.02966948501152955
2017-06-26,6707,6726,6601,6678,38727,-0.002985965959988013
2017-06-27,6832,6948,6707,6765,135135,0.01302785265049411
2017-06-28,6755,6813,6668,6765,25893,0.0
2017-06-29,6852,7064,6803,7045,101768,0.041389504804139055
2017-06-30,6919,6967,6881,6939,38118,-0.015046132008516677
2017-07-03,6938,6938,6832,6900,23853,-0.005620406398616495
2017-07-04,6900,7074,6794,6813,46092,-0.012608695652173929
2017-07-05,6813,6832,6726,6804,23383,-0.0013210039630119352
2017-07-06,6765,6823,6707,6756,24640,-0.007054673721340388
2017-07-07,6745,6784,6707,6746,16939,-0.001480165778567244
2017-07-10,6803,6803,6668,6707,14345,-0.0057812036762525665
2017-07-11,6784,6852,6688,6852,29853,0.02161920381690763
2017-07-12,6890,6890,6774,6813,18058,-0.005691768826619925
2017-07-13,6861,6948,6842,6920,64302,0.01570526933803018
2017-07-14,6900,6948,6861,6929,25989,0.0013005780346819762
2017-07-17,6948,6987,6919,6958,24212,0.004185308125270515
2017-07-18,6967,6967,6832,6842,20435,-0.016671457315320493
2017-07-19,6881,6919,6842,6871,14370,0.004238526746565441
2017-07-20,6938,6958,6861,6900,6674,0.004220637461795906
2017-07-21,6938,6958,6881,6920,20285,0.0028985507246377384
2017-07-24,6909,6948,6890,6929,22687,0.0013005780346819762
2017-07-25,6900,6948,6842,6842,16997,-0.012555924375811767
2017-07-26,6890,6948,6842,6900,19340,0.00847705349313066
2017-07-27,6938,6938,6852,6910,9040,0.0014492753623187582
2017-07-28,6861,6861,6485,6591,37059,-0.046164978292329906
2017-07-31,6591,6639,6552,6640,21949,0.007434380215445291
2017-08-01,6668,6745,6601,6698,19248,0.008734939759036164
2017-08-02,6745,6745,6659,6717,11322,0.0028366676619886455
2017-08-03,6659,6659,6417,6514,19854,-0.030221825219592047
2017-08-04,6466,6562,6350,6447,17627,-0.010285538839422737
2017-08-07,6446,6581,6417,6437,15640,-0.001551109042965737
2017-08-08,6552,6552,6359,6456,12597,0.002951685567811113
2017-08-09,6494,6494,6330,6350,10255,-0.016418835192069436
2017-08-10,6321,6379,6070,6157,77039,-0.030393700787401556
2017-08-11,6089,6137,6031,6138,13156,-0.003085918466785742
2017-08-14,6157,6359,6157,6196,18154,0.009449332029977109
2017-08-16,6311,6359,6282,6312,36452,0.018721755971594645
2017-08-17,6398,6398,6301,6379,8228,0.010614702154626121
2017-08-18,6273,6369,6263,6331,11673,-0.007524690390343314
2017-08-21,6388,6388,6282,6312,3020,-0.0030011056705101513
2017-08-22,6311,6417,6311,6360,9745,0.0076045627376426506
2017-08-23,6446,6446,6224,6302,10518,-0.009119496855345965
2017-08-24,6340,6340,6215,6263,7586,-0.006188511583624212
2017-08-25,6311,6311,6224,6273,11167,0.0015966789078716292
2017-08-28,6292,6292,6195,6244,3130,-0.004622987406344703
2017-08-29,6244,6263,6176,6205,7428,-0.006245996156310052
2017-08-30,6263,6263,6186,6263,4494,0.00934730056406119
2017-08-31,6263,6263,6244,6263,4087,0.0
2017-09-01,6263,6263,6176,6215,15116,-0.007664058757783865
2017-09-04,6041,6186,6041,6109,14615,-0.017055510860820577
2017-09-05,6108,6128,6041,6109,11429,0.0
2017-09-06,6041,6099,5993,6032,14343,-0.012604354231461778
2017-09-07,6080,6321,6060,6215,14160,0.030338196286472163
2017-09-08,6263,6263,6166,6196,8864,-0.0030571198712792125
2017-09-11,6224,6282,6176,6186,11095,-0.0016139444803098257
2017-09-12,6215,6234,6157,6234,10478,0.007759456838021261
2017-09-13,6263,6263,6128,6225,7793,-0.0014436958614052475
2017-09-14,6263,6263,6147,6157,5619,-0.010923694779116477
2017-09-15,6137,6224,6128,6177,13227,0.0032483352281955646
2017-09-18,6224,6523,6195,6408,38207,0.037396794560466295
2017-09-19,6379,6456,6379,6418,8721,0.0015605493133583614
2017-09-20,6437,6437,6350,6427,11584,0.0014023060143346644
2017-09-21,6446,6456,6273,6321,13040,-0.016492920491675722
2017-09-22,6330,6330,6128,6186,22824,-0.0213573801613669
2017-09-25,6176,6176,5771,5993,14801,-0.031199482702877424
2017-09-26,5964,6022,5896,5993,12400,0.0
2017-09-27,6041,6041,5954,6022,5003,0.004838978808610062
2017-09-28,6012,6041,5935,6041,13885,0.003155097974095078
2017-09-29,6041,6137,6041,6099,7230,0.009601059427247094
2017-10-10,6176,6205,6089,6196,19088,0.015904246597802985
2017-10-11,6205,6215,6128,6205,8763,0.0014525500322788432
2017-10-12,6205,6408,6205,6360,25123,0.024979854955681002
2017-10-13,6388,6466,6301,6466,45415,0.016666666666666607
2017-10-16,6533,6581,6456,6505,20201,0.00603154964429331
2017-10-17,6552,6552,6466,6543,12642,0.005841660261337367
2017-10-18,6543,6543,6273,6505,8638,-0.0058077334556013716
2017-10-19,6466,6523,6398,6437,6115,-0.01045349730976175
2017-10-20,6504,6504,6388,6437,6333,0.0
2017-10-23,6437,6437,6311,6350,9130,-0.013515612863134963
2017-10-24,6350,6350,6273,6321,9531,-0.004566929133858255
2017-10-25,6321,6359,6292,6321,1768,0.0
2017-10-26,6263,6321,6234,6263,10871,-0.009175763328587272
2017-10-27,6263,6321,6263,6263,4324,0.0
2017-10-30,6273,6330,6224,6234,5654,-0.004630368832827747
2017-10-31,6263,6282,6186,6273,12579,0.006256015399422443
2017-11-01,6311,6446,6253,6389,25798,0.01849194962537859
2017-11-02,6437,6437,6301,6321,8073,-0.010643293160118916
2017-11-03,6437,6437,6301,6360,10298,0.006169909824394804
2017-11-06,6417,6417,6301,6331,5316,-0.004559748427672927
2017-11-07,6417,6427,6292,6350,22318,0.0030011056705101513
2017-11-08,6321,6379,6292,6360,23090,0.0015748031496063408
2017-11-09,6359,6369,6292,6360,29239,0.0
2017-11-10,6321,6359,6292,6321,12711,-0.00613207547169814
2017-11-13,6359,6359,6282,6350,50340,0.0045878816642936915
2017-11-14,6311,6359,6273,6302,11602,-0.0075590551181102805
2017-11-15,6359,6494,6282,6418,78020,0.018406854966677155
2017-11-16,6408,6466,6408,6456,59831,0.005920847616079694
2017-11-17,6475,6533,6417,6456,22669,0.0
2017-11-20,6369,6514,6369,6456,7772,0.0
2017-11-21,6446,6456,6417,6437,11530,-0.0029429987608425856
2017-11-22,6504,6659,6504,6591,89984,0.023924188286468917
2017-11-23,6591,6610,6514,6611,29864,0.0030344409042633025
2017-11-24,6601,6639,6562,6601,13308,-0.0015126304643775512
2017-11-27,6581,6736,6552,6563,32125,-0.005756703529768203
2017-11-28,6533,6639,6485,6485,7674,-0.011884808776474132
2017-11-29,6601,6601,6446,6495,18590,0.0015420200462605838
2017-11-30,6494,6494,6427,6466,9079,-0.004464973056197086
2017-12-01,6562,6562,6437,6466,11970,0.0
2017-12-04,6466,6504,6446,6505,11191,0.00603154964429331
2017-12-05,6475,6630,6475,6591,17265,0.01322059953881638
2017-12-06,6504,6639,6504,6505,23767,-0.013048095888332556
2017-12-07,6562,6562,6408,6495,24040,-0.001537279016141424
2017-12-08,6466,6494,6379,6418,20000,-0.011855273287143975
2017-12-11,6456,6494,6398,6427,11287,0.0014023060143346644
2017-12-12,6504,6504,6427,6447,7298,0.003111871790882237
2017-12-13,6427,6514,6427,6514,15346,0.010392430587870427
2017-12-14,6514,6533,6446,6514,24444,0.0
2017-12-15,6581,6581,6379,6437,34562,-0.01182069389008289
2017-12-18,6215,6215,5848,5877,273321,-0.08699704831443222
2017-12-19,5964,5964,5858,5877,28662,0.0
2017-12-20,5925,5925,5867,5906,14699,0.0049344903862516
2017-12-21,5877,5915,5829,5848,73398,-0.009820521503555724
2017-12-22,5829,5896,5800,5897,32437,0.008378932968536201
2017-12-26,5935,5944,5867,5935,8975,0.006443954553162712
2017-12-27,5790,5896,5761,5897,29102,-0.006402695871946085
2017-12-28,5944,5944,5838,5916,13249,0.003221977276581356
2018-01-02,5886,5925,5886,5916,11176,0.0
2018-01-03,5896,5954,5896,5926,8386,0.0016903313049356772
2018-01-04,5935,5983,5935,5955,15276,0.004893688828889742
2018-01-05,5954,6002,5886,5916,33610,-0.006549118387909281
2018-01-08,5915,6022,5915,6022,27166,0.017917511832319155
2018-01-09,6070,6128,6012,6080,26773,0.009631351710395197
2018-01-10,6128,6128,6031,6070,9566,-0.00164473684210531
2018-01-11,6128,6128,5944,6070,24012,0.0
2018-01-12,6070,6147,6070,6128,33269,0.009555189456342594
2018-01-15,6137,6205,6118,6177,51696,0.007996083550913857
2018-01-16,6108,6157,6099,6138,11698,-0.006313744536182608
2018-01-17,6176,6186,6128,6157,24719,0.0030954708374062445
2018-01-18,6195,6244,6157,6186,85171,0.004710086080883524
2018-01-19,6186,6186,6128,6177,8781,-0.0014548981571289588
2018-01-22,6089,6128,6080,6080,21995,-0.01570341589768498
2018-01-23,6270,6360,6180,6350,51244,0.044407894736842035
2018-01-24,6400,6470,6350,6450,89640,0.015748031496062964
2018-01-25,6450,6590,6410,6470,50931,0.0031007751937983663
2018-01-26,6500,6550,6460,6520,64386,0.007727975270479082
2018-01-29,6540,6760,6540,6660,50313,0.021472392638036908
2018-01-30,6740,6740,6550,6560,37723,-0.01501501501501501
2018-01-31,6580,6580,6390,6450,30063,-0.01676829268292679
2018-02-01,6530,6530,6380,6390,26903,-0.009302325581395321
2018-02-02,6390,6430,6290,6340,24678,-0.007824726134585291
2018-02-05,6250,6340,6210,6270,8343,-0.01104100946372244
2018-02-06,6100,6200,6060,6070,91182,-0.03189792663476876
2018-02-07,6220,6220,6060,6070,53472,0.0
2018-02-08,6130,6130,6020,6070,32239,0.0
2018-02-09,5970,5970,5900,5950,22209,-0.01976935749588138
2018-02-12,6000,6060,5940,6000,20845,0.008403361344537785
2018-02-13,6000,6040,5940,5990,30252,-0.0016666666666667052
2018-02-14,5950,5970,5890,5900,71692,-0.015025041736227096
2018-02-19,5940,6010,5870,5870,57335,-0.005084745762711895
2018-02-20,5860,5900,5840,5840,32207,-0.005110732538330498
2018-02-21,5840,5890,5820,5870,15711,0.005136986301369939
2018-02-22,5870,5870,5740,5770,19632,-0.017035775127768327
2018-02-23,5820,5820,5730,5760,15564,-0.0017331022530329143
2018-02-26,5760,5860,5700,5700,26983,-0.01041666666666663
2018-02-27,5720,5720,5660,5680,48527,-0.0035087719298245723
2018-02-28,5650,5670,5610,5660,47662,-0.0035211267605633756
2018-03-02,5660,5660,5490,5530,37139,-0.02296819787985871
2018-03-05,5550,5550,5360,5420,54306,-0.019891500904159143
2018-03-06,5400,5530,5400,5510,49694,0.016605166051660625
2018-03-07,5510,5530,5450,5470,43723,-0.007259528130671544
2018-03-08,5490,5530,5470,5490,20003,0.003656307129798808
2018-03-09,5550,5670,5500,5600,56000,0.020036429872495543
2018-03-12,5630,5770,5630,5730,48167,0.023214285714285632
2018-03-13,5710,5710,5570,5640,23090,-0.015706806282722474
2018-03-14,5590,5590,5200,5250,348783,-0.06914893617021278
2018-03-15,5230,5270,5200,5260,66057,0.0019047619047618536
2018-03-16,5240,5280,5220,5240,32679,-0.0038022813688213253
2018-03-19,5250,5290,4995,5030,197719,-0.040076335877862634
2018-03-20,5040,5100,5020,5100,23645,0.013916500994035852
2018-03-21,5130,5150,5070,5090,57125,-0.0019607843137254832
2018-03-22,5120,5290,5110,5200,149411,0.0216110019646365
2018-03-23,5100,5180,4960,4980,64033,-0.04230769230769227
2018-03-26,4940,5010,4940,5000,29817,0.004016064257028162
2018-03-27,5040,5060,4965,5010,25217,0.0020000000000000018
2018-03-28,4980,4980,4935,4980,16196,-0.005988023952095856
2018-03-29,4975,5050,4965,5040,12283,0.012048192771084265
2018-03-30,5060,5120,5050,5090,9710,0.009920634920634885
2018-04-02,5050,5150,5020,5060,8941,-0.005893909626719096
2018-04-03,5020,5060,4990,5040,12884,-0.0039525691699604515
2018-04-04,5040,5060,4930,4945,29493,-0.018849206349206393
2018-04-05,5020,5020,4945,4985,10391,0.008088978766430666
2018-04-06,5050,5050,4970,5010,13402,0.005015045135406293
2018-04-09,5010,5010,4950,5000,5314,-0.001996007984031989
2018-04-10,5010,5040,4965,5010,12903,0.0020000000000000018
2018-04-11,5050,5050,4975,4995,12890,-0.0029940119760478723
2018-04-12,4995,5010,4980,5010,5386,0.0030030030030030463
2018-04-13,5040,5040,4995,5030,6192,0.003992015968063978
2018-04-16,5050,5050,5010,5040,1054,0.001988071570576455
2018-04-17,5060,5090,5000,5050,10114,0.001984126984126977
2018-04-18,5090,5140,5030,5140,16098,0.017821782178217838
2018-04-19,5180,5220,5130,5190,9311,0.009727626459143934
2018-04-20,5180,5240,5130,5220,18646,0.005780346820809301
2018-04-23,5180,5220,5180,5220,5976,0.0
2018-04-24,5220,5290,5170,5270,18192,0.009578544061302763
2018-04-25,5200,5250,5190,5240,8490,-0.005692599620493399
2018-04-26,5270,5270,5190,5250,10240,0.001908396946564972
2018-04-27,5280,5290,5220,5260,18196,0.0019047619047618536
2018-04-30,5290,5290,5200,5230,5192,-0.005703422053231932
2018-05-02,5200,5230,5140,5190,21394,-0.007648183556405397
2018-05-03,5190,5220,5160,5180,8679,-0.0019267822736031004
2018-05-04,5180,5240,5130,5220,14050,0.007722007722007707
2018-05-08,5230,5230,5150,5180,9329,-0.007662835249042099
2018-05-09,5170,5180,5100,5130,18321,-0.009652509652509633
2018-05-10,5130,5200,5080,5160,55431,0.005847953216374213
2018-05-11,5180,5370,5180,5350,101162,0.036821705426356655
2018-05-14,5390,5470,5360,5450,49693,0.01869158878504673
2018-05-15,5450,5450,5310,5430,16439,-0.003669724770642202
2018-05-16,5350,5390,5300,5380,22899,-0.009208103130755041
2018-05-17,5360,5400,5270,5330,17352,-0.009293680297397744
2018-05-18,5390,5390,5270,5320,5239,-0.0018761726078799779
2018-05-21,5320,5340,5280,5320,9277,0.0
2018-05-23,5350,5350,5250,5300,17812,-0.003759398496240629
2018-05-24,5310,5390,5300,5330,10547,0.005660377358490676
2018-05-25,5270,5360,5230,5260,7623,-0.013133208255159512
2018-05-28,5260,5330,5230,5290,10831,0.005703422053231932
2018-05-29,5360,5390,5320,5360,34861,0.013232514177693666
2018-05-30,5270,5340,5250,5310,21675,-0.009328358208955279
2018-05-31,5350,5350,5300,5340,13879,0.005649717514124353
2018-06-01,5340,5350,5280,5280,8185,-0.011235955056179803
2018-06-04,5230,5300,5230,5230,9454,-0.009469696969697017
2018-06-05,5260,5260,5190,5200,13173,-0.005736137667303964
2018-06-07,5260,5260,5210,5250,13666,0.009615384615384581
2018-06-08,5250,5250,5200,5200,7262,-0.00952380952380949
2018-06-11,5250,5250,5200,5240,3741,0.007692307692307665
2018-06-12,5240,5240,5170,5230,18358,-0.001908396946564861
2018-06-14,5220,5260,5120,5250,35042,0.003824091778202643
2018-06-15,5280,5280,5150,5150,15402,-0.01904761904761909
2018-06-18,5070,5180,4980,4980,68585,-0.03300970873786413
2018-06-19,4930,5000,4910,4910,35686,-0.014056224899598346
2018-06-20,4830,4960,4830,4920,32327,0.0020366598778003286
2018-06-21,4950,4950,4865,4865,4693,-0.011178861788617933
2018-06-22,4865,4865,4800,4815,10895,-0.010277492291880796
2018-06-25,4815,4900,4800,4825,16698,0.0020768431983384517
2018-06-26,4840,4840,4770,4825,31458,0.0
2018-06-27,4860,4875,4815,4820,3622,-0.0010362694300518616
2018-06-28,4820,4835,4800,4805,1828,-0.003112033195020736
2018-06-29,4805,4835,4755,4825,22880,0.004162330905306932
2018-07-02,4850,4850,4740,4740,4747,-0.01761658031088087
2018-07-03,4690,4770,4600,4650,13239,-0.01898734177215189
2018-07-04,4700,4700,4555,4590,26262,-0.012903225806451646
2018-07-05,4650,4650,4545,4560,8153,-0.006535947712418277
2018-07-06,4600,4635,4560,4595,5946,0.007675438596491224
2018-07-09,4630,4630,4570,4610,8320,0.0032644178454841466
2018-07-10,4650,4675,4610,4640,13047,0.006507592190889477
2018-07-11,4670,4670,4580,4600,10312,-0.008620689655172376
2018-07-12,4600,4620,4580,4595,16479,-0.0010869565217391797
2018-07-13,4630,4645,4580,4635,42095,0.008705114254624613
2018-07-16,4630,4635,4575,4600,30542,-0.007551240560949246
2018-07-17,4560,4600,4560,4580,14077,-0.004347826086956497
2018-07-18,4590,4630,4580,4590,14917,0.0021834061135370675
2018-07-19,4600,4660,4525,4550,59227,-0.008714596949891074
2018-07-20,4600,4600,4530,4590,27518,0.00879120879120876
2018-07-23,4590,4590,4525,4525,12814,-0.014161220043573008
2018-07-24,4510,4525,4500,4510,13586,-0.0033149171270717703
2018-07-25,4560,4560,4505,4505,10523,-0.0011086474501108556
2018-07-26,4520,4555,4510,4510,5707,0.0011098779134295356
2018-07-27,4565,4565,4515,4535,16251,0.005543237250554389
2018-07-30,4560,4560,4515,4530,6047,-0.0011025358324145973
2018-07-31,4580,4580,4525,4550,3919,0.004415011037527616
2018-08-01,4550,4580,4550,4560,16597,0.00219780219780219
2018-08-02,4570,4570,4520,4530,11711,-0.006578947368421018
2018-08-03,4585,4585,4545,4570,7699,0.008830022075055233
2018-08-06,4590,4595,4535,4580,10138,0.002188183807439792
2018-08-07,4600,4600,4560,4560,6843,-0.004366812227074246
2018-08-08,4590,4590,4550,4560,22198,0.0
2018-08-09,4600,4600,4540,4550,22850,-0.002192982456140302
2018-08-10,4595,4595,4530,4530,15779,-0.00439560439560438
2018-08-13,4580,4580,4420,4425,18846,-0.023178807947019875
2018-08-14,4450,4450,4405,4440,7609,0.003389830508474523
2018-08-16,4465,4465,4300,4405,42975,-0.007882882882882858
2018-08-17,4405,4475,4400,4460,10180,0.012485811577752637
2018-08-20,4480,4480,4450,4475,9167,0.0033632286995515237
2018-08-21,4460,4565,4460,4540,16656,0.01452513966480451
2018-08-22,4565,4590,4510,4550,4508,0.0022026431718060735
2018-08-23,4580,4580,4525,4530,3834,-0.00439560439560438
2018-08-24,4595,4595,4490,4545,9947,0.0033112582781456013
2018-08-27,4590,4695,4555,4680,33544,0.02970297029702973
2018-08-28,4700,4765,4700,4730,19784,0.010683760683760646
2018-08-29,4730,4750,4680,4730,12258,0.0
2018-08-30,4730,4760,4720,4750,4776,0.0042283298097252064
2018-08-31,4730,4750,4700,4740,3793,-0.002105263157894721
2018-09-03,4740,4765,4690,4710,5250,-0.006329113924050667
2018-09-04,4745,4745,4695,4715,5282,0.0010615711252655036
2018-09-05,4740,4740,4700,4720,7367,0.0010604453870626251
2018-09-06,4720,4765,4705,4730,13920,0.0021186440677967155
2018-09-07,4750,4750,4625,4710,13537,-0.0042283298097252064
2018-09-10,4710,4720,4650,4705,4236,-0.0010615711252653925
2018-09-11,4705,4725,4650,4655,8455,-0.01062699256110522
2018-09-12,4635,4680,4635,4655,14060,0.0
2018-09-13,4680,4680,4645,4680,3467,0.005370569280343629
2018-09-14,4740,4740,4700,4720,4300,0.008547008547008517
2018-09-17,4750,4750,4680,4690,4278,-0.006355932203389814
2018-09-18,4760,4760,4630,4690,3663,0.0
2018-09-19,4680,4720,4640,4665,2112,-0.005330490405117239
2018-09-20,4700,4700,4660,4660,1949,-0.001071811361200381
2018-09-21,4680,4680,4655,4670,2709,0.0021459227467810482
2018-09-27,4700,4735,4670,4725,10333,0.01177730192719495
2018-09-28,4765,4765,4700,4710,3501,-0.0031746031746031633
2018-10-01,4760,4760,4720,4725,3474,0.0031847133757962887
2018-10-02,4710,4725,4710,4710,4576,-0.0031746031746031633
2018-10-04,4745,4745,4675,4675,3749,-0.007430997876857748
2018-10-05,4665,4735,4660,4675,12284,0.0
2018-10-08,4730,4730,4600,4650,28658,-0.005347593582887722
2018-10-10,4650,4655,4495,4510,19951,-0.03010752688172047
2018-10-11,4420,4450,4355,4395,40670,-0.0254988913525499
2018-10-12,4215,4425,4215,4425,25534,0.006825938566553003
2018-10-15,4425,4450,4325,4325,8094,-0.02259887005649719
2018-10-16,4345,4345,4310,4335,9552,0.0023121387283238093
2018-10-17,4490,4490,4360,4375,29043,0.009227220299884653
2018-10-18,4425,4425,4305,4330,7154,-0.010285714285714231
2018-10-19,4370,4370,4230,4285,9027,-0.010392609699769073
2018-10-22,4425,4425,4260,4280,9117,-0.001166861143523934
2018-10-23,4300,4300,4215,4215,23411,-0.015186915887850483
2018-10-24,4210,4235,4175,4195,12867,-0.004744958481613271
2018-10-25,4175,4175,4065,4095,14377,-0.023837902264600697
2018-10-26,4190,4190,4040,4040,11262,-0.013431013431013383
2018-10-29,4050,4070,3995,3995,7055,-0.011138613861386149
2018-10-30,4000,4000,3955,3960,3816,-0.008760951188986232
2018-10-31,3960,4080,3945,4040,17542,0.02020202020202011
2018-11-01,4100,4100,4010,4010,18962,-0.007425742574257432
2018-11-02,4025,4180,4025,4180,19016,0.04239401496259343
2018-11-05,4150,4170,4115,4120,8058,-0.014354066985645897
2018-11-06,4160,4190,4135,4190,14304,0.016990291262136026
2018-11-07,4190,4295,4190,4260,29891,0.01670644391408116
2018-11-08,4320,4320,4265,4270,8597,0.0023474178403755097
2018-11-09,4300,4300,4210,4215,3380,-0.012880562060889944
2018-11-12,4240,4240,4195,4195,6274,-0.004744958481613271
2018-11-13,4205,4205,4120,4160,11117,-0.008343265792610244
2018-11-14,4170,4170,4115,4120,9569,-0.009615384615384581
2018-11-15,4055,4140,4050,4100,7230,-0.004854368932038833
2018-11-16,4150,4200,4100,4100,7452,0.0
2018-11-19,4225,4225,4100,4110,7224,0.0024390243902439046
2018-11-20,4130,4130,4075,4080,8269,-0.007299270072992692
2018-11-21,4030,4075,4030,4075,5767,-0.001225490196078427
2018-11-22,4095,4095,4050,4070,12496,-0.0012269938650306678
2018-11-23,4025,4085,4025,4055,5228,-0.0036855036855036882
2018-11-26,4070,4070,4060,4060,13496,0.0012330456226881115
2018-11-27,4060,4070,4055,4060,4584,0.0
2018-11-28,4120,4120,4070,4100,12368,0.009852216748768461
2018-11-29,4130,4155,4105,4155,14761,0.013414634146341475
2018-11-30,4185,4185,4120,4185,5216,0.0072202166064982976
2018-12-03,4200,4310,4200,4265,16583,0.019115890083632125
2018-12-04,4210,4285,4210,4240,7530,-0.0058616647127783805
2018-12-05,4230,4240,4210,4230,21803,-0.002358490566037763
2018-12-06,4275,4275,4180,4180,13692,-0.011820330969267157
2018-12-07,4195,4240,4160,4170,17115,-0.0023923444976076125
2018-12-10,4160,4160,4095,4100,40265,-0.016786570743405282
2018-12-11,4120,4235,3900,4040,27696,-0.014634146341463428
2018-12-12,4000,4150,4000,4105,68220,0.016089108910890992
2018-12-13,4080,4140,4080,4085,167751,-0.00487210718635811
2018-12-14,4145,4145,4070,4110,12680,0.006119951040391758
2018-12-17,4110,4140,4075,4120,53042,0.0024330900243310083
2018-12-18,4110,4225,4110,4190,159589,0.016990291262136026
2018-12-19,4190,4235,4180,4190,74402,0.0
2018-12-20,4200,4220,4080,4115,51396,-0.017899761336515496
2018-12-21,4140,4155,4090,4155,38122,0.009720534629404698
2018-12-24,4165,4315,4160,4225,60819,0.016847172081829065
2018-12-26,4160,4440,4125,4185,65620,-0.009467455621301801
2018-12-27,4185,4375,4090,4105,19431,-0.019115890083632014
2018-12-28,4150,4150,4035,4040,38713,-0.015834348355663774
2019-01-02,4045,4200,3950,3955,58144,-0.02103960396039606
2019-01-03,3905,4010,3905,3935,23584,-0.005056890012642201
2019-01-04,3980,3980,3870,3935,14807,0.0
2019-01-07,4000,4000,3950,3980,15734,0.011435832274459878
2019-01-08,3955,4000,3900,3915,14785,-0.01633165829145733
2019-01-09,3950,3965,3905,3945,13862,0.00766283524904221
2019-01-10,3965,3965,3900,3910,14551,-0.008871989860583018
2019-01-11,3920,3925,3910,3920,3889,0.002557544757033181
2019-01-14,3925,3925,3880,3885,11012,-0.008928571428571397
2019-01-15,3880,3955,3750,3930,42366,0.01158301158301156
2019-01-16,3930,3990,3930,3980,37819,0.012722646310432628
2019-01-17,3995,4015,3985,4000,30041,0.005025125628140614
2019-01-18,4015,4070,4000,4065,19658,0.016250000000000098
2019-01-21,4085,4140,4060,4080,28961,0.0036900369003689537
2019-01-22,4065,4080,4035,4050,7238,-0.007352941176470562
2019-01-23,4060,4095,4040,4085,29618,0.00864197530864197
2019-01-24,4085,4200,4085,4150,45784,0.01591187270501826
2019-01-25,4150,4190,4110,4165,21780,0.0036144578313253017
2019-01-28,4195,4200,4115,4175,24529,0.0024009603841537164
2019-01-29,4170,4175,4115,4170,16064,-0.0011976047904191933
2019-01-30,4170,4170,4100,4135,28592,-0.008393285371702586
2019-01-31,4170,4240,4150,4150,50391,0.0036275695284160303
2019-02-01,4160,4190,4100,4140,20125,-0.002409638554216831
2019-02-07,4160,4165,4060,4130,45496,-0.0024154589371980784
2019-02-08,4135,4135,4080,4120,27375,-0.002421307506053294
2019-02-11,4120,4120,4070,4090,11142,-0.007281553398058249
2019-02-12,4110,4120,4060,4090,84388,0.0
2019-02-13,4105,4110,4080,4095,15070,0.0012224938875304847
2019-02-14,4100,4160,4095,4140,10312,0.01098901098901095
2019-02-15,4105,4115,4095,4110,7873,-0.007246376811594235
2019-02-18,4110,4150,4090,4135,24216,0.006082725060827299
2019-02-19,4155,4155,4090,4130,10519,-0.0012091898428052694
2019-02-20,4150,4150,4080,4100,21464,-0.007263922518159771
2019-02-21,4100,4105,4065,4090,24989,-0.0024390243902439046
2019-02-22,4090,4105,4070,4090,24746,0.0
2019-02-25,4080,4140,4080,4120,7778,0.007334963325183352
2019-02-26,4100,4135,4085,4125,7707,0.0012135922330096527
2019-02-27,4130,4175,4110,4175,23713,0.0121212121212122
2019-02-28,4120,4205,4120,4155,29444,-0.004790419161676662
2019-03-04,4195,4195,4155,4165,16171,0.002406738868832692
2019-03-05,4120,4160,4095,4095,18437,-0.01680672268907568
2019-03-06,4120,4120,4070,4115,16085,0.004884004884004867
2019-03-07,4085,4130,4085,4085,8368,-0.007290400972053468
2019-03-08,4050,4085,4050,4075,12378,-0.002447980416156681
2019-03-11,4070,4070,4035,4045,16754,-0.007361963190184007
2019-03-12,4125,4125,4045,4080,3776,0.008652657601977642
2019-03-13,4130,4130,4060,4110,6139,0.007352941176470562
2019-03-14,4130,4130,4080,4110,1809,0.0
2019-03-15,4130,4145,4110,4140,12377,0.007299270072992803
2019-03-18,4125,4165,4125,4165,9580,0.006038647342995196
2019-03-19,4165,4170,4120,4145,8833,-0.004801920768307322
2019-03-20,4155,4155,3885,4100,12821,-0.010856453558504175
2019-03-21,4100,4155,4100,4140,9689,0.009756097560975618
2019-03-22,4140,4140,4110,4115,20334,-0.006038647342995196
2019-03-25,4140,4140,4050,4070,10012,-0.010935601458080146
2019-03-26,4060,4145,4060,4100,1323,0.0073710073710073765
2019-03-27,4125,4125,4055,4095,2701,-0.0012195121951219523
2019-03-28,4110,4140,4055,4085,7117,-0.0024420024420024333
2019-03-29,4140,4140,4080,4115,6061,0.007343941248469932
2019-04-01,4060,4165,4060,4150,13557,0.008505467800729027
2019-04-02,4150,4175,4110,4160,16662,0.002409638554216942
2019-04-03,4190,4220,4100,4220,29084,0.014423076923076872
2019-04-04,4200,4255,4195,4225,10523,0.0011848341232227888
2019-04-05,4200,4290,4200,4285,11601,0.014201183431952646
2019-04-08,4265,4310,4265,4280,5159,-0.001166861143523934
2019-04-09,4280,4300,4260,4290,11701,0.002336448598130758
2019-04-10,4280,4370,4260,4330,17426,0.00932400932400923
2019-04-11,4330,4330,4290,4315,12138,-0.0034642032332563577
2019-04-12,4320,4340,4285,4330,12908,0.0034762456546928444
2019-04-15,4330,4435,4330,4430,52092,0.023094688221708903
2019-04-16,4400,4430,4385,4420,14567,-0.0022573363431150906
2019-04-17,4420,4535,4410,4470,42637,0.011312217194570096
2019-04-18,4495,4525,4365,4365,30688,-0.023489932885906062
2019-04-19,4400,5650,4395,4740,599113,0.08591065292096212
2019-04-22,4740,4840,4620,4705,70536,-0.007383966244725704
2019-04-23,4705,4730,4605,4610,46081,-0.020191285866099862
2019-04-24,4690,4735,4590,4640,46087,0.006507592190889477
2019-04-25,4640,4645,4550,4550,13681,-0.0193965517241379
2019-04-26,4550,4570,4500,4500,18450,-0.01098901098901095
2019-04-29,4500,4625,4465,4610,20492,0.02444444444444449
2019-04-30,4530,4665,4530,4545,38921,-0.014099783080260275
2019-05-02,4545,4635,4470,4520,13683,-0.005500550055005493
2019-05-03,4530,4635,4530,4595,11759,0.0165929203539823
2019-05-07,4595,4595,4480,4515,15136,-0.017410228509249226
2019-05-08,4470,4525,4425,4490,15222,-0.0055370985603543366
2019-05-09,4540,4540,4435,4435,15422,-0.012249443207126953
2019-05-10,4495,4545,4435,4545,2579,0.024802705749718212
2019-05-13,4430,4500,4430,4470,3990,-0.01650165016501648
2019-05-14,4320,4520,4315,4465,9652,-0.0011185682326622093
2019-05-15,4545,4545,4445,4455,7392,-0.002239641657334812
2019-05-16,4500,4500,4385,4440,4952,-0.0033670033670033517
2019-05-17,4420,4510,4420,4490,15173,0.011261261261261257
2019-05-20,4490,4500,4440,4440,4415,-0.011135857461024523
2019-05-21,4340,4510,4340,4400,12173,-0.009009009009009028
2019-05-22,4400,4470,4390,4410,8506,0.002272727272727204
2019-05-23,4420,4505,4320,4370,17948,-0.009070294784580546
2019-05-24,4365,4385,4350,4380,5626,0.0022883295194509046
2019-05-27,4350,4380,4350,4360,9056,-0.004566210045662156
2019-05-28,4400,4410,4370,4405,12040,0.010321100917431103
2019-05-29,4425,4425,4350,4370,18114,-0.007945516458569779
2019-05-30,4420,4420,4355,4375,25344,0.0011441647597254523
2019-05-31,4400,4400,4350,4370,1728,-0.0011428571428571122
2019-06-03,4370,4380,4340,4380,7503,0.0022883295194509046
2019-06-04,4395,4395,4335,4385,11620,0.0011415525114155667
2019-06-05,4400,4465,4395,4420,17273,0.007981755986316896
2019-06-07,4450,4450,4415,4425,13494,0.0011312217194570096
2019-06-10,4405,4425,4405,4415,12514,-0.002259887005649719
2019-06-11,4415,4435,4400,4410,39606,-0.0011325028312570984
2019-06-12,4450,4450,4380,4425,11070,0.00340136054421758
2019-06-13,4410,4415,4365,4365,32547,-0.013559322033898313
2019-06-14,4400,4425,4350,4400,37059,0.008018327605956443
2019-06-17,4400,4440,4395,4430,28618,0.006818181818181834
2019-06-18,4445,4445,4400,4410,34982,-0.004514672686230292
2019-06-19,4440,4450,4420,4435,72973,0.005668934240362855
2019-06-20,4445,4470,4440,4450,27362,0.0033821871476888976
2019-06-21,4445,4840,4445,4600,227174,0.03370786516853941
2019-06-24,4600,4820,4600,4800,134600,0.04347826086956519
2019-06-25,4810,4870,4625,4835,105096,0.007291666666666696
2019-06-26,4830,4920,4780,4895,133289,0.012409513960703222
2019-06-27,4895,4945,4835,4925,41135,0.006128702757916216
2019-06-28,4925,4940,4865,4880,39896,-0.009137055837563413
2019-07-01,4880,4910,4850,4895,61720,0.0030737704918033515
2019-07-02,4725,4940,4725,4905,87598,0.0020429009193054792
2019-07-03,4905,4930,4750,4825,62840,-0.016309887869520923
2019-07-04,4825,4880,4780,4845,43745,0.004145077720207224
2019-07-05,4845,4875,4730,4835,26647,-0.0020639834881320818
2019-07-08,4835,4835,4630,4715,35547,-0.024819027921406445
2019-07-09,4715,4840,4670,4670,14931,-0.009544008483563071
2019-07-10,4720,4720,4615,4660,16634,-0.0021413276231263545
2019-07-11,4795,4795,4700,4750,44047,0.0193133047210301
2019-07-12,4790,4790,4675,4750,17355,0.0
2019-07-15,4795,4795,4690,4750,15166,0.0
2019-07-16,4795,4830,4750,4815,50973,0.013684210526315743
2019-07-17,4815,4815,4760,4795,46680,-0.004153686396677014
2019-07-18,4800,4820,4700,4750,36840,-0.009384775808133461
2019-07-19,4800,4850,4790,4850,59629,0.021052631578947434
2019-07-22,4850,4850,4820,4825,27312,-0.005154639175257714
2019-07-23,4850,4865,4825,4850,21894,0.005181347150259086
2019-07-24,4830,4850,4755,4755,6320,-0.019587628865979423
2019-07-25,4755,4850,4720,4740,18731,-0.003154574132492094
2019-07-26,4740,4740,4690,4715,8926,-0.0052742616033755185
2019-07-29,4780,4780,4520,4600,7912,-0.024390243902439046
2019-07-30,4510,4610,4510,4590,2549,-0.0021739130434782483
2019-07-31,4525,4580,4500,4510,9534,-0.017429193899782147
2019-08-01,4405,4510,4405,4490,25318,-0.0044345898004434225
2019-08-02,4420,4475,4420,4470,3024,-0.0044543429844098315
2019-08-05,4470,4470,4220,4335,27479,-0.030201342281879207
2019-08-06,4140,4340,4140,4300,10271,-0.008073817762399127
2019-08-07,4300,4555,4300,4330,13661,0.006976744186046435
2019-08-08,4385,4470,4330,4440,27839,0.025404157043879882
2019-08-09,4560,4590,4440,4575,15055,0.030405405405405483
2019-08-12,4520,4600,4520,4545,2929,-0.006557377049180357
2019-08-13,4535,4545,4490,4535,19231,-0.002200220022002153
2019-08-14,4535,4775,4485,4505,10114,-0.006615214994487362
2019-08-16,4605,4605,4415,4445,20723,-0.013318534961154316
2019-08-19,4495,4495,4465,4490,3452,0.01012373453318327
2019-08-20,4585,4585,4480,4580,56205,0.020044543429844186
2019-08-21,4590,4600,4530,4590,36898,0.0021834061135370675
2019-08-22,4595,4650,4570,4595,9749,0.0010893246187364536
2019-08-23,4595,4620,4555,4580,7606,-0.0032644178454842576
2019-08-26,4550,4550,4480,4490,14148,-0.01965065502183405
2019-08-27,4670,4670,4460,4475,22960,-0.0033407572383074013
2019-08-28,4475,4490,4455,4475,3202,0.0
2019-08-29,4600,4600,4445,4460,5267,-0.003351955307262622
2019-08-30,4595,4595,4485,4535,24672,0.01681614349775784
2019-09-02,4535,4565,4510,4565,11491,0.006615214994487362
2019-09-03,4615,4900,4555,4555,102483,-0.0021905805038334725
2019-09-04,4555,4585,4550,4560,20721,0.001097694840834329
2019-09-05,4660,4660,4555,4575,51616,0.00328947368421062
2019-09-06,4640,4640,4525,4575,6072,0.0
2019-09-09,4520,4610,4520,4570,9594,-0.0010928961748634114
2019-09-10,4695,4695,4550,4585,23635,0.003282275711159688
2019-09-11,4595,4620,4570,4590,42966,0.0010905125408942062
2019-09-16,4675,4685,4615,4685,26182,0.020697167755991286
2019-09-17,4650,4735,4645,4725,23051,0.008537886872998834
2019-09-18,4680,4765,4680,4755,36091,0.006349206349206327
2019-09-19,4790,4790,4690,4720,27036,-0.007360672975814886
2019-09-20,4775,4775,4720,4735,4651,0.0031779661016948513
2019-09-23,4755,4755,4675,4705,20405,-0.006335797254487852
2019-09-24,4750,4785,4650,4710,3132,0.0010626992561104665
2019-09-25,4710,4710,4610,4615,14625,-0.02016985138004246
2019-09-26,4620,4690,4605,4640,13651,0.005417118093174356
2019-09-27,4640,4665,4620,4630,3750,-0.0021551724137931494
2019-09-30,4720,4720,4600,4645,23638,0.003239740820734305
2019-10-01,4660,4700,4615,4700,33842,0.011840688912809538
2019-10-02,4650,4665,4625,4635,15104,-0.013829787234042601
2019-10-04,4630,4640,4360,4585,10964,-0.010787486515641875
2019-10-07,4585,4585,4520,4520,29393,-0.014176663031624903
2019-10-08,4500,4595,4500,4585,6936,0.014380530973451267
2019-10-10,4585,4585,4515,4550,9275,-0.007633587786259555
2019-10-11,4560,4590,4560,4585,11199,0.007692307692307665
2019-10-14,4675,4675,4600,4625,21599,0.008724100327153872
2019-10-15,4665,4665,4580,4620,43626,-0.00108108108108107
2019-10-16,4620,4645,4620,4645,9242,0.005411255411255311
2019-10-17,4670,4670,4630,4635,5729,-0.0021528525296017342
2019-10-18,4675,4675,4585,4610,11465,-0.005393743257820938
2019-10-21,4645,4645,4565,4565,15799,-0.009761388286334105
2019-10-22,4565,4645,4560,4600,11187,0.00766703176341732
2019-10-23,4630,4630,4570,4600,38242,0.0
2019-10-24,4595,4595,4560,4595,14160,-0.0010869565217391797
2019-10-25,4615,4615,4575,4600,2363,0.0010881392818280489
2019-10-28,4635,4635,4565,4585,5887,-0.003260869565217428
2019-10-29,4600,4600,4560,4585,13199,0.0
2019-10-30,4560,4625,4545,4580,11436,-0.0010905125408942062
2019-10-31,4625,4625,4570,4575,1419,-0.0010917030567685337
2019-11-01,4575,4585,4560,4580,5292,0.0010928961748633004
2019-11-04,4610,4670,4590,4660,35609,0.017467248908296984
2019-11-05,4595,4725,4595,4695,50228,0.007510729613734002
2019-11-06,4650,4695,4640,4680,24353,-0.0031948881789137795
2019-11-07,4785,4785,4650,4695,15753,0.0032051282051281937
2019-11-08,4660,4755,4660,4730,30324,0.007454739084131967
2019-11-11,4730,4730,4675,4690,13666,-0.008456659619450302
2019-11-12,4735,4735,4630,4650,21108,-0.008528784648187626
2019-11-13,4645,4675,4600,4620,8112,-0.006451612903225823
2019-11-14,4680,4680,4615,4625,4471,0.0010822510822510178
2019-11-15,4635,4690,4625,4685,17847,0.012972972972973063
2019-11-18,4695,4695,4635,4650,10839,-0.007470651013874119
2019-11-19,4675,4675,4610,4650,10299,0.0
2019-11-20,4665,4665,4635,4655,9623,0.0010752688172042113
2019-11-21,4665,4665,4585,4605,14263,-0.01074113856068748
2019-11-22,4605,4650,4605,4640,5074,0.007600434310532034
2019-11-25,4645,4705,4645,4670,8274,0.006465517241379226
2019-11-26,4700,4710,4680,4705,15184,0.007494646680942241
2019-11-27,4690,4710,4690,4710,3402,0.0010626992561104665
2019-11-28,4695,4740,4690,4700,24281,-0.002123142250530785
2019-11-29,4700,4750,4650,4660,17872,-0.008510638297872353
2019-12-02,4725,4725,4650,4710,4942,0.010729613733905685
2019-12-03,4700,4715,4660,4715,1262,0.0010615711252655036
2019-12-04,4715,4715,4680,4695,10639,-0.0042417815482502785
2019-12-05,4680,4710,4675,4690,7937,-0.0010649627263046302
2019-12-06,4700,4730,4680,4705,7718,0.0031982942430703876
2019-12-09,4700,4725,4695,4705,12322,0.0
2019-12-10,4740,4740,4695,4705,6696,0.0
2019-12-11,4735,4735,4690,4715,7512,0.002125398512220933
2019-12-12,4695,4760,4695,4730,13515,0.0031813361611876534
2019-12-13,4745,4830,4745,4765,93766,0.007399577167019
2019-12-16,4775,4815,4775,4800,75509,0.007345225603357708
2019-12-17,4820,4820,4655,4800,18295,0.0
2019-12-18,4810,4810,4785,4800,13414,0.0
2019-12-19,4770,4840,4770,4820,26771,0.004166666666666652
2019-12-20,4800,4820,4600,4770,42681,-0.010373443983402453
2019-12-23,4810,4830,4765,4790,60156,0.004192872117400492
2019-12-24,4835,4835,4770,4800,40870,0.0020876826722338038
2019-12-26,4845,4845,4790,4835,47020,0.007291666666666696
2019-12-27,4660,4700,4620,4690,27456,-0.02998965873836612
2019-12-30,4700,4700,4620,4640,21966,-0.010660980810234588
2020-01-02,4660,4660,4500,4580,8169,-0.012931034482758674
2020-01-03,4545,4625,4515,4540,29642,-0.008733624454148492
2020-01-06,4540,4540,4260,4475,28848,-0.014317180616740033
2020-01-07,4515,4515,4460,4495,6749,0.004469273743016755
2020-01-08,4495,4495,4350,4385,13050,-0.024471635150166815
2020-01-09,4400,4470,4350,4430,10647,0.010262257696693311
2020-01-10,4450,4460,4350,4460,10262,0.006772009029345272
2020-01-13,4460,4500,4420,4495,3764,0.007847533632286963
2020-01-14,4545,4605,4490,4585,31676,0.020022246941045596
2020-01-15,4620,4620,4585,4590,1319,0.0010905125408942062
2020-01-16,4600,4600,4410,4535,31403,-0.011982570806100212
2020-01-17,4590,4590,4500,4550,14655,0.00330760749724357
2020-01-20,4500,4600,4500,4550,6512,0.0
2020-01-21,4550,4555,4510,4520,2061,-0.00659340659340657
2020-01-22,4560,4560,4475,4550,53329,0.006637168141592875
2020-01-23,4550,4550,4440,4455,7492,-0.020879120879120916
2020-01-28,4500,4500,4225,4235,31694,-0.04938271604938271
2020-01-29,4380,4380,4250,4270,12454,0.008264462809917328
2020-01-30,4270,4270,4185,4190,24186,-0.0187353629976581
2020-01-31,4240,4240,4130,4130,36673,-0.014319809069212375
2020-02-03,4100,4100,4015,4085,11193,-0.010895883777239712
2020-02-04,4145,4145,4070,4105,15993,0.004895960832313362
2020-02-05,4140,4195,4090,4130,23101,0.006090133982947554
2020-02-06,4225,4260,4140,4250,10799,0.029055690072639306
2020-02-07,4350,4410,4195,4250,10316,0.0
2020-02-10,4175,4230,4140,4225,6077,-0.00588235294117645
2020-02-11,4240,4245,4190,4245,4571,0.004733727810650956
2020-02-12,4250,4250,4185,4210,13921,-0.00824499411071844
2020-02-13,4210,4245,4195,4195,5991,-0.0035629453681710332
2020-02-14,4220,4220,4200,4205,8009,0.0023837902264600697
2020-02-17,4200,4250,4150,4200,7591,-0.0011890606420927874
2020-02-18,4260,4260,4160,4180,10045,-0.004761904761904745
2020-02-19,4260,4260,4145,4180,4589,0.0
2020-02-20,4160,4225,4130,4140,14466,-0.009569377990430672
2020-02-21,4125,4130,4080,4100,11038,-0.009661835748792313
2020-02-24,4090,4200,3850,4020,38678,-0.019512195121951237
2020-02-25,3900,4115,3860,4110,26919,0.02238805970149249
2020-02-26,3975,4075,3975,4050,8190,-0.014598540145985384
2020-02-27,4100,4100,3995,4010,11112,-0.00987654320987652
2020-02-28,3950,3995,3910,3945,15439,-0.016209476309226978
2020-03-02,4085,4085,3920,3970,12685,0.006337135614702172
2020-03-03,4005,4060,4000,4000,11859,0.007556675062972307
2020-03-04,4085,4145,4030,4090,33373,0.022499999999999964
2020-03-05,4145,4145,4080,4140,10391,0.012224938875305513
2020-03-06,4135,4135,4045,4065,6033,-0.018115942028985477
2020-03-09,4075,4075,3920,3940,18428,-0.03075030750307506
2020-03-10,3800,3980,3800,3930,37825,-0.0025380710659898
2020-03-11,3930,3950,3850,3870,11177,-0.01526717557251911
2020-03-12,3755,3835,3690,3730,42441,-0.036175710594315236
2020-03-13,3645,3645,3355,3520,58176,-0.05630026809651478
2020-03-16,3480,3560,3415,3435,27708,-0.024147727272727293
2020-03-17,3150,3355,3150,3225,82287,-0.06113537117903933
2020-03-18,3250,3320,3005,3005,45598,-0.06821705426356595
2020-03-19,3000,3025,2450,2450,95690,-0.18469217970049912
2020-03-20,2590,2750,2460,2680,38102,0.09387755102040818
2020-03-23,2500,2590,2405,2490,72226,-0.07089552238805974
2020-03-24,2530,2775,2530,2775,53227,0.1144578313253013
2020-03-25,2845,3015,2820,2990,151088,0.07747747747747757
2020-03-26,3000,3095,2875,2980,282379,-0.0033444816053511683
2020-03-27,3140,3175,3030,3095,56035,0.038590604026845554
2020-03-30,3000,3150,2940,3140,34893,0.01453957996768973
2020-03-31,3200,3250,3145,3180,39256,0.01273885350318471
2020-04-01,3180,3200,3100,3100,33803,-0.02515723270440251
2020-04-02,3100,3100,3005,3085,28367,-0.004838709677419395
2020-04-03,3075,3135,3030,3080,37583,-0.0016207455429497752
2020-04-06,3035,3180,3035,3165,32605,0.02759740259740262
2020-04-07,3250,3250,3130,3180,49695,0.004739336492890933
2020-04-08,3150,3180,3130,3170,30532,-0.0031446540880503138
2020-04-09,3200,3220,3130,3195,48239,0.007886435331230235
2020-04-10,3150,3290,3150,3290,57957,0.029733959311424085
2020-04-13,3300,3330,3190,3195,44670,-0.028875379939209744
2020-04-14,3195,3250,3195,3230,18285,0.010954616588419341
2020-04-16,3250,3250,3160,3210,11535,-0.006191950464396245
2020-04-17,3220,3400,3220,3330,70668,0.03738317757009346
2020-04-20,3300,3365,3280,3290,26873,-0.012012012012011963
2020-04-21,3250,3290,3205,3210,13322,-0.024316109422492405
2020-04-22,3220,3245,3145,3235,10991,0.007788161993769416
2020-04-23,3240,3330,3150,3240,26145,0.0015455950540959051
2020-04-24,3240,3300,3235,3250,16634,0.0030864197530864335
2020-04-27,3250,3330,3250,3265,30236,0.004615384615384688
2020-04-28,3275,3355,3270,3280,24055,0.004594180704440953
2020-04-29,3260,4000,3260,3455,374663,0.05335365853658547
2020-05-04,3405,3430,3275,3340,42463,-0.03328509406657021
2020-05-06,3400,3450,3355,3415,42368,0.022455089820359264
2020-05-07,3425,3495,3400,3415,14772,0.0
2020-05-08,3415,3460,3400,3425,17439,0.002928257686676483
2020-05-11,3415,3455,3350,3390,39173,-0.010218978102189746
2020-05-12,3370,3380,3260,3290,42353,-0.029498525073746285
2020-05-13,3210,3295,3200,3290,30275,0.0
2020-05-14,3350,3350,3230,3265,10022,-0.0075987841945288626
2020-05-15,3265,3340,3250,3295,16502,0.009188361408882129
2020-05-18,3310,3360,3205,3330,15347,0.01062215477996964
2020-05-19,3380,3440,3355,3420,51070,0.027027027027026973
2020-05-20,3400,3445,3395,3430,20824,0.0029239766081872176
2020-05-21,3500,3665,3415,3515,89735,0.02478134110787167
2020-05-22,3580,3580,3405,3465,29574,-0.014224751066856278
2020-05-25,3460,3495,3385,3465,14740,0.0
2020-05-26,3470,3515,3465,3500,20235,0.010101010101010166
2020-05-27,3530,3600,3505,3595,35354,0.027142857142857135
2020-05-28,3650,3725,3595,3695,82388,0.02781641168289295
2020-05-29,3700,3700,3605,3670,21767,-0.006765899864682012
2020-06-01,3665,3690,3450,3660,33126,-0.0027247956403270157
2020-06-02,3695,3730,3660,3730,34116,0.0191256830601092
2020-06-03,3755,3970,3750,3930,75001,0.0536193029490617
2020-06-04,4000,4100,3880,3890,59701,-0.010178117048346036
2020-06-05,3890,4020,3850,4000,52066,0.028277634961439535
2020-06-08,4075,4150,4050,4100,34361,0.02499999999999991
2020-06-09,4150,4180,4000,4035,32068,-0.01585365853658538
2020-06-10,4035,4085,3990,4070,31977,0.00867410161090465
2020-06-11,4105,4105,3950,3970,36826,-0.02457002457002455
2020-06-12,3670,3895,3615,3880,46363,-0.02267002518891692
2020-06-15,3900,3930,3700,3700,42322,-0.046391752577319534
2020-06-16,3860,3920,3775,3905,20769,0.055405405405405395
2020-06-17,3885,4700,3885,4245,685130,0.08706786171574898
2020-06-18,4345,5360,4300,4960,2349756,0.16843345111896357
2020-06-19,5350,5490,4225,4295,1261194,-0.13407258064516125
2020-06-22,4300,4465,4080,4195,209961,-0.023282887077997638
2020-06-23,4215,4295,4055,4125,136889,-0.016686531585220488
2020-06-24,4190,4245,4090,4175,122456,0.0121212121212122
2020-06-25,4125,4145,4025,4040,70779,-0.03233532934131733
2020-06-26,4065,4090,3975,3995,61268,-0.011138613861386149
2020-06-29,3915,3935,3845,3865,59090,-0.03254067584480602
2020-06-30,3895,4005,3895,3930,32969,0.01681759379042691
2020-07-01,3950,4200,3945,3985,50142,0.013994910941475869
2020-07-02,4010,4085,3945,4000,39264,0.0037641154328733606
2020-07-03,4000,4040,3935,3985,35273,-0.003750000000000031
2020-07-06,4005,4090,4000,4080,50723,0.023839397741530766
2020-07-07,4105,4270,4095,4100,52605,0.004901960784313708
2020-07-08,4100,4230,4090,4140,24276,0.009756097560975618
2020-07-09,4150,4350,4140,4265,147142,0.030193236714975757
2020-07-10,4265,4265,4125,4140,68380,-0.029308323563892125
2020-07-13,4155,4315,4155,4240,40892,0.024154589371980784
2020-07-14,4230,4325,4225,4280,61320,0.009433962264151052
2020-07-15,4450,4450,4330,4410,82694,0.030373831775700966
2020-07-16,4430,4660,4430,4500,155067,0.020408163265306145
2020-07-17,4520,4760,4520,4710,190497,0.046666666666666634
2020-07-20,4850,4850,4620,4785,134363,0.015923566878981
2020-07-21,4820,5040,4800,4960,211153,0.03657262277951934
2020-07-22,5000,5130,4975,5020,138291,0.012096774193548487
2020-07-23,5050,5090,4700,4855,121341,-0.03286852589641431
2020-07-24,4800,4905,4675,4725,138055,-0.026776519052523207
2020-07-27,4695,4855,4695,4770,53102,0.00952380952380949
2020-07-28,4880,4880,4760,4800,56925,0.0062893081761006275
2020-07-29,4800,4845,4710,4770,45407,-0.006249999999999978
2020-07-30,4770,4835,4745,4790,35977,0.004192872117400492
2020-07-31,4890,4890,4750,4830,74162,0.008350730688935215
2020-08-03,4955,4955,4820,4840,49243,0.0020703933747412417
2020-08-04,4875,5100,4855,5100,116296,0.05371900826446274
2020-08-05,5290,5320,5140,5300,271345,0.03921568627450989
2020-08-06,5380,5470,5190,5230,182740,-0.013207547169811318
2020-08-07,5330,5340,5120,5230,100203,0.0
2020-08-10,5230,5620,5230,5580,253115,0.06692160611854692
2020-08-11,5740,5920,5480,5550,233527,-0.005376344086021501
2020-08-12,5460,5690,5250,5550,101437,0.0
2020-08-13,5650,5660,5470,5540,97872,-0.0018018018018017834
2020-08-14,5550,5550,5280,5360,97684,-0.032490974729241895
2020-08-18,5490,5490,4900,5050,159296,-0.057835820895522416
2020-08-19,5050,5310,5020,5120,62334,0.013861386138613874
2020-08-20,5130,5130,4840,4860,100611,-0.05078125
2020-08-21,4905,5060,4610,4925,64072,0.01337448559670773
2020-08-24,4930,5020,4770,5000,29861,0.015228426395939021
2020-08-25,5070,5250,5050,5220,70539,0.04400000000000004
2020-08-26,5330,5330,5070,5180,56819,-0.007662835249042099
2020-08-27,5190,5220,5050,5090,62777,-0.01737451737451734
2020-08-28,5130,5250,5110,5190,102009,0.01964636542239684
2020-08-31,5220,5330,5070,5120,70729,-0.013487475915221592
2020-09-01,5120,5180,5000,5110,51323,-0.001953125
2020-09-02,5200,5220,5090,5170,57539,0.011741682974559797
2020-09-03,5190,5220,5100,5170,46860,0.0
2020-09-04,4980,5150,4980,5040,65131,-0.025145067698259194
2020-09-07,5100,5180,5050,5150,56063,0.021825396825396748
2020-09-08,5190,5210,5050,5080,77864,-0.013592233009708687
2020-09-09,5070,5070,5000,5010,54532,-0.013779527559055094
2020-09-10,5170,5170,5050,5100,38984,0.017964071856287456
2020-09-11,5180,5180,5020,5140,58657,0.007843137254901933
2020-09-14,5150,5230,5050,5230,110877,0.017509727626459082
2020-09-15,5160,5240,5160,5220,67890,-0.0019120458891013214
2020-09-16,5220,5250,5160,5180,29093,-0.007662835249042099
2020-09-17,5160,5230,5100,5140,35607,-0.007722007722007707
2020-09-18,5100,5170,5090,5160,41031,0.0038910505836575737
2020-09-21,5200,5210,5040,5100,41991,-0.011627906976744207
2020-09-22,5100,5130,4875,4890,67108,-0.04117647058823526
2020-09-23,5000,5000,4800,4925,36677,0.007157464212679043
2020-09-24,4805,4900,4800,4840,74546,-0.017258883248730927
2020-09-25,4840,5000,4840,4900,32151,0.012396694214876103
2020-09-28,4905,5060,4900,4980,39707,0.01632653061224487
2020-09-29,4980,5120,4975,5030,19484,0.010040160642570184
2020-10-05,5030,5070,4995,5060,22769,0.005964214711729587
2020-10-06,5090,5090,5000,5050,86855,-0.0019762845849802257
2020-10-07,5050,5050,5000,5020,14147,-0.005940594059405946
2020-10-08,5040,5070,4995,5070,31382,0.009960159362549792
2020-10-12,5090,5130,5070,5110,32909,0.007889546351084853
2020-10-13,5150,5150,5010,5080,32185,-0.005870841487279899
2020-10-14,5100,5100,4980,4995,33612,-0.0167322834645669
2020-10-15,4995,5040,4970,4985,20623,-0.002002002002001957
2020-10-16,4990,5040,4960,5010,30547,0.005015045135406293
2020-10-19,4980,5050,4980,5030,22456,0.003992015968063978
2020-10-20,5030,5030,4960,4995,17937,-0.006958250497017926
2020-10-21,4995,5130,4970,5060,84009,0.013013013013013053
2020-10-22,5060,5110,5020,5100,73465,0.007905138339920903
2020-10-23,5180,5190,5090,5110,115845,0.0019607843137254832
2020-10-26,5150,5150,5030,5040,89398,-0.013698630136986356
2020-10-27,5020,5070,4980,5030,26426,-0.001984126984126977
2020-10-28,5030,5080,5000,5070,29352,0.007952286282306265
2020-10-29,5010,5030,4975,5030,97676,-0.007889546351084853
2020-10-30,5020,5040,4995,5010,36887,-0.003976143141153132
2020-11-02,4985,5070,4985,5040,21472,0.0059880239520957446
2020-11-03,5080,5100,5040,5090,30145,0.009920634920634885
2020-11-04,5130,5130,5030,5050,12747,-0.007858546168958758
2020-11-05,5120,5130,5060,5120,40268,0.013861386138613874
2020-11-06,5120,5150,5050,5050,22789,-0.013671875
2020-11-09,5100,5150,5050,5130,35700,0.015841584158415856
2020-11-10,5200,5200,5100,5150,50146,0.003898635477582957
2020-11-11,5150,5290,5110,5290,92058,0.027184466019417375
2020-11-12,5300,5300,5180,5250,45073,-0.007561436672967825
2020-11-13,5260,5270,5200,5230,33017,-0.003809523809523818
2020-11-16,5320,5360,5250,5320,144664,0.017208413001912115
2020-11-17,5410,5420,5240,5300,61404,-0.003759398496240629
2020-11-18,5400,5400,5270,5300,47428,0.0
2020-11-19,5300,5300,5220,5270,37254,-0.005660377358490565
2020-11-20,5290,5350,5270,5300,23805,0.005692599620493288
2020-11-23,5300,5390,5250,5360,72994,0.01132075471698113
2020-11-24,5400,5400,5350,5370,24543,0.001865671641791078
2020-11-25,5440,5540,5330,5420,114502,0.009310986964618184
2020-11-26,5430,5430,5360,5430,37844,0.0018450184501845879
2020-11-27,5410,5470,5380,5400,14221,-0.0055248618784530246
2020-11-30,5450,5470,5230,5250,78644,-0.02777777777777779
2020-12-01,5280,5420,5280,5410,79289,0.030476190476190546
2020-12-02,5490,5490,5420,5440,46308,0.005545286506469571
2020-12-03,5450,5560,5360,5440,76736,0.0
2020-12-04,5470,5600,5410,5540,140228,0.018382352941176405
2020-12-07,5560,5620,5410,5450,53632,-0.016245487364620947
2020-12-08,5450,5480,5360,5400,37167,-0.00917431192660545
2020-12-09,5430,5470,5420,5430,30548,0.005555555555555536
2020-12-10,5400,5460,5390,5430,22213,0.0
2020-12-11,5450,5530,5440,5480,52137,0.009208103130755152
2020-12-14,5430,5460,5390,5430,33827,-0.009124087591240837
2020-12-15,5420,5460,5390,5420,19609,-0.0018416206261510082
2020-12-16,5420,5460,5390,5420,24278,0.0
2020-12-17,5430,5430,5340,5370,44828,-0.009225092250922495
2020-12-18,5370,5400,5350,5360,29265,-0.0018621973929237035
2020-12-21,5360,5360,5310,5350,21102,-0.001865671641791078
2020-12-22,5350,5350,5270,5280,64459,-0.013084112149532756
2020-12-23,5300,5340,5270,5320,16801,0.007575757575757569
2020-12-24,5320,5440,5260,5440,54403,0.022556390977443552
2020-12-28,5440,5440,5360,5390,118271,-0.009191176470588203
2020-12-29,5260,5260,5070,5090,128493,-0.05565862708719849
2020-12-30,5050,5120,5030,5110,54254,0.003929273084479323
2021-01-04,5080,5090,4945,4970,79916,-0.0273972602739726
2021-01-05,4970,4985,4900,4985,56929,0.003018108651911433
2021-01-06,5030,5210,5030,5090,121299,0.02106318956870612
2021-01-07,5120,5160,5100,5110,72829,0.003929273084479323
2021-01-08,5180,5180,5060,5110,68235,0.0
2021-01-11,5110,5320,5040,5090,183539,-0.003913894324853229
2021-01-12,5100,5110,4955,5010,59583,-0.015717092337917515
2021-01-13,5030,5060,4955,5010,64073,0.0
2021-01-14,5010,5060,5000,5060,40056,0.009980039920159722
2021-01-15,5060,5120,5000,5000,43090,-0.011857707509881465
2021-01-18,4985,4985,4900,4900,39516,-0.020000000000000018
2021-01-19,4900,4990,4900,4990,30808,0.01836734693877551
2021-01-20,4985,5050,4940,4955,25598,-0.007014028056112176
2021-01-21,4970,4985,4935,4960,22056,0.0010090817356205317
2021-01-22,4970,4995,4940,4980,76675,0.0040322580645162365
2021-01-25,4980,5030,4940,5030,37945,0.010040160642570184
2021-01-26,4990,5050,4985,4990,91203,-0.007952286282306154
2021-01-27,4995,5050,4995,5030,52901,0.008016032064128265
2021-01-28,4980,4985,4905,4975,59223,-0.010934393638170947
2021-01-29,4990,5040,4920,4970,100776,-0.0010050251256281673
2021-02-01,4970,5140,4935,5110,115853,0.028169014084507005
2021-02-02,5120,5220,5080,5140,85548,0.005870841487279899
2021-02-03,5240,5240,5110,5190,35473,0.009727626459143934
2021-02-04,5160,5190,5130,5170,43089,-0.003853564547206201
2021-02-05,5180,5230,5150,5230,53255,0.011605415860735047
2021-02-08,5240,5260,5200,5230,34497,0.0
2021-02-09,5250,5270,5200,5210,37870,-0.003824091778202643
2021-02-10,5230,5250,5160,5190,23619,-0.0038387715930902067
2021-02-15,5190,5200,5140,5160,30246,-0.005780346820809301
2021-02-16,5140,5190,5140,5170,28479,0.0019379844961240345
2021-02-17,5170,5170,5110,5140,17780,-0.005802707930367523
2021-02-18,5160,5160,5100,5100,32104,-0.0077821011673151474
2021-02-19,5100,5120,5060,5090,18934,-0.0019607843137254832
2021-02-22,5080,5120,5060,5090,11864,0.0
2021-02-23,5070,5120,5000,5080,24963,-0.0019646365422396617
2021-02-24,5080,5080,5010,5030,29968,-0.009842519685039353
2021-02-25,5050,5090,5040,5080,38626,0.00994035785288272
2021-02-26,5010,5010,4930,4940,18916,-0.027559055118110187
2021-03-02,4990,4990,4905,4905,41590,-0.007085020242915019
2021-03-03,4865,4940,4865,4940,18119,0.007135575942915473
2021-03-04,4920,4940,4905,4905,17283,-0.007085020242915019
2021-03-05,4895,4905,4855,4900,16940,-0.0010193679918450993
2021-03-08,4915,4915,4865,4870,17345,-0.006122448979591799
2021-03-09,4880,4885,4770,4855,21102,-0.0030800821355235763
2021-03-10,4870,4870,4810,4835,17652,-0.004119464469618972
2021-03-11,4840,4895,4835,4890,15486,0.011375387797311287
2021-03-12,4905,4940,4875,4940,8276,0.010224948875255713
2021-03-15,4950,4970,4880,4960,12402,0.004048582995951344
2021-03-16,4965,4970,4930,4960,14977,0.0
2021-03-17,4955,4960,4900,4915,22019,-0.009072580645161255
2021-03-18,4930,4950,4910,4925,28934,0.0020345879959309254
2021-03-19,4925,4925,4845,4875,25797,-0.010152284263959421
2021-03-22,4875,4880,4810,4840,44910,-0.007179487179487132
2021-03-23,4845,4845,4820,4820,15288,-0.004132231404958664
2021-03-24,4815,4815,4770,4805,17730,-0.003112033195020736
2021-03-25,4810,4815,4775,4790,27663,-0.003121748178980255
2021-03-26,4805,4830,4790,4830,30060,0.008350730688935215
2021-03-29,4845,4850,4810,4825,23480,-0.0010351966873706209
2021-03-30,4835,4890,4810,4890,32088,0.013471502590673534
2021-03-31,4900,4970,4870,4950,58885,0.012269938650306678
2021-04-01,4965,4980,4940,4970,42739,0.004040404040404066
2021-04-02,4985,5020,4960,4985,57033,0.003018108651911433
2021-04-05,5010,5060,4975,5050,76828,0.013039117352056095
2021-04-06,5060,5990,5050,5460,762262,0.08118811881188126
2021-04-07,5460,6790,5390,6110,4198551,0.11904761904761907
2021-04-08,6000,6480,5740,5900,529265,-0.03436988543371522
2021-04-09,5920,6100,5700,5950,290974,0.008474576271186418
2021-04-12,6070,6500,6050,6180,528858,0.038655462184874034
2021-04-13,6230,6230,5850,5920,350138,-0.04207119741100329
2021-04-14,6040,6040,5800,5980,164452,0.010135135135135087
2021-04-15,5980,6200,5830,5990,274985,0.0016722408026756952
2021-04-16,6120,6300,6020,6160,308363,0.028380634390651194
2021-04-19,6210,6300,6080,6210,330958,0.008116883116883189
2021-04-20,6210,7860,6160,7400,3859684,0.19162640901771333
2021-04-21,7170,7270,6780,6860,783312,-0.072972972972973
2021-04-22,7000,7000,6520,6580,481771,-0.04081632653061229
2021-04-23,6560,7550,6420,6900,1401849,0.04863221884498481
2021-04-26,7000,7430,6920,7080,547559,0.026086956521739202
2021-04-27,7120,7240,6980,7150,240205,0.009887005649717562
2021-04-28,7100,7340,7000,7130,270010,-0.002797202797202747
2021-04-29,7070,7300,6880,7010,262775,-0.016830294530154277
2021-04-30,7110,7260,6970,7000,375484,-0.0014265335235378318
2021-05-03,7130,7140,6830,6840,275605,-0.02285714285714291
2021-05-04,6850,6900,6600,6820,239666,-0.0029239766081871066
2021-05-06,6820,7110,6790,7060,218947,0.035190615835777095
2021-05-07,7400,7400,6910,6930,340828,-0.018413597733711096
2021-05-10,7070,7470,6990,7310,715369,0.0548340548340549
2021-05-11,7160,7360,7090,7200,344911,-0.015047879616963078
2021-05-12,7200,7200,6510,6940,423934,-0.036111111111111094
2021-05-13,6800,6970,6630,6900,145616,-0.0057636887608069065
2021-05-14,6930,6930,6770,6810,124831,-0.013043478260869601
2021-05-17,6840,6850,6610,6680,124147,-0.019089574155653488
2021-05-18,6680,6860,6540,6770,103955,0.013473053892215647
2021-05-20,6750,6840,6640,6640,84696,-0.019202363367799125
2021-05-21,6650,6700,6450,6520,152417,-0.01807228915662651
2021-05-24,6540,6560,6400,6440,95310,-0.012269938650306789
2021-05-25,6470,6500,6250,6300,171766,-0.021739130434782594
2021-05-26,6260,6410,6190,6300,185548,0.0
2021-05-27,6300,6350,6100,6230,117525,-0.011111111111111072
2021-05-28,6250,6340,6220,6340,87496,0.017656500802568198
2021-05-31,6400,6400,6270,6320,113424,-0.003154574132492094
2021-06-01,6320,6560,6310,6530,168859,0.03322784810126578
2021-06-02,6520,6620,6480,6580,145658,0.007656967840734996
2021-06-03,6660,6660,6480,6500,131082,-0.012158054711246202
2021-06-04,6450,6560,6400,6520,69062,0.003076923076922977
2021-06-07,6570,6570,6250,6350,241077,-0.0260736196319018
2021-06-08,6340,6460,6310,6400,100780,0.007874015748031482
2021-06-09,6460,6460,6250,6290,89830,-0.017187500000000022
2021-06-10,6300,6380,6230,6280,69709,-0.0015898251192368873
2021-06-11,6340,6600,6260,6350,287104,0.011146496815286566
2021-06-14,6420,6430,6250,6340,106125,-0.0015748031496063408
2021-06-15,6330,6380,6320,6330,105430,-0.001577287066246047
2021-06-16,6330,6490,6310,6400,69731,0.011058451816745585
2021-06-17,6390,6410,6300,6320,99273,-0.012499999999999956
2021-06-18,6350,6380,6230,6260,98488,-0.009493670886076
2021-06-21,6250,6270,6130,6200,78349,-0.009584664536741228
2021-06-22,6250,6280,6230,6250,36596,0.008064516129032251
2021-06-23,6250,6390,6250,6300,86222,0.008000000000000007
2021-06-24,6300,6330,6250,6310,38482,0.0015873015873015817
2021-06-25,6320,6430,6310,6370,52075,0.009508716323296307
2021-06-28,6430,6500,6380,6380,63009,0.0015698587127157548
2021-06-29,6410,6420,6300,6310,39007,-0.010971786833855801
2021-06-30,6310,6420,6310,6420,60128,0.017432646592709933
2021-07-01,6430,6500,6390,6480,60605,0.009345794392523255
2021-07-02,6470,6550,6440,6500,72884,0.0030864197530864335
2021-07-05,6520,6600,6460,6490,65281,-0.0015384615384614886
2021-07-06,6480,6490,6380,6480,139279,-0.0015408320493066618
2021-07-07,6470,6530,6400,6440,56135,-0.006172839506172867
2021-07-08,6460,6540,6340,6380,76189,-0.009316770186335366
2021-07-09,6320,6350,6230,6300,70178,-0.01253918495297801
2021-07-12,6320,6400,6300,6330,51916,0.004761904761904745
2021-07-13,6330,6400,6290,6300,50516,-0.004739336492891044
2021-07-14,6310,6350,6250,6280,47301,-0.0031746031746031633
2021-07-15,6300,6340,6250,6300,61907,0.0031847133757962887
2021-07-16,6300,6350,6250,6310,41725,0.0015873015873015817
2021-07-19,6310,6310,6200,6270,49446,-0.006339144215530945
2021-07-20,6200,6240,6100,6180,53605,-0.014354066985645897
2021-07-21,6240,6300,6150,6160,30558,-0.003236245954692518
2021-07-22,6150,6270,6110,6240,38823,0.01298701298701288
2021-07-23,6240,6270,6190,6230,24644,-0.0016025641025640969
2021-07-26,6300,6300,6140,6160,37550,-0.011235955056179803
2021-07-27,6160,6240,6160,6200,29603,0.006493506493506551
2021-07-28,6170,6210,6150,6190,17931,-0.001612903225806428
2021-07-29,6200,6240,6110,6170,37685,-0.003231017770597755
2021-07-30,6190,6210,6100,6100,29159,-0.011345218800648316
2021-08-02,6140,6140,6040,6080,36093,-0.003278688524590123
2021-08-03,6090,6250,6000,6250,48271,0.02796052631578938
2021-08-04,6150,6230,6130,6200,55167,-0.008000000000000007
2021-08-05,6200,6270,6160,6200,69541,0.0
2021-08-06,6260,6420,6210,6350,119032,0.024193548387096753
2021-08-09,6370,6370,6200,6220,70117,-0.020472440944881876
2021-08-10,6230,6290,6130,6170,40013,-0.008038585209003246
2021-08-11,6230,6230,6150,6170,20292,0.0
2021-08-12,6200,6230,6080,6110,58434,-0.00972447325769854
2021-08-13,6130,6130,6020,6120,61197,0.0016366612111293755
2021-08-17,6120,6200,6040,6050,42418,-0.011437908496731986
2021-08-18,6080,6190,6020,6100,24829,0.008264462809917328
2021-08-19,6150,6150,5800,5800,52071,-0.049180327868852514
2021-08-20,5870,5880,5600,5650,97572,-0.025862068965517238
2021-08-23,5610,5890,5610,5850,63394,0.03539823008849563
2021-08-24,6000,6070,5900,6040,32931,0.032478632478632585
2021-08-25,6100,6100,6000,6050,21772,0.0016556291390728006
2021-08-26,6080,6100,5960,6020,20342,-0.0049586776859503745
2021-08-27,6000,6100,5960,6090,23729,0.011627906976744207
2021-08-30,6090,6190,6050,6070,25940,-0.003284072249589487
2021-08-31,6150,6150,5940,6040,45532,-0.0049423393739703725
2021-09-01,6100,6100,5950,6060,53285,0.0033112582781456013
2021-09-02,6090,6110,6020,6090,23210,0.004950495049504955
2021-09-03,6100,6150,6090,6140,33855,0.008210180623973828
2021-09-06,6080,6170,6060,6090,29110,-0.008143322475570036
2021-09-07,6110,6110,6000,6040,23482,-0.008210180623973717
2021-09-08,5990,6030,5960,6000,36033,-0.0066225165562914245
2021-09-09,6050,6050,5910,5950,21470,-0.008333333333333304
2021-09-10,5950,6090,5910,6030,39418,0.013445378151260456
2021-09-13,6030,6070,5950,5950,23591,-0.013266998341625258
2021-09-14,5950,6060,5950,6010,17192,0.010084033613445342
2021-09-15,6030,6030,5980,5990,17075,-0.0033277870216306127
2021-09-16,6040,6050,5930,5960,21844,-0.005008347245408995
2021-09-17,6010,6070,5970,6050,53847,0.015100671140939603
2021-09-23,6010,6010,5850,5850,53764,-0.03305785123966942
2021-09-24,5900,5920,5850,5880,20039,0.00512820512820511
2021-09-27,5920,5920,5860,5890,19189,0.001700680272108901
2021-09-28,5900,5910,5850,5870,18869,-0.00339558573853993
2021-09-29,5820,5820,5750,5760,22999,-0.01873935264054516
2021-09-30,5780,5820,5760,5760,13050,0.0
2021-10-01,5750,5760,5610,5610,27129,-0.02604166666666663
2021-10-05,5540,5540,5300,5430,48327,-0.03208556149732622
2021-10-06,5520,5520,5320,5370,38472,-0.011049723756906049
2021-10-07,5300,5520,5300,5500,41522,0.024208566108007368
2021-10-08,5460,5530,5460,5470,20221,-0.00545454545454549
2021-10-12,5390,5490,5390,5430,11803,-0.007312614259597838
2021-10-13,5390,5620,5390,5550,16075,0.022099447513812098
2021-10-14,5540,5660,5540,5610,54893,0.0108108108108107
2021-10-15,5660,5790,5640,5720,32184,0.019607843137254832
2021-10-18,5710,5750,5600,5670,32546,-0.00874125874125875
2021-10-19,5670,5690,5580,5660,17427,-0.0017636684303351524
2021-10-20,5680,5790,5670,5740,62147,0.014134275618374659
2021-10-21,5790,5820,5750,5800,48390,0.010452961672473782
2021-10-22,5800,5840,5760,5760,53219,-0.006896551724137945
2021-10-25,5760,5820,5750,5770,37233,0.0017361111111111605
2021-10-26,5770,5880,5740,5810,26817,0.006932409012131657
2021-10-27,5810,5810,5720,5780,29263,-0.005163511187607606
2021-10-28,5780,5780,5680,5720,49552,-0.01038062283737029
2021-10-29,5720,5740,5670,5690,48484,-0.005244755244755206
2021-11-01,5690,5810,5660,5690,52785,0.0
2021-11-02,5620,5740,5620,5730,51354,0.007029876977152849
2021-11-03,5690,5740,5650,5690,6881,-0.006980802792321161
2021-11-04,5900,5900,5660,5760,34253,0.012302284710017597
2021-11-05,5730,5730,5660,5700,12331,-0.01041666666666663
2021-11-08,5700,5700,5600,5650,30480,-0.00877192982456143
2021-11-09,5650,5700,5620,5670,22309,0.003539823008849474
2021-11-10,5670,5670,5570,5570,33393,-0.01763668430335097
2021-11-11,5570,5660,5510,5580,13811,0.0017953321364452268
2021-11-12,5690,5770,5650,5750,26836,0.03046594982078843
2021-11-15,5770,5810,5740,5780,9108,0.00521739130434784
2021-11-16,5780,5820,5700,5780,17445,0.0
2021-11-17,5780,5790,5680,5690,12701,-0.01557093425605538
2021-11-18,5670,5690,5580,5690,49170,0.0
2021-11-19,5630,5760,5600,5650,29952,-0.007029876977152849
2021-11-22,5630,5680,5570,5680,21020,0.005309734513274433
2021-11-23,5670,5730,5640,5710,18195,0.005281690140845008
2021-11-24,5660,5780,5660,5760,12208,0.008756567425569184
2021-11-25,5800,5800,5640,5750,13458,-0.0017361111111111605
2021-11-26,5770,5770,5610,5610,28550,-0.024347826086956514
2021-11-29,5500,5590,5490,5520,23114,-0.016042780748663055
2021-11-30,5530,5640,5390,5430,14712,-0.016304347826086918
2021-12-01,5440,5500,5340,5460,10421,0.005524861878453136
2021-12-02,5450,5590,5420,5580,11349,0.0219780219780219
2021-12-03,5600,5670,5540,5640,16742,0.010752688172043001
2021-12-06,5680,5700,5570,5690,23326,0.00886524822695045
2021-12-07,5690,5770,5670,5700,9373,0.0017574692442883233
2021-12-08,5720,5780,5630,5630,11582,-0.012280701754386003
2021-12-09,5640,5690,5620,5630,9776,0.0
2021-12-10,5630,5690,5630,5660,4515,0.005328596802841812
2021-12-13,5670,5830,5650,5720,33214,0.010600706713780994
2021-12-14,5760,5840,5710,5790,32564,0.012237762237762295
2021-12-15,5820,5860,5750,5800,8770,0.0017271157167531026
2021-12-16,5800,5870,5800,5850,38648,0.008620689655172376
2021-12-17,5830,5890,5810,5870,14016,0.0034188034188034067
2021-12-20,5870,5960,5850,5900,33854,0.005110732538330387
2021-12-21,5890,5920,5850,5900,17249,0.0
2021-12-22,5910,5910,5800,5830,31405,-0.011864406779661052
2021-12-23,5880,5890,5830,5880,30569,0.00857632933104635
2021-12-24,5850,5900,5840,5900,16620,0.00340136054421758
2021-12-27,5900,5910,5850,5860,13430,-0.006779661016949157
2021-12-28,5910,5920,5850,5890,23907,0.005119453924914641
2021-12-29,5800,5800,5680,5740,21406,-0.025466893039049254
2021-12-30,5730,5780,5640,5660,13506,-0.013937282229965153
2022-01-03,5660,5660,5530,5580,15089,-0.014134275618374548
2022-01-04,5580,5630,5550,5610,16927,0.005376344086021501
2022-01-05,5620,5630,5500,5510,10163,-0.017825311942959
2022-01-06,5520,5600,5490,5490,12923,-0.003629764065335772
2022-01-07,5470,5570,5470,5540,16497,0.00910746812386165
2022-01-10,5550,5570,5490,5540,6841,0.0
2022-01-11,5540,5560,5500,5560,25682,0.0036101083032491488
2022-01-12,5560,5580,5510,5580,6151,0.003597122302158251
2022-01-13,5640,5640,5510,5540,7764,-0.007168458781361964
2022-01-14,5540,5560,5490,5490,9670,-0.009025270758122761
2022-01-17,5500,5500,5440,5460,8225,-0.005464480874316946
2022-01-18,5360,5500,5360,5370,13465,-0.016483516483516536
2022-01-19,5360,5380,5170,5260,23847,-0.020484171322160183
2022-01-20,5230,5310,5230,5300,5609,0.0076045627376426506
2022-01-21,5300,5370,5290,5320,5679,0.0037735849056603765
2022-01-24,5320,5320,5170,5180,10251,-0.02631578947368418
2022-01-25,5180,5200,5030,5060,18468,-0.02316602316602312
2022-01-26,5070,5090,5010,5090,10373,0.005928853754940677
2022-01-27,5090,5090,4730,4800,51531,-0.056974459724950854
2022-01-28,4810,5060,4810,5060,32095,0.054166666666666696
2022-02-03,5070,5170,5070,5160,10590,0.01976284584980248
2022-02-04,5110,5230,5100,5170,6933,0.0019379844961240345
2022-02-07,5190,5200,5120,5170,4375,0.0
2022-02-08,5130,5210,5130,5170,6502,0.0
2022-02-09,5170,5270,5170,5250,7385,0.015473887814313247
2022-02-10,5250,5310,5230,5280,4072,0.005714285714285783
2022-02-11,5220,5270,5180,5240,10622,-0.007575757575757569
2022-02-14,5210,5210,5070,5140,11551,-0.01908396946564883
2022-02-15,5150,5150,4980,4980,24907,-0.0311284046692607
2022-02-16,5050,5070,5030,5060,8839,0.016064257028112428
2022-02-17,5060,5130,5020,5100,3765,0.007905138339920903
2022-02-18,5000,5100,4995,5090,4312,-0.0019607843137254832
2022-02-21,5090,6460,5050,5440,545254,0.06876227897838905
2022-02-22,5310,5460,5160,5340,50563,-0.018382352941176516
2022-02-23,5320,5410,5290,5310,19198,-0.005617977528089901
2022-02-24,5250,5560,5190,5250,20637,-0.011299435028248594
2022-02-25,5260,5490,5250,5360,38762,0.020952380952381056
2022-02-28,5320,5450,5320,5380,14063,0.003731343283582156
2022-03-02,5450,5450,5310,5380,29245,0.0
2022-03-03,5410,5450,5380,5450,31689,0.013011152416356975
2022-03-04,5460,5470,5310,5370,6081,-0.014678899082568808
2022-03-07,5340,5450,5210,5310,12451,-0.011173184357541888
2022-03-08,5310,5310,5150,5250,10613,-0.011299435028248594
2022-03-10,5270,5410,5260,5320,15223,0.01333333333333342
2022-03-11,5320,5360,5170,5280,9957,-0.007518796992481258
2022-03-14,5290,5330,5240,5320,10318,0.007575757575757569
2022-03-15,5320,5330,5230,5230,7246,-0.016917293233082664
2022-03-16,5240,5330,5240,5280,6854,0.009560229445506607
2022-03-17,5320,5410,5320,5350,21878,0.01325757575757569
2022-03-18,5350,5370,5280,5290,14148,-0.01121495327102806
2022-03-21,5310,5340,5300,5330,26344,0.007561436672967936
2022-03-22,5370,5370,5040,5330,19611,0.0
2022-03-23,5310,5410,5220,5250,41046,-0.015009380863039379
2022-03-24,5250,5280,5220,5260,10900,0.0019047619047618536
2022-03-25,5280,5290,5210,5240,16857,-0.0038022813688213253
2022-03-28,5220,5270,5220,5260,9101,0.003816793893129722
2022-03-29,5270,5280,5210,5250,9702,-0.0019011406844106071
2022-03-30,5250,5290,5240,5240,16090,-0.0019047619047618536
2022-03-31,5210,5300,5210,5270,8751,0.005725190839694694
2022-04-01,5330,5350,5250,5280,11657,0.00189753320683117
2022-04-04,5280,5450,5280,5380,26808,0.018939393939394034
2022-04-05,5430,5430,5350,5400,32668,0.0037174721189590088
2022-04-06,5400,5410,5370,5390,16750,-0.0018518518518518823
2022-04-07,5430,5430,5250,5320,7018,-0.012987012987012991
2022-04-08,5330,5330,5240,5290,8962,-0.005639097744360888
2022-04-11,5300,5350,5250,5330,5787,0.007561436672967936
2022-04-12,5350,5350,5250,5350,6685,0.0037523452157599557
2022-04-13,5360,5370,5310,5350,11490,0.0
2022-04-14,5360,5400,5330,5380,13571,0.005607476635514086
2022-04-15,5390,5440,5350,5360,16440,-0.0037174721189591198
2022-04-18,5390,5400,5330,5400,13276,0.00746268656716409
2022-04-19,5430,5440,5330,5390,12777,-0.0018518518518518823
2022-04-20,5400,5490,5390,5470,22645,0.014842300556586308
2022-04-21,5390,5500,5390,5450,12958,-0.003656307129798919
2022-04-22,5460,5500,5390,5450,18265,0.0
2022-04-25,5430,5480,5270,5360,20279,-0.016513761467889854
2022-04-26,5370,6200,5360,5520,448863,0.029850746268656803
2022-04-27,5460,5630,5370,5570,32073,0.009057971014492683
2022-04-28,5580,5640,5550,5570,25639,0.0
2022-04-29,5580,5660,5560,5650,14293,0.014362657091562037
2022-05-02,5690,5690,5520,5650,11366,0.0
2022-05-03,5660,5700,5610,5610,18577,-0.0070796460176991705
2022-05-04,5570,5640,5570,5600,13325,-0.0017825311942959443
2022-05-06,5570,5650,5520,5600,8649,0.0
2022-05-09,5590,5630,5480,5490,7611,-0.019642857142857184
2022-05-10,5460,5460,5350,5450,14577,-0.007285974499089298
2022-05-11,5410,5470,5400,5410,5610,-0.007339449541284404
2022-05-12,5410,5530,5280,5300,15302,-0.020332717190388205
2022-05-13,5300,5390,5270,5320,14268,0.0037735849056603765
2022-05-16,5330,5400,5320,5330,8966,0.001879699248120259
2022-05-17,5340,5400,5300,5390,15393,0.011257035647279645
2022-05-18,5420,5520,5300,5400,13214,0.0018552875695732052
2022-05-19,5390,5420,5300,5400,8982,0.0
2022-05-20,5400,5440,5380,5400,9486,0.0
2022-05-23,5410,5420,5340,5370,5430,-0.005555555555555536
2022-05-24,5380,5380,5270,5310,4160,-0.011173184357541888
2022-05-25,5320,5380,5300,5300,8647,-0.0018832391713747842
2022-05-26,5310,5360,5280,5280,3675,-0.0037735849056603765
2022-05-27,5310,5410,5310,5380,3144,0.018939393939394034
2022-05-30,5390,5460,5380,5430,13246,0.009293680297397744
2022-05-31,5430,5490,5400,5460,15549,0.005524861878453136
2022-06-02,5470,5480,5410,5420,6037,-0.0073260073260073
2022-06-03,5450,5460,5420,5420,4448,0.0
2022-06-07,5430,5430,5350,5390,12846,-0.005535055350553542
2022-06-08,5400,5400,5350,5350,25115,-0.007421150278293154
2022-06-09,5360,5390,5290,5390,4779,0.007476635514018781
2022-06-10,5380,5410,5260,5390,8650,0.0
2022-06-13,5390,5920,5010,5010,175951,-0.0705009276437848
2022-06-14,5010,5100,4940,4960,42745,-0.009980039920159722
2022-06-15,4960,5020,4885,4900,13455,-0.012096774193548376
2022-06-16,4890,4975,4830,4875,22002,-0.005102040816326481
2022-06-17,4855,4865,4775,4865,10725,-0.002051282051282022
2022-06-20,4870,4870,4610,4720,26899,-0.029804727646454254
2022-06-21,4710,4720,4655,4670,12375,-0.010593220338983023
2022-06-22,4680,4720,4505,4505,22390,-0.03533190578158463
2022-06-23,4515,4555,4310,4400,17807,-0.023307436182020025
2022-06-24,4395,4570,4380,4480,24084,0.018181818181818077
2022-06-27,4500,4640,4500,4600,10692,0.02678571428571419
2022-06-28,4590,4605,4580,4600,3338,0.0
2022-06-29,4600,4600,4525,4570,8216,-0.006521739130434745
2022-06-30,4590,4775,4440,4520,6717,-0.01094091903719907
2022-07-01,4520,4790,4405,4525,6709,0.0011061946902655162
2022-07-04,4540,4590,4280,4280,65763,-0.05414364640883973
2022-07-05,4280,4375,4280,4320,42302,0.009345794392523255
2022-07-06,4315,4345,4240,4260,14525,-0.01388888888888884
2022-07-07,4250,4405,4250,4325,7359,0.015258215962441257
2022-07-08,4300,4490,4300,4350,6919,0.005780346820809301
2022-07-11,4450,4450,4255,4280,10234,-0.016091954022988464
2022-07-12,4270,4285,4150,4215,18401,-0.015186915887850483
2022-07-13,4190,4260,4150,4230,14205,0.003558718861210064
2022-07-14,4235,4260,4200,4250,2836,0.004728132387706863
2022-07-15,4255,4400,4235,4270,5980,0.004705882352941115
2022-07-18,4355,4575,4200,4470,16665,0.04683840749414525
2022-07-19,4480,4600,4450,4600,4358,0.029082774049216997
2022-07-20,4610,4650,4595,4610,7614,0.0021739130434783593
2022-07-21,4645,4645,4570,4570,4964,-0.008676789587852451
2022-07-22,4610,4615,4370,4590,6351,0.004376367614879584
2022-07-25,4485,4610,4480,4570,7419,-0.004357298474945481
2022-07-26,4510,4600,4510,4585,1473,0.003282275711159688
2022-07-27,4590,4600,4540,4585,1626,0.0
2022-07-28,4515,4620,4515,4575,3267,-0.0021810250817884125
2022-07-29,4620,4650,4570,4600,17712,0.005464480874316946
2022-08-01,4600,4625,4590,4620,7198,0.004347826086956497
2022-08-02,4625,4635,4620,4635,8556,0.0032467532467532756
2022-08-03,4635,4750,4615,4700,5911,0.014023732470334505
2022-08-04,4715,4780,4715,4755,5781,0.011702127659574568
2022-08-05,4750,4840,4750,4820,5849,0.013669821240799074
2022-08-08,4835,4875,4790,4820,9567,0.0
2022-08-09,4850,4850,4790,4790,5903,-0.006224066390041472
2022-08-10,4850,4980,4775,4830,11391,0.008350730688935215
2022-08-11,4850,4930,4835,4910,15369,0.016563146997929712
2022-08-12,4915,4980,4915,4955,5045,0.009164969450101923
2022-08-16,4960,4995,4955,4970,8808,0.003027245206861817
2022-08-17,4970,5020,4890,4895,15246,-0.015090543259557387
2022-08-18,4900,4915,4755,4880,3301,-0.003064351378958108
2022-08-19,4885,4950,4780,4865,5062,-0.0030737704918032405
2022-08-22,4870,4870,4740,4740,14836,-0.025693730729701936
2022-08-23,4740,4740,4650,4665,4948,-0.015822784810126556
2022-08-24,4680,4680,4640,4675,4067,0.002143622722400762
2022-08-25,4640,4755,4640,4735,2532,0.012834224598930577
2022-08-26,4735,4750,4700,4720,6214,-0.0031678986272439813
2022-08-29,4720,4720,4510,4510,6979,-0.044491525423728806
2022-08-30,4530,4635,4530,4635,3822,0.027716186252771724
2022-08-31,4630,4730,4610,4730,11777,0.02049622437971954
2022-09-01,4750,4770,4600,4620,7443,-0.023255813953488413
2022-09-02,4625,4905,4600,4615,23342,-0.0010822510822511289
2022-09-05,4605,4635,4560,4565,7926,-0.010834236186348822
2022-09-06,4565,4630,4545,4570,14819,0.0010952902519167917
2022-09-07,4570,4570,4460,4490,5199,-0.017505470459518557
2022-09-08,4495,4600,4400,4575,11053,0.018930957683741756
2022-09-13,4575,4645,4560,4640,7428,0.014207650273224015
2022-09-14,4510,4600,4455,4570,6864,-0.015086206896551713
2022-09-15,4570,4615,4570,4610,7534,0.00875273522975939
2022-09-16,4615,4625,4515,4620,5868,0.002169197396963085
2022-09-19,4625,4625,4545,4545,5373,-0.016233766233766267
2022-09-20,4550,4600,4525,4585,11818,0.008800880088008833
2022-09-21,4590,4595,4525,4590,1459,0.0010905125408942062
2022-09-22,4590,4590,4390,4480,6653,-0.023965141612200425
2022-09-23,4485,4495,4455,4470,7032,-0.0022321428571429047
2022-09-26,4530,4530,4255,4280,9111,-0.04250559284116329
2022-09-27,4135,4285,4100,4185,29060,-0.02219626168224298
2022-09-28,4110,4190,4070,4115,6086,-0.016726403823178027
2022-09-29,4115,4155,4080,4115,13199,0.0
2022-09-30,4110,4130,4050,4085,11235,-0.007290400972053468
2022-10-04,4045,4230,4045,4170,7114,0.02080783353733162
2022-10-05,4205,4245,4150,4190,5424,0.004796163069544335
2022-10-06,4195,4230,4190,4205,4539,0.0035799522673030104
2022-10-07,4205,4205,4160,4180,3552,-0.005945303210463715
2022-10-11,4060,4150,4015,4090,11137,-0.021531100478468845
2022-10-12,4025,4105,4025,4090,6285,0.0
2022-10-13,4050,4130,3990,4000,10836,-0.022004889975550168
2022-10-14,4005,4405,4005,4070,19720,0.01750000000000007
2022-10-17,4075,4075,4000,4060,5164,-0.002457002457002422
2022-10-18,4065,4145,4065,4110,4601,0.012315270935960632
2022-10-19,4115,4165,4100,4105,10143,-0.0012165450121655041
2022-10-20,4100,4195,4060,4095,5025,-0.0024360535931789995
2022-10-21,4090,4145,4000,4045,6414,-0.012210012210012167
2022-10-24,4065,4125,4050,4075,5824,0.007416563658838138
2022-10-25,4125,4225,4075,4100,8440,0.006134969325153339
2022-10-26,4095,4145,4070,4070,3873,-0.007317073170731714
2022-10-27,4075,4200,4075,4170,5595,0.024570024570024662
2022-10-28,4105,4175,4105,4135,3298,-0.008393285371702586
2022-10-31,4135,4145,4120,4125,3583,-0.00241837968561065
2022-11-01,4130,4145,4120,4130,3303,0.00121212121212122
2022-11-02,4135,4150,4130,4140,8543,0.002421307506053294
2022-11-03,4135,4150,4130,4145,3532,0.0012077294685990392
2022-11-04,4135,4190,4125,4180,8989,0.008443908323281013
2022-11-07,4145,4250,4140,4180,9679,0.0
2022-11-08,4180,4215,4170,4210,3245,0.0071770334928229484
2022-11-09,4275,4280,4195,4255,7596,0.010688836104512989
2022-11-10,4210,4260,4210,4240,8424,-0.003525264394829586
2022-11-11,4285,4350,4265,4310,22729,0.01650943396226423
2022-11-14,4310,4335,4105,4335,22301,0.0058004640371229765
2022-11-15,4330,4350,4320,4345,4856,0.0023068050749712743
2022-11-16,4350,4365,4300,4310,8973,-0.008055235903337121
2022-11-17,4315,4320,4290,4310,6770,0.0
2022-11-18,4310,4335,4300,4300,3180,-0.002320185614849146
2022-11-21,4300,4300,4250,4255,6477,-0.010465116279069764
2022-11-22,4225,4260,4210,4230,3356,-0.005875440658049347
2022-11-23,4235,4400,4215,4250,11475,0.004728132387706863
2022-11-24,4255,4345,4250,4320,7682,0.016470588235294015
2022-11-25,4325,4325,4250,4300,4178,-0.00462962962962965
2022-11-28,4305,4325,4245,4280,2425,-0.0046511627906976605
2022-11-29,4285,4320,4275,4305,2506,0.005841121495327117
2022-11-30,4300,4380,4285,4370,5556,0.015098722415795685
2022-12-01,4375,4445,4355,4415,15429,0.010297482837528626
2022-12-02,4420,4420,4390,4400,8336,-0.003397508493771184
2022-12-05,4390,4420,4350,4395,4993,-0.001136363636363602
2022-12-06,4400,4400,4305,4305,3720,-0.020477815699658675
2022-12-07,4305,4305,4265,4295,3811,-0.0023228803716608404
2022-12-08,4295,4300,4250,4300,14546,0.0011641443538998875
2022-12-09,4305,4330,4305,4320,2409,0.0046511627906977715
2022-12-12,4325,4325,4275,4315,6391,-0.0011574074074074403
2022-12-13,4315,4320,4250,4275,11498,-0.009269988412514474
2022-12-14,4270,4340,4250,4295,20820,0.004678362573099504
2022-12-15,4290,4300,4265,4285,4596,-0.002328288707799775
2022-12-16,4270,4285,4255,4285,4621,0.0
2022-12-19,4275,4290,4215,4290,17363,0.001166861143523823
2022-12-20,4260,4295,4260,4285,2803,-0.0011655011655011815
2022-12-21,4290,4295,4265,4285,1448,0.0
2022-12-22,4285,4390,4270,4315,10637,0.007001166861143604
2022-12-23,4340,4340,4260,4265,7776,-0.011587485515643148
2022-12-26,4275,4290,4240,4250,8941,-0.003516998827667095
2022-12-27,4255,4310,4230,4255,26619,0.0011764705882353343
2022-12-28,4165,4200,4095,4115,15012,-0.03290246768507643
2022-12-29,4120,4125,4000,4040,5793,-0.018226002430133614
2023-01-02,4045,4200,4015,4025,2617,-0.003712871287128716
2023-01-03,4060,4060,3995,4040,7142,0.003726708074534235
2023-01-04,4040,4150,4040,4145,7659,0.025990099009900902
2023-01-05,4150,4195,4140,4195,4202,0.012062726176115701
2023-01-06,4200,4200,4150,4180,4625,-0.0035756853396901045
2023-01-09,4210,4215,4175,4210,2797,0.0071770334928229484
2023-01-10,4210,4225,4205,4215,3201,0.0011876484560569
2023-01-11,4220,4225,4160,4180,6497,-0.008303677342823224
2023-01-12,4185,4260,4175,4205,8160,0.005980861244019087
2023-01-13,4210,4265,4190,4235,13658,0.007134363852556502
2023-01-16,4235,4270,4230,4235,4747,0.0
2023-01-17,4235,4245,4200,4205,4546,-0.00708382526564344
2023-01-18,4205,4220,4175,4215,1734,0.0023781212841855748
2023-01-19,4220,4220,4035,4215,5659,0.0
2023-01-20,4220,4225,4185,4220,2650,0.0011862396204034287
2023-01-25,4225,4265,4220,4240,6469,0.004739336492890933
2023-01-26,4220,4260,4220,4260,14719,0.004716981132075526
2023-01-27,4265,4290,4260,4270,8651,0.0023474178403755097
2023-01-30,4275,4275,4245,4270,14435,0.0
2023-01-31,4275,4275,4240,4260,8446,-0.0023419203747072626
2023-02-01,4265,4350,4235,4335,22661,0.01760563380281699
2023-02-02,4335,4525,4335,4460,43453,0.028835063437139485
2023-02-03,4440,4465,4415,4420,2287,-0.008968609865470878
2023-02-06,4390,4425,4365,4400,3597,-0.004524886877828038
2023-02-07,4405,4410,4265,4365,7335,-0.007954545454545436
2023-02-08,4370,4460,4360,4455,11398,0.020618556701030855
2023-02-09,4505,4505,4365,4365,11299,-0.02020202020202022
2023-02-10,4365,4435,4305,4415,8143,0.01145475372279492
2023-02-13,4470,4470,4275,4285,16080,-0.029445073612684003
2023-02-14,4335,4335,4235,4290,50660,0.001166861143523823
2023-02-15,4270,4295,4205,4245,19706,-0.010489510489510523
2023-02-16,4290,4355,4240,4280,41945,0.008244994110718551
2023-02-17,4275,4280,4225,4250,12630,-0.007009345794392496
2023-02-20,4255,4290,4225,4280,15485,0.007058823529411784
2023-02-21,4280,4330,4255,4310,9560,0.007009345794392496
2023-02-22,4230,4305,4230,4285,6470,-0.0058004640371229765
2023-02-23,4285,4315,4265,4300,2247,0.003500583430571691
2023-02-24,4295,4315,4275,4275,6913,-0.005813953488372103
2023-02-27,4270,4280,4205,4230,10201,-0.010526315789473717
2023-02-28,4230,4250,4225,4245,11149,0.0035460992907800915
2023-03-02,4245,4255,4240,4245,7334,0.0
2023-03-03,4340,4340,4240,4250,4638,0.0011778563015312216
2023-03-06,4300,4325,4215,4300,22381,0.0117647058823529
2023-03-07,4300,4300,4245,4260,8584,-0.009302325581395321
2023-03-08,4220,4245,4190,4225,11881,-0.008215962441314506
2023-03-09,4230,4245,4210,4235,2786,0.002366863905325367
2023-03-10,4230,4230,4190,4200,5848,-0.008264462809917328
2023-03-13,4190,4190,4110,4150,7927,-0.011904761904761862
2023-03-14,4145,4145,3990,4000,33623,-0.03614457831325302
2023-03-15,4020,4050,4000,4020,24444,0.004999999999999893
2023-03-16,4025,4030,3900,4005,11458,-0.003731343283582045
2023-03-17,4010,4060,4000,4015,13385,0.0024968789013732895
2023-03-20,4010,4040,3980,4030,13773,0.0037359900373599153
2023-03-21,4040,4045,4015,4035,6101,0.001240694789081953
2023-03-22,4040,4045,4005,4025,4166,-0.0024783147459727095
2023-03-23,4025,4025,3990,4010,11204,-0.003726708074534124
