Date,Open,High,Low,Close,Volume,Change
2015-01-02,4050,4320,4015,4320,932,0.011709601873536313
2015-01-05,4340,4350,4105,4350,788,0.00694444444444442
2015-01-06,4210,4315,4090,4315,2199,-0.008045977011494232
2015-01-07,4235,4330,4220,4300,29,-0.0034762456546929554
2015-01-08,4215,4300,4040,4295,148,-0.0011627906976744429
2015-01-09,4280,4290,4165,4275,362,-0.00465657741559955
2015-01-12,4045,4260,4045,4060,3222,-0.05029239766081872
2015-01-13,4145,4245,4075,4165,176,0.02586206896551735
2015-01-14,4200,4370,4195,4370,366,0.049219687875150075
2015-01-15,4320,4370,4225,4265,1198,-0.024027459954233388
2015-01-16,4240,4325,4160,4310,220,0.010550996483001063
2015-01-19,4315,4390,4225,4380,810,0.016241299303944245
2015-01-20,4310,4310,4160,4160,2673,-0.05022831050228316
2015-01-21,4200,4345,4200,4255,191,0.022836538461538547
2015-01-22,4370,4490,4220,4405,2145,0.03525264394829608
2015-01-23,4320,4400,4305,4400,151,-0.0011350737797957144
2015-01-26,4200,4400,4200,4400,641,0.0
2015-01-27,4265,4430,4265,4430,118,0.006818181818181834
2015-01-28,4420,4420,4165,4280,1585,-0.033860045146726914
2015-01-29,4350,4350,4350,4350,3,0.016355140186915973
2015-01-30,4260,4300,4200,4285,1022,-0.014942528735632177
2015-02-02,4280,4290,4275,4285,25,0.0
2015-02-03,4330,4600,4250,4430,1938,0.03383897316219375
2015-02-04,4480,5000,4455,4455,30627,0.0056433408577878375
2015-02-05,4490,4500,4440,4490,435,0.007856341189674598
2015-02-06,4635,4640,4470,4575,3555,0.018930957683741756
2015-02-09,4900,4900,4570,4570,222,-0.0010928961748634114
2015-02-10,4505,4820,4505,4820,68,0.054704595185995686
2015-02-11,4700,4700,4520,4560,835,-0.053941908713692976
2015-02-12,4500,4500,4400,4400,2885,-0.03508771929824561
2015-02-13,4400,4550,4400,4520,56,0.027272727272727337
2015-02-16,4550,4565,4545,4565,94,0.009955752212389424
2015-02-17,4565,4565,4400,4515,1140,-0.010952902519167584
2015-02-23,4510,4510,4510,4510,0,-0.001107419712070845
2015-02-24,4510,4560,4400,4505,1958,-0.0011086474501108556
2015-02-25,4480,4505,4460,4495,45,-0.002219755826859071
2015-02-26,4500,4500,4295,4385,3777,-0.024471635150166815
2015-02-27,4450,4540,4390,4485,2043,0.022805017103762815
2015-03-02,4400,5060,4400,4850,21225,0.08138238573021184
2015-03-03,4820,4980,4620,4840,4577,-0.0020618556701030855
2015-03-04,4980,5040,4760,4920,3078,0.016528925619834656
2015-03-05,4865,5000,4790,4860,1065,-0.012195121951219523
2015-03-06,4860,5000,4710,4900,1319,0.008230452674897082
2015-03-09,4950,5350,4925,5180,27699,0.05714285714285716
2015-03-10,5800,5830,4900,5090,30602,-0.01737451737451734
2015-03-11,5010,5260,4900,4900,8995,-0.037328094302554016
2015-03-12,5000,5490,5000,5300,14093,0.08163265306122458
2015-03-13,5320,5320,5000,5090,6329,-0.03962264150943395
2015-03-16,5090,5090,4850,4935,9482,-0.03045186640471509
2015-03-17,4940,4940,4780,4830,5780,-0.021276595744680882
2015-03-18,4850,5180,4825,4985,4129,0.03209109730848869
2015-03-19,5280,5280,4840,4840,9285,-0.029087261785356033
2015-03-20,4860,4990,4815,4900,4551,0.012396694214876103
2015-03-23,4900,5000,4860,4975,4729,0.015306122448979664
2015-03-24,4880,5030,4870,5020,5970,0.009045226130653283
2015-03-25,5000,5170,4990,5130,205,0.021912350597609542
2015-03-26,5140,5140,4945,5100,32,-0.005847953216374324
2015-03-27,5190,5190,5000,5080,3593,-0.0039215686274509665
2015-03-30,4925,5160,4925,5100,3466,0.003937007874015741
2015-03-31,5020,5190,5020,5100,2538,0.0
2015-04-01,4920,5120,4910,5030,1864,-0.013725490196078383
2015-04-02,4990,5020,4910,5010,1019,-0.003976143141153132
2015-04-03,5010,5120,5010,5070,59,0.011976047904191711
2015-04-06,5030,5080,4980,5000,360,-0.013806706114398382
2015-04-07,5250,5250,4950,4950,478,-0.010000000000000009
2015-04-08,4950,5060,4950,4995,380,0.009090909090909038
2015-04-09,5100,5280,4995,5100,252,0.021021021021021102
2015-04-10,5100,5180,4880,4960,4224,-0.027450980392156876
2015-04-13,5040,5040,4905,4910,3663,-0.01008064516129037
2015-04-14,5100,5100,5070,5070,32,0.03258655804480659
2015-04-15,5080,5090,4875,4955,991,-0.02268244575936884
2015-04-16,4950,4965,4950,4960,298,0.0010090817356205317
2015-04-17,4900,4950,4900,4900,1527,-0.012096774193548376
2015-04-20,4870,4960,4870,4925,1862,0.005102040816326481
2015-04-21,4990,4995,4795,4875,3693,-0.010152284263959421
2015-04-22,4875,4875,4775,4775,3219,-0.02051282051282055
2015-04-23,4775,4800,4775,4800,887,0.005235602094240788
2015-04-24,4880,4880,4775,4775,415,-0.00520833333333337
2015-04-27,4795,4880,4750,4775,4475,0.0
2015-04-28,4750,4775,4730,4730,2438,-0.009424083769633551
2015-04-29,4720,4745,4640,4735,1703,0.0010570824524311906
2015-04-30,4735,4735,4670,4670,7,-0.01372756071805703
2015-05-04,4735,4735,4735,4735,5,0.013918629550321304
2015-05-06,4510,4710,4410,4600,254,-0.028511087645195388
2015-05-07,4565,4565,4565,4565,0,-0.007608695652173925
2015-05-08,4565,4780,4440,4700,227,0.02957283680175249
2015-05-11,4740,4765,4450,4465,2723,-0.050000000000000044
2015-05-12,4485,4570,4485,4570,14,0.023516237402015694
2015-05-13,4655,4925,4520,4895,1856,0.07111597374179435
2015-05-14,4800,4800,4435,4515,5234,-0.07763023493360577
2015-05-15,4455,4550,4450,4500,4656,-0.0033222591362126463
2015-05-18,4510,4510,4425,4435,5420,-0.014444444444444482
2015-05-19,4420,4470,4270,4385,4065,-0.011273957158962844
2015-05-20,4410,4410,4200,4380,5334,-0.0011402508551880963
2015-05-21,4410,4410,4200,4265,1449,-0.026255707762557035
2015-05-22,4265,4590,4265,4590,4089,0.0762016412661195
2015-05-26,4575,4575,4400,4500,182,-0.019607843137254943
2015-05-27,4490,4490,4230,4400,6464,-0.022222222222222254
2015-05-28,4395,4440,4250,4340,3739,-0.013636363636363669
2015-05-29,4305,4305,4265,4265,43,-0.017281105990783363
2015-06-01,4265,4330,4205,4330,418,0.015240328253223856
2015-06-02,4335,4335,4300,4335,24,0.0011547344110853786
2015-06-03,4490,4495,4155,4200,1857,-0.03114186851211076
2015-06-04,4200,4300,4010,4025,1799,-0.04166666666666663
2015-06-05,4150,4450,4030,4425,1034,0.0993788819875776
2015-06-08,4300,4445,4260,4280,53,-0.03276836158192087
2015-06-09,4390,4390,4345,4345,8,0.015186915887850372
2015-06-10,4445,4445,4300,4365,1210,0.004602991944764101
2015-06-11,4365,4365,4365,4365,0,0.0
2015-06-12,4365,4365,4140,4140,16,-0.05154639175257736
2015-06-15,4295,4295,3870,4250,2502,0.02657004830917864
2015-06-16,4240,4285,4200,4285,733,0.008235294117647118
2015-06-17,4400,5200,4350,5090,71811,0.18786464410735126
2015-06-18,5400,6250,5320,5640,182935,0.10805500982318272
2015-06-19,5760,7150,5140,6490,197671,0.1507092198581561
2015-06-22,6450,7900,5900,6050,254245,-0.06779661016949157
2015-06-23,6380,7860,6200,7860,670101,0.29917355371900833
2015-06-24,7440,8550,7020,7360,391294,-0.06361323155216281
2015-06-25,6650,7000,5650,5780,174685,-0.21467391304347827
2015-06-26,6000,6400,5500,5750,122288,-0.00519031141868509
2015-06-29,5560,6080,5170,5480,55790,-0.04695652173913045
2015-06-30,5600,6670,5570,5800,93229,0.058394160583941535
2015-07-01,5980,7480,5830,7000,173026,0.2068965517241379
2015-07-02,6850,7400,6300,6490,127521,-0.07285714285714284
2015-07-03,6650,7480,6400,6590,75938,0.015408320493066174
2015-07-06,6920,8490,6810,7480,232425,0.13505311077389992
2015-07-07,7870,7930,6520,7350,102889,-0.017379679144384985
2015-07-08,7100,7430,6480,6560,68027,-0.10748299319727894
2015-07-09,6560,8200,6100,7100,170602,0.08231707317073167
2015-07-10,7000,7680,6750,6900,74136,-0.028169014084507005
2015-07-13,7100,7920,6570,7160,114920,0.037681159420289934
2015-07-14,7250,8380,7160,7830,130663,0.09357541899441335
2015-07-15,8490,10150,7920,10150,349108,0.2962962962962963
2015-07-16,11700,12350,8900,9200,490763,-0.09359605911330049
2015-07-17,9150,9150,7670,7940,117570,-0.13695652173913042
2015-07-20,7940,7990,6720,6790,75286,-0.14483627204030225
2015-07-21,6610,8100,6610,7410,116537,0.09131075110456544
2015-07-22,7600,7850,6900,6900,44426,-0.06882591093117407
2015-07-23,6930,7170,6480,6810,45980,-0.013043478260869601
2015-07-24,6780,7340,6780,7150,24713,0.04992657856093974
2015-07-27,7350,9150,6770,7780,353237,0.08811188811188808
2015-07-28,7700,9750,7600,8650,308041,0.1118251928020566
2015-07-29,8990,9100,7910,7950,68557,-0.08092485549132944
2015-07-30,7990,8360,7310,7590,31537,-0.04528301886792452
2015-07-31,7350,7790,6990,7270,35540,-0.04216073781291174
2015-08-03,7270,7600,6780,6780,39933,-0.06740027510316371
2015-08-04,6680,6980,6590,6660,37031,-0.017699115044247815
2015-08-05,6660,6930,6510,6870,32287,0.03153153153153143
2015-08-06,7080,7550,6950,7110,51891,0.03493449781659397
2015-08-07,7380,7380,6850,7050,41777,-0.008438818565400852
2015-08-10,7320,7320,6730,6800,26934,-0.03546099290780147
2015-08-11,6920,7100,6650,6900,37691,0.014705882352941124
2015-08-12,6880,6950,6370,6670,19186,-0.033333333333333326
2015-08-13,6520,6910,6420,6670,19743,0.0
2015-08-17,6690,6840,6220,6270,18852,-0.05997001499250376
2015-08-18,6270,7490,5660,6250,67638,-0.0031897926634768536
2015-08-19,6690,6690,5780,6080,9771,-0.027200000000000002
2015-08-20,6270,6400,5880,5900,13931,-0.02960526315789469
2015-08-21,5940,5940,4705,5000,15559,-0.15254237288135597
2015-08-24,4610,5140,4610,4800,22775,-0.040000000000000036
2015-08-25,4800,5210,4720,4850,15364,0.01041666666666674
2015-08-26,4890,5680,4805,5610,40121,0.15670103092783516
2015-08-27,6060,6140,5660,5800,20110,0.033868092691622165
2015-08-28,5990,7480,5750,6790,107757,0.17068965517241375
2015-08-31,6910,8500,6510,7200,114857,0.06038291605301915
2015-09-01,6520,8450,6520,7640,207008,0.061111111111111116
2015-09-02,7800,7800,7110,7460,72981,-0.023560209424083767
2015-09-03,7750,7750,7130,7250,53541,-0.02815013404825739
2015-09-04,7500,7500,6760,6810,14257,-0.06068965517241376
2015-09-07,7220,7220,6790,6900,10333,0.013215859030837107
2015-09-08,6840,7000,6670,6830,8601,-0.010144927536231862
2015-09-09,7000,7060,6700,6740,12673,-0.013177159590043952
2015-09-10,6850,6850,6390,6680,19260,-0.008902077151335286
2015-09-11,6650,6840,6420,6630,17393,-0.007485029940119792
2015-09-14,6650,8300,6620,7590,234993,0.14479638009049767
2015-09-15,7590,8430,7010,7250,99396,-0.044795783926218746
2015-09-16,7260,7740,7080,7230,52676,-0.0027586206896551557
2015-09-17,7560,7680,7100,7170,38693,-0.008298755186721962
2015-09-18,7200,7340,6950,7000,26595,-0.023709902370990243
2015-09-21,7190,7190,6710,7040,24868,0.005714285714285783
2015-09-22,7140,7300,6870,6970,24141,-0.009943181818181768
2015-09-23,6900,7070,6650,6740,17200,-0.03299856527977041
2015-09-24,6880,6880,6470,6650,20330,-0.013353115727002929
2015-09-25,6570,6830,6380,6610,6414,-0.006015037593984918
2015-09-30,6610,6850,6520,6650,2691,0.00605143721633894
2015-10-01,6630,6840,6630,6780,9512,0.019548872180451093
2015-10-02,7070,7070,6610,6660,9867,-0.017699115044247815
2015-10-05,6660,6780,6570,6640,5314,-0.0030030030030030463
2015-10-06,6850,6850,6450,6500,5675,-0.02108433734939763
2015-10-07,6530,6760,6320,6340,4760,-0.024615384615384595
2015-10-08,6350,6470,6160,6190,8688,-0.023659305993690816
2015-10-12,6640,6640,6160,6460,9578,0.043618739903069415
2015-10-13,6450,6650,6270,6350,5580,-0.017027863777089758
2015-10-14,6350,6580,6200,6410,7913,0.009448818897637823
2015-10-15,6410,7260,6410,7020,44141,0.0951638065522622
2015-10-16,7090,7700,6920,7100,61831,0.01139601139601143
2015-10-19,7120,7480,6820,7010,29757,-0.012676056338028152
2015-10-20,6910,7220,6810,7040,18648,0.004279600570613384
2015-10-21,6990,7150,6930,7010,8215,-0.0042613636363636465
2015-10-22,7200,7200,6750,6950,6123,-0.008559201141226769
2015-10-23,7000,7000,6700,6700,9792,-0.03597122302158273
2015-10-26,6660,6990,6640,6640,6610,-0.008955223880596996
2015-10-27,6640,6740,6530,6690,6742,0.0075301204819278045
2015-10-28,6690,6690,6500,6600,9984,-0.013452914798206317
2015-10-29,6610,6690,6510,6520,3795,-0.012121212121212088
2015-10-30,6530,6610,6470,6560,7541,0.006134969325153339
2015-11-02,6700,6700,6450,6470,4518,-0.013719512195121908
2015-11-03,6470,6580,6200,6520,18060,0.007727975270479082
2015-11-04,6440,6500,6240,6450,9831,-0.010736196319018454
2015-11-05,6400,6550,6340,6500,10177,0.007751937984496138
2015-11-06,6500,6500,6380,6500,4605,0.0
2015-11-09,6470,6470,6200,6350,6081,-0.023076923076923106
2015-11-10,6280,6690,6030,6170,5499,-0.028346456692913358
2015-11-11,6170,6500,6030,6250,14524,0.01296596434359798
2015-11-12,6660,6660,6170,6350,14646,0.016000000000000014
2015-11-13,6340,6340,6010,6190,17657,-0.025196850393700787
2015-11-16,6190,6480,6190,6340,18450,0.024232633279483107
2015-11-17,6170,6460,6170,6370,13133,0.004731861198738141
2015-11-18,6410,6410,6180,6280,17411,-0.014128728414442682
2015-11-19,6280,6470,6180,6270,3856,-0.0015923566878981443
2015-11-20,6170,6240,6150,6200,10396,-0.011164274322169043
2015-11-23,6300,6300,6140,6190,6130,-0.001612903225806428
2015-11-24,6250,6250,6150,6180,5275,-0.001615508885298822
2015-11-25,6180,6270,6050,6190,8498,0.0016181229773462036
2015-11-26,6280,6280,6150,6230,3020,0.00646203554119551
2015-11-27,6220,6230,6130,6220,6324,-0.0016051364365970988
2015-11-30,6220,6220,5950,5980,14537,-0.03858520900321538
2015-12-01,6100,6110,5840,5990,4565,0.0016722408026756952
2015-12-02,6140,6140,5820,5950,4843,-0.006677796327211993
2015-12-03,6000,6200,5810,6050,13129,0.01680672268907557
2015-12-04,6060,6400,6060,6090,11501,0.006611570247933907
2015-12-07,6380,6380,6000,6020,6166,-0.011494252873563204
2015-12-08,6100,6450,5950,6250,17424,0.038205980066445155
2015-12-09,6180,6490,6100,6420,16733,0.02719999999999989
2015-12-10,6420,6800,6130,6150,7503,-0.04205607476635509
2015-12-11,6200,6330,5990,6040,8733,-0.01788617886178867
2015-12-14,6190,6190,5790,5790,1934,-0.04139072847682124
2015-12-15,5740,6280,5740,6000,2804,0.03626943005181338
2015-12-16,6000,6100,5850,5970,4257,-0.0050000000000000044
2015-12-17,6000,6190,5800,5990,9627,0.003350083752093891
2015-12-18,6050,6050,5800,5960,2574,-0.005008347245408995
2015-12-21,6100,6100,5820,5940,2560,-0.003355704697986628
2015-12-22,6090,6090,5800,5980,7911,0.006734006734006703
2015-12-23,5900,5970,5810,5900,9178,-0.013377926421404673
2015-12-24,5910,6130,5850,5900,3611,0.0
2015-12-28,5900,5950,5850,5850,936,-0.008474576271186418
2015-12-29,5830,6040,5800,5860,3202,0.0017094017094017033
2015-12-30,5960,5960,5760,5850,1419,-0.0017064846416382506
2016-01-04,5840,5840,5610,5650,6736,-0.03418803418803418
2016-01-05,5600,5650,5540,5620,1672,-0.005309734513274322
2016-01-06,5690,5770,5500,5590,2690,-0.005338078291814985
2016-01-07,5560,5580,5410,5550,3962,-0.007155635062611854
2016-01-08,5550,5550,5450,5540,591,-0.0018018018018017834
2016-01-11,5600,5600,5360,5500,909,-0.0072202166064981865
2016-01-12,5530,5730,5410,5650,3475,0.027272727272727337
2016-01-13,5700,5800,5590,5700,3393,0.008849557522123908
2016-01-14,5700,5700,5550,5610,1389,-0.015789473684210575
2016-01-15,5650,5690,5530,5590,3085,-0.0035650623885917776
2016-01-18,5610,5760,5400,5600,2760,0.0017889087656528524
2016-01-19,5610,5670,5400,5580,2469,-0.0035714285714285587
2016-01-20,5580,5580,5250,5470,3448,-0.01971326164874554
2016-01-21,5490,5490,5400,5450,5153,-0.003656307129798919
2016-01-22,5500,5500,5300,5490,5108,0.007339449541284404
2016-01-25,5500,5590,5480,5590,2705,0.01821493624772308
2016-01-26,5590,5700,5450,5540,2951,-0.008944543828264706
2016-01-27,5570,5570,5420,5510,3347,-0.005415162454873612
2016-01-28,5600,5640,5350,5530,4716,0.003629764065335772
2016-01-29,5550,5620,5490,5590,4030,0.010849909584086825
2016-02-01,5620,5800,5580,5620,3465,0.005366726296958779
2016-02-02,5680,5690,5570,5640,5031,0.003558718861210064
2016-02-03,5660,5660,5450,5610,2944,-0.005319148936170248
2016-02-04,5610,5610,5440,5550,14978,-0.010695187165775444
2016-02-05,5550,5630,5400,5540,2461,-0.0018018018018017834
2016-02-11,5520,5550,5200,5460,5635,-0.014440433212996373
2016-02-12,5540,5540,5050,5300,5855,-0.02930402930402931
2016-02-15,5310,5530,5150,5450,3638,0.028301886792452935
2016-02-16,5450,5690,5440,5690,18848,0.044036697247706424
2016-02-17,5850,5850,5520,5600,7154,-0.01581722319859402
2016-02-18,5850,5850,5470,5720,12838,0.021428571428571352
2016-02-19,5720,5820,5650,5790,2489,0.012237762237762295
2016-02-22,5800,5980,5720,5730,15422,-0.010362694300518172
2016-02-23,5800,5850,5600,5790,840,0.010471204188481575
2016-02-24,5770,5950,5500,5540,13774,-0.04317789291882557
2016-02-25,5560,5720,5300,5460,21973,-0.014440433212996373
2016-02-26,5580,5580,5360,5460,11551,0.0
2016-02-29,5400,5460,5320,5430,3436,-0.005494505494505475
2016-03-02,5430,5430,5330,5400,3265,-0.0055248618784530246
2016-03-03,5450,5460,5250,5460,3539,0.011111111111111072
2016-03-04,5460,5580,5460,5560,11800,0.01831501831501825
2016-03-07,5550,5590,5460,5520,3919,-0.007194244604316502
2016-03-08,5520,5730,5520,5720,4951,0.03623188405797095
2016-03-09,5720,5800,5670,5730,9385,0.0017482517482516613
2016-03-10,5580,5800,5580,5730,2842,0.0
2016-03-11,5740,5880,5650,5750,4918,0.003490401396160525
2016-03-14,5870,5870,5750,5790,217,0.006956521739130528
2016-03-15,5940,6160,5710,6050,17113,0.04490500863557867
2016-03-16,6050,6080,5710,5860,8910,-0.031404958677686
2016-03-17,5830,5880,5680,5830,5388,-0.005119453924914641
2016-03-18,5950,5950,5710,5740,3300,-0.015437392795883409
2016-03-21,5740,5830,5660,5760,3684,0.0034843205574912606
2016-03-22,5760,5760,5670,5730,844,-0.00520833333333337
2016-03-23,5730,5730,5510,5670,5157,-0.010471204188481686
2016-03-24,5590,5770,5590,5630,2863,-0.007054673721340388
2016-03-25,5690,5690,5510,5570,2003,-0.010657193605683846
2016-03-28,5600,5700,5500,5580,829,0.0017953321364452268
2016-03-29,5510,5670,5400,5620,3169,0.007168458781362075
2016-03-30,5620,5700,5620,5650,534,0.005338078291814874
2016-03-31,5650,5790,5510,5730,5865,0.014159292035398341
2016-04-01,5720,6050,5610,5830,8879,0.017452006980802848
2016-04-04,5910,7270,5910,7060,246265,0.2109777015437393
2016-04-05,6810,7500,6430,7290,75471,0.03257790368271962
2016-04-06,7520,9140,7330,7510,352887,0.030178326474622708
2016-04-07,7850,7870,7320,7610,39708,0.013315579227696439
2016-04-08,7630,8700,7620,8200,77497,0.07752956636005259
2016-04-11,8610,8790,7940,8020,63258,-0.02195121951219514
2016-04-12,7940,8090,7230,8060,58296,0.004987531172069737
2016-04-14,8500,8600,6650,6920,97266,-0.141439205955335
2016-04-15,6980,6980,6350,6590,56846,-0.047687861271676346
2016-04-18,6610,6800,6100,6480,35369,-0.01669195751138086
2016-04-19,6480,6480,6200,6300,22964,-0.02777777777777779
2016-04-20,6350,6370,5880,5880,34922,-0.06666666666666665
2016-04-21,6030,6270,5870,6200,32515,0.054421768707483054
2016-04-22,6290,6370,6060,6210,29614,0.001612903225806539
2016-04-25,6300,6310,6120,6140,11606,-0.011272141706924366
2016-04-26,6200,6300,5950,6150,15386,0.0016286644951140072
2016-04-27,6060,6200,5940,6090,21638,-0.009756097560975618
2016-04-28,6060,6090,5950,6060,13408,-0.0049261083743842304
2016-04-29,6050,6090,5990,6080,8430,0.0033003300330032292
2016-05-02,6080,6080,5840,5840,13381,-0.03947368421052633
2016-05-03,5880,6010,5580,5770,20933,-0.011986301369863006
2016-05-04,5750,5770,5580,5720,13717,-0.008665511265164683
2016-05-09,5720,5780,5540,5550,10852,-0.029720279720279685
2016-05-10,5510,5610,5460,5580,5156,0.00540540540540535
2016-05-11,5610,5620,5420,5570,4482,-0.0017921146953404632
2016-05-12,5520,5560,5430,5430,8842,-0.025134649910233398
2016-05-13,5490,5500,5400,5430,8372,0.0
2016-05-16,5440,5520,5290,5420,8416,-0.0018416206261510082
2016-05-17,5450,5450,5230,5230,11589,-0.035055350553505504
2016-05-18,5240,5440,5050,5230,11567,0.0
2016-05-19,5200,5380,5100,5370,6097,0.026768642447418722
2016-05-20,5370,5430,5200,5360,2853,-0.0018621973929237035
2016-05-23,5360,5390,5200,5370,3198,0.001865671641791078
2016-05-24,5350,5350,5150,5210,9931,-0.029795158286778367
2016-05-25,5300,5310,5140,5260,12299,0.009596928982725572
2016-05-26,5310,5330,5150,5290,980,0.005703422053231932
2016-05-27,5290,5390,5150,5300,5648,0.001890359168241984
2016-05-30,5380,5380,5200,5200,1686,-0.018867924528301883
2016-05-31,5150,5320,5150,5260,1104,0.011538461538461497
2016-06-01,5300,5300,5180,5240,834,-0.0038022813688213253
2016-06-02,5340,5430,5230,5330,8537,0.01717557251908386
2016-06-03,5330,5390,5170,5170,4892,-0.030018761726078758
2016-06-07,5180,5460,5180,5370,8041,0.03868471953578334
2016-06-08,5480,5490,5310,5470,2286,0.01862197392923659
2016-06-09,5500,5680,5350,5540,11562,0.01279707495429605
2016-06-10,5430,5630,5430,5560,7063,0.0036101083032491488
2016-06-13,5580,5580,5430,5560,1058,0.0
2016-06-14,5400,5550,5370,5440,3139,-0.021582733812949617
2016-06-15,5530,5590,5340,5360,3282,-0.014705882352941124
2016-06-16,5460,5460,5190,5190,3140,-0.03171641791044777
2016-06-17,5190,5350,5180,5270,2100,0.015414258188824581
2016-06-20,5270,5350,5150,5310,2513,0.007590132827324458
2016-06-21,5330,5410,5200,5390,6338,0.015065913370998052
2016-06-22,5310,5460,5300,5420,6773,0.005565862708719838
2016-06-23,5470,5470,5280,5420,2453,0.0
2016-06-24,5420,5490,4995,5090,18210,-0.06088560885608851
2016-06-27,5090,5190,5090,5170,351,0.015717092337917515
2016-06-28,5170,5190,5110,5170,548,0.0
2016-06-29,5210,5280,5150,5220,1646,0.009671179883945946
2016-06-30,5240,5270,5100,5140,4334,-0.01532567049808431
2016-07-01,5180,5180,5090,5130,3423,-0.0019455252918287869
2016-07-04,5150,5190,5090,5160,1785,0.005847953216374213
2016-07-05,5150,5200,5080,5200,2672,0.007751937984496138
2016-07-06,5140,5140,4990,5030,6762,-0.03269230769230769
2016-07-07,5080,5080,5010,5070,990,0.007952286282306265
2016-07-08,5010,5100,5010,5100,1921,0.00591715976331364
2016-07-11,5100,5160,5030,5030,1016,-0.013725490196078383
2016-07-12,5130,5130,5030,5100,1098,0.013916500994035852
2016-07-13,5100,5160,5080,5130,2808,0.00588235294117645
2016-07-14,5190,5190,5050,5100,5059,-0.005847953216374324
2016-07-15,5160,5160,5050,5120,826,0.0039215686274509665
2016-07-18,5040,5140,5040,5140,1813,0.00390625
2016-07-19,5160,5170,5100,5130,555,-0.0019455252918287869
2016-07-20,5170,5220,5130,5200,3259,0.013645224171539905
2016-07-21,5350,5350,5200,5200,809,0.0
2016-07-22,5240,5330,5160,5260,331,0.011538461538461497
2016-07-25,5280,5280,5160,5270,1602,0.0019011406844107182
2016-07-26,5260,5260,5160,5230,2097,-0.007590132827324458
2016-07-27,5230,5230,5180,5210,35,-0.003824091778202643
2016-07-28,5240,5240,5100,5200,1555,-0.0019193857965451588
2016-07-29,5200,5200,5150,5160,690,-0.007692307692307665
2016-08-01,5160,5160,5020,5130,2806,-0.005813953488372103
2016-08-02,5130,5290,5120,5120,434,-0.0019493177387914784
2016-08-03,5260,5260,5100,5100,566,-0.00390625
2016-08-04,5190,5200,5120,5200,1238,0.019607843137254832
2016-08-05,5160,5170,5090,5170,683,-0.005769230769230749
2016-08-08,5160,5270,5140,5270,752,0.01934235976789167
2016-08-09,5240,5270,5150,5260,808,-0.00189753320683117
2016-08-10,5200,5260,5050,5200,3504,-0.011406844106463865
2016-08-11,5190,5190,5050,5140,5816,-0.011538461538461497
2016-08-12,5150,5180,5050,5080,3110,-0.011673151750972721
2016-08-16,5100,5140,5040,5130,1058,0.009842519685039353
2016-08-17,5190,5190,5090,5170,1404,0.007797270955165692
2016-08-18,5170,5170,5050,5050,900,-0.023210831721469982
2016-08-19,5150,5170,5050,5140,442,0.017821782178217838
2016-08-22,5070,5100,5060,5090,581,-0.009727626459143934
2016-08-23,5090,5090,5060,5080,600,-0.0019646365422396617
2016-08-24,5070,5070,5010,5070,1273,-0.0019685039370078705
2016-08-25,5060,5070,5050,5070,2852,0.0
2016-08-26,5130,5130,5090,5090,81,0.0039447731755424265
2016-08-29,5090,5090,4970,5080,4921,-0.0019646365422396617
2016-08-30,5090,5120,5060,5120,841,0.007874015748031482
2016-08-31,5190,5190,5130,5160,13621,0.0078125
2016-09-01,5230,5300,5160,5160,6806,0.0
2016-09-02,5060,5170,5060,5160,963,0.0
2016-09-05,5170,5170,5030,5120,548,-0.007751937984496138
2016-09-06,5100,5500,5040,5270,23620,0.029296875
2016-09-07,5290,5480,5250,5330,19846,0.011385199240986799
2016-09-08,5320,5480,5190,5450,7347,0.022514071294559068
2016-09-09,5530,5600,5410,5600,4125,0.02752293577981657
2016-09-12,5600,5600,5500,5500,1976,-0.017857142857142905
2016-09-13,5400,5700,5400,5570,4284,0.012727272727272698
2016-09-19,5510,5630,5510,5530,2417,-0.007181328545781018
2016-09-20,5630,5810,5630,5810,9108,0.05063291139240511
2016-09-21,5880,5890,5710,5710,1834,-0.01721170395869187
2016-09-22,5710,5780,5650,5720,348,0.0017513134851139256
2016-09-23,5600,5880,5600,5850,3457,0.022727272727272707
2016-09-26,5620,5780,5620,5780,2247,-0.011965811965811923
2016-09-27,5660,5750,5660,5710,2183,-0.01211072664359858
2016-09-28,5740,5780,5620,5700,3277,-0.0017513134851138146
2016-09-29,5630,5710,5600,5650,2079,-0.00877192982456143
2016-09-30,5500,5720,5500,5720,737,0.012389380530973382
2016-10-04,5790,5820,5710,5810,4386,0.01573426573426584
2016-10-05,5870,5870,5850,5870,5207,0.010327022375215211
2016-10-06,5950,5980,5900,5920,2694,0.008517887563884052
2016-10-07,5940,5940,5880,5880,26,-0.006756756756756799
2016-10-10,5930,5930,5680,5900,511,0.00340136054421758
2016-10-11,5880,5880,5610,5630,3082,-0.045762711864406724
2016-10-12,5750,5830,5750,5830,21,0.035523978685612745
2016-10-13,5610,5730,5610,5620,97,-0.03602058319039447
2016-10-14,5620,5760,5620,5750,1022,0.02313167259786475
2016-10-17,5840,5840,5840,5840,2,0.01565217391304352
2016-10-18,5710,5800,5710,5800,212,-0.006849315068493178
2016-10-19,5800,5860,5700,5700,3762,-0.017241379310344862
2016-10-20,5790,5790,5630,5630,142,-0.012280701754386003
2016-10-21,5680,5680,5600,5620,27,-0.001776198934280604
2016-10-24,5550,5710,5460,5560,1087,-0.010676156583629859
2016-10-25,5670,5670,5410,5490,676,-0.01258992805755399
2016-10-26,5320,5440,5310,5380,461,-0.02003642987249543
2016-10-27,5290,5470,5290,5380,210,0.0
2016-10-28,5470,5470,5280,5400,133,0.0037174721189590088
2016-10-31,5490,5490,5210,5220,304,-0.033333333333333326
2016-11-01,5290,5290,5170,5220,1537,0.0
2016-11-02,5220,5290,5220,5290,21,0.013409961685823646
2016-11-03,5090,5180,5010,5180,1228,-0.020793950850661602
2016-11-04,5210,5280,5210,5260,22,0.015444015444015413
2016-11-07,5260,5260,5250,5250,8,-0.0019011406844106071
2016-11-08,5300,5300,5300,5300,5,0.00952380952380949
2016-11-09,5400,5400,5000,5200,288,-0.018867924528301883
2016-11-10,5200,5290,5200,5290,110,0.017307692307692246
2016-11-11,5080,5300,5080,5280,223,-0.001890359168241984
2016-11-14,5260,5260,5170,5260,14,-0.0037878787878787845
2016-11-15,5100,5260,5100,5240,106,-0.0038022813688213253
2016-11-16,5100,5180,5070,5180,957,-0.011450381679389277
2016-11-17,5100,5160,5090,5160,464,-0.0038610038610038533
2016-11-18,5150,5150,5070,5070,87,-0.01744186046511631
2016-11-21,5190,5190,5030,5030,24,-0.007889546351084853
2016-11-22,5200,5270,5050,5150,105,0.02385685884691857
2016-11-23,5030,5250,5030,5250,104,0.01941747572815533
2016-11-24,5040,5150,5040,5130,173,-0.02285714285714291
2016-11-25,5280,5290,5060,5290,136,0.031189083820662766
2016-11-28,5190,5280,5130,5280,1328,-0.001890359168241984
2016-11-29,5100,5270,5100,5230,129,-0.009469696969697017
2016-11-30,5300,5300,5100,5120,236,-0.021032504780114758
2016-12-01,5220,5230,5150,5150,1102,0.005859375
2016-12-02,5060,5250,5060,5250,1564,0.01941747572815533
2016-12-05,5020,5200,5020,5190,1499,-0.011428571428571455
2016-12-06,5190,5190,5000,5060,1261,-0.025048169556840083
2016-12-07,5070,5130,5020,5130,1164,0.01383399209486158
2016-12-08,5200,5260,5200,5260,1404,0.025341130604288553
2016-12-09,5300,5300,5050,5140,819,-0.02281368821292773
2016-12-12,5140,5200,5140,5200,3344,0.011673151750972721
2016-12-13,5170,5200,5120,5180,3290,-0.0038461538461538325
2016-12-14,5180,5180,5180,5180,3,0.0
2016-12-15,5190,5200,5170,5170,47,-0.0019305019305019266
2016-12-16,5110,5240,5110,5230,4348,0.011605415860735047
2016-12-19,5250,5310,5250,5310,1208,0.015296367112810794
2016-12-20,5310,5450,5310,5410,86,0.01883239171374762
2016-12-21,5480,5480,5350,5470,423,0.01109057301293892
2016-12-22,5490,5490,5300,5390,894,-0.014625228519195566
2016-12-23,5390,5390,5360,5360,13,-0.005565862708719838
2016-12-26,5250,5370,5250,5350,297,-0.001865671641791078
2016-12-27,5400,5400,5400,5400,1022,0.009345794392523255
2016-12-28,5490,5490,5290,5380,14,-0.0037037037037036535
2016-12-29,5450,5490,5430,5490,2750,0.020446096654274992
2017-01-02,5490,5490,5220,5490,877,0.0
2017-01-03,5490,5490,5490,5490,53,0.0
2017-01-04,5470,5470,5350,5470,6,-0.0036429872495445936
2017-01-05,5430,5560,5330,5430,4824,-0.007312614259597838
2017-01-06,5430,5590,5380,5450,244,0.0036832412523020164
2017-01-09,5560,5560,5230,5450,772,0.0
2017-01-10,5440,5450,5400,5450,1713,0.0
2017-01-11,5420,5430,5350,5420,524,-0.0055045871559632475
2017-01-12,5420,5450,5330,5450,20419,0.005535055350553542
2017-01-13,5450,5790,5450,5540,4596,0.016513761467889854
2017-01-16,5570,5630,5350,5490,486,-0.009025270758122761
2017-01-17,5400,5540,5390,5510,1154,0.0036429872495447047
2017-01-18,5530,5530,5530,5530,42,0.003629764065335772
2017-01-19,5560,5790,5520,5670,17032,0.025316455696202445
2017-01-20,5760,5780,5520,5670,792,0.0
2017-01-23,5630,5740,5400,5450,1058,-0.03880070546737213
2017-01-24,5450,5490,5300,5410,2995,-0.007339449541284404
2017-01-25,5550,5570,5380,5520,251,0.020332717190388205
2017-01-26,5600,5700,5420,5630,388,0.019927536231884035
2017-01-31,5670,5680,5590,5660,2326,0.005328596802841812
2017-02-01,5450,5650,5420,5510,8212,-0.026501766784452263
2017-02-02,5430,5430,5340,5400,8204,-0.019963702359346636
2017-02-03,5400,5510,5330,5490,3354,0.016666666666666607
2017-02-06,5540,5540,5440,5440,212,-0.00910746812386154
2017-02-07,5340,5450,5310,5370,3255,-0.012867647058823484
2017-02-08,5300,5370,5260,5350,3415,-0.003724394785847296
2017-02-09,5340,5420,5260,5410,1317,0.01121495327102795
2017-02-10,5360,5360,5270,5270,325,-0.025878003696857665
2017-02-13,5230,5470,5220,5380,498,0.020872865275142205
2017-02-14,5290,5380,5220,5270,2452,-0.020446096654275103
2017-02-15,5290,5460,5290,5460,1328,0.036053130929791344
2017-02-16,5500,5500,5350,5350,3092,-0.020146520146520186
2017-02-17,5450,5490,5390,5490,281,0.026168224299065512
2017-02-20,5530,5550,5310,5470,2791,-0.0036429872495445936
2017-02-21,5350,5470,5310,5380,7536,-0.01645338208409508
2017-02-22,5380,5420,5330,5380,583,0.0
2017-02-23,5370,5370,5270,5270,2668,-0.020446096654275103
2017-02-24,5340,5340,5230,5280,1644,0.00189753320683117
2017-02-27,5220,5300,5200,5240,996,-0.007575757575757569
2017-02-28,5270,5270,5190,5260,2527,0.003816793893129722
2017-03-02,5300,5440,5300,5420,4194,0.03041825095057038
2017-03-03,5440,5480,5320,5370,3543,-0.009225092250922495
2017-03-06,5300,5500,5250,5460,3197,0.016759776536312776
2017-03-07,5460,5500,5370,5500,3307,0.0073260073260073
2017-03-08,5410,5540,5410,5520,6898,0.0036363636363636598
2017-03-09,5520,5540,5380,5380,2767,-0.025362318840579712
2017-03-10,5370,5480,5270,5460,4317,0.014869888475836479
2017-03-13,5490,5570,5370,5480,3796,0.00366300366300365
2017-03-14,5500,5570,5370,5480,3295,0.0
2017-03-15,5420,5530,5370,5530,2217,0.009124087591240837
2017-03-16,5540,5540,5410,5510,784,-0.003616636528028905
2017-03-17,5550,5550,5400,5530,7422,0.003629764065335772
2017-03-20,5570,5570,5440,5440,891,-0.016274864376130238
2017-03-21,5510,5530,5440,5460,2768,0.003676470588235281
2017-03-22,5540,5540,5370,5460,3436,0.0
2017-03-23,5500,5500,5370,5400,680,-0.01098901098901095
2017-03-24,5390,5420,5330,5360,2113,-0.007407407407407418
2017-03-27,5400,5470,5330,5420,1712,0.011194029850746245
2017-03-28,5390,5450,5350,5400,1953,-0.0036900369003689537
2017-03-29,5450,5490,5370,5410,1686,0.0018518518518517713
2017-03-30,5400,5510,5390,5510,2129,0.01848428835489835
2017-03-31,5530,5570,5480,5570,3117,0.010889292196007316
2017-04-03,5670,5680,5550,5640,214,0.012567324955116588
2017-04-04,5630,5630,5380,5430,2998,-0.037234042553191515
2017-04-05,5450,5550,5400,5550,1224,0.022099447513812098
2017-04-06,5570,5570,5460,5490,965,-0.010810810810810811
2017-04-07,5520,5570,5460,5490,4325,0.0
2017-04-10,5510,5600,5450,5500,5393,0.0018214936247722413
2017-04-11,5510,5550,5470,5520,1584,0.0036363636363636598
2017-04-12,5530,5530,5430,5520,778,0.0
2017-04-13,5540,5550,5480,5530,1186,0.0018115942028984477
2017-04-14,5570,5570,5500,5540,46,0.001808318264014508
2017-04-17,5500,5600,5500,5560,752,0.0036101083032491488
2017-04-18,5600,5690,5510,5600,1325,0.007194244604316502
2017-04-19,5650,5790,5560,5710,1242,0.019642857142857073
2017-04-20,5780,5800,5570,5580,6433,-0.02276707530647981
2017-04-21,5540,5560,5460,5530,5361,-0.008960573476702538
2017-04-24,5460,5530,5460,5500,2654,-0.005424954792043413
2017-04-25,5520,5520,5470,5500,230,0.0
2017-04-26,5500,5650,5410,5600,8177,0.018181818181818077
2017-04-27,5630,5630,5560,5610,1026,0.0017857142857142794
2017-04-28,5640,5640,5510,5610,1103,0.0
2017-05-02,5620,5660,5620,5640,149,0.005347593582887722
2017-05-04,5660,5660,5520,5570,2697,-0.012411347517730542
2017-05-08,5530,5580,5490,5540,1938,-0.0053859964093356805
2017-05-10,5530,5530,5430,5430,3372,-0.019855595667869985
2017-05-11,5410,5520,5410,5480,831,0.009208103130755152
2017-05-12,5430,5490,5410,5470,1651,-0.0018248175182481452
2017-05-15,5420,5500,5420,5500,480,0.005484460694698434
2017-05-16,5490,5530,5420,5480,2184,-0.0036363636363636598
2017-05-17,5430,5480,5420,5470,1305,-0.0018248175182481452
2017-05-18,5410,5460,5390,5450,1897,-0.003656307129798919
2017-05-19,5450,5490,5420,5480,524,0.005504587155963359
2017-05-22,5480,5480,5380,5480,2583,0.0
2017-05-23,5480,5490,5440,5470,311,-0.0018248175182481452
2017-05-24,5490,5720,5490,5660,6274,0.034734917733089565
2017-05-25,5690,6890,5580,6700,333638,0.18374558303886923
2017-05-26,7900,8000,6190,6300,259438,-0.05970149253731338
2017-05-29,6360,7350,6010,6800,287659,0.0793650793650793
2017-05-30,6870,7350,6750,6900,102534,0.014705882352941124
2017-05-31,6710,6890,6500,6740,60613,-0.023188405797101463
2017-06-01,6740,6920,6600,6650,29538,-0.013353115727002929
2017-06-02,6620,6780,6520,6610,13625,-0.006015037593984918
2017-06-05,6610,6790,6310,6470,28572,-0.021180030257186067
2017-06-07,6470,6600,6410,6470,8772,0.0
2017-06-08,6430,6700,6330,6610,21001,0.021638330757341562
2017-06-09,6740,6740,6420,6540,6002,-0.010590015128593033
2017-06-12,6510,7000,6320,6830,38733,0.04434250764525993
2017-06-13,6920,7350,6800,7070,59768,0.03513909224011713
2017-06-14,7100,7200,6880,7000,16080,-0.00990099009900991
2017-06-15,7090,7090,6740,6800,12978,-0.02857142857142858
2017-06-16,6770,6930,6620,6710,6088,-0.013235294117647012
2017-06-19,6740,7200,6740,7090,43403,0.05663189269746649
2017-06-20,7200,7200,6850,6900,13183,-0.026798307475317307
2017-06-21,6830,6940,6720,6890,8172,-0.0014492753623188692
2017-06-22,6860,7270,6860,7100,41593,0.030478955007256836
2017-06-23,7200,7250,7000,7130,11530,0.004225352112676051
2017-06-26,7280,7280,7000,7180,5413,0.007012622720897532
2017-06-27,7120,7370,7120,7250,8721,0.009749303621169991
2017-06-28,7250,7250,6990,7050,8874,-0.02758620689655178
2017-06-29,7090,7110,6830,6890,18300,-0.02269503546099294
2017-06-30,6800,7120,6750,7110,4101,0.03193033381712618
2017-07-03,7090,7250,6820,6940,6628,-0.023909985935302358
2017-07-04,6850,6950,6530,6820,13698,-0.01729106628242072
2017-07-05,6770,6810,6550,6640,5445,-0.02639296187683282
2017-07-06,6600,6880,6520,6560,12762,-0.012048192771084376
2017-07-07,6560,6770,6520,6540,5798,-0.0030487804878048808
2017-07-10,6690,6690,6450,6640,8903,0.015290519877675823
2017-07-11,6620,6690,6460,6580,2178,-0.009036144578313254
2017-07-12,6420,6730,6420,6730,2111,0.022796352583586588
2017-07-13,6730,6730,6470,6480,3579,-0.03714710252600295
2017-07-14,6450,6580,6420,6430,1319,-0.007716049382716084
2017-07-17,6430,6700,6310,6370,1613,-0.009331259720062213
2017-07-18,6490,6760,6410,6590,6892,0.03453689167974883
2017-07-19,6680,6680,6470,6530,4016,-0.009104704097116834
2017-07-20,6500,6670,6410,6610,1286,0.012251148545176171
2017-07-21,6470,6690,6470,6660,539,0.0075642965204236745
2017-07-24,6700,6780,6530,6530,1171,-0.019519519519519468
2017-07-25,6500,6660,6250,6320,7705,-0.03215926493108734
2017-07-26,6320,6420,6120,6200,4367,-0.01898734177215189
2017-07-27,6350,6380,6170,6170,2624,-0.004838709677419395
2017-07-28,6340,6340,6000,6170,3224,0.0
2017-07-31,6190,6200,6160,6160,122,-0.0016207455429497752
2017-08-01,6160,6300,6100,6120,3019,-0.00649350649350644
2017-08-02,6300,6300,6140,6260,517,0.02287581699346397
2017-08-03,6130,6350,6120,6240,224,-0.0031948881789137795
2017-08-04,6370,6500,6170,6490,9563,0.040064102564102644
2017-08-07,6480,6810,6330,6540,18220,0.007704160246533087
2017-08-08,6510,6510,6250,6320,7402,-0.033639143730886834
2017-08-09,6390,6580,6260,6470,4270,0.023734177215189778
2017-08-10,6310,6650,6180,6240,7483,-0.03554868624420404
2017-08-11,6350,6350,6130,6310,8654,0.011217948717948678
2017-08-14,6400,6710,6220,6470,27017,0.02535657686212356
2017-08-16,6470,6920,6470,6740,41888,0.04173106646058722
2017-08-17,6800,7150,6670,6830,41552,0.01335311572700304
2017-08-18,6650,6830,6600,6740,18467,-0.013177159590043952
2017-08-21,6840,6900,6620,6680,12993,-0.008902077151335286
2017-08-22,6750,6750,6540,6640,10594,-0.005988023952095856
2017-08-23,6620,6680,6570,6640,5242,0.0
2017-08-24,6670,6790,6570,6790,11649,0.02259036144578319
2017-08-25,6790,7000,6720,6790,8499,0.0
2017-08-28,6730,6920,6660,6760,8992,-0.004418262150220897
2017-08-29,6660,6860,6640,6720,8570,-0.00591715976331364
2017-08-30,6820,7090,6770,6840,15216,0.017857142857142794
2017-08-31,6890,6990,6540,6630,19501,-0.030701754385964897
2017-09-01,6680,6720,6550,6620,9206,-0.0015082956259426794
2017-09-04,6640,6640,6400,6460,5642,-0.024169184290030232
2017-09-05,6550,6650,6340,6440,5037,-0.003095975232198178
2017-09-06,6540,6540,6370,6470,1598,0.004658385093167627
2017-09-07,6580,6690,6380,6380,5971,-0.01391035548686248
2017-09-08,6480,6550,6320,6340,4673,-0.006269592476489061
2017-09-11,6470,6530,6370,6420,1884,0.012618296529968376
2017-09-12,6530,6700,6440,6700,5857,0.04361370716510904
2017-09-13,6620,6650,6530,6600,5868,-0.014925373134328401
2017-09-14,6570,6640,6500,6580,2345,-0.00303030303030305
2017-09-15,6620,6670,6500,6650,9461,0.010638297872340496
2017-09-18,6650,7090,6640,7000,53643,0.05263157894736836
2017-09-19,6980,7120,6790,6940,11349,-0.008571428571428563
2017-09-20,6940,6980,6690,6690,13485,-0.03602305475504319
2017-09-21,6720,6790,6650,6790,2115,0.014947683109117982
2017-09-22,6790,6800,6500,6550,10568,-0.03534609720176729
2017-09-25,6580,6690,6420,6480,1917,-0.010687022900763399
2017-09-26,6480,6570,6350,6570,4038,0.01388888888888884
2017-09-27,6520,6570,6450,6570,695,0.0
2017-09-28,6520,6650,6410,6470,5011,-0.015220700152207
2017-09-29,6550,6560,6450,6470,1035,0.0
2017-10-10,6420,6640,6420,6500,106,0.004636785162287493
2017-10-11,6580,6650,6520,6550,1670,0.007692307692307665
2017-10-12,6580,6890,6500,6700,2343,0.022900763358778553
2017-10-13,6720,6790,6390,6390,7756,-0.04626865671641789
2017-10-16,6330,6500,6260,6360,7305,-0.0046948356807511304
2017-10-17,6360,6420,6240,6400,2092,0.0062893081761006275
2017-10-18,6440,6440,6310,6410,98,0.0015624999999999112
2017-10-19,6230,6410,6110,6400,3666,-0.0015600624024960652
2017-10-20,6380,6530,6200,6380,6698,-0.0031250000000000444
2017-10-23,6400,6490,6230,6380,6581,0.0
2017-10-24,6490,6490,6330,6360,421,-0.0031347962382445305
2017-10-25,6490,6490,6250,6430,1785,0.011006289308176154
2017-10-26,6270,6470,6220,6230,5183,-0.031104199066874005
2017-10-27,6320,6330,6200,6290,8019,0.009630818619582593
2017-10-30,6290,6400,6260,6310,1223,0.0031796502384737746
2017-10-31,6380,6590,6300,6420,7689,0.017432646592709933
2017-11-01,6590,6590,6340,6360,5209,-0.009345794392523366
2017-11-02,6470,6470,6320,6390,1615,0.004716981132075526
2017-11-03,6460,6460,6310,6350,1008,-0.006259780907668211
2017-11-06,6350,6560,6270,6470,4312,0.018897637795275646
2017-11-07,6580,6630,6370,6430,1497,-0.0061823802163832875
2017-11-08,6480,6480,6360,6440,422,0.0015552099533437946
2017-11-09,6200,6490,6200,6490,3212,0.007763975155279601
2017-11-10,6490,6620,6470,6580,10787,0.013867488443759735
2017-11-13,6580,6700,6530,6640,7902,0.00911854103343468
2017-11-14,6640,6640,6480,6540,5787,-0.015060240963855387
2017-11-15,6540,6650,6360,6390,8308,-0.022935779816513735
2017-11-16,6330,6540,6330,6450,1623,0.009389671361502261
2017-11-17,6510,6690,6420,6430,10633,-0.0031007751937984773
2017-11-20,6540,6550,6430,6480,4153,0.007776049766718529
2017-11-21,6540,6670,6430,6550,7562,0.010802469135802406
2017-11-22,6630,6900,6500,6720,10461,0.025954198473282508
2017-11-23,6760,6980,6660,6770,9251,0.007440476190476275
2017-11-24,6710,7140,6710,6840,18309,0.010339734121122657
2017-11-27,6890,6900,6670,6760,8605,-0.011695906432748537
2017-11-28,6880,7390,6880,7050,33830,0.04289940828402372
2017-11-29,7160,7330,6990,7270,24554,0.031205673758865293
2017-11-30,7350,7350,6950,7180,5381,-0.012379642365887178
2017-12-01,7200,7400,7000,7150,2908,-0.004178272980501441
2017-12-04,7050,7200,5790,6070,101728,-0.151048951048951
2017-12-05,6190,6350,6010,6210,72720,0.023064250411861664
2017-12-06,6260,6280,5920,6040,16589,-0.027375201288244777
2017-12-07,5900,6070,5810,5980,5990,-0.009933774834437137
2017-12-08,5980,6030,5830,5940,2776,-0.006688963210702337
2017-12-11,5940,5990,5680,5850,11991,-0.015151515151515138
2017-12-12,5890,5890,5590,5640,8929,-0.03589743589743588
2017-12-13,5610,5670,5610,5670,1008,0.005319148936170137
2017-12-14,5700,5850,5600,5830,7516,0.02821869488536155
2017-12-15,5810,5880,5720,5860,4124,0.005145797598627766
2017-12-18,5860,5940,5710,5780,1723,-0.013651877133105783
2017-12-19,5780,5810,5710,5800,1461,0.0034602076124568004
2017-12-20,5850,5950,5600,5620,3031,-0.03103448275862064
2017-12-21,5650,5650,5560,5620,1143,0.0
2017-12-22,5630,5630,5400,5430,20226,-0.03380782918149461
2017-12-26,5500,5540,5380,5390,5083,-0.007366482504604033
2017-12-27,5320,5490,5310,5490,1366,0.01855287569573294
2017-12-28,5490,5530,5340,5460,3568,-0.005464480874316946
2018-01-02,5400,5400,5260,5320,7396,-0.02564102564102566
2018-01-03,5320,5420,5310,5370,2432,0.009398496240601517
2018-01-04,5380,5400,5280,5380,175,0.0018621973929235924
2018-01-05,5380,5400,5270,5370,1875,-0.0018587360594795044
2018-01-08,5290,5360,5250,5360,231,-0.0018621973929237035
2018-01-09,5350,5410,5340,5390,1892,0.005597014925373234
2018-01-10,5420,5420,5260,5420,4540,0.005565862708719838
2018-01-11,5410,5590,5300,5590,2418,0.03136531365313644
2018-01-12,5570,5590,5320,5340,3792,-0.04472271914132375
2018-01-15,5340,5370,5250,5320,2088,-0.0037453183520599342
2018-01-16,5260,5340,5220,5340,1547,0.003759398496240518
2018-01-17,5350,5350,5220,5310,1222,-0.005617977528089901
2018-01-18,5430,5450,5220,5320,2101,0.0018832391713747842
2018-01-19,5360,5360,5230,5340,1212,0.003759398496240518
2018-01-22,5240,5260,5030,5110,8493,-0.04307116104868913
2018-01-23,5110,5190,5060,5060,1558,-0.009784735812133127
2018-01-24,5070,5180,5060,5140,4427,0.015810276679841806
2018-01-25,5200,5200,5110,5170,515,0.005836575875486361
2018-01-26,5210,5360,5070,5150,2135,-0.003868471953578312
2018-01-29,5300,5340,5220,5340,884,0.03689320388349504
2018-01-30,5220,5370,5200,5350,1824,0.001872659176029856
2018-01-31,5340,5400,5290,5330,115,-0.0037383177570093906
2018-02-01,5360,5400,5200,5400,4646,0.013133208255159401
2018-02-02,5380,5450,5260,5410,1811,0.0018518518518517713
2018-02-05,5390,5410,5200,5200,4539,-0.038817005545286554
2018-02-06,5110,5190,4930,5180,6801,-0.0038461538461538325
2018-02-07,5160,5330,5030,5260,2852,0.015444015444015413
2018-02-08,5220,5270,5120,5270,1460,0.0019011406844107182
2018-02-09,5270,5270,5100,5170,726,-0.018975332068311146
2018-02-12,5300,5300,5130,5180,1088,0.0019342359767891004
2018-02-13,5290,5290,5100,5210,420,0.005791505791505891
2018-02-14,5300,5330,5100,5260,399,0.009596928982725572
2018-02-19,5240,5300,5100,5300,4118,0.0076045627376426506
2018-02-20,5330,5340,5180,5340,737,0.007547169811320753
2018-02-21,5220,5300,5200,5300,123,-0.0074906367041198685
2018-02-22,5340,5340,5020,5050,8322,-0.047169811320754707
2018-02-23,5050,5090,5000,5030,5373,-0.003960396039603964
2018-02-26,5030,5240,5000,5060,1457,0.005964214711729587
2018-02-27,5050,5200,5000,5040,2947,-0.0039525691699604515
2018-02-28,5100,5100,4955,4955,827,-0.016865079365079416
2018-03-02,5090,5200,4960,5080,953,0.025227043390514625
2018-03-05,5010,5070,4955,5010,332,-0.013779527559055094
2018-03-06,5010,5160,4990,5120,320,0.02195608782435121
2018-03-07,5110,5110,4950,5080,57,-0.0078125
2018-03-08,5170,5170,4955,5120,629,0.007874015748031482
2018-03-09,5000,5080,4970,5010,2878,-0.021484375
2018-03-12,5010,5100,5000,5050,432,0.007984031936127733
2018-03-13,5060,5190,5000,5050,815,0.0
2018-03-14,5010,5100,4960,5080,731,0.005940594059405946
2018-03-15,5100,5120,5030,5040,240,-0.007874015748031482
2018-03-16,5040,5040,4950,5040,364,0.0
2018-03-19,5010,5040,4905,5000,1707,-0.007936507936507908
2018-03-20,4950,5000,4920,5000,45,0.0
2018-03-21,4955,4990,4955,4970,643,-0.006000000000000005
2018-03-22,4950,4970,4715,4770,8634,-0.04024144869215296
2018-03-23,4720,4770,4695,4725,598,-0.009433962264150941
2018-03-26,4700,4800,4640,4665,1008,-0.012698412698412653
2018-03-27,4720,4785,4665,4700,90,0.007502679528403
2018-03-28,4685,4780,4630,4640,2531,-0.012765957446808529
2018-03-29,4645,4840,4640,4640,741,0.0
2018-03-30,4650,4840,4650,4710,3109,0.015086206896551824
2018-04-02,4845,4845,4805,4805,57,0.02016985138004257
2018-04-03,4770,4840,4670,4840,267,0.007284079084287187
2018-04-04,4800,4845,4790,4790,149,-0.010330578512396715
2018-04-05,4790,4790,4735,4735,120,-0.011482254697286032
2018-04-06,4845,4845,4785,4785,105,0.010559662090813049
2018-04-09,4765,4765,4635,4690,403,-0.019853709508881878
2018-04-10,4650,4650,4630,4630,665,-0.01279317697228144
2018-04-11,4630,4700,4630,4685,106,0.011879049676025932
2018-04-12,4700,4770,4685,4690,228,0.0010672358591248265
2018-04-13,4780,4780,4685,4710,46,0.004264392324093924
2018-04-16,4710,4745,4620,4745,1324,0.007430997876857859
2018-04-17,4670,4715,4665,4665,227,-0.01685985247629085
2018-04-18,4670,4670,4620,4665,347,0.0
2018-04-19,4650,4770,4615,4720,740,0.011789924973204746
2018-04-20,4690,4745,4650,4720,712,0.0
2018-04-23,4690,4745,4690,4690,1518,-0.006355932203389814
2018-04-24,4690,4740,4640,4730,1878,0.008528784648187626
2018-04-25,4740,4835,4740,4750,3780,0.0042283298097252064
2018-04-26,4730,4775,4730,4750,222,0.0
2018-04-27,4780,4780,4700,4720,364,-0.0063157894736841635
2018-04-30,4775,4775,4615,4640,344,-0.016949152542372836
2018-05-02,4655,4815,4655,4730,6147,0.0193965517241379
2018-05-03,4625,4785,4625,4700,4171,-0.006342494714587699
2018-05-04,4780,4780,4660,4670,4656,-0.006382978723404209
2018-05-08,4670,4850,4660,4850,12269,0.03854389721627416
2018-05-09,4845,5040,4785,4955,12252,0.021649484536082397
2018-05-10,4960,5000,4815,5000,10124,0.00908173562058523
2018-05-11,5000,5220,5000,5200,10934,0.040000000000000036
2018-05-14,5360,5590,5010,5390,18202,0.03653846153846163
2018-05-15,5390,5450,5200,5360,1335,-0.005565862708719838
2018-05-16,5360,5360,4960,5030,2134,-0.06156716417910446
2018-05-17,4970,5220,4970,5070,1470,0.007952286282306265
2018-05-18,5190,5440,5100,5420,12813,0.06903353057199202
2018-05-21,5500,6340,5500,5700,42502,0.05166051660516602
2018-05-23,5900,6240,5640,5680,19607,-0.0035087719298245723
2018-05-24,5650,5670,5170,5320,14801,-0.06338028169014087
2018-05-25,5080,5330,5060,5330,5965,0.001879699248120259
2018-05-28,5320,5580,5210,5580,2323,0.046904315196998114
2018-05-29,5500,5500,5220,5250,7523,-0.05913978494623651
2018-05-30,5230,5230,5060,5060,5102,-0.03619047619047622
2018-05-31,5080,5300,5030,5130,2932,0.01383399209486158
2018-06-01,5100,5140,5040,5130,1825,0.0
2018-06-04,5050,5090,5010,5010,3916,-0.023391812865497075
2018-06-05,5120,5130,5000,5010,1375,0.0
2018-06-07,4980,5140,4980,5140,1211,0.02594810379241519
2018-06-08,5120,5120,5000,5070,1049,-0.013618677042801508
2018-06-11,5100,5100,5090,5090,2,0.0039447731755424265
2018-06-12,5090,5090,5000,5050,457,-0.007858546168958758
2018-06-14,5030,5030,4945,5030,1491,-0.003960396039603964
2018-06-15,4950,4980,4920,4980,1015,-0.00994035785288272
2018-06-18,4910,4910,4750,4750,7480,-0.04618473895582331
2018-06-19,4750,4800,4700,4785,2138,0.007368421052631469
2018-06-20,4795,4890,4795,4840,1136,0.011494252873563315
2018-06-21,4840,4900,4760,4880,925,0.008264462809917328
2018-06-22,4880,5590,4880,5010,2698,0.026639344262294973
2018-06-25,5040,5040,4850,4925,1245,-0.01696606786427146
2018-06-26,4960,4990,4835,4835,285,-0.018274111675126936
2018-06-27,4900,5000,4840,4990,34,0.03205791106514999
2018-06-28,5280,5280,4880,4880,243,-0.022044088176352727
2018-06-29,4880,4930,4830,4830,844,-0.010245901639344246
2018-07-02,4915,4915,4900,4900,747,0.01449275362318847
2018-07-03,4800,4850,4795,4795,6314,-0.021428571428571463
2018-07-04,4790,4885,4755,4885,2014,0.018769551616266922
2018-07-05,4770,4885,4770,4885,465,0.0
2018-07-06,4735,4865,4710,4805,6656,-0.016376663254861867
2018-07-09,4800,4830,4700,4720,3267,-0.01768990634755463
2018-07-10,4800,4950,4745,4800,174,0.016949152542372836
2018-07-11,4810,5320,4805,5320,314,0.10833333333333339
2018-07-12,4905,5110,4905,4930,620,-0.07330827067669177
2018-07-13,4820,5060,4820,4885,565,-0.009127789046653123
2018-07-16,4885,4985,4825,4825,85,-0.0122824974411464
2018-07-17,4970,5000,4845,5000,1884,0.03626943005181338
2018-07-18,4835,4965,4835,4900,507,-0.020000000000000018
2018-07-19,4950,4995,4860,4860,206,-0.008163265306122436
2018-07-20,4995,4995,4840,4845,294,-0.0030864197530864335
2018-07-23,4870,4995,4815,4815,3192,-0.006191950464396245
2018-07-24,4985,4985,4760,4935,402,0.024922118380062308
2018-07-25,4920,4920,4920,4920,0,-0.003039513677811523
2018-07-26,4905,4905,4805,4865,1075,-0.011178861788617933
2018-07-27,4900,4900,4845,4860,1761,-0.0010277492291880241
2018-07-30,4985,4985,4850,4850,535,-0.002057613168724326
2018-07-31,4835,4885,4815,4815,666,-0.007216494845360799
2018-08-01,4725,4895,4725,4815,1884,0.0
2018-08-02,4805,4880,4755,4755,999,-0.012461059190031154
2018-08-03,4880,4880,4795,4800,800,0.009463722397476282
2018-08-06,4805,4900,4805,4830,785,0.006250000000000089
2018-08-07,4905,4910,4845,4845,655,0.0031055900621117516
2018-08-08,4950,4950,4845,4855,1517,0.002063983488132193
2018-08-09,4800,4930,4800,4835,2220,-0.004119464469618972
2018-08-10,5040,5250,4850,4850,1730,0.0031023784901758056
2018-08-13,4815,4895,4805,4810,1087,-0.008247422680412342
2018-08-14,4890,4890,4775,4795,1631,-0.0031185031185031464
2018-08-16,4830,4830,4755,4785,1724,-0.002085505735140769
2018-08-17,4890,4915,4740,4915,475,0.027168234064785857
2018-08-20,4995,4995,4820,4825,900,-0.01831129196337744
2018-08-21,4825,4850,4825,4850,64,0.005181347150259086
2018-08-22,4765,4845,4765,4840,1382,-0.0020618556701030855
2018-08-23,4785,4845,4785,4790,940,-0.010330578512396715
2018-08-24,4835,4840,4790,4825,806,0.007306889352818313
2018-08-27,4795,4830,4795,4805,61,-0.004145077720207224
2018-08-28,4840,4840,4810,4810,11,0.0010405827263266776
2018-08-29,4850,4860,4820,4820,178,0.0020790020790020236
2018-08-30,4835,4870,4830,4835,396,0.003112033195020736
2018-08-31,4860,4870,4855,4855,209,0.004136504653567741
2018-09-03,4855,4855,4810,4840,1641,-0.003089598352214229
2018-09-04,4880,4880,4820,4830,269,-0.0020661157024793875
2018-09-05,4845,4895,4835,4860,3054,0.006211180124223503
2018-09-06,4825,4900,4800,4825,372,-0.007201646090534974
2018-09-07,4835,4945,4835,4900,1894,0.015544041450777257
2018-09-10,4940,4945,4855,4855,82,-0.009183673469387754
2018-09-11,4920,5200,4880,5200,221,0.07106076210092693
2018-09-12,5200,5240,4940,4940,427,-0.050000000000000044
2018-09-13,5000,5000,4870,4875,201,-0.013157894736842146
2018-09-14,4995,4995,4855,4870,59,-0.0010256410256410664
2018-09-17,4880,4985,4850,4850,145,-0.004106776180698102
2018-09-18,4855,4920,4855,4900,845,0.010309278350515427
2018-09-19,4975,4975,4895,4895,103,-0.0010204081632653184
2018-09-20,4940,4985,4860,4860,439,-0.007150153217568955
2018-09-21,4835,4980,4835,4980,94,0.024691358024691468
2018-09-27,4965,4980,4860,4875,120,-0.02108433734939763
2018-09-28,4870,4870,4870,4870,1,-0.0010256410256410664
2018-10-01,4850,4850,4780,4845,2607,-0.005133470225872738
2018-10-02,4950,4950,4900,4900,7,0.011351909184726505
2018-10-04,4890,4890,4800,4865,208,-0.0071428571428571175
2018-10-05,4930,4930,4930,4930,9,0.013360739979445091
2018-10-08,4880,4880,4790,4870,58,-0.012170385395537497
2018-10-10,4785,4825,4685,4825,219,-0.00924024640657084
2018-10-11,4725,4725,4400,4500,1255,-0.06735751295336789
2018-10-12,4300,4585,4300,4565,35,0.014444444444444482
2018-10-15,4565,4565,4425,4545,166,-0.004381161007667056
2018-10-16,4640,4680,4640,4680,10,0.02970297029702973
2018-10-17,4600,4680,4585,4680,21,0.0
2018-10-18,4615,4680,4615,4675,11,-0.0010683760683760646
2018-10-19,4615,4620,4580,4580,6,-0.02032085561497321
2018-10-22,4590,4800,4580,4680,1900,0.02183406113537112
2018-10-23,4780,4780,4740,4740,215,0.012820512820512775
2018-10-24,4600,4720,4600,4715,54,-0.0052742616033755185
2018-10-25,4550,4675,4545,4660,252,-0.01166489925768821
2018-10-26,4655,4655,4350,4590,536,-0.015021459227467782
2018-10-29,4400,4400,4360,4360,340,-0.050108932461873645
2018-10-30,4000,4350,4000,4350,1069,-0.002293577981651418
2018-10-31,4450,4450,4360,4360,32,0.0022988505747125743
2018-11-01,4360,4540,4300,4500,323,0.032110091743119185
2018-11-02,4530,4530,4385,4385,264,-0.025555555555555554
2018-11-05,4600,4600,4430,4435,245,0.011402508551881407
2018-11-06,4550,4570,4425,4425,12,-0.0022547914317925244
2018-11-07,4430,4510,4365,4510,44,0.019209039548022666
2018-11-08,4520,4530,4455,4530,40,0.0044345898004434225
2018-11-09,4535,4535,4530,4535,38,0.001103752759381793
2018-11-12,4375,4440,4375,4440,4,-0.02094818081587657
2018-11-13,4430,4430,4325,4430,23,-0.0022522522522522292
2018-11-14,4430,4595,4430,4500,1843,0.015801354401805856
2018-11-15,4535,4550,4440,4505,367,0.0011111111111110628
2018-11-16,4540,4540,4540,4540,2,0.007769145394006749
2018-11-19,4535,4540,4475,4480,556,-0.013215859030836996
2018-11-20,4515,4515,4335,4335,32,-0.0323660714285714
2018-11-21,4335,4390,4330,4365,1029,0.006920415224913601
2018-11-22,4430,4510,4385,4510,294,0.03321878579610549
2018-11-23,4510,4600,4475,4475,360,-0.0077605321507761005
2018-11-26,4550,4640,4425,4425,207,-0.011173184357541888
2018-11-27,4450,4640,4450,4470,74,0.01016949152542379
2018-11-28,4465,4465,4465,4465,0,-0.0011185682326622093
2018-11-29,4465,4465,4465,4465,354,0.0
2018-11-30,4460,4460,4455,4455,193,-0.002239641657334812
2018-12-03,4445,4450,4380,4380,23,-0.01683501683501687
2018-12-04,4530,4530,4520,4520,52,0.03196347031963476
2018-12-05,4400,4450,4400,4445,127,-0.0165929203539823
2018-12-06,4445,4450,4445,4445,50,0.0
2018-12-07,4400,4400,4265,4320,486,-0.028121484814398245
2018-12-10,4320,4325,4220,4220,89,-0.02314814814814814
2018-12-11,4400,4400,4280,4280,211,0.014218009478673022
2018-12-12,4380,4390,4280,4280,92,0.0
2018-12-13,4380,4390,4280,4285,57,0.001168224299065379
2018-12-14,4380,4380,4065,4350,226,0.015169194865811031
2018-12-17,4100,4245,4085,4245,492,-0.024137931034482807
2018-12-18,4140,4140,4120,4120,106,-0.029446407538280317
2018-12-19,4145,4200,4035,4180,125,0.014563106796116498
2018-12-20,4175,4175,4175,4175,14,-0.0011961722488038617
2018-12-21,4160,4210,4160,4165,14,-0.0023952095808382756
2018-12-24,4160,4160,4140,4140,33,-0.00600240096038418
2018-12-26,4145,4155,4145,4155,2,0.0036231884057971175
2018-12-27,4200,4200,4200,4200,3,0.010830324909747224
2018-12-28,4200,4200,4120,4190,28,-0.0023809523809523725
2019-01-02,4090,4095,4085,4095,26,-0.022673031026252954
2019-01-03,4080,4200,4080,4200,3,0.02564102564102555
2019-01-04,4150,4150,4150,4150,139,-0.011904761904761862
2019-01-07,4200,4200,4200,4200,3,0.012048192771084265
2019-01-08,4200,4200,4200,4200,1,0.0
2019-01-09,4200,4200,3950,4080,1671,-0.02857142857142858
2019-01-10,4190,4275,4060,4100,185,0.004901960784313708
2019-01-11,4095,4185,4095,4185,31,0.02073170731707319
2019-01-14,4320,4320,4150,4300,44,0.027479091995221028
2019-01-15,4320,4320,4200,4200,8,-0.023255813953488413
2019-01-16,4295,4295,4160,4250,100,0.011904761904761862
2019-01-17,4250,4250,4250,4250,9,0.0
2019-01-18,4250,4250,4250,4250,13,0.0
2019-01-21,4250,4250,4250,4250,1,0.0
2019-01-22,4250,4250,4250,4250,1,0.0
2019-01-23,4360,4360,4000,4355,81,0.024705882352941133
2019-01-24,4355,4460,4355,4460,6,0.024110218140068973
2019-01-25,4450,4450,4170,4270,1025,-0.04260089686098656
2019-01-28,4270,4270,4110,4170,956,-0.023419203747072626
2019-01-29,4170,4170,4170,4170,392,0.0
2019-01-30,4180,4180,4170,4175,109,0.0011990407673860837
2019-01-31,4200,4245,4200,4220,210,0.010778443113772518
2019-02-01,4240,4240,4160,4230,41,0.0023696682464455776
2019-02-07,4240,4400,4240,4400,450,0.04018912529550822
2019-02-08,4400,4460,4215,4265,392,-0.030681818181818143
2019-02-11,4270,4270,4235,4235,2,-0.007033997655334079
2019-02-12,4255,4285,4235,4235,411,0.0
2019-02-13,4235,4275,4235,4275,1393,0.009445100354191327
2019-02-14,4260,4380,4225,4380,584,0.024561403508772006
2019-02-15,4385,4450,4385,4450,192,0.015981735159817267
2019-02-18,4340,4415,4340,4360,520,-0.020224719101123556
2019-02-19,4400,4400,4350,4390,55,0.006880733944954143
2019-02-20,4445,4445,4445,4445,1,0.01252847380410027
2019-02-21,4445,4445,4315,4420,53,-0.0056242969628796935
2019-02-22,4495,4540,4410,4520,11,0.02262443438914019
2019-02-25,4505,4540,4490,4540,27,0.004424778761061843
2019-02-26,4575,4575,4350,4570,56,0.0066079295154184425
2019-02-27,4585,4585,4415,4565,42,-0.001094091903719896
2019-02-28,4595,4595,4550,4550,20,-0.003285870755750264
2019-03-04,4545,4545,4335,4400,687,-0.03296703296703296
2019-03-05,4495,4500,4255,4290,378,-0.025000000000000022
2019-03-06,4330,4440,4330,4440,12,0.034965034965035
2019-03-07,4410,4410,4395,4395,10,-0.010135135135135087
2019-03-08,4260,4375,4125,4125,2254,-0.061433447098976135
2019-03-11,4130,4130,4000,4035,341,-0.021818181818181848
2019-03-12,4120,4120,4050,4060,397,0.006195786864931829
2019-03-13,4185,4185,4020,4120,34,0.014778325123152802
2019-03-14,4125,4130,4125,4125,19,0.0012135922330096527
2019-03-15,4190,4190,4060,4125,575,0.0
2019-03-18,4120,4150,4120,4150,14,0.0060606060606061
2019-03-19,4150,4150,4085,4145,732,-0.001204819277108471
2019-03-20,4140,4140,4140,4140,7,-0.0012062726176115257
2019-03-21,4110,4110,4110,4110,3,-0.007246376811594235
2019-03-22,4105,4110,4080,4110,52,0.0
2019-03-25,4110,4185,4110,4110,372,0.0
2019-03-26,4195,4195,4195,4195,1,0.020681265206812682
2019-03-27,4080,4135,4080,4105,37,-0.021454112038140627
2019-03-28,4170,4170,4130,4170,19,0.015834348355663774
2019-03-29,4170,4170,4085,4140,519,-0.007194244604316502
2019-04-01,4100,4170,4100,4100,2158,-0.009661835748792313
2019-04-02,4150,4150,4105,4130,149,0.007317073170731714
2019-04-03,4130,4130,4100,4120,700,-0.002421307506053294
2019-04-04,4120,4135,4115,4125,10,0.0012135922330096527
2019-04-05,4125,4145,4125,4135,508,0.00242424242424244
2019-04-08,4175,4180,4170,4170,12,0.00846432889963733
2019-04-09,4140,4160,4100,4160,748,-0.0023980815347721673
2019-04-10,4100,4120,4090,4105,2397,-0.013221153846153855
2019-04-11,4150,4155,4140,4155,92,0.01218026796589533
2019-04-12,4155,4290,4145,4245,962,0.02166064981949467
2019-04-15,4240,4240,4175,4175,1506,-0.01648998822143699
2019-04-16,4175,4245,4135,4245,227,0.016766467065868262
2019-04-17,4240,4590,4210,4500,9633,0.060070671378091856
2019-04-18,4580,4580,4200,4200,3320,-0.06666666666666665
2019-04-19,4200,4590,4200,4425,3005,0.0535714285714286
2019-04-22,4500,4500,4320,4320,2083,-0.023728813559321993
2019-04-23,4375,4565,4325,4565,686,0.05671296296296302
2019-04-24,4565,4595,4420,4495,414,-0.01533406352683464
2019-04-25,4590,4595,4440,4505,1540,0.0022246941045607205
2019-04-26,4550,4550,4405,4425,6580,-0.017758046614872347
2019-04-29,4330,4460,4330,4450,77,0.005649717514124353
2019-04-30,4690,4690,4400,4590,40,0.03146067415730336
2019-05-02,4590,4700,4445,4670,936,0.017429193899782147
2019-05-03,4670,4765,4605,4755,282,0.01820128479657379
2019-05-07,4740,4740,4600,4690,10,-0.013669821240799185
2019-05-08,4750,4750,4525,4690,159,0.0
2019-05-09,4545,4685,4355,4355,715,-0.0714285714285714
2019-05-10,4340,4500,4340,4375,716,0.004592422502870175
2019-05-13,4495,4600,4405,4435,529,0.01371428571428579
2019-05-14,4350,4680,4350,4555,62,0.027057497181510737
2019-05-15,4500,4535,4435,4535,677,-0.004390779363336983
2019-05-16,4860,4860,4460,4690,1618,0.034178610804851184
2019-05-17,4745,4745,4475,4695,576,0.0010660980810235365
2019-05-20,4825,4825,4515,4720,973,0.005324813631522929
2019-05-21,4695,4720,4500,4710,1514,-0.0021186440677966045
2019-05-22,4790,4790,4595,4745,1125,0.007430997876857859
2019-05-23,4745,4745,4700,4725,1023,-0.004214963119072657
2019-05-24,4790,4790,4700,4700,53,-0.005291005291005346
2019-05-27,4710,4710,4510,4700,4,0.0
2019-05-28,4670,4670,4545,4545,234,-0.03297872340425534
2019-05-29,4545,4545,4540,4540,303,-0.0011001100110010764
2019-05-30,4500,4500,4470,4495,45,-0.009911894273127775
2019-05-31,4400,4495,4400,4495,448,0.0
2019-06-03,4375,4830,4375,4700,768,0.04560622914349266
2019-06-04,4455,4680,4455,4660,50,-0.008510638297872353
2019-06-05,4700,4700,4475,4475,2828,-0.03969957081545061
2019-06-07,4690,4690,4675,4675,4,0.04469273743016755
2019-06-10,4675,4675,4490,4625,266,-0.010695187165775444
2019-06-11,4530,4615,4530,4615,2,-0.00216216216216214
2019-06-12,4500,4610,4500,4610,771,-0.0010834236186348933
2019-06-13,4485,4595,4485,4595,52,-0.0032537960954447387
2019-06-14,4450,4595,4450,4460,224,-0.029379760609357986
2019-06-17,4490,4490,4450,4485,201,0.005605381165919354
2019-06-18,4520,4520,4520,4520,1,0.0078037904124861335
2019-06-19,4510,4510,4505,4510,10,-0.0022123893805309214
2019-06-20,4535,4535,4420,4520,662,0.0022172949002217113
2019-06-21,4505,4505,4505,4505,12,-0.0033185840707964376
2019-06-24,4420,4490,4420,4490,2,-0.0033296337402886067
2019-06-25,4405,4480,4405,4480,522,-0.00222717149220486
2019-06-26,4405,4460,4405,4460,5,-0.004464285714285698
2019-06-27,4315,4590,4315,4590,494,0.029147982062780242
2019-06-28,4570,4570,4570,4570,0,-0.004357298474945481
2019-07-01,4560,4560,4560,4560,0,-0.002188183807439792
2019-07-02,4530,4530,4530,4530,1,-0.006578947368421018
2019-07-03,4495,4495,4400,4400,1120,-0.028697571743929395
2019-07-04,4400,4400,4290,4370,786,-0.006818181818181834
2019-07-05,4365,4440,4250,4440,1037,0.016018306636155666
2019-07-08,4440,4440,4335,4440,530,0.0
2019-07-09,4335,4430,4335,4430,461,-0.0022522522522522292
2019-07-10,4325,4425,4325,4395,135,-0.007900677200902928
2019-07-11,4395,4395,4395,4395,5,0.0
2019-07-12,4395,4395,4395,4395,20,0.0
2019-07-15,4250,4335,4220,4220,1256,-0.03981797497155859
2019-07-16,4285,4285,4235,4265,18,0.010663507109004655
2019-07-17,4275,4330,4215,4330,41,0.015240328253223856
2019-07-18,4320,4320,4275,4290,40,-0.009237875288683584
2019-07-19,4290,4385,4285,4385,50,0.022144522144522227
2019-07-22,4385,4385,4385,4385,1,0.0
2019-07-23,4440,4440,4440,4440,10,0.012542759407069504
2019-07-24,4435,4435,4435,4435,190,-0.0011261261261261701
2019-07-25,4300,4430,4215,4430,6,-0.0011273957158962622
2019-07-26,4425,4425,4200,4310,254,-0.02708803611738153
2019-07-29,4065,4140,4065,4100,439,-0.04872389791183296
2019-07-30,4195,4195,4015,4135,131,0.008536585365853666
2019-07-31,4130,4130,4000,4110,536,-0.006045949214026569
2019-08-01,4110,4110,4060,4060,279,-0.012165450121654486
2019-08-02,4095,4095,4005,4005,386,-0.013546798029556606
2019-08-05,3990,4000,3800,3880,1039,-0.031210986267166008
2019-08-06,3680,3860,3680,3780,1431,-0.02577319587628868
2019-08-07,3610,4270,3610,3855,457,0.01984126984126977
2019-08-08,3705,4175,3705,3990,863,0.035019455252918386
2019-08-09,3975,4055,3815,3830,389,-0.040100250626566414
2019-08-12,3965,3965,3855,3900,17,0.018276762402088753
2019-08-13,3985,4050,3985,4050,275,0.03846153846153855
2019-08-14,4100,4180,3995,3995,285,-0.013580246913580285
2019-08-16,4085,4085,3960,4030,165,0.008760951188986343
2019-08-19,4030,4100,3935,4035,169,0.001240694789081953
2019-08-20,4005,4215,4005,4215,70,0.044609665427509215
2019-08-21,4110,4110,4100,4110,316,-0.02491103202846978
2019-08-22,4185,4185,4025,4025,9,-0.020681265206812682
2019-08-23,3940,4140,3940,4130,16,0.026086956521739202
2019-08-26,4110,4110,3840,4000,295,-0.03147699757869249
2019-08-27,4110,4110,4110,4110,1,0.02750000000000008
2019-08-28,4100,4100,4090,4090,7,-0.0048661800486617945
2019-08-29,4080,4080,3960,4075,365,-0.003667481662591676
2019-08-30,4075,4075,3900,4035,502,-0.009815950920245453
2019-09-02,4035,4035,3900,3955,720,-0.019826517967781898
2019-09-03,3975,3975,3970,3970,83,0.0037926675094817064
2019-09-04,3965,3965,3835,3930,1103,-0.010075566750629705
2019-09-05,3930,3930,3810,3895,1741,-0.008905852417302795
2019-09-06,3950,3950,3860,3915,112,0.005134788189987249
2019-09-09,3965,3965,3860,3890,513,-0.0063856960408684715
2019-09-10,3940,3940,3830,3880,607,-0.0025706940874036244
2019-09-11,3925,3975,3925,3950,15,0.018041237113401998
2019-09-16,3875,3990,3875,3945,221,-0.0012658227848101333
2019-09-17,3995,3995,3970,3970,35,0.006337135614702172
2019-09-18,3965,3965,3960,3960,7,-0.0025188916876573986
2019-09-19,3970,3970,3955,3955,10,-0.0012626262626262985
2019-09-20,3985,3985,3950,3950,154,-0.0012642225031606058
2019-09-23,3990,3990,3880,3900,142,-0.012658227848101222
2019-09-24,3875,3920,3850,3920,1111,0.00512820512820511
2019-09-25,3840,3885,3840,3870,1348,-0.012755102040816313
2019-09-26,3915,4100,3915,4090,3976,0.056847545219638196
2019-09-27,4090,4180,4085,4180,258,0.022004889975550057
2019-09-30,4195,4530,4110,4460,6336,0.06698564593301426
2019-10-01,4525,4525,4150,4405,802,-0.012331838565022402
2019-10-02,4400,4400,4215,4215,434,-0.04313280363223615
2019-10-04,4285,4285,4100,4255,920,0.009489916963226541
2019-10-07,4300,4300,4200,4245,217,-0.002350176263219761
2019-10-08,4285,4285,4120,4255,123,0.002355712603062443
2019-10-10,4120,4435,4120,4405,1668,0.03525264394829608
2019-10-11,4465,4465,4285,4310,717,-0.02156640181611802
2019-10-14,4500,4500,4370,4370,26,0.0139211136890951
2019-10-15,4370,4370,4180,4260,382,-0.02517162471395884
2019-10-16,4260,4340,4120,4205,2513,-0.012910798122065748
2019-10-17,4285,4420,4285,4420,58,0.05112960760998808
2019-10-18,4290,4695,4290,4695,12667,0.06221719457013575
2019-10-21,4680,4680,4450,4620,1689,-0.015974440894568676
2019-10-22,4510,4640,4430,4625,1264,0.0010822510822510178
2019-10-23,4635,4635,4475,4590,2284,-0.007567567567567601
2019-10-24,4495,4635,4495,4560,330,-0.006535947712418277
2019-10-25,4630,5130,4585,4760,55091,0.04385964912280693
2019-10-28,5900,6180,4770,4985,329594,0.047268907563025264
2019-10-29,4710,5150,4600,4750,108671,-0.04714142427281842
2019-10-30,4770,4770,4505,4585,28929,-0.03473684210526318
2019-10-31,4530,4720,4530,4720,28137,0.029443838604144013
2019-11-01,4650,4690,4555,4680,9661,-0.008474576271186418
2019-11-04,4815,4815,4605,4640,6080,-0.008547008547008517
2019-11-05,4635,4635,4525,4525,6534,-0.024784482758620663
2019-11-06,4510,4510,4410,4495,13911,-0.006629834254143652
2019-11-07,4495,4495,4415,4465,5115,-0.006674082313681828
2019-11-08,4490,4570,4385,4455,10293,-0.002239641657334812
2019-11-11,4550,4550,4420,4510,1056,0.012345679012345734
2019-11-12,4625,4625,4410,4565,11126,0.012195121951219523
2019-11-13,4550,4620,4550,4565,7870,0.0
2019-11-14,4545,4560,4500,4540,1783,-0.005476451259583737
2019-11-15,4540,4575,4480,4540,4953,0.0
2019-11-18,4500,4765,4500,4680,6289,0.03083700440528636
2019-11-19,4625,4725,4625,4640,1367,-0.008547008547008517
2019-11-20,4585,4585,4320,4325,4274,-0.06788793103448276
2019-11-21,4390,4395,4220,4335,3123,0.0023121387283238093
2019-11-22,4395,4500,4290,4310,1861,-0.005767012687427964
2019-11-25,4385,4550,4350,4390,4337,0.018561484918793614
2019-11-26,4500,4500,4395,4420,3743,0.006833712984054774
2019-11-27,4385,4450,4385,4390,1288,-0.006787330316742057
2019-11-28,4390,4390,4380,4380,36,-0.002277904328018221
2019-11-29,4390,4390,4310,4315,1179,-0.014840182648401812
2019-12-02,4330,4535,4330,4520,6371,0.04750869061413665
2019-12-03,4540,4595,4420,4540,17908,0.004424778761061843
2019-12-04,4540,4580,4430,4460,13886,-0.017621145374449365
2019-12-05,4440,4625,4440,4550,10905,0.020179372197309364
2019-12-06,4550,4550,4470,4535,4536,-0.003296703296703285
2019-12-09,4525,4535,4455,4535,348,0.0
2019-12-10,4495,4515,4450,4490,1329,-0.009922822491730932
2019-12-11,4470,4530,4470,4525,935,0.007795100222717233
2019-12-12,4525,4525,4490,4510,1034,-0.0033149171270717703
2019-12-13,4540,4540,4460,4485,4677,-0.005543237250554278
2019-12-16,4465,4500,4440,4500,1991,0.0033444816053511683
2019-12-17,4545,4545,4465,4490,1606,-0.0022222222222222365
2019-12-18,4490,4520,4445,4485,5649,-0.00111358574610243
2019-12-19,4505,4505,4455,4465,2099,-0.004459308807134854
2019-12-20,4495,4500,4470,4470,1965,0.0011198208286673506
2019-12-23,4485,4485,4425,4430,2552,-0.008948545861297563
2019-12-24,4500,4500,4425,4475,178,0.010158013544018019
2019-12-26,4475,4615,4475,4550,5123,0.016759776536312776
2019-12-27,4540,4615,4500,4585,2192,0.007692307692307665
2019-12-30,4600,4825,4600,4815,10151,0.05016357688113415
2020-01-02,4810,5000,4790,4815,3944,0.0
2020-01-03,4805,4965,4785,4820,5738,0.0010384215991692258
2020-01-06,4735,4800,4625,4715,11529,-0.021784232365145262
2020-01-07,4820,4820,4665,4790,3876,0.01590668080593849
2020-01-08,4840,4840,4630,4650,4462,-0.029227557411273475
2020-01-09,4750,4965,4750,4780,10967,0.027956989247311936
2020-01-10,4850,4850,4715,4725,2655,-0.011506276150627603
2020-01-13,4780,4780,4665,4730,6892,0.0010582010582009804
2020-01-14,4850,4930,4750,4855,1867,0.026427061310782207
2020-01-15,4940,4940,4745,4790,1323,-0.013388259526261548
2020-01-16,4790,4980,4755,4980,2740,0.039665970772442494
2020-01-17,4970,5030,4850,4860,15631,-0.02409638554216864
2020-01-20,4860,4860,4780,4840,6499,-0.004115226337448541
2020-01-21,4900,4900,4730,4730,2581,-0.022727272727272707
2020-01-22,4880,4950,4830,4950,2557,0.04651162790697683
2020-01-23,4990,4990,4855,4970,268,0.004040404040404066
2020-01-28,4735,4930,4735,4930,416,-0.008048289738430636
2020-01-29,4955,4955,4790,4940,1279,0.0020283975659229903
2020-01-30,4940,4940,4750,4870,2175,-0.014170040485829927
2020-01-31,4965,4965,4800,4925,336,0.011293634496919891
2020-02-03,4750,4840,4710,4840,1284,-0.017258883248730927
2020-02-04,4755,4840,4755,4825,3795,-0.0030991735537190257
2020-02-05,4830,4900,4775,4865,4351,0.008290155440414448
2020-02-06,4815,5220,4815,5220,8304,0.0729701952723536
2020-02-07,5090,5700,5020,5500,10874,0.05363984674329503
2020-02-10,5570,6000,5570,5660,11146,0.029090909090909056
2020-02-11,5890,5950,5630,5780,7908,0.021201413427561766
2020-02-12,5770,5870,5620,5730,3491,-0.00865051903114189
2020-02-13,5850,5900,5620,5710,2291,-0.003490401396160525
2020-02-14,5640,5780,5640,5670,926,-0.007005253940455369
2020-02-17,5710,5710,5580,5670,1165,0.0
2020-02-18,5680,5680,5580,5580,758,-0.015873015873015928
2020-02-19,5780,5780,5520,5710,349,0.023297491039426577
2020-02-20,5900,6080,5680,6080,3723,0.06479859894921192
2020-02-21,6070,6070,5760,5830,3263,-0.041118421052631526
2020-02-24,5540,5690,5510,5690,2020,-0.02401372212692965
2020-02-25,6000,6000,5490,5680,4370,-0.0017574692442882123
2020-02-26,5670,5900,5620,5690,2380,0.0017605633802817433
2020-02-27,5750,5800,5600,5600,919,-0.01581722319859402
2020-02-28,5520,5520,5190,5420,2038,-0.03214285714285714
2020-03-02,5420,5420,5200,5350,1639,-0.01291512915129156
2020-03-03,5600,5600,5260,5540,154,0.03551401869158877
2020-03-04,5440,5440,5320,5340,1617,-0.03610108303249093
2020-03-05,5380,5420,5300,5350,235,0.001872659176029856
2020-03-06,5340,5340,5310,5340,27,-0.0018691588785046953
2020-03-09,5340,5340,5120,5120,476,-0.041198501872659166
2020-03-10,5090,5480,4935,5480,836,0.0703125
2020-03-11,5480,5480,5050,5200,1006,-0.051094890510948954
2020-03-12,5020,5020,4710,4805,1615,-0.07596153846153841
2020-03-13,4310,4770,4180,4770,2814,-0.007284079084287187
2020-03-16,4675,4675,4355,4535,1543,-0.04926624737945495
2020-03-17,4390,4390,4175,4340,881,-0.04299889746416763
2020-03-18,4340,4500,3900,3900,2823,-0.10138248847926268
2020-03-19,3765,4200,3515,3740,2407,-0.04102564102564099
2020-03-20,4000,4000,3720,3875,1751,0.03609625668449201
2020-03-23,3740,3740,3510,3580,1052,-0.07612903225806456
2020-03-24,3600,3940,3600,3825,2153,0.06843575418994408
2020-03-25,3850,3990,3810,3920,4804,0.024836601307189454
2020-03-26,3865,4030,3835,3930,1985,0.0025510204081633514
2020-03-27,4100,4100,3930,4085,3190,0.0394402035623409
2020-03-30,4580,4580,4210,4210,755,0.030599755201958345
2020-03-31,4200,4200,4125,4150,2771,-0.014251781472684133
2020-04-01,4150,4245,4130,4145,3507,-0.001204819277108471
2020-04-02,4020,4250,4020,4180,696,0.008443908323281013
2020-04-03,4250,4250,4170,4170,8,-0.0023923444976076125
2020-04-06,4200,4300,4145,4275,1469,0.02517985611510798
2020-04-07,4600,4600,4280,4380,572,0.024561403508772006
2020-04-08,4580,4580,4545,4560,451,0.041095890410958846
2020-04-09,4940,4940,4410,4410,3945,-0.03289473684210531
2020-04-10,4500,4545,4410,4495,124,0.01927437641723362
2020-04-13,4550,4600,4320,4320,316,-0.03893214682981094
2020-04-14,4490,4490,4345,4440,540,0.02777777777777768
2020-04-16,4440,4760,4440,4500,56,0.013513513513513598
2020-04-17,4510,4660,4420,4510,1331,0.0022222222222221255
2020-04-20,4500,4500,4425,4445,747,-0.014412416851441234
2020-04-21,4445,4530,4400,4425,94,-0.004499437570303688
2020-04-22,4425,4495,4425,4430,31,0.001129943502824915
2020-04-23,4430,4440,4400,4425,407,-0.0011286681715575453
2020-04-24,4425,4515,4425,4450,66,0.005649717514124353
2020-04-27,4440,4445,4400,4400,176,-0.011235955056179803
2020-04-28,4400,4400,4375,4395,525,-0.001136363636363602
2020-04-29,4395,4420,4395,4415,46,0.004550625711035261
2020-05-04,4535,4535,4400,4440,1214,0.005662514156285381
2020-05-06,4440,4460,4430,4440,50,0.0
2020-05-07,4425,4590,4425,4555,2227,0.025900900900900803
2020-05-08,4700,4890,4555,4665,637,0.02414928649835346
2020-05-11,4795,4795,4570,4680,170,0.003215434083601254
2020-05-12,4945,4945,4590,4600,164,-0.017094017094017144
2020-05-13,4635,4635,4460,4575,211,-0.005434782608695676
2020-05-14,4530,4605,4505,4605,112,0.006557377049180246
2020-05-15,4610,4610,4505,4505,146,-0.021715526601520097
2020-05-18,4530,4595,4500,4520,1251,0.0033296337402886067
2020-05-19,4700,4700,4525,4645,445,0.02765486725663724
2020-05-20,4925,4925,4735,4735,54,0.019375672766415608
2020-05-21,4785,4785,4680,4720,1973,-0.0031678986272439813
2020-05-22,4815,4840,4645,4715,233,-0.0010593220338983578
2020-05-25,4820,4820,4600,4605,693,-0.02332979851537642
2020-05-26,4625,4650,4625,4645,953,0.008686210640608039
2020-05-27,4720,4720,4600,4670,1227,0.005382131324004336
2020-05-28,4840,4840,4605,4640,1089,-0.0064239828693790635
2020-05-29,4640,4690,4590,4680,64,0.008620689655172376
2020-06-01,4675,4680,4605,4635,857,-0.009615384615384581
2020-06-02,4660,4780,4655,4780,574,0.031283710895361416
2020-06-03,4775,4875,4745,4775,2089,-0.0010460251046024993
2020-06-04,4850,4885,4610,4720,14054,-0.011518324607329822
2020-06-05,4750,4750,4700,4750,81,0.006355932203389925
2020-06-08,4750,4855,4750,4845,1904,0.020000000000000018
2020-06-09,4855,5090,4855,5020,6409,0.03611971104231171
2020-06-10,5340,5340,5170,5210,5182,0.03784860557768921
2020-06-11,5370,5370,5100,5180,4375,-0.0057581573896353655
2020-06-12,4815,5000,4815,4970,2246,-0.04054054054054057
2020-06-15,5090,5090,4795,4795,3826,-0.035211267605633756
2020-06-16,4995,5170,4845,5150,5789,0.07403545359749741
2020-06-17,5150,6020,5140,5880,23784,0.14174757281553396
2020-06-18,6200,7250,6030,6380,43360,0.08503401360544216
2020-06-19,6800,6800,5370,5620,15865,-0.11912225705329149
2020-06-22,5700,5700,5410,5430,3517,-0.03380782918149461
2020-06-23,5430,5510,5270,5430,3139,0.0
2020-06-24,5580,7050,5380,7050,59514,0.298342541436464
2020-06-25,7160,7950,6300,6710,77493,-0.04822695035460989
2020-06-26,6930,6930,6250,6510,16164,-0.02980625931445602
2020-06-29,6270,6270,6020,6020,9245,-0.07526881720430112
2020-06-30,6020,6090,5730,5780,7509,-0.039867109634551534
2020-07-01,5790,6050,5790,6040,3188,0.04498269896193774
2020-07-02,6270,6310,5960,6120,1268,0.013245033112582849
2020-07-03,6290,6290,5920,6080,1109,-0.006535947712418277
2020-07-06,6080,6320,5900,6140,2188,0.009868421052631637
2020-07-07,6220,6220,5930,6110,586,-0.004885993485342022
2020-07-08,6120,6310,6020,6200,6116,0.014729950900163713
2020-07-09,6320,6460,6180,6450,9979,0.040322580645161255
2020-07-10,6320,6450,6140,6280,3407,-0.02635658914728678
2020-07-13,6540,6540,6210,6310,2048,0.004777070063694211
2020-07-14,6160,6350,5900,6010,5614,-0.047543581616481756
2020-07-15,6100,6500,6100,6340,8582,0.05490848585690511
2020-07-16,6480,6480,6200,6280,590,-0.009463722397476393
2020-07-17,6280,6700,6280,6460,6700,0.02866242038216571
2020-07-20,6640,6640,6300,6430,2602,-0.004643962848297267
2020-07-21,6570,6950,6360,6460,12003,0.004665629860031162
2020-07-22,6330,6430,6270,6430,14108,-0.004643962848297267
2020-07-23,6400,6700,6400,6650,6402,0.034214618973561484
2020-07-24,6650,7320,6650,6820,24371,0.02556390977443601
2020-07-27,6840,8860,6780,6780,107997,-0.0058651026392961825
2020-07-28,6750,6750,6430,6610,24798,-0.02507374631268433
2020-07-29,6600,6600,6480,6570,13760,-0.006051437216338829
2020-07-30,6840,8540,6780,8540,114226,0.29984779299847797
2020-07-31,8960,9230,7510,7540,157982,-0.11709601873536302
2020-08-03,7620,7910,7330,7800,29317,0.034482758620689724
2020-08-04,7850,7850,7560,7660,16782,-0.017948717948717996
2020-08-05,7560,7560,7190,7300,19900,-0.04699738903394257
2020-08-06,7380,7430,7170,7410,9550,0.015068493150685036
2020-08-07,7380,7380,7000,7000,22052,-0.055330634278002666
2020-08-10,7090,7090,6890,7030,6422,0.004285714285714226
2020-08-11,7060,7090,6950,6970,8105,-0.008534850640113834
2020-08-12,6980,6990,6850,6970,5995,0.0
2020-08-13,6970,6990,6800,6840,7425,-0.0186513629842181
2020-08-14,6850,6900,6420,6900,8824,0.00877192982456143
2020-08-18,6700,6700,6390,6390,8643,-0.07391304347826089
2020-08-19,6600,6600,6260,6390,6755,0.0
2020-08-20,6390,6490,5800,5860,8053,-0.08294209702660404
2020-08-21,5750,6250,5730,5980,8204,0.020477815699658786
2020-08-24,6390,6390,5750,6130,2189,0.025083612040133874
2020-08-25,6120,6460,6120,6320,7325,0.030995106035889064
2020-08-26,6320,6320,6070,6120,2146,-0.03164556962025311
2020-08-27,6120,6180,5820,5990,3831,-0.021241830065359513
2020-08-28,5970,6090,5900,5990,5506,0.0
2020-08-31,6010,6090,5860,5950,2026,-0.006677796327211993
2020-09-01,5990,6080,5920,5980,1286,0.005042016806722671
2020-09-02,6080,6150,6000,6000,5474,0.0033444816053511683
2020-09-03,6090,6340,6010,6290,7818,0.04833333333333334
2020-09-04,6000,6220,5970,6140,4180,-0.02384737678855331
2020-09-07,6140,6320,6070,6160,3679,0.0032573289902280145
2020-09-08,6170,6570,6170,6320,7185,0.025974025974025983
2020-09-09,6370,6370,6020,6220,2530,-0.015822784810126556
2020-09-10,6380,6580,6290,6420,6764,0.03215434083601276
2020-09-11,6600,6600,6320,6600,8366,0.028037383177569986
2020-09-14,6600,7940,6600,7100,63449,0.07575757575757569
2020-09-15,7060,7110,6800,6840,21932,-0.036619718309859106
2020-09-16,6840,6840,6660,6750,13083,-0.013157894736842146
2020-09-17,6780,6780,6650,6780,4769,0.004444444444444473
2020-09-18,6780,7490,6730,6730,46114,-0.007374631268436627
2020-09-21,6850,7100,6720,6820,14974,0.013372956909361022
2020-09-22,6850,6850,6500,6500,8288,-0.04692082111436946
2020-09-23,6700,6700,6450,6500,934,0.0
2020-09-24,6250,6500,6030,6030,4509,-0.0723076923076923
2020-09-25,6400,6400,5970,6070,5386,0.0066334991708125735
2020-09-28,6200,6460,6200,6430,5270,0.05930807248764425
2020-09-29,6500,6500,6260,6420,7317,-0.0015552099533436836
2020-10-05,6390,6590,6340,6590,3796,0.026479750778816147
2020-10-06,6500,6560,6420,6480,8945,-0.01669195751138086
2020-10-07,6350,6450,6350,6420,3384,-0.0092592592592593
2020-10-08,6540,6540,6350,6400,3111,-0.0031152647975077885
2020-10-12,6400,6400,6300,6380,4664,-0.0031250000000000444
2020-10-13,6450,6580,6330,6580,669,0.03134796238244508
2020-10-14,6550,6550,6300,6300,5171,-0.04255319148936165
2020-10-15,6380,6490,6360,6440,3608,0.022222222222222143
2020-10-16,6440,6620,6370,6500,5478,0.009316770186335477
2020-10-19,6650,6650,6500,6500,556,0.0
2020-10-20,6530,6550,6450,6500,846,0.0
2020-10-21,6600,6650,6480,6640,2945,0.021538461538461506
2020-10-22,6650,6650,6470,6610,6171,-0.004518072289156572
2020-10-23,6600,6640,6520,6590,2838,-0.00302571860816947
2020-10-26,6690,6910,6410,6450,7339,-0.02124430955993928
2020-10-27,6250,6610,6250,6530,2310,0.01240310077519391
2020-10-28,6420,6660,6420,6550,4126,0.003062787136294043
2020-10-29,6350,6620,6350,6620,4446,0.010687022900763399
2020-10-30,6620,6790,6620,6620,10437,0.0
2020-11-02,6660,6710,6520,6630,1132,0.0015105740181269312
2020-11-03,6770,6770,6580,6580,1390,-0.007541478129713397
2020-11-04,6700,6700,6530,6600,2010,0.003039513677811634
2020-11-05,6700,6700,6530,6650,1012,0.007575757575757569
2020-11-06,6650,6730,6590,6690,1700,0.006015037593984918
2020-11-09,6640,6740,6630,6670,6876,-0.002989536621823663
2020-11-10,7340,7340,6800,6870,13395,0.02998500749625177
2020-11-11,6850,6850,6770,6830,5032,-0.005822416302765698
2020-11-12,6900,6900,6740,6890,2502,0.008784773060029227
2020-11-13,6950,6950,6800,6840,320,-0.007256894049346929
2020-11-16,6900,6900,6820,6860,450,0.0029239766081872176
2020-11-17,6860,6860,6720,6720,1634,-0.020408163265306145
2020-11-18,6800,6800,6660,6720,1356,0.0
2020-11-19,6720,6780,6650,6690,1656,-0.004464285714285698
2020-11-20,6700,6720,6610,6690,2658,0.0
2020-11-23,6690,6690,6600,6690,335,0.0
2020-11-24,6700,6750,6610,6720,1171,0.004484304932735439
2020-11-25,6790,6790,6630,6640,1935,-0.011904761904761862
2020-11-26,6700,6850,6700,6840,6784,0.030120481927710774
2020-11-27,6870,6870,6730,6800,2361,-0.005847953216374324
2020-11-30,6870,6870,6800,6840,2895,0.00588235294117645
2020-12-01,6850,6920,6840,6870,1388,0.004385964912280604
2020-12-02,6920,6980,6820,6980,1105,0.01601164483260553
2020-12-03,6990,6990,6870,6900,994,-0.011461318051575908
2020-12-04,6950,6950,6750,6840,1957,-0.008695652173912993
2020-12-07,6840,6840,6650,6720,2958,-0.01754385964912286
2020-12-08,6710,6710,6540,6550,4783,-0.02529761904761907
2020-12-09,6590,6650,6540,6540,3733,-0.0015267175572518665
2020-12-10,6790,6790,6590,6640,2318,0.015290519877675823
2020-12-11,6860,6860,6550,6840,2355,0.030120481927710774
2020-12-14,6890,6890,6780,6840,1106,0.0
2020-12-15,6850,6860,6700,6830,1290,-0.0014619883040936088
2020-12-16,6730,6810,6730,6760,1623,-0.010248901903367469
2020-12-17,6830,6900,6740,6900,5050,0.020710059171597628
2020-12-18,6970,6970,6870,6920,630,0.0028985507246377384
2020-12-21,6970,6970,6880,6940,3195,0.0028901734104045396
2020-12-22,6970,7130,6830,7060,2587,0.01729106628242083
2020-12-23,7100,7450,7100,7250,10589,0.026912181303116123
2020-12-24,7320,7320,7130,7220,2874,-0.004137931034482789
2020-12-28,7270,7300,7100,7300,6499,0.011080332409972193
2020-12-29,7380,7380,7210,7380,3215,0.010958904109588996
2020-12-30,7450,7480,7300,7480,1815,0.013550135501354976
2021-01-04,7570,7740,7550,7740,2718,0.03475935828876997
2021-01-05,7760,7800,7520,7540,4646,-0.025839793281653756
2021-01-06,7620,7620,7330,7370,2870,-0.022546419098143256
2021-01-07,7450,7450,7330,7350,3655,-0.0027137042062415073
2021-01-08,7780,7780,7340,7360,10132,0.0013605442176871652
2021-01-11,7360,7360,7030,7280,6439,-0.010869565217391353
2021-01-12,7330,7340,7070,7320,630,0.005494505494505475
2021-01-13,7210,7760,7210,7410,209,0.012295081967213184
2021-01-14,7600,7600,7300,7370,995,-0.005398110661268607
2021-01-15,7440,7440,7280,7360,1630,-0.0013568521031207537
2021-01-18,7440,7440,7210,7220,2853,-0.01902173913043481
2021-01-19,7150,7290,7150,7290,584,0.00969529085872578
2021-01-20,7360,7900,7360,7690,23054,0.054869684499314175
2021-01-21,7660,7660,7410,7620,9615,-0.00910273081924573
2021-01-22,7720,7720,7500,7620,6252,0.0
2021-01-25,7620,7640,7560,7640,2383,0.002624671916010568
2021-01-26,7720,7720,7500,7550,2370,-0.011780104712041939
2021-01-27,7590,7590,7350,7420,2644,-0.017218543046357615
2021-01-28,7420,7450,7300,7420,187,0.0
2021-01-29,7490,7490,6960,7120,2361,-0.040431266846361225
2021-02-01,7120,7190,6950,7180,1366,0.008426966292134797
2021-02-02,7250,7400,7250,7280,228,0.013927576601671321
2021-02-03,7390,7430,7330,7410,77,0.017857142857142794
2021-02-04,7490,7490,7300,7400,560,-0.0013495276653171517
2021-02-05,7390,7390,7250,7250,223,-0.020270270270270285
2021-02-08,7300,7380,7180,7200,412,-0.006896551724137945
2021-02-09,7250,7250,7230,7240,312,0.005555555555555536
2021-02-10,7340,7340,7020,7100,963,-0.01933701657458564
2021-02-15,7300,7300,7150,7200,277,0.014084507042253502
2021-02-16,7470,7470,7160,7210,379,0.001388888888888884
2021-02-17,7240,7300,7050,7210,350,0.0
2021-02-18,7210,7210,7210,7210,10,0.0
2021-02-19,7110,7220,7090,7200,590,-0.001386962552011095
2021-02-22,7110,7170,7010,7130,730,-0.009722222222222188
2021-02-23,7120,7120,7060,7090,281,-0.005610098176718092
2021-02-24,7010,7080,6820,6850,2232,-0.03385049365303239
2021-02-25,6870,6960,6870,6960,738,0.016058394160583855
2021-02-26,7080,7080,6600,6670,1124,-0.04166666666666663
2021-03-02,6730,6890,6500,6500,1186,-0.025487256371814038
2021-03-03,6440,6490,6410,6460,3349,-0.006153846153846176
2021-03-04,6360,6500,6360,6460,1117,0.0
2021-03-05,6300,6300,6170,6170,1859,-0.04489164086687303
2021-03-08,6370,6370,6240,6240,616,0.011345218800648205
2021-03-09,6240,6240,6170,6230,81,-0.0016025641025640969
2021-03-10,6230,6500,6220,6220,642,-0.0016051364365970988
2021-03-11,6390,6390,6350,6350,3,0.020900321543408262
2021-03-12,6350,6350,6270,6270,549,-0.012598425196850394
2021-03-15,6270,6570,6240,6490,584,0.03508771929824572
2021-03-16,6430,6580,6430,6530,734,0.006163328197226425
2021-03-17,6650,6650,6360,6360,700,-0.026033690658499253
2021-03-18,6450,6490,6400,6490,255,0.020440251572326984
2021-03-19,6540,6540,6460,6460,572,-0.0046224961479198745
2021-03-22,6530,6530,6470,6480,154,0.003095975232198178
2021-03-23,6640,6640,6400,6500,418,0.0030864197530864335
2021-03-24,6570,6570,6450,6500,199,0.0
2021-03-25,6430,6430,6370,6400,394,-0.01538461538461533
2021-03-26,6390,6400,6320,6400,460,0.0
2021-03-29,6410,6410,6400,6400,66,0.0
2021-03-30,6450,6450,6310,6360,206,-0.006249999999999978
2021-03-31,6420,6420,6300,6340,1068,-0.0031446540880503138
2021-04-01,6380,6380,6290,6380,889,0.006309148264984188
2021-04-02,6450,6450,6390,6440,756,0.00940438871473348
2021-04-05,6460,6490,6440,6470,447,0.004658385093167627
2021-04-06,6470,6480,6410,6420,1546,-0.007727975270479082
2021-04-07,6440,6510,6430,6510,4083,0.014018691588784993
2021-04-08,6610,6610,6450,6510,4012,0.0
2021-04-09,6590,6590,6530,6580,918,0.010752688172043001
2021-04-12,6580,6830,6580,6700,1440,0.01823708206686936
2021-04-13,6830,7090,6730,6800,2333,0.014925373134328401
2021-04-14,6980,6980,6550,6790,982,-0.0014705882352941124
2021-04-15,6940,6940,6740,6740,752,-0.007363770250368162
2021-04-16,6900,6990,6870,6970,3353,0.03412462908011871
2021-04-19,7090,7400,7090,7350,17595,0.05451936872309893
2021-04-20,7360,7560,7260,7380,8153,0.004081632653061273
2021-04-21,7490,7490,7080,7160,4316,-0.02981029810298108
2021-04-22,7210,7210,7120,7190,2470,0.0041899441340782495
2021-04-23,7260,7260,6850,7100,3032,-0.012517385257301838
2021-04-26,7230,7390,7100,7390,4495,0.04084507042253516
2021-04-27,7440,7440,7240,7330,1857,-0.008119079837618393
2021-04-28,7400,7400,7100,7100,4343,-0.03137789904502042
2021-04-29,7290,7290,7100,7180,1070,0.011267605633802802
2021-04-30,7200,7280,7190,7270,2179,0.012534818941504211
2021-05-03,7350,7360,7190,7200,6721,-0.009628610729023435
2021-05-04,7300,7370,7050,7370,3579,0.023611111111111027
2021-05-06,7400,8840,7400,8840,67872,0.1994572591587518
2021-05-07,9400,9400,8560,8560,52381,-0.03167420814479638
2021-05-10,8840,11100,8840,11100,151016,0.2967289719626167
2021-05-11,12000,12000,9000,9090,108865,-0.18108108108108112
2021-05-12,9250,10300,9250,9890,95630,0.08800880088008811
2021-05-13,9470,9750,9300,9340,24052,-0.0556117290192113
2021-05-14,9340,9610,9310,9380,31218,0.004282655246252709
2021-05-17,9300,9300,9030,9090,34576,-0.030916844349680117
2021-05-18,9110,9270,8780,8830,17231,-0.028602860286028653
2021-05-20,9000,11450,8990,11450,127587,0.29671574178935445
2021-05-21,10150,10600,9810,9950,110461,-0.13100436681222705
2021-05-24,9830,9830,9510,9520,42248,-0.04321608040201008
2021-05-25,9380,9600,9380,9410,18766,-0.011554621848739455
2021-05-26,9260,9600,9260,9520,11821,0.011689691817215797
2021-05-27,9510,9550,9410,9450,3642,-0.007352941176470562
2021-05-28,9350,9440,9270,9310,18297,-0.014814814814814836
2021-05-31,9250,9440,9250,9280,12406,-0.0032223415682062218
2021-06-01,9180,9610,9180,9500,19496,0.0237068965517242
2021-06-02,9500,9510,9450,9500,10038,0.0
2021-06-03,9780,9780,9510,9590,3546,0.0094736842105263
2021-06-04,9680,9680,9220,9320,5663,-0.028154327424400383
2021-06-07,9250,9320,9150,9250,11914,-0.007510729613733891
2021-06-08,9300,9300,9190,9300,5866,0.00540540540540535
2021-06-09,9400,9400,9230,9380,2217,0.008602150537634357
2021-06-10,9380,9520,9310,9490,5751,0.011727078891258014
2021-06-11,9570,9570,9360,9360,3601,-0.013698630136986356
2021-06-14,9430,9430,9300,9300,5317,-0.0064102564102563875
2021-06-15,9250,9580,9250,9310,1112,0.0010752688172042113
2021-06-16,9400,9450,9310,9310,2936,0.0
2021-06-17,9300,9570,9230,9570,6353,0.027926960257787403
2021-06-18,9570,9740,9460,9550,19174,-0.002089864158829724
2021-06-21,9450,9450,9240,9390,12233,-0.01675392670157072
2021-06-22,9330,9480,9330,9450,7377,0.006389776357827559
2021-06-23,9590,9590,9420,9480,5448,0.0031746031746031633
2021-06-24,9480,9540,9470,9470,7069,-0.0010548523206751481
2021-06-25,9560,9650,9540,9650,3060,0.019007391763463666
2021-06-28,9660,9660,9550,9580,5210,-0.007253886010362698
2021-06-29,9580,9690,9560,9560,5974,-0.0020876826722338038
2021-06-30,9780,9780,9550,9620,4990,0.006276150627614996
2021-07-01,9620,9620,9410,9460,6505,-0.016632016632016633
2021-07-02,9470,9570,9130,9390,6839,-0.007399577167019
2021-07-05,9400,9500,9350,9490,6268,0.010649627263045858
2021-07-06,9580,9580,9410,9480,3194,-0.0010537407797681642
2021-07-07,9470,9550,9280,9490,7997,0.001054852320675037
2021-07-08,9490,9500,9370,9390,1689,-0.010537407797681753
2021-07-09,9310,9440,9260,9440,4292,0.005324813631522929
2021-07-12,9480,9550,9290,9300,7490,-0.014830508474576232
2021-07-13,9450,9450,9300,9360,8273,0.006451612903225712
2021-07-14,9400,9400,9280,9360,3271,0.0
2021-07-15,9420,9570,9420,9550,22207,0.020299145299145227
2021-07-16,9510,9510,9420,9510,3529,-0.004188481675392652
2021-07-19,9470,9470,9320,9470,3485,-0.004206098843322792
2021-07-20,9350,9520,9350,9460,2845,-0.001055966209081327
2021-07-21,9490,9490,9360,9370,5114,-0.009513742071881603
2021-07-22,9460,9460,9370,9370,274,0.0
2021-07-23,9370,9420,9370,9390,3381,0.002134471718249653
2021-07-26,9450,9450,9320,9320,6610,-0.007454739084132078
2021-07-27,9330,9390,9330,9330,6654,0.0010729613733906351
2021-07-28,9460,9460,9280,9290,4518,-0.004287245444801746
2021-07-29,9290,9350,9280,9280,716,-0.0010764262648008671
2021-07-30,9390,9390,9260,9340,1023,0.006465517241379226
2021-08-02,9290,9390,9210,9330,3748,-0.0010706638115631772
2021-08-03,9250,9330,9150,9150,2610,-0.019292604501607746
2021-08-04,9260,9260,9120,9210,1083,0.006557377049180246
2021-08-05,9250,9400,9240,9330,2076,0.013029315960912058
2021-08-06,9400,9400,9260,9350,3418,0.002143622722400762
2021-08-09,9480,9480,9410,9460,5844,0.0117647058823529
2021-08-10,9560,9560,9300,9300,1278,-0.016913319238900604
2021-08-11,9400,9400,9270,9330,1808,0.003225806451612856
2021-08-12,9600,9600,9360,9430,225,0.010718113612004254
2021-08-13,9700,9700,9170,9240,2514,-0.020148462354188768
2021-08-17,9570,9570,8990,8990,3368,-0.02705627705627711
2021-08-18,8970,9230,8970,8970,183,-0.0022246941045606095
2021-08-19,9290,9290,8800,8800,954,-0.018952062430323324
2021-08-20,8880,8880,8530,8880,2267,0.009090909090909038
2021-08-23,8870,8870,8720,8790,372,-0.010135135135135087
2021-08-24,8880,8880,8800,8830,1377,0.004550625711035261
2021-08-25,8900,9090,8880,9050,447,0.02491506228765572
2021-08-26,9140,9140,8760,9030,192,-0.0022099447513812542
2021-08-27,8780,8990,8780,8850,328,-0.019933554817275767
2021-08-30,8850,9050,8850,9020,336,0.019209039548022666
2021-08-31,9150,9150,9000,9020,343,0.0
2021-09-01,9140,9140,8930,9020,433,0.0
2021-09-02,9120,9120,9000,9040,1347,0.0022172949002217113
2021-09-03,9040,9050,9000,9050,910,0.0011061946902655162
2021-09-06,9050,9140,9000,9100,298,0.005524861878453136
2021-09-07,9160,9160,9010,9090,59,-0.001098901098901095
2021-09-08,9000,9040,8980,8980,713,-0.012101210121012063
2021-09-09,8960,9040,8900,8900,812,-0.008908685968819552
2021-09-10,8900,8940,8880,8900,511,0.0
2021-09-13,8910,9000,8880,8880,840,-0.0022471910112359383
2021-09-14,9000,9000,8920,8990,68,0.012387387387387427
2021-09-15,8990,9040,8990,9040,1091,0.005561735261401468
2021-09-16,9050,9050,8410,8960,2123,-0.008849557522123908
2021-09-17,8630,8990,8630,8990,180,0.0033482142857141906
2021-09-23,9090,9100,8920,9050,57,0.006674082313681939
2021-09-24,9150,9150,8610,8760,1408,-0.03204419889502763
2021-09-27,8980,8980,8800,8800,268,0.004566210045662045
2021-09-28,8970,8970,8630,8630,1833,-0.01931818181818179
2021-09-29,8630,8800,8360,8800,739,0.01969872537659323
2021-09-30,9010,9010,8800,8980,5320,0.020454545454545503
2021-10-01,9350,9350,8730,8730,7926,-0.027839643652561197
2021-10-05,8420,9270,8200,9270,1687,0.061855670103092786
2021-10-06,8940,8940,8540,8540,489,-0.07874865156418553
2021-10-07,8580,8670,8580,8670,519,0.015222482435597096
2021-10-08,8790,8790,8500,8650,181,-0.0023068050749711633
2021-10-12,8620,8750,8350,8500,196,-0.017341040462427793
2021-10-13,8330,8380,8280,8280,2414,-0.025882352941176467
2021-10-14,8270,8330,8270,8270,926,-0.0012077294685990392
2021-10-15,8380,8380,8270,8380,151,0.01330108827085863
2021-10-18,8570,8570,8330,8470,24,0.010739856801909253
2021-10-19,8510,8510,8340,8440,370,-0.0035419126328217754
2021-10-20,8440,8490,8290,8410,1798,-0.0035545023696682554
2021-10-21,8300,8300,8240,8240,567,-0.02021403091557672
2021-10-22,8290,8380,8290,8380,571,0.016990291262136026
2021-10-25,8380,8500,8380,8480,414,0.01193317422434359
2021-10-26,9200,9200,8680,8770,1045,0.034198113207547065
2021-10-27,8920,8920,8620,8720,700,-0.005701254275940704
2021-10-28,8950,8950,8760,8760,1795,0.004587155963302836
2021-10-29,8760,8810,8670,8670,1288,-0.010273972602739767
2021-11-01,8790,8790,8690,8740,343,0.008073817762399127
2021-11-02,8870,8870,8730,8830,260,0.010297482837528626
2021-11-03,8900,8900,8550,8830,149,0.0
2021-11-04,8890,8890,8760,8810,715,-0.0022650056625141968
2021-11-05,8890,8890,8640,8840,652,0.0034052213393871433
2021-11-08,8900,8900,8800,8870,429,0.0033936651583710287
2021-11-09,8900,8900,8870,8900,4458,0.0033821871476888976
2021-11-10,9080,9080,8890,8930,2232,0.003370786516853963
2021-11-11,9050,9090,8810,9060,12453,0.014557670772676445
2021-11-12,9130,9290,9060,9140,2930,0.008830022075055233
2021-11-15,9500,9500,9130,9140,3469,0.0
2021-11-16,9270,9300,9050,9140,1981,0.0
2021-11-17,9240,9600,9140,9600,15478,0.05032822757111588
2021-11-18,9660,9680,9480,9630,9193,0.0031250000000000444
2021-11-19,9600,9600,9480,9600,6395,-0.0031152647975077885
2021-11-22,9690,9690,9600,9620,1693,0.002083333333333437
2021-11-23,9950,9950,9390,9530,4212,-0.009355509355509328
2021-11-24,9900,9900,9440,9560,209,0.0031479538300105414
2021-11-25,9680,9860,9680,9810,10155,0.026150627615062705
2021-11-26,9850,9850,9390,9600,5593,-0.021406727828746197
2021-11-29,9350,9800,9350,9540,1435,-0.006249999999999978
2021-11-30,9490,9630,9390,9390,4700,-0.01572327044025157
2021-12-01,9110,9390,9110,9390,940,0.0
2021-12-02,9360,9560,9350,9550,2125,0.017039403620873195
2021-12-03,9580,9580,9500,9500,386,-0.005235602094240788
2021-12-06,9670,9670,9510,9650,3002,0.015789473684210575
2021-12-07,9770,9770,9390,9490,2216,-0.016580310880829008
2021-12-08,9710,9710,9330,9360,3294,-0.013698630136986356
2021-12-09,9320,9390,9280,9290,1318,-0.007478632478632452
2021-12-10,9590,9590,9430,9540,1270,0.026910656620021456
2021-12-13,9540,9540,9420,9430,414,-0.011530398322851187
2021-12-14,9430,9520,9420,9450,352,0.0021208907741250282
2021-12-15,9580,9580,9330,9440,160,-0.0010582010582010914
2021-12-16,9570,9570,9400,9410,913,-0.0031779661016949623
2021-12-17,9540,9540,9370,9420,1070,0.0010626992561104665
2021-12-20,9360,9580,9330,9400,1897,-0.002123142250530785
2021-12-21,9480,9480,9200,9380,2784,-0.0021276595744680327
2021-12-22,9370,9480,9360,9460,5647,0.008528784648187626
2021-12-23,9500,9580,9480,9550,11003,0.009513742071881603
2021-12-24,9570,9590,9410,9450,2080,-0.010471204188481686
2021-12-27,9510,9950,9510,9790,6698,0.035978835978836
2021-12-28,9880,9880,9630,9630,6027,-0.01634320735444328
2021-12-29,9750,9960,9750,9780,9131,0.015576323987538832
2021-12-30,9880,9880,9770,9770,1916,-0.0010224948875255935
2022-01-03,9780,10500,9780,10500,12666,0.07471852610030716
2022-01-04,10200,10200,10000,10150,5039,-0.033333333333333326
2022-01-05,10050,10050,9720,9740,4475,-0.040394088669950756
2022-01-06,9700,9910,9700,9740,5897,0.0
2022-01-07,9900,10250,9880,10200,7071,0.04722792607802884
2022-01-10,10150,10200,10000,10050,1959,-0.014705882352941124
2022-01-11,10200,10200,9970,10000,2422,-0.00497512437810943
2022-01-12,10150,10150,9840,9950,1317,-0.0050000000000000044
2022-01-13,9950,10100,9700,9710,5985,-0.024120603015075348
2022-01-14,9710,10100,9710,10100,6495,0.040164778578784865
2022-01-17,10200,10200,9860,9970,216,-0.012871287128712883
2022-01-18,9970,11200,9970,10650,17312,0.06820461384152465
2022-01-19,10600,10900,10300,10450,5261,-0.018779342723004744
2022-01-20,10450,10450,10300,10450,697,0.0
2022-01-21,10400,10400,9800,9930,5354,-0.04976076555023923
2022-01-24,10200,10200,9730,9890,1124,-0.004028197381671705
2022-01-25,9890,9890,9600,9600,1883,-0.029322548028311468
2022-01-26,9920,9920,9370,9370,1737,-0.023958333333333304
2022-01-27,9490,9490,9120,9290,1958,-0.008537886872998945
2022-01-28,9450,9500,9420,9500,1566,0.022604951560817987
2022-02-03,9520,9520,9430,9430,1890,-0.00736842105263158
2022-02-04,9370,9690,9370,9500,3551,0.007423117709437932
2022-02-07,9740,9740,9310,9360,3222,-0.01473684210526316
2022-02-08,9450,9530,9250,9420,587,0.0064102564102563875
2022-02-09,9580,9580,9340,9440,1570,0.002123142250530785
2022-02-10,9440,9440,9320,9340,915,-0.010593220338983023
2022-02-11,9250,9270,9140,9140,4425,-0.021413276231263434
2022-02-14,9010,9010,8960,8970,1362,-0.018599562363238564
2022-02-15,9100,9100,8810,8830,1346,-0.015607580824972156
2022-02-16,9100,9100,9040,9100,479,0.0305775764439411
2022-02-17,9250,9540,9220,9330,914,0.025274725274725185
2022-02-18,9380,9670,9200,9570,7747,0.025723472668810254
2022-02-21,9500,9610,9490,9550,1601,-0.002089864158829724
2022-02-22,9320,9570,9320,9540,2154,-0.0010471204188481353
2022-02-23,9640,9650,9580,9650,6619,0.011530398322851187
2022-02-24,9650,9740,9520,9630,748,-0.002072538860103612
2022-02-25,9840,9950,9830,9950,7622,0.03322949117341634
2022-02-28,9940,9940,9760,9830,2022,-0.012060301507537674
2022-03-02,9960,9960,9610,9850,493,0.0020345879959309254
2022-03-03,9850,9990,9800,9920,1898,0.007106598984771617
2022-03-04,9980,9990,9800,9930,497,0.0010080645161290036
2022-03-07,9940,9940,9660,9710,2430,-0.022155085599194324
2022-03-08,9790,9790,9600,9700,286,-0.001029866117404743
2022-03-10,10200,10200,9670,9930,726,0.023711340206185483
2022-03-11,9940,9940,9730,9840,216,-0.009063444108761365
2022-03-14,9830,9830,9710,9710,296,-0.013211382113821113
2022-03-15,10000,10000,9700,9740,314,0.003089598352214118
2022-03-16,9800,10050,9800,10050,7040,0.03182751540041062
2022-03-17,10050,10100,9940,10050,2114,0.0
2022-03-18,9990,10100,9990,10050,1957,0.0
2022-03-21,10100,10100,9890,9990,1071,-0.005970149253731294
2022-03-22,9870,10150,9870,10150,10830,0.0160160160160161
2022-03-23,10150,10650,10150,10450,10089,0.029556650246305383
2022-03-24,10300,10850,10300,10850,5146,0.038277511961722466
2022-03-25,10900,11450,10850,11400,8674,0.05069124423963123
2022-03-28,11900,11950,11750,11750,6329,0.030701754385964897
2022-03-29,11950,11950,10950,11250,5849,-0.04255319148936165
2022-03-30,11250,11250,10900,10950,3230,-0.026666666666666616
2022-03-31,10850,11100,10800,10900,1100,-0.004566210045662156
2022-04-01,10950,10950,10750,10900,270,0.0
2022-04-04,11100,11100,10500,10650,2662,-0.022935779816513735
2022-04-05,10700,10700,10250,10250,7447,-0.03755868544600938
2022-04-06,10250,10300,10100,10200,4155,-0.004878048780487809
2022-04-07,10200,10600,10200,10400,2118,0.019607843137254832
2022-04-08,10300,10300,10100,10200,2860,-0.019230769230769273
2022-04-11,10100,10250,10100,10250,1609,0.004901960784313708
2022-04-12,10150,10250,10150,10150,1851,-0.009756097560975618
2022-04-13,10250,10550,10250,10500,1697,0.034482758620689724
2022-04-14,10500,10600,10400,10600,523,0.00952380952380949
2022-04-15,10650,10850,10500,10850,990,0.02358490566037741
2022-04-18,10650,10800,10550,10800,1977,-0.004608294930875556
2022-04-19,10850,10900,10650,10700,3718,-0.0092592592592593
2022-04-20,10850,11050,10850,11000,1977,0.028037383177569986
2022-04-21,11000,11000,10700,10800,5065,-0.018181818181818188
2022-04-22,10900,10900,10700,10850,1899,0.004629629629629539
2022-04-25,10900,10900,10500,10750,1946,-0.009216589861751112
2022-04-26,10550,10750,10550,10550,506,-0.018604651162790753
2022-04-27,10600,10600,10350,10350,1830,-0.018957345971563955
2022-04-28,10450,10450,10300,10300,742,-0.004830917874396157
2022-04-29,10400,10550,10400,10500,411,0.01941747572815533
2022-05-02,10550,10550,10200,10350,1551,-0.014285714285714235
2022-05-03,10450,10700,10450,10600,3340,0.024154589371980784
2022-05-04,10600,11200,10600,11000,6123,0.037735849056603765
2022-05-06,10800,11000,10800,10850,1225,-0.013636363636363669
2022-05-09,10900,10900,10400,10400,1830,-0.04147465437788023
2022-05-10,10300,10600,10050,10550,2010,0.014423076923076872
2022-05-11,10650,10650,10400,10500,108,-0.004739336492891044
2022-05-12,10500,10500,10000,10000,3644,-0.04761904761904767
2022-05-13,10100,10400,10100,10350,663,0.03499999999999992
2022-05-16,10450,10450,10300,10300,1149,-0.004830917874396157
2022-05-17,10200,10200,9970,10100,8509,-0.01941747572815533
2022-05-18,10200,10350,10000,10000,1039,-0.00990099009900991
2022-05-19,9860,10050,9860,10050,1716,0.004999999999999893
2022-05-20,9930,9970,9920,9970,1097,-0.007960199004975133
2022-05-23,9970,9980,9890,9970,3870,0.0
2022-05-24,9970,9970,9850,9850,2436,-0.012036108324974926
2022-05-25,9860,10150,9700,9700,9675,-0.015228426395939132
2022-05-26,9720,9800,9720,9720,2576,0.0020618556701030855
2022-05-27,9770,9770,9540,9700,2943,-0.002057613168724326
2022-05-30,9840,9840,9710,9720,564,0.0020618556701030855
2022-05-31,9900,9910,9710,9820,1203,0.010288065843621297
2022-06-02,9820,9880,9700,9880,3012,0.006109979633401208
2022-06-03,9850,9850,9620,9780,1700,-0.010121457489878583
2022-06-07,9670,9780,9630,9630,1269,-0.015337423312883458
2022-06-08,9680,9750,9610,9610,441,-0.0020768431983385627
2022-06-09,9700,9700,9510,9690,1854,0.008324661810613865
2022-06-10,9660,9660,9410,9410,3323,-0.028895768833849367
2022-06-13,9200,9200,9090,9130,3050,-0.029755579171094615
2022-06-14,9100,9190,8820,9190,3845,0.006571741511500528
2022-06-15,9650,9650,8750,8750,5362,-0.04787812840043526
2022-06-16,8890,9090,8890,8900,527,0.017142857142857126
2022-06-17,8890,8890,8410,8410,1421,-0.05505617977528088
2022-06-20,8420,8420,8100,8240,907,-0.02021403091557672
2022-06-21,8230,8490,8200,8460,490,0.02669902912621369
2022-06-22,8560,8560,7910,7920,3973,-0.06382978723404253
2022-06-23,7990,8000,7510,7510,6950,-0.051767676767676796
2022-06-24,7590,8140,7590,8040,402,0.07057256990679095
2022-06-27,8040,8350,8040,8350,802,0.03855721393034828
2022-06-28,8400,8450,8370,8450,204,0.011976047904191711
2022-06-29,8320,8450,8320,8450,214,0.0
2022-06-30,8450,8520,8350,8430,714,-0.002366863905325478
2022-07-01,8430,8430,8180,8390,270,-0.004744958481613271
2022-07-04,8390,8390,8000,8270,682,-0.014302741358760418
2022-07-05,8140,8420,8140,8380,293,0.01330108827085863
2022-07-06,8340,8340,8200,8220,380,-0.019093078758949833
2022-07-07,8320,8560,8280,8560,390,0.041362530413625365
2022-07-08,8650,8650,8440,8550,509,-0.001168224299065379
2022-07-11,8450,8600,8350,8600,227,0.005847953216374213
2022-07-12,8580,8580,8200,8320,584,-0.032558139534883734
2022-07-13,8390,8800,8380,8750,277,0.05168269230769229
2022-07-14,8690,8750,8600,8750,253,0.0
2022-07-15,8690,8690,8530,8530,296,-0.025142857142857133
2022-07-18,8550,8650,8500,8650,197,0.014067995310668158
2022-07-19,8650,8650,8510,8640,173,-0.0011560693641619046
2022-07-20,8700,8700,8490,8680,1345,0.004629629629629539
2022-07-21,8680,8800,8600,8800,142,0.01382488479262678
2022-07-22,8710,8780,8710,8770,124,-0.003409090909090917
2022-07-25,8740,8740,8740,8740,116,-0.0034207525655644
2022-07-26,8710,8740,8710,8740,147,0.0
2022-07-27,8700,8700,8690,8690,128,-0.005720823798627039
2022-07-28,8700,8720,8520,8620,1187,-0.008055235903337121
2022-07-29,8670,8670,8560,8640,143,0.002320185614849146
2022-08-01,8640,8650,8550,8640,777,0.0
2022-08-02,8680,8680,8540,8620,457,-0.0023148148148147696
2022-08-03,8510,8610,8510,8550,277,-0.008120649651972123
2022-08-04,8600,8680,8550,8680,548,0.015204678362572999
2022-08-05,8710,8720,8510,8630,1204,-0.005760368663594417
2022-08-08,8620,8650,8570,8650,175,0.002317497103128563
2022-08-09,8620,8630,8500,8630,544,-0.0023121387283236983
2022-08-10,8640,8640,8500,8600,231,-0.0034762456546929554
2022-08-11,8600,8650,8500,8610,1651,0.0011627906976743319
2022-08-12,8630,8680,8500,8680,927,0.008130081300812941
2022-08-16,8640,8690,8640,8690,1231,0.0011520737327188613
2022-08-17,8840,8840,8580,8780,531,0.010356731875719172
2022-08-18,8780,8780,8520,8690,181,-0.01025056947608205
2022-08-19,8740,8740,8580,8700,214,0.0011507479861909697
2022-08-22,8700,8700,8590,8670,144,-0.0034482758620689724
2022-08-23,8650,8660,8530,8650,271,-0.0023068050749711633
2022-08-24,8630,8700,8630,8700,342,0.005780346820809301
2022-08-25,8680,8740,8680,8740,378,0.0045977011494253706
2022-08-26,8840,8840,8750,8840,187,0.011441647597254079
2022-08-29,8790,8790,8600,8730,1272,-0.012443438914027105
2022-08-30,8680,8760,8600,8730,1306,0.0
2022-08-31,8720,9030,8700,8980,918,0.028636884306987298
2022-09-01,8820,8980,8820,8840,745,-0.015590200445434244
2022-09-02,8850,8890,8710,8880,323,0.004524886877828038
2022-09-05,8930,8930,8640,8640,179,-0.027027027027026973
2022-09-06,8800,8800,8610,8740,342,0.011574074074074181
2022-09-07,8770,8770,8580,8580,1568,-0.01830663615560646
2022-09-08,8700,8790,8700,8730,204,0.0174825174825175
2022-09-13,8640,8780,8640,8770,103,0.004581901489117968
2022-09-14,8720,8750,8720,8740,113,-0.0034207525655644
2022-09-15,8790,8790,8760,8760,106,0.0022883295194509046
2022-09-16,8760,8760,8760,8760,110,0.0
2022-09-19,8810,8810,8460,8460,2710,-0.03424657534246578
2022-09-20,8650,8650,8600,8640,112,0.02127659574468077
2022-09-21,8630,8630,8620,8630,114,-0.0011574074074074403
2022-09-22,8500,8620,8490,8620,1249,-0.0011587485515642815
2022-09-23,8670,8670,8300,8310,2096,-0.03596287703016243
2022-09-26,8040,8390,8040,8380,301,0.008423586040914532
2022-09-27,8350,8350,8280,8300,690,-0.009546539379474916
2022-09-28,8300,8300,7460,8070,1082,-0.027710843373493943
2022-09-29,8070,8100,7650,7900,961,-0.02106567534076831
2022-09-30,7500,7990,7500,7990,224,0.0113924050632912
2022-10-04,7950,8100,7950,8100,199,0.013767209011264159
2022-10-05,8100,8480,8100,8360,444,0.032098765432098775
2022-10-06,8650,8650,8310,8600,1174,0.028708133971291794
2022-10-07,8510,8780,8510,8710,563,0.012790697674418539
2022-10-11,8720,8720,8340,8650,393,-0.006888633754305373
2022-10-12,8580,8590,8560,8580,296,-0.008092485549133
2022-10-13,8750,8750,8220,8550,486,-0.0034965034965035446
2022-10-14,8790,8790,8410,8730,72,0.021052631578947434
2022-10-17,8490,8670,8470,8660,634,-0.008018327605956443
2022-10-18,8780,8780,8540,8700,67,0.004618937644341736
2022-10-19,8840,8840,8730,8730,3,0.0034482758620688614
2022-10-20,8680,8710,8520,8710,282,-0.002290950744558984
2022-10-21,8750,8750,8560,8690,375,-0.0022962112514350874
2022-10-24,8790,8830,8790,8800,615,0.012658227848101333
2022-10-25,8740,8740,8570,8590,181,-0.02386363636363631
2022-10-26,8700,8700,8680,8680,2,0.010477299185098987
2022-10-27,8420,8590,8320,8590,655,-0.010368663594470084
2022-10-28,8700,8700,8670,8670,7,0.0093131548311991
2022-10-31,8500,8700,8500,8700,173,0.0034602076124568004
2022-11-01,8490,8610,8390,8610,835,-0.010344827586206917
2022-11-02,8510,8510,8510,8510,50,-0.011614401858304313
2022-11-03,8160,8470,8160,8450,240,-0.007050528789659172
2022-11-04,8400,8400,8400,8400,50,-0.00591715976331364
2022-11-07,8360,8490,8360,8390,271,-0.0011904761904761862
2022-11-08,8580,8590,8510,8580,248,0.022646007151370773
2022-11-09,8630,8630,8610,8610,2,0.0034965034965035446
2022-11-10,8350,8480,8350,8450,311,-0.018583042973286834
2022-11-11,8600,8600,8580,8580,12,0.01538461538461533
2022-11-14,8540,8540,8480,8530,397,-0.005827505827505797
2022-11-15,8520,8770,8410,8770,658,0.028135990621336537
2022-11-16,8750,8770,8690,8690,218,-0.009122006841505104
2022-11-17,8450,8540,8420,8540,376,-0.017261219792865323
2022-11-18,8810,8810,8280,8430,295,-0.012880562060889944
2022-11-21,8430,8440,8310,8430,432,0.0
2022-11-22,8740,8740,8350,8400,29,-0.003558718861209953
2022-11-23,8780,8780,8550,8550,6,0.017857142857142794
2022-11-24,8540,8540,8540,8540,58,-0.0011695906432748204
2022-11-25,8750,8750,8500,8660,185,0.014051522248243575
2022-11-28,8600,8600,8410,8550,405,-0.012702078521939941
2022-11-29,8510,8540,8500,8540,48,-0.0011695906432748204
2022-11-30,8690,8690,8680,8680,52,0.016393442622950838
2022-12-01,8800,8800,8550,8750,422,0.008064516129032251
2022-12-02,8740,8740,8510,8650,175,-0.011428571428571455
2022-12-05,8640,8650,8450,8630,329,-0.0023121387283236983
2022-12-06,8580,8580,8580,8580,0,-0.005793742757821518
2022-12-07,8550,8550,8550,8550,14,-0.0034965034965035446
2022-12-08,8350,8500,8330,8490,282,-0.007017543859649145
2022-12-09,8460,8540,8440,8540,77,0.005889281507656108
2022-12-12,8500,8500,8400,8500,114,-0.004683840749414525
2022-12-13,8450,8490,8450,8490,131,-0.0011764705882353343
2022-12-14,8590,8590,8490,8490,87,0.0
2022-12-15,8490,8550,8410,8490,118,0.0
2022-12-16,8470,8470,8470,8470,0,-0.002355712603062443
2022-12-19,8440,8440,8400,8400,141,-0.008264462809917328
2022-12-20,8540,8540,8300,8410,84,0.0011904761904761862
2022-12-21,8380,8380,8310,8360,96,-0.005945303210463715
2022-12-22,8500,8500,8300,8410,112,0.005980861244019087
2022-12-23,8380,8380,8380,8380,10,-0.003567181926278251
2022-12-26,8340,8360,8260,8350,377,-0.0035799522673031214
2022-12-27,8330,8480,8330,8410,137,0.007185628742514938
2022-12-28,8210,8230,8000,8100,1712,-0.03686087990487519
2022-12-29,8200,8200,8000,8130,366,0.0037037037037037646
2023-01-02,8140,8170,7900,8000,2280,-0.01599015990159902
2023-01-03,8100,8170,8100,8170,311,0.02124999999999999
2023-01-04,8510,8510,8030,8380,3936,0.025703794369644983
2023-01-05,8630,8710,8170,8320,462,-0.007159904534606243
2023-01-06,8530,8530,8110,8110,742,-0.02524038461538458
2023-01-09,8130,8180,8050,8050,937,-0.007398273736128225
2023-01-10,8110,8170,8050,8170,342,0.014906832298136719
2023-01-11,8190,8290,8060,8060,1097,-0.01346389228886169
2023-01-12,8200,8620,7970,8240,346,0.022332506203474045
2023-01-13,8350,8350,8150,8220,1620,-0.0024271844660194164
2023-01-16,8240,8240,8000,8040,3099,-0.021897810218978075
2023-01-17,8080,8080,7950,8040,365,0.0
2023-01-18,8090,8090,8030,8050,653,0.0012437810945273853
2023-01-19,8050,8100,8050,8080,181,0.003726708074534235
2023-01-20,8080,8100,8070,8100,917,0.0024752475247524774
2023-01-25,8100,8200,8090,8190,289,0.011111111111111072
2023-01-26,8190,8500,8000,8300,1272,0.013431013431013383
2023-01-27,8200,8390,8200,8370,47,0.008433734939758963
2023-01-30,8250,8530,8120,8120,1966,-0.029868578255675016
2023-01-31,8120,8350,8120,8300,873,0.022167487684729092
2023-02-01,8350,8350,8140,8230,912,-0.008433734939759074
2023-02-02,8230,8390,8210,8290,813,0.007290400972053357
2023-02-03,8270,8270,8200,8200,1767,-0.010856453558504175
2023-02-06,8190,8220,8120,8160,997,-0.004878048780487809
2023-02-07,8160,10600,8160,10600,363949,0.2990196078431373
2023-02-08,11460,13780,10950,13780,434217,0.30000000000000004
2023-02-09,16520,17910,16520,17910,193951,0.2997097242380262
2023-02-10,21900,22600,16590,16850,1365232,-0.059184812953657184
2023-02-13,15810,16010,14030,14290,283671,-0.15192878338278937
2023-02-14,14290,16500,13430,13700,460440,-0.041287613715885185
2023-02-15,13650,16230,12440,13090,1063235,-0.0445255474452555
2023-02-16,13300,13390,12180,12280,123330,-0.06187929717341478
2023-02-17,12120,12310,11480,11500,93109,-0.06351791530944628
2023-02-20,11760,12180,11250,11600,96550,0.008695652173912993
2023-02-21,12060,12150,11400,11840,59303,0.020689655172413834
2023-02-22,11600,11790,11400,11650,44445,-0.01604729729729726
2023-02-23,11890,12440,11550,12400,101079,0.06437768240343344
2023-02-24,12700,12970,11820,12030,92506,-0.029838709677419306
2023-02-27,11800,11880,11010,11290,57848,-0.06151288445552783
2023-02-28,11290,12120,11080,11350,75539,0.005314437555358653
2023-03-02,11600,11670,11220,11390,29944,0.0035242290748898064
2023-03-03,11450,11580,11150,11230,29027,-0.014047410008779626
2023-03-06,11300,11840,11160,11650,58591,0.037399821905609976
2023-03-07,11640,11640,11070,11270,37642,-0.032618025751072977
2023-03-08,11030,11190,10650,11060,20900,-0.018633540372670843
2023-03-09,10990,11540,10710,10950,62782,-0.009945750452079571
2023-03-10,10920,11080,10560,10640,25176,-0.028310502283105055
2023-03-13,10490,10730,10420,10440,10804,-0.018796992481203034
2023-03-14,10400,10500,10050,10120,16201,-0.03065134099616862
2023-03-15,10200,10470,10050,10210,12888,0.008893280632411127
2023-03-16,10210,10250,9910,10080,15598,-0.012732615083251742
2023-03-17,10120,10580,10110,10260,26116,0.017857142857142794
2023-03-20,10260,10380,10020,10200,11189,-0.005847953216374324
2023-03-21,10150,10330,10000,10000,13126,-0.019607843137254943
2023-03-22,10050,10270,9820,10180,18035,0.018000000000000016
2023-03-23,10120,10250,9830,9870,14149,-0.03045186640471509
