Date,Open,High,Low,Close,Volume,Change
2015-01-02,49850,53100,49700,52700,26329,0.05611222444889785
2015-01-05,52100,53500,52100,52900,18760,0.00379506641366234
2015-01-06,53000,53000,50600,50900,26103,-0.03780718336483935
2015-01-07,50600,50700,49650,49900,21068,-0.01964636542239684
2015-01-08,49700,51800,49350,51500,25729,0.03206412825651306
2015-01-09,51500,51700,50300,50400,17747,-0.021359223300970842
2015-01-12,50100,51300,50100,50500,16344,0.001984126984126977
2015-01-13,51500,51500,49950,51100,24182,0.011881188118811892
2015-01-14,50300,51900,49900,50100,22694,-0.019569471624266144
2015-01-15,49700,50500,49300,50100,25341,0.0
2015-01-16,50300,50300,48950,49400,24949,-0.013972055888223589
2015-01-19,49200,49500,48500,48550,26657,-0.01720647773279349
2015-01-20,48900,50500,48150,50400,28778,0.03810504634397538
2015-01-21,50000,50600,48900,50300,34417,-0.001984126984126977
2015-01-22,50400,50400,49550,49850,29080,-0.008946322067594381
2015-01-23,49850,50400,49050,49350,14075,-0.010030090270812475
2015-01-26,48500,49700,48250,48900,29787,-0.00911854103343468
2015-01-27,48950,51400,48700,51100,27785,0.04498977505112478
2015-01-28,51100,51500,49700,49950,28284,-0.022504892367906093
2015-01-29,49400,50300,49300,49900,12570,-0.0010010010010009784
2015-01-30,50600,50600,49150,49400,26631,-0.01002004008016033
2015-02-02,49300,49600,48800,48900,17289,-0.010121457489878583
2015-02-03,49300,50600,48600,49950,25565,0.021472392638036908
2015-02-04,50500,52700,50100,51500,43732,0.03103103103103111
2015-02-05,52100,52400,51200,52100,29141,0.011650485436893288
2015-02-06,51800,51800,45350,46400,208287,-0.10940499040307106
2015-02-09,46500,46700,41250,42000,249906,-0.09482758620689657
2015-02-10,42850,44100,42250,42550,92942,0.013095238095238049
2015-02-11,43450,45450,43200,44800,134554,0.05287896592244423
2015-02-12,44600,46250,44600,46100,64911,0.029017857142857206
2015-02-13,46400,46400,44700,45550,59611,-0.01193058568329719
2015-02-16,45950,45950,43050,44200,115909,-0.029637760702524663
2015-02-17,43650,44100,42250,43000,124003,-0.02714932126696834
2015-02-23,43300,44250,42400,43500,59440,0.011627906976744207
2015-02-24,43500,45500,43150,45350,88799,0.042528735632183956
2015-02-25,45850,47400,45500,46500,115380,0.025358324145534628
2015-02-26,46800,46800,45600,46550,82106,0.0010752688172042113
2015-02-27,46500,46800,46050,46800,29162,0.005370569280343629
2015-03-02,47500,47500,46100,46450,43199,-0.007478632478632452
2015-03-03,46500,46800,44600,46350,78546,-0.0021528525296017342
2015-03-04,46400,46650,45100,46200,52673,-0.003236245954692518
2015-03-05,46200,46500,45000,46200,29818,0.0
2015-03-06,46250,47900,45500,47500,64320,0.02813852813852824
2015-03-09,47600,47950,46150,46200,40034,-0.027368421052631597
2015-03-10,46500,46750,44550,45700,53194,-0.010822510822510845
2015-03-11,45050,45800,44650,45500,45222,-0.004376367614879695
2015-03-12,45100,45700,44500,44550,46203,-0.020879120879120916
2015-03-13,44700,46850,44600,46800,75529,0.05050505050505061
2015-03-16,46950,47400,46500,46700,54334,-0.002136752136752129
2015-03-17,47000,48350,46600,48350,61715,0.03533190578158463
2015-03-18,48350,50400,47800,50200,79902,0.0382626680455016
2015-03-19,50200,50400,49000,49900,69567,-0.005976095617529875
2015-03-20,49300,51700,49200,50400,66003,0.01002004008016022
2015-03-23,50400,51500,50000,51400,56214,0.01984126984126977
2015-03-24,51500,52100,51000,52100,35182,0.013618677042801508
2015-03-25,51600,52600,51400,52000,26080,-0.0019193857965451588
2015-03-26,51300,52200,50000,51700,42159,-0.005769230769230749
2015-03-27,51200,51700,50100,51500,37006,-0.003868471953578312
2015-03-30,51500,52000,50800,51700,19037,0.003883495145631022
2015-03-31,51600,52800,50800,52700,38363,0.01934235976789167
2015-04-01,52400,53800,51700,53200,39523,0.009487666034155628
2015-04-02,53800,54100,51800,51800,33800,-0.02631578947368418
2015-04-03,51800,52300,50900,51400,23477,-0.007722007722007707
2015-04-06,51800,51800,50200,50500,30029,-0.017509727626459193
2015-04-07,50600,51500,50200,50800,22187,0.005940594059405946
2015-04-08,50800,51300,49900,50300,34699,-0.009842519685039353
2015-04-09,50400,51200,49900,50900,24834,0.011928429423459175
2015-04-10,50500,51900,50500,51800,29456,0.017681728880157177
2015-04-13,52200,52200,50500,51500,38524,-0.00579150579150578
2015-04-14,51400,51400,49500,50400,55658,-0.021359223300970842
2015-04-15,49900,50500,49800,50000,26697,-0.007936507936507908
2015-04-16,49700,50300,48700,49850,54915,-0.0030000000000000027
2015-04-17,49900,50400,49850,50100,31389,0.005015045135406293
2015-04-20,49250,50100,48650,48800,43084,-0.02594810379241519
2015-04-21,49000,49300,47800,48050,57419,-0.015368852459016424
2015-04-22,48300,49600,44500,44850,157089,-0.06659729448491158
2015-04-23,45300,45650,41350,42200,176823,-0.059085841694537344
2015-04-24,41850,42200,40550,40900,139249,-0.03080568720379151
2015-04-27,41300,43100,41000,42750,112590,0.04523227383863082
2015-04-28,43350,43950,41800,41850,129827,-0.021052631578947323
2015-04-29,42200,42600,41100,42150,68822,0.007168458781362075
2015-04-30,41450,41850,38600,40900,203665,-0.029655990510083052
2015-05-04,41400,41450,39950,40350,54588,-0.01344743276283622
2015-05-06,40300,41000,40050,40600,36939,0.006195786864931829
2015-05-07,40500,42200,40050,42000,64027,0.034482758620689724
2015-05-08,42500,42500,41650,42200,37663,0.004761904761904745
2015-05-11,42500,43650,42200,43250,49053,0.024881516587677677
2015-05-12,43300,44550,43300,43550,63541,0.006936416184971206
2015-05-13,43650,45200,43650,44800,69346,0.028702640642939148
2015-05-14,45000,45000,43500,44000,53167,-0.017857142857142905
2015-05-15,44000,44750,43550,44550,50515,0.012499999999999956
2015-05-18,44100,44800,43450,44550,55115,0.0
2015-05-19,44400,44550,42000,42150,92707,-0.05387205387205385
2015-05-20,42200,44050,42200,43700,46565,0.03677342823250296
2015-05-21,43700,44800,43350,44000,46620,0.006864988558352492
2015-05-22,44600,44800,43050,43350,30455,-0.01477272727272727
2015-05-26,43350,43650,42250,42950,37589,-0.009227220299884653
2015-05-27,43000,43300,41700,41950,35331,-0.023282887077997638
2015-05-28,42700,42700,41800,42050,29212,0.0023837902264600697
2015-05-29,41950,44200,41900,44100,62379,0.04875148632580251
2015-06-01,44100,44450,42550,44400,50307,0.006802721088435382
2015-06-02,44500,44900,43600,44500,34983,0.0022522522522523403
2015-06-03,44700,45800,43850,45000,59017,0.011235955056179803
2015-06-04,45000,45750,44300,44450,28914,-0.012222222222222245
2015-06-05,44100,44900,43500,44550,32398,0.0022497187851517886
2015-06-08,44550,45950,44000,45700,38824,0.02581369248035914
2015-06-09,45800,46000,45250,45700,31043,0.0
2015-06-10,45700,46350,45250,45950,44715,0.00547045951859948
2015-06-11,46500,49500,45700,49500,101292,0.07725788900979325
2015-06-12,48500,49500,47700,49050,72540,-0.009090909090909038
2015-06-15,49750,52300,48200,51800,108703,0.05606523955147802
2015-06-16,52100,53000,49950,52000,75924,0.0038610038610038533
2015-06-17,52500,52500,51000,51400,38614,-0.011538461538461497
2015-06-18,51400,53100,50400,52300,60076,0.017509727626459082
2015-06-19,53000,53200,51400,52800,40902,0.009560229445506607
2015-06-22,52000,53100,51100,53000,37720,0.0037878787878788955
2015-06-23,52300,54200,51900,54100,46526,0.020754716981132182
2015-06-24,54200,55400,54000,55200,38592,0.020332717190388205
2015-06-25,55200,56500,54700,56200,36297,0.018115942028985588
2015-06-26,56600,58100,55700,57900,39661,0.030249110320284656
2015-06-29,57500,58900,55000,56200,65377,-0.029360967184801412
2015-06-30,54900,56300,52100,54500,67963,-0.030249110320284656
2015-07-01,54500,56100,54300,54700,35001,0.003669724770642091
2015-07-02,54700,54700,52600,53600,60489,-0.020109689213894
2015-07-03,54000,55500,53400,53900,38164,0.005597014925373234
2015-07-06,55000,55000,52800,53400,36224,-0.00927643784786647
2015-07-07,53500,54000,50800,51000,46921,-0.0449438202247191
2015-07-08,51800,52000,50000,50500,31464,-0.009803921568627416
2015-07-09,50000,51900,48450,51100,42119,0.011881188118811892
2015-07-10,51900,52700,50300,50700,24825,-0.007827788649706457
2015-07-13,50100,52400,49850,50900,28173,0.0039447731755424265
2015-07-14,50900,51900,50400,51400,36462,0.00982318271119853
2015-07-15,51800,53200,51100,51500,33417,0.0019455252918287869
2015-07-16,52000,53200,50300,52900,33797,0.027184466019417375
2015-07-17,52300,53100,51300,52100,21681,-0.015122873345935761
2015-07-20,51800,52700,50800,51300,30623,-0.015355086372360827
2015-07-21,51500,51600,49700,50600,36801,-0.013645224171540016
2015-07-22,49800,50600,49350,49550,23808,-0.02075098814229248
2015-07-23,49550,49550,47700,48650,31503,-0.01816347124117057
2015-07-24,48500,49400,48200,48400,21287,-0.005138746145940343
2015-07-27,48250,49100,46100,46250,28978,-0.044421487603305776
2015-07-28,45000,46100,44250,45600,47401,-0.014054054054054022
2015-07-29,45000,46800,44800,45450,28221,-0.003289473684210509
2015-07-30,45450,46300,44500,45750,21382,0.0066006600660066805
2015-07-31,46550,49300,44600,48850,37925,0.06775956284152995
2015-08-03,49100,49300,47100,47700,17766,-0.023541453428863823
2015-08-04,47800,48950,47000,48300,11567,0.012578616352201255
2015-08-05,47250,48900,47250,48150,18367,-0.0031055900621117516
2015-08-06,48250,49850,47900,48450,25352,0.006230529595015577
2015-08-07,49000,50000,47950,49450,21651,0.02063983488132104
2015-08-10,49000,50500,48500,48650,29362,-0.016177957532861442
2015-08-11,49900,49900,48050,48300,14213,-0.007194244604316502
2015-08-12,46100,48000,44900,45650,34866,-0.054865424430641796
2015-08-13,46400,48050,45600,46950,17352,0.028477546549835697
2015-08-17,48950,55700,48900,51700,176083,0.10117145899893498
2015-08-18,52100,54700,51900,52300,75118,0.011605415860735047
2015-08-19,51800,54100,51000,52300,49224,0.0
2015-08-20,51000,53700,51000,52100,34526,-0.003824091778202643
2015-08-21,50500,52700,49700,52300,46748,0.0038387715930903177
2015-08-24,52300,52400,49300,51400,33411,-0.017208413001912004
2015-08-25,51400,52000,49200,51500,47482,0.0019455252918287869
2015-08-26,51400,53700,50800,53300,36497,0.03495145631067964
2015-08-27,53100,55000,52800,54900,46487,0.030018761726078758
2015-08-28,54300,55300,53600,55000,33576,0.0018214936247722413
2015-08-31,55000,55300,53800,54300,17910,-0.012727272727272698
2015-09-01,53400,54700,51100,51600,28806,-0.04972375690607733
2015-09-02,50500,52500,50100,51000,11622,-0.011627906976744207
2015-09-03,51300,52500,49600,49850,27402,-0.022549019607843168
2015-09-04,49700,50200,46550,47500,34183,-0.04714142427281842
2015-09-07,46500,48550,46200,47500,23996,0.0
2015-09-08,48300,48300,45850,46500,23116,-0.021052631578947323
2015-09-09,47450,49900,46700,49900,31653,0.07311827956989236
2015-09-10,48300,50000,48200,50000,21300,0.002004008016031955
2015-09-11,49100,49700,48550,49400,16454,-0.01200000000000001
2015-09-14,50000,51000,49000,50900,26347,0.030364372469635637
2015-09-15,50900,51000,49450,50200,8552,-0.013752455795677854
2015-09-16,51000,51500,50500,51100,12914,0.017928286852589626
2015-09-17,51800,52000,49900,50000,11869,-0.021526418786692814
2015-09-18,51000,51500,50300,50900,9121,0.018000000000000016
2015-09-21,50800,51000,50000,50700,6846,-0.003929273084479323
2015-09-22,50700,51500,50300,50800,12431,0.0019723865877712132
2015-09-23,50100,52300,50100,50800,16254,0.0
2015-09-24,52000,52000,50600,51700,9739,0.017716535433070835
2015-09-25,52300,52300,50900,51300,14153,-0.007736943907156624
2015-09-30,50100,50800,49200,49700,13947,-0.031189083820662766
2015-10-01,49500,51200,49500,50900,11199,0.024144869215291687
2015-10-02,51200,51600,50700,51100,7136,0.003929273084479323
2015-10-05,50300,51700,50300,51400,7548,0.005870841487279899
2015-10-06,51900,51900,50700,50800,9222,-0.011673151750972721
2015-10-07,50500,51500,49950,51000,7411,0.003937007874015741
2015-10-08,50400,51300,49250,51200,15531,0.0039215686274509665
2015-10-12,51100,51200,49750,50400,11203,-0.015625
2015-10-13,49900,51200,49700,50100,11084,-0.005952380952380931
2015-10-14,49350,50400,49350,49700,11242,-0.007984031936127733
2015-10-15,49800,50400,49200,49900,6044,0.004024144869215318
2015-10-16,49650,50300,49150,49300,13343,-0.012024048096192397
2015-10-19,49900,49900,47900,48100,20385,-0.024340770791075106
2015-10-20,48400,49350,48100,49300,10973,0.02494802494802495
2015-10-21,49250,50300,49000,50200,13527,0.018255578093306246
2015-10-22,49450,50600,49150,50400,14154,0.003984063745019917
2015-10-23,50500,51100,50200,50900,10596,0.009920634920634885
2015-10-26,51200,51300,49850,50700,9271,-0.003929273084479323
2015-10-27,51200,51200,49550,50300,10669,-0.007889546351084853
2015-10-28,50900,50900,49550,50000,6204,-0.005964214711729587
2015-10-29,49600,51000,49550,51000,14923,0.020000000000000018
2015-10-30,50700,50700,49600,49900,13461,-0.021568627450980427
2015-11-02,49550,49900,48200,48250,16034,-0.033066132264529036
2015-11-03,49500,50400,48700,49800,26141,0.032124352331606154
2015-11-04,48900,49450,48250,48500,14969,-0.026104417670682722
2015-11-05,48500,48500,47850,48400,13401,-0.0020618556701030855
2015-11-06,48650,48900,47200,47800,18899,-0.012396694214875992
2015-11-09,47500,47950,46600,46950,15785,-0.01778242677824271
2015-11-10,46850,46900,44000,46050,22683,-0.019169329073482455
2015-11-11,44950,46300,44800,45200,13122,-0.018458197611292082
2015-11-12,45500,46000,44350,44950,13052,-0.00553097345132747
2015-11-13,45000,45000,44100,44250,11434,-0.015572858731924377
2015-11-16,42100,44050,42100,42300,23879,-0.04406779661016946
2015-11-17,42550,43300,42400,42900,10614,0.014184397163120588
2015-11-18,42600,43300,40000,40600,53310,-0.053613053613053574
2015-11-19,41000,42000,40050,41350,17095,0.018472906403940836
2015-11-20,41400,41750,39900,40200,40577,-0.027811366384522418
2015-11-23,40950,43050,40400,43050,37241,0.07089552238805963
2015-11-24,42550,43850,42000,42400,29013,-0.015098722415795574
2015-11-25,42400,42600,41150,41500,18772,-0.021226415094339646
2015-11-26,41300,42200,41250,42050,19633,0.013253012048192847
2015-11-27,41700,42400,41300,41350,19571,-0.01664684898929847
2015-11-30,41750,41750,39600,39700,32513,-0.039903264812575556
2015-12-01,39800,41250,39800,40750,19881,0.026448362720403074
2015-12-02,40750,41750,40750,41550,20137,0.019631901840490906
2015-12-03,41550,42300,40900,41950,17972,0.00962695547533099
2015-12-04,42300,42300,41200,41250,19112,-0.016686531585220488
2015-12-07,41250,41350,40300,40400,14618,-0.020606060606060628
2015-12-08,40400,40550,39850,40050,11527,-0.008663366336633671
2015-12-09,40050,40450,39800,40050,11457,0.0
2015-12-10,40000,40400,38000,38800,31567,-0.031210986267166008
2015-12-11,38800,40200,38800,39900,15768,0.028350515463917425
2015-12-14,39000,41050,39000,40200,24753,0.007518796992481258
2015-12-15,41000,41000,39700,40550,11061,0.008706467661691475
2015-12-16,40800,41600,40800,41550,18884,0.024660912453760897
2015-12-17,41950,41950,41250,41750,7455,0.004813477737665384
2015-12-18,41350,42150,41150,41500,18719,-0.005988023952095856
2015-12-21,41500,42100,41500,41750,7810,0.006024096385542244
2015-12-22,41750,41800,40450,40650,12481,-0.026347305389221587
2015-12-23,40650,41500,40650,41450,13499,0.019680196801967975
2015-12-24,41850,42000,41450,41900,16053,0.010856453558504287
2015-12-28,41950,42050,41250,42000,12507,0.0023866348448686736
2015-12-29,42000,42450,41600,42400,13456,0.00952380952380949
2015-12-30,42500,42850,41850,42450,10806,0.001179245283018826
2016-01-04,41900,42400,41200,41750,12650,-0.01648998822143699
2016-01-05,42000,42000,40350,41200,18083,-0.013173652694610793
2016-01-06,41600,43500,41050,43050,38167,0.04490291262135915
2016-01-07,43050,44750,41800,41850,35449,-0.027874564459930307
2016-01-08,41850,41850,40450,40750,29855,-0.02628434886499398
2016-01-11,40750,41200,40400,40700,23240,-0.0012269938650306678
2016-01-12,40700,41100,39950,40200,20085,-0.012285012285012331
2016-01-13,40200,40450,39950,40150,24103,-0.0012437810945273853
2016-01-14,39750,40550,39550,40550,16669,0.00996264009962644
2016-01-15,40900,40900,38450,38700,73343,-0.04562268803945746
2016-01-18,39000,39500,38250,39100,26308,0.010335917312661591
2016-01-19,39100,39200,38150,38900,24532,-0.005115089514066473
2016-01-20,39000,39050,36050,36550,53736,-0.06041131105398456
2016-01-21,35850,38450,35250,38100,36596,0.04240766073871405
2016-01-22,38150,38650,36850,37700,30523,-0.01049868766404205
2016-01-25,37450,38650,37400,38550,17914,0.022546419098143256
2016-01-26,38550,39000,37800,38900,9276,0.009079118028534339
2016-01-27,39000,39700,37750,38000,41279,-0.023136246786632397
2016-01-28,37700,38700,37700,38000,21436,0.0
2016-01-29,38000,38700,36950,37200,24928,-0.021052631578947323
2016-02-01,37200,38400,36800,38050,26901,0.02284946236559149
2016-02-02,38400,38700,37600,38450,34121,0.010512483574244502
2016-02-03,38400,38500,37750,38350,12537,-0.002600780234070177
2016-02-04,38350,39650,38000,39600,29411,0.0325945241199479
2016-02-05,40100,40800,39750,40550,36852,0.023989898989899006
2016-02-11,40300,40300,38650,38900,17946,-0.04069050554870535
2016-02-12,37400,38400,35450,37350,37608,-0.03984575835475579
2016-02-15,36700,37950,36700,37050,20816,-0.008032128514056214
2016-02-16,37050,38000,37050,37350,13867,0.00809716599190291
2016-02-17,37100,37700,36000,36100,25539,-0.03346720214190091
2016-02-18,36800,37600,36400,37500,24996,0.03878116343490312
2016-02-19,37900,37900,36750,37500,16148,0.0
2016-02-22,37100,37500,36950,37250,13764,-0.00666666666666671
2016-02-23,37250,37350,36550,37050,8694,-0.005369127516778538
2016-02-24,36900,37050,36400,36700,11240,-0.009446693657219951
2016-02-25,36650,37450,36400,37050,12997,0.0095367847411445
2016-02-26,36850,37350,36500,36750,24654,-0.0080971659919028
2016-02-29,36750,37800,36600,36800,22856,0.0013605442176871652
2016-03-02,36900,37500,36800,37050,25507,0.006793478260869623
2016-03-03,37300,39150,36950,38950,46078,0.05128205128205132
2016-03-04,38800,39850,38650,39600,35620,0.016688061617458283
2016-03-07,39600,41250,39600,41100,43020,0.037878787878787845
2016-03-08,41000,42000,40300,41950,33700,0.020681265206812682
2016-03-09,41750,43700,41450,43600,38289,0.03933253873659126
2016-03-10,43500,43500,41500,43400,37052,-0.004587155963302725
2016-03-11,42900,43300,42100,42850,14789,-0.012672811059907807
2016-03-14,42500,43250,41600,42900,21717,0.001166861143523823
2016-03-15,42900,43450,42500,42600,10785,-0.006993006993006978
2016-03-16,42600,43550,42600,43450,16578,0.0199530516431925
2016-03-17,44000,44000,42800,43450,11668,0.0
2016-03-18,42800,43350,42200,42750,16868,-0.016110471806674354
2016-03-21,42350,42700,41150,41150,27793,-0.037426900584795364
2016-03-22,43300,43300,41100,41150,18517,0.0
2016-03-23,41150,42450,41100,42200,17837,0.025516403402187082
2016-03-24,41500,42150,41400,41600,8532,-0.014218009478673022
2016-03-25,41600,43050,41600,42800,14152,0.028846153846153744
2016-03-28,42200,43350,41750,43050,17161,0.005841121495327117
2016-03-29,43050,43700,42550,42850,18079,-0.004645760743321681
2016-03-30,42550,44300,42300,44050,24305,0.028004667444574194
2016-03-31,44050,46150,43400,45950,47358,0.04313280363223604
2016-04-01,45950,46250,45350,45400,21507,-0.01196953210010876
2016-04-04,44900,45050,43700,44050,27125,-0.029735682819383213
2016-04-05,43350,45250,42100,44450,51674,0.009080590238365494
2016-04-06,43700,45250,43600,44250,23793,-0.004499437570303688
2016-04-07,43950,46950,43450,45550,39571,0.029378531073446235
2016-04-08,44700,47800,44300,47500,60740,0.04281009879253572
2016-04-11,46750,47400,45550,45950,19556,-0.032631578947368456
2016-04-12,45000,47700,44700,47100,34425,0.02502720348204579
2016-04-14,46250,47100,46050,46450,17789,-0.013800424628450103
2016-04-15,45850,47650,45850,47450,17049,0.02152852529601712
2016-04-18,46600,48000,46000,47350,25143,-0.0021074815595363283
2016-04-19,47200,48000,46500,46550,15066,-0.0168954593453009
2016-04-20,46500,47050,46050,46050,16442,-0.01074113856068748
2016-04-21,45950,46000,43400,45300,42423,-0.016286644951140072
2016-04-22,44300,45100,43950,44200,29744,-0.02428256070640178
2016-04-25,44000,44650,43500,43550,18814,-0.014705882352941124
2016-04-26,43500,45900,43450,45100,32888,0.03559127439724463
2016-04-27,44550,45250,44000,44650,14414,-0.009977827050997812
2016-04-28,44650,46000,44250,45700,20757,0.023516237402015694
2016-04-29,45050,46100,44750,45950,15501,0.00547045951859948
2016-05-02,45150,46000,44300,45750,16430,-0.0043525571273123065
2016-05-03,45750,46500,45300,45600,11356,-0.003278688524590123
2016-05-04,45050,46500,44650,46000,18147,0.00877192982456143
2016-05-09,46400,46600,45200,45650,8041,-0.007608695652173925
2016-05-10,45700,46750,45150,46450,16281,0.017524644030668224
2016-05-11,46550,47950,45850,47600,20321,0.02475780409041972
2016-05-12,47150,48400,47050,47950,12763,0.007352941176470562
2016-05-13,48000,48700,47500,47600,10583,-0.007299270072992692
2016-05-16,47500,47950,47200,47600,14960,0.0
2016-05-17,47200,48300,47150,48150,16305,0.011554621848739455
2016-05-18,48350,48400,46150,46150,18928,-0.041536863966770476
2016-05-19,46050,47400,45250,46700,17747,0.011917659804983716
2016-05-20,46700,47450,46200,47200,11119,0.010706638115631772
2016-05-23,47350,48750,46650,48250,22926,0.022245762711864403
2016-05-24,48000,49000,47850,48300,11898,0.0010362694300518616
2016-05-25,48950,48950,48000,48250,11252,-0.0010351966873706209
2016-05-26,48000,49100,47600,48150,18038,-0.002072538860103612
2016-05-27,48500,48950,47950,48500,12730,0.007268951194184803
2016-05-30,47650,48400,46900,47600,11501,-0.01855670103092788
2016-05-31,48500,49050,47350,48650,13290,0.022058823529411686
2016-06-01,47900,49150,47550,48950,18084,0.006166495375128367
2016-06-02,48350,49300,48050,48600,11348,-0.007150153217568955
2016-06-03,49200,50500,48500,49600,36979,0.020576131687242816
2016-06-07,49650,50300,49150,50000,16282,0.008064516129032251
2016-06-08,49100,49500,48500,49150,18316,-0.017000000000000015
2016-06-09,48800,50300,48400,48400,26753,-0.015259409969481164
2016-06-10,48450,50000,48450,49450,12850,0.02169421487603307
2016-06-13,49450,49900,48400,48650,12599,-0.016177957532861442
2016-06-14,47950,48650,46850,47750,12238,-0.018499486125385434
2016-06-15,47250,48700,46400,46950,10663,-0.01675392670157072
2016-06-16,47850,48000,44400,45250,23246,-0.03620873269435565
2016-06-17,46000,46000,44900,45600,10015,0.007734806629834168
2016-06-20,47450,47450,45650,46100,7831,0.010964912280701844
2016-06-21,45700,46500,44700,45050,9743,-0.022776572668112838
2016-06-22,45050,45750,44900,45750,4620,0.015538290788013276
2016-06-23,45150,45750,44500,45250,15212,-0.010928961748633892
2016-06-24,44850,45850,42500,43200,22696,-0.045303867403314935
2016-06-27,41100,43850,41100,43100,13285,-0.0023148148148147696
2016-06-28,42200,45500,42200,44900,11664,0.0417633410672853
2016-06-29,44200,45950,44200,45500,13212,0.013363028953229383
2016-06-30,45050,45900,44900,45300,8888,-0.00439560439560438
2016-07-01,44850,46200,44850,45800,7929,0.011037527593819041
2016-07-04,45200,46000,45200,45500,7327,-0.0065502183406113135
2016-07-05,45050,46150,45050,46000,6280,0.01098901098901095
2016-07-06,46300,46300,44700,45450,4808,-0.011956521739130421
2016-07-07,45250,46050,45000,45250,4757,-0.004400440044004417
2016-07-08,45050,45950,44150,45350,13548,0.0022099447513812542
2016-07-11,45400,45650,45000,45350,4583,0.0
2016-07-12,44900,45350,44600,44600,3467,-0.016538037486218293
2016-07-13,44300,44750,43850,43850,12991,-0.01681614349775784
2016-07-14,43900,44700,42800,42850,27500,-0.022805017103762815
2016-07-15,43100,43350,42800,42800,15831,-0.001166861143523934
2016-07-18,42800,43900,42800,43150,5834,0.008177570093457875
2016-07-19,43000,43100,41000,42100,39890,-0.024333719582850466
2016-07-20,42100,42700,41600,42500,7876,0.009501187648456089
2016-07-21,42500,43150,41550,42100,15032,-0.009411764705882342
2016-07-22,41700,43350,41650,42900,9758,0.019002375296912177
2016-07-25,42650,43200,41200,41350,33004,-0.036130536130536184
2016-07-26,41350,42350,41350,42100,13173,0.018137847642079707
2016-07-27,41900,42450,41150,41700,22298,-0.009501187648456089
2016-07-28,42000,42450,41400,42400,12309,0.01678657074340517
2016-07-29,42400,42550,41500,41950,25734,-0.010613207547169767
2016-08-01,41650,42300,41200,41500,24549,-0.010727056019070313
2016-08-02,41300,41950,40650,41400,21155,-0.002409638554216831
2016-08-03,40750,41500,40550,41000,15878,-0.009661835748792313
2016-08-04,41600,41600,40500,40800,13367,-0.004878048780487809
2016-08-05,40800,41150,40300,40400,15089,-0.009803921568627416
2016-08-08,40450,41000,40050,40300,8671,-0.0024752475247524774
2016-08-09,40700,41500,40200,41300,14402,0.02481389578163773
2016-08-10,41000,41350,41000,41250,11191,-0.001210653753026647
2016-08-11,41550,41950,41200,41900,17657,0.01575757575757586
2016-08-12,41900,42700,41900,42450,17975,0.013126491646778149
2016-08-16,42650,43350,41800,43250,18925,0.018845700824499323
2016-08-17,43300,43300,41450,41600,23107,-0.03815028901734108
2016-08-18,41350,41800,40650,40700,16200,-0.02163461538461542
2016-08-19,40700,41750,39950,39950,23795,-0.01842751842751844
2016-08-22,39800,39800,38550,39050,37086,-0.02252816020025028
2016-08-23,39050,39650,38600,39000,17454,-0.001280409731113985
2016-08-24,39000,41650,38750,40550,34306,0.039743589743589824
2016-08-25,41300,41500,40600,41350,18600,0.019728729963008673
2016-08-26,41850,42500,41250,42150,28179,0.0193470374848852
2016-08-29,42150,42700,41150,41700,15222,-0.010676156583629859
2016-08-30,41500,42300,40200,40800,18451,-0.021582733812949617
2016-08-31,41700,41700,39500,40050,20729,-0.018382352941176516
2016-09-01,40050,40200,39550,40050,14169,0.0
2016-09-02,39850,40250,39600,39900,18390,-0.0037453183520599342
2016-09-05,39950,41200,39900,40100,21034,0.005012531328320913
2016-09-06,40650,40650,39600,39600,24770,-0.012468827930174564
2016-09-07,39600,39900,38200,38450,41906,-0.02904040404040409
2016-09-08,39100,39450,37700,38800,59110,0.00910273081924573
2016-09-09,38050,38700,37350,37800,35813,-0.02577319587628868
2016-09-12,37500,38800,37300,37900,24482,0.002645502645502562
2016-09-13,37600,38500,37250,38100,27457,0.005277044854881341
2016-09-19,37850,38350,37450,38000,16566,-0.002624671916010457
2016-09-20,37950,38750,37550,38050,23874,0.001315789473684159
2016-09-21,37800,38600,37800,38250,14066,0.005256241787122251
2016-09-22,38750,40400,38450,40150,41116,0.04967320261437913
2016-09-23,41100,41200,39800,41200,29747,0.026151930261519407
2016-09-26,41200,41200,40200,40600,18033,-0.014563106796116498
2016-09-27,40550,41000,39850,40700,22294,0.0024630541871921707
2016-09-28,40700,41000,40050,40500,15899,-0.004914004914004955
2016-09-29,40300,40850,40100,40350,18899,-0.0037037037037036535
2016-09-30,39850,40650,39150,39500,25262,-0.02106567534076831
2016-10-04,39200,40350,39000,39550,15971,0.0012658227848101333
2016-10-05,39550,40150,39050,39700,17419,0.0037926675094817064
2016-10-06,39700,39700,38300,38550,33860,-0.028967254408060472
2016-10-07,38150,38800,38100,38250,28674,-0.0077821011673151474
2016-10-10,38300,39350,38100,38250,21984,0.0
2016-10-11,38900,38900,38100,38650,27306,0.010457516339869244
2016-10-12,38650,38850,38050,38550,21152,-0.002587322121604174
2016-10-13,38250,38700,38150,38200,18625,-0.009079118028534339
2016-10-14,38450,44700,38200,41150,79953,0.07722513089005245
2016-10-17,41400,41400,39350,39800,33606,-0.03280680437424055
2016-10-18,40100,40100,39050,39700,24747,-0.002512562814070307
2016-10-19,39700,39700,38400,38500,30884,-0.030226700251889116
2016-10-20,38500,38850,37150,37600,42939,-0.023376623376623384
2016-10-21,37250,38050,37100,37700,30453,0.0026595744680850686
2016-10-24,38000,39700,37900,39000,43270,0.034482758620689724
2016-10-25,38600,39250,38400,38700,17039,-0.007692307692307665
2016-10-26,38100,38800,38100,38800,18770,0.0025839793281654533
2016-10-27,38750,39200,38600,38900,14926,0.002577319587628857
2016-10-28,38450,39950,38350,39650,28854,0.019280205655527016
2016-10-31,39100,39750,38600,39550,21333,-0.0025220680958385477
2016-11-01,39150,39550,38250,38550,21455,-0.025284450063211117
2016-11-02,38750,38750,37250,37450,44094,-0.02853437094682232
2016-11-03,37200,38350,36950,38150,28351,0.01869158878504673
2016-11-04,38300,38700,37500,38700,23354,0.014416775884665833
2016-11-07,38900,39000,37600,38000,26787,-0.018087855297157618
2016-11-08,38100,39250,37700,39000,30516,0.026315789473684292
2016-11-09,39000,40150,37500,39150,51972,0.0038461538461538325
2016-11-10,39650,41000,38800,40200,44552,0.026819923371647514
2016-11-11,40600,40600,39400,40200,18755,0.0
2016-11-14,40200,40800,39500,40150,19801,-0.0012437810945273853
2016-11-15,40400,40450,38300,38950,52955,-0.02988792029887921
2016-11-16,39000,39250,38150,39100,26692,0.0038510911424902705
2016-11-17,38950,40400,38950,40350,41629,0.03196930946291565
2016-11-18,39900,40450,39850,40200,22474,-0.0037174721189591198
2016-11-21,40300,40300,38400,38850,29630,-0.03358208955223885
2016-11-22,38350,38650,38100,38200,24140,-0.016731016731016735
2016-11-23,38200,38200,36650,36950,48379,-0.0327225130890052
2016-11-24,36500,37050,35600,36350,45423,-0.016238159675236785
2016-11-25,36600,37400,36250,36500,27161,0.004126547455295837
2016-11-28,36500,36850,36100,36350,16935,-0.004109589041095929
2016-11-29,36500,37150,36150,36900,18146,0.015130674002751032
2016-11-30,36500,37100,36300,36850,24126,-0.0013550135501354532
2016-12-01,36950,36950,36200,36500,12660,-0.009497964721845276
2016-12-02,36500,36700,36000,36250,13105,-0.006849315068493178
2016-12-05,36150,37000,35700,36500,11829,0.006896551724137945
2016-12-06,37100,37100,36500,36600,10856,0.00273972602739736
2016-12-07,36650,36800,35500,35850,24382,-0.020491803278688492
2016-12-08,35850,36550,35700,36500,15771,0.018131101813110284
2016-12-09,36050,36700,36050,36450,10382,-0.00136986301369868
2016-12-12,36450,37200,36450,37150,19878,0.019204389574760006
2016-12-13,37400,37400,36600,36950,22878,-0.0053835800807536804
2016-12-14,36900,37400,36550,37150,25556,0.005412719891745521
2016-12-15,36950,37400,36600,37150,15228,0.0
2016-12-16,36800,37150,36450,37000,38262,-0.004037685060565233
2016-12-19,36650,37350,36650,37300,13952,0.008108108108108025
2016-12-20,37150,37700,37100,37600,12475,0.008042895442359255
2016-12-21,37350,37700,36700,36900,16250,-0.018617021276595702
2016-12-22,36750,37050,36700,37050,11701,0.004065040650406582
2016-12-23,36750,37300,36750,36950,7417,-0.0026990553306343035
2016-12-26,36750,37400,36450,36950,12586,0.0
2016-12-27,36850,37250,36350,37000,12060,0.0013531799729364913
2016-12-28,36600,37100,36550,37050,14595,0.0013513513513514486
2016-12-29,37100,37300,36750,37150,11492,0.0026990553306343035
2017-01-02,37000,37300,36600,36650,8884,-0.013458950201884257
2017-01-03,36650,36800,36350,36500,11370,-0.004092769440654842
2017-01-04,36500,36800,36200,36550,11708,0.00136986301369868
2017-01-05,36300,37200,36300,37100,8855,0.015047879616963078
2017-01-06,37050,37400,36800,37000,16340,-0.0026954177897574594
2017-01-09,37000,37100,36550,36600,10354,-0.010810810810810811
2017-01-10,36200,36900,36200,36550,15069,-0.001366120218579181
2017-01-11,36250,36400,36000,36150,14428,-0.01094391244870041
2017-01-12,36200,36550,36100,36500,7800,0.009681881051175623
2017-01-13,36550,36700,35800,36650,17491,0.004109589041095818
2017-01-16,36650,36850,36050,36350,10909,-0.008185538881309684
2017-01-17,36500,36800,36150,36250,12614,-0.0027510316368638543
2017-01-18,36350,36500,36050,36450,13877,0.0055172413793103114
2017-01-19,36350,36400,36100,36150,5612,-0.008230452674897082
2017-01-20,36050,36250,35850,36000,12029,-0.004149377593360981
2017-01-23,35850,36000,35000,35650,20745,-0.009722222222222188
2017-01-24,35500,35900,35450,35650,7606,0.0
2017-01-25,35850,35900,35050,35100,18725,-0.015427769985974726
2017-01-26,35450,35450,34750,35100,13579,0.0
2017-01-31,35500,35500,34750,35450,7333,0.009971509971509862
2017-02-01,35700,35700,34900,35500,9004,0.0014104372355430161
2017-02-02,35000,35800,35000,35500,11030,0.0
2017-02-03,35500,36550,35250,36200,16885,0.019718309859154903
2017-02-06,36450,37150,36000,37100,24663,0.024861878453038777
2017-02-07,37350,37350,36400,36900,13219,-0.005390835579514808
2017-02-08,36600,37050,36000,36150,8536,-0.020325203252032575
2017-02-09,36200,36550,35600,36300,9428,0.004149377593360981
2017-02-10,36300,36600,36000,36150,7074,-0.004132231404958664
2017-02-13,36300,36750,35900,36000,5214,-0.004149377593360981
2017-02-14,36300,36350,35850,36350,5502,0.009722222222222188
2017-02-15,36050,37050,36050,37000,14212,0.017881705639614776
2017-02-16,37100,37150,36500,36850,14513,-0.004054054054054013
2017-02-17,36900,37100,36700,36900,5775,0.0013568521031208647
2017-02-20,36900,37400,36700,37300,15398,0.01084010840108407
2017-02-21,37250,37250,36250,36250,28487,-0.02815013404825739
2017-02-22,36300,36350,36050,36100,9499,-0.004137931034482789
2017-02-23,36400,36400,35700,36150,12554,0.0013850415512466352
2017-02-24,35800,36450,35800,36400,4640,0.006915629322268302
2017-02-27,36400,37000,36000,36400,4954,0.0
2017-02-28,36550,36550,35800,35900,10122,-0.013736263736263687
2017-03-02,35850,36300,35400,35400,14325,-0.013927576601671321
2017-03-03,35500,35500,34950,35100,9875,-0.008474576271186418
2017-03-06,34900,35250,34550,34600,10835,-0.014245014245014231
2017-03-07,34850,34850,34150,34400,9519,-0.005780346820809301
2017-03-08,34400,34500,34000,34050,14141,-0.01017441860465118
2017-03-09,34000,34550,33850,34550,13988,0.014684287812041008
2017-03-10,34300,34650,34000,34600,11660,0.0014471780028944004
2017-03-13,34600,34750,34200,34300,5761,-0.00867052023121384
2017-03-14,34200,34450,33850,33950,17125,-0.010204081632653073
2017-03-15,33950,34200,33450,34000,14067,0.0014727540500736325
2017-03-16,33950,34150,33500,33600,15923,-0.0117647058823529
2017-03-17,33850,33900,33500,33800,6254,0.005952380952380931
2017-03-20,34000,34150,33500,33950,6314,0.004437869822485174
2017-03-21,34000,34000,33400,33400,12259,-0.016200294550810068
2017-03-22,33750,33750,32450,32600,27913,-0.0239520958083832
2017-03-23,32600,33750,32500,33550,73691,0.02914110429447847
2017-03-24,33300,35350,33300,35100,34905,0.046199701937406745
2017-03-27,35100,37200,35100,37100,49854,0.056980056980056926
2017-03-28,37450,38000,36100,37650,45473,0.014824797843665749
2017-03-29,37650,38200,37500,37850,33902,0.005312084993359889
2017-03-30,38100,38100,36300,36500,28617,-0.03566710700132103
2017-03-31,36950,36950,36200,36900,17224,0.010958904109588996
2017-04-03,37400,37400,35850,36650,18363,-0.006775067750677488
2017-04-04,37000,37000,36200,36550,13381,-0.0027285129604365244
2017-04-05,36300,37150,36300,36500,18985,-0.001367989056087593
2017-04-06,36350,37850,36250,37600,25610,0.03013698630136985
2017-04-07,37650,37950,36650,37450,21080,-0.003989361702127714
2017-04-10,36900,38150,36900,37800,37232,0.009345794392523255
2017-04-11,37100,38250,37000,37850,22928,0.001322751322751392
2017-04-12,37800,38250,36800,37750,19585,-0.0026420079260237594
2017-04-13,38100,39950,37450,39950,51669,0.05827814569536427
2017-04-14,40050,40850,39100,39550,23611,-0.010012515644555742
2017-04-17,39500,40850,39100,40800,28182,0.031605562579013924
2017-04-18,41000,41000,39500,39800,22560,-0.02450980392156865
2017-04-19,39600,39650,38500,39450,17099,-0.008793969849246186
2017-04-20,38850,39750,38850,39500,27363,0.0012674271229404788
2017-04-21,39200,39950,38500,38650,23109,-0.021518987341772156
2017-04-24,38450,38550,36800,37500,32344,-0.02975420439844756
2017-04-25,37500,37550,36900,37100,22880,-0.010666666666666713
2017-04-26,37250,37800,37100,37100,13338,0.0
2017-04-27,37500,37900,36950,37550,15105,0.0121293800539084
2017-04-28,37100,37600,37050,37350,12343,-0.005326231691078598
2017-05-02,37000,37750,36800,36800,15742,-0.014725568942436373
2017-05-04,36450,37150,36450,36550,13559,-0.006793478260869512
2017-05-08,36500,39900,36500,39300,48431,0.07523939808481539
2017-05-10,39450,40000,38250,38300,34834,-0.025445292620865145
2017-05-11,39400,39400,37900,38600,26177,0.007832898172323688
2017-05-12,38150,38850,37950,38350,10199,-0.006476683937823857
2017-05-15,38850,38850,37050,37250,22860,-0.028683181225554133
2017-05-16,37400,37500,36050,36050,32796,-0.03221476510067112
2017-05-17,36050,36450,35250,35600,37415,-0.012482662968099856
2017-05-18,35450,35500,33950,34350,89874,-0.0351123595505618
2017-05-19,34600,35350,34150,34500,36132,0.004366812227074135
2017-05-22,35100,35100,33750,33900,44226,-0.017391304347826098
2017-05-23,34150,35100,33600,34850,46001,0.028023598820059004
2017-05-24,34850,35150,34400,34950,49191,0.0028694404591105283
2017-05-25,35050,35750,34750,35700,33880,0.02145922746781115
2017-05-26,35450,35750,35250,35700,29465,0.0
2017-05-29,35750,35750,34950,35000,29391,-0.019607843137254943
2017-05-30,35450,35450,34600,35200,28330,0.005714285714285783
2017-05-31,35050,35650,34900,35100,29819,-0.0028409090909090606
2017-06-01,35150,36200,35150,35450,27325,0.009971509971509862
2017-06-02,35450,36050,35250,35800,25458,0.009873060648801113
2017-06-05,35900,36150,35450,35800,25318,0.0
2017-06-07,35800,37700,35800,37150,81710,0.0377094972067038
2017-06-08,37250,38300,36000,37750,227596,0.016150740242261152
2017-06-09,37700,39500,36850,39400,93378,0.04370860927152309
2017-06-12,39300,39550,38550,38950,35993,-0.011421319796954266
2017-06-13,39050,39650,39000,39350,32803,0.010269576379974277
2017-06-14,39700,39700,38500,38650,30576,-0.017789072426937724
2017-06-15,38700,39150,38000,38050,19311,-0.015523932729624823
2017-06-16,39050,39050,37400,37450,24230,-0.015768725361366642
2017-06-19,37400,37850,36500,36650,37221,-0.021361815754339153
2017-06-20,36700,37300,36150,36550,33266,-0.0027285129604365244
2017-06-21,36350,36850,36200,36400,24175,-0.004103967168262668
2017-06-22,36750,36750,35600,35800,31290,-0.016483516483516536
2017-06-23,35800,36400,35550,35800,25026,0.0
2017-06-26,35800,35900,35400,35700,19016,-0.0027932960893854997
2017-06-27,35950,36300,35500,35800,24833,0.0028011204481792618
2017-06-28,35900,35900,35400,35650,21255,-0.0041899441340782495
2017-06-29,35650,35850,35350,35400,30434,-0.007012622720897643
2017-06-30,35600,35750,35050,35400,22660,0.0
2017-07-03,35700,35700,34650,34700,24283,-0.019774011299435013
2017-07-04,35000,35000,34100,34300,37120,-0.011527377521613813
2017-07-05,34000,35800,34000,35500,28878,0.03498542274052485
2017-07-06,35500,35700,34950,35500,8636,0.0
2017-07-07,35500,35500,34400,34500,29623,-0.028169014084507005
2017-07-10,35250,35500,34400,35350,20184,0.02463768115942022
2017-07-11,35150,35400,35000,35200,10226,-0.004243281471004279
2017-07-12,35200,35450,34350,34400,16409,-0.022727272727272707
2017-07-13,34400,34650,34150,34550,21174,0.0043604651162789665
2017-07-14,34700,34800,34350,34450,16732,-0.0028943560057886897
2017-07-17,34800,34950,34200,34650,19312,0.005805515239477588
2017-07-18,34400,34850,34250,34550,25717,-0.0028860028860029363
2017-07-19,34450,34900,34450,34700,22830,0.004341534008682979
2017-07-20,35000,35400,34750,35400,21467,0.020172910662824117
2017-07-21,35350,35350,34750,35000,26336,-0.011299435028248594
2017-07-24,35150,35200,34600,35050,25236,0.0014285714285713347
2017-07-25,35050,35150,34650,34900,21365,-0.004279600570613384
2017-07-26,34950,36900,34700,35000,131937,0.002865329512893977
2017-07-27,35300,35300,34600,34600,46864,-0.011428571428571455
2017-07-28,34600,34650,33800,34200,71409,-0.011560693641618491
2017-07-31,34200,34950,34050,34800,24532,0.01754385964912286
2017-08-01,35000,36700,34700,36600,72961,0.051724137931034475
2017-08-02,36750,36900,36000,36550,31983,-0.001366120218579181
2017-08-03,36550,36550,35400,36100,41739,-0.012311901504788003
2017-08-04,36000,36400,35350,35700,29453,-0.011080332409972304
2017-08-07,35400,36900,35350,36250,57390,0.01540616246498594
2017-08-08,36050,36200,35150,35450,28407,-0.022068965517241357
2017-08-09,35050,35500,35000,35100,20032,-0.009873060648801113
2017-08-10,35550,35550,34550,34900,28834,-0.005698005698005715
2017-08-11,34900,34900,34000,34300,34182,-0.017191977077363862
2017-08-14,34050,34950,34000,34650,17484,0.010204081632652962
2017-08-16,35000,35450,34350,35250,45690,0.017316017316017396
2017-08-17,35350,35350,34750,35250,16959,0.0
2017-08-18,34700,35250,34700,35100,10232,-0.004255319148936176
2017-08-21,35100,35350,34650,34950,14223,-0.004273504273504258
2017-08-22,34950,35250,34700,35200,12192,0.007153075822603716
2017-08-23,35050,35200,34600,34650,21126,-0.015625
2017-08-24,34600,35050,34550,35050,17297,0.011544011544011523
2017-08-25,35100,35300,34750,35000,7918,-0.0014265335235378318
2017-08-28,35200,36000,34800,35900,28972,0.0257142857142858
2017-08-29,35850,35900,34800,35600,27165,-0.00835654596100277
2017-08-30,35600,36000,35300,35550,13264,-0.001404494382022503
2017-08-31,35300,35800,35100,35100,14982,-0.012658227848101222
2017-09-01,35200,36100,35200,36100,33944,0.028490028490028463
2017-09-04,35300,36450,35300,35900,35187,-0.005540166204986097
2017-09-05,35900,36450,35600,36350,21692,0.012534818941504211
2017-09-06,36350,36400,35200,35200,32724,-0.031636863823933936
2017-09-07,35200,35650,35200,35250,18439,0.0014204545454545858
2017-09-08,35250,35250,34200,34250,30755,-0.028368794326241176
2017-09-11,34300,34550,34000,34200,15810,-0.0014598540145985828
2017-09-12,34200,34500,34000,34100,22974,-0.0029239766081871066
2017-09-13,34150,34150,33350,33500,51555,-0.017595307917888547
2017-09-14,33450,34000,33200,33550,46713,0.0014925373134329067
2017-09-15,33700,33700,33250,33500,24281,-0.0014903129657227732
2017-09-18,33500,33650,33200,33300,22860,-0.005970149253731294
2017-09-19,33200,33650,33150,33400,15410,0.0030030030030030463
2017-09-20,33600,33600,33000,33100,19439,-0.008982035928143728
2017-09-21,33400,33400,32650,32900,16762,-0.0060422960725075026
2017-09-22,32900,33100,32300,32750,20981,-0.00455927051671734
2017-09-25,32450,32900,32300,32400,17127,-0.010687022900763399
2017-09-26,32700,32700,31950,32400,12497,0.0
2017-09-27,32400,32600,32050,32600,11664,0.006172839506172867
2017-09-28,32150,34050,32100,33600,43108,0.030674846625766916
2017-09-29,33600,33600,33200,33250,6044,-0.01041666666666663
2017-10-10,33300,33400,32850,33300,7053,0.0015037593984963404
2017-10-11,33300,33600,33100,33500,14037,0.006006006006006093
2017-10-12,33650,33650,33050,33500,8485,0.0
2017-10-13,33250,33600,33000,33050,19617,-0.013432835820895495
2017-10-16,33000,33300,32950,33200,8182,0.004538577912254205
2017-10-17,32650,33150,32600,32850,12789,-0.010542168674698815
2017-10-18,33000,33000,32400,32450,8600,-0.0121765601217656
2017-10-19,32300,32800,32250,32400,7515,-0.0015408320493066618
2017-10-20,32800,33450,32400,33400,9225,0.030864197530864113
2017-10-23,33400,33650,32700,33550,10993,0.004491017964071808
2017-10-24,33250,34350,33050,33800,7979,0.007451564828613977
2017-10-25,33500,34000,33350,33500,5072,-0.00887573964497046
2017-10-26,33500,33500,32800,32950,16647,-0.016417910447761197
2017-10-27,32850,33400,32850,33300,9902,0.01062215477996964
2017-10-30,33400,33650,33350,33550,10201,0.007507507507507505
2017-10-31,33550,33600,33150,33450,7389,-0.0029806259314456574
2017-11-01,33300,33550,33250,33400,9550,-0.001494768310911776
2017-11-02,33600,33600,32800,32950,11645,-0.013473053892215536
2017-11-03,33150,33850,32750,33750,18280,0.02427921092564489
2017-11-06,33300,34200,33300,34100,19094,0.010370370370370363
2017-11-07,33950,33950,33550,33900,8935,-0.0058651026392961825
2017-11-08,33900,34000,33450,33950,5445,0.001474926253687281
2017-11-09,34000,34850,33600,34700,27614,0.022091310751104487
2017-11-10,34700,34800,34200,34700,11676,0.0
2017-11-13,34550,35250,34350,35050,22863,0.01008645533141217
2017-11-14,34850,35300,33900,34800,28944,-0.007132667617689048
2017-11-15,34800,34800,33600,33700,46638,-0.031609195402298895
2017-11-16,33650,33750,33000,33550,15606,-0.004451038575667643
2017-11-17,33650,33800,33000,33750,23256,0.005961251862891315
2017-11-20,33750,33750,33150,33550,25615,-0.00592592592592589
2017-11-21,33550,33700,32950,33600,33581,0.0014903129657228842
2017-11-22,33650,34050,33200,33450,24244,-0.004464285714285698
2017-11-23,33300,33650,33050,33450,20383,0.0
2017-11-24,33700,33700,32650,33100,42533,-0.010463378176382654
2017-11-27,33050,33400,32250,32600,33641,-0.015105740181268867
2017-11-28,32300,32800,32300,32500,11607,-0.0030674846625766694
2017-11-29,32500,32600,32150,32250,13588,-0.007692307692307665
2017-11-30,32600,32600,31950,32250,13074,0.0
2017-12-01,32450,32650,31900,32650,15331,0.01240310077519391
2017-12-04,33000,33500,32550,33000,29774,0.010719754977029039
2017-12-05,33150,33250,32700,32900,17986,-0.00303030303030305
2017-12-06,32950,33150,32800,32900,22587,0.0
2017-12-07,32900,32900,32150,32750,39773,-0.00455927051671734
2017-12-08,32750,32800,32100,32450,33771,-0.009160305343511421
2017-12-11,32500,33100,32300,33000,34188,0.016949152542372836
2017-12-12,32450,33050,32450,33050,7783,0.0015151515151514694
2017-12-13,33050,33050,32400,32400,13660,-0.01966717095310133
2017-12-14,32650,32650,32200,32250,34460,-0.00462962962962965
2017-12-15,32200,32500,32100,32200,18321,-0.0015503875968991832
2017-12-18,32450,32600,32050,32600,20640,0.012422360248447228
2017-12-19,32600,32600,32150,32250,26189,-0.010736196319018454
2017-12-20,32150,32500,31750,32350,22468,0.0031007751937983663
2017-12-21,32100,32450,31900,31900,34804,-0.01391035548686248
2017-12-22,31900,32550,31800,32350,32568,0.014106583072100332
2017-12-26,32350,32350,31850,32000,35174,-0.010819165378670781
2017-12-27,32000,32550,31700,31950,18854,-0.0015625000000000222
2017-12-28,32500,32900,32000,32700,26398,0.023474178403755763
2018-01-02,32700,32700,32000,32150,22532,-0.016819571865443472
2018-01-03,32100,32250,31900,32100,14392,-0.0015552099533436836
2018-01-04,32400,32400,31650,31650,21606,-0.014018691588784993
2018-01-05,32100,32100,31650,32050,10488,0.012638230647709303
2018-01-08,32250,32250,31200,31450,29378,-0.018720748829953227
2018-01-09,31500,31500,30800,30800,19428,-0.020667726550079535
2018-01-10,30900,31250,30550,31000,17765,0.006493506493506551
2018-01-11,31050,32000,30750,32000,29590,0.032258064516129004
2018-01-12,32350,32350,31700,32000,20607,0.0
2018-01-15,31900,32200,31850,32000,18274,0.0
2018-01-16,31850,32200,31600,31900,21528,-0.0031250000000000444
2018-01-17,31900,32050,31550,31900,8513,0.0
2018-01-18,31800,32100,31700,31950,24646,0.0015673981191222097
2018-01-19,31950,33000,31850,32950,40393,0.031298904538341166
2018-01-22,33000,36550,33000,35450,204829,0.07587253414264028
2018-01-23,35650,36550,35450,35450,69510,0.0
2018-01-24,35450,35450,34600,35300,15494,-0.004231311706629048
2018-01-25,35300,35450,34700,34800,27839,-0.014164305949008527
2018-01-26,35100,35650,33800,34800,75844,0.0
2018-01-29,35200,36800,34600,36550,65437,0.050287356321839116
2018-01-30,36500,36700,35500,36450,31929,-0.002735978112175075
2018-01-31,35850,36150,34900,35800,24115,-0.017832647462277085
2018-02-01,35800,36050,35300,36000,12900,0.005586592178770999
2018-02-02,35850,36000,34100,35150,54306,-0.023611111111111138
2018-02-05,34950,35050,33900,34700,29992,-0.012802275960170695
2018-02-06,33700,34150,32550,33850,34799,-0.02449567723342938
2018-02-07,34150,34800,33750,34050,32845,0.005908419497784312
2018-02-08,34050,34200,33650,34200,18744,0.004405286343612369
2018-02-09,33650,33800,32850,33800,28730,-0.011695906432748537
2018-02-12,33900,34100,33250,34100,20407,0.008875739644970349
2018-02-13,34150,34200,32600,32900,25836,-0.035190615835777095
2018-02-14,32900,33000,32200,32400,23815,-0.015197568389057725
2018-02-19,32550,33400,32550,33400,15810,0.030864197530864113
2018-02-20,33200,34300,33000,34300,10557,0.026946107784431073
2018-02-21,34100,34100,32550,32700,43507,-0.04664723032069973
2018-02-22,32700,33000,32400,33000,15488,0.00917431192660545
2018-02-23,33000,33150,32450,32850,25749,-0.004545454545454519
2018-02-26,33300,33550,33000,33300,12992,0.013698630136986356
2018-02-27,33550,33550,32550,32850,13934,-0.013513513513513487
2018-02-28,32850,32900,32300,32900,10713,0.0015220700152207556
2018-03-02,32850,32850,31800,32500,18185,-0.012158054711246202
2018-03-05,32250,32400,31800,32400,12455,-0.003076923076923088
2018-03-06,32400,32550,32000,32550,7429,0.004629629629629539
2018-03-07,32550,32550,31450,31650,12103,-0.027649769585253448
2018-03-08,31700,31900,31000,31700,17643,0.0015797788309637184
2018-03-09,31450,31750,31200,31600,17071,-0.003154574132492094
2018-03-12,31750,32200,31300,32200,12111,0.018987341772152
2018-03-13,32250,32350,31100,31150,29361,-0.03260869565217395
2018-03-14,31300,31300,30750,31300,23012,0.0048154093097914075
2018-03-15,31200,31700,31000,31700,27460,0.012779552715654896
2018-03-16,31500,31800,31200,31800,17065,0.003154574132492094
2018-03-19,31800,31900,31400,31900,12961,0.003144654088050425
2018-03-20,31750,31850,31400,31800,20213,-0.0031347962382445305
2018-03-21,31900,31900,31100,31450,34429,-0.011006289308176154
2018-03-22,31200,31700,31150,31450,24868,0.0
2018-03-23,31200,31600,30950,31000,22008,-0.014308426073131986
2018-03-26,30800,31200,30750,31200,5676,0.006451612903225712
2018-03-27,31200,31900,30950,31800,26974,0.019230769230769162
2018-03-28,31550,32150,31500,32150,16246,0.011006289308176154
2018-03-29,32050,32250,31800,32200,7795,0.0015552099533437946
2018-03-30,32050,32650,31750,32600,15785,0.012422360248447228
2018-04-02,32600,32700,32300,32700,17801,0.0030674846625766694
2018-04-03,32700,32700,31850,32250,24928,-0.013761467889908285
2018-04-04,32050,32450,31850,32150,21396,-0.0031007751937984773
2018-04-05,32300,32450,31900,32350,20960,0.0062208398133747345
2018-04-06,32150,32450,31600,32400,29945,0.0015455950540959051
2018-04-09,32150,32500,31950,32100,18517,-0.0092592592592593
2018-04-10,31950,33300,31700,33200,27329,0.03426791277258556
2018-04-11,33450,33500,32950,33250,17358,0.001506024096385561
2018-04-12,33200,33400,33000,33150,8370,-0.003007518796992459
2018-04-13,33400,42800,33000,34950,501039,0.05429864253393668
2018-04-16,38100,39800,35400,35400,357107,0.012875536480686733
2018-04-17,35450,36600,34400,34950,117024,-0.012711864406779627
2018-04-18,35100,35250,34100,34250,63654,-0.02002861230329045
2018-04-19,34550,34550,32850,33700,78052,-0.016058394160583966
2018-04-20,33500,34350,33400,34000,32021,0.008902077151335286
2018-04-23,33750,34850,33300,34350,30922,0.010294117647058787
2018-04-24,34100,34800,33800,34600,21021,0.00727802037845704
2018-04-25,34600,34600,33650,34050,25478,-0.01589595375722541
2018-04-26,34000,34350,33750,34250,25156,0.005873715124816492
2018-04-27,34550,34550,33550,34300,25325,0.0014598540145984717
2018-04-30,33900,34450,33500,34050,28081,-0.007288629737609353
2018-05-02,33650,34000,33200,33600,15282,-0.013215859030836996
2018-05-03,33600,33950,33350,33750,11023,0.0044642857142858094
2018-05-04,33700,33900,33400,33650,11624,-0.002962962962962945
2018-05-08,33700,33750,32950,33200,20111,-0.013372956909361022
2018-05-09,33200,33550,32900,33300,27023,0.003012048192771122
2018-05-10,33600,33950,33050,33900,17533,0.018018018018018056
2018-05-11,34050,34150,33600,34050,16819,0.004424778761061843
2018-05-14,34050,34200,33750,34150,8839,0.002936857562408246
2018-05-15,34150,34300,33850,34200,19293,0.0014641288433381305
2018-05-16,34250,35850,33850,35300,70918,0.032163742690058506
2018-05-17,35800,36000,34900,35450,38727,0.004249291784702569
2018-05-18,35850,36400,35300,35850,51802,0.01128349788434413
2018-05-21,35750,35950,34950,35000,12523,-0.023709902370990243
2018-05-23,35000,35200,34250,34750,15540,-0.0071428571428571175
2018-05-24,34700,35050,34450,34800,9375,0.0014388489208632116
2018-05-25,34450,35100,34150,35100,18859,0.008620689655172376
2018-05-28,35150,35250,33950,34500,24400,-0.017094017094017144
2018-05-29,34150,34450,33700,34050,13299,-0.013043478260869601
2018-05-30,33750,33850,32700,33400,25805,-0.019089574155653488
2018-05-31,33650,33650,32750,32900,15620,-0.014970059880239472
2018-06-01,33200,33550,32850,33500,13351,0.01823708206686936
2018-06-04,33600,33600,32850,33350,14132,-0.004477611940298498
2018-06-05,33350,33350,32650,32650,18477,-0.020989505247376306
2018-06-07,32700,33200,32650,33050,13490,0.012251148545176171
2018-06-08,33000,35000,32700,34250,56050,0.036308623298033194
2018-06-11,34350,34500,33700,34200,19195,-0.0014598540145985828
2018-06-12,34100,34300,33500,34150,14954,-0.0014619883040936088
2018-06-14,33900,34150,33700,33700,7169,-0.013177159590043952
2018-06-15,33650,34750,33450,34650,27207,0.028189910979228516
2018-06-18,34700,34900,33550,34050,12872,-0.017316017316017285
2018-06-19,34250,34250,33000,33000,15976,-0.03083700440528636
2018-06-20,32850,33900,32800,33700,18300,0.021212121212121238
2018-06-21,33250,33900,33250,33750,13418,0.0014836795252226587
2018-06-22,33750,33800,33300,33700,5429,-0.001481481481481528
2018-06-25,33700,33750,32600,33000,18959,-0.020771513353115778
2018-06-26,32400,32900,32000,32500,14846,-0.015151515151515138
2018-06-27,32500,32750,32050,32250,13523,-0.007692307692307665
2018-06-28,32250,32400,31600,31650,13308,-0.018604651162790753
2018-06-29,31650,32400,31500,32200,13530,0.017377567140600236
2018-07-02,32200,32300,31150,31400,14276,-0.024844720496894457
2018-07-03,31200,31600,30300,30950,21637,-0.014331210191082855
2018-07-04,30550,31300,30550,31100,9941,0.004846526655896577
2018-07-05,31350,31350,30400,30900,10419,-0.006430868167202619
2018-07-06,30650,30950,30400,30800,10485,-0.003236245954692518
2018-07-09,30800,31200,30000,30700,21308,-0.0032467532467532756
2018-07-10,30450,30500,29700,30000,48520,-0.0228013029315961
2018-07-11,29900,30250,29750,30250,23159,0.008333333333333304
2018-07-12,30100,30400,29950,30150,14360,-0.0033057851239669533
2018-07-13,30050,30750,30000,30750,13372,0.01990049751243772
2018-07-16,30850,30850,30150,30200,12970,-0.01788617886178867
2018-07-17,30450,30900,29950,30650,15944,0.01490066225165565
2018-07-18,30550,30800,29950,30200,10922,-0.014681892332789603
2018-07-19,30300,30300,29800,29800,12239,-0.013245033112582738
2018-07-20,29650,30050,29600,30050,12238,0.008389261744966348
2018-07-23,29950,30050,29050,29150,13038,-0.029950083194675514
2018-07-24,29000,29500,28850,29000,22032,-0.005145797598627766
2018-07-25,29000,29300,28400,28800,13281,-0.006896551724137945
2018-07-26,28800,29200,28700,28800,10674,0.0
2018-07-27,28850,29200,28350,28500,12991,-0.01041666666666663
2018-07-30,28500,28700,28300,28550,6512,0.0017543859649122862
2018-07-31,28500,28800,28150,28800,11676,0.008756567425569184
2018-08-01,28900,28950,28450,28850,12065,0.0017361111111111605
2018-08-02,28950,28950,28400,28850,10683,0.0
2018-08-03,28750,28950,28450,28950,8344,0.0034662045060658286
2018-08-06,28950,29000,28600,29000,11100,0.0017271157167531026
2018-08-07,29000,29000,28450,28900,8171,-0.0034482758620689724
2018-08-08,28900,29150,28600,29150,10248,0.00865051903114189
2018-08-09,29100,29400,28750,29200,11177,0.0017152658662091813
2018-08-10,29300,29350,28900,29350,11018,0.005136986301369939
2018-08-13,29250,29300,28650,28900,9347,-0.015332197614991494
2018-08-14,29000,29700,29000,29650,15208,0.02595155709342567
2018-08-16,29400,29750,28700,29550,12336,-0.003372681281618939
2018-08-17,29200,30300,29200,30150,17359,0.020304568527918843
2018-08-20,30300,30450,29450,30100,10248,-0.0016583747927031434
2018-08-21,30000,30000,29450,29900,12789,-0.006644518272425293
2018-08-22,29600,29850,28500,29050,28226,-0.02842809364548493
2018-08-23,29050,29400,28300,29400,28502,0.012048192771084265
2018-08-24,29400,29700,28950,29600,11225,0.006802721088435382
2018-08-27,29600,29750,29050,29700,17442,0.0033783783783782884
2018-08-28,29700,29900,29500,29700,12992,0.0
2018-08-29,29400,30300,29400,30200,15239,0.01683501683501687
2018-08-30,30100,31050,30100,30800,27641,0.019867549668874274
2018-08-31,30850,30950,30450,30950,10955,0.004870129870129913
2018-09-03,30900,30950,30150,30700,17340,-0.008077544426494332
2018-09-04,30700,30750,30200,30750,7631,0.0016286644951140072
2018-09-05,30750,30800,30400,30550,7219,-0.006504065040650375
2018-09-06,30650,30650,30300,30600,7329,0.0016366612111293755
2018-09-07,30250,30800,30050,30700,10118,0.0032679738562091387
2018-09-10,30350,30750,30250,30650,4107,-0.0016286644951140072
2018-09-11,30750,30750,30250,30450,9595,-0.006525285481239762
2018-09-12,30500,31750,30300,31600,33795,0.03776683087027921
2018-09-13,31700,31700,30900,31600,28297,0.0
2018-09-14,31300,31650,31100,31550,9313,-0.0015822784810126667
2018-09-17,31200,31300,31000,31300,4819,-0.007923930269413626
2018-09-18,31200,31350,30650,30700,16279,-0.019169329073482455
2018-09-19,30700,31350,30650,31300,14104,0.019543973941368087
2018-09-20,31150,31600,30900,30950,18895,-0.011182108626198062
2018-09-21,31250,31250,30650,30700,11285,-0.008077544426494332
2018-09-27,30700,31900,30700,31400,25533,0.0228013029315961
2018-09-28,31700,31800,31200,31500,10276,0.0031847133757962887
2018-10-01,31300,31500,30750,31300,10289,-0.006349206349206327
2018-10-02,31000,31600,30650,31500,9868,0.006389776357827559
2018-10-04,31500,31800,30900,31800,13739,0.00952380952380949
2018-10-05,31100,31650,30850,31650,13969,-0.004716981132075526
2018-10-08,31350,31600,30900,31600,6390,-0.0015797788309637184
2018-10-10,31250,31550,30150,30250,9257,-0.04272151898734178
2018-10-11,28900,29950,28800,28800,35982,-0.04793388429752066
2018-10-12,27900,29900,27900,29850,20461,0.03645833333333326
2018-10-15,29850,29850,27850,28400,36081,-0.048576214405360085
2018-10-16,28400,28650,28000,28000,7618,-0.014084507042253502
2018-10-17,28400,28650,27600,27950,5935,-0.0017857142857142794
2018-10-18,27950,28300,27700,28150,3807,0.007155635062611854
2018-10-19,27700,28300,27550,28250,4498,0.003552397868561208
2018-10-22,28250,28250,27800,28200,9438,-0.001769911504424737
2018-10-23,27750,27850,27400,27750,7576,-0.015957446808510634
2018-10-24,27600,27600,27200,27400,6515,-0.012612612612612595
2018-10-25,26400,26950,26300,26750,18334,-0.02372262773722633
2018-10-26,26650,26900,25700,26900,18858,0.005607476635514086
2018-10-29,26700,26800,26050,26500,10642,-0.014869888475836479
2018-10-30,25800,26850,24250,26850,31409,0.013207547169811429
2018-10-31,26500,27300,25750,27300,19530,0.016759776536312776
2018-11-01,27250,27400,26050,26700,23275,-0.02197802197802201
2018-11-02,26500,27350,26500,27350,15525,0.02434456928838946
2018-11-05,27350,27450,26750,27400,13844,0.001828153564899404
2018-11-06,27500,27500,26950,27450,2703,0.0018248175182482562
2018-11-07,27450,27450,26050,26700,43292,-0.02732240437158473
2018-11-08,26800,26950,26000,26900,33304,0.0074906367041198685
2018-11-09,26500,26850,26050,26450,21371,-0.016728624535315983
2018-11-12,26200,26250,25400,25900,13135,-0.020793950850661602
2018-11-13,25250,25300,24800,25250,24110,-0.025096525096525046
2018-11-14,24500,24700,23450,23700,70732,-0.06138613861386144
2018-11-15,23850,23850,22500,22950,54654,-0.03164556962025311
2018-11-16,22900,23450,22850,23150,44279,0.008714596949890963
2018-11-19,23200,24050,23050,23900,35179,0.03239740820734349
2018-11-20,23550,23800,23300,23650,22404,-0.010460251046025104
2018-11-21,23500,23800,23200,23800,20004,0.00634249471458781
2018-11-22,23800,23900,23200,23600,22033,-0.008403361344537785
2018-11-23,23600,23600,23100,23200,15787,-0.016949152542372836
2018-11-26,23050,23650,23000,23600,16844,0.01724137931034475
2018-11-27,23500,24350,23450,24350,31958,0.03177966101694918
2018-11-28,24300,24350,24100,24300,15721,-0.002053388090349051
2018-11-29,24400,24400,24050,24050,13976,-0.010288065843621408
2018-11-30,23900,24350,23750,24250,15227,0.008316008316008316
2018-12-03,24200,24700,24200,24600,12083,0.014432989690721598
2018-12-04,24600,24600,24300,24500,8902,-0.004065040650406471
2018-12-05,24300,24600,23850,24600,10107,0.004081632653061273
2018-12-06,24250,24500,23950,24200,12679,-0.016260162601625994
2018-12-07,24250,24350,23850,24150,12221,-0.0020661157024793875
2018-12-10,23650,24150,23300,23550,9995,-0.024844720496894457
2018-12-11,23400,23700,23050,23350,13746,-0.00849256900212314
2018-12-12,23350,24300,23250,24300,12713,0.04068522483940051
2018-12-13,24200,24400,23800,24300,11781,0.0
2018-12-14,24400,24500,23750,24250,10939,-0.002057613168724326
2018-12-17,23850,24300,23700,24300,6684,0.0020618556701030855
2018-12-18,23850,24200,23700,24100,6886,-0.008230452674897082
2018-12-19,23750,24050,23500,23900,14416,-0.008298755186721962
2018-12-20,23800,24250,23200,23650,6930,-0.010460251046025104
2018-12-21,23450,23750,23300,23750,7647,0.0042283298097252064
2018-12-24,23400,23650,23250,23550,6757,-0.008421052631578996
2018-12-26,23150,23300,22800,23300,15711,-0.010615711252653925
2018-12-27,23100,23400,22950,23200,5787,-0.0042918454935622075
2018-12-28,23000,23450,23000,23400,6171,0.008620689655172376
2019-01-02,23450,23600,23000,23350,8409,-0.002136752136752129
2019-01-03,23300,23300,22950,23150,8030,-0.008565310492505307
2019-01-04,22850,23200,22550,23200,12463,0.002159827213822796
2019-01-07,22850,23350,22850,23150,7164,-0.0021551724137931494
2019-01-08,23050,23200,22800,23100,6958,-0.002159827213822907
2019-01-09,22850,23600,22850,23450,11102,0.015151515151515138
2019-01-10,23300,23550,23150,23450,12982,0.0
2019-01-11,23250,23650,23000,23500,15331,0.002132196162046851
2019-01-14,23600,24050,23450,23800,12124,0.012765957446808418
2019-01-15,23700,25000,23700,25000,41480,0.050420168067226934
2019-01-16,24900,25150,24650,25000,14162,0.0
2019-01-17,24700,25000,24500,24900,14644,-0.0040000000000000036
2019-01-18,24900,25650,24650,25550,13068,0.026104417670682833
2019-01-21,25550,25900,25200,25750,16219,0.007827788649706457
2019-01-22,25750,25800,24950,25150,8812,-0.023300970873786353
2019-01-23,24900,25150,24400,24600,20535,-0.021868787276341894
2019-01-24,24600,25400,24350,25400,20589,0.03252032520325199
2019-01-25,25400,25400,24900,25000,11888,-0.015748031496062964
2019-01-28,25100,25350,24650,24850,11536,-0.006000000000000005
2019-01-29,24600,24900,24400,24650,16555,-0.008048289738430636
2019-01-30,24550,24800,24250,24800,13542,0.006085192697768749
2019-01-31,24800,25550,24550,25550,13714,0.030241935483870996
2019-02-01,25650,25650,24650,24700,23335,-0.0332681017612525
2019-02-07,24800,24950,24550,24600,4952,-0.004048582995951455
2019-02-08,24600,24950,24350,24800,11516,0.008130081300812941
2019-02-11,24800,25000,24500,24950,10664,0.006048387096774244
2019-02-12,24750,24900,24400,24500,17200,-0.018036072144288595
2019-02-13,24600,25650,24500,25350,20049,0.03469387755102038
2019-02-14,25650,25650,24950,25050,14178,-0.011834319526627168
2019-02-15,25100,25700,24700,25600,21269,0.02195608782435121
2019-02-18,25650,26600,25600,26450,38752,0.033203125
2019-02-19,26550,26650,25950,26000,21508,-0.017013232514177745
2019-02-20,25950,26150,25750,26050,11709,0.0019230769230769162
2019-02-21,26050,26200,25500,25800,12794,-0.009596928982725572
2019-02-22,26000,26050,25500,25500,11137,-0.011627906976744207
2019-02-25,25800,25900,24850,25550,12431,0.0019607843137254832
2019-02-26,25750,25800,25100,25450,15664,-0.003913894324853229
2019-02-27,25450,25700,25000,25700,15278,0.00982318271119853
2019-02-28,25450,26100,25400,25550,18652,-0.005836575875486361
2019-03-04,25800,27150,25700,27000,30590,0.05675146771037176
2019-03-05,27100,27400,26650,27200,11653,0.007407407407407307
2019-03-06,27200,27250,26450,26600,10625,-0.022058823529411797
2019-03-07,26600,26950,26400,26800,10983,0.007518796992481258
2019-03-08,26800,26950,26250,26750,11992,-0.001865671641791078
2019-03-11,26750,26750,25400,25800,29548,-0.03551401869158877
2019-03-12,26050,26400,25800,26350,13126,0.02131782945736438
2019-03-13,26400,26550,25900,26500,5892,0.005692599620493288
2019-03-14,26200,26900,26050,26900,18958,0.015094339622641506
2019-03-15,26900,27400,26700,27350,16726,0.016728624535315983
2019-03-18,27150,27550,26950,27300,7181,-0.001828153564899404
2019-03-19,27200,27500,26800,27250,12324,-0.001831501831501825
2019-03-20,27200,27200,26800,26850,4517,-0.014678899082568808
2019-03-21,26850,27200,26650,26900,12359,0.0018621973929235924
2019-03-22,26850,27100,26400,26850,8470,-0.0018587360594795044
2019-03-25,26350,26900,26150,26900,6596,0.0018621973929235924
2019-03-26,26700,26850,26150,26150,14094,-0.027881040892193343
2019-03-27,26150,26500,25850,26000,14291,-0.005736137667303964
2019-03-28,25750,25800,25300,25600,31152,-0.01538461538461533
2019-03-29,25750,25900,25400,25700,16700,0.00390625
2019-04-01,25900,26000,25600,25850,9206,0.005836575875486361
2019-04-02,25850,25900,25450,25800,17709,-0.0019342359767892114
2019-04-03,25800,26150,25600,26150,12997,0.013565891472868241
2019-04-04,26150,31800,25600,26050,339272,-0.003824091778202643
2019-04-05,25900,27000,25800,26450,71191,0.015355086372360827
2019-04-08,26350,26900,26050,26450,37220,0.0
2019-04-09,26450,27100,26250,27000,34853,0.020793950850661602
2019-04-10,26750,27800,26750,27300,39591,0.011111111111111072
2019-04-11,27400,27600,27100,27550,27998,0.009157509157509125
2019-04-12,27550,27750,27100,27600,22274,0.001814882032667775
2019-04-15,27500,27900,26800,27250,32564,-0.0126811594202898
2019-04-16,27050,27650,26800,27350,26652,0.003669724770642091
2019-04-17,27500,27800,27100,27300,29522,-0.001828153564899404
2019-04-18,27200,27450,26800,27150,20582,-0.005494505494505475
2019-04-19,27150,27550,26900,27200,24673,0.0018416206261511192
2019-04-22,27400,27450,26900,27350,19909,0.005514705882353033
2019-04-23,27450,27450,26750,27200,26539,-0.005484460694698323
2019-04-24,27200,27300,26700,26900,30167,-0.011029411764705843
2019-04-25,26700,27050,26650,26650,10055,-0.009293680297397744
2019-04-26,26700,26900,26150,26250,20565,-0.015009380863039379
2019-04-29,26250,27150,26150,27000,11203,0.02857142857142847
2019-04-30,27000,27150,26550,27100,6374,0.0037037037037037646
2019-05-02,26850,27400,26750,26850,23244,-0.009225092250922495
2019-05-03,26850,27200,26800,27200,8204,0.013035381750465591
2019-05-07,27000,27250,26800,27100,7542,-0.003676470588235281
2019-05-08,27150,27150,26800,27100,6107,0.0
2019-05-09,27050,27200,26450,26850,22341,-0.009225092250922495
2019-05-10,26500,26900,26400,26850,12802,0.0
2019-05-13,26550,26900,26400,26550,5423,-0.011173184357541888
2019-05-14,26100,26850,26000,26800,17857,0.009416195856873921
2019-05-15,29050,31800,28600,30100,449455,0.12313432835820892
2019-05-16,30750,32500,30450,31000,151119,0.029900332225913706
2019-05-17,31500,33900,30900,33650,209522,0.0854838709677419
2019-05-20,32700,34300,32600,33100,94708,-0.01634472511144136
2019-05-21,33100,33900,32200,32850,48150,-0.007552870090634434
2019-05-22,33200,33900,32400,32950,40547,0.003044140030441511
2019-05-23,32950,33950,32150,33400,62445,0.01365705614567525
2019-05-24,33100,34050,32400,33200,55314,-0.005988023952095856
2019-05-27,32750,34150,31050,32600,64482,-0.01807228915662651
2019-05-28,32600,32800,31700,31700,44092,-0.027607361963190136
2019-05-29,31750,32500,30950,32500,36819,0.025236593059936974
2019-05-30,32050,32350,31300,31500,26573,-0.03076923076923077
2019-05-31,31500,32250,31300,31700,13100,0.006349206349206327
2019-06-03,31650,31700,30750,31550,15347,-0.004731861198738141
2019-06-04,31550,31550,30950,31450,25068,-0.0031695721077654726
2019-06-05,31700,33950,31550,33800,63444,0.07472178060413359
2019-06-07,33750,35250,33650,34950,78351,0.03402366863905315
2019-06-10,34950,35700,34250,35400,69261,0.012875536480686733
2019-06-11,35750,35800,34900,35250,18873,-0.004237288135593209
2019-06-12,34750,35300,33700,34450,39069,-0.02269503546099294
2019-06-13,34450,34800,33850,34300,20845,-0.004354136429608135
2019-06-14,35600,35950,33850,35650,73796,0.039358600583090375
2019-06-17,35750,36200,34000,35050,53148,-0.016830294530154277
2019-06-18,35300,35450,34350,35000,14308,-0.0014265335235378318
2019-06-19,35250,35850,34250,34900,23819,-0.0028571428571428914
2019-06-20,34900,35950,34850,35400,24181,0.014326647564469885
2019-06-21,35500,35750,33850,34000,18281,-0.039548022598870025
2019-06-24,34000,34950,33750,34800,26311,0.0235294117647058
2019-06-25,34800,34950,33800,34650,25521,-0.004310344827586188
2019-06-26,34700,34950,33950,34950,11592,0.008658008658008587
2019-06-27,35000,35000,33050,33750,54130,-0.03433476394849788
2019-06-28,33150,34800,33100,33900,28853,0.004444444444444473
2019-07-01,33750,34850,33500,34250,19510,0.010324483775811188
2019-07-02,34300,34750,34150,34250,11808,0.0
2019-07-03,34100,34100,33000,33050,12262,-0.03503649635036499
2019-07-04,33350,33900,32400,33750,17999,0.021180030257186067
2019-07-05,33300,34300,33100,33800,18097,0.001481481481481417
2019-07-08,33300,33300,31750,32100,20292,-0.050295857988165715
2019-07-09,31750,32750,31650,32100,10068,0.0
2019-07-10,31700,32800,31600,32550,14713,0.014018691588784993
2019-07-11,32250,33350,31700,33300,20877,0.02304147465437789
2019-07-12,33550,33550,32000,33500,21578,0.006006006006006093
2019-07-15,33600,33600,32200,32450,9928,-0.0313432835820896
2019-07-16,32150,32950,32000,32400,19625,-0.0015408320493066618
2019-07-17,32100,32200,31300,32100,10690,-0.0092592592592593
2019-07-18,31600,32750,31400,32150,12536,0.0015576323987538387
2019-07-19,31650,32300,31500,32000,10287,-0.004665629860031051
2019-07-22,31500,32100,31000,31250,27634,-0.0234375
2019-07-23,31600,31600,31000,31100,7732,-0.0048000000000000265
2019-07-24,30800,31550,30750,31450,9679,0.0112540192926045
2019-07-25,30950,31200,30000,31150,14392,-0.009538950715421324
2019-07-26,31150,31300,30450,31200,9069,0.0016051364365972098
2019-07-29,31200,31350,30200,30600,12437,-0.019230769230769273
2019-07-30,30400,32100,30200,31850,12848,0.040849673202614456
2019-07-31,31800,32050,30650,31900,9501,0.0015698587127157548
2019-08-01,31050,31850,31000,31300,8438,-0.018808777429467072
2019-08-02,30600,31050,30300,30550,11087,-0.02396166134185307
2019-08-05,30550,30550,29100,29900,23100,-0.021276595744680882
2019-08-06,28750,30600,28100,29750,19263,-0.0050167224080267525
2019-08-07,29750,30400,28600,30100,35657,0.0117647058823529
2019-08-08,29800,30600,29650,30600,15588,0.01661129568106312
2019-08-09,30600,31200,30250,30850,6358,0.008169934640522847
2019-08-12,31050,31050,30000,30000,14593,-0.027552674230145846
2019-08-13,30000,32600,29800,32000,53046,0.06666666666666665
2019-08-14,32700,32850,31450,31600,44128,-0.012499999999999956
2019-08-16,31450,31550,30400,30750,31270,-0.026898734177215222
2019-08-19,30950,32000,30750,31700,24169,0.030894308943089532
2019-08-20,31300,33150,31300,32850,58124,0.0362776025236593
2019-08-21,32850,32900,32100,32650,16515,-0.0060882800608828
2019-08-22,32550,32550,31100,31800,29800,-0.026033690658499253
2019-08-23,31500,31550,31050,31200,12888,-0.018867924528301883
2019-08-26,30800,31250,30050,30650,12830,-0.017628205128205177
2019-08-27,30650,31200,30450,30850,13128,0.006525285481239873
2019-08-28,30850,30850,30100,30700,9757,-0.004862236628849326
2019-08-29,30750,31000,30600,30950,10089,0.008143322475570036
2019-08-30,31050,31400,30750,30850,11631,-0.003231017770597755
2019-09-02,30850,31100,29950,30850,13116,0.0
2019-09-03,30550,31900,30500,31400,7907,0.017828200972447306
2019-09-04,30900,31900,30750,31500,15147,0.0031847133757962887
2019-09-05,31400,31750,31100,31500,7643,0.0
2019-09-06,31700,31900,30800,31450,9683,-0.0015873015873015817
2019-09-09,31000,32500,31000,32250,24233,0.025437201907790197
2019-09-10,32050,32500,31600,31850,26887,-0.012403100775193798
2019-09-11,31750,32550,31550,32100,17407,0.007849293563579218
2019-09-16,32450,32450,31500,31550,9195,-0.01713395638629278
2019-09-17,31500,31950,31250,31500,11022,-0.0015847860538826808
2019-09-18,32100,32450,31550,32100,10165,0.01904761904761898
2019-09-19,32100,32400,31300,32400,21070,0.009345794392523255
2019-09-20,32000,32650,31850,32600,12403,0.006172839506172867
2019-09-23,32600,32600,31950,32400,106432,-0.006134969325153339
2019-09-24,32150,33100,32150,32550,12467,0.004629629629629539
2019-09-25,32550,32600,31750,31750,8741,-0.02457757296466978
2019-09-26,31600,32300,31400,32000,19829,0.007874015748031482
2019-09-27,31700,32500,31700,32050,17005,0.0015624999999999112
2019-09-30,32300,32300,31750,32100,14845,0.0015600624024960652
2019-10-01,32250,32900,31600,32900,20435,0.024922118380062308
2019-10-02,32900,32900,32250,32700,7627,-0.006079027355623046
2019-10-04,32850,32850,32200,32500,5621,-0.006116207951070374
2019-10-07,32500,32550,31850,32300,7799,-0.006153846153846176
2019-10-08,32000,32900,31750,32250,16709,-0.001547987616099089
2019-10-10,32100,32600,31650,32600,7620,0.010852713178294504
2019-10-11,32450,33250,32100,32100,20744,-0.015337423312883458
2019-10-14,32200,33150,32150,32500,16138,0.012461059190031154
2019-10-15,32300,33300,32300,33300,17203,0.024615384615384706
2019-10-16,33300,33400,32700,33400,21797,0.0030030030030030463
2019-10-17,33400,33600,32950,33450,16076,0.0014970059880239361
2019-10-18,33450,33700,32950,33700,15494,0.007473841554558991
2019-10-21,33850,33850,33400,33800,12901,0.0029673590504450953
2019-10-22,33550,33950,33350,33400,13937,-0.011834319526627168
2019-10-23,33400,33650,32850,33050,14283,-0.010479041916167664
2019-10-24,33450,34000,33100,34000,16964,0.02874432677760974
2019-10-25,34000,34400,33200,33800,27583,-0.00588235294117645
2019-10-28,33350,33700,32600,33150,24502,-0.019230769230769273
2019-10-29,33250,33600,32850,33050,10706,-0.003016591251885359
2019-10-30,32950,33400,32950,33100,16380,0.001512859304084735
2019-10-31,33450,33950,33000,33100,10244,0.0
2019-11-01,33100,33600,33000,33350,4541,0.007552870090634434
2019-11-04,33700,33700,33100,33400,7340,0.0014992503748125774
2019-11-05,33750,33750,33200,33450,6220,0.0014970059880239361
2019-11-06,33750,33750,33200,33400,13704,-0.001494768310911776
2019-11-07,33400,33650,33100,33300,21873,-0.0029940119760478723
2019-11-08,33250,33550,33050,33300,13322,0.0
2019-11-11,33050,33300,32950,33050,11822,-0.007507507507507505
2019-11-12,33050,33250,32800,33100,12087,0.001512859304084735
2019-11-13,33250,34750,32800,34400,27431,0.0392749244712991
2019-11-14,34350,35350,33800,35200,33148,0.023255813953488413
2019-11-15,35500,36500,34650,36000,63368,0.022727272727272707
2019-11-18,36000,36350,35700,36350,16187,0.009722222222222188
2019-11-19,36450,36500,35900,36400,21041,0.0013755158184318717
2019-11-20,36100,36400,34950,36150,35459,-0.006868131868131844
2019-11-21,36200,36200,34450,34850,31697,-0.03596127247579528
2019-11-22,35000,35050,34550,34600,10467,-0.00717360114777621
2019-11-25,35300,35300,34400,34950,18876,0.01011560693641611
2019-11-26,34950,35000,34200,35000,15858,0.0014306151645206988
2019-11-27,34950,34950,34450,34450,4454,-0.01571428571428568
2019-11-28,34450,34500,33800,34450,13895,0.0
2019-11-29,34150,34500,33950,34500,8269,0.0014513788098693414
2019-12-02,34500,34500,33300,34000,14573,-0.01449275362318836
2019-12-03,34000,34000,32900,33900,13784,-0.002941176470588225
2019-12-04,33750,34450,33350,34300,11062,0.01179941002949847
2019-12-05,34050,34400,33800,34300,10566,0.0
2019-12-06,34300,34700,33850,34500,8851,0.005830903790087438
2019-12-09,34500,34700,34000,34500,5285,0.0
2019-12-10,34400,34950,33950,34850,13360,0.010144927536231974
2019-12-11,34850,35250,34650,35000,9437,0.004304160688665792
2019-12-12,35050,35400,34950,35300,14038,0.008571428571428674
2019-12-13,35300,35500,34500,34500,14659,-0.022662889518413554
2019-12-16,34500,35250,33800,34550,11008,0.0014492753623187582
2019-12-17,34400,34500,33950,34100,8610,-0.013024602026049159
2019-12-18,34150,34650,33750,34300,18355,0.0058651026392961825
2019-12-19,34800,35100,34550,35000,14240,0.020408163265306145
2019-12-20,35100,35200,34500,34950,9718,-0.0014285714285714457
2019-12-23,34900,35000,34500,34800,9483,-0.0042918454935622075
2019-12-24,34600,35100,34600,35000,11117,0.005747126436781658
2019-12-26,35000,35750,34950,35000,16233,0.0
2019-12-27,35200,35950,35050,35600,18123,0.017142857142857126
2019-12-30,36000,36000,35100,35500,4554,-0.002808988764044895
2020-01-02,35750,35750,35050,35400,8191,-0.0028169014084507005
2020-01-03,35150,35500,34400,34700,18166,-0.019774011299435013
2020-01-06,34500,34500,34000,34150,6766,-0.015850144092218965
2020-01-07,34250,34650,33900,34150,11077,0.0
2020-01-08,33650,34300,33200,33650,13006,-0.014641288433382083
2020-01-09,33750,35000,33750,34700,13822,0.031203566121842385
2020-01-10,35050,35150,34500,35150,8431,0.012968299711815456
2020-01-13,35150,35400,34850,35200,11654,0.0014224751066855834
2020-01-14,35250,35400,34650,35100,10420,-0.0028409090909090606
2020-01-15,34700,35950,34700,35900,34279,0.02279202279202286
2020-01-16,35450,36650,35450,36400,22972,0.013927576601671321
2020-01-17,36550,37000,35900,36200,16442,-0.005494505494505475
2020-01-20,36350,36750,36000,36400,11504,0.005524861878453136
2020-01-21,36100,36950,36100,36700,17092,0.008241758241758212
2020-01-22,36850,37600,36750,37150,26797,0.012261580381471404
2020-01-23,37450,37450,36850,37100,19698,-0.0013458950201884479
2020-01-28,35800,36950,35300,36850,20766,-0.006738544474393482
2020-01-29,36950,37000,36500,36850,8983,0.0
2020-01-30,37100,37350,36000,36100,19565,-0.020352781546811416
2020-01-31,36150,37000,36000,36000,21990,-0.0027700831024930483
2020-02-03,35850,36500,34300,36350,22562,0.009722222222222188
2020-02-04,36250,37900,35800,36300,39500,-0.0013755158184318717
2020-02-05,36750,37200,36250,36750,27319,0.012396694214876103
2020-02-06,37100,37550,36650,37500,21816,0.020408163265306145
2020-02-07,37600,38250,37000,38200,24121,0.01866666666666661
2020-02-10,38400,39900,37500,38950,44858,0.01963350785340312
2020-02-11,38600,39350,38200,38700,20200,-0.006418485237484006
2020-02-12,38900,39450,38200,38950,31792,0.006459948320413522
2020-02-13,38950,39000,38000,38500,13202,-0.011553273427471145
2020-02-14,38300,39750,38000,39550,42824,0.027272727272727337
2020-02-17,39550,39800,38550,39700,33754,0.0037926675094817064
2020-02-18,39400,39500,38650,39100,31696,-0.015113350125944613
2020-02-19,39150,39350,38350,39250,35183,0.0038363171355497716
2020-02-20,39250,39950,38600,39900,44662,0.016560509554140124
2020-02-21,39650,40050,38800,39850,55138,-0.0012531328320801727
2020-02-24,38550,39600,37550,37750,36084,-0.05269761606022583
2020-02-25,37800,38450,37300,38050,32383,0.007947019867549754
2020-02-26,37200,40050,37150,39400,47991,0.035479632063074806
2020-02-27,39750,40350,38450,38850,60944,-0.013959390862944177
2020-02-28,38000,38250,36500,37100,53928,-0.04504504504504503
2020-03-02,37150,38600,37000,38400,73402,0.03504043126684642
2020-03-03,38800,39450,38350,38900,39901,0.01302083333333326
2020-03-04,38750,39150,38350,38900,35085,0.0
2020-03-05,38900,40400,38150,39650,98500,0.019280205655527016
2020-03-06,39700,39800,37500,38100,63416,-0.0390920554854981
2020-03-09,37650,37650,36600,37250,28877,-0.022309711286089273
2020-03-10,36500,37050,36200,36900,32305,-0.00939597315436247
2020-03-11,37000,37000,35750,36200,29034,-0.01897018970189701
2020-03-12,35650,36000,33450,34950,64468,-0.03453038674033149
2020-03-13,32550,36200,31600,35000,61960,0.0014306151645206988
2020-03-16,35100,35800,33500,34000,50707,-0.02857142857142858
2020-03-17,33200,34900,32600,34800,35445,0.0235294117647058
2020-03-18,35200,36250,34300,34400,47879,-0.011494252873563204
2020-03-19,34400,35200,31650,32500,56463,-0.05523255813953487
2020-03-20,32600,33950,32000,33250,52582,0.023076923076922995
2020-03-23,31850,31950,30150,30350,57138,-0.08721804511278197
2020-03-24,30600,33400,30600,33250,55325,0.09555189456342661
2020-03-25,34400,35700,33100,33600,49427,0.010526315789473717
2020-03-26,34000,34050,32950,33200,29510,-0.011904761904761862
2020-03-27,33700,34700,32150,32700,37766,-0.015060240963855387
2020-03-30,32000,33150,31800,32900,33036,0.006116207951070374
2020-03-31,33700,35000,33450,35000,53906,0.06382978723404253
2020-04-01,34800,39750,34800,36900,122045,0.05428571428571427
2020-04-02,36500,37200,35000,36700,50904,-0.005420054200542035
2020-04-03,36500,37300,35850,37300,33905,0.016348773841961872
2020-04-06,37750,38200,37450,38150,45452,0.02278820375335111
2020-04-07,38550,38550,36950,37800,41641,-0.00917431192660545
2020-04-08,37750,37950,36750,37450,29140,-0.0092592592592593
2020-04-09,37550,37700,36750,37350,43229,-0.002670226969292422
2020-04-10,37350,41050,36750,38600,115617,0.03346720214190091
2020-04-13,38200,39650,38150,38350,74398,-0.006476683937823857
2020-04-14,38950,40150,38500,39900,113345,0.04041720990873543
2020-04-16,40500,41100,39050,40850,80277,0.023809523809523725
2020-04-17,41000,41500,39250,40850,90939,0.0
2020-04-20,41250,41900,40100,40950,56599,0.00244798041615657
2020-04-21,41200,41200,38000,40800,61352,-0.00366300366300365
2020-04-22,40200,43100,39700,42800,102521,0.0490196078431373
2020-04-23,42800,44300,41900,43300,70357,0.011682242990654235
2020-04-24,43250,45250,42950,44650,112201,0.03117782909930722
2020-04-27,45450,45450,43950,44800,61397,0.0033594624860022737
2020-04-28,44800,44800,43450,44650,37506,-0.0033482142857143016
2020-04-29,44100,44300,43500,44200,57398,-0.01007838745800671
2020-05-04,42800,43500,42450,43500,52079,-0.015837104072398245
2020-05-06,43500,44550,43450,43950,50801,0.010344827586206806
2020-05-07,44150,44450,43550,44150,26543,0.004550625711035261
2020-05-08,44250,44550,43850,44550,37726,0.009060022650056565
2020-05-11,44900,44900,42800,43350,62466,-0.026936026936026924
2020-05-12,43400,43750,42300,43600,35089,0.005767012687427853
2020-05-13,43050,44350,42850,44100,48333,0.011467889908256979
2020-05-14,43850,46300,43600,46200,105262,0.04761904761904767
2020-05-15,47000,51600,45650,50300,234475,0.08874458874458879
2020-05-18,50600,53400,50300,51400,139249,0.021868787276341894
2020-05-19,51400,51400,48600,50400,145103,-0.01945525291828798
2020-05-20,50000,51500,49800,51300,60835,0.017857142857142794
2020-05-21,51500,52300,50700,51500,53696,0.003898635477582957
2020-05-22,50900,51500,49500,50600,67627,-0.01747572815533982
2020-05-25,50700,51900,49750,51100,51069,0.009881422924901129
2020-05-26,51300,51700,49900,50500,40078,-0.011741682974559686
2020-05-27,50500,51800,49600,50300,74873,-0.003960396039603964
2020-05-28,51900,51900,49150,51200,140243,0.017892644135188762
2020-05-29,50800,54200,50800,53700,200781,0.048828125
2020-06-01,54100,54100,51900,53700,103239,0.0
2020-06-02,53600,53600,51400,51700,93973,-0.03724394785847296
2020-06-03,51500,51500,49650,50000,108277,-0.03288201160541582
2020-06-04,49700,50500,48700,50300,93474,0.006000000000000005
2020-06-05,50500,50500,49350,50200,58499,-0.001988071570576566
2020-06-08,50200,50200,48850,49300,74453,-0.017928286852589626
2020-06-09,49300,50400,49050,50200,85330,0.018255578093306246
2020-06-10,52000,52700,50700,51700,152544,0.029880478087649376
2020-06-11,52400,52500,51200,52200,74560,0.009671179883945946
2020-06-12,49000,54900,48950,54300,158421,0.04022988505747116
2020-06-15,54900,58200,54100,54100,160488,-0.0036832412523020164
2020-06-16,56000,57500,54200,54900,89830,0.014787430683918634
2020-06-17,55700,56800,53500,55900,81777,0.01821493624772308
2020-06-18,55600,56300,54200,55000,51975,-0.01610017889087656
2020-06-19,55000,55000,52500,53500,57666,-0.027272727272727226
2020-06-22,53000,55000,52700,54300,77731,0.01495327102803734
2020-06-23,54400,55100,53600,54400,49029,0.0018416206261511192
2020-06-24,55000,57800,54700,55500,159790,0.020220588235294157
2020-06-25,54700,57400,53900,57000,95514,0.027027027027026973
2020-06-26,57400,57600,54600,55400,84451,-0.028070175438596467
2020-06-29,54800,55000,53300,54800,44022,-0.010830324909747335
2020-06-30,55200,55200,52400,53400,96219,-0.025547445255474477
2020-07-01,53800,54600,52600,53500,72264,0.001872659176029856
2020-07-02,53100,54200,52800,54200,36503,0.013084112149532645
2020-07-03,54100,54600,53200,54000,68671,-0.0036900369003689537
2020-07-06,54900,54900,53600,53700,32579,-0.005555555555555536
2020-07-07,54000,54400,53100,54200,51382,0.009310986964618184
2020-07-08,54600,54600,53400,54400,51849,0.0036900369003689537
2020-07-09,54400,54600,53500,54000,56464,-0.007352941176470562
2020-07-10,54500,55900,54000,55400,77728,0.025925925925925908
2020-07-13,56200,56200,55000,55500,62749,0.0018050541516245744
2020-07-14,55500,57600,55100,56700,102177,0.021621621621621623
2020-07-15,57700,57700,55600,57500,62561,0.014109347442680775
2020-07-16,56700,57900,55600,56800,71520,-0.012173913043478257
2020-07-17,56400,56900,55200,55900,50336,-0.015845070422535246
2020-07-20,55800,56400,55200,55800,37970,-0.0017889087656529634
2020-07-21,56300,56300,54500,55300,67329,-0.008960573476702538
2020-07-22,55300,55400,53600,55000,91527,-0.005424954792043413
2020-07-23,54600,57000,54100,56900,82760,0.034545454545454435
2020-07-24,56000,56700,55100,55100,60180,-0.03163444639718804
2020-07-27,55300,56800,55000,56500,75683,0.025408348457350183
2020-07-28,56800,57000,56000,56600,54797,0.001769911504424737
2020-07-29,56200,59000,55700,58700,124321,0.03710247349823326
2020-07-30,59200,59200,56700,58400,100790,-0.005110732538330498
2020-07-31,58100,59100,57700,58700,42070,0.005136986301369939
2020-08-03,58700,59700,57400,59600,65601,0.015332197614991383
2020-08-04,60000,60000,58500,58700,35773,-0.015100671140939603
2020-08-05,58800,59900,58700,59700,42475,0.017035775127768327
2020-08-06,59900,59900,58000,58600,49201,-0.018425460636515956
2020-08-07,58000,59100,57500,57800,36364,-0.013651877133105783
2020-08-10,57800,58400,57000,58400,37017,0.01038062283737018
2020-08-11,58400,58500,56900,57300,39793,-0.018835616438356184
2020-08-12,57300,58000,55600,56500,53261,-0.013961605584642212
2020-08-13,56500,57600,56100,56600,38745,0.001769911504424737
2020-08-14,56700,59200,55100,58300,120562,0.030035335689045928
2020-08-18,57600,58500,56500,57400,92776,-0.015437392795883409
2020-08-19,57300,59200,57100,59200,93402,0.03135888501742157
2020-08-20,59000,60300,57000,57900,78233,-0.02195945945945943
2020-08-21,58500,58500,56900,57800,42231,-0.0017271157167529916
2020-08-24,57800,57800,56500,57600,43917,-0.0034602076124568004
2020-08-25,57900,59200,57500,58400,43290,0.01388888888888884
2020-08-26,58800,58800,57000,57500,28448,-0.015410958904109595
2020-08-27,57800,57800,56500,57700,34425,0.003478260869565153
2020-08-28,57700,58700,57000,57600,37247,-0.0017331022530329143
2020-08-31,58000,58200,56400,56900,29934,-0.01215277777777779
2020-09-01,57000,57300,56100,56600,27918,-0.005272407732864637
2020-09-02,57400,57400,55900,57300,31368,0.012367491166077826
2020-09-03,57200,57400,56100,56300,25131,-0.017452006980802848
2020-09-04,54800,56200,53100,54400,107182,-0.03374777975133214
2020-09-07,53800,54300,53100,53700,31069,-0.012867647058823484
2020-09-08,53700,55100,53600,54700,50520,0.01862197392923659
2020-09-09,53300,54000,52600,52900,42822,-0.03290676416819016
2020-09-10,53600,54800,53300,54600,43031,0.032136105860113506
2020-09-11,53800,54700,53200,54300,23216,-0.005494505494505475
2020-09-14,54900,55000,53600,54200,33685,-0.0018416206261510082
2020-09-15,56200,56900,55500,56200,104084,0.03690036900368998
2020-09-16,56700,57800,56500,57100,65633,0.016014234875444844
2020-09-17,57100,57400,55400,56900,44472,-0.003502626970227629
2020-09-18,56900,57500,56200,57400,26178,0.008787346221441172
2020-09-21,57600,57600,55800,56800,33811,-0.010452961672473893
2020-09-22,56000,56600,54700,55600,32970,-0.021126760563380254
2020-09-23,55600,56300,53700,56000,34463,0.007194244604316502
2020-09-24,55400,55400,52100,54500,37236,-0.0267857142857143
2020-09-25,54500,55400,53600,55000,26348,0.00917431192660545
2020-09-28,55200,56200,54700,55700,24002,0.012727272727272698
2020-09-29,55700,56800,55000,56600,32384,0.016157989228007263
2020-10-05,56100,56900,55800,56600,17360,0.0
2020-10-06,57200,57200,56100,56700,22363,0.0017667844522968323
2020-10-07,56700,56700,55700,56500,13161,-0.003527336860670194
2020-10-08,56300,57000,56200,56200,16264,-0.005309734513274322
2020-10-12,56600,56600,55100,55700,19250,-0.008896797153024938
2020-10-13,55500,56100,54900,55900,19826,0.0035906642728904536
2020-10-14,55900,56200,55400,56100,19045,0.003577817531305927
2020-10-15,56000,56400,55000,55900,12539,-0.0035650623885917776
2020-10-16,55900,56500,53800,56300,39164,0.007155635062611854
2020-10-19,56000,56000,55200,55800,12818,-0.008880994671403242
2020-10-20,56000,56000,54100,55300,22418,-0.008960573476702538
2020-10-21,54800,55300,53600,54100,32344,-0.02169981916817365
2020-10-22,53900,54000,52600,53300,28207,-0.014787430683918634
2020-10-23,53300,54000,52600,54000,13698,0.013133208255159401
2020-10-26,54000,54000,50900,51300,37912,-0.050000000000000044
2020-10-27,50500,51000,49550,50200,42014,-0.021442495126705707
2020-10-28,50200,50500,49450,49900,30284,-0.005976095617529875
2020-10-29,49400,50500,48650,50500,34081,0.012024048096192397
2020-10-30,50100,50500,49000,49000,21651,-0.02970297029702973
2020-11-02,49750,50500,48500,50400,14386,0.02857142857142847
2020-11-03,50000,51700,50000,51700,20046,0.025793650793650702
2020-11-04,51300,52300,50200,51700,27655,0.0
2020-11-05,51300,52600,51100,52000,20213,0.005802707930367523
2020-11-06,52300,52300,50400,51300,22982,-0.013461538461538414
2020-11-09,51300,51500,50600,51000,20447,-0.005847953216374324
2020-11-10,50700,51400,50000,51300,22187,0.00588235294117645
2020-11-11,50800,52300,50500,52200,24644,0.01754385964912286
2020-11-12,51600,52200,50500,50500,37192,-0.03256704980842917
2020-11-13,50500,51700,50200,50600,36967,0.001980198019801982
2020-11-16,51000,51100,50000,50900,27304,0.005928853754940677
2020-11-17,51000,51000,49100,50000,46594,-0.017681728880157177
2020-11-18,49500,49950,49000,49100,46754,-0.018000000000000016
2020-11-19,49300,49300,47450,48150,84039,-0.0193482688391039
2020-11-20,48150,49750,48150,49600,36675,0.03011422637590866
2020-11-23,50300,50600,49100,49850,60584,0.00504032258064524
2020-11-24,49850,50100,48400,48850,59581,-0.02006018054162484
2020-11-25,48850,48850,46800,47350,97686,-0.03070624360286589
2020-11-26,47550,48400,47350,48250,42559,0.019007391763463666
2020-11-27,48400,48500,47750,48250,23403,0.0
2020-11-30,48650,49750,48650,48900,81754,0.013471502590673534
2020-12-01,49450,50400,48800,49300,52600,0.008179959100204526
2020-12-02,49350,49350,48300,48850,48568,-0.009127789046653123
2020-12-03,48850,49150,48150,48350,40644,-0.010235414534288667
2020-12-04,48500,48500,47400,47650,61173,-0.014477766287487093
2020-12-07,47700,48950,47700,48900,46895,0.026232948583420734
2020-12-08,49000,49300,48050,48700,34685,-0.004089979550102263
2020-12-09,48650,48650,47750,48000,46574,-0.014373716632443578
2020-12-10,48000,48300,47800,48200,19339,0.004166666666666652
2020-12-11,48600,48600,48150,48500,34923,0.006224066390041472
2020-12-14,48700,48800,48150,48700,30853,0.004123711340206171
2020-12-15,49000,50400,48650,50400,97445,0.03490759753593431
2020-12-16,51000,51100,49700,49900,67611,-0.009920634920634885
2020-12-17,50200,50400,49250,49800,39539,-0.002004008016032066
2020-12-18,49500,50200,49450,50100,36207,0.006024096385542244
2020-12-21,50600,51000,49850,50600,48864,0.009980039920159722
2020-12-22,50600,51800,49950,50900,83422,0.005928853754940677
2020-12-23,50900,50900,49500,49900,34187,-0.01964636542239684
2020-12-24,50100,50200,49550,50200,25086,0.006012024048096087
2020-12-28,50200,50800,49700,49950,49007,-0.004980079681274896
2020-12-29,50300,50800,49700,50500,28818,0.011011011011011096
2020-12-30,50500,51000,49800,51000,33454,0.00990099009900991
2021-01-04,51000,51000,50100,50500,33712,-0.009803921568627416
2021-01-05,50000,51000,49500,50800,56266,0.005940594059405946
2021-01-06,50800,51800,50100,50800,70069,0.0
2021-01-07,50800,50800,50000,50600,53111,-0.003937007874015741
2021-01-08,51300,51300,50000,50500,70321,-0.0019762845849802257
2021-01-11,50500,50700,48450,49150,95425,-0.026732673267326756
2021-01-12,48700,49650,48450,49250,74201,0.0020345879959309254
2021-01-13,49550,50500,49000,50400,65548,0.023350253807106647
2021-01-14,50400,51900,49950,51800,87295,0.02777777777777768
2021-01-15,52100,54500,51500,53000,201056,0.02316602316602312
2021-01-18,53200,55500,53000,54500,155107,0.028301886792452935
2021-01-19,55000,55400,52900,54500,87339,0.0
2021-01-20,54900,55000,53200,54500,50228,0.0
2021-01-21,54500,54700,53500,53900,49408,-0.011009174311926606
2021-01-22,53800,54800,53200,54200,46761,0.005565862708719838
2021-01-25,54300,54500,53500,54500,50045,0.005535055350553542
2021-01-26,54600,54700,53600,54000,36406,-0.00917431192660545
2021-01-27,54000,54000,53000,53400,28774,-0.011111111111111072
2021-01-28,52500,53900,51800,52600,59041,-0.014981273408239737
2021-01-29,53200,53500,49900,49900,97984,-0.0513307984790875
2021-02-01,50100,51900,49900,51800,45488,0.038076152304609145
2021-02-02,51900,52600,51100,51900,24205,0.0019305019305020377
2021-02-03,52000,52300,51200,52000,30308,0.0019267822736031004
2021-02-04,52000,52000,50900,51600,24921,-0.007692307692307665
2021-02-05,51600,51600,51000,51600,15000,0.0
2021-02-08,53400,56200,52800,55500,231448,0.07558139534883712
2021-02-09,55000,55800,54200,54600,60183,-0.01621621621621616
2021-02-10,54600,55300,53300,54100,51863,-0.009157509157509125
2021-02-15,54300,54300,53600,54300,26578,0.003696857670979714
2021-02-16,54500,54800,53800,54300,26190,0.0
2021-02-17,54600,54700,53700,54400,30552,0.0018416206261511192
2021-02-18,54100,54500,52700,53500,41828,-0.016544117647058876
2021-02-19,53200,53300,51500,52900,35316,-0.01121495327102806
2021-02-22,53000,53200,52000,53200,25578,0.005671077504725952
2021-02-23,52100,52400,51600,51800,32846,-0.02631578947368418
2021-02-24,51600,52100,50300,50300,32001,-0.02895752895752901
2021-02-25,51200,51400,50100,50600,37606,0.005964214711729587
2021-02-26,49700,51500,49000,51100,36660,0.009881422924901129
2021-03-02,51200,52400,50100,51000,23461,-0.00195694716242667
2021-03-03,50500,51100,49500,51100,20428,0.0019607843137254832
2021-03-04,50800,50800,49900,50700,28137,-0.007827788649706457
2021-03-05,49950,50700,49350,50700,27662,0.0
2021-03-08,50900,50900,49350,49550,27255,-0.02268244575936884
2021-03-09,49500,49550,48100,49200,34314,-0.007063572149344055
2021-03-10,49300,50500,49150,50100,28109,0.018292682926829285
2021-03-11,50200,50400,49300,50300,29606,0.003992015968063978
2021-03-12,50500,50800,49900,49950,35469,-0.006958250497017926
2021-03-15,50000,50400,49650,50400,14465,0.009009009009008917
2021-03-16,50400,50600,49950,50400,15276,0.0
2021-03-17,50300,51500,49950,51500,25731,0.021825396825396748
2021-03-18,51600,52200,50700,51000,31148,-0.009708737864077666
2021-03-19,50300,50800,50000,50800,19983,-0.0039215686274509665
2021-03-22,51000,51200,50400,51200,19620,0.007874015748031482
2021-03-23,51400,51400,50500,50500,18361,-0.013671875
2021-03-24,50300,51000,50100,51000,14109,0.00990099009900991
2021-03-25,50800,51400,50400,51200,22149,0.0039215686274509665
2021-03-26,51200,52900,50600,51400,43302,0.00390625
2021-03-29,52100,52100,51100,51700,35214,0.005836575875486361
2021-03-30,51400,51700,50900,51300,22963,-0.007736943907156624
2021-03-31,51300,51300,50500,51100,27209,-0.003898635477582846
2021-04-01,51300,51300,50500,51100,26947,0.0
2021-04-02,51300,51800,51100,51600,22956,0.009784735812133016
2021-04-05,51600,51800,51100,51800,16952,0.003875968992248069
2021-04-06,52100,52100,51500,51700,13883,-0.0019305019305019266
2021-04-07,51700,51700,51000,51000,27383,-0.013539651837524147
2021-04-08,50900,51300,50800,51200,12983,0.0039215686274509665
2021-04-09,51200,51400,50900,51200,16992,0.0
2021-04-12,51500,51500,50900,51200,16089,0.0
2021-04-13,51200,52400,51000,52400,55152,0.0234375
2021-04-14,53000,54100,52700,53500,86442,0.020992366412213803
2021-04-15,53500,54100,52900,53400,43588,-0.0018691588785046953
2021-04-16,53700,53900,52900,53700,44755,0.00561797752808979
2021-04-19,53900,54000,52600,52600,45872,-0.020484171322160183
2021-04-20,52800,54600,52800,54500,90645,0.03612167300380231
2021-04-21,54600,54900,53900,54700,58814,0.003669724770642091
2021-04-22,55500,55600,54100,54500,60011,-0.003656307129798919
2021-04-23,54500,54900,53600,54900,42616,0.007339449541284404
2021-04-26,55500,55700,54500,54900,29020,0.0
2021-04-27,55100,56300,53600,56000,79476,0.020036429872495543
2021-04-28,55700,56000,54000,54200,53866,-0.03214285714285714
2021-04-29,54200,54600,53000,54300,33728,0.0018450184501845879
2021-04-30,54400,54500,53100,53600,32261,-0.012891344383057057
2021-05-03,53600,54800,53400,54400,33140,0.014925373134328401
2021-05-04,54500,54500,52700,53800,34321,-0.011029411764705843
2021-05-06,53900,54600,53000,54000,20004,0.0037174721189590088
2021-05-07,54000,54300,53400,54300,25566,0.005555555555555536
2021-05-10,54600,55000,53700,54900,34647,0.011049723756906049
2021-05-11,54400,54900,53600,54800,25400,-0.0018214936247723523
2021-05-12,54500,55000,53700,53900,22376,-0.01642335766423353
2021-05-13,53200,54700,52700,54400,29526,0.00927643784786647
2021-05-14,54400,55000,53900,54800,29194,0.007352941176470562
2021-05-17,56300,58400,55400,58400,190324,0.06569343065693434
2021-05-18,58500,58900,57500,58200,55758,-0.003424657534246589
2021-05-20,58000,58000,57000,57600,35643,-0.010309278350515427
2021-05-21,57500,58000,54800,55600,76568,-0.03472222222222221
2021-05-24,55600,55900,54500,55300,28210,-0.0053956834532373765
2021-05-25,55200,56400,55000,56100,36583,0.014466546112115841
2021-05-26,56100,56600,55300,56000,31941,-0.0017825311942959443
2021-05-27,56100,56600,55500,56300,26207,0.005357142857142838
2021-05-28,56600,56800,55700,56100,23730,-0.003552397868561319
2021-05-31,56200,56600,55700,56200,17137,0.0017825311942958333
2021-06-01,56200,56400,55200,55600,27709,-0.010676156583629859
2021-06-02,57300,57300,56000,56800,64365,0.021582733812949728
2021-06-03,57000,57100,56300,56700,35864,-0.0017605633802817433
2021-06-04,56700,56900,56100,56700,18908,0.0
2021-06-07,56700,56700,55500,56500,28389,-0.003527336860670194
2021-06-08,56400,56400,55500,55500,23449,-0.017699115044247815
2021-06-09,55500,55800,55000,55600,31314,0.0018018018018017834
2021-06-10,55300,57000,55000,57000,40604,0.02517985611510798
2021-06-11,57000,57600,56400,56800,27229,-0.0035087719298245723
2021-06-14,56800,56900,55800,56400,19435,-0.007042253521126751
2021-06-15,56400,56400,55500,55700,22334,-0.012411347517730542
2021-06-16,55600,56400,55600,56000,13509,0.0053859964093356805
2021-06-17,56100,56100,55300,56000,19913,0.0
2021-06-18,55800,56500,55400,56500,15985,0.008928571428571397
2021-06-21,56000,56300,55500,56100,22732,-0.0070796460176991705
2021-06-22,55800,56200,55500,55900,14886,-0.0035650623885917776
2021-06-23,56000,56000,55200,55300,24834,-0.01073345259391767
2021-06-24,55300,55600,53900,54500,51903,-0.01446654611211573
2021-06-25,54500,54900,54000,54500,35021,0.0
2021-06-28,55000,55600,54600,55300,41646,0.014678899082568808
2021-06-29,55500,55500,55100,55300,13457,0.0
2021-06-30,55600,55600,55100,55300,10577,0.0
2021-07-01,55200,55600,54900,55000,32493,-0.005424954792043413
2021-07-02,55300,55800,54900,55500,21554,0.009090909090909038
2021-07-05,56000,56600,55500,55500,34951,0.0
2021-07-06,56000,56200,55300,55500,27567,0.0
2021-07-07,55500,55900,54900,55700,29419,0.003603603603603567
2021-07-08,55800,56000,54400,54900,36602,-0.014362657091561926
2021-07-09,55100,55100,53100,53700,51948,-0.021857923497267784
2021-07-12,54200,54700,53700,53900,30055,0.003724394785847407
2021-07-13,53700,54500,53500,53800,31921,-0.0018552875695733162
2021-07-14,53700,54500,53700,54500,25984,0.013011152416356975
2021-07-15,55100,56000,54800,55700,40776,0.022018348623853212
2021-07-16,55900,55900,55400,55600,21090,-0.0017953321364452268
2021-07-19,55200,55600,54400,55100,19007,-0.008992805755395739
2021-07-20,54500,55000,53800,54200,18800,-0.016333938294010864
2021-07-21,54200,54500,53800,53900,9683,-0.005535055350553542
2021-07-22,54300,54400,53800,54000,20333,0.0018552875695732052
2021-07-23,54000,54700,53900,54000,15274,0.0
2021-07-26,54800,55800,54500,54600,34326,0.011111111111111072
2021-07-27,55200,55400,54600,54900,13157,0.005494505494505475
2021-07-28,54700,55100,54300,54900,19173,0.0
2021-07-29,55100,55500,54900,55400,16486,0.00910746812386165
2021-07-30,55600,55900,54700,54900,23481,-0.009025270758122761
2021-08-02,54800,55200,54500,54900,14756,0.0
2021-08-03,54900,54900,54300,54800,11244,-0.0018214936247723523
2021-08-04,55300,55300,54800,54900,9567,0.0018248175182482562
2021-08-05,55000,55700,54900,55400,17341,0.00910746812386165
2021-08-06,55600,55600,54900,55300,10933,-0.0018050541516245744
2021-08-09,55500,55500,54900,55300,17048,0.0
2021-08-10,54900,55500,54500,55400,18802,0.001808318264014508
2021-08-11,55200,55700,55000,55100,22615,-0.005415162454873612
2021-08-12,55400,55400,54700,54900,8538,-0.003629764065335772
2021-08-13,54800,54900,53700,54100,37827,-0.014571948998178486
2021-08-17,54100,54200,53000,53500,36612,-0.011090573012939031
2021-08-18,53500,54500,53300,54300,33509,0.01495327102803734
2021-08-19,54200,55000,52400,52600,40516,-0.03130755064456725
2021-08-20,52700,52800,50100,51700,54852,-0.017110266159695797
2021-08-23,51600,52300,50800,52300,26785,0.011605415860735047
2021-08-24,52500,53100,52400,52700,21678,0.007648183556405286
2021-08-25,52900,52900,51800,51900,17669,-0.015180265654648917
2021-08-26,52100,52600,51300,51800,12300,-0.0019267822736031004
2021-08-27,51700,53300,51600,53100,16091,0.025096525096525157
2021-08-30,53400,53800,52800,53200,11960,0.0018832391713747842
2021-08-31,52800,53200,52200,52700,18675,-0.009398496240601517
2021-09-01,52700,53200,52400,52900,15641,0.00379506641366234
2021-09-02,52900,53700,52700,53500,15654,0.011342155009451904
2021-09-03,53700,54300,53300,53800,19844,0.005607476635514086
2021-09-06,55200,55400,54200,54700,39790,0.016728624535315983
2021-09-07,55300,55500,53800,55000,34375,0.005484460694698434
2021-09-08,55000,55000,53600,54300,31253,-0.012727272727272698
2021-09-09,54200,54600,53000,53900,27243,-0.007366482504604033
2021-09-10,54000,54800,53400,54200,19662,0.005565862708719838
2021-09-13,54200,55000,53900,54900,25519,0.012915129151291449
2021-09-14,54900,55100,54600,54700,13977,-0.0036429872495445936
2021-09-15,54700,54900,54200,54500,8754,-0.003656307129798919
2021-09-16,54500,54600,54200,54400,7959,-0.0018348623853210455
2021-09-17,54400,54600,54000,54500,12276,0.0018382352941177516
2021-09-23,53900,55000,53800,54200,13843,-0.0055045871559632475
2021-09-24,54000,54500,53600,53900,9474,-0.005535055350553542
2021-09-27,53600,54600,53500,54400,12802,0.00927643784786647
2021-09-28,54500,54500,52800,52900,17775,-0.02757352941176472
2021-09-29,52500,52700,51900,52100,18540,-0.015122873345935761
2021-09-30,52000,52700,51800,51800,13368,-0.0057581573896353655
2021-10-01,51900,52500,50700,51100,24568,-0.013513513513513487
2021-10-05,50600,51100,50100,50400,19480,-0.013698630136986356
2021-10-06,50100,51100,48800,49500,41811,-0.017857142857142905
2021-10-07,49850,50200,49050,49500,48965,0.0
2021-10-08,49600,49850,47700,48250,76334,-0.025252525252525304
2021-10-12,48250,48400,47150,47350,42330,-0.01865284974093262
2021-10-13,47850,48250,47300,47550,21982,0.004223864836325308
2021-10-14,47950,48250,47400,48100,37633,0.011566771819137678
2021-10-15,48300,48550,47800,48300,34989,0.004158004158004047
2021-10-18,48850,49150,48200,48850,48670,0.011387163561076497
2021-10-19,48800,49150,48150,48550,29156,-0.0061412487205732
2021-10-20,48600,48850,47600,47750,42365,-0.016477857878475777
2021-10-21,47750,48100,47300,47550,29922,-0.004188481675392652
2021-10-22,47550,47800,47050,47500,27023,-0.001051524710830698
2021-10-25,47500,48050,47000,48000,14355,0.010526315789473717
2021-10-26,48050,48800,47450,47850,37443,-0.0031250000000000444
2021-10-27,47900,48100,47650,48000,12214,0.0031347962382444194
2021-10-28,48150,48200,47700,47900,22965,-0.002083333333333326
2021-10-29,48150,48150,47350,47850,17313,-0.0010438413361169019
2021-11-01,47900,48000,47350,47500,22191,-0.007314524555903867
2021-11-02,48150,48200,47500,47650,22727,0.0031578947368420263
2021-11-03,47800,47950,47350,47750,9047,0.0020986358866736943
2021-11-04,47550,48000,46950,46950,27521,-0.01675392670157072
2021-11-05,46950,47050,46000,46200,24934,-0.015974440894568676
2021-11-08,46200,46200,45250,45750,27641,-0.009740259740259716
2021-11-09,46300,46300,45450,46100,12454,0.007650273224043769
2021-11-10,46000,46000,44850,45200,22676,-0.0195227765726681
2021-11-11,44900,45300,44900,45300,13134,0.0022123893805310324
2021-11-12,43900,44100,43050,43850,87490,-0.03200883002207511
2021-11-15,44000,45150,43800,45100,32933,0.02850627137970352
2021-11-16,45450,45450,44450,44800,14040,-0.006651884700665134
2021-11-17,44500,44750,43500,43800,19532,-0.022321428571428603
2021-11-18,43800,44000,42250,42300,35673,-0.03424657534246578
2021-11-19,42600,42850,42300,42550,10278,0.005910165484633634
2021-11-22,42550,42850,42150,42200,29438,-0.008225616921269108
2021-11-23,42500,42850,42150,42250,16176,0.0011848341232227888
2021-11-24,42150,42850,42150,42250,8026,0.0
2021-11-25,42150,42600,41350,41350,17139,-0.02130177514792897
2021-11-26,41800,41800,40500,40850,11949,-0.01209189842805325
2021-11-29,40350,41150,40250,40350,14093,-0.012239902080783405
2021-11-30,40350,40900,39800,39850,22529,-0.012391573729863659
2021-12-01,39850,40750,39250,40600,13675,0.01882057716436636
2021-12-02,40600,41900,40150,41900,12172,0.03201970443349755
2021-12-03,42100,42650,41500,42550,10993,0.015513126491646823
2021-12-06,42500,42700,42050,42550,14467,0.0
2021-12-07,42550,42750,42000,42350,16278,-0.004700352526439522
2021-12-08,42350,42950,41300,41650,16865,-0.016528925619834656
2021-12-09,41350,42200,41100,42200,15396,0.013205282112845218
2021-12-10,42200,42500,41450,41600,13096,-0.014218009478673022
2021-12-13,41600,42300,41300,41600,11436,0.0
2021-12-14,41200,41950,41200,41600,5405,0.0
2021-12-15,41600,42400,41350,42100,6909,0.012019230769230838
2021-12-16,42300,42500,41650,42250,13071,0.0035629453681709222
2021-12-17,42300,43000,41450,42950,17054,0.016568047337278013
2021-12-20,42800,43000,42300,42400,7938,-0.012805587892898762
2021-12-21,42300,42600,41750,42500,7768,0.002358490566037652
2021-12-22,42350,43050,42350,42850,9011,0.008235294117647118
2021-12-23,42850,44550,42850,44100,17569,0.029171528588098017
2021-12-24,44550,44750,43800,44000,10639,-0.0022675736961451642
2021-12-27,43650,44050,40900,43750,33123,-0.005681818181818232
2021-12-28,43350,43950,43300,43700,10308,-0.0011428571428571122
2021-12-29,44000,44100,43500,44100,13458,0.009153318077803174
2021-12-30,43800,44250,43650,44200,6038,0.0022675736961450532
2022-01-03,44200,44200,43500,43650,7136,-0.012443438914027105
2022-01-04,43300,44000,42550,42750,19932,-0.020618556701030966
2022-01-05,42900,43350,42700,43200,7261,0.010526315789473717
2022-01-06,42700,43000,42250,42450,9582,-0.01736111111111116
2022-01-07,42450,43600,42400,42750,7275,0.007067137809187329
2022-01-10,43000,43200,41800,42750,10358,0.0
2022-01-11,42250,42700,41600,41950,8139,-0.018713450292397682
2022-01-12,42350,43250,42350,43000,10697,0.025029797377830842
2022-01-13,43500,43500,42600,42750,5793,-0.005813953488372103
2022-01-14,42750,42850,41700,42500,9844,-0.005847953216374324
2022-01-17,42000,42400,41600,42150,5034,-0.008235294117647007
2022-01-18,42150,42250,41550,41650,8375,-0.011862396204033177
2022-01-19,41600,41600,41000,41200,11337,-0.010804321728691502
2022-01-20,41250,42500,40900,42200,15328,0.024271844660194164
2022-01-21,41850,41850,40650,40900,9011,-0.03080568720379151
2022-01-24,40500,40500,39900,40100,11190,-0.019559902200488977
2022-01-25,40100,40350,39000,39550,17383,-0.013715710723191998
2022-01-26,38900,40000,38900,39250,9416,-0.007585335018963302
2022-01-27,40050,40050,38000,38000,16940,-0.031847133757961776
2022-01-28,38200,39900,38000,39450,8522,0.03815789473684217
2022-02-03,40000,40850,39850,40200,12815,0.019011406844106515
2022-02-04,40950,40950,39550,40850,8370,0.016169154228855787
2022-02-07,40800,40800,39900,40800,7007,-0.001223990208078285
2022-02-08,40350,40950,40100,40500,6554,-0.007352941176470562
2022-02-09,40850,40850,40050,40400,12362,-0.0024691358024691024
2022-02-10,40400,40800,39850,39900,10426,-0.012376237623762387
2022-02-11,39800,40350,39700,39800,8210,-0.0025062656641604564
2022-02-14,39750,39750,38500,38600,17409,-0.03015075376884424
2022-02-15,39250,39250,38000,38100,10989,-0.012953367875647714
2022-02-16,38800,39200,38150,38900,10702,0.0209973753280841
2022-02-17,39150,40050,38600,39600,12670,0.01799485861182526
2022-02-18,39200,39750,38900,39750,16032,0.0037878787878788955
2022-02-21,39750,40000,39100,39800,6126,0.0012578616352201255
2022-02-22,39400,39850,38350,38600,13293,-0.03015075376884424
2022-02-23,38750,39700,38550,39500,12127,0.023316062176165886
2022-02-24,38700,40000,38300,38750,15116,-0.01898734177215189
2022-02-25,38650,39450,38150,38950,14437,0.005161290322580614
2022-02-28,39100,39200,38150,38600,13479,-0.00898587933247752
2022-03-02,38250,38800,38250,38600,9793,0.0
2022-03-03,38800,40000,38650,40000,24767,0.03626943005181338
2022-03-04,39950,39950,38950,39550,14495,-0.011249999999999982
2022-03-07,39750,40100,39150,39650,21189,0.0025284450063212116
2022-03-08,39600,39600,38500,39250,17356,-0.010088272383354302
2022-03-10,39350,39550,39050,39200,10383,-0.001273885350318471
2022-03-11,39600,39600,38900,39250,8743,0.0012755102040815647
2022-03-14,39250,39250,38350,38850,15920,-0.010191082802547768
2022-03-15,38850,38850,38100,38200,9954,-0.016731016731016735
2022-03-16,38200,38750,38200,38700,10218,0.01308900523560208
2022-03-17,39050,39450,38650,39350,16524,0.01679586563307489
2022-03-18,39600,41500,39150,41150,44417,0.04574332909783996
2022-03-21,41600,41700,40450,41150,25076,0.0
2022-03-22,41100,41450,40700,41150,13429,0.0
2022-03-23,41300,41600,40550,41050,20960,-0.002430133657351119
2022-03-24,40950,40950,40200,40850,9853,-0.00487210718635811
2022-03-25,40850,41100,40000,40250,14242,-0.014687882496939975
2022-03-28,40300,41000,40250,40700,11431,0.011180124223602483
2022-03-29,40650,41250,40650,41000,7931,0.0073710073710073765
2022-03-30,41200,41200,40300,40400,14525,-0.014634146341463428
2022-03-31,40800,40800,40300,40350,13521,-0.0012376237623762387
2022-04-01,40400,40600,39950,40200,12985,-0.0037174721189591198
2022-04-04,40400,40600,40000,40300,17286,0.0024875621890547706
2022-04-05,40700,40700,40200,40300,9317,0.0
2022-04-06,40300,40300,39650,39850,15554,-0.011166253101737023
2022-04-07,39800,40200,39500,40000,12615,0.0037641154328733606
2022-04-08,40050,40250,39500,39900,7625,-0.0024999999999999467
2022-04-11,40000,40350,39300,39900,10741,0.0
2022-04-12,39900,39900,38600,38850,23108,-0.02631578947368418
2022-04-13,38850,39000,38500,38800,19421,-0.0012870012870013214
2022-04-14,39200,40150,39000,39750,16654,0.02448453608247414
2022-04-15,39200,39600,38400,38600,39614,-0.028930817610062887
2022-04-18,38700,39300,38600,39250,14151,0.01683937823834203
2022-04-19,39350,40150,39050,40000,16420,0.019108280254777066
2022-04-20,40100,40650,39750,40050,21584,0.0012499999999999734
2022-04-21,40000,40500,39650,39800,12584,-0.006242197253433224
2022-04-22,39600,39750,39100,39500,10570,-0.007537688442211032
2022-04-25,39400,39900,38650,39000,26848,-0.012658227848101222
2022-04-26,38800,39200,38800,39050,7698,0.0012820512820512775
2022-04-27,38700,38750,38250,38500,12183,-0.014084507042253502
2022-04-28,38500,38700,38150,38700,10292,0.0051948051948051965
2022-04-29,38900,39050,38500,38950,11001,0.006459948320413522
2022-05-02,38850,39200,38750,39100,10555,0.0038510911424902705
2022-05-03,39150,39150,38800,39000,12291,-0.002557544757033292
2022-05-04,39000,39000,38500,38500,11455,-0.012820512820512775
2022-05-06,38450,38500,38050,38300,10604,-0.0051948051948051965
2022-05-09,38000,38300,37150,37250,15690,-0.02741514360313313
2022-05-10,37100,37100,36250,36750,15456,-0.01342281879194629
2022-05-11,36950,37350,36150,36750,14012,0.0
2022-05-12,36200,36750,36100,36100,11687,-0.017687074829931926
2022-05-13,36050,36750,36050,36700,6028,0.016620498614958512
2022-05-16,36400,37000,36400,36800,9087,0.0027247956403269047
2022-05-17,36750,37200,36350,36700,8298,-0.0027173913043477826
2022-05-18,37000,37000,36200,36350,8876,-0.009536784741144388
2022-05-19,36050,36100,35350,35800,10563,-0.015130674002751032
2022-05-20,35800,36250,35550,36200,6455,0.011173184357541999
2022-05-23,36250,36350,35950,36250,4724,0.0013812154696133394
2022-05-24,36350,36550,35750,36300,5542,0.0013793103448276334
2022-05-25,36300,36350,35750,36100,5638,-0.0055096418732781816
2022-05-26,35950,36500,35650,35900,12878,-0.005540166204986097
2022-05-27,36100,36450,35700,36350,11694,0.012534818941504211
2022-05-30,36650,36800,36100,36550,9066,0.005502063273727709
2022-05-31,36550,36950,36350,36900,5002,0.009575923392612928
2022-06-02,36900,36900,36250,36850,5801,-0.0013550135501354532
2022-06-03,36950,37050,36700,37050,6389,0.005427408412483015
2022-06-07,37050,37200,36300,36650,8092,-0.010796221322537103
2022-06-08,36500,36650,36000,36250,10811,-0.010914051841746208
2022-06-09,36000,36250,34750,34850,36045,-0.0386206896551724
2022-06-10,34400,34600,33850,34200,21691,-0.0186513629842181
2022-06-13,34000,34000,32850,33300,27421,-0.02631578947368418
2022-06-14,32100,33000,32100,32800,13471,-0.01501501501501501
2022-06-15,32750,33000,31850,32000,21942,-0.024390243902439046
2022-06-16,32400,32800,31950,32450,8627,0.014062500000000089
2022-06-17,32000,32150,31250,31800,29195,-0.02003081664098616
2022-06-20,31800,31800,30200,31150,22257,-0.020440251572327095
2022-06-21,31400,31500,30450,31500,14557,0.011235955056179803
2022-06-22,31600,31700,30200,30600,9415,-0.02857142857142858
2022-06-23,30700,30700,29400,29600,22852,-0.0326797385620915
2022-06-24,29500,31200,29500,30950,16792,0.045608108108108114
2022-06-27,31200,31550,30700,31300,12828,0.011308562197092087
2022-06-28,31550,32600,31100,32600,18715,0.04153354632587858
2022-06-29,32550,32700,32050,32700,6095,0.0030674846625766694
2022-06-30,32700,32750,32100,32700,8469,0.0
2022-07-01,32550,32700,31800,32700,5977,0.0
2022-07-04,32800,32800,31400,32450,13285,-0.007645259938837912
2022-07-05,32450,32650,32050,32300,5227,-0.0046224961479198745
2022-07-06,31750,32500,31400,32150,7351,-0.004643962848297267
2022-07-07,32150,32350,31750,32250,11449,0.0031104199066873672
2022-07-08,32400,32400,31700,32200,16535,-0.0015503875968991832
2022-07-11,32100,32550,31550,32300,13274,0.0031055900621117516
2022-07-12,31800,32100,31300,32000,7518,-0.009287925696594423
2022-07-13,31300,32050,31300,32000,10795,0.0
2022-07-14,32000,32800,31350,32650,18537,0.020312499999999956
2022-07-15,32450,32700,31600,32150,11071,-0.015313935681470103
2022-07-18,31900,32700,31900,32500,9487,0.010886469673405896
2022-07-19,32750,33300,32300,33300,5627,0.024615384615384706
2022-07-20,33600,34550,33100,33500,15913,0.006006006006006093
2022-07-21,33300,33900,33100,33900,8504,0.011940298507462588
2022-07-22,33650,34300,33500,34250,11933,0.010324483775811188
2022-07-25,34250,34500,33900,34500,4241,0.007299270072992803
2022-07-26,34400,34650,34100,34650,6389,0.004347826086956497
2022-07-27,34600,35850,34450,35750,21671,0.031746031746031855
2022-07-28,35900,36750,35550,36250,18744,0.013986013986013957
2022-07-29,36600,36600,36000,36300,7874,0.0013793103448276334
2022-08-01,36550,36750,35750,36300,7473,0.0
2022-08-02,36000,36400,35400,36350,13820,0.0013774104683195176
2022-08-03,36050,36700,35700,36700,8265,0.009628610729023324
2022-08-04,36500,36700,35700,36600,5961,-0.0027247956403270157
2022-08-05,36950,36950,36200,36550,4945,-0.001366120218579181
2022-08-08,36400,36500,35350,36400,15453,-0.004103967168262668
2022-08-09,36100,36550,36100,36400,10633,0.0
2022-08-10,36400,36400,35800,36300,6974,-0.0027472527472527375
2022-08-11,36300,36550,36150,36550,3901,0.00688705234159781
2022-08-12,36600,37400,36400,37350,16464,0.02188782489740082
2022-08-16,37350,37800,37000,37800,12607,0.012048192771084265
2022-08-17,37000,37300,35700,36250,39402,-0.041005291005291045
2022-08-18,35700,36100,35450,36100,7051,-0.004137931034482789
2022-08-19,36100,36100,35000,35000,10419,-0.030470914127423865
2022-08-22,34300,35300,34050,35300,10571,0.008571428571428674
2022-08-23,35100,35900,34200,35500,6959,0.0056657223796034994
2022-08-24,35800,35800,34500,35750,5493,0.007042253521126751
2022-08-25,35650,35650,34900,34900,9750,-0.023776223776223793
2022-08-26,35000,35400,34350,34850,10121,-0.0014326647564469885
2022-08-29,34600,34600,34050,34150,6566,-0.020086083213773365
2022-08-30,34000,35200,34000,34850,7782,0.020497803806734938
2022-08-31,34650,34900,34350,34900,7857,0.0014347202295552641
2022-09-01,34900,34900,34300,34450,2991,-0.012893982808022897
2022-09-02,34450,34550,34000,34100,4308,-0.010159651669085612
2022-09-05,34100,34400,33750,33850,3036,-0.007331378299120228
2022-09-06,33850,34350,33100,33300,4725,-0.01624815361890697
2022-09-07,33300,33400,32550,32600,44637,-0.02102102102102099
2022-09-08,33100,33100,32200,32700,16531,0.0030674846625766694
2022-09-13,33150,33400,32700,33200,4131,0.015290519877675823
2022-09-14,32500,33450,32450,33150,4906,-0.001506024096385561
2022-09-15,33150,33150,32600,32600,3583,-0.016591251885369585
2022-09-16,32650,33150,32100,32800,8809,0.006134969325153339
2022-09-19,32750,33050,32450,32950,6907,0.004573170731707377
2022-09-20,32200,33250,32200,33200,2422,0.007587253414264028
2022-09-21,33000,33150,32750,33150,2486,-0.001506024096385561
2022-09-22,33150,34400,32500,33750,13031,0.018099547511312153
2022-09-23,33750,33900,32800,32800,6171,-0.028148148148148144
2022-09-26,32650,33150,32350,32850,9869,0.0015243902439023849
2022-09-27,32350,33600,32350,33450,7531,0.0182648401826484
2022-09-28,33700,34250,33150,33350,13194,-0.002989536621823663
2022-09-29,33500,33800,32600,32600,12502,-0.022488755622188883
2022-09-30,32600,33000,31950,31950,9534,-0.019938650306748462
2022-10-04,32150,33000,32150,32950,3478,0.031298904538341166
2022-10-05,32950,33550,32400,32750,4195,-0.006069802731411222
2022-10-06,33300,33300,32600,32900,5753,0.004580152671755711
2022-10-07,33050,33050,32500,32850,3726,-0.001519756838905817
2022-10-11,32850,32850,31600,32600,8823,-0.007610350076103556
2022-10-12,32100,32700,31350,31450,9659,-0.03527607361963192
2022-10-13,31200,32000,30500,31250,6300,-0.006359300476947549
2022-10-14,31250,31750,31250,31750,4265,0.016000000000000014
2022-10-17,31750,32250,31350,32000,9592,0.007874015748031482
2022-10-18,32150,32150,31850,32000,9277,0.0
2022-10-19,32150,32200,31800,31950,8357,-0.0015625000000000222
2022-10-20,31950,32000,31350,32000,4615,0.0015649452269170805
2022-10-21,32050,32050,31350,31850,3220,-0.004687499999999956
2022-10-24,31850,32050,31550,31800,4070,-0.0015698587127158659
2022-10-25,31500,32000,31500,31900,6995,0.003144654088050425
2022-10-26,31900,32000,31550,31950,7792,0.0015673981191222097
2022-10-27,32050,33200,31900,32850,13337,0.028169014084507005
2022-10-28,33200,33550,32750,33300,6149,0.013698630136986356
2022-10-31,33250,33700,33050,33550,6494,0.007507507507507505
2022-11-01,33550,35300,33550,34900,20895,0.04023845007451565
2022-11-02,35200,35200,34350,34850,7378,-0.0014326647564469885
2022-11-03,34500,35150,34200,34950,8816,0.0028694404591105283
2022-11-04,34950,34950,34100,34300,7851,-0.01859799713876964
2022-11-07,34300,34800,34300,34750,6853,0.013119533527696792
2022-11-08,34850,35250,34450,35200,5625,0.012949640287769792
2022-11-09,35300,35500,35000,35250,6931,0.0014204545454545858
2022-11-10,35200,35600,35000,35200,3528,-0.0014184397163120588
2022-11-11,35650,35700,33250,35250,10505,0.0014204545454545858
2022-11-14,35350,35550,34650,35150,24239,-0.0028368794326241176
2022-11-15,34800,35550,34700,35550,18701,0.011379800853485111
2022-11-16,35600,35600,34450,34550,17969,-0.02812939521800284
2022-11-17,34550,34800,34250,34450,10165,-0.0028943560057886897
2022-11-18,34500,34750,33650,34000,7803,-0.013062409288824406
2022-11-21,34000,34450,33450,33700,13860,-0.008823529411764675
2022-11-22,33850,34850,33500,33650,11447,-0.0014836795252225476
2022-11-23,33700,33800,33250,33700,9836,0.0014858841010401136
2022-11-24,33800,33900,33300,33600,11315,-0.0029673590504450953
2022-11-25,33600,33700,33400,33700,5846,0.0029761904761904656
2022-11-28,33700,33700,32150,32200,22978,-0.04451038575667654
2022-11-29,32600,32650,31800,32450,16634,0.007763975155279601
2022-11-30,32250,32800,32250,32500,58022,0.0015408320493066618
2022-12-01,32900,33450,32900,33300,9967,0.024615384615384706
2022-12-02,33600,33600,33000,33100,4436,-0.006006006006005982
2022-12-05,33450,33450,32500,32600,8306,-0.015105740181268867
2022-12-06,33000,33000,32050,32050,7811,-0.016871165644171793
2022-12-07,32050,33150,32050,33050,5071,0.03120124804992197
2022-12-08,33150,33150,32050,32150,12460,-0.027231467473525006
2022-12-09,32800,32800,32150,32300,5485,0.004665629860031162
2022-12-12,32250,32650,32250,32350,5550,0.001547987616099089
2022-12-13,32250,32850,32250,32500,6857,0.004636785162287493
2022-12-14,32900,33550,32700,33300,9155,0.024615384615384706
2022-12-15,33150,33800,33000,33250,4527,-0.0015015015015015232
2022-12-16,32900,33400,32800,33100,3502,-0.004511278195488688
2022-12-19,33350,33650,33100,33350,9208,0.007552870090634434
2022-12-20,33600,34300,33000,33700,80597,0.010494752623688264
2022-12-21,34250,34300,33800,34000,10649,0.008902077151335286
2022-12-22,34150,34950,34100,34950,16860,0.027941176470588136
2022-12-23,34950,35000,33900,33950,8691,-0.028612303290414864
2022-12-26,33950,34400,33350,34050,66728,0.002945508100147265
2022-12-27,34450,34450,33850,34100,5713,0.001468428781204123
2022-12-28,34550,34650,34000,34150,7793,0.0014662756598240456
2022-12-29,34300,34500,33000,33650,10952,-0.014641288433382083
2023-01-02,33350,33750,32350,33000,8911,-0.019316493313521588
2023-01-03,33550,33550,32000,32800,12232,-0.0060606060606061
2023-01-04,32200,32600,32150,32400,8134,-0.012195121951219523
2023-01-05,32400,32500,32100,32300,5620,-0.0030864197530864335
2023-01-06,32400,32650,32000,32300,10175,0.0
2023-01-09,32400,32700,32250,32300,15727,0.0
2023-01-10,32300,32350,31950,32300,14976,0.0
2023-01-11,32350,32750,32250,32550,8395,0.007739938080495445
2023-01-12,32550,32900,32400,32600,8520,0.001536098310291889
2023-01-13,32800,32800,32250,32650,9155,0.0015337423312884457
2023-01-16,32650,32950,32400,32600,17284,-0.0015313935681470214
2023-01-17,32700,32700,32200,32400,8493,-0.006134969325153339
2023-01-18,32450,32450,32000,32400,9079,0.0
2023-01-19,32500,32850,32200,32700,9149,0.0092592592592593
2023-01-20,32900,32950,32400,32900,10420,0.006116207951070374
2023-01-25,33300,33700,33200,33550,14481,0.019756838905775176
2023-01-26,33800,34050,33600,33950,13503,0.011922503725782407
2023-01-27,33950,34000,33450,33800,14745,-0.004418262150220897
2023-01-30,33800,34150,33300,33650,15405,-0.004437869822485174
2023-01-31,33300,33750,33200,33750,10923,0.002971768202080227
2023-02-01,33850,34200,33650,33900,9333,0.004444444444444473
2023-02-02,33900,34200,33500,33650,10058,-0.007374631268436627
2023-02-03,33750,33800,33500,33700,10021,0.0014858841010401136
2023-02-06,33350,33700,33100,33700,10382,0.0
2023-02-07,33300,33650,33150,33650,12160,-0.0014836795252225476
2023-02-08,33700,33750,33300,33650,6261,0.0
2023-02-09,33450,33650,33200,33550,10534,-0.002971768202080227
2023-02-10,33400,33500,33000,33500,7551,-0.0014903129657227732
2023-02-13,33450,33700,32850,33500,10562,0.0
2023-02-14,33550,33950,33400,33500,7942,0.0
2023-02-15,33350,33600,32500,32600,16521,-0.0268656716417911
2023-02-16,32700,33000,32550,32800,13640,0.006134969325153339
2023-02-17,32750,33000,32400,32700,6153,-0.0030487804878048808
2023-02-20,32500,32800,32050,32650,10161,-0.001529051987767538
2023-02-21,32750,32750,32400,32650,8817,0.0
2023-02-22,32650,32650,31950,32200,14245,-0.013782542113323082
2023-02-23,32450,32450,31900,32050,12317,-0.004658385093167738
2023-02-24,32050,32400,31150,31300,22320,-0.023400936037441533
2023-02-27,31300,31600,30850,31600,11218,0.009584664536741228
2023-02-28,31800,32050,31500,32050,12658,0.014240506329114
2023-03-02,32000,32050,31400,31600,11730,-0.01404056162246492
2023-03-03,31650,32000,31500,31750,14246,0.004746835443038
2023-03-06,32050,32750,31900,32400,22991,0.020472440944881987
2023-03-07,32550,32750,32000,32600,13342,0.006172839506172867
2023-03-08,32600,32600,32000,32200,8382,-0.012269938650306789
2023-03-09,32650,32650,31750,32200,13260,0.0
2023-03-10,32200,32200,31600,31800,8581,-0.012422360248447228
2023-03-13,31350,31800,30150,30800,36106,-0.03144654088050314
2023-03-14,31000,31000,29900,29950,15026,-0.02759740259740262
2023-03-15,30600,30600,29650,29900,32796,-0.0016694490818029983
2023-03-16,29650,29900,29450,29850,10787,-0.0016722408026755842
2023-03-17,29900,30150,29700,29950,13931,0.003350083752093891
2023-03-20,29450,30100,29350,29400,18121,-0.018363939899833093
2023-03-21,29450,29750,29150,29450,9165,0.001700680272108901
2023-03-22,29450,29450,29000,29150,11783,-0.01018675721561968
2023-03-23,29000,29150,28400,28600,22533,-0.018867924528301883
