Date,Open,High,Low,Close,Volume,Change
2015-01-02,10450,10550,10300,10500,328482,-0.004739336492891044
2015-01-05,10500,10800,10350,10400,418461,-0.00952380952380949
2015-01-06,10250,10500,10200,10300,351657,-0.009615384615384581
2015-01-07,10450,10550,10250,10450,270868,0.014563106796116498
2015-01-08,10650,11050,10400,10500,1010361,0.004784688995215225
2015-01-09,10600,10600,10150,10300,627020,-0.01904761904761909
2015-01-12,10450,10600,10200,10300,638777,0.0
2015-01-13,10300,10350,9610,9800,1138269,-0.04854368932038833
2015-01-14,9880,9960,9600,9600,500255,-0.020408163265306145
2015-01-15,9610,9680,9420,9640,395437,0.004166666666666652
2015-01-16,9710,10000,9590,9790,522445,0.01556016597510368
2015-01-19,9930,9930,9680,9690,284399,-0.010214504596527063
2015-01-20,9750,10100,9750,10050,538461,0.037151702786377694
2015-01-21,10050,10050,9810,9900,363153,-0.014925373134328401
2015-01-22,9940,9970,9490,9590,438371,-0.03131313131313129
2015-01-23,9640,9700,9450,9450,403342,-0.014598540145985384
2015-01-26,9490,9700,9360,9700,233249,0.02645502645502651
2015-01-27,9790,9800,9380,9420,414504,-0.028865979381443307
2015-01-28,9480,9680,9390,9600,267404,0.019108280254777066
2015-01-29,9600,9670,9410,9410,303114,-0.019791666666666652
2015-01-30,9430,9470,8940,9050,788242,-0.03825717321997879
2015-02-02,8900,9230,8900,9130,372470,0.008839779005524795
2015-02-03,9180,9190,8920,9060,307691,-0.00766703176341732
2015-02-04,8900,9190,8900,9140,340512,0.008830022075055233
2015-02-05,9170,9190,8820,8950,454167,-0.020787746170678356
2015-02-06,9050,9190,8950,9190,423973,0.02681564245810053
2015-02-09,9180,9280,9060,9150,256838,-0.0043525571273123065
2015-02-10,9200,9430,9050,9070,316280,-0.008743169398907069
2015-02-11,9150,9400,9110,9390,261380,0.03528114663726578
2015-02-12,9390,9540,9270,9530,286294,0.014909478168264156
2015-02-13,9490,9680,9400,9530,395546,0.0
2015-02-16,9340,9510,9160,9200,462941,-0.0346274921301154
2015-02-17,9160,9760,9100,9540,575031,0.03695652173913033
2015-02-23,9840,9960,9660,9850,533663,0.032494758909853205
2015-02-24,9950,9960,9790,9900,348324,0.0050761421319796
2015-02-25,9900,9940,9810,9840,184150,-0.0060606060606061
2015-02-26,9830,10600,9830,10450,966236,0.061991869918699205
2015-02-27,10600,10800,10250,10350,502654,-0.009569377990430672
2015-03-02,10500,10750,10400,10700,594778,0.033816425120772875
2015-03-03,10850,11000,10600,10850,663739,0.014018691588784993
2015-03-04,10850,11150,10750,11150,986812,0.02764976958525356
2015-03-05,11100,11200,10250,10300,1339018,-0.07623318385650224
2015-03-06,10400,10500,10100,10400,555164,0.009708737864077666
2015-03-09,10400,10650,10100,10150,419686,-0.024038461538461564
2015-03-10,10200,10600,10000,10300,627513,0.014778325123152802
2015-03-11,10200,10350,9760,9840,757077,-0.044660194174757306
2015-03-12,9940,10400,9830,10400,484859,0.05691056910569103
2015-03-13,10500,10500,10050,10200,518063,-0.019230769230769273
2015-03-16,10100,10300,9920,10200,474010,0.0
2015-03-17,10350,10400,9980,9980,431476,-0.021568627450980427
2015-03-18,10000,10150,9850,9920,330528,-0.006012024048096198
2015-03-19,9960,10000,9760,9830,339712,-0.009072580645161255
2015-03-20,9830,10000,9760,9840,253007,0.0010172939979653517
2015-03-23,9900,10150,9900,9990,342096,0.015243902439024293
2015-03-24,10000,10050,9780,9810,267244,-0.018018018018018056
2015-03-25,9810,9920,9470,9900,541736,0.00917431192660545
2015-03-26,9890,9890,9540,9540,323675,-0.036363636363636376
2015-03-27,9540,9750,9420,9420,267364,-0.012578616352201255
2015-03-30,9430,9630,9410,9580,197407,0.01698513800424628
2015-03-31,9630,9830,9580,9750,328338,0.017745302713987554
2015-04-01,9770,9800,9500,9590,216543,-0.016410256410256396
2015-04-02,9590,9740,9500,9510,236086,-0.008342022940563076
2015-04-03,9510,9980,9480,9930,355354,0.04416403785488954
2015-04-06,10200,10200,10000,10050,426230,0.012084592145015005
2015-04-07,10350,10550,10250,10450,983293,0.03980099502487566
2015-04-08,10450,10550,10300,10550,408665,0.009569377990430672
2015-04-09,10500,10600,10300,10500,340562,-0.004739336492891044
2015-04-10,10750,11050,10550,10900,1081321,0.03809523809523818
2015-04-13,12500,12500,12500,12500,700025,0.14678899082568808
2015-04-14,13000,13350,11850,12300,3666462,-0.016000000000000014
2015-04-15,12300,12450,11900,11950,830751,-0.028455284552845517
2015-04-16,12250,12800,12000,12650,1197182,0.05857740585774063
2015-04-17,12650,12800,12000,12100,873206,-0.04347826086956519
2015-04-20,11850,12500,11700,12100,659658,0.0
2015-04-21,12300,12850,12100,12600,932980,0.04132231404958686
2015-04-22,12650,12700,11300,12100,849054,-0.03968253968253965
2015-04-23,12150,12650,11650,12450,783849,0.02892561983471076
2015-04-24,12450,12500,11650,11850,495817,-0.048192771084337394
2015-04-27,11750,12050,11550,11700,368681,-0.012658227848101222
2015-04-28,11700,11850,11450,11500,311563,-0.017094017094017144
2015-04-29,11500,11750,11200,11250,398678,-0.021739130434782594
2015-04-30,11300,12050,11100,12000,760876,0.06666666666666665
2015-05-04,12000,12150,11350,11350,614047,-0.054166666666666696
2015-05-06,11150,11350,10600,10650,474925,-0.06167400881057272
2015-05-07,10550,10950,10350,10750,394135,0.009389671361502261
2015-05-08,10750,10950,10600,10700,281213,-0.0046511627906976605
2015-05-11,10750,11100,10700,11000,292768,0.028037383177569986
2015-05-12,10900,10950,10600,10700,299715,-0.027272727272727226
2015-05-13,10750,11450,10700,11200,587736,0.04672897196261672
2015-05-14,11300,11450,11150,11300,280265,0.008928571428571397
2015-05-15,11850,12400,11600,11700,1752940,0.03539823008849563
2015-05-18,11650,12600,11500,12400,1153690,0.05982905982905984
2015-05-19,12500,12850,12300,12350,645298,-0.0040322580645161255
2015-05-20,12350,12600,12250,12600,507433,0.020242914979757165
2015-05-21,12700,12750,12150,12150,416838,-0.0357142857142857
2015-05-22,12050,12400,11850,12250,375042,0.008230452674897082
2015-05-26,12150,12450,11900,12300,261382,0.004081632653061273
2015-05-27,12300,13550,12250,12650,2695288,0.028455284552845628
2015-05-28,12750,12900,12450,12750,610959,0.007905138339920903
2015-05-29,12700,13000,12250,12250,547760,-0.039215686274509776
2015-06-01,12100,12700,11800,12700,394375,0.03673469387755102
2015-06-02,12650,12750,11850,11850,620798,-0.06692913385826771
2015-06-03,11950,12200,11350,11650,482968,-0.016877637130801704
2015-06-04,11650,11850,11550,11750,278328,0.008583690987124415
2015-06-05,11650,11750,11300,11350,339273,-0.03404255319148941
2015-06-08,11350,11850,11200,11700,264850,0.03083700440528636
2015-06-09,11600,12400,11600,12050,470850,0.029914529914529808
2015-06-10,12200,12200,11800,11950,247717,-0.008298755186721962
2015-06-11,12050,12100,11550,11600,295919,-0.029288702928870314
2015-06-12,11550,11750,11300,11400,291780,-0.017241379310344862
2015-06-15,11400,11500,10550,10700,517444,-0.06140350877192979
2015-06-16,10600,11300,10500,11050,411201,0.032710280373831724
2015-06-17,11100,11100,10650,10800,210649,-0.022624434389140302
2015-06-18,10950,11000,10700,10850,212669,0.004629629629629539
2015-06-19,10800,11150,10750,11050,215928,0.018433179723502224
2015-06-22,11050,11100,10700,10750,251484,-0.02714932126696834
2015-06-23,10850,11550,10850,11500,768930,0.06976744186046502
2015-06-24,11650,11700,11300,11450,274626,-0.004347826086956497
2015-06-25,11350,11500,11200,11250,301297,-0.017467248908296984
2015-06-26,11250,11450,10950,10950,309412,-0.026666666666666616
2015-06-29,10500,10900,9990,10200,579215,-0.06849315068493156
2015-06-30,10000,10250,9700,10100,462676,-0.009803921568627416
2015-07-01,10000,10600,10000,10450,440184,0.034653465346534684
2015-07-02,10450,10550,10050,10300,346013,-0.014354066985645897
2015-07-03,10400,10450,10050,10200,235542,-0.009708737864077666
2015-07-06,9900,9950,9500,9650,450190,-0.05392156862745101
2015-07-07,9560,9870,9460,9560,276040,-0.00932642487046631
2015-07-08,9570,9660,9170,9170,317550,-0.04079497907949792
2015-07-09,9000,9160,8710,9100,339349,-0.007633587786259555
2015-07-10,9060,9330,9030,9100,217722,0.0
2015-07-13,9180,9600,9100,9600,214274,0.05494505494505497
2015-07-14,9750,9850,9610,9830,201225,0.023958333333333304
2015-07-15,9970,10200,9950,10050,409613,0.02238046795523907
2015-07-16,10050,10050,9770,9890,236320,-0.015920398009950265
2015-07-17,9890,9900,9680,9690,166050,-0.020222446916076886
2015-07-20,9700,9810,9590,9800,160096,0.011351909184726505
2015-07-21,9800,10250,9750,10000,352837,0.020408163265306145
2015-07-22,10000,10000,9800,9800,134039,-0.020000000000000018
2015-07-23,9800,9900,9590,9600,117751,-0.020408163265306145
2015-07-24,9600,9750,9350,9410,143279,-0.019791666666666652
2015-07-27,9190,9310,8950,9000,321473,-0.043570669500531345
2015-07-28,8800,9150,8760,9150,181110,0.016666666666666607
2015-07-29,9150,9170,8870,8870,159384,-0.030601092896174853
2015-07-30,8870,9020,8700,8700,107318,-0.01916572717023679
2015-07-31,8500,8780,8250,8510,310877,-0.02183908045977012
2015-08-03,8540,8780,8460,8560,150524,0.005875440658049458
2015-08-04,8570,8730,8480,8690,143678,0.015186915887850372
2015-08-05,8710,9110,8710,9000,191783,0.03567318757192184
2015-08-06,9030,9230,8920,9030,127417,0.0033333333333334103
2015-08-07,8950,9140,8910,9030,89600,0.0
2015-08-10,9000,9060,8800,8830,108221,-0.022148394241417457
2015-08-11,8840,9020,8700,8720,116437,-0.01245753114382786
2015-08-12,8690,8700,8050,8340,264811,-0.04357798165137616
2015-08-13,8360,8460,8220,8420,129864,0.00959232613908867
2015-08-17,8330,8410,7950,8080,356079,-0.040380047505938266
2015-08-18,8150,8340,8080,8170,245814,0.011138613861386037
2015-08-19,7900,7980,7450,7700,447560,-0.057527539779681724
2015-08-20,7510,7700,7430,7430,198217,-0.03506493506493502
2015-08-21,6900,7080,6510,6650,419823,-0.10497981157469716
2015-08-24,6560,7020,6560,6760,261740,0.016541353383458635
2015-08-25,6830,7460,6830,7390,242722,0.09319526627218933
2015-08-26,7270,7540,7260,7540,233852,0.020297699594046037
2015-08-27,7650,7830,7470,7570,294994,0.003978779840848823
2015-08-28,7660,7820,7610,7670,152757,0.013210039630118908
2015-08-31,7710,7710,7300,7300,212302,-0.04823989569752285
2015-09-01,7310,7640,7310,7500,164183,0.027397260273972712
2015-09-02,7350,7690,7260,7640,205768,0.01866666666666661
2015-09-03,7810,7940,7600,7610,200089,-0.003926701570680646
2015-09-04,7700,8050,7610,7700,384268,0.01182654402102501
2015-09-07,7670,7790,7600,7640,96274,-0.007792207792207795
2015-09-08,8380,8840,8140,8420,1092706,0.10209424083769636
2015-09-09,8790,9660,8520,9100,1269148,0.08076009501187653
2015-09-10,9000,9370,8900,9050,494779,-0.005494505494505475
2015-09-11,8950,9330,8790,9250,523675,0.022099447513812098
2015-09-14,9250,9320,8830,8950,308991,-0.032432432432432434
2015-09-15,8850,9230,8780,9220,257307,0.03016759776536304
2015-09-16,9500,9530,9160,9300,279921,0.008676789587852562
2015-09-17,9290,9290,8980,9020,232247,-0.03010752688172047
2015-09-18,9050,9170,8890,9140,205295,0.013303769401330268
2015-09-21,9110,9240,8960,9150,191467,0.001094091903719896
2015-09-22,9150,9200,9020,9200,118742,0.005464480874316946
2015-09-23,9120,9200,8950,9000,191075,-0.021739130434782594
2015-09-24,9000,9130,8870,9040,146200,0.004444444444444473
2015-09-25,9030,9290,8910,9250,134103,0.023230088495575174
2015-09-30,9240,9770,9070,9500,690168,0.027027027027026973
2015-10-01,9540,9620,9450,9520,224452,0.002105263157894832
2015-10-02,9550,9590,9400,9450,142951,-0.007352941176470562
2015-10-05,9570,9570,9360,9440,208078,-0.0010582010582010914
2015-10-06,9440,9550,9310,9480,186792,0.004237288135593209
2015-10-07,9520,9560,9350,9400,134820,-0.008438818565400852
2015-10-08,9460,9540,9400,9500,133075,0.010638297872340496
2015-10-12,9520,10150,9520,9800,694238,0.03157894736842115
2015-10-13,9880,9920,9650,9810,163734,0.0010204081632652073
2015-10-14,9840,10100,9760,9920,269226,0.011213047910295648
2015-10-15,9950,10050,9780,9870,181406,-0.005040322580645129
2015-10-16,9800,9940,9760,9850,144398,-0.0020263424518743856
2015-10-19,9850,9920,9750,9810,126182,-0.004060913705583702
2015-10-20,9810,10250,9780,10200,360841,0.039755351681957096
2015-10-21,10200,10400,10050,10200,246324,0.0
2015-10-22,10150,10200,9870,9880,230431,-0.03137254901960784
2015-10-23,10000,10500,9850,10500,532251,0.06275303643724706
2015-10-26,10600,10800,10300,10500,446299,0.0
2015-10-27,10500,10700,10300,10600,192806,0.00952380952380949
2015-10-28,10600,10650,10150,10300,204515,-0.028301886792452824
2015-10-29,10250,10500,10100,10200,162509,-0.009708737864077666
2015-10-30,10300,10350,9600,9690,392552,-0.050000000000000044
2015-11-02,9700,9780,9370,9630,124673,-0.006191950464396245
2015-11-03,9720,9730,9480,9560,107259,-0.007268951194184803
2015-11-04,9620,9620,9420,9530,87343,-0.003138075313807498
2015-11-05,9530,9720,9440,9650,103921,0.012591815320041944
2015-11-06,9700,9700,9220,9310,188476,-0.03523316062176163
2015-11-09,9230,9270,8920,8960,162775,-0.03759398496240607
2015-11-10,8830,9010,8620,8700,193043,-0.029017857142857095
2015-11-11,8800,9050,8790,9050,92568,0.04022988505747116
2015-11-12,8990,9260,8910,9150,72499,0.011049723756906049
2015-11-13,8980,9060,8840,8880,78862,-0.02950819672131144
2015-11-16,8700,8800,7900,8000,516161,-0.09909909909909909
2015-11-17,8130,8230,8050,8230,240766,0.028750000000000053
2015-11-18,8230,8510,8190,8410,120934,0.021871202916160293
2015-11-19,8420,8490,8250,8440,124966,0.00356718192627814
2015-11-20,8450,8780,8400,8670,127292,0.027251184834123254
2015-11-23,8680,8740,8480,8520,136415,-0.01730103806228378
2015-11-24,8590,8650,8440,8460,93296,-0.007042253521126751
2015-11-25,8590,8700,8490,8630,109980,0.02009456264775422
2015-11-26,8690,9150,8690,8910,270992,0.03244495944380077
2015-11-27,8920,9070,8860,9010,124875,0.011223344556677839
2015-11-30,9110,9180,8900,9010,142891,0.0
2015-12-01,9020,9040,8800,8900,99120,-0.01220865704772478
2015-12-02,9020,9050,8790,8900,134549,0.0
2015-12-03,8830,8930,8590,8750,138403,-0.016853932584269704
2015-12-04,8600,8700,8500,8500,96746,-0.02857142857142858
2015-12-07,8620,8630,8350,8350,87594,-0.01764705882352946
2015-12-08,8350,8590,8180,8410,139387,0.007185628742514938
2015-12-09,8470,8560,8200,8310,94607,-0.01189060642092743
2015-12-10,8330,8370,8000,8140,110759,-0.020457280385078214
2015-12-11,8170,8280,8060,8200,73199,0.0073710073710073765
2015-12-14,8300,8740,8000,8130,256375,-0.008536585365853666
2015-12-15,8130,8420,8130,8380,67048,0.03075030750307506
2015-12-16,8460,8650,8250,8500,146185,0.014319809069212486
2015-12-17,8520,8620,8410,8550,77561,0.00588235294117645
2015-12-18,8430,8640,8430,8590,74226,0.004678362573099504
2015-12-21,8870,9150,8810,8970,353994,0.0442374854481955
2015-12-22,9000,9140,8910,8940,185659,-0.0033444816053511683
2015-12-23,9040,9070,8850,8850,109437,-0.010067114093959773
2015-12-24,8850,9600,8850,9350,551282,0.05649717514124286
2015-12-28,9390,9440,9210,9220,154628,-0.013903743315508033
2015-12-29,9180,9310,9150,9310,125339,0.009761388286334105
2015-12-30,9260,9380,9100,9160,164406,-0.01611170784103111
2016-01-04,9120,9180,8760,8760,183698,-0.04366812227074235
2016-01-05,8640,8890,8570,8840,94435,0.009132420091324311
2016-01-06,8910,8910,8620,8740,117957,-0.011312217194570096
2016-01-07,8700,8740,8280,8280,223131,-0.052631578947368474
2016-01-08,8180,8260,7910,8240,156795,-0.004830917874396157
2016-01-11,8180,8190,8000,8050,149417,-0.02305825242718451
2016-01-12,8100,8180,7950,8000,131233,-0.006211180124223614
2016-01-13,8040,8260,8040,8170,87014,0.02124999999999999
2016-01-14,8080,8090,7910,8080,142073,-0.011015911872705009
2016-01-15,8130,8160,7860,7890,163390,-0.023514851485148536
2016-01-18,7760,7980,7680,7780,113021,-0.013941698352344711
2016-01-19,7760,7820,7350,7510,220116,-0.03470437017994854
2016-01-20,7500,7650,7260,7360,165588,-0.01997336884154466
2016-01-21,7370,7440,7200,7360,103167,0.0
2016-01-22,7390,7640,7380,7530,124021,0.02309782608695654
2016-01-25,7670,7770,7580,7740,66434,0.027888446215139417
2016-01-26,7740,7890,7640,7740,120177,0.0
2016-01-27,7750,7940,7750,7850,92246,0.01421188630490966
2016-01-28,7780,7850,7690,7820,65163,-0.003821656050955413
2016-01-29,7820,7850,7760,7850,34148,0.0038363171355497716
2016-02-01,7950,7950,7770,7780,57450,-0.008917197452229297
2016-02-02,7780,7780,7620,7700,69545,-0.010282776349614386
2016-02-03,7700,7700,7460,7490,113403,-0.027272727272727226
2016-02-04,7490,7830,7490,7770,82533,0.03738317757009346
2016-02-05,7800,8070,7760,7820,116094,0.006435006435006496
2016-02-11,7560,7620,7410,7450,105847,-0.04731457800511507
2016-02-12,7310,7340,6610,6920,241952,-0.07114093959731549
2016-02-15,6990,7230,6990,7190,82074,0.039017341040462394
2016-02-16,7200,7400,7200,7400,77287,0.029207232267037586
2016-02-17,7360,7400,7200,7200,97108,-0.027027027027026973
2016-02-18,7280,7430,7280,7410,55919,0.029166666666666563
2016-02-19,7400,7420,7300,7400,63438,-0.0013495276653171517
2016-02-22,7410,7500,7380,7440,82082,0.00540540540540535
2016-02-23,7470,7860,7470,7700,234331,0.034946236559139754
2016-02-24,7700,7830,7620,7740,88569,0.0051948051948051965
2016-02-25,7810,7950,7740,7900,151032,0.02067183462532296
2016-02-26,7670,7670,7300,7370,380924,-0.06708860759493673
2016-02-29,7350,7470,7330,7390,77589,0.0027137042062415073
2016-03-02,7480,7480,7410,7450,90158,0.008119079837618504
2016-03-03,7460,7810,7450,7780,178131,0.04429530201342291
2016-03-04,7780,7900,7750,7830,97022,0.006426735218509005
2016-03-07,7860,8190,7860,8040,179339,0.026819923371647514
2016-03-08,8040,8150,7870,8020,87779,-0.0024875621890547706
2016-03-09,7980,8140,7950,8050,61282,0.0037406483790523026
2016-03-10,8140,8140,7800,8000,83993,-0.006211180124223614
2016-03-11,7980,8050,7830,7870,73787,-0.016249999999999987
2016-03-14,7870,8130,7870,8020,115602,0.019059720457433205
2016-03-15,8020,8190,7900,7920,61513,-0.012468827930174564
2016-03-16,7900,7990,7810,7840,61351,-0.010101010101010055
2016-03-17,7850,8030,7850,7960,41292,0.015306122448979664
2016-03-18,7960,8060,7830,7870,59496,-0.011306532663316604
2016-03-21,7900,8030,7850,8030,82907,0.020330368487928796
2016-03-22,8030,8060,7960,7980,59499,-0.0062266500622665255
2016-03-23,7980,8040,7870,7870,47450,-0.013784461152882233
2016-03-24,7850,7920,7640,7800,80492,-0.008894536213468918
2016-03-25,7780,7780,7650,7660,50761,-0.017948717948717996
2016-03-28,7660,7720,7620,7650,48603,-0.0013054830287205776
2016-03-29,7650,7740,7650,7660,46427,0.0013071895424836555
2016-03-30,7700,7830,7700,7770,43908,0.01436031331592691
2016-03-31,7720,7820,7640,7710,43298,-0.007722007722007707
2016-04-01,7710,7750,7610,7660,46964,-0.006485084306095956
2016-04-04,7670,7670,7520,7610,75235,-0.00652741514360311
2016-04-05,7540,7680,7500,7610,70990,0.0
2016-04-06,7560,7970,7530,7960,150155,0.04599211563731931
2016-04-07,7990,8340,7900,8290,363635,0.041457286432160734
2016-04-08,8290,8520,8280,8500,304488,0.02533172496984326
2016-04-11,8590,8610,8410,8480,125623,-0.0023529411764705577
2016-04-12,8520,8590,8420,8580,137391,0.011792452830188704
2016-04-14,8580,8730,8460,8540,126187,-0.004662004662004615
2016-04-15,8450,8610,8100,8540,102330,0.0
2016-04-18,8530,8540,8350,8520,88577,-0.0023419203747072626
2016-04-19,8520,8540,8360,8480,85947,-0.0046948356807511304
2016-04-20,8520,8680,8490,8680,190054,0.02358490566037741
2016-04-21,8680,8720,8470,8680,128218,0.0
2016-04-22,8550,8590,8360,8500,205143,-0.020737327188940058
2016-04-25,8580,8580,8360,8480,111339,-0.0023529411764705577
2016-04-26,8480,8790,8400,8720,213754,0.028301886792452935
2016-04-27,8800,8940,8750,8940,319099,0.025229357798165042
2016-04-28,8980,9080,8800,8940,192856,0.0
2016-04-29,8920,8920,8530,8740,179877,-0.022371364653243853
2016-05-02,8580,8720,8250,8250,178769,-0.05606407322654461
2016-05-03,8310,8340,8130,8340,108659,0.01090909090909098
2016-05-04,8230,8320,8050,8110,108337,-0.027577937649880147
2016-05-09,8110,8170,7810,7830,136120,-0.03452527743526512
2016-05-10,7930,9500,7800,8170,2853736,0.04342273307790556
2016-05-11,8290,8300,7980,8020,310693,-0.01835985312117505
2016-05-12,8070,8120,7900,7900,191151,-0.014962593516209433
2016-05-13,7880,7940,7680,7690,213982,-0.02658227848101269
2016-05-16,7760,7900,7690,7870,164478,0.023407022106632036
2016-05-17,7860,7950,7750,7800,161285,-0.008894536213468918
2016-05-18,7810,7880,7710,7780,107116,-0.002564102564102555
2016-05-19,7780,8030,7590,7590,240973,-0.024421593830334154
2016-05-20,7520,7680,7520,7600,96246,0.0013175230566535578
2016-05-23,7570,7700,7570,7600,71771,0.0
2016-05-24,7660,7680,7520,7580,104310,-0.0026315789473684292
2016-05-25,7600,7670,7570,7600,104373,0.0026385224274405594
2016-05-26,7660,7660,7480,7530,96614,-0.009210526315789447
2016-05-27,7530,7620,7450,7560,81708,0.003984063745019917
2016-05-30,7600,7760,7560,7700,90610,0.0185185185185186
2016-05-31,7730,7960,7710,7910,170301,0.027272727272727337
2016-06-01,8090,8880,8090,8190,1317427,0.03539823008849563
2016-06-02,8250,8350,8140,8250,274398,0.0073260073260073
2016-06-03,8360,8480,8140,8200,313294,-0.0060606060606061
2016-06-07,8210,8290,8090,8150,135269,-0.0060975609756097615
2016-06-08,8150,8200,7900,7960,203380,-0.0233128834355828
2016-06-09,7920,8060,7830,7880,127740,-0.01005025125628145
2016-06-10,7890,7970,7840,7960,71237,0.010152284263959421
2016-06-13,7870,7910,7650,7740,137328,-0.027638190954773822
2016-06-14,7740,7750,7530,7600,128653,-0.018087855297157618
2016-06-15,7520,7640,7510,7550,108459,-0.006578947368421018
2016-06-16,7600,7730,7390,7420,117319,-0.017218543046357615
2016-06-17,7430,7590,7370,7480,91899,0.008086253369272267
2016-06-20,7500,7900,7480,7800,143500,0.04278074866310155
2016-06-21,7820,7830,7600,7760,65935,-0.00512820512820511
2016-06-22,7750,7760,7600,7650,86115,-0.014175257731958713
2016-06-23,7650,7700,7510,7540,92140,-0.01437908496732021
2016-06-24,7580,7690,6890,7080,383026,-0.06100795755968169
2016-06-27,6800,7470,6750,7100,154404,0.0028248587570620654
2016-06-28,6930,7300,6930,7190,286961,0.012676056338028152
2016-06-29,7200,7320,7150,7270,109255,0.011126564673157091
2016-06-30,7310,7450,7230,7350,142255,0.011004126547455195
2016-07-01,7360,7640,7350,7540,173718,0.02585034013605436
2016-07-04,7600,7730,7540,7690,79977,0.019893899204244114
2016-07-05,7640,7860,7640,7860,155280,0.022106631989596837
2016-07-06,7900,7950,7710,7770,134780,-0.011450381679389277
2016-07-07,7750,7890,7740,7800,103360,0.0038610038610038533
2016-07-08,7860,7860,7710,7830,86825,0.0038461538461538325
2016-07-11,7900,7900,7750,7770,59329,-0.007662835249042099
2016-07-12,7820,7820,7620,7660,77764,-0.014157014157014203
2016-07-13,7660,7770,7660,7760,65389,0.01305483028720622
2016-07-14,7770,7800,7660,7660,58180,-0.012886597938144284
2016-07-15,7740,7950,7620,7880,151469,0.02872062663185382
2016-07-18,7890,8000,7880,7980,116774,0.012690355329949332
2016-07-19,7940,8010,7850,7890,91951,-0.011278195488721776
2016-07-20,7930,7940,7770,7910,68046,0.0025348542458809575
2016-07-21,7990,8100,7950,8020,221972,0.013906447534766109
2016-07-22,8090,8170,8020,8040,108960,0.0024937655860348684
2016-07-25,8090,8100,7990,8050,130322,0.0012437810945273853
2016-07-26,8100,8390,8100,8240,340955,0.023602484472049712
2016-07-27,8240,8340,8060,8090,159833,-0.01820388349514568
2016-07-28,8100,8250,8090,8170,123416,0.009888751545117369
2016-07-29,8230,8360,8170,8250,138935,0.009791921664626724
2016-08-01,8260,8280,8110,8200,155212,-0.0060606060606061
2016-08-02,8200,8330,8200,8290,121443,0.01097560975609757
2016-08-03,8300,8410,8180,8350,166990,0.007237635705669376
2016-08-04,8430,8830,8420,8760,674145,0.049101796407185594
2016-08-05,8800,8830,8670,8740,198812,-0.0022831050228310223
2016-08-08,8740,8780,8640,8680,119697,-0.006864988558352381
2016-08-09,8660,8890,8660,8830,162574,0.017281105990783363
2016-08-10,8860,8860,8650,8690,131045,-0.015855039637599044
2016-08-11,8690,8770,8610,8660,78613,-0.0034522439585730202
2016-08-12,8660,8740,8650,8670,49801,0.0011547344110853786
2016-08-16,8720,8900,8480,8490,169615,-0.02076124567474047
2016-08-17,8490,8550,8000,8220,360261,-0.03180212014134276
2016-08-18,8290,8450,8180,8270,155821,0.006082725060827299
2016-08-19,8270,8340,8190,8230,113608,-0.0048367593712213
2016-08-22,8260,8300,8170,8250,87026,0.002430133657351119
2016-08-23,8290,8350,8190,8240,88272,-0.00121212121212122
2016-08-24,8240,8300,8150,8210,61610,-0.00364077669902918
2016-08-25,8160,8220,7970,8010,93395,-0.02436053593179055
2016-08-26,7990,7990,7780,7800,141200,-0.02621722846441943
2016-08-29,7800,7880,7780,7810,243526,0.0012820512820512775
2016-08-30,7840,8150,7830,7930,121718,0.015364916773367376
2016-08-31,7970,7970,7710,7800,90327,-0.016393442622950838
2016-09-01,7720,7800,7630,7800,72003,0.0
2016-09-02,7800,7980,7760,7920,69812,0.01538461538461533
2016-09-05,7980,8010,7850,7890,38339,-0.0037878787878787845
2016-09-06,7930,7940,7800,7880,93547,-0.0012674271229404788
2016-09-07,7920,7920,7720,7780,88250,-0.012690355329949221
2016-09-08,7790,7820,7540,7560,116436,-0.028277634961439535
2016-09-09,7510,7550,7450,7500,107674,-0.007936507936507908
2016-09-12,7250,7580,7250,7440,55255,-0.008000000000000007
2016-09-13,7460,7570,7460,7500,48783,0.008064516129032251
2016-09-19,7440,7640,7440,7640,48375,0.01866666666666661
2016-09-20,7650,7680,7550,7630,19401,-0.0013089005235602524
2016-09-21,7650,7700,7630,7690,36452,0.007863695937090354
2016-09-22,7680,7770,7680,7720,38048,0.0039011703511053764
2016-09-23,7700,7770,7650,7720,55114,0.0
2016-09-26,7770,7770,7660,7720,21844,0.0
2016-09-27,7640,7690,7600,7680,38597,-0.005181347150259086
2016-09-28,7690,7730,7600,7650,53919,-0.00390625
2016-09-29,7650,7870,7650,7830,59495,0.0235294117647058
2016-09-30,7820,7820,7690,7710,35159,-0.01532567049808431
2016-10-04,7790,8110,7460,7470,439239,-0.0311284046692607
2016-10-05,7430,7650,7430,7520,123301,0.006693440428380271
2016-10-06,7550,7780,7490,7660,110083,0.018617021276595702
2016-10-07,7660,7720,7590,7600,50963,-0.007832898172323799
2016-10-10,7590,7730,7590,7650,33980,0.006578947368421018
2016-10-11,7640,7780,7640,7750,64580,0.013071895424836555
2016-10-12,7700,8140,7660,8140,362153,0.05032258064516126
2016-10-13,8150,8260,8070,8180,209674,0.004914004914004844
2016-10-14,8170,8380,8130,8350,261818,0.020782396088019572
2016-10-17,8390,8410,8260,8360,165061,0.0011976047904191933
2016-10-18,8360,8490,8310,8360,133365,0.0
2016-10-19,8340,8460,8340,8440,127554,0.009569377990430672
2016-10-20,8440,8490,8430,8440,114584,0.0
2016-10-21,8400,8470,8400,8440,114010,0.0
2016-10-24,8490,8490,8240,8310,132572,-0.0154028436018957
2016-10-25,8340,8350,8010,8200,203650,-0.013237063778580027
2016-10-26,8210,8620,8120,8600,309123,0.04878048780487809
2016-10-27,8600,8680,8490,8520,149349,-0.009302325581395321
2016-10-28,8520,8680,8500,8660,277688,0.016431924882629012
2016-10-31,8670,8850,8430,8650,389853,-0.0011547344110854896
2016-11-01,8600,8920,8300,8360,319738,-0.03352601156069368
2016-11-02,8340,8350,7810,7830,352869,-0.0633971291866029
2016-11-03,7830,8060,7720,7990,242365,0.020434227330779153
2016-11-04,7990,8030,7790,7790,129165,-0.025031289111389188
2016-11-07,7870,8260,7840,8250,171069,0.05905006418485237
2016-11-08,8270,8280,8100,8220,138090,-0.0036363636363636598
2016-11-09,8220,8260,7400,7650,509839,-0.06934306569343063
2016-11-10,7900,7930,7720,7770,197669,0.015686274509803866
2016-11-11,7800,7800,7580,7670,164358,-0.012870012870012881
2016-11-14,7700,7830,7630,7650,125536,-0.0026075619295958807
2016-11-15,7610,7760,7610,7660,60666,0.0013071895424836555
2016-11-16,7720,7720,7570,7610,142949,-0.00652741514360311
2016-11-17,7610,7650,7560,7620,64702,0.0013140604467805073
2016-11-18,7630,7630,7480,7530,67921,-0.011811023622047223
2016-11-21,7500,7530,7360,7410,84197,-0.015936254980079667
2016-11-22,7450,7450,7310,7340,138987,-0.009446693657219951
2016-11-23,7350,7410,7130,7220,144968,-0.016348773841961872
2016-11-24,7120,7420,7120,7390,122910,0.023545706371191244
2016-11-25,7300,7420,7300,7400,53551,0.0013531799729364913
2016-11-28,7400,7400,7260,7270,44761,-0.01756756756756761
2016-11-29,7210,7360,7210,7280,39612,0.0013755158184318717
2016-11-30,7320,7320,7210,7260,26108,-0.0027472527472527375
2016-12-01,7260,7440,7260,7380,46305,0.016528925619834656
2016-12-02,7400,7420,7300,7310,27631,-0.009485094850948506
2016-12-05,7310,7350,7170,7220,51544,-0.012311901504788003
2016-12-06,7240,7300,7200,7220,36192,0.0
2016-12-07,7170,7390,7130,7140,133137,-0.011080332409972304
2016-12-08,7140,7320,7140,7270,58235,0.0182072829131652
2016-12-09,7280,7340,7250,7300,31643,0.004126547455295837
2016-12-12,7350,7600,7320,7520,177200,0.03013698630136985
2016-12-13,7480,7620,7450,7590,109158,0.009308510638297962
2016-12-14,7610,7640,7510,7510,30727,-0.010540184453227908
2016-12-15,7560,7570,7450,7540,38494,0.003994673768308976
2016-12-16,7570,7570,7470,7490,33060,-0.006631299734747964
2016-12-19,7510,7540,7380,7480,57621,-0.001335113484646211
2016-12-20,7460,7680,7450,7560,88609,0.010695187165775444
2016-12-21,7630,7630,7480,7560,66162,0.0
2016-12-22,7640,7660,7580,7660,77889,0.013227513227513255
2016-12-23,7620,7710,7620,7670,78503,0.0013054830287206887
2016-12-26,7660,7690,7540,7560,70504,-0.014341590612777066
2016-12-27,7560,7590,7500,7530,71387,-0.003968253968253954
2016-12-28,7500,7580,7500,7530,31500,0.0
2016-12-29,7540,7600,7500,7540,33384,0.0013280212483399723
2017-01-02,7510,7550,7490,7520,27429,-0.0026525198938992522
2017-01-03,7520,7650,7520,7640,63651,0.015957446808510634
2017-01-04,7640,7760,7620,7760,86393,0.015706806282722585
2017-01-05,7760,7820,7730,7790,59065,0.0038659793814432852
2017-01-06,7800,7810,7740,7810,41717,0.0025673940949935137
2017-01-09,7810,7860,7690,7690,46039,-0.015364916773367487
2017-01-10,7650,7770,7600,7660,51114,-0.0039011703511053764
2017-01-11,7710,7710,7590,7640,44899,-0.0026109660574412663
2017-01-12,7610,7690,7510,7560,57823,-0.010471204188481686
2017-01-13,7520,7700,7520,7570,72409,0.001322751322751392
2017-01-16,7540,7630,7390,7470,58786,-0.013210039630118908
2017-01-17,7410,7530,7410,7510,42363,0.0053547523427042165
2017-01-18,7510,7510,7420,7430,36077,-0.010652463382157085
2017-01-19,7430,7520,7400,7470,54874,0.0053835800807537915
2017-01-20,7500,7540,7310,7340,80097,-0.01740294511378848
2017-01-23,7360,7390,7320,7350,30353,0.0013623978201635634
2017-01-24,7300,7380,7300,7340,35456,-0.0013605442176870541
2017-01-25,7350,7380,7320,7360,38066,0.0027247956403269047
2017-01-26,7340,7430,7340,7390,28612,0.0040760869565217295
2017-01-31,7500,7630,7450,7570,107263,0.02435723951285529
2017-02-01,7510,7630,7510,7610,58641,0.005284015852047519
2017-02-02,7610,7640,7490,7500,39908,-0.014454664914586024
2017-02-03,7500,7590,7430,7440,43921,-0.008000000000000007
2017-02-06,7440,7490,7350,7400,21107,-0.005376344086021501
2017-02-07,7390,7490,7320,7370,54597,-0.004054054054054013
2017-02-08,7370,7400,7300,7370,32548,0.0
2017-02-09,7370,7370,7300,7340,49273,-0.004070556309362261
2017-02-10,7280,7420,7280,7360,35566,0.0027247956403269047
2017-02-13,7360,7410,7320,7410,50469,0.006793478260869623
2017-02-14,7420,7550,7400,7520,42358,0.014844804318488558
2017-02-15,7470,7600,7450,7520,33784,0.0
2017-02-16,7520,7540,7410,7420,32160,-0.013297872340425565
2017-02-17,7450,7490,7350,7460,41171,0.005390835579514919
2017-02-20,7460,7560,7440,7530,50418,0.009383378016085686
2017-02-21,7560,7660,7530,7620,66451,0.01195219123505975
2017-02-22,7620,7650,7570,7620,41605,0.0
2017-02-23,7650,7660,7570,7580,32799,-0.005249343832021025
2017-02-24,7560,7620,7550,7550,89330,-0.00395778364116095
2017-02-27,7540,7620,7400,7430,56150,-0.015894039735099286
2017-02-28,7390,7530,7380,7490,31012,0.008075370121130465
2017-03-02,7530,7530,7400,7400,48063,-0.012016021361815787
2017-03-03,7400,7400,7070,7140,113734,-0.03513513513513511
2017-03-06,7120,7120,6940,6940,84206,-0.02801120448179273
2017-03-07,6940,7170,6930,7160,82435,0.03170028818443793
2017-03-08,7160,7230,7140,7160,49176,0.0
2017-03-09,7220,7220,7050,7050,31821,-0.015363128491620137
2017-03-10,7060,7190,7040,7170,26272,0.017021276595744705
2017-03-13,7170,7190,7100,7150,27100,-0.002789400278940035
2017-03-14,7080,7200,7080,7160,41648,0.0013986013986013734
2017-03-15,7130,7200,7100,7120,18711,-0.005586592178770999
2017-03-16,7160,7170,7100,7110,20229,-0.001404494382022503
2017-03-17,7160,7210,7130,7170,47644,0.00843881856540074
2017-03-20,7210,7210,7150,7170,21742,0.0
2017-03-21,7170,7200,7050,7110,25623,-0.008368200836820106
2017-03-22,7100,7150,7010,7070,63848,-0.005625879043600568
2017-03-23,7100,7150,7030,7110,28064,0.005657708628005631
2017-03-24,7160,7270,7060,7260,53945,0.021097046413502074
2017-03-27,7250,7290,7200,7260,21767,0.0
2017-03-28,7260,7290,7220,7270,30388,0.0013774104683195176
2017-03-29,7280,7330,7220,7270,41399,0.0
2017-03-30,7340,7340,7240,7250,32451,-0.0027510316368638543
2017-03-31,7280,7450,7260,7350,87145,0.01379310344827589
2017-04-03,7370,7490,7370,7450,53380,0.013605442176870763
2017-04-04,7430,7460,7370,7440,32651,-0.0013422818791946067
2017-04-05,7400,7520,7350,7450,59145,0.0013440860215054862
2017-04-06,7390,7460,7320,7320,25647,-0.01744966442953022
2017-04-07,7210,7320,7180,7320,78206,0.0
2017-04-10,7410,7620,7190,7240,236591,-0.010928961748633892
2017-04-11,7250,7320,7050,7200,65800,-0.0055248618784530246
2017-04-12,7220,7280,7100,7170,27321,-0.004166666666666652
2017-04-13,7200,7400,7150,7220,101179,0.0069735006973501434
2017-04-14,7200,7270,7130,7140,29806,-0.011080332409972304
2017-04-17,7140,7230,7110,7150,54852,0.0014005602240896309
2017-04-18,7120,7240,7120,7130,37351,-0.002797202797202747
2017-04-19,7120,7200,7090,7140,38501,0.0014025245441795509
2017-04-20,7140,7190,7110,7140,18668,0.0
2017-04-21,7140,7200,7090,7180,51171,0.0056022408963585235
2017-04-24,7130,7200,7120,7140,30227,-0.005571030640668551
2017-04-25,7160,7210,7120,7210,38644,0.009803921568627416
2017-04-26,7240,7270,7180,7220,41622,0.001386962552011095
2017-04-27,7220,7240,7100,7130,69025,-0.012465373961218829
2017-04-28,7150,7150,7000,7030,95288,-0.014025245441795287
2017-05-02,7030,7080,7000,7030,62312,0.0
2017-05-04,7080,7080,7000,7060,45618,0.004267425320056972
2017-05-08,7110,7180,7100,7140,96957,0.011331444759206777
2017-05-10,7170,7170,7050,7140,99914,0.0
2017-05-11,7100,7160,7080,7130,69682,-0.0014005602240896309
2017-05-12,7090,7170,7090,7130,61984,0.0
2017-05-15,7110,7450,7090,7360,175749,0.032258064516129004
2017-05-16,7480,7530,7370,7400,261691,0.005434782608695565
2017-05-17,7480,7550,7330,7380,91988,-0.002702702702702675
2017-05-18,7300,7390,7280,7350,67383,-0.004065040650406471
2017-05-19,7400,7450,7360,7380,49343,0.004081632653061273
2017-05-22,7500,7590,7450,7580,293507,0.027100271002709952
2017-05-23,7590,7600,7490,7520,72654,-0.0079155672823219
2017-05-24,7530,7590,7490,7510,80760,-0.0013297872340425343
2017-05-25,7520,7570,7360,7400,56797,-0.01464713715046606
2017-05-26,7410,7470,7260,7300,64539,-0.013513513513513487
2017-05-29,7290,7380,7220,7270,66644,-0.004109589041095929
2017-05-30,7270,7340,7230,7300,70087,0.004126547455295837
2017-05-31,7310,7340,7260,7330,70889,0.004109589041095818
2017-06-01,7310,7360,7270,7340,65614,0.0013642564802183177
2017-06-02,7360,7370,7310,7370,36258,0.004087193460490468
2017-06-05,7420,7480,7300,7330,72207,-0.005427408412483015
2017-06-07,7380,7380,7060,7150,222534,-0.024556616643929052
2017-06-08,7150,7150,7070,7100,66228,-0.006993006993006978
2017-06-09,7100,7140,7070,7090,46062,-0.0014084507042253502
2017-06-12,7100,7110,7040,7060,46921,-0.004231311706629048
2017-06-13,7060,7100,7050,7060,42377,0.0
2017-06-14,7090,7110,7060,7060,45177,0.0
2017-06-15,7100,7100,7000,7060,42118,0.0
2017-06-16,7100,7140,7060,7130,44474,0.009915014164305846
2017-06-19,7150,7150,7060,7120,26613,-0.0014025245441795509
2017-06-20,7130,7200,7050,7090,110215,-0.004213483146067398
2017-06-21,7210,7210,7020,7060,85764,-0.004231311706629048
2017-06-22,7030,7060,7010,7030,60751,-0.004249291784702569
2017-06-23,7030,7100,7010,7060,39698,0.004267425320056972
2017-06-26,7060,7080,7000,7010,61296,-0.007082152974504208
2017-06-27,7000,7010,6910,6970,74863,-0.005706134094151216
2017-06-28,6970,6970,6700,6720,204946,-0.03586800573888094
2017-06-29,6730,6800,6550,6660,147604,-0.008928571428571397
2017-06-30,6680,6680,6520,6650,91978,-0.0015015015015015232
2017-07-03,6660,6670,6560,6580,56104,-0.010526315789473717
2017-07-04,6580,6590,6430,6520,110281,-0.00911854103343468
2017-07-05,6560,6560,6330,6340,130186,-0.027607361963190136
2017-07-06,6350,6440,6310,6430,49673,0.014195583596214423
2017-07-07,6430,6460,6390,6430,22522,0.0
2017-07-10,6450,6450,6310,6350,50811,-0.01244167962674958
2017-07-11,6390,6390,6300,6320,43456,-0.0047244094488189115
2017-07-12,6290,6360,6230,6310,39011,-0.0015822784810126667
2017-07-13,6300,6350,6240,6250,46450,-0.009508716323296307
2017-07-14,6280,6280,6110,6150,61549,-0.016000000000000014
2017-07-17,6190,6190,6050,6060,50928,-0.014634146341463428
2017-07-18,6030,6070,5710,5840,264947,-0.0363036303630363
2017-07-19,5800,5980,5750,5890,126013,0.008561643835616417
2017-07-20,5940,6020,5900,5990,92788,0.01697792869269943
2017-07-21,5990,6050,5980,6000,32934,0.0016694490818029983
2017-07-24,6040,6040,5940,5940,21805,-0.010000000000000009
2017-07-25,5990,6030,5980,5990,56291,0.008417508417508435
2017-07-26,5990,6150,5990,6100,62063,0.01836393989983298
2017-07-27,6110,6230,6070,6200,95586,0.016393442622950838
2017-07-28,6220,6230,6160,6180,87140,-0.003225806451612856
2017-07-31,6180,6240,6100,6190,46811,0.0016181229773462036
2017-08-01,6160,6380,6160,6370,115799,0.029079159935379684
2017-08-02,6350,6420,6330,6400,46831,0.0047095761381474865
2017-08-03,6430,6430,6270,6280,55966,-0.018750000000000044
2017-08-04,6280,6370,6210,6310,24277,0.004777070063694211
2017-08-07,6250,6350,6240,6250,29764,-0.009508716323296307
2017-08-08,6250,6370,6230,6370,42407,0.019200000000000106
2017-08-09,6350,6360,6260,6310,32981,-0.009419152276295084
2017-08-10,6250,6290,6160,6220,21771,-0.014263074484944571
2017-08-11,6200,6200,5970,6080,41198,-0.022508038585209
2017-08-14,6070,6160,6050,6100,27011,0.00328947368421062
2017-08-16,6020,6130,6020,6060,32531,-0.006557377049180357
2017-08-17,6010,6180,6010,6180,28724,0.01980198019801982
2017-08-18,6190,6190,6060,6130,23544,-0.008090614886731351
2017-08-21,6080,6140,6060,6100,14086,-0.004893964110929905
2017-08-22,6070,6160,6070,6150,15971,0.008196721311475308
2017-08-23,6170,6280,6110,6230,49040,0.01300813008130075
2017-08-24,6150,6300,6150,6290,29578,0.009630818619582593
2017-08-25,6220,6340,6220,6340,33129,0.007949125596184325
2017-08-28,6270,6350,6270,6320,9392,-0.003154574132492094
2017-08-29,6240,6350,6240,6340,22225,0.0031645569620253333
2017-08-30,6340,6350,6210,6290,18262,-0.007886435331230235
2017-08-31,6330,6370,6220,6340,39820,0.007949125596184325
2017-09-01,6340,6390,6340,6350,17733,0.001577287066246047
2017-09-04,6220,6380,6220,6300,61723,-0.007874015748031482
2017-09-05,6370,6370,6290,6330,21799,0.004761904761904745
2017-09-06,6330,6330,6240,6240,19111,-0.014218009478673022
2017-09-07,6240,6320,6240,6310,20688,0.011217948717948678
2017-09-08,6310,6340,6240,6300,31007,-0.0015847860538826808
2017-09-11,6300,6300,6200,6250,26416,-0.007936507936507908
2017-09-12,6250,6270,6160,6180,43875,-0.011199999999999988
2017-09-13,6150,6150,6000,6010,117860,-0.027508090614886682
2017-09-14,6010,6060,5860,6000,68194,-0.0016638935108153063
2017-09-15,6000,6000,5670,5910,152812,-0.015000000000000013
2017-09-18,5850,6030,5690,5770,202213,-0.02368866328257191
2017-09-19,5800,5810,5630,5660,83828,-0.01906412478336217
2017-09-20,5600,5680,5600,5610,36345,-0.00883392226148405
2017-09-21,5620,5650,5500,5520,33162,-0.016042780748663055
2017-09-22,5520,5540,5290,5290,79189,-0.04166666666666663
2017-09-25,5150,5320,5100,5320,71509,0.005671077504725952
2017-09-26,5330,5330,5110,5140,95038,-0.03383458646616544
2017-09-27,5190,5250,5100,5200,71231,0.011673151750972721
2017-09-28,5230,5250,5090,5090,44169,-0.02115384615384619
2017-09-29,5150,5190,5090,5150,39568,0.011787819253438192
2017-10-10,5180,5230,5120,5160,19765,0.001941747572815622
2017-10-11,5180,5200,5130,5200,28448,0.007751937984496138
2017-10-12,5230,5260,5180,5210,19331,0.0019230769230769162
2017-10-13,5210,5210,5010,5010,76344,-0.03838771593090207
2017-10-16,5070,5070,4890,4890,89604,-0.0239520958083832
2017-10-17,4900,4970,4850,4970,52865,0.01635991820040905
2017-10-18,4980,5000,4905,4920,15881,-0.010060362173038184
2017-10-19,4910,4950,4880,4925,19027,0.00101626016260159
2017-10-20,4950,4995,4910,4925,12010,0.0
2017-10-23,4925,4980,4925,4950,20080,0.0050761421319796
2017-10-24,4945,4990,4945,4990,23167,0.008080808080808133
2017-10-25,4990,4995,4875,4920,52233,-0.014028056112224463
2017-10-26,4955,4960,4910,4935,9463,0.0030487804878047697
2017-10-27,4975,5140,4935,5130,84199,0.03951367781155013
2017-10-30,5150,5210,5060,5200,47074,0.013645224171539905
2017-10-31,5160,5240,5160,5240,32170,0.007692307692307665
2017-11-01,5240,5240,5160,5210,30349,-0.005725190839694694
2017-11-02,5210,5210,5130,5180,17184,-0.0057581573896353655
2017-11-03,5210,5230,5140,5200,18512,0.0038610038610038533
2017-11-06,5230,5230,5120,5210,34168,0.0019230769230769162
2017-11-07,5200,5210,5160,5210,17081,0.0
2017-11-08,5210,5300,4970,5250,51290,0.007677543186180413
2017-11-09,5250,5270,5150,5270,20730,0.003809523809523707
2017-11-10,5260,5300,5200,5250,14237,-0.003795066413662229
2017-11-13,5210,5290,5170,5200,22293,-0.00952380952380949
2017-11-14,5160,5220,5120,5170,67659,-0.005769230769230749
2017-11-15,5180,5530,5170,5450,200201,0.05415860735009681
2017-11-16,5450,5450,5340,5400,33255,-0.00917431192660545
2017-11-17,5410,5500,5370,5490,43114,0.016666666666666607
2017-11-20,5500,5500,5290,5350,61317,-0.025500910746812377
2017-11-21,5350,5360,5230,5250,42185,-0.01869158878504673
2017-11-22,5290,5300,5210,5230,34300,-0.003809523809523818
2017-11-23,5280,5360,5250,5320,40973,0.017208413001912115
2017-11-24,5340,5370,5300,5340,36378,0.003759398496240518
2017-11-27,5350,5460,5300,5460,49908,0.022471910112359605
2017-11-28,5450,5460,5370,5430,37659,-0.005494505494505475
2017-11-29,5430,5460,5290,5360,45195,-0.012891344383057057
2017-11-30,5350,5450,5280,5430,58065,0.013059701492537323
2017-12-01,5430,5470,5320,5330,29962,-0.018416206261510082
2017-12-04,5300,5350,5250,5280,28530,-0.009380863039399667
2017-12-05,5280,5390,5260,5380,33086,0.018939393939394034
2017-12-06,5380,5460,5340,5380,50313,0.0
2017-12-07,5340,5420,5320,5320,14719,-0.01115241635687736
2017-12-08,5270,5290,5120,5130,62418,-0.0357142857142857
2017-12-11,5100,5120,4970,5080,33316,-0.00974658869395717
2017-12-12,5030,5100,5020,5040,26586,-0.007874015748031482
2017-12-13,5030,5230,5020,5130,79646,0.017857142857142794
2017-12-14,5120,5190,5100,5100,16077,-0.005847953216374324
2017-12-15,5100,5500,5070,5150,494936,0.009803921568627416
2017-12-18,5200,5320,5130,5200,55978,0.009708737864077666
2017-12-19,5200,5250,5140,5230,44627,0.005769230769230749
2017-12-20,5230,5250,5180,5220,19682,-0.0019120458891013214
2017-12-21,5200,5240,5110,5240,92319,0.003831417624521105
2017-12-22,5220,5240,5110,5180,53987,-0.011450381679389277
2017-12-26,5190,5310,5140,5300,50404,0.02316602316602312
2017-12-27,5260,5290,5170,5220,20549,-0.015094339622641506
2017-12-28,5200,5250,5130,5200,29970,-0.003831417624521105
2018-01-02,5200,5240,5150,5210,17361,0.0019230769230769162
2018-01-03,5200,5290,5140,5290,83998,0.015355086372360827
2018-01-04,5290,5310,5210,5220,33119,-0.013232514177693777
2018-01-05,5270,5270,5130,5190,31711,-0.005747126436781658
2018-01-08,5180,5190,5120,5130,43528,-0.011560693641618491
2018-01-09,5120,5190,5100,5130,35630,0.0
2018-01-10,5110,5210,5070,5110,40435,-0.003898635477582846
2018-01-11,5110,5250,5110,5200,46750,0.017612524461839474
2018-01-12,5230,5230,5100,5180,27863,-0.0038461538461538325
2018-01-15,5210,5280,5190,5190,62425,0.0019305019305020377
2018-01-16,5210,5210,5130,5200,51239,0.0019267822736031004
2018-01-17,5230,5690,5230,5610,478039,0.07884615384615379
2018-01-18,5720,5850,5640,5670,287237,0.010695187165775444
2018-01-19,5700,5920,5610,5800,235217,0.022927689594356204
2018-01-22,5920,5930,5820,5840,112956,0.006896551724137945
2018-01-23,5840,5880,5750,5880,111879,0.006849315068493178
2018-01-24,5890,5960,5810,5890,58554,0.001700680272108901
2018-01-25,5890,6140,5890,6100,220973,0.035653650254668934
2018-01-26,6100,6140,6010,6130,91645,0.004918032786885185
2018-01-29,6130,6150,6060,6130,91448,0.0
2018-01-30,6130,6150,5950,5960,134517,-0.027732463295269127
2018-01-31,5900,6000,5790,5960,66479,0.0
2018-02-01,5990,6050,5900,6000,54477,0.006711409395973256
2018-02-02,6030,6060,5800,5800,62807,-0.033333333333333326
2018-02-05,5700,5780,5470,5650,146776,-0.025862068965517238
2018-02-06,5420,5790,5420,5750,127168,0.017699115044247815
2018-02-07,5850,5940,5690,5740,104801,-0.0017391304347825765
2018-02-08,5790,5820,5720,5740,35144,0.0
2018-02-09,5600,5710,5600,5670,36972,-0.012195121951219523
2018-02-12,5700,5790,5690,5730,31046,0.010582010582010692
2018-02-13,5730,5760,5540,5600,121602,-0.022687609075043635
2018-02-14,5600,5670,5510,5600,29171,0.0
2018-02-19,5670,5680,5550,5660,13508,0.010714285714285676
2018-02-20,5670,5700,5600,5620,29647,-0.007067137809187329
2018-02-21,5680,5680,5600,5620,18993,0.0
2018-02-22,5650,5680,5500,5590,61457,-0.005338078291814985
2018-02-23,5550,5600,5530,5560,36467,-0.00536672629695889
2018-02-26,5570,5640,5530,5540,46423,-0.003597122302158251
2018-02-27,5570,5700,5570,5610,86677,0.012635379061371799
2018-02-28,5700,5990,5680,5810,271944,0.035650623885918
2018-03-02,5760,5820,5680,5780,85287,-0.005163511187607606
2018-03-05,5800,5820,5580,5620,70956,-0.02768166089965396
2018-03-06,5690,5690,5540,5570,53174,-0.008896797153024938
2018-03-07,5590,5590,5480,5490,56137,-0.014362657091561926
2018-03-08,5460,5560,5460,5530,29420,0.007285974499089187
2018-03-09,5530,5550,5490,5540,39077,0.001808318264014508
2018-03-12,5550,5610,5510,5610,44265,0.012635379061371799
2018-03-13,5590,5660,5560,5640,31708,0.005347593582887722
2018-03-14,5640,5650,5500,5560,72008,-0.014184397163120588
2018-03-15,5570,5640,5440,5610,56764,0.008992805755395628
2018-03-16,5630,5630,5470,5510,42404,-0.017825311942959
2018-03-19,5520,5530,5380,5410,68133,-0.01814882032667875
2018-03-20,5360,5520,5280,5360,62737,-0.009242144177449174
2018-03-21,5460,5460,5350,5380,32484,0.003731343283582156
2018-03-22,5410,5410,5260,5260,59253,-0.022304832713754608
2018-03-23,5200,5260,5070,5140,75887,-0.02281368821292773
2018-03-26,5100,5280,5090,5190,64595,0.009727626459143934
2018-03-27,5280,5340,5250,5310,29091,0.023121387283236983
2018-03-28,5190,5270,5180,5250,44827,-0.011299435028248594
2018-03-29,5280,5280,5140,5200,37517,-0.00952380952380949
2018-03-30,5240,5440,5180,5440,67089,0.04615384615384621
2018-04-02,5540,5580,5380,5550,82070,0.020220588235294157
2018-04-03,5450,5550,5390,5550,73474,0.0
2018-04-04,5560,5610,5280,5320,70025,-0.04144144144144146
2018-04-05,5320,5570,5320,5460,49442,0.026315789473684292
2018-04-06,5470,5500,5370,5440,21134,-0.00366300366300365
2018-04-09,5420,5600,5420,5530,65886,0.016544117647058876
2018-04-10,5590,5590,5380,5390,57396,-0.025316455696202556
2018-04-11,5360,5460,5350,5410,27211,0.0037105751391466324
2018-04-12,5350,5450,5240,5240,91384,-0.031423290203327126
2018-04-13,5230,5300,5230,5280,29487,0.007633587786259444
2018-04-16,5290,5340,5250,5340,22443,0.011363636363636465
2018-04-17,5380,5390,5310,5340,27632,0.0
2018-04-18,5350,5470,5340,5420,55011,0.014981273408239737
2018-04-19,5450,5450,5330,5340,43629,-0.014760147601476037
2018-04-20,5340,5530,5340,5490,83056,0.028089887640449396
2018-04-23,5540,5760,5530,5670,151163,0.032786885245901676
2018-04-24,5670,5700,5540,5670,63903,0.0
2018-04-25,5660,5670,5500,5570,41538,-0.01763668430335097
2018-04-26,5600,5650,5520,5540,29686,-0.0053859964093356805
2018-04-27,5540,5560,5460,5540,31969,0.0
2018-04-30,5550,5550,5440,5520,71773,-0.0036101083032491488
2018-05-02,5550,5770,5510,5700,190843,0.032608695652173836
2018-05-03,5760,5760,5640,5700,57504,0.0
2018-05-04,5700,5720,5620,5670,32502,-0.0052631578947368585
2018-05-08,5700,5750,5590,5610,51373,-0.010582010582010581
2018-05-09,5640,5660,5540,5570,42166,-0.007130124777183555
2018-05-10,5570,5620,5540,5600,25374,0.0053859964093356805
2018-05-11,5600,5680,5580,5580,31113,-0.0035714285714285587
2018-05-14,5580,5670,5540,5560,101765,-0.0035842293906810374
2018-05-15,5630,5640,5540,5580,54700,0.003597122302158251
2018-05-16,5400,5400,5070,5080,425488,-0.08960573476702505
2018-05-17,5110,5120,4845,4870,242265,-0.04133858267716539
2018-05-18,4875,4955,4810,4940,113133,0.014373716632443578
2018-05-21,4900,4940,4830,4860,83160,-0.01619433198380571
2018-05-23,4840,4860,4755,4760,94546,-0.020576131687242816
2018-05-24,4765,4785,4645,4740,155495,-0.004201680672268893
2018-05-25,4730,4730,4580,4645,150209,-0.020042194092827037
2018-05-28,4695,4795,4585,4720,150853,0.016146393972013007
2018-05-29,4735,4745,4600,4640,110386,-0.016949152542372836
2018-05-30,4670,4670,4565,4590,50947,-0.010775862068965525
2018-05-31,4620,4635,4590,4605,23889,0.0032679738562091387
2018-06-01,4605,4650,4580,4650,195230,0.009771986970684043
2018-06-04,4665,4760,4640,4750,82368,0.021505376344086002
2018-06-05,4740,4750,4685,4715,21619,-0.00736842105263158
2018-06-07,4770,4770,4715,4735,22274,0.0042417815482502785
2018-06-08,4725,4820,4725,4820,39152,0.017951425554382228
2018-06-11,4830,4855,4790,4800,30387,-0.004149377593360981
2018-06-12,4820,4840,4700,4745,31041,-0.011458333333333348
2018-06-14,4735,4745,4625,4685,42749,-0.012644889357218081
2018-06-15,4690,4690,4615,4645,33886,-0.008537886872998945
2018-06-18,4700,4700,4520,4590,55705,-0.011840688912809427
2018-06-19,4500,4585,4450,4475,85559,-0.025054466230936767
2018-06-20,4450,4495,4360,4425,64589,-0.011173184357541888
2018-06-21,4385,4520,4385,4420,37372,-0.001129943502824804
2018-06-22,4465,4465,4365,4395,50211,-0.005656108597285048
2018-06-25,4415,4435,4390,4430,14029,0.007963594994311762
2018-06-26,4435,4455,4400,4445,18796,0.003386004514672747
2018-06-27,4445,4485,4415,4455,4073,0.0022497187851517886
2018-06-28,4475,4475,4325,4380,18766,-0.01683501683501687
2018-06-29,4335,4395,4295,4360,17673,-0.004566210045662156
2018-07-02,4380,4385,4195,4230,30460,-0.029816513761467878
2018-07-03,4230,4245,4000,4085,81472,-0.0342789598108747
2018-07-04,3980,4110,3980,4045,20879,-0.009791921664626724
2018-07-05,3985,4060,3985,4045,20610,0.0
2018-07-06,4065,4180,3960,4175,12613,0.03213844252163156
2018-07-09,4180,4180,4160,4170,5830,-0.0011976047904191933
2018-07-10,4125,4245,4125,4245,13273,0.017985611510791477
2018-07-11,4200,4260,4160,4225,6925,-0.004711425206124886
2018-07-12,4245,4245,4205,4240,3572,0.0035502958579882726
2018-07-13,4255,4315,4230,4295,13512,0.01297169811320753
2018-07-16,4300,4315,4215,4295,6256,0.0
2018-07-17,4290,4310,4285,4295,6063,0.0
2018-07-18,4295,4295,4260,4285,10841,-0.002328288707799775
2018-07-19,4285,4310,4230,4270,12974,-0.003500583430571802
2018-07-20,4270,4270,4215,4270,10222,0.0
2018-07-23,4310,4310,4125,4250,13405,-0.004683840749414525
2018-07-24,4250,4270,4220,4245,15038,-0.0011764705882353343
2018-07-25,4200,4245,4180,4230,12847,-0.0035335689045936647
2018-07-26,4215,4275,4210,4275,13854,0.010638297872340496
2018-07-27,4290,4290,4230,4275,4006,0.0
2018-07-30,4235,4390,4225,4340,22920,0.015204678362572999
2018-07-31,4345,4380,4330,4370,11367,0.00691244239631339
2018-08-01,4390,4395,4340,4390,8736,0.004576659038901587
2018-08-02,4405,4425,4390,4415,8653,0.005694760820045497
2018-08-03,4430,4440,4345,4400,6635,-0.003397508493771184
2018-08-06,4445,4460,4420,4460,13871,0.013636363636363669
2018-08-07,4460,4460,4425,4450,7987,-0.0022421524663677195
2018-08-08,4460,4480,4450,4455,12929,0.0011235955056179137
2018-08-09,4435,4465,4435,4460,10565,0.001122334455667895
2018-08-10,4460,4460,4430,4450,11776,-0.0022421524663677195
2018-08-13,4465,4465,4330,4380,11669,-0.01573033707865168
2018-08-14,4400,4405,4365,4405,10922,0.005707762557077611
2018-08-16,4425,4425,4330,4405,14381,0.0
2018-08-17,4405,4500,4350,4480,19638,0.017026106696935273
2018-08-20,4500,4510,4475,4500,17337,0.0044642857142858094
2018-08-21,4515,4555,4480,4530,30721,0.006666666666666599
2018-08-22,4485,4540,4485,4530,19323,0.0
2018-08-23,4550,4550,4400,4505,30135,-0.0055187637969095205
2018-08-24,4480,4480,4395,4405,24852,-0.02219755826859049
2018-08-27,4405,4425,4265,4315,34846,-0.020431328036322416
2018-08-28,4260,4315,4260,4290,22350,-0.005793742757821518
2018-08-29,4280,4310,4255,4290,11467,0.0
2018-08-30,4290,4320,4265,4290,19216,0.0
2018-08-31,4255,4335,4245,4300,26584,0.002331002331002363
2018-09-03,4315,4320,4260,4300,34581,0.0
2018-09-04,4270,4300,4230,4295,30419,-0.0011627906976744429
2018-09-05,4270,4320,4265,4290,27377,-0.0011641443538998875
2018-09-06,4300,4335,4265,4290,15299,0.0
2018-09-07,4290,4295,4255,4280,15879,-0.002331002331002363
2018-09-10,4280,4280,4220,4260,17811,-0.004672897196261627
2018-09-11,4275,4275,4210,4260,12351,0.0
2018-09-12,4265,5190,4265,4515,2294646,0.059859154929577496
2018-09-13,4480,4560,4450,4540,128511,0.005537098560354448
2018-09-14,4540,4565,4455,4515,97745,-0.005506607929515406
2018-09-17,4485,4575,4485,4505,64730,-0.0022148394241418012
2018-09-18,4505,4530,4450,4475,62007,-0.006659267480577102
2018-09-19,4490,4490,4420,4445,28241,-0.006703910614525133
2018-09-20,4445,4470,4390,4415,41878,-0.006749156355455588
2018-09-21,4415,4455,4395,4445,11911,0.006795016987542368
2018-09-27,4450,4465,4430,4455,17143,0.0022497187851517886
2018-09-28,4430,4480,4405,4465,21871,0.002244668911335568
2018-10-01,4465,4555,4445,4555,69359,0.02015677491601342
2018-10-02,4590,4595,4505,4525,47158,-0.00658616904500553
2018-10-04,4520,4540,4450,4505,36696,-0.0044198895027623974
2018-10-05,4505,4550,4450,4530,41361,0.005549389567147678
2018-10-08,4555,4555,4425,4470,27994,-0.013245033112582738
2018-10-10,4430,4465,4125,4125,96780,-0.07718120805369133
2018-10-11,4005,4120,4005,4015,90440,-0.026666666666666616
2018-10-12,3900,4075,3900,4000,31596,-0.0037359900373599153
2018-10-15,3965,4025,3965,4000,9123,0.0
2018-10-16,4045,4295,4000,4165,76338,0.04125000000000001
2018-10-17,4140,4230,4085,4135,22949,-0.007202881152461038
2018-10-18,4115,4145,4085,4115,4312,-0.0048367593712213
2018-10-19,4130,4130,4035,4120,14336,0.0012150668286756705
2018-10-22,4115,4115,4030,4095,11755,-0.0060679611650485965
2018-10-23,4015,4100,3985,4000,22333,-0.023199023199023228
2018-10-24,3980,4020,3945,3950,26042,-0.012499999999999956
2018-10-25,3855,3920,3830,3870,30032,-0.020253164556962022
2018-10-26,3850,3925,3650,3685,61460,-0.04780361757105944
2018-10-29,3580,3700,3265,3265,68919,-0.11397557666214386
2018-10-30,3070,3315,3070,3315,75644,0.015313935681470214
2018-10-31,3300,3335,3230,3320,38202,0.0015082956259426794
2018-11-01,3305,3415,3290,3345,28628,0.0075301204819278045
2018-11-02,3400,3530,3300,3495,15089,0.04484304932735417
2018-11-05,3470,3470,3405,3460,15565,-0.010014306151645225
2018-11-06,3460,3540,3460,3510,6600,0.014450867052023142
2018-11-07,3570,3625,3480,3480,16930,-0.008547008547008517
2018-11-08,3500,3580,3485,3560,7699,0.02298850574712641
2018-11-09,3530,3560,3465,3515,8090,-0.012640449438202195
2018-11-12,3515,3570,3515,3570,10959,0.01564722617354186
2018-11-13,3550,3550,3420,3535,13977,-0.009803921568627416
2018-11-14,3535,3590,3485,3575,7934,0.011315417256011262
2018-11-15,3565,3595,3500,3560,14010,-0.004195804195804231
2018-11-16,3600,3705,3575,3665,18140,0.02949438202247201
2018-11-19,3630,3710,3630,3705,10542,0.01091405184174632
2018-11-20,3700,3745,3635,3705,3535,0.0
2018-11-21,3635,3700,3620,3700,5037,-0.0013495276653171517
2018-11-22,3700,3795,3695,3720,18967,0.00540540540540535
2018-11-23,3720,3775,3670,3675,5320,-0.012096774193548376
2018-11-26,3630,3735,3630,3675,10602,0.0
2018-11-27,3730,4050,3700,3745,148761,0.01904761904761898
2018-11-28,3795,3795,3710,3725,16572,-0.005340453938584733
2018-11-29,3725,3795,3720,3745,15044,0.005369127516778427
2018-11-30,3745,3755,3650,3745,21288,0.0
2018-12-03,3745,3815,3705,3800,26310,0.014686248331108098
2018-12-04,3805,3830,3770,3825,29302,0.006578947368421018
2018-12-05,3825,3845,3800,3840,27493,0.0039215686274509665
2018-12-06,3815,3840,3705,3790,19822,-0.01302083333333337
2018-12-07,3770,3805,3705,3790,21561,0.0
2018-12-10,3790,3790,3695,3725,15930,-0.01715039577836408
2018-12-11,3795,3795,3700,3700,3275,-0.006711409395973145
2018-12-12,3715,3755,3690,3745,7904,0.012162162162162149
2018-12-13,3755,3825,3725,3805,24753,0.01602136181575431
2018-12-14,3815,3815,3770,3795,3529,-0.0026281208935611255
2018-12-17,3795,3825,3750,3805,6535,0.0026350461133068936
2018-12-18,3735,3820,3730,3780,9061,-0.006570302233902758
2018-12-19,3735,3880,3735,3880,52383,0.02645502645502651
2018-12-20,3890,4360,3850,4060,594134,0.046391752577319645
2018-12-21,4100,4105,3880,3880,103711,-0.044334975369458074
2018-12-24,3860,3860,3800,3800,39939,-0.020618556701030966
2018-12-26,3765,3860,3685,3715,41487,-0.022368421052631593
2018-12-27,3750,3790,3670,3700,32948,-0.004037685060565233
2018-12-28,3670,3775,3670,3725,27635,0.006756756756756799
2019-01-02,3780,3780,3655,3660,23882,-0.01744966442953022
2019-01-03,3660,3725,3580,3660,33158,0.0
2019-01-04,3640,3735,3525,3735,57239,0.020491803278688492
2019-01-07,3765,3765,3685,3700,13118,-0.009370816599732268
2019-01-08,3675,3725,3605,3680,14969,-0.00540540540540535
2019-01-09,3700,3710,3675,3690,8370,0.0027173913043478937
2019-01-10,3710,3770,3700,3755,23976,0.017615176151761558
2019-01-11,3770,3780,3730,3770,8056,0.003994673768308976
2019-01-14,3780,3870,3765,3850,31288,0.021220159151193574
2019-01-15,3870,3910,3850,3895,37294,0.011688311688311748
2019-01-16,3910,3910,3865,3870,13229,-0.006418485237484006
2019-01-17,3900,3915,3820,3865,26634,-0.0012919896640827266
2019-01-18,3920,3960,3860,3940,34171,0.019404915912031084
2019-01-21,3970,4050,3910,4020,63748,0.020304568527918843
2019-01-22,3990,4050,3970,4030,43890,0.0024875621890547706
2019-01-23,4040,4110,4005,4070,65404,0.00992555831265518
2019-01-24,4080,4680,4070,4200,980913,0.03194103194103204
2019-01-25,4185,4245,4145,4180,112632,-0.004761904761904745
2019-01-28,4180,4200,4060,4100,107017,-0.019138755980861233
2019-01-29,4110,4110,4035,4070,23506,-0.007317073170731714
2019-01-30,4070,4120,4060,4085,25058,0.0036855036855036882
2019-01-31,4085,4190,4075,4180,78490,0.023255813953488413
2019-02-01,4190,4190,4120,4150,29405,-0.0071770334928229484
2019-02-07,4165,4175,4110,4165,17949,0.0036144578313253017
2019-02-08,4175,4175,4110,4150,13000,-0.0036014405762304635
2019-02-11,4130,4175,4100,4115,14512,-0.008433734939759074
2019-02-12,4110,4195,4110,4180,25682,0.015795868772782606
2019-02-13,4200,4220,4175,4185,15484,0.0011961722488038617
2019-02-14,4185,4215,4135,4200,23806,0.0035842293906809264
2019-02-15,4210,4210,4150,4180,10387,-0.004761904761904745
2019-02-18,4190,4215,4160,4200,17966,0.004784688995215225
2019-02-19,4200,4230,4165,4230,14197,0.0071428571428571175
2019-02-20,4235,4240,4160,4180,26182,-0.011820330969267157
2019-02-21,4195,4215,4120,4190,35011,0.0023923444976077235
2019-02-22,4195,4260,4190,4260,60905,0.01670644391408116
2019-02-25,4275,4320,4250,4300,56446,0.009389671361502261
2019-02-26,4340,4340,4240,4275,68649,-0.005813953488372103
2019-02-27,4295,4315,4255,4260,31992,-0.0035087719298245723
2019-02-28,4260,4320,4210,4220,59313,-0.009389671361502372
2019-03-04,4270,4415,4245,4360,148718,0.033175355450236976
2019-03-05,4410,4410,4305,4325,48060,-0.008027522935779796
2019-03-06,4375,4700,4375,4495,526624,0.03930635838150298
2019-03-07,4495,4510,4200,4265,229417,-0.05116796440489435
2019-03-08,4245,4640,4185,4310,813560,0.010550996483001063
2019-03-11,4350,4880,4300,4600,1651066,0.06728538283062635
2019-03-12,4645,4845,4555,4720,500587,0.026086956521739202
2019-03-13,4725,5030,4680,4795,677622,0.01588983050847448
2019-03-14,4840,4880,4705,4860,201337,0.01355578727841511
2019-03-15,4890,5080,4785,5000,385295,0.028806584362139898
2019-03-18,4950,4995,4895,4980,147413,-0.0040000000000000036
2019-03-19,4980,5040,4960,5020,94623,0.008032128514056325
2019-03-20,5030,5040,4780,4970,167310,-0.009960159362549792
2019-03-21,4990,5010,4830,5000,179704,0.006036217303822866
2019-03-22,5080,5120,4900,5070,277530,0.014000000000000012
2019-03-25,5000,5090,4960,5040,101782,-0.00591715976331364
2019-03-26,5050,5110,4985,5070,104219,0.005952380952380931
2019-03-27,5150,5430,5060,5070,1428486,0.0
2019-03-28,5080,5100,4920,4990,253390,-0.015779092702169595
2019-03-29,5050,5060,4855,4950,88183,-0.008016032064128265
2019-04-01,4990,5030,4920,4990,54540,0.008080808080808133
2019-04-02,4990,5220,4970,5200,165027,0.04208416833667328
2019-04-03,5230,5230,5140,5190,75966,-0.0019230769230769162
2019-04-04,5190,5280,5150,5240,96823,0.009633911368015502
2019-04-05,5340,5440,5180,5200,213632,-0.007633587786259555
2019-04-08,5170,5370,5170,5310,112310,0.02115384615384608
2019-04-09,5330,5410,5270,5350,111309,0.007532956685499137
2019-04-10,5350,5450,5310,5400,172386,0.009345794392523255
2019-04-11,5430,5460,5400,5430,87124,0.005555555555555536
2019-04-12,5430,5610,5380,5610,181274,0.03314917127071815
2019-04-15,5630,5630,5430,5480,175358,-0.02317290552584672
2019-04-16,5470,5470,5260,5300,103388,-0.03284671532846717
2019-04-17,5320,5980,5270,5800,909072,0.09433962264150941
2019-04-18,5880,5990,5470,5510,684854,-0.050000000000000044
2019-04-19,5520,5610,5380,5460,171147,-0.00907441016333943
2019-04-22,5640,6020,5560,5920,514264,0.08424908424908417
2019-04-23,5890,6110,5840,5940,228901,0.0033783783783782884
2019-04-24,6000,6250,5810,5910,381193,-0.005050505050505083
2019-04-25,5970,5970,5730,5800,131172,-0.0186125211505922
2019-04-26,5770,5930,5610,5840,117556,0.006896551724137945
2019-04-29,5840,5910,5770,5880,63599,0.006849315068493178
2019-04-30,5930,5930,5780,5870,99252,-0.00170068027210879
2019-05-02,5800,5960,5790,5870,62586,0.0
2019-05-03,5810,5930,5810,5880,55033,0.0017035775127767216
2019-05-07,5830,5830,5700,5720,82834,-0.027210884353741527
2019-05-08,5660,5710,5520,5570,108598,-0.02622377622377625
2019-05-09,5570,5670,5300,5370,151577,-0.03590664272890487
2019-05-10,5270,5390,5200,5320,66895,-0.009310986964618295
2019-05-13,5330,5550,5330,5370,107319,0.009398496240601517
2019-05-14,5160,5400,5160,5370,48715,0.0
2019-05-15,5410,5470,5320,5450,57183,0.014897579143389184
2019-05-16,5500,5540,5150,5160,185776,-0.053211009174311874
2019-05-17,5250,5250,4975,4995,101087,-0.03197674418604646
2019-05-20,4910,5000,4810,4870,102346,-0.025025025025025016
2019-05-21,4920,4930,4800,4910,66279,0.008213552361396204
2019-05-22,4930,4940,4795,4795,78383,-0.023421588594704668
2019-05-23,4880,4880,4710,4710,45230,-0.017726798748696537
2019-05-24,4720,4720,4585,4650,66901,-0.01273885350318471
2019-05-27,4670,4720,4540,4600,52789,-0.010752688172043001
2019-05-28,4555,4680,4555,4620,110294,0.004347826086956497
2019-05-29,4620,4635,4400,4430,101377,-0.04112554112554112
2019-05-30,4430,4520,4420,4515,74540,0.019187358916478603
2019-05-31,4500,4595,4480,4530,22968,0.0033222591362125353
2019-06-03,4560,4560,4460,4485,40646,-0.009933774834437137
2019-06-04,4485,4525,4435,4510,32556,0.00557413600891854
2019-06-05,4675,4675,4485,4485,60224,-0.005543237250554278
2019-06-07,4570,4570,4470,4525,45780,0.008918617614269708
2019-06-10,4580,4580,4510,4540,29467,0.0033149171270718814
2019-06-11,4510,4580,4510,4555,39576,0.0033039647577093323
2019-06-12,4555,4740,4540,4670,88895,0.02524698133918779
2019-06-13,4660,4710,4620,4665,41826,-0.0010706638115631772
2019-06-14,4685,4705,4620,4675,37998,0.002143622722400762
2019-06-17,4685,4690,4540,4580,63535,-0.02032085561497321
2019-06-18,4580,4580,4450,4520,82815,-0.013100436681222738
2019-06-19,4535,4550,4500,4550,46408,0.006637168141592875
2019-06-20,4550,4555,4505,4550,41689,0.0
2019-06-21,4555,4570,4500,4555,42098,0.001098901098901095
2019-06-24,4570,4570,4465,4485,38811,-0.015367727771679496
2019-06-25,4485,4545,4335,4420,81233,-0.01449275362318836
2019-06-26,4460,4460,4180,4260,78401,-0.03619909502262442
2019-06-27,4320,4325,4240,4245,35447,-0.0035211267605633756
2019-06-28,4285,4285,4230,4285,39368,0.009422850412249772
2019-07-01,4320,4320,4200,4270,50054,-0.003500583430571802
2019-07-02,4285,4285,4175,4220,38980,-0.011709601873536313
2019-07-03,4185,4230,4155,4200,42417,-0.004739336492891044
2019-07-04,4240,4240,4125,4170,38708,-0.0071428571428571175
2019-07-05,4170,4200,4155,4190,17613,0.004796163069544335
2019-07-08,4200,4200,4030,4080,55895,-0.026252983293556076
2019-07-09,4015,4095,3985,3985,43601,-0.023284313725490224
2019-07-10,3980,4065,3980,4040,26919,0.013801756587201952
2019-07-11,4045,4110,4045,4110,25360,0.017326732673267342
2019-07-12,4075,4135,4070,4120,29378,0.0024330900243310083
2019-07-15,4115,4115,4060,4090,32178,-0.007281553398058249
2019-07-16,4085,4090,4050,4075,18916,-0.003667481662591676
2019-07-17,4040,4090,3980,3995,30287,-0.019631901840490795
2019-07-18,3995,4000,3945,4000,24023,0.0012515644555695093
2019-07-19,3970,4075,3970,4060,44221,0.014999999999999902
2019-07-22,4060,4085,4030,4050,16430,-0.0024630541871921707
2019-07-23,4050,4080,4020,4050,17588,0.0
2019-07-24,4050,4060,3970,4035,27949,-0.0037037037037036535
2019-07-25,3980,4030,3870,3900,47181,-0.03345724907063197
2019-07-26,3875,3955,3780,3830,39544,-0.017948717948717996
2019-07-29,3830,3830,3585,3590,59840,-0.06266318537859006
2019-07-30,3570,3795,3570,3735,34047,0.04038997214484685
2019-07-31,3735,3860,3720,3840,33920,0.028112449799196693
2019-08-01,3820,3915,3795,3865,29364,0.006510416666666741
2019-08-02,3800,3875,3760,3800,18889,-0.01681759379042691
2019-08-05,3865,3865,3580,3630,38968,-0.044736842105263186
2019-08-06,3430,3630,3430,3440,71500,-0.052341597796143224
2019-08-07,3360,3555,3360,3520,63774,0.023255813953488413
2019-08-08,3510,3615,3510,3605,36476,0.024147727272727293
2019-08-09,3605,3700,3575,3675,59944,0.01941747572815533
2019-08-12,3600,3730,3600,3705,31082,0.008163265306122547
2019-08-13,3650,3715,3650,3715,15584,0.0026990553306343035
2019-08-14,3755,4130,3755,3865,269938,0.04037685060565277
2019-08-16,3805,3915,3780,3910,44534,0.011642949547218562
2019-08-19,3920,3940,3870,3895,68020,-0.0038363171355498826
2019-08-20,3905,3975,3890,3950,40880,0.01412066752246477
2019-08-21,3955,4025,3935,4010,78527,0.0151898734177216
2019-08-22,4035,4035,3975,4025,50062,0.0037406483790523026
2019-08-23,4025,4025,3920,3940,92820,-0.02111801242236022
2019-08-26,3855,3855,3735,3745,62994,-0.04949238578680204
2019-08-27,3785,3930,3765,3865,58273,0.03204272363150862
2019-08-28,3905,3905,3820,3895,21599,0.0077619663648125226
2019-08-29,3910,3910,3850,3910,24071,0.0038510911424902705
2019-08-30,3910,3970,3910,3950,28048,0.010230179028132946
2019-09-02,3940,3960,3895,3960,33844,0.0025316455696202667
2019-09-03,3975,3985,3920,3930,18555,-0.007575757575757569
2019-09-04,3965,3965,3870,3935,33159,0.0012722646310432406
2019-09-05,3940,4010,3925,4000,42335,0.016518424396442244
2019-09-06,4045,4155,4020,4150,100178,0.03750000000000009
2019-09-09,4130,4155,4040,4075,66451,-0.01807228915662651
2019-09-10,4095,4095,4035,4085,30301,0.0024539877300613355
2019-09-11,4085,4125,4055,4100,16222,0.003671970624234966
2019-09-16,4100,4130,4055,4120,22065,0.004878048780487809
2019-09-17,4150,4150,4060,4125,39440,0.0012135922330096527
2019-09-18,4150,4450,4120,4350,323937,0.05454545454545445
2019-09-19,4430,4460,4275,4310,112428,-0.00919540229885063
2019-09-20,4395,4400,4250,4335,75956,0.0058004640371229765
2019-09-23,4290,4340,4265,4340,33350,0.0011534025374855261
2019-09-24,4320,4395,4320,4395,37856,0.012672811059907918
2019-09-25,4380,4440,4320,4375,51050,-0.004550625711035261
2019-09-26,4375,4450,4350,4440,43789,0.014857142857142902
2019-09-27,4370,4475,4370,4470,32576,0.006756756756756799
2019-09-30,4440,4495,4345,4400,32707,-0.015659955257270708
2019-10-01,4365,4430,4355,4425,43466,0.005681818181818121
2019-10-02,4420,4420,4250,4325,35103,-0.02259887005649719
2019-10-04,4260,4340,4245,4265,18007,-0.01387283236994219
2019-10-07,4195,4230,4090,4115,47547,-0.035169988276670616
2019-10-08,4140,4140,4065,4115,19250,0.0
2019-10-10,4150,4150,4065,4110,22554,-0.0012150668286755595
2019-10-11,4080,4140,4070,4095,37565,-0.0036496350364964014
2019-10-14,4095,4175,4090,4150,52825,0.013431013431013383
2019-10-15,4150,4320,4135,4285,56734,0.032530120481927716
2019-10-16,4280,4585,4280,4575,189052,0.0676779463243875
2019-10-17,4575,4635,4530,4575,55937,0.0
2019-10-18,4580,4605,4455,4490,39590,-0.01857923497267755
2019-10-21,4630,4640,4475,4475,64502,-0.0033407572383074013
2019-10-22,4480,4590,4445,4515,43501,0.00893854748603351
2019-10-23,4510,4510,4330,4400,49107,-0.025470653377630104
2019-10-24,4395,4400,4320,4365,31353,-0.007954545454545436
2019-10-25,4395,4400,4340,4400,17731,0.008018327605956443
2019-10-28,4425,4465,4365,4465,30676,0.014772727272727382
2019-10-29,4470,4545,4450,4525,41792,0.013437849944008873
2019-10-30,4525,4530,4250,4450,39374,-0.016574585635359074
2019-10-31,4455,4535,4405,4525,48727,0.016853932584269593
2019-11-01,4530,4570,4460,4505,34861,-0.0044198895027623974
2019-11-04,4485,4520,4440,4500,32053,-0.0011098779134295356
2019-11-05,4500,4565,4465,4495,38957,-0.0011111111111110628
2019-11-06,4495,4515,4440,4495,55039,0.0
2019-11-07,4490,4505,4410,4475,22903,-0.004449388209121219
2019-11-08,4470,4470,4340,4440,59831,-0.007821229050279377
2019-11-11,4435,4435,4295,4410,24706,-0.006756756756756799
2019-11-12,4380,4425,4330,4405,19433,-0.0011337868480725266
2019-11-13,4380,4405,4275,4355,49277,-0.011350737797956922
2019-11-14,4355,4405,4250,4405,50010,0.01148105625717566
2019-11-15,4405,4485,4305,4485,54344,0.018161180476730987
2019-11-18,4465,4565,4425,4465,70827,-0.004459308807134854
2019-11-19,4400,4465,4390,4420,46248,-0.01007838745800671
2019-11-20,4420,4460,4300,4400,44306,-0.004524886877828038
2019-11-21,4320,4375,4240,4295,43392,-0.02386363636363631
2019-11-22,4295,4305,4185,4235,32412,-0.01396973224679865
2019-11-25,4235,4285,4205,4260,24221,0.005903187721369552
2019-11-26,4250,4330,4250,4305,21501,0.010563380281690238
2019-11-27,4305,4340,4265,4340,34562,0.008130081300812941
2019-11-28,4330,4355,4310,4340,10191,0.0
2019-11-29,4350,4350,4260,4315,32302,-0.005760368663594417
2019-12-02,4340,4455,4315,4450,51324,0.03128621089223649
2019-12-03,4430,4450,4385,4415,21575,-0.00786516853932584
2019-12-04,4400,4430,4295,4315,36205,-0.022650056625141524
2019-12-05,4340,4380,4275,4370,22171,0.012746234067207318
2019-12-06,4355,4450,4350,4450,15363,0.01830663615560635
2019-12-09,4460,4550,4440,4545,50472,0.02134831460674147
2019-12-10,4585,4590,4470,4525,28787,-0.004400440044004417
2019-12-11,4525,4585,4520,4575,30769,0.011049723756906049
2019-12-12,4585,4585,4520,4575,18535,0.0
2019-12-13,4645,5050,4625,5030,690838,0.09945355191256833
2019-12-16,5040,5090,4925,5010,206823,-0.003976143141153132
2019-12-17,5000,5050,4950,4995,86053,-0.0029940119760478723
2019-12-18,5010,5090,4920,5060,95631,0.013013013013013053
2019-12-19,5060,5190,4985,5130,158378,0.01383399209486158
2019-12-20,5150,5160,5050,5070,46595,-0.011695906432748537
2019-12-23,5060,5060,4770,4785,179890,-0.056213017751479244
2019-12-24,4770,4800,4730,4785,48011,0.0
2019-12-26,4880,4880,4785,4815,35560,0.006269592476489061
2019-12-27,4810,4870,4775,4820,22763,0.0010384215991692258
2019-12-30,4805,4825,4780,4820,25645,0.0
2020-01-02,4780,4845,4780,4800,31244,-0.004149377593360981
2020-01-03,4810,4845,4745,4830,77325,0.006250000000000089
2020-01-06,4830,4890,4645,4885,93364,0.011387163561076497
2020-01-07,4885,4995,4870,4950,55514,0.013306038894575156
2020-01-08,4955,5000,4750,4900,184873,-0.010101010101010055
2020-01-09,4980,5100,4965,4975,68120,0.015306122448979664
2020-01-10,5000,5010,4950,4985,29888,0.0020100502512563345
2020-01-13,5020,5070,4985,5040,47930,0.011033099297893756
2020-01-14,5040,5040,4935,5020,58270,-0.003968253968253954
2020-01-15,5020,5030,4985,5030,57481,0.0019920318725099584
2020-01-16,5030,5140,5020,5140,61184,0.021868787276341894
2020-01-17,5140,5230,5100,5210,40500,0.013618677042801508
2020-01-20,5240,5260,5140,5220,40729,0.0019193857965451588
2020-01-21,5210,5230,5040,5120,43118,-0.019157088122605415
2020-01-22,5100,5150,5020,5130,54270,0.001953125
2020-01-23,5080,5170,5070,5150,58573,0.003898635477582957
2020-01-28,4940,5100,4910,4975,68104,-0.03398058252427183
2020-01-29,5010,5060,4950,5060,36068,0.0170854271356784
2020-01-30,5040,5070,4900,4980,42180,-0.015810276679841917
2020-01-31,4980,4980,4800,4860,33041,-0.02409638554216864
2020-02-03,4705,4820,4640,4805,42710,-0.011316872427983515
2020-02-04,4765,4895,4765,4895,29916,0.018730489073881307
2020-02-05,4905,4960,4830,4910,28023,0.003064351378958108
2020-02-06,4930,4985,4845,4985,27191,0.015274949083503131
2020-02-07,4970,5000,4900,5000,35592,0.0030090270812437314
2020-02-10,4980,4985,4930,4970,30365,-0.006000000000000005
2020-02-11,4985,5050,4960,5010,35228,0.008048289738430636
2020-02-12,5010,5090,5000,5070,32946,0.011976047904191711
2020-02-13,5070,5110,5030,5080,40142,0.0019723865877712132
2020-02-14,5080,5140,4955,5120,43473,0.007874015748031482
2020-02-17,5130,5130,5050,5100,26972,-0.00390625
2020-02-18,5100,5110,4905,5030,37710,-0.013725490196078383
2020-02-19,5040,5040,4895,4970,32944,-0.011928429423459286
2020-02-20,4970,4990,4855,4940,23025,-0.006036217303822977
2020-02-21,4890,4890,4750,4830,50687,-0.022267206477732837
2020-02-24,4660,4825,4375,4405,156111,-0.087991718426501
2020-02-25,4320,4540,4310,4500,78985,0.02156640181611813
2020-02-26,4465,4465,4355,4430,47016,-0.015555555555555545
2020-02-27,4395,4475,4245,4350,78340,-0.018058690744920947
2020-02-28,4210,4300,4075,4120,108959,-0.05287356321839076
2020-03-02,4145,4165,4050,4125,60002,0.0012135922330096527
2020-03-03,4225,4265,4145,4150,40286,0.0060606060606061
2020-03-04,4145,4245,4055,4245,37344,0.02289156626506017
2020-03-05,4290,4310,4220,4265,44167,0.004711425206124886
2020-03-06,4245,4245,4080,4130,69947,-0.03165298944900352
2020-03-09,4075,4075,3705,3710,249305,-0.10169491525423724
2020-03-10,3630,3725,3590,3700,168554,-0.0026954177897574594
2020-03-11,3665,3795,3645,3685,152530,-0.004054054054054013
2020-03-12,3600,3680,3410,3540,176607,-0.03934871099050208
2020-03-13,3395,3395,2930,3200,214416,-0.096045197740113
2020-03-16,3225,3300,2980,3040,91430,-0.050000000000000044
2020-03-17,2720,3040,2720,3000,85387,-0.013157894736842146
2020-03-18,3025,3050,2875,2895,55155,-0.03500000000000003
2020-03-19,2950,2985,2310,2460,156456,-0.15025906735751293
2020-03-20,2335,2550,2335,2550,123484,0.03658536585365857
2020-03-23,2340,2375,2235,2320,224434,-0.09019607843137256
2020-03-24,2300,2420,2300,2415,65161,0.04094827586206895
2020-03-25,2500,2595,2455,2595,92348,0.07453416149068315
2020-03-26,2595,2980,2475,2750,196377,0.05973025048169567
2020-03-27,2865,2995,2735,2840,108670,0.032727272727272716
2020-03-30,2640,2845,2640,2805,61469,-0.01232394366197187
2020-03-31,3025,3520,2925,3345,574019,0.19251336898395732
2020-04-01,3745,3775,3200,3245,538429,-0.029895366218236186
2020-04-02,3205,3510,3130,3470,308392,0.06933744221879823
2020-04-03,3480,3485,3335,3390,152110,-0.023054755043227626
2020-04-06,3410,3480,3300,3480,145964,0.026548672566371723
2020-04-07,3500,3525,3345,3480,221403,0.0
2020-04-08,3440,3495,3385,3450,96920,-0.008620689655172376
2020-04-09,3490,3520,3440,3465,53475,0.004347826086956497
2020-04-10,3465,3625,3385,3575,204194,0.031746031746031855
2020-04-13,3605,3605,3445,3460,77855,-0.032167832167832144
2020-04-14,3580,3580,3470,3535,55461,0.021676300578034713
2020-04-16,3535,3535,3330,3495,65584,-0.011315417256011262
2020-04-17,3515,3665,3515,3650,197061,0.044349070100142995
2020-04-20,3650,3800,3650,3780,154941,0.03561643835616435
2020-04-21,3730,3780,3460,3600,136789,-0.04761904761904767
2020-04-22,3505,3555,3445,3530,78064,-0.019444444444444486
2020-04-23,3540,3660,3540,3630,41600,0.028328611898017053
2020-04-24,3630,3630,3500,3500,52157,-0.03581267217630857
2020-04-27,3535,3620,3535,3605,35915,0.030000000000000027
2020-04-28,3620,3630,3540,3590,43582,-0.004160887656033285
2020-04-29,3610,3645,3595,3620,43751,0.008356545961002881
2020-05-04,3600,3940,3560,3815,294290,0.05386740331491713
2020-05-06,3860,3945,3815,3885,143098,0.0183486238532109
2020-05-07,3890,3945,3800,3940,87568,0.014157014157014203
2020-05-08,3955,3980,3905,3925,78620,-0.0038071065989847552
2020-05-11,3940,3975,3900,3965,96406,0.010191082802547768
2020-05-12,3965,3965,3825,3865,89260,-0.02522068095838592
2020-05-13,3800,3845,3765,3825,106272,-0.010349288486416586
2020-05-14,3805,3855,3760,3830,50978,0.0013071895424836555
2020-05-15,3835,3850,3500,3610,139700,-0.057441253263707526
2020-05-18,3605,3665,3495,3600,97807,-0.0027700831024930483
2020-05-19,3620,3725,3595,3675,142833,0.02083333333333326
2020-05-20,3675,3890,3650,3870,154410,0.05306122448979589
2020-05-21,3950,4125,3865,3900,498611,0.007751937984496138
2020-05-22,3915,3975,3795,3855,74492,-0.011538461538461497
2020-05-25,3855,3905,3810,3890,62968,0.009079118028534339
2020-05-26,3935,3965,3885,3935,92918,0.011568123393316254
2020-05-27,3950,4050,3935,3980,121342,0.011435832274459878
2020-05-28,4000,4090,3805,3855,165890,-0.031407035175879394
2020-05-29,3855,4550,3800,4035,2863512,0.04669260700389111
2020-06-01,4005,4255,3935,4085,558318,0.012391573729863659
2020-06-02,4075,4285,4055,4285,432575,0.0489596083231334
2020-06-03,4310,4320,4115,4200,262060,-0.019836639439906656
2020-06-04,4190,4195,4060,4105,267560,-0.02261904761904765
2020-06-05,4105,4210,4025,4160,153644,0.013398294762484664
2020-06-08,4180,4400,4100,4280,457955,0.028846153846153744
2020-06-09,4285,4300,4165,4260,91309,-0.004672897196261627
2020-06-10,4260,4275,4125,4160,98972,-0.023474178403755874
2020-06-11,4190,4190,4000,4050,141188,-0.02644230769230771
2020-06-12,3880,3945,3830,3945,110647,-0.025925925925925908
2020-06-15,3945,3985,3605,3630,109081,-0.07984790874524716
2020-06-16,3650,3765,3650,3755,114978,0.03443526170798905
2020-06-17,3740,3810,3680,3785,66698,0.007989347536617952
2020-06-18,3720,3845,3720,3790,35871,0.0013210039630118242
2020-06-19,3840,3845,3785,3830,40246,0.01055408970976246
2020-06-22,3815,3880,3805,3830,19810,0.0
2020-06-23,3850,3900,3765,3825,65536,-0.0013054830287205776
2020-06-24,3850,3855,3785,3845,46855,0.005228758169934622
2020-06-25,3820,3835,3725,3795,41086,-0.013003901170351106
2020-06-26,3800,3815,3715,3810,29145,0.0039525691699604515
2020-06-29,3810,3810,3705,3755,39255,-0.014435695538057791
2020-06-30,3760,3795,3730,3730,23612,-0.0066577896138482195
2020-07-01,3775,4130,3750,3825,389171,0.025469168900804195
2020-07-02,3830,3920,3830,3860,62235,0.009150326797385588
2020-07-03,3895,3940,3850,3915,43024,0.014248704663212486
2020-07-06,3970,4100,3915,4040,155678,0.03192848020434225
2020-07-07,4300,4300,4000,4000,209293,-0.00990099009900991
2020-07-08,4020,4050,3965,4050,32120,0.012499999999999956
2020-07-09,4015,4200,4015,4120,138257,0.01728395061728394
2020-07-10,4100,4155,3915,4110,100206,-0.0024271844660194164
2020-07-13,4150,4185,4100,4185,86571,0.018248175182481674
2020-07-14,4190,4310,4150,4200,205988,0.0035842293906809264
2020-07-15,4245,4270,4120,4165,83831,-0.008333333333333304
2020-07-16,4150,4205,4140,4180,41884,0.0036014405762305746
2020-07-17,4165,4185,4110,4135,77369,-0.010765550239234423
2020-07-20,4155,4155,4025,4110,66052,-0.006045949214026569
2020-07-21,4100,4250,4055,4245,131346,0.03284671532846706
2020-07-22,4285,4535,4240,4395,479186,0.035335689045936425
2020-07-23,4400,4435,4205,4350,164915,-0.010238907849829393
2020-07-24,4300,4380,4135,4200,120714,-0.03448275862068961
2020-07-27,4200,4275,4055,4265,126093,0.015476190476190421
2020-07-28,4315,4315,4115,4190,92880,-0.017584994138335253
2020-07-29,4190,4190,4100,4145,69831,-0.010739856801909253
2020-07-30,4150,4180,4105,4130,43431,-0.003618817852834688
2020-07-31,4120,4145,4050,4110,53578,-0.004842615012106588
2020-08-03,4190,4305,4155,4170,181846,0.014598540145985384
2020-08-04,4210,4280,4150,4270,119290,0.023980815347721895
2020-08-05,4295,4295,4205,4245,66316,-0.005854800936768156
2020-08-06,4295,4485,4200,4310,288979,0.01531213191990588
2020-08-07,4370,4370,4230,4305,92736,-0.001160092807424573
2020-08-10,4435,4530,4355,4380,315102,0.017421602787456525
2020-08-11,4370,4425,4295,4360,134637,-0.004566210045662156
2020-08-12,4385,4390,4210,4330,112532,-0.006880733944954143
2020-08-13,4330,4330,4190,4200,341101,-0.03002309468822173
2020-08-14,4190,4210,4065,4065,153153,-0.03214285714285714
2020-08-18,3945,3950,3675,3675,276961,-0.09594095940959413
2020-08-19,3710,3780,3675,3705,63388,0.008163265306122547
2020-08-20,3655,3735,3490,3490,86354,-0.05802968960863697
2020-08-21,3490,3600,3450,3470,75363,-0.005730659025787954
2020-08-24,3600,3670,3470,3515,128849,0.012968299711815456
2020-08-25,3570,3695,3540,3605,106977,0.02560455192034139
2020-08-26,3625,3690,3525,3595,97438,-0.00277392510402219
2020-08-27,3595,3620,3470,3475,126590,-0.033379694019471495
2020-08-28,3510,3555,3475,3475,61933,0.0
2020-08-31,3535,3555,3480,3535,51759,0.01726618705035965
2020-09-01,3510,3620,3510,3600,48421,0.018387553041018467
2020-09-02,3670,3670,3575,3605,76866,0.001388888888888884
2020-09-03,3655,3765,3610,3700,254408,0.026352288488210807
2020-09-04,3600,3810,3550,3800,173893,0.027027027027026973
2020-09-07,3850,4040,3830,3920,321403,0.03157894736842115
2020-09-08,4015,4015,3855,3915,142046,-0.0012755102040816757
2020-09-09,3900,3980,3755,3930,188914,0.003831417624521105
2020-09-10,4230,4445,4020,4025,1357730,0.024173027989821794
2020-09-11,4020,4150,3945,4020,201401,-0.001242236024844745
2020-09-14,4095,4095,3985,4000,145281,-0.00497512437810943
2020-09-15,4080,4100,3990,4085,185371,0.02124999999999999
2020-09-16,4080,4110,4020,4030,98357,-0.01346389228886169
2020-09-17,4035,4070,3955,3960,73280,-0.017369727047146455
2020-09-18,4000,4005,3910,4000,73019,0.010101010101010166
2020-09-21,4005,4020,3800,3845,77138,-0.03874999999999995
2020-09-22,3850,3875,3680,3705,98156,-0.03641092327698314
2020-09-23,3845,3845,3615,3705,41117,0.0
2020-09-24,3620,3690,3515,3535,112715,-0.045883940620782715
2020-09-25,3515,3655,3515,3595,59095,0.016973125884016893
2020-09-28,3600,3685,3595,3675,33491,0.022253129346314404
2020-09-29,3695,3785,3685,3720,44584,0.012244897959183598
2020-10-05,3740,4000,3735,3960,276154,0.06451612903225801
2020-10-06,4020,4020,3855,3900,67211,-0.015151515151515138
2020-10-07,3920,3970,3870,3955,66762,0.014102564102564052
2020-10-08,3975,4030,3900,4030,173509,0.01896333754740831
2020-10-12,4025,4090,3965,4030,135965,0.0
2020-10-13,4090,4200,3985,4030,293580,0.0
2020-10-14,4075,4900,3955,4305,9990854,0.06823821339950364
2020-10-15,4310,4315,4130,4220,701860,-0.019744483159117254
2020-10-16,4195,4460,4080,4140,1324707,-0.018957345971563955
2020-10-19,4215,4335,4135,4250,414260,0.02657004830917864
2020-10-20,4215,4375,4155,4225,340594,-0.00588235294117645
2020-10-21,4260,4305,4205,4295,150100,0.016568047337278013
2020-10-22,4315,4315,4170,4195,176615,-0.023282887077997638
2020-10-23,4230,4430,4195,4300,398238,0.025029797377830842
2020-10-26,4300,4310,4165,4165,174482,-0.03139534883720929
2020-10-27,4165,4255,4080,4170,190338,0.0012004801920768582
2020-10-28,4185,4395,4185,4225,396995,0.01318944844124692
2020-10-29,4140,4265,4085,4200,129531,-0.00591715976331364
2020-10-30,4235,4235,4115,4125,97947,-0.017857142857142905
2020-11-02,4140,4315,4140,4310,237419,0.044848484848484915
2020-11-03,4310,4380,4265,4290,297517,-0.004640371229698403
2020-11-04,4350,4365,3865,4015,678887,-0.0641025641025641
2020-11-05,4220,4280,4110,4270,437348,0.06351183063511834
2020-11-06,4390,5200,4285,5090,7842321,0.1920374707259953
2020-11-09,5190,5730,5090,5290,5098554,0.03929273084479368
2020-11-10,5230,5480,5150,5240,1297265,-0.009451795841209809
2020-11-11,5250,5470,5150,5470,1065390,0.043893129770992356
2020-11-12,5370,5420,5280,5360,499063,-0.020109689213894
2020-11-13,5350,5350,5010,5120,425620,-0.04477611940298509
2020-11-16,5170,5170,5030,5050,316739,-0.013671875
2020-11-17,5050,5060,4865,4950,266939,-0.01980198019801982
2020-11-18,4950,5050,4935,5040,162643,0.018181818181818077
2020-11-19,4945,5040,4920,4950,92284,-0.017857142857142905
2020-11-20,4950,5070,4940,4950,117677,0.0
2020-11-23,4955,5040,4920,4985,120885,0.007070707070707005
2020-11-24,5080,5150,4980,5020,252396,0.007021063189568633
2020-11-25,5110,5110,4910,4960,179817,-0.01195219123505975
2020-11-26,4960,4985,4875,4900,107934,-0.012096774193548376
2020-11-27,4905,5090,4905,5030,184759,0.026530612244898055
2020-11-30,5030,5130,4980,5020,113404,-0.001988071570576566
2020-12-01,5020,5050,4980,5020,111068,0.0
2020-12-02,5050,5230,5020,5190,387074,0.03386454183266929
2020-12-03,5190,5190,5010,5110,189652,-0.015414258188824692
2020-12-04,5130,5130,4945,4990,167025,-0.023483365949119372
2020-12-07,4990,5040,4920,4930,152300,-0.012024048096192397
2020-12-08,4985,4985,4835,4845,110017,-0.017241379310344862
2020-12-09,4845,4940,4830,4850,66943,0.0010319917440659854
2020-12-10,4840,4925,4760,4915,123954,0.013402061855670055
2020-12-11,4970,5700,4970,5070,4471629,0.03153611393692768
2020-12-14,5070,5160,4985,5030,324390,-0.007889546351084853
2020-12-15,5030,5260,5010,5090,498193,0.011928429423459175
2020-12-16,5150,5250,5060,5170,318409,0.015717092337917515
2020-12-17,5220,6090,5130,5660,6584323,0.09477756286266925
2020-12-18,5650,5660,5410,5500,845723,-0.028268551236749095
2020-12-21,5510,5520,5230,5260,553178,-0.043636363636363584
2020-12-22,5190,5390,5110,5130,408475,-0.024714828897338448
2020-12-23,5120,5220,5030,5070,265518,-0.011695906432748537
2020-12-24,5070,5190,4970,5030,314690,-0.007889546351084853
2020-12-28,5010,5050,4960,4970,316209,-0.011928429423459286
2020-12-29,4970,5070,4970,5060,100843,0.01810865191146882
2020-12-30,5050,5240,5030,5200,193063,0.027667984189723382
2021-01-04,5180,5250,5080,5230,325109,0.005769230769230749
2021-01-05,5230,5280,5150,5230,269654,0.0
2021-01-06,5250,5480,5160,5480,750095,0.04780114722753348
2021-01-07,5660,5910,5480,5630,2333073,0.027372262773722733
2021-01-08,5770,5770,5500,5630,675657,0.0
2021-01-11,5630,5650,5310,5490,503271,-0.0248667850799289
2021-01-12,5470,5540,5360,5500,192261,0.0018214936247722413
2021-01-13,5500,5520,5400,5470,148853,-0.00545454545454549
2021-01-14,5530,5560,5430,5470,105249,0.0
2021-01-15,5490,5730,5460,5630,693817,0.02925045703839113
2021-01-18,5620,5840,5180,5280,440507,-0.06216696269982236
2021-01-19,5270,5470,5260,5470,208272,0.0359848484848484
2021-01-20,5540,5540,5330,5440,175157,-0.005484460694698323
2021-01-21,5480,5490,5260,5340,226325,-0.018382352941176516
2021-01-22,5370,5540,5300,5460,266453,0.022471910112359605
2021-01-25,5420,5540,5420,5480,193959,0.00366300366300365
2021-01-26,5490,5540,5430,5440,143913,-0.007299270072992692
2021-01-27,5500,5650,5420,5530,299204,0.016544117647058876
2021-01-28,5440,5500,5320,5420,170584,-0.019891500904159143
2021-01-29,5390,5480,4980,5070,248979,-0.06457564575645758
2021-02-01,4955,5070,4880,5020,126758,-0.009861932938856066
2021-02-02,5070,5170,5000,5040,90656,0.003984063745019917
2021-02-03,5050,5140,5040,5100,71197,0.011904761904761862
2021-02-04,5110,5180,5010,5100,114186,0.0
2021-02-05,5100,5110,5000,5050,71930,-0.009803921568627416
2021-02-08,5050,5110,5000,5000,76402,-0.00990099009900991
2021-02-09,5020,5030,4900,4925,101222,-0.015000000000000013
2021-02-10,4955,4970,4860,4865,131949,-0.012182741116751217
2021-02-15,4900,5160,4870,4930,193733,0.013360739979445091
2021-02-16,4940,5180,4880,5000,178684,0.014198782961460488
2021-02-17,5050,5100,4985,5080,70666,0.016000000000000014
2021-02-18,5100,5100,4970,4995,91589,-0.0167322834645669
2021-02-19,5070,5080,4920,5030,65696,0.00700700700700696
2021-02-22,5080,5080,4960,4975,75389,-0.010934393638170947
2021-02-23,4970,5000,4860,4870,79580,-0.021105527638190957
2021-02-24,4870,4970,4680,4710,139908,-0.03285420944558526
2021-02-25,4710,4710,4530,4600,186174,-0.023354564755838636
2021-02-26,4510,4575,4300,4300,197605,-0.06521739130434778
2021-03-02,4370,4475,4330,4430,70621,0.03023255813953485
2021-03-03,4385,4475,4385,4460,43991,0.006772009029345272
2021-03-04,4475,4475,4275,4310,87732,-0.03363228699551568
2021-03-05,4250,4295,4140,4245,90841,-0.015081206496519672
2021-03-08,4275,4280,4185,4210,63514,-0.00824499411071844
2021-03-09,4205,4250,4035,4135,103573,-0.017814726840855055
2021-03-10,4145,4170,4100,4110,36235,-0.006045949214026569
2021-03-11,4100,4230,4070,4190,29619,0.019464720194647178
2021-03-12,4180,4385,4180,4320,66483,0.031026252983293645
2021-03-15,4325,4395,4300,4360,46157,0.0092592592592593
2021-03-16,4345,4435,4345,4390,39751,0.006880733944954143
2021-03-17,4390,4440,4375,4440,31835,0.011389521640091216
2021-03-18,4485,4500,4435,4495,54437,0.012387387387387427
2021-03-19,4450,4500,4420,4490,36116,-0.0011123470522803602
2021-03-22,4510,4510,4380,4450,34028,-0.008908685968819552
2021-03-23,4460,4480,4360,4445,47306,-0.0011235955056180247
2021-03-24,4465,4465,4355,4390,30466,-0.01237345331833517
2021-03-25,4390,5040,4380,4525,876540,0.03075170842824604
2021-03-26,4525,4600,4495,4500,82043,-0.0055248618784530246
2021-03-29,4500,4600,4500,4600,48248,0.022222222222222143
2021-03-30,4600,4655,4545,4655,72030,0.011956521739130421
2021-03-31,4655,4795,4630,4710,105614,0.011815252416756072
2021-04-01,4720,4755,4630,4695,77841,-0.0031847133757961776
2021-04-02,4705,4710,4570,4610,67783,-0.018104366347177825
2021-04-05,4640,4640,4535,4565,53050,-0.009761388286334105
2021-04-06,4835,4950,4780,4815,393602,0.05476451259583781
2021-04-07,4855,4995,4845,4950,189183,0.028037383177569986
2021-04-08,4945,5060,4915,5000,136802,0.010101010101010166
2021-04-09,5000,5070,4945,5010,96206,0.0020000000000000018
2021-04-12,5030,5090,4925,4930,122822,-0.015968063872255467
2021-04-13,4930,5020,4830,4840,102097,-0.018255578093306246
2021-04-14,4925,4940,4820,4935,58085,0.019628099173553792
2021-04-15,4940,4940,4835,4880,56058,-0.011144883485309065
2021-04-16,4985,4985,4790,4805,97496,-0.015368852459016424
2021-04-19,4850,4865,4725,4845,137051,0.008324661810613865
2021-04-20,4860,4875,4810,4850,47661,0.0010319917440659854
2021-04-21,4840,4860,4765,4800,88599,-0.010309278350515427
2021-04-22,4840,4875,4815,4860,39122,0.012499999999999956
2021-04-23,4940,4940,4770,4795,89964,-0.013374485596707841
2021-04-26,4800,4800,4705,4725,77075,-0.014598540145985384
2021-04-27,4740,4780,4685,4730,78234,0.0010582010582009804
2021-04-28,4730,4780,4660,4670,61522,-0.012684989429175508
2021-04-29,4670,4780,4585,4590,101242,-0.017130620985010725
2021-04-30,4650,4650,4485,4545,66378,-0.009803921568627416
2021-05-03,4545,4630,4545,4575,28776,0.0066006600660066805
2021-05-04,4510,4590,4470,4585,54562,0.002185792349726823
2021-05-06,4545,4640,4540,4610,26899,0.005452562704471031
2021-05-07,4610,4655,4590,4640,44510,0.006507592190889477
2021-05-10,4645,4730,4645,4690,55433,0.010775862068965525
2021-05-11,4700,4705,4600,4690,38722,0.0
2021-05-12,4670,4700,4535,4570,59860,-0.02558635394456288
2021-05-13,4525,4600,4480,4490,49219,-0.017505470459518557
2021-05-14,4495,4650,4490,4540,62437,0.011135857461024523
2021-05-17,4810,4810,4540,4595,43713,0.012114537444933848
2021-05-18,4605,4660,4595,4660,35293,0.014145810663764857
2021-05-20,4685,4700,4635,4670,43970,0.0021459227467810482
2021-05-21,4705,4740,4635,4685,59705,0.0032119914346895317
2021-05-24,4685,4700,4635,4675,29486,-0.002134471718249764
2021-05-25,4655,4800,4650,4800,84834,0.02673796791443861
2021-05-26,4800,4815,4735,4790,45602,-0.002083333333333326
2021-05-27,4790,4790,4725,4755,29310,-0.007306889352818424
2021-05-28,4755,4950,4735,4880,185280,0.02628811777076767
2021-05-31,4870,5120,4870,5090,429537,0.04303278688524581
2021-06-01,5170,5190,5080,5150,320093,0.011787819253438192
2021-06-02,5190,5190,5060,5110,147372,-0.007766990291262155
2021-06-03,5110,5140,4970,4990,182152,-0.023483365949119372
2021-06-04,5020,5210,5000,5170,303536,0.03607214428857719
2021-06-07,5190,5220,5120,5180,191267,0.0019342359767891004
2021-06-08,5150,5300,5060,5280,247473,0.019305019305019266
2021-06-09,5290,5350,5190,5250,242801,-0.005681818181818232
2021-06-10,5350,5370,5230,5360,230747,0.020952380952381056
2021-06-11,5390,5530,5360,5490,416123,0.02425373134328357
2021-06-14,5550,5550,5400,5410,182723,-0.014571948998178486
2021-06-15,5390,5410,5230,5250,213860,-0.02957486136783738
2021-06-16,5250,5350,5210,5310,110053,0.011428571428571344
2021-06-17,5330,5430,5310,5430,135000,0.02259887005649719
2021-06-18,5440,5520,5350,5390,163324,-0.007366482504604033
2021-06-21,5390,5460,5300,5440,178657,0.00927643784786647
2021-06-22,5480,5490,5250,5330,148598,-0.020220588235294157
2021-06-23,5390,5920,5280,5370,1106900,0.007504690431519689
2021-06-24,5370,5400,5280,5380,123361,0.0018621973929235924
2021-06-25,5380,5430,5320,5330,100642,-0.009293680297397744
2021-06-28,5310,5380,5260,5360,86465,0.0056285178236397115
2021-06-29,5390,5430,5330,5360,91486,0.0
2021-06-30,5360,5520,5340,5470,222181,0.020522388059701413
2021-07-01,5520,5520,5420,5470,99683,0.0
2021-07-02,5470,5480,5360,5410,106922,-0.010968921389396757
2021-07-05,5360,5410,5230,5300,171852,-0.020332717190388205
2021-07-06,5300,5480,5260,5470,219726,0.03207547169811331
2021-07-07,5480,5710,5480,5600,320888,0.02376599634369292
2021-07-08,5650,5670,5370,5500,186224,-0.017857142857142905
2021-07-09,5490,5490,5270,5350,165237,-0.027272727272727226
2021-07-12,5350,5440,5330,5440,72575,0.016822429906542036
2021-07-13,5490,5640,5440,5540,227970,0.018382352941176405
2021-07-14,5560,5630,5390,5450,142934,-0.016245487364620947
2021-07-15,5400,5530,5400,5470,112981,0.003669724770642091
2021-07-16,5430,5560,5430,5500,124406,0.005484460694698434
2021-07-19,5600,5920,5530,5600,888607,0.018181818181818077
2021-07-20,5600,5870,5590,5770,853380,0.03035714285714275
2021-07-21,5800,6680,5780,6120,2829366,0.060658578856152445
2021-07-22,6100,6290,6030,6220,701882,0.016339869281045694
2021-07-23,6300,6320,6120,6280,418473,0.009646302250803762
2021-07-26,6280,6850,6210,6520,1723388,0.03821656050955413
2021-07-27,6520,6650,6060,6120,729215,-0.06134969325153372
2021-07-28,6150,6310,5940,6230,379499,0.017973856209150263
2021-07-29,6540,6890,6250,6330,1103833,0.01605136436597121
2021-07-30,6340,6460,6240,6390,330956,0.009478672985782088
2021-08-02,6390,6480,6210,6300,338658,-0.014084507042253502
2021-08-03,6360,6360,6070,6200,235647,-0.015873015873015928
2021-08-04,6200,6250,6080,6240,204909,0.006451612903225712
2021-08-05,6250,6260,6110,6170,184242,-0.011217948717948678
2021-08-06,6180,6200,6070,6090,161996,-0.012965964343598091
2021-08-09,6080,6160,5900,6140,250587,0.008210180623973828
2021-08-10,6170,6300,6010,6140,198174,0.0
2021-08-11,6130,6130,5890,5910,261149,-0.037459283387622166
2021-08-12,5910,6090,5910,6050,135800,0.02368866328257191
2021-08-13,6100,6100,5750,5830,256442,-0.036363636363636376
2021-08-17,5890,6040,5700,5750,284704,-0.013722126929674117
2021-08-18,5760,5970,5650,5970,160012,0.03826086956521735
2021-08-19,5960,5960,5530,5550,257342,-0.07035175879396982
2021-08-20,5680,5680,5160,5300,303575,-0.04504504504504503
2021-08-23,5300,5480,5210,5380,142580,0.015094339622641506
2021-08-24,5410,5750,5410,5650,230131,0.05018587360594795
2021-08-25,5670,5890,5670,5800,209990,0.026548672566371723
2021-08-26,5850,5850,5620,5750,124389,-0.008620689655172376
2021-08-27,5750,5870,5610,5850,161068,0.017391304347825987
2021-08-30,5890,5930,5750,5850,118829,0.0
2021-08-31,5920,5920,5750,5810,114560,-0.006837606837606813
2021-09-01,5850,5890,5790,5860,134232,0.008605851979345935
2021-09-02,5840,5970,5790,5910,166621,0.008532423208191142
2021-09-03,5990,6210,5920,6110,331069,0.03384094754653133
2021-09-06,6180,6270,6110,6220,255524,0.018003273322422242
2021-09-07,6150,6220,6090,6170,116810,-0.008038585209003246
2021-09-08,6100,6160,6010,6150,119843,-0.0032414910858995505
2021-09-09,5970,6200,5970,6150,163503,0.0
2021-09-10,6090,6170,6050,6160,86697,0.001626016260162677
2021-09-13,6160,6160,5850,5920,145718,-0.038961038961038974
2021-09-14,5970,6110,5930,6010,73277,0.01520270270270263
2021-09-15,5980,5990,5880,5970,87446,-0.006655574043261225
2021-09-16,6000,6010,5850,5870,75861,-0.01675041876046901
2021-09-17,5870,5910,5710,5770,105419,-0.017035775127768327
2021-09-23,5660,5720,5550,5560,131123,-0.036395147313691534
2021-09-24,5560,5710,5510,5550,77975,-0.0017985611510791255
2021-09-27,5550,5690,5420,5600,71563,0.009009009009008917
2021-09-28,5530,5640,5460,5500,82807,-0.017857142857142905
2021-09-29,5400,5460,5280,5380,103047,-0.021818181818181848
2021-09-30,5380,5440,5300,5410,66114,0.005576208178438735
2021-10-01,5350,5470,5300,5360,87721,-0.009242144177449174
2021-10-05,5220,5280,5080,5120,157104,-0.04477611940298509
2021-10-06,5200,5200,4865,4885,128587,-0.0458984375
2021-10-07,4850,5030,4850,5020,60055,0.02763561924257929
2021-10-08,5090,5140,4930,5050,69606,0.005976095617529875
2021-10-12,5100,5100,4870,4970,50940,-0.015841584158415856
2021-10-13,4875,5050,4875,4980,43944,0.002012072434607548
2021-10-14,5050,5170,4970,5110,89056,0.026104417670682833
2021-10-15,5150,5180,5020,5090,55114,-0.003913894324853229
2021-10-18,5030,5090,4990,5010,86129,-0.015717092337917515
2021-10-19,5390,5540,5130,5130,479634,0.0239520958083832
2021-10-20,5230,5340,5110,5150,92000,0.003898635477582957
2021-10-21,5200,5220,5090,5160,56850,0.001941747572815622
2021-10-22,5130,5180,5030,5070,88129,-0.01744186046511631
2021-10-25,5190,5350,5120,5330,157252,0.05128205128205132
2021-10-26,5330,5350,5250,5330,61382,0.0
2021-10-27,5280,5320,5200,5210,43349,-0.022514071294559068
2021-10-28,5200,5260,5150,5190,39998,-0.0038387715930902067
2021-10-29,5300,5300,5130,5130,50719,-0.011560693641618491
2021-11-01,5140,5170,5060,5130,37839,0.0
2021-11-02,5160,5230,5130,5190,47295,0.011695906432748648
2021-11-03,5190,5240,5130,5230,42493,0.007707129094412402
2021-11-04,5210,5280,5120,5130,65397,-0.019120458891013437
2021-11-05,5130,5170,5060,5060,52956,-0.013645224171540016
2021-11-08,5060,5080,4960,5020,40826,-0.007905138339920903
2021-11-09,5020,5050,4900,4930,85727,-0.017928286852589626
2021-11-10,4880,4910,4675,4700,135016,-0.04665314401622722
2021-11-11,4610,4765,4610,4615,58009,-0.018085106382978777
2021-11-12,4615,4790,4615,4775,63444,0.034669555796316365
2021-11-15,4785,5260,4710,4855,287154,0.01675392670157061
2021-11-16,4865,4990,4825,4920,70292,0.013388259526261548
2021-11-17,4915,4915,4760,4805,72533,-0.023373983739837345
2021-11-18,4750,4890,4750,4775,54221,-0.00624349635796051
2021-11-19,4755,4810,4710,4800,44812,0.005235602094240788
2021-11-22,4800,4885,4795,4845,70978,0.009374999999999911
2021-11-23,4855,4900,4805,4805,35967,-0.008255933952528327
2021-11-24,4805,4865,4730,4795,38280,-0.002081165452653466
2021-11-25,4795,4795,4695,4715,31482,-0.016684045881126153
2021-11-26,4715,4720,4505,4530,68432,-0.03923647932131491
2021-11-29,4420,4495,4315,4355,70459,-0.03863134657836642
2021-11-30,4495,4495,4110,4130,100809,-0.051664753157290466
2021-12-01,4085,4215,4020,4210,63023,0.01937046004842613
2021-12-02,4150,4290,4135,4280,22526,0.016627078384798155
2021-12-03,4300,4350,4245,4345,22976,0.015186915887850372
2021-12-06,4345,4370,4235,4355,28173,0.0023014959723819395
2021-12-07,4355,4390,4345,4360,25380,0.0011481056257176547
2021-12-08,4395,4450,4270,4270,59327,-0.020642201834862428
2021-12-09,4335,4380,4260,4340,34256,0.016393442622950838
2021-12-10,4340,4395,4205,4360,23328,0.004608294930875667
2021-12-13,4320,4390,4320,4325,42170,-0.008027522935779796
2021-12-14,4325,4340,4205,4255,38403,-0.016184971098265888
2021-12-15,4250,4300,4200,4205,45908,-0.011750881316098694
2021-12-16,4220,4280,4185,4235,51223,0.007134363852556502
2021-12-17,4235,4260,4190,4240,45424,0.0011806375442739991
2021-12-20,4195,4225,4100,4125,89653,-0.027122641509433998
2021-12-21,4065,4145,4040,4080,63064,-0.010909090909090868
2021-12-22,4090,4145,4045,4125,77633,0.011029411764705843
2021-12-23,4145,4165,4100,4135,28217,0.00242424242424244
2021-12-24,4170,4215,4140,4185,43654,0.012091898428053138
2021-12-27,4190,4225,4160,4200,21084,0.0035842293906809264
2021-12-28,4180,4220,4145,4175,45347,-0.005952380952380931
2021-12-29,4180,4245,4175,4210,33990,0.008383233532934131
2021-12-30,4295,4900,4260,4475,1147738,0.06294536817102148
2022-01-03,4495,4505,4430,4440,124014,-0.007821229050279377
2022-01-04,4465,4695,4435,4695,273322,0.057432432432432456
2022-01-05,4685,4685,4590,4650,93030,-0.009584664536741228
2022-01-06,4570,4735,4555,4630,112403,-0.004301075268817178
2022-01-07,4680,4680,4600,4605,63555,-0.005399568034557212
2022-01-10,4605,4605,4490,4520,69399,-0.018458197611292082
2022-01-11,4520,4540,4370,4420,54305,-0.02212389380530977
2022-01-12,4420,4570,4400,4560,37531,0.03167420814479649
2022-01-13,4550,4620,4505,4590,59577,0.006578947368421018
2022-01-14,4580,4580,4480,4550,32097,-0.008714596949891074
2022-01-17,4515,4525,4390,4435,62897,-0.025274725274725296
2022-01-18,4435,4460,4300,4405,52707,-0.006764374295377684
2022-01-19,4395,4395,4270,4270,43503,-0.030646992054483513
2022-01-20,4270,4370,4210,4320,23153,0.011709601873536313
2022-01-21,4305,4320,4200,4220,23599,-0.02314814814814814
2022-01-24,4145,4215,4095,4180,55848,-0.009478672985781977
2022-01-25,4165,4180,3980,4050,128150,-0.031100478468899517
2022-01-26,4015,4090,3990,4025,36157,-0.006172839506172867
2022-01-27,4025,4040,3805,3890,96377,-0.03354037267080745
2022-01-28,3890,3970,3805,3940,39372,0.01285347043701801
2022-02-03,4000,4105,3990,4025,84297,0.021573604060913798
2022-02-04,4005,4140,3980,4110,48785,0.02111801242236022
2022-02-07,4150,4150,4050,4080,26993,-0.007299270072992692
2022-02-08,4060,4135,4035,4040,37678,-0.009803921568627416
2022-02-09,4045,4165,4045,4165,38852,0.030940594059405857
2022-02-10,4220,4220,4120,4120,29543,-0.010804321728691502
2022-02-11,4060,4110,4040,4045,26136,-0.01820388349514568
2022-02-14,4000,4005,3885,3895,54982,-0.037082818294190356
2022-02-15,3875,3945,3845,3900,59450,0.0012836970474967568
2022-02-16,4000,4050,3920,4050,35586,0.03846153846153855
2022-02-17,4050,4075,3930,3970,48602,-0.01975308641975304
2022-02-18,3965,4065,3940,4055,27017,0.021410579345088054
2022-02-21,4090,4200,4030,4120,42696,0.01602959309494456
2022-02-22,4100,4100,3990,4030,44920,-0.021844660194174748
2022-02-23,4010,4140,4010,4125,31376,0.023573200992555776
2022-02-24,4100,4100,3985,4000,37860,-0.030303030303030276
2022-02-25,4050,4100,4000,4030,35632,0.007500000000000062
2022-02-28,3995,4100,3995,4065,12167,0.008684863523573227
2022-03-02,4030,4155,4030,4145,38372,0.019680196801967975
2022-03-03,4145,4215,4130,4180,31171,0.008443908323281013
2022-03-04,4175,4195,4125,4160,31311,-0.004784688995215336
2022-03-07,4160,4160,4040,4040,34278,-0.028846153846153855
2022-03-08,4040,4075,3965,3980,49963,-0.014851485148514865
2022-03-10,3990,4050,3985,4010,29299,0.007537688442211143
2022-03-11,4015,4090,4005,4085,36711,0.018703241895261735
2022-03-14,4085,4095,4030,4065,22669,-0.004895960832313362
2022-03-15,4030,4050,3995,4000,15866,-0.01599015990159902
2022-03-16,4020,4070,3985,4070,27390,0.01750000000000007
2022-03-17,4070,4180,4070,4165,44219,0.023341523341523285
2022-03-18,4175,4175,4105,4155,17107,-0.0024009603841537164
2022-03-21,4160,4180,4120,4170,40608,0.0036101083032491488
2022-03-22,4175,4275,4140,4205,51187,0.008393285371702586
2022-03-23,4215,4370,4215,4260,95311,0.013079667063020217
2022-03-24,4350,4380,4260,4310,93559,0.011737089201877993
2022-03-25,4350,4350,4270,4285,33872,-0.0058004640371229765
2022-03-28,4300,4300,4220,4225,46092,-0.014002333722287097
2022-03-29,4245,4330,4210,4300,66205,0.01775147928994092
2022-03-30,4320,4320,4245,4270,31257,-0.006976744186046546
2022-03-31,4270,4290,4230,4260,27843,-0.0023419203747072626
2022-04-01,4265,4270,4225,4255,29707,-0.0011737089201877549
2022-04-04,4240,4320,4230,4295,42160,0.009400705052879044
2022-04-05,4320,4360,4280,4350,59090,0.012805587892898762
2022-04-06,4330,4345,4270,4285,40566,-0.014942528735632177
2022-04-07,4285,4285,4150,4155,57951,-0.03033838973162195
2022-04-08,4160,4190,4130,4150,38471,-0.001203369434416346
2022-04-11,4120,4185,4115,4160,40807,0.002409638554216942
2022-04-12,4140,4185,4120,4120,25662,-0.009615384615384581
2022-04-13,4120,4180,4120,4160,15480,0.009708737864077666
2022-04-14,4180,4185,4125,4165,47762,0.0012019230769231282
2022-04-15,4135,4220,4135,4220,30320,0.013205282112845218
2022-04-18,4215,4220,4155,4195,31795,-0.005924170616113722
2022-04-19,4195,4290,4160,4285,46280,0.021454112038140627
2022-04-20,4315,4450,4290,4365,171737,0.018669778296382722
2022-04-21,4390,4400,4310,4340,55769,-0.00572737686139746
2022-04-22,4340,4390,4295,4365,40871,0.005760368663594528
2022-04-25,4300,4325,4210,4215,63606,-0.03436426116838487
2022-04-26,4220,4270,4220,4245,30147,0.007117437722419906
2022-04-27,4200,4270,4150,4255,52568,0.002355712603062443
2022-04-28,4255,4265,4155,4190,36456,-0.01527614571092828
2022-04-29,4190,4270,4155,4260,25500,0.01670644391408116
2022-05-02,4260,4315,4225,4260,43485,0.0
2022-05-03,4300,5200,4290,4570,4159689,0.07276995305164324
2022-05-04,4610,4665,4530,4550,462969,-0.004376367614879695
2022-05-06,4550,4550,4460,4540,134793,-0.00219780219780219
2022-05-09,4550,4625,4400,4480,269162,-0.013215859030836996
2022-05-10,4390,4520,4300,4520,178173,0.008928571428571397
2022-05-11,4540,4540,4460,4465,119672,-0.012168141592920345
2022-05-12,4465,4670,4400,4475,291434,0.002239641657334923
2022-05-13,4520,4650,4495,4595,222681,0.02681564245810053
2022-05-16,4675,4675,4545,4600,194454,0.0010881392818280489
2022-05-17,4630,4705,4550,4560,254579,-0.008695652173912993
2022-05-18,4560,4605,4510,4595,120862,0.007675438596491224
2022-05-19,4450,5100,4435,4745,2928538,0.03264417845484213
2022-05-20,4735,4760,4615,4660,294069,-0.017913593256059013
2022-05-23,4625,4655,4530,4635,157059,-0.005364806866952843
2022-05-24,4635,4690,4515,4520,150689,-0.02481121898597627
2022-05-25,4505,4580,4395,4575,128766,0.012168141592920456
2022-05-26,4625,4805,4625,4695,409108,0.026229508196721207
2022-05-27,4670,4740,4670,4700,180898,0.0010649627263046302
2022-05-30,4800,4835,4725,4810,179626,0.023404255319148914
2022-05-31,4795,4860,4795,4840,122918,0.006237006237006293
2022-06-02,4840,4900,4800,4870,132653,0.006198347107438051
2022-06-03,4870,5020,4840,4970,298170,0.02053388090349073
2022-06-07,5030,5050,4905,4920,192718,-0.010060362173038184
2022-06-08,4920,4975,4860,4905,111147,-0.0030487804878048808
2022-06-09,4860,4900,4750,4825,185879,-0.016309887869520923
2022-06-10,4825,4880,4810,4860,67591,0.007253886010362587
2022-06-13,4720,4970,4720,4830,187743,-0.006172839506172867
2022-06-14,4750,4945,4750,4915,222258,0.017598343685300222
2022-06-15,4870,4950,4765,4790,173866,-0.025432349949135347
2022-06-16,4890,4895,4700,4700,184524,-0.018789144050104345
2022-06-17,4680,4835,4555,4810,123003,0.023404255319148914
2022-06-20,4810,4970,4775,4900,252627,0.018711018711018657
2022-06-21,4885,4965,4820,4900,88521,0.0
2022-06-22,4950,4950,4620,4700,232910,-0.04081632653061229
2022-06-23,4680,4795,4555,4555,248363,-0.030851063829787195
2022-06-24,4570,4770,4570,4675,74167,0.026344676180021898
2022-06-27,4730,4845,4590,4780,93743,0.022459893048128343
2022-06-28,4780,4945,4780,4900,161824,0.025104602510460206
2022-06-29,4735,5330,4735,5200,1288094,0.061224489795918435
2022-06-30,5200,5250,5040,5080,280241,-0.023076923076923106
2022-07-01,5110,5260,5070,5080,263016,0.0
2022-07-04,5180,5250,4990,5090,218562,0.0019685039370078705
2022-07-05,5110,5230,4960,5210,266072,0.023575638506876162
2022-07-06,5210,5210,4995,5040,239331,-0.03262955854126681
2022-07-07,5040,5100,5000,5010,105292,-0.005952380952380931
2022-07-08,5090,5210,5020,5020,152069,0.001996007984031989
2022-07-11,5100,5160,5000,5000,111116,-0.003984063745019917
2022-07-12,5000,5000,4765,4865,189266,-0.027000000000000024
2022-07-13,4800,4910,4745,4875,62581,0.0020554984583760483
2022-07-14,4850,4885,4790,4850,50459,-0.00512820512820511
2022-07-15,4800,4840,4720,4745,78849,-0.02164948453608251
2022-07-18,4755,4900,4755,4900,113983,0.03266596417281353
2022-07-19,4905,4910,4785,4840,50801,-0.01224489795918371
2022-07-20,4875,4895,4800,4800,60262,-0.008264462809917328
2022-07-21,4900,4905,4770,4780,44480,-0.004166666666666652
2022-07-22,4820,4840,4700,4770,80135,-0.0020920502092049986
2022-07-25,4800,4800,4680,4695,58027,-0.01572327044025157
2022-07-26,4710,5180,4640,4805,745478,0.023429179978700754
2022-07-27,4800,4990,4780,4805,127910,0.0
2022-07-28,4810,4875,4790,4795,53913,-0.002081165452653466
2022-07-29,4830,5020,4830,4955,154742,0.033368091762252305
2022-08-01,4965,5150,4965,5050,134424,0.019172552976791213
2022-08-02,5050,5130,4905,4945,93905,-0.02079207920792081
2022-08-03,4945,4965,4855,4910,69818,-0.00707785642062686
2022-08-04,4940,4995,4825,4835,72697,-0.01527494908350302
2022-08-05,4855,4930,4820,4895,57462,0.012409513960703222
2022-08-08,4900,4990,4900,4915,54427,0.004085801838610736
2022-08-09,5080,5110,4905,4950,111840,0.007121057985757906
2022-08-10,4850,4955,4850,4900,68065,-0.010101010101010055
2022-08-11,4900,4965,4890,4925,59852,0.005102040816326481
2022-08-12,4930,4945,4850,4860,49204,-0.013197969543147225
2022-08-16,4400,4480,4150,4165,1134671,-0.1430041152263375
2022-08-17,0,0,0,4165,0,0.0
2022-08-18,3995,4135,3955,4015,447976,-0.03601440576230497
2022-08-19,4005,4085,3990,4010,90975,-0.001245330012453305
2022-08-22,4000,4005,3910,3940,60917,-0.017456359102244412
2022-08-23,3920,3950,3885,3915,49050,-0.006345177664974666
2022-08-24,3915,3995,3910,3960,20776,0.011494252873563315
2022-08-25,3970,4020,3960,3965,39279,0.0012626262626262985
2022-08-26,3960,4025,3960,3985,35766,0.0050441361916770955
2022-08-29,3860,3950,3845,3850,63663,-0.03387703889585947
2022-08-30,3830,3875,3780,3850,78100,0.0
2022-08-31,3820,3925,3805,3910,30110,0.01558441558441559
2022-09-01,3855,3920,3795,3865,56941,-0.011508951406649648
2022-09-02,3840,3850,3770,3795,67192,-0.018111254851228997
2022-09-05,3800,3845,3720,3785,37611,-0.0026350461133070047
2022-09-06,3740,3850,3740,3790,15800,0.0013210039630118242
2022-09-07,3770,3815,3755,3800,32598,0.0026385224274405594
2022-09-08,3800,3820,3760,3805,21027,0.001315789473684159
2022-09-13,3780,3935,3780,3935,46464,0.0341655716162943
2022-09-14,3805,4040,3805,4035,45344,0.02541296060991116
2022-09-15,3995,4035,3950,4010,23210,-0.006195786864931829
2022-09-16,4000,4175,3980,4045,70951,0.008728179551122262
2022-09-19,4030,4055,3940,3960,23063,-0.021013597033374576
2022-09-20,3920,4055,3920,3990,28226,0.007575757575757569
2022-09-21,3990,4050,3940,4005,26616,0.003759398496240518
2022-09-22,3950,4005,3885,3930,34874,-0.01872659176029967
2022-09-23,3925,3995,3730,3735,75238,-0.04961832061068705
2022-09-26,3695,3700,3350,3560,83294,-0.04685408299866134
2022-09-27,3455,3745,3380,3650,86575,0.02528089887640439
2022-09-28,3650,3780,3200,3255,221515,-0.10821917808219184
2022-09-29,3395,3395,3070,3145,63144,-0.03379416282642089
2022-09-30,3145,3215,3000,3140,40784,-0.0015898251192368873
2022-10-04,3140,3245,3140,3185,21600,0.014331210191082855
2022-10-05,3185,3230,3055,3090,28832,-0.02982731554160123
2022-10-06,3100,3190,3090,3165,23614,0.024271844660194164
2022-10-07,3195,3195,3125,3160,18558,-0.0015797788309637184
2022-10-11,3130,3130,2950,2970,54760,-0.060126582278481
2022-10-12,2905,2980,2860,2945,33293,-0.008417508417508435
2022-10-13,2920,2920,2700,2760,88023,-0.06281833616298815
2022-10-14,2760,2840,2690,2790,51084,0.010869565217391353
2022-10-17,2790,2810,2660,2800,48136,0.0035842293906809264
2022-10-18,2805,2870,2705,2870,41484,0.02499999999999991
2022-10-19,2870,2905,2705,2870,21917,0.0
2022-10-20,2870,2895,2700,2830,36468,-0.013937282229965153
2022-10-21,2800,2800,2715,2785,15578,-0.01590106007067138
2022-10-24,2760,2800,2715,2715,29308,-0.025134649910233398
2022-10-25,2710,2710,2600,2600,55618,-0.0423572744014733
2022-10-26,2620,2620,2495,2500,32337,-0.038461538461538436
2022-10-27,2490,2530,2490,2515,22841,0.006000000000000005
2022-10-28,2520,2520,2355,2480,38770,-0.013916500994035741
2022-10-31,2490,2505,2445,2490,16507,0.0040322580645162365
2022-11-01,2490,2540,2440,2520,35957,0.012048192771084265
2022-11-02,2525,2525,2405,2500,22829,-0.007936507936507908
2022-11-03,2470,2495,2360,2495,42099,-0.0020000000000000018
2022-11-04,2450,3095,2400,2785,1887672,0.11623246492985961
2022-11-07,2715,2715,2605,2650,190075,-0.04847396768402157
2022-11-08,2695,2705,2635,2675,63259,0.009433962264151052
2022-11-09,2680,2700,2655,2660,52119,-0.005607476635513975
2022-11-10,2655,2655,2590,2605,47819,-0.020676691729323293
2022-11-11,2625,2690,2625,2665,62727,0.02303262955854124
2022-11-14,2665,2715,2660,2715,80640,0.018761726078799335
2022-11-15,2795,2840,2720,2840,150535,0.046040515653775316
2022-11-16,2840,2850,2780,2825,65490,-0.005281690140845119
2022-11-17,2775,3575,2730,3235,2152737,0.14513274336283177
2022-11-18,3175,3490,2970,3000,1316487,-0.07264296754250388
2022-11-21,3060,3095,2870,2870,201656,-0.043333333333333335
2022-11-22,2980,3030,2850,2855,206051,-0.005226480836236891
2022-11-23,2900,3580,2860,3195,4798719,0.11908931698774072
2022-11-24,3260,3805,3145,3440,4595939,0.07668231611893583
2022-11-25,3460,3565,3380,3410,442198,-0.008720930232558155
2022-11-28,3400,3410,3255,3265,198141,-0.04252199413489732
2022-11-29,3220,3310,3150,3295,269304,0.009188361408882129
2022-11-30,3260,3290,3205,3235,78277,-0.018209408194233667
2022-12-01,3260,3585,3220,3255,919227,0.0061823802163833985
2022-12-02,3260,3275,3205,3230,78171,-0.007680491551459334
2022-12-05,3225,3225,3125,3125,72513,-0.03250773993808054
2022-12-06,3125,3125,2955,2960,113910,-0.05279999999999996
2022-12-07,2930,3015,2880,2925,72794,-0.011824324324324342
2022-12-08,2900,2930,2790,2790,104002,-0.0461538461538461
2022-12-09,2875,2895,2790,2870,39773,0.028673835125448077
2022-12-12,2880,2890,2810,2880,26498,0.0034843205574912606
2022-12-13,2880,2925,2805,2900,69728,0.00694444444444442
2022-12-14,2905,2925,2850,2925,55399,0.008620689655172376
2022-12-15,2925,2950,2890,2925,45975,0.0
2022-12-16,2850,2940,2830,2925,32848,0.0
2022-12-19,2925,2930,2855,2925,23061,0.0
2022-12-20,2925,2925,2755,2885,47462,-0.013675213675213627
2022-12-21,2820,2880,2740,2740,63948,-0.05025996533795496
2022-12-22,2800,2850,2680,2775,74710,0.012773722627737127
2022-12-23,2715,2765,2670,2750,42367,-0.009009009009009028
2022-12-26,2705,2755,2680,2755,18265,0.0018181818181817189
2022-12-27,2755,2825,2705,2790,13885,0.012704174228675091
2022-12-28,2790,2840,2700,2825,14900,0.012544802867383575
2022-12-29,2790,2825,2745,2820,20515,-0.001769911504424737
2023-01-02,2820,2820,2700,2780,48043,-0.014184397163120588
2023-01-03,2770,2770,2670,2750,19806,-0.010791366906474864
2023-01-04,2655,2740,2640,2740,32963,-0.0036363636363636598
2023-01-05,2790,2790,2710,2765,8265,0.009124087591240837
2023-01-06,2700,2820,2700,2770,32440,0.001808318264014508
2023-01-09,2770,2830,2770,2800,27346,0.010830324909747224
2023-01-10,2800,2835,2790,2820,16266,0.0071428571428571175
2023-01-11,2810,2930,2810,2930,47736,0.03900709219858145
2023-01-12,2930,2975,2895,2930,31873,0.0
2023-01-13,2950,2950,2900,2925,21479,-0.0017064846416382506
2023-01-16,2925,2960,2870,2880,69544,-0.01538461538461533
2023-01-17,3150,3740,3035,3100,3953181,0.07638888888888884
2023-01-18,3120,3150,3040,3050,266964,-0.016129032258064502
2023-01-19,3145,3315,3070,3075,591341,0.008196721311475308
2023-01-20,3100,3100,3010,3030,88327,-0.014634146341463428
2023-01-25,3050,3050,2985,2990,90035,-0.01320132013201325
2023-01-26,2990,3260,2975,3085,326221,0.03177257525083621
2023-01-27,3085,3110,3055,3110,69184,0.008103727714748876
2023-01-30,3105,3245,3080,3165,168565,0.01768488745980701
2023-01-31,3160,3215,3100,3175,61441,0.003159557661927437
2023-02-01,3160,3190,3065,3145,72441,-0.009448818897637823
2023-02-02,3150,3180,3090,3170,68966,0.007949125596184325
2023-02-03,3170,3185,3110,3180,50107,0.003154574132492094
2023-02-06,3230,3230,3125,3170,34885,-0.0031446540880503138
2023-02-07,3145,3205,3130,3165,53434,-0.001577287066246047
2023-02-08,3155,3190,3140,3190,48443,0.00789889415481837
2023-02-09,3175,3200,3140,3185,28466,-0.0015673981191222097
2023-02-10,3185,3185,3095,3165,34365,-0.006279434850863463
2023-02-13,3155,3160,3110,3155,21827,-0.003159557661927326
2023-02-14,3110,3170,3080,3155,26506,0.0
2023-02-15,3155,3170,3050,3120,38899,-0.011093502377179099
2023-02-16,3110,3110,3055,3070,37481,-0.01602564102564108
2023-02-17,3070,3150,3060,3130,57104,0.019543973941368087
2023-02-20,3115,3145,3080,3120,16565,-0.0031948881789137795
2023-02-21,3130,3170,3090,3120,37552,0.0
2023-02-22,3090,3125,3055,3055,35433,-0.02083333333333337
2023-02-23,3055,3080,3030,3075,25794,0.00654664484451728
2023-02-24,3105,3110,3010,3070,29722,-0.001626016260162566
2023-02-27,3060,3110,2990,3065,88913,-0.0016286644951140072
2023-02-28,3065,3240,3045,3180,172628,0.03752039151712894
2023-03-02,3220,3225,3120,3160,49981,-0.0062893081761006275
2023-03-03,3170,3190,3110,3150,31224,-0.0031645569620253333
2023-03-06,3150,3170,3100,3165,49118,0.004761904761904745
2023-03-07,3190,3420,3180,3420,321091,0.08056872037914697
2023-03-08,3580,3580,3225,3320,328998,-0.0292397660818714
2023-03-09,3455,3500,3310,3460,288792,0.04216867469879526
2023-03-10,3340,3455,3250,3355,88329,-0.030346820809248554
2023-03-13,3355,3355,3100,3270,49437,-0.025335320417287588
2023-03-14,3245,3245,3075,3100,92235,-0.051987767584097844
2023-03-15,3115,3540,3075,3190,696136,0.029032258064516148
2023-03-16,3150,3180,3050,3110,68470,-0.025078369905956133
2023-03-17,3120,3230,3110,3160,47392,0.016077170418006492
2023-03-20,3125,3190,3115,3175,42332,0.004746835443038
2023-03-21,3175,3490,3175,3455,648071,0.08818897637795287
2023-03-22,3990,4080,3480,3510,2321839,0.01591895803183796
2023-03-23,3405,3470,3275,3330,355338,-0.05128205128205132
