Date,Open,High,Low,Close,Volume,Change
2015-01-02,11486,11534,10856,11002,1246322,-0.0381185521944396
2015-01-05,10856,11098,10613,11050,1280258,0.004362843119432913
2015-01-06,10856,11001,10710,10711,900084,-0.030678733031674232
2015-01-07,10662,11050,10662,10856,856164,0.01353748482868089
2015-01-08,10953,11050,10904,11002,862475,0.013448784082535026
2015-01-09,11098,11340,11050,11147,1161775,0.013179421923286583
2015-01-12,11147,11340,11098,11196,616089,0.004395801560958201
2015-01-13,11195,11244,10904,10953,890303,-0.02170418006430863
2015-01-14,11001,11050,10759,10808,603111,-0.013238382178398567
2015-01-15,10856,11001,10807,10953,514052,0.013415988156920688
2015-01-16,10856,10904,10565,10566,900194,-0.03533278553820873
2015-01-19,10759,11195,10710,11147,1036364,0.05498769638462986
2015-01-20,11147,11292,11001,11050,781292,-0.008701892885978335
2015-01-21,11001,11050,10807,10905,866030,-0.01312217194570131
2015-01-22,11195,11583,11147,11583,2020729,0.06217331499312251
2015-01-23,12067,12164,11389,11438,2213300,-0.012518345851679213
2015-01-26,11437,11583,11244,11535,889003,0.008480503584542776
2015-01-27,11534,12116,11534,12116,1537048,0.050368443866493307
2015-01-28,11922,12164,11922,12116,984137,0.0
2015-01-29,11922,12116,11728,12019,955127,-0.00800594255529874
2015-01-30,12261,12310,11874,11923,725671,-0.007987353357184479
2015-02-02,12164,12552,11971,12068,1436043,0.012161368783024429
2015-02-03,12358,12455,12067,12116,1129125,0.003977461054027076
2015-02-04,12407,12455,12213,12262,1120471,0.012050181578078467
2015-02-05,12116,12164,12067,12165,793085,-0.007910618169955974
2015-02-06,12261,12310,12067,12262,690435,0.007973695026715966
2015-02-09,12358,12649,12261,12650,1435815,0.031642472679823896
2015-02-10,12746,13231,12698,12795,2160343,0.01146245059288531
2015-02-11,12891,13085,12601,12698,1021382,-0.007581086361860057
2015-02-12,12649,12698,12310,12359,850643,-0.026697117656323877
2015-02-13,12552,12794,12552,12795,930160,0.035277935108018355
2015-02-16,12988,13279,12794,12843,1512410,0.0037514654161781014
2015-02-17,12794,12940,12649,12795,692742,-0.0037374445223078423
2015-02-23,12891,12988,12698,12698,683051,-0.007581086361860057
2015-02-24,12601,12940,12504,12843,830663,0.011419121121436504
2015-02-25,13085,13279,12940,13183,1752579,0.026473565366347485
2015-02-26,13328,13715,13134,13716,2324757,0.040430857923082764
2015-02-27,13667,13958,13570,13667,1471646,-0.0035724701079031806
2015-03-02,13812,14442,13764,14297,4277815,0.04609643667227625
2015-03-03,14345,14636,13909,14297,2411222,0.0
2015-03-04,14394,14782,14297,14297,1823048,0.0
2015-03-05,14345,14442,14055,14200,1144698,-0.006784640134293918
2015-03-06,14442,16139,14394,15509,8861796,0.09218309859154927
2015-03-09,15751,15945,15412,15654,2933969,0.009349410019988458
2015-03-10,15751,15799,14927,15170,2419959,-0.030918615050466336
2015-03-11,14733,15605,14733,15364,1813327,0.012788398154251812
2015-03-12,15412,15460,14685,14685,2714420,-0.04419422025514186
2015-03-13,14927,15072,14539,14685,1417598,0.0
2015-03-16,14442,14491,13861,13958,2381231,-0.049506298944501204
2015-03-17,14055,14442,13861,14346,1652548,0.027797678750537402
2015-03-18,14345,14636,14151,14540,1670172,0.01352293322180409
2015-03-19,14830,15121,14733,14927,1542099,0.02661623108665756
2015-03-20,14830,14975,14442,14927,1018551,0.0
2015-03-23,15121,15266,14927,14927,906954,0.0
2015-03-24,14975,15315,14830,15024,727084,0.006498291686206192
2015-03-25,15072,15169,14297,14346,1193213,-0.04512779552715651
2015-03-26,14394,14782,14345,14491,1077663,0.010107346995678279
2015-03-27,14830,14878,14394,14443,630713,-0.003312400800496884
2015-03-30,14442,14491,14006,14104,946343,-0.02347157792702348
2015-03-31,14200,14394,14006,14152,811549,0.003403289846851898
2015-04-01,14151,14200,13376,13473,1960673,-0.0479790842283776
2015-04-02,13521,13764,13473,13570,1018467,0.007199584353893007
2015-04-03,13715,13909,13618,13861,752520,0.021444362564480457
2015-04-06,13861,13861,13521,13764,687262,-0.006998052088593942
2015-04-07,14006,14345,13667,13716,1504746,-0.0034873583260680574
2015-04-08,13861,14345,13764,14200,1490093,0.0352872557596966
2015-04-09,14345,14588,14200,14346,1496996,0.010281690140845123
2015-04-10,14394,14442,14151,14346,840701,0.0
2015-04-13,14442,14782,14345,14588,1696792,0.016868813606580213
2015-04-14,14685,14975,14442,14588,1964618,0.0
2015-04-15,14733,14830,14442,14685,1334500,0.006649300795174007
2015-04-16,14878,15218,14103,14394,3676819,-0.019816138917262527
2015-04-17,14345,14345,13958,14152,1402963,-0.01681256078921778
2015-04-20,13958,16090,13909,16091,7720526,0.13701243640474847
2015-04-21,16962,17980,16866,17690,12219372,0.09937231993039597
2015-04-22,17738,18077,16962,17496,5194671,-0.010966647823629216
2015-04-23,17835,17980,17156,17545,2573520,0.0028006401463192
2015-04-24,17593,18513,17302,17738,5236397,0.011000284981476094
2015-04-27,18126,18271,17350,17448,2157041,-0.016349081068891658
2015-04-28,17205,17544,16817,17011,2343208,-0.025045850527281033
2015-04-29,17108,17738,16962,17157,2370882,0.00858268179413324
2015-04-30,17011,17496,16575,16672,1598106,-0.028268345281809215
2015-05-04,16817,17059,16284,16381,1214753,-0.0174544145873321
2015-05-06,16187,16236,15509,15751,2191902,-0.03845919052560898
2015-05-07,15702,15751,15072,15412,2020441,-0.0215224430194908
2015-05-08,15605,15654,15266,15267,1419299,-0.009408253309109771
2015-05-11,15557,16139,15460,15461,2148526,0.012707146132180602
2015-05-12,15509,16187,15363,15751,1809214,0.0187568721298752
2015-05-13,15896,15945,15363,15654,989111,-0.006158339153069625
2015-05-14,15799,15848,15460,15509,917040,-0.00926280822792891
2015-05-15,15993,16236,15702,16042,1902356,0.03436714165968158
2015-05-18,16236,16672,15945,16091,1761047,0.0030544819847899696
2015-05-19,16236,18416,16187,18369,4991615,0.14156982163942566
2015-05-20,18077,18368,17496,17787,3680610,-0.031683815123305537
2015-05-21,18029,19240,17786,18902,6486067,0.06268623151740038
2015-05-22,18998,20791,18756,18756,13127083,-0.007724050365040758
2015-05-26,19386,20064,18804,19338,5125066,0.03103007037747929
2015-05-27,18901,19047,18271,18708,3171372,-0.03257834315854791
2015-05-28,18756,19337,18029,19192,4439843,0.025871285011759726
2015-05-29,19240,19337,18416,18465,2147760,-0.03788036681950813
2015-06-01,18562,19483,18513,18999,2667922,0.028919577579203937
2015-06-02,19047,19289,18465,18514,1692215,-0.02552765935049217
2015-06-03,18659,19289,18562,18853,2120369,0.01831046775413192
2015-06-04,19095,19143,18610,18853,1361507,0.0
2015-06-05,18853,19192,18368,18417,1627529,-0.023126292897682088
2015-06-08,18513,19531,18513,19241,2298215,0.044741271651191905
2015-06-09,19337,20452,19337,19822,4162084,0.03019593576217461
2015-06-10,20258,20404,19531,19726,1860503,-0.004843103622237943
2015-06-11,20064,20452,19531,20113,2670661,0.019618777248301633
2015-06-12,20210,20500,19822,19968,2088027,-0.0072092676378461285
2015-06-15,20016,20840,19822,20646,2406202,0.03395432692307687
2015-06-16,20549,20597,19337,20162,2701329,-0.023442797636346047
2015-06-17,20404,20404,19628,19968,1246817,-0.00962206130344212
2015-06-18,19919,20694,19822,20210,1804243,0.012119391025640969
2015-06-19,20549,20743,19967,19968,1308360,-0.01197427016328545
2015-06-22,19822,19870,18853,18853,2874187,-0.05583934294871795
2015-06-23,19095,19483,18998,19192,1379728,0.017981223147509606
2015-06-24,19289,19531,18853,18950,1157680,-0.012609420591913278
2015-06-25,18901,19095,18416,18805,1981646,-0.007651715039577844
2015-06-26,18804,19095,18416,18853,1667867,0.002552512629619752
2015-06-29,18416,18513,17496,17642,2136755,-0.06423380894287378
2015-06-30,17447,18223,17399,18126,1679079,0.027434531232286563
2015-07-01,18368,19774,18320,19677,2428265,0.08556769281694798
2015-07-02,19725,20113,19483,19822,1689930,0.007369009503481294
2015-07-03,19822,19870,18950,19435,2679956,-0.01952376147714663
2015-07-06,18756,19289,18513,18562,2313123,-0.04491896063802414
2015-07-07,18707,18853,17932,18126,2040725,-0.02348884818446284
2015-07-08,18223,18271,16962,16963,2603509,-0.06416197727021955
2015-07-09,16962,17786,16769,17690,2724681,0.042857985026233614
2015-07-10,17932,19289,17786,19289,2865607,0.09039005087620122
2015-07-13,22245,22536,20404,20501,8331969,0.06283373943698489
2015-07-14,20840,20937,20016,20162,2936319,-0.01653577874250034
2015-07-15,20355,21276,20258,21083,3334630,0.04567999206427942
2015-07-16,21082,21518,20840,20986,2024660,-0.004600863254755061
2015-07-17,21227,21227,20355,20792,1590595,-0.009244258076813061
2015-07-20,21034,21615,20937,21034,1498795,0.01163909195844548
2015-07-21,21227,21615,21082,21519,1434646,0.023057906247028637
2015-07-22,21373,21615,20549,20549,1559864,-0.045076444072679966
2015-07-23,20452,20694,19677,19871,1816963,-0.032994306292276954
2015-07-24,19677,20888,19240,20598,2167897,0.03658597956821508
2015-07-27,20549,20549,19967,19968,795877,-0.030585493737256053
2015-07-28,19580,20307,19483,19483,1382043,-0.024288862179487225
2015-07-29,19628,19822,18998,19192,1025048,-0.014936098136837272
2015-07-30,19483,20064,19483,19822,1094007,0.03282617757398909
2015-07-31,20258,20452,19434,20016,1687749,0.009787105236605864
2015-08-03,19822,19919,18562,18611,1969378,-0.07019384492406078
2015-08-04,18368,19240,18174,19241,1249790,0.033850948363870925
2015-08-05,19337,19483,18901,19435,752594,0.010082636037628046
2015-08-06,19628,19967,19580,19629,849489,0.009981991252894229
2015-08-07,19870,20064,19289,19338,798432,-0.014825003820877258
2015-08-10,19531,19677,18513,18562,1267867,-0.04012824490640188
2015-08-11,19047,19192,18416,18562,1124250,0.0
2015-08-12,18368,18756,17447,18320,2204587,-0.01303738821247713
2015-08-13,19095,19337,18029,18417,3404511,0.005294759825327455
2015-08-17,18465,18659,18271,18369,912292,-0.0026062876690015058
2015-08-18,18416,18465,17496,17496,1446545,-0.04752572268495836
2015-08-19,17253,17496,16381,17157,2078129,-0.0193758573388203
2015-08-20,16817,16962,16478,16478,1246541,-0.03957568339453288
2015-08-21,15605,16284,15605,15897,1856600,-0.03525913338997455
2015-08-24,15654,16381,15557,15897,1517141,0.0
2015-08-25,16187,16720,15702,16430,1536507,0.033528338680254066
2015-08-26,16672,17108,16526,16963,1332327,0.03244065733414492
2015-08-27,17302,17544,17011,17157,1115550,0.011436656251842203
2015-08-28,17932,18174,17738,18029,1439890,0.05082473625925288
2015-08-31,17980,17980,17496,17593,823909,-0.024183260302845455
2015-09-01,17835,18077,17544,17593,895258,0.0
2015-09-02,17011,17350,16672,17205,1075887,-0.022054226112658393
2015-09-03,17399,17447,17059,17157,615579,-0.002789886660854446
2015-09-04,17932,18077,17253,17448,1424934,0.01696100716908555
2015-09-07,17253,17399,16962,17157,472465,-0.016678129298486888
2015-09-08,17059,17253,16478,16527,679619,-0.0367197062423501
2015-09-09,16866,17496,16817,17496,1039742,0.05863133055000902
2015-09-10,17108,17835,17059,17835,773195,0.0193758573388203
2015-09-11,17835,17883,17544,17593,578234,-0.01356882534342585
2015-09-14,17883,18029,17641,17981,688113,0.022054226112658393
2015-09-15,17932,18513,17835,18417,869573,0.024247817140314876
2015-09-16,18659,19774,18659,19483,2301389,0.05788130531574098
2015-09-17,19822,20258,19628,20162,1911715,0.03485089565262034
2015-09-18,20355,20597,19725,20162,1095869,0.0
2015-09-21,19774,20307,19483,20259,1118210,0.00481103065172106
2015-09-22,20500,20549,19774,19871,947915,-0.0191519818352337
2015-09-23,19580,20161,19531,19580,811771,-0.01464445674601178
2015-09-24,19822,20355,19725,20356,1014498,0.039632277834525054
2015-09-25,20355,20743,19822,20646,1138126,0.01424641383375902
2015-09-30,20161,20985,20064,20889,1146134,0.011769834350479513
2015-10-01,20791,21131,20549,20840,1273842,-0.0023457322035520534
2015-10-02,20888,21276,20694,20743,955393,-0.004654510556621916
2015-10-05,20888,21421,20840,21276,1514087,0.025695415320831083
2015-10-06,21567,21615,20694,20743,1080489,-0.025051701447640573
2015-10-07,20888,21615,20549,21422,1421846,0.03273393433929517
2015-10-08,21615,21615,20791,21083,936941,-0.01582485295490621
2015-10-12,21227,21518,20888,21519,1134240,0.020680168856424652
2015-10-13,21276,21324,20888,20986,897196,-0.024768808959524158
2015-10-14,20791,20840,19677,20016,1890008,-0.04622129038406553
2015-10-15,20064,21421,20016,21325,1839320,0.06539768185451633
2015-10-16,21324,21518,20937,21034,1009086,-0.013645955451348168
2015-10-19,21276,21373,20985,21131,454800,0.0046115812494056385
2015-10-20,21082,21373,20840,21180,491529,0.0023188680138186424
2015-10-21,21034,21518,21034,21131,847810,-0.0023135033050046827
2015-10-22,21373,21470,20694,20840,748236,-0.0137712365718613
2015-10-23,21373,21615,21082,21276,1049142,0.020921305182341587
2015-10-26,21470,22197,21373,22100,1938993,0.03872908441436351
2015-10-27,22197,22294,21712,22197,1100549,0.004389140271493286
2015-10-28,22003,22875,21809,22052,1540498,-0.006532414290219446
2015-10-29,22100,22391,21761,22149,818589,0.004398693996009451
2015-10-30,22003,22391,21373,21567,1128161,-0.026276581335500482
2015-11-02,21324,21761,21034,21422,891254,-0.006723234571335834
2015-11-03,21712,22148,21470,21713,864615,0.013584165810848647
2015-11-04,22100,22585,21954,22391,1310669,0.031225533090775137
2015-11-05,22294,22488,21954,22391,785911,0.0
2015-11-06,22148,22342,21954,22197,522456,-0.0086641954356661
2015-11-09,21954,22051,21373,21422,856537,-0.034914628102896805
2015-11-10,20840,21131,19919,20162,1577817,-0.058818037531509715
2015-11-11,20161,20500,19434,20065,1609409,-0.00481103065172106
2015-11-12,19870,20452,19725,20404,744985,0.016895090954398118
2015-11-13,20016,20646,19774,20404,969637,0.0
2015-11-16,21082,23263,20646,22682,6483604,0.11164477553420893
2015-11-17,22924,22972,22148,22827,2350773,0.006392734326778893
2015-11-18,22827,23602,22681,22876,1838344,0.002146580803434439
2015-11-19,23215,23845,23069,23797,2365388,0.04026053505857674
2015-11-20,23845,24669,23651,24233,1938611,0.018321637181157202
2015-11-23,24620,25153,24426,24621,1349121,0.016011224363471355
2015-11-24,24572,25347,24135,25299,1632222,0.027537468015109035
2015-11-25,25444,25832,24378,24524,1560879,-0.030633621882287798
2015-11-26,24572,25347,24572,24960,885469,0.01777850269124115
2015-11-27,25056,25105,24232,24911,1162987,-0.001963141025640991
2015-11-30,24620,24669,23990,24136,1195184,-0.03111075428525556
2015-12-01,24329,26171,24281,26123,2397266,0.08232515744116675
2015-12-02,26462,26850,25686,25929,1659793,-0.007426405849251583
2015-12-03,25686,26559,25444,26026,1323425,0.003740984997493202
2015-12-04,25492,25929,25347,25396,917303,-0.024206562668101173
2015-12-07,25783,25832,25153,25202,755043,-0.007638998267443742
2015-12-08,25105,25541,24669,25057,894159,-0.005753511626061414
2015-12-09,25153,26171,24814,25590,1204989,0.02127150097777064
2015-12-10,25783,25977,25153,25590,891156,0.0
2015-12-11,25541,25977,25444,25784,672401,0.007581086361860168
2015-12-14,25444,25686,24184,24330,1723198,-0.05639156065777229
2015-12-15,24717,24814,23263,24087,2123873,-0.00998766954377317
2015-12-16,24620,26074,24135,26075,2350415,0.08253414705027606
2015-12-17,26219,27140,26074,27044,2369811,0.03716203259827422
2015-12-18,26704,27770,26607,27044,1764851,0.0
2015-12-21,26898,27237,26365,26850,867054,-0.007173495045111666
2015-12-22,27383,27431,26510,26850,1236772,0.0
2015-12-23,27043,27189,26462,26802,941508,-0.0017877094972067464
2015-12-24,27383,27431,26123,26123,1056862,-0.025333930303708674
2015-12-28,26123,26268,25105,25784,1686575,-0.012977070014929426
2015-12-29,25929,26995,25589,26802,1336711,0.03948184920881159
2015-12-30,26704,26704,26219,26365,1095230,-0.016304753376613634
2016-01-04,26171,26656,25832,25881,859834,-0.018357671154940247
2016-01-05,25396,26123,25347,25638,1120349,-0.009389127158919708
2016-01-06,25977,27140,25735,27141,2168440,0.058623917622279365
2016-01-07,26995,27576,25929,25978,1739536,-0.042850300283703624
2016-01-08,25492,26365,25250,26268,1130970,0.011163292016321602
2016-01-11,25783,25880,25299,25493,926769,-0.02950357849855334
2016-01-12,25686,25880,25347,25541,673489,0.0018828698073980465
2016-01-13,25783,26510,25686,25929,929687,0.015191261109588572
2016-01-14,25492,25638,25056,25541,1260054,-0.014963939989972586
2016-01-15,26026,26171,24184,24378,2043903,-0.04553463059394702
2016-01-18,24087,24669,23651,24475,1516974,0.0039789974567232544
2016-01-19,24475,24669,22730,23118,2935791,-0.05544433094994894
2016-01-20,23312,23796,22875,23409,2040863,0.012587594082533071
2016-01-21,23360,24135,22924,23651,1382702,0.010337904224870798
2016-01-22,24184,24426,23554,24087,948123,0.018434738488858793
2016-01-25,24475,25250,24378,24863,1147419,0.03221654834558052
2016-01-26,24523,24620,23748,24136,1096536,-0.02924023649599805
2016-01-27,24523,25153,24038,24184,1128476,0.001988730527013649
2016-01-28,23942,24329,23408,24184,834033,0.0
2016-01-29,24329,25250,24184,25251,1186594,0.04412007939133322
2016-02-01,25589,25735,24717,25057,1036039,-0.007682864044988302
2016-02-02,25105,25153,24620,24718,556166,-0.013529153529951765
2016-02-03,24329,25056,24038,25008,677824,0.011732340804272212
2016-02-04,25347,25347,24329,24669,1146648,-0.013555662188099782
2016-02-05,24523,24669,23893,23991,1246508,-0.02748388665937007
2016-02-11,23118,24038,23069,23651,1215578,-0.014171981159601499
2016-02-12,23505,23602,21276,21858,2348659,-0.07581074795991716
2016-02-15,22003,23021,22003,22924,1259770,0.04876932930734745
2016-02-16,23360,23602,23118,23409,692735,0.021156866166463173
2016-02-17,23505,24378,23118,24136,1280754,0.031056431287111774
2016-02-18,24911,25153,24475,24572,1199525,0.018064302287040146
2016-02-19,24329,24959,24135,24718,600700,0.00594172228552825
2016-02-22,24669,25444,24523,24718,872313,0.0
2016-02-23,25396,25444,24814,24960,1023565,0.009790436119427204
2016-02-24,24765,25105,23554,23797,1508103,-0.046594551282051255
2016-02-25,24281,24911,23215,23554,3099080,-0.01021137118124138
2016-02-26,23845,24426,23651,23991,1416275,0.018553111997962057
2016-02-29,23942,24620,23069,23215,1932885,-0.03234546288191409
2016-03-02,23748,24911,23651,24863,1650232,0.07098858496661631
2016-03-03,24911,25008,24184,24572,1085182,-0.011704138679966225
2016-03-04,24523,24620,23505,23651,1622740,-0.03748168647240757
2016-03-07,23893,23990,23408,23506,858326,-0.006130818992854392
2016-03-08,23845,24232,23505,23845,790347,0.014421849740491766
2016-03-09,23699,23796,23166,23554,1203828,-0.012203816313692606
2016-03-10,23651,23845,23118,23264,1238004,-0.012312133820157944
2016-03-11,23263,23505,23263,23312,577965,0.0020632737276478075
2016-03-14,23505,23748,23263,23312,587404,0.0
2016-03-15,23505,23942,22972,23312,1091544,0.0
2016-03-16,23360,23699,23166,23312,636390,0.0
2016-03-17,23554,24184,23457,23942,1189089,0.02702470830473569
2016-03-18,24087,24087,22924,22924,2042635,-0.04251942193634617
2016-03-21,23021,23215,22245,22585,1374036,-0.014787995114290742
2016-03-22,22681,22972,22585,22682,657233,0.004294885986274144
2016-03-23,22778,22875,22536,22585,632899,-0.004276518825500397
2016-03-24,22294,22778,22294,22730,816043,0.006420190391853042
2016-03-25,23021,23554,22924,23312,1098556,0.025604927408710898
2016-03-28,23554,23554,22633,22682,894569,-0.0270247083047358
2016-03-29,22633,23021,22536,22973,907582,0.01282955647650108
2016-03-30,23069,23942,23021,23894,1409827,0.04009054106995169
2016-03-31,24281,24862,23990,24184,2011326,0.012136938143467058
2016-04-01,24329,24329,23312,23360,1262240,-0.03407211379424413
2016-04-04,23408,23748,23263,23457,716933,0.004152397260273943
2016-04-05,23263,23505,22924,23070,717468,-0.016498273436500788
2016-04-06,22924,22972,22148,22149,2223094,-0.039921976592977915
2016-04-07,22294,22585,22294,22585,742505,0.01968486161903482
2016-04-08,22342,22391,21906,22294,1005297,-0.01288465795882221
2016-04-11,22488,22730,22245,22682,579294,0.01740378577195667
2016-04-12,22536,22924,22391,22633,881840,-0.0021603033242219016
2016-04-14,23215,25541,23166,25541,5640637,0.1284849555958114
2016-04-15,25638,26316,25056,25154,2940643,-0.01515210837476999
2016-04-18,25008,25444,24814,25154,1218831,0.0
2016-04-19,25589,26026,25056,25057,1710194,-0.0038562455275502616
2016-04-20,25202,25686,24717,25057,1311073,0.0
2016-04-21,25444,25638,24862,25493,1138146,0.017400327253861203
2016-04-22,25202,25444,24959,25154,739411,-0.013297768014749134
2016-04-25,25153,25202,24475,25008,852185,-0.005804245845591138
2016-04-26,24862,24862,24087,24621,1214587,-0.01547504798464494
2016-04-27,24765,25347,24669,24814,917231,0.007838836765363011
2016-04-28,25202,25250,24087,24572,1169776,-0.009752559039251985
2016-04-29,24620,24669,23893,24378,711289,-0.007895165228715584
2016-05-02,24184,24523,24135,24330,475037,-0.001968988432192953
2016-05-03,24620,24669,23942,24136,711356,-0.007973695026715966
2016-05-04,23796,23845,23312,23409,1300233,-0.030120981107059963
2016-05-09,23263,23602,22681,23070,895366,-0.014481609637318926
2016-05-10,23021,23312,22875,23264,731370,0.008409189423493668
2016-05-11,23602,23699,23263,23457,691729,0.00829607977991742
2016-05-12,23360,24184,23360,24184,1121376,0.030992880590015703
2016-05-13,24717,24765,23021,23070,3093677,-0.04606351306649026
2016-05-16,22972,23069,22488,22633,1284937,-0.018942349371478095
2016-05-17,23021,23457,22681,23070,1156894,0.019308089957142283
2016-05-18,23118,23118,22488,22633,861562,-0.018942349371478095
2016-05-19,22681,22924,22585,22827,699706,0.008571554809349236
2016-05-20,22681,22924,22536,22633,720767,-0.00849870767074079
2016-05-23,22778,22827,22536,22537,808027,-0.004241594132461501
2016-05-24,22585,22730,21712,22100,1487106,-0.019390335892088606
2016-05-25,22536,22681,22100,22149,1027886,0.0022171945701356943
2016-05-26,22342,22585,22051,22440,783415,0.013138290667750185
2016-05-27,22536,23505,22439,23118,1528122,0.030213903743315562
2016-05-30,23263,23360,22827,23021,566400,-0.004195864694177653
2016-05-31,23069,23457,22972,23118,816080,0.004213544155336368
2016-06-01,22875,22924,22536,22730,757660,-0.016783458776710836
2016-06-02,22778,23118,22730,22730,587695,0.0
2016-06-03,22633,22778,22342,22488,653768,-0.010646722393312769
2016-06-07,22488,22972,22488,22633,740176,0.006447883315546132
2016-06-08,22924,24087,22924,24087,2249117,0.06424247779790582
2016-06-09,24184,24184,23554,23942,1290948,-0.006019844729522106
2016-06-10,23990,24038,23505,23603,634291,-0.014159218110433525
2016-06-13,23360,23699,23166,23603,671183,0.0
2016-06-14,23651,23796,22875,23021,672933,-0.02465788247256706
2016-06-15,22827,23215,22633,22730,503324,-0.012640632466009327
2016-06-16,23505,23942,23360,23603,1678678,0.03840739111306646
2016-06-17,23990,24523,23845,24087,1485046,0.020505867898148455
2016-06-20,24329,24572,23942,24184,1003789,0.004027068543197565
2016-06-21,24184,24184,23699,23797,607056,-0.016002315580549098
2016-06-22,23602,24329,23602,24233,772617,0.018321637181157202
2016-06-23,23845,23990,23408,23845,789856,-0.016011224363471355
2016-06-24,24087,24378,22051,22294,2282871,-0.06504508282658839
2016-06-27,21761,22488,21615,22100,1588961,-0.008701892885978335
2016-06-28,21954,22585,21906,22537,1009199,0.019773755656108616
2016-06-29,22924,23263,22730,22876,872223,0.015041931046723134
2016-06-30,23215,23312,22827,23021,607000,0.006338520720405638
2016-07-01,23166,23360,22924,22973,637861,-0.0020850527778983885
2016-07-04,23166,23942,23021,23845,1351326,0.037957602402820756
2016-07-05,23942,24135,23360,23554,783254,-0.012203816313692606
2016-07-06,23554,23554,22778,22827,985478,-0.030865245818120113
2016-07-07,23118,23312,22924,23021,594855,0.00849870767074079
2016-07-08,23360,23457,22827,22876,508917,-0.006298596933234868
2016-07-11,23021,23263,22924,23264,604881,0.01696100716908555
2016-07-12,23457,23554,23069,23312,455596,0.0020632737276478075
2016-07-13,23651,23699,23263,23409,738117,0.004160947151681471
2016-07-14,23554,24232,23505,24233,1855917,0.035200136699560014
2016-07-15,24426,24523,23651,23942,1039985,-0.01200841827260346
2016-07-18,24038,24232,23554,24184,803590,0.010107760421017353
2016-07-19,24232,25153,23845,25057,2288982,0.03609824677472706
2016-07-20,25299,25880,25008,25251,2190010,0.007742347447818876
2016-07-21,25396,25686,25056,25299,1218677,0.001900914815254895
2016-07-22,25250,25444,24572,24669,934783,-0.02490217004624684
2016-07-25,24717,25299,24329,25202,999250,0.0216060642912157
2016-07-26,25202,25638,24862,24960,644536,-0.009602412506943936
2016-07-27,25105,25202,24523,24524,697715,-0.017467948717948767
2016-07-28,24523,25008,24426,24572,603033,0.001957266351329201
2016-07-29,24523,25347,24523,24766,998577,0.007895165228715584
2016-08-01,24765,25250,24765,25154,697110,0.01566663974804161
2016-08-02,24911,25056,24475,24524,537183,-0.025045718374811177
2016-08-03,24281,24669,23990,24330,518952,-0.007910618169955974
2016-08-04,24426,24572,23990,24087,495016,-0.00998766954377317
2016-08-05,24135,24669,24135,24669,493028,0.02416241125918539
2016-08-08,24765,25008,24523,24669,390077,0.0
2016-08-09,24765,25396,24669,25348,837607,0.02752442336535732
2016-08-10,25444,25832,25250,25590,1284573,0.009547104308032184
2016-08-11,25589,26268,24814,25299,3258607,-0.01137162954279014
2016-08-12,25735,26026,25105,25202,2264097,-0.0038341436420411545
2016-08-16,25638,26365,25492,26171,2569426,0.03844932941830015
2016-08-17,26171,26607,26026,26317,1548313,0.005578693974246374
2016-08-18,26365,26462,25735,25832,948804,-0.018429152258996107
2016-08-19,25783,26074,25541,25735,907502,-0.0037550325178073996
2016-08-22,25686,25929,25299,25396,826258,-0.013172721973965462
2016-08-23,25396,25783,25008,25444,1008685,0.0018900614269963256
2016-08-24,25444,26171,25347,26123,1112619,0.026686055651627072
2016-08-25,26074,26171,25686,25978,660765,-0.005550664165677732
2016-08-26,26026,26074,25299,25444,780027,-0.020555854954191988
2016-08-29,25250,25299,24572,24766,1019368,-0.02664675365508573
2016-08-30,24862,25202,24669,24960,559461,0.007833319874020805
2016-08-31,24717,25008,24475,24814,923226,-0.005849358974359009
2016-09-01,24523,24572,23796,23894,1710211,-0.03707584428145405
2016-09-02,23942,24087,23554,23845,804395,-0.0020507240311374852
2016-09-05,24087,24378,24038,24330,583983,0.020339693856154417
2016-09-06,24426,24426,23845,24087,635942,-0.00998766954377317
2016-09-07,24038,24184,23748,23797,818774,-0.012039689459044323
2016-09-08,24038,24087,23360,23360,980102,-0.018363659284783784
2016-09-09,23408,23796,23360,23651,673941,0.01245719178082183
2016-09-12,23215,23457,23021,23021,725230,-0.02663735148619506
2016-09-13,23360,23554,22488,22730,886416,-0.012640632466009327
2016-09-19,22536,22827,22391,22585,758769,-0.006379234491860952
2016-09-20,22488,22778,22294,22682,703905,0.004294885986274144
2016-09-21,22585,23118,22488,23021,733661,0.014945771977779687
2016-09-22,23263,23263,22536,22537,1324845,-0.021024282177142584
2016-09-23,22633,23118,22585,22827,755717,0.012867728624040398
2016-09-26,22730,23069,22536,22585,658510,-0.010601480702676636
2016-09-27,22488,23215,22439,23167,879458,0.02576931591764442
2016-09-28,23408,23457,22924,23021,652609,-0.0063020675961497075
2016-09-29,23360,23651,23166,23264,990494,0.010555579688110939
2016-09-30,23166,23651,22972,23457,1173316,0.00829607977991742
2016-10-04,23554,23990,23554,23991,920350,0.022765059470520432
2016-10-05,23942,24038,23554,23748,614967,-0.010128798299362307
2016-10-06,23942,24038,23651,23748,729487,0.0
2016-10-07,23651,23893,23505,23506,509828,-0.010190331817416243
2016-10-10,23845,24669,23748,24427,1422342,0.039181485578150266
2016-10-11,24765,24911,24475,24669,1359746,0.009907070045441557
2016-10-12,24717,25347,24620,25299,1503621,0.02553812477198103
2016-10-13,25250,25444,24669,24669,1261014,-0.02490217004624684
2016-10-14,24814,25977,24814,25832,1948563,0.04714418906319673
2016-10-17,26026,26413,25638,26171,1606948,0.01312325797460523
2016-10-18,26026,26656,26026,26268,1888852,0.003706392571930728
2016-10-19,26462,27043,26413,26850,1573333,0.02215623572407499
2016-10-20,27140,27722,27092,27722,2081669,0.032476722532588376
2016-10-21,27964,27964,27237,27529,1339818,-0.006961979655147554
2016-10-24,27431,27819,27140,27286,989246,-0.008827055105525061
2016-10-25,27237,28110,27189,27868,1279542,0.02132961958513513
2016-10-26,27673,27673,26607,26898,1744766,-0.034806947036026936
2016-10-27,26753,27189,26365,26753,1077103,-0.005390735370659483
2016-10-28,26559,26850,25880,26365,1261587,-0.014503046387321028
2016-10-31,26123,26607,25735,26220,1047607,-0.005499715531955274
2016-11-01,26026,26462,25347,25687,1644173,-0.020327993897787944
2016-11-02,25444,26171,25153,25154,1646888,-0.020749795616459732
2016-11-03,25153,25686,24911,25541,1298394,0.015385227001669666
2016-11-04,25396,25541,24959,25251,763971,-0.011354293097372903
2016-11-07,26171,26850,26026,26705,1604588,0.057581877945427795
2016-11-08,26946,27383,26607,27141,1323298,0.01632653061224487
2016-11-09,27334,27383,23118,23845,7755672,-0.12143988799233629
2016-11-10,24523,24620,23457,24330,3725619,0.020339693856154417
2016-11-11,24038,24038,23166,23264,2322179,-0.04381422112618172
2016-11-14,23408,23796,22924,23554,1570574,0.012465612104539225
2016-11-15,23699,24475,23505,24087,1523813,0.02262885284877303
2016-11-16,24378,24717,23990,24233,983446,0.006061360900070589
2016-11-17,24329,24378,23942,24136,630143,-0.004002806090867783
2016-11-18,24281,24281,23699,24039,684142,-0.00401889294000668
2016-11-21,24135,24378,23893,24039,654859,0.0
2016-11-22,24475,24669,24232,24621,921956,0.024210657681267955
2016-11-23,24814,24814,24232,24281,998723,-0.013809349742090138
2016-11-24,24426,24426,23118,23409,1763274,-0.035912853671595024
2016-11-25,23118,23408,22924,23215,1223782,-0.008287410824896368
2016-11-28,23166,23215,22197,22682,1290959,-0.022959293560198102
2016-11-29,22681,23118,22391,22391,1083086,-0.012829556476501192
2016-11-30,22488,22827,22342,22537,678464,0.006520476977357026
2016-12-01,23215,23408,22875,23312,869482,0.0343878954607979
2016-12-02,23312,23408,22681,22730,621484,-0.02496568291008927
2016-12-05,22778,23215,22488,22779,622937,0.0021557413110426804
2016-12-06,23069,24232,23021,23797,1467833,0.04469028491154137
2016-12-07,23748,24135,23651,23894,901887,0.004076144051771147
2016-12-08,24281,24862,23893,24669,1717807,0.03243492090064448
2016-12-09,24669,25105,24426,24766,1061622,0.0039320604807653314
2016-12-12,25202,25347,24523,24621,932156,-0.005854800936768156
2016-12-13,24717,25347,24717,25202,892225,0.02359774176515983
2016-12-14,25444,25492,24669,24911,820450,-0.011546702642647455
2016-12-15,24426,25008,24329,24863,955591,-0.0019268596202480781
2016-12-16,24911,24959,24281,24281,829124,-0.02340827735993245
2016-12-19,24426,24475,24135,24233,606906,-0.001976854330546507
2016-12-20,24232,24814,23893,24087,926478,-0.006024842157388632
2016-12-21,24232,25056,24038,25008,1145718,0.03823639307510285
2016-12-22,25056,25250,24572,24766,612574,-0.00967690339091487
2016-12-23,25008,25153,24765,24863,436703,0.003916659937010403
2016-12-26,25008,25056,24378,24475,774763,-0.01560551823995493
2016-12-27,24572,24862,24281,24718,771326,0.009928498467824287
2016-12-28,24717,24717,24329,24475,408649,-0.009830892467028063
2016-12-29,24378,24426,23796,23942,938315,-0.02177732379979569
2017-01-02,23990,24669,23602,24621,611930,0.028360203825912533
2017-01-03,24765,25638,24572,25444,1541973,0.03342674952276514
2017-01-04,25444,25735,25299,25687,951966,0.009550385159566188
2017-01-05,25977,26316,25541,25638,1105540,-0.0019075797095807756
2017-01-06,25638,25783,25250,25444,544767,-0.007566892893361432
2017-01-09,25396,25492,24911,25057,926455,-0.015209872661531176
2017-01-10,25056,25589,24911,25396,691273,0.013529153529951765
2017-01-11,25250,25929,25056,25735,1025082,0.013348558828161883
2017-01-12,25880,26316,25686,25784,1084480,0.0019040217602486198
2017-01-13,25783,26123,25735,26075,865247,0.011286068879925448
2017-01-16,25929,26026,25153,25299,842566,-0.029760306807286696
2017-01-17,25589,27043,25541,26850,3234686,0.061306771018617257
2017-01-18,26995,27043,26510,26608,1133711,-0.009013035381750467
2017-01-19,26656,26753,26123,26414,971514,-0.007291040288635031
2017-01-20,26365,26850,26026,26462,957194,0.0018172181418945055
2017-01-23,26656,26704,26123,26462,766074,0.0
2017-01-24,26365,26704,26268,26608,792721,0.00551734562769246
2017-01-25,26849,26898,25929,25978,718199,-0.023677089597113676
2017-01-26,26171,26704,26074,26414,597712,0.016783432134883425
2017-01-31,26123,26316,25202,25299,1280466,-0.0422124630877565
2017-02-01,25396,25880,25153,25784,894011,0.019170718210205884
2017-02-02,25686,25929,25541,25541,753464,-0.009424449270865609
2017-02-03,25686,26026,25202,25493,650757,-0.001879331271289253
2017-02-06,25783,25880,25299,25444,430690,-0.0019220962617189086
2017-02-07,25347,25396,24572,24718,1083368,-0.028533249489074097
2017-02-08,24717,25153,24620,24718,721204,0.0
2017-02-09,24814,25347,24717,25154,687232,0.017638967554009177
2017-02-10,25492,25783,25250,25735,717025,0.02309771805677019
2017-02-13,25783,26559,25638,26462,1340792,0.028249465708179544
2017-02-14,26704,27237,26268,26414,1433630,-0.0018139218502002397
2017-02-15,26559,27140,26413,26995,1325782,0.021995911259180767
2017-02-16,27092,27092,26123,26317,930825,-0.025115762178181122
2017-02-17,26171,26413,25977,26075,857616,-0.009195577003457855
2017-02-20,26219,26316,25396,25687,767520,-0.014880153403643348
2017-02-21,25686,26074,25492,25735,961336,0.0018686495114259571
2017-02-22,25880,25880,25299,25493,1023111,-0.009403536040411886
2017-02-23,25396,25735,24862,25202,2357986,-0.011414898207351087
2017-02-24,25444,25977,24765,24814,2308017,-0.015395603523529866
2017-02-27,24911,25056,24523,24621,903648,-0.007777867332957156
2017-02-28,24669,24814,24475,24572,839740,-0.0019901709922424127
2017-03-02,24620,25056,24087,24136,1504465,-0.017743773400618612
2017-03-03,23893,24038,23408,23942,1176520,-0.008037785880013248
2017-03-06,23990,24135,23457,23991,878371,0.0020466126472307167
2017-03-07,23796,24523,23796,24475,654519,0.02017423200366797
2017-03-08,24572,24620,24038,24233,886139,-0.00988764044943824
2017-03-09,24281,24329,23845,23845,709615,-0.016011224363471355
2017-03-10,23845,24135,23505,23651,788581,-0.0081358775424617
2017-03-13,23602,23796,23408,23457,917370,-0.008202612997336267
2017-03-14,23554,23942,23554,23651,778368,0.008270452317005628
2017-03-15,23699,23748,23360,23360,559570,-0.0123039194960044
2017-03-16,23699,24184,23554,24136,1075508,0.03321917808219177
2017-03-17,24184,24329,23990,24136,695105,0.0
2017-03-20,24087,24329,23942,24136,450893,0.0
2017-03-21,24329,24717,24281,24524,1051168,0.016075571760026497
2017-03-22,24523,24572,24184,24378,889506,-0.005953351818626662
2017-03-23,24523,24911,24426,24863,915076,0.019894987283616272
2017-03-24,24862,24959,24281,24475,968358,-0.01560551823995493
2017-03-27,24329,24426,23602,23651,1138786,-0.03366700715015325
2017-03-28,23796,25347,23748,25202,3226519,0.06557862246839452
2017-03-29,25396,25396,24911,25348,925265,0.005793191016586041
2017-03-30,25396,25638,25202,25444,1221786,0.0037872810478143393
2017-03-31,25638,25977,25444,25590,962054,0.005738091495048003
2017-04-03,25735,25783,25202,25299,783061,-0.01137162954279014
2017-04-04,25396,25492,25008,25105,576517,-0.00766828728408242
2017-04-05,25347,25735,25105,25735,1129729,0.025094602668791044
2017-04-06,25541,25541,25153,25348,671226,-0.015037886147270307
2017-04-07,25396,25541,25202,25348,798199,0.0
2017-04-10,24959,25202,24765,24814,817299,-0.021066750828467762
2017-04-11,24959,25686,24959,25299,941393,0.01954541790924469
2017-04-12,25396,25492,25105,25251,555160,-0.0018973081939998027
2017-04-13,25202,25492,24814,24960,855742,-0.011524296067482509
2017-04-14,24862,25299,24862,25008,449238,0.0019230769230769162
2017-04-17,25202,25202,24814,25008,358723,0.0
2017-04-18,25153,25202,24911,25008,541205,0.0
2017-04-19,24911,25008,24135,24184,1544929,-0.03294945617402434
2017-04-20,24184,24523,24184,24427,768809,0.010047965597089092
2017-04-21,24475,24814,24232,24669,662919,0.009907070045441557
2017-04-24,24911,24959,24523,24621,423679,-0.0019457618873890414
2017-04-25,24620,24620,24038,24572,909455,-0.0019901709922424127
2017-04-26,24620,25105,24620,25008,870049,0.0177437734006185
2017-04-27,25105,25202,24669,25105,712492,0.0038787587971849113
2017-04-28,24911,25008,24378,24378,820582,-0.028958374825731936
2017-05-02,24426,24717,24329,24669,543985,0.011936992370169763
2017-05-04,24717,24814,24232,24427,756941,-0.009809882848919704
2017-05-08,24475,24717,24378,24718,803158,0.011913047038113467
2017-05-10,24959,25541,24765,25202,1707936,0.019580872238854186
2017-05-11,25541,26316,25347,26268,3250927,0.04229823029918256
2017-05-12,26462,26995,26413,26753,3194239,0.01846352977006238
2017-05-15,27043,27043,26365,26898,1631299,0.00541995290247832
2017-05-16,27140,28013,27140,27722,2677883,0.03063424789947211
2017-05-17,27964,28352,27480,27819,1568922,0.00349902604429686
2017-05-18,27334,28061,27334,27868,1129267,0.0017613861030230105
2017-05-19,28013,28303,27625,27771,1294612,-0.0034806947036026825
2017-05-22,28061,28885,28013,28595,1870008,0.029671239782506964
2017-05-23,28885,28934,28255,28352,1187539,-0.008497989158943842
2017-05-24,28352,28449,27867,28304,1373559,-0.0016930022573363734
2017-05-25,28013,28837,27964,28401,1503065,0.00342707744488413
2017-05-26,28400,28643,28207,28352,995702,-0.0017252913629801636
2017-05-29,28594,29661,28594,28886,2131249,0.01883465011286689
2017-05-30,28691,29273,28594,29128,1136370,0.008377760853008454
2017-05-31,29224,29370,28837,28886,946441,-0.0083081570996979
2017-06-01,29030,29564,28691,29516,1046061,0.02180987329502182
2017-06-02,29321,29370,28303,28449,2089977,-0.03614988480823955
2017-06-05,28158,28643,27964,28595,1024203,0.00513199057963365
2017-06-07,28546,28788,28303,28643,864090,0.0016786151425074447
2017-06-08,28594,28643,27722,28013,1832603,-0.02199490276856475
2017-06-09,28255,28934,28207,28595,1350424,0.020776068254025004
2017-06-12,28691,29224,28497,28643,1106120,0.0016786151425074447
2017-06-13,28885,29127,28497,28643,902130,0.0
2017-06-14,28546,28643,27770,27965,1630138,-0.023670704884264926
2017-06-15,27722,28110,27140,27625,1231209,-0.012158054711246202
2017-06-16,27819,28110,27673,28013,718517,0.014045248868778337
2017-06-19,28303,28497,28013,28110,1136456,0.0034626780423374637
2017-06-20,28400,30194,28400,29903,4455044,0.06378512984702955
2017-06-21,29418,29661,28885,29128,1693541,-0.02591713206032842
2017-06-22,29224,29224,28352,28740,1387795,-0.013320516341664423
2017-06-23,29079,29127,28400,28595,969821,-0.005045233124565063
2017-06-26,28788,29176,28643,28886,762842,0.010176604301451286
2017-06-27,28788,29273,28643,28886,759525,0.0
2017-06-28,29176,29951,29030,29564,1622044,0.023471577927023368
2017-06-29,29903,30000,29030,29128,1075777,-0.014747666080368038
2017-06-30,28837,29321,28691,29273,791652,0.00497802801428171
2017-07-03,29127,29709,28837,29661,828896,0.01325453489563766
2017-07-04,29903,30727,29661,30000,2098161,0.011429149388085369
2017-07-05,30145,30194,29467,30049,861944,0.0016333333333333755
2017-07-06,29903,30727,29806,30533,1473703,0.016107025192185986
2017-07-07,30387,30678,30242,30533,778243,0.0
2017-07-10,30872,31163,30436,30679,897980,0.004781711590737814
2017-07-11,30678,31114,30387,30824,927802,0.004726360050849143
2017-07-12,30533,30533,29661,29758,1439773,-0.03458344147417591
2017-07-13,29951,30630,29903,30291,1059980,0.017911149942872573
2017-07-14,30484,31599,30436,30921,1855426,0.02079825690799253
2017-07-17,31599,31599,30824,31067,861946,0.004721710164613091
2017-07-18,31066,31454,30678,31357,727125,0.009334663791161102
2017-07-19,31502,32132,31308,31890,1401861,0.016997799534394176
2017-07-20,32181,33005,31987,32763,1506204,0.027375352775164563
2017-07-21,32665,32714,32229,32424,868519,-0.010347037817049709
2017-07-24,32326,32375,31551,32084,1125944,-0.010486059708857631
2017-07-25,32035,32665,31648,31794,838659,-0.00903877322029667
2017-07-26,32181,32326,31551,32036,746319,0.007611499024973156
2017-07-27,32229,33005,31987,32133,1020609,0.0030278436758646166
2017-07-28,32132,32132,31163,31406,850613,-0.02262471602402516
2017-07-31,31405,32762,31405,32666,1369363,0.04011972234604855
2017-08-01,32568,32859,32229,32327,924452,-0.010377762811485947
2017-08-02,32375,32568,31890,32375,610269,0.0014848269248615154
2017-08-03,32811,33102,31696,31890,1126151,-0.014980694980694986
2017-08-04,31745,32278,31357,32084,740416,0.006083411727814347
2017-08-07,32326,33102,32181,32520,1174770,0.013589328013963398
2017-08-08,32811,33005,32229,32617,716395,0.0029827798277983764
2017-08-09,32035,32762,31890,32472,848305,-0.004445534537204532
2017-08-10,32423,32811,31211,32520,1671215,0.0014781966001478075
2017-08-11,31745,32859,31696,32666,1481813,0.004489544895448949
2017-08-14,33005,34459,32956,34411,2673780,0.05341945753994981
2017-08-16,34604,34604,33586,34023,1553719,-0.01127546424108572
2017-08-17,34022,34701,33829,34217,993801,0.005702025100667196
2017-08-18,33780,34265,33683,34217,692791,0.0
2017-08-21,34362,34362,33344,33878,888044,-0.009907355992635258
2017-08-22,33635,34507,33635,34314,622606,0.012869708955664416
2017-08-23,34313,34459,34022,34071,474483,-0.007081657632453275
2017-08-24,34168,35040,34022,34120,1133514,0.001438173226497641
2017-08-25,34410,34798,34071,34605,879671,0.01421453692848762
2017-08-28,34846,34943,33732,33926,825995,-0.019621441988151966
2017-08-29,33586,34071,33150,34071,989174,0.004274008135353391
2017-08-30,33974,34265,33538,33926,672162,-0.004255818731472516
2017-08-31,34119,34604,33974,34265,922921,0.009992336261274604
2017-09-01,34556,34556,33780,34314,788274,0.0014300306435137689
2017-09-04,33344,34119,33295,33732,683842,-0.01696100716908555
2017-09-05,34022,34022,32908,33247,840722,-0.014378038657654413
2017-09-06,33199,34410,33150,34265,1381156,0.030619303997353242
2017-09-07,34507,34846,34119,34605,867788,0.009922661608054772
2017-09-08,34604,34846,34216,34556,551109,-0.0014159803496605061
2017-09-11,34556,36058,34556,35913,1320495,0.03926959138789221
2017-09-12,36252,36397,35525,35913,600180,0.0
2017-09-13,36058,36591,35864,36398,841467,0.013504858964720201
2017-09-14,36446,36543,35767,35913,817922,-0.01332490796197594
2017-09-15,35767,36349,35573,36204,605703,0.00810291537883212
2017-09-18,36349,37415,36349,36834,942566,0.01740139211136893
2017-09-19,36833,36930,36397,36834,588611,0.0
2017-09-20,36785,36833,36203,36252,556035,-0.015800618993321414
2017-09-21,36058,36494,35719,35768,652085,-0.01335098753172237
2017-09-22,35816,35864,33683,34508,1609451,-0.035227018564079615
2017-09-25,31841,32568,30775,31309,3879110,-0.092703141300568
2017-09-26,31308,32278,31114,31939,1290109,0.020122009645788808
2017-09-27,32035,32762,31987,32424,845269,0.01518519678136454
2017-09-28,32326,32423,31066,31551,968632,-0.026924500370096194
2017-09-29,31793,31987,31308,31454,610374,-0.00307438749960387
2017-10-10,32035,32811,31648,31987,1345842,0.016945380555732248
2017-10-11,32472,32908,31502,31600,1369561,-0.012098665082689863
2017-10-12,31793,33247,31745,32424,1750519,0.02607594936708857
2017-10-13,32568,33005,32035,32327,805308,-0.002991611152232898
2017-10-16,32714,32908,32084,32375,674152,0.0014848269248615154
2017-10-17,32278,33150,32132,33005,780672,0.019459459459459483
2017-10-18,33005,33392,32326,32666,755489,-0.010271171034691662
2017-10-19,32908,32956,30581,31697,1401836,-0.029663870691238547
2017-10-20,31841,32908,30921,32133,1215300,0.013755244975865333
2017-10-23,32665,32714,31551,32133,739142,0.0
2017-10-24,32132,32859,31938,32617,821613,0.015062396912830955
2017-10-25,32811,33005,32229,32327,648535,-0.008891069074409064
2017-10-26,32278,32326,31163,31260,858174,-0.033006465183902045
2017-10-27,31211,31745,30484,30824,1228748,-0.013947536788227799
2017-10-30,31066,31211,29370,29467,2251692,-0.04402413703607577
2017-10-31,29467,29903,29030,29516,1457352,0.001662877116774597
2017-11-01,29612,30775,29515,30630,1859280,0.037742241496137696
2017-11-02,30678,31938,30048,31842,2016089,0.03956904995102839
2017-11-03,32084,32278,31114,31260,1072388,-0.018277746372715287
2017-11-06,31308,31405,30387,30679,815870,-0.018586052463211766
2017-11-07,30678,30678,29854,30243,1040904,-0.014211675739104979
2017-11-08,30000,30921,29757,30388,856458,0.0047944979003404775
2017-11-09,30630,30727,30145,30194,895404,-0.006384098986441988
2017-11-10,30291,30484,29370,29758,1280728,-0.014439954957938705
2017-11-13,29951,30048,28837,28982,1416123,-0.02607702130519529
2017-11-14,29224,29612,28885,29176,841302,0.006693809951004104
2017-11-15,29273,29273,28303,28449,1169661,-0.02491774060871954
2017-11-16,28449,29903,28449,29855,1178656,0.04942177229428091
2017-11-17,29951,29951,29224,29370,719759,-0.01624518506112882
2017-11-20,29564,29757,28982,29031,603442,-0.011542390194075547
2017-11-21,29176,29321,28594,29128,904657,0.0033412558988668017
2017-11-22,29321,30291,29321,29419,1524792,0.009990387256248345
2017-11-23,29564,29757,29127,29225,589940,-0.006594377783065375
2017-11-24,29418,29515,29079,29322,415773,0.003319076133447396
2017-11-27,29467,29564,28885,28982,683999,-0.011595389127617484
2017-11-28,29030,29176,28740,28837,606628,-0.0050031053757504385
2017-11-29,28837,29321,28788,28837,557664,0.0
2017-11-30,29030,29030,28352,28352,946128,-0.016818670458092044
2017-12-01,28400,28546,27480,28013,1208315,-0.01195682844243795
2017-12-04,28013,29370,28013,29322,1006704,0.04672830471566769
2017-12-05,29321,29854,28982,29758,921459,0.014869381351885869
2017-12-06,29757,29854,29321,29419,769067,-0.011391894616573639
2017-12-07,29515,29661,28449,28982,786635,-0.014854345830925597
2017-12-08,28982,29612,28934,28982,571517,0.0
2017-12-11,29176,30387,29176,30340,1420901,0.046856669657028505
2017-12-12,30387,30872,29612,29952,1229315,-0.012788398154251812
2017-12-13,29806,29854,28740,29273,1352217,-0.022669604700854662
2017-12-14,29418,29709,28837,28837,986134,-0.014894271171386642
2017-12-15,28982,29273,28837,29031,654117,0.006727468183236773
2017-12-18,29273,29321,28788,28789,512837,-0.008335916778616004
2017-12-19,28982,29224,28691,28886,426788,0.003369342457188562
2017-12-20,29176,29709,29030,29419,882539,0.018451845184518367
2017-12-21,29612,29661,29030,29225,553466,-0.006594377783065375
2017-12-22,29273,29370,28837,29031,570493,-0.006638152266894792
2017-12-26,29127,29564,29079,29370,636728,0.011677172677482694
2017-12-27,29273,29467,28982,29419,434443,0.001668369084099508
2017-12-28,29515,30727,29127,30630,1202174,0.04116387368707297
2018-01-02,31018,31696,30678,31551,1637347,0.030068560235063657
2018-01-03,31211,32181,31163,31890,1245601,0.010744508890367932
2018-01-04,32132,32472,31454,31503,1392314,-0.012135465663217326
2018-01-05,31841,33053,31745,32666,1769238,0.0369171190045392
2018-01-08,32859,33150,32035,32714,1139052,0.0014694177432192923
2018-01-09,33199,33344,32084,32908,1290943,0.005930182796356265
2018-01-10,33053,33295,32326,32714,972838,-0.005895223046067821
2018-01-11,32811,32859,31114,31842,1518099,-0.02665525463104479
2018-01-12,32181,32278,31357,31551,969256,-0.009138873186357643
2018-01-15,31987,33829,31745,33344,2349331,0.056828626667934534
2018-01-16,33441,33489,32617,33296,1015149,-0.0014395393474088136
2018-01-17,33295,33635,32568,32811,876463,-0.014566314271984626
2018-01-18,32956,33053,32084,32278,857495,-0.01624455213190701
2018-01-19,32229,32811,31938,32714,886900,0.013507652270896564
2018-01-22,32714,33732,32520,33635,1165447,0.028153084306413056
2018-01-23,32568,34798,32181,34605,2357381,0.028839006986769666
2018-01-24,34604,35137,33392,33587,1237557,-0.02941771420314987
2018-01-25,33441,34556,33295,34459,993006,0.025962425938607092
2018-01-26,34556,34846,34119,34605,673690,0.004236919237354586
2018-01-29,34895,35476,34798,35089,968881,0.013986418147666546
2018-01-30,34895,35331,34313,34411,750764,-0.01932229473624214
2018-01-31,33974,34459,33392,34120,743400,-0.008456598180814234
2018-02-01,33974,34895,33392,34605,1222750,0.01421453692848762
2018-02-02,34895,35040,33877,34314,870299,-0.008409189423493668
2018-02-05,33489,33780,32859,32957,768479,-0.03954654077053099
2018-02-06,31793,32617,31502,32520,1148301,-0.013259702035986254
2018-02-07,32956,33344,31260,31406,823229,-0.03425584255842562
2018-02-08,31405,32132,31308,31600,736856,0.0061771635993121965
2018-02-09,30533,31551,30291,31357,650521,-0.007689873417721538
2018-02-12,31502,31745,30775,31115,615584,-0.007717575023120871
2018-02-13,31260,31987,31114,31163,524806,0.00154266430981842
2018-02-14,31357,31696,31114,31260,383573,0.0031126656612008308
2018-02-19,31745,32811,31745,32520,731692,0.040307101727447225
2018-02-20,32520,32811,32229,32424,413410,-0.002952029520295163
2018-02-21,32229,32665,31938,32472,491218,0.001480384900073961
2018-02-22,32229,32229,31163,31406,891458,-0.03282828282828287
2018-02-23,32181,33295,31890,32763,1365757,0.043208304145704535
2018-02-26,33199,33586,32714,32763,703427,0.0
2018-02-27,33150,33247,32520,32569,442046,-0.005921313677013651
2018-02-28,32375,32520,31841,32181,752308,-0.011913168964352572
2018-03-02,31454,31793,30872,31212,959917,-0.030110935023771823
2018-03-05,31114,31163,29661,29855,1293571,-0.04347686787133154
2018-03-06,30194,30291,29903,30000,787061,0.004856807904873639
2018-03-07,30048,30484,29854,29855,615668,-0.004833333333333356
2018-03-08,29806,30291,29418,30097,825389,0.008105844917099203
2018-03-09,30194,30872,30194,30340,623960,0.008073894408080484
2018-03-12,30727,30727,30145,30388,683224,0.001582069874752845
2018-03-13,30387,30387,29515,29661,1190752,-0.023923917335790468
2018-03-14,29467,30048,29467,30049,541450,0.013081150332086011
2018-03-15,29951,30000,29515,29661,849033,-0.012912243335884699
2018-03-16,29661,29903,29467,29806,482544,0.004888574222042363
2018-03-19,29951,30000,29515,29516,444770,-0.00972958464738638
2018-03-20,29564,29612,28982,29128,780473,-0.013145412657541655
2018-03-21,29079,29079,28352,28449,1189370,-0.023310903597912658
2018-03-22,28546,29612,28546,29613,1108297,0.04091532215543614
2018-03-23,29030,29273,28546,28546,715398,-0.036031472664032727
2018-03-26,28546,29079,28303,28498,582286,-0.0016814965319134068
2018-03-27,29079,29273,28788,29031,580659,0.018703066881886388
2018-03-28,28740,28885,28110,28256,737385,-0.02669560125383208
2018-03-29,28449,29176,28303,28643,743590,0.013696206115515253
2018-03-30,28837,29176,28546,28886,462306,0.008483748210732056
2018-04-02,28982,29030,28352,28401,538117,-0.01679014055251682
2018-04-03,28110,28594,27722,28595,483431,0.0068307453962888065
2018-04-04,28594,28885,27722,27722,683737,-0.03052981290435386
2018-04-05,28061,29176,28061,29128,924809,0.050717841425582666
2018-04-06,28982,28982,28449,28643,451664,-0.0166506454270805
2018-04-09,28400,28885,28400,28643,453968,0.0
2018-04-10,28497,28691,28158,28449,479010,-0.006773033550954821
2018-04-11,28594,29079,28594,28886,762271,0.015360821118492796
2018-04-12,28982,29127,28740,28837,618637,-0.0016963234785016823
2018-04-13,28837,29079,28449,28449,478879,-0.013454936366473658
2018-04-16,28594,28691,27625,27722,1043026,-0.025554501036943345
2018-04-17,27916,27964,27673,27916,514625,0.006998052088593942
2018-04-18,28207,28885,28110,28837,884562,0.03299183264077943
2018-04-19,28934,29370,28110,28256,921032,-0.02014772687866284
2018-04-20,28255,28691,28207,28595,393721,0.01199745186862966
2018-04-23,28885,28885,28207,28498,603051,-0.0033922014338171325
2018-04-24,28594,28691,27964,28013,742338,-0.017018738157063673
2018-04-25,27770,28255,27383,27529,972082,-0.017277692499910735
2018-04-26,27673,28158,27673,27868,559165,0.012314286752152181
2018-04-27,28110,28352,27625,27819,570550,-0.001758289077077646
2018-04-30,27916,28110,27625,28062,484058,0.008735037204788076
2018-05-02,28449,28934,27867,28062,1109686,0.0
2018-05-03,28158,28207,27770,27868,401055,-0.006913263487990928
2018-05-04,27867,27867,27237,27238,895464,-0.022606573848141243
2018-05-08,27480,27673,26510,26511,999623,-0.026690652764520206
2018-05-09,26268,26850,26268,26656,750463,0.0054694277846931705
2018-05-10,26898,28255,26850,28110,1273757,0.0545468187274909
2018-05-11,28449,28740,27916,28207,816133,0.0034507292778369614
2018-05-14,28207,28934,28013,28692,1110701,0.017194313468287925
2018-05-15,29079,29321,28352,28595,991737,-0.003380733305450967
2018-05-16,28255,28303,27576,27674,815698,-0.032208428046861304
2018-05-17,27625,27867,26946,27044,1092887,-0.02276505022765052
2018-05-18,27092,27722,27043,27625,554274,0.021483508356751946
2018-05-21,27673,27673,27189,27238,478282,-0.01400904977375561
2018-05-23,27043,27140,26510,26608,954021,-0.023129451501578635
2018-05-24,26753,26801,26219,26317,710027,-0.010936560432952547
2018-05-25,26268,26413,25638,25687,972554,-0.023938898810654696
2018-05-28,25832,26607,25832,26511,723969,0.03207848327947982
2018-05-29,26413,26559,26219,26220,338542,-0.010976575761004859
2018-05-30,26171,26171,25347,25396,770760,-0.03142639206712439
2018-05-31,25541,25686,24911,25057,1220062,-0.013348558828161883
2018-06-01,25250,25444,25008,25057,529217,0.0
2018-06-04,25105,25202,24281,24378,1587029,-0.0270982160673664
2018-06-05,24475,24717,24378,24524,851287,0.005989006481253556
2018-06-07,24572,24717,24329,24524,1111188,0.0
2018-06-08,24523,25299,24426,24766,1077261,0.009867884521285175
2018-06-11,24959,25250,24572,25105,570192,0.013688120810789073
2018-06-12,25396,25396,24717,24766,676691,-0.013503286197968478
2018-06-14,24620,24717,23748,23748,1395185,-0.04110474036986189
2018-06-15,23942,24087,23408,23651,994847,-0.004084554488799075
2018-06-18,23651,23990,22875,23167,1140642,-0.020464250983045162
2018-06-19,23215,23215,21712,21761,2496210,-0.0606897742478526
2018-06-20,21518,22342,21518,21906,1204144,0.006663296723496082
2018-06-21,21809,21954,21082,21228,1088088,-0.030950424541221544
2018-06-22,21034,21615,20500,21519,1233556,0.01370830977953652
2018-06-25,21615,22294,21421,22197,930455,0.031507040289976196
2018-06-26,21809,22100,21518,21955,497518,-0.010902374194710962
2018-06-27,21954,21954,20743,20840,1438092,-0.05078569801867461
2018-06-28,20840,21761,20840,21180,984780,0.016314779270633295
2018-06-29,21421,21567,20597,21180,770348,0.0
2018-07-02,21179,21227,19967,19968,1248493,-0.0572237960339943
2018-07-03,20161,20404,19725,20065,792781,0.004857772435897356
2018-07-04,19919,20258,19774,20016,528385,-0.0024420632942935283
2018-07-05,20016,20210,19822,20113,536610,0.004846123101518884
2018-07-06,20113,20404,19628,20307,740522,0.009645502908566694
2018-07-09,20161,20500,19870,20356,606721,0.0024129610479144414
2018-07-10,20646,20985,20355,20453,736154,0.004765179799567587
2018-07-11,20161,20404,19677,19871,975550,-0.028455483303182927
2018-07-12,20016,20210,19677,19677,1186149,-0.009762971164007817
2018-07-13,19870,20500,19870,20307,900233,0.03201707577374591
2018-07-16,20307,20500,19967,19968,541235,-0.016693750923326922
2018-07-17,20064,20258,19774,19774,602172,-0.009715544871794823
2018-07-18,19870,20113,19774,19822,436145,0.002427429958531402
2018-07-19,19822,19919,19192,19386,920453,-0.021995762284330533
2018-07-20,19337,19870,19337,19677,568533,0.015010832559579024
2018-07-23,19870,20355,19580,19629,812461,-0.0024393962494282384
2018-07-24,19774,19822,19386,19483,852830,-0.0074379744255947955
2018-07-25,19677,19967,19483,19532,939286,0.002515013088333351
2018-07-26,19677,19822,19483,19774,786075,0.012389924226909654
2018-07-27,19967,20743,19967,20646,1221621,0.044098310913320615
2018-07-30,20597,20694,20258,20404,713751,-0.011721398818173023
2018-07-31,20404,20597,20161,20501,558114,0.004753969809841108
2018-08-01,20646,20694,20161,20356,959238,-0.007072825715818687
2018-08-02,20355,20694,19870,19968,886520,-0.019060719198270792
2018-08-03,20210,21131,20064,21083,1791916,0.05583934294871784
2018-08-06,21034,21324,20404,20453,1009863,-0.029881895365934663
2018-08-07,20549,20791,20307,20695,585140,0.011832005084828623
2018-08-08,20500,20694,20258,20259,791465,-0.02106789079487803
2018-08-09,20404,20840,20258,20598,1136550,0.016733303716866654
2018-08-10,20694,20743,20355,20598,513022,0.0
2018-08-13,20937,20985,19870,20065,1171058,-0.025876298669773812
2018-08-14,20064,20161,19677,19919,939278,-0.0072763518564664675
2018-08-16,19580,19580,18659,19241,1816780,-0.03403785330588882
2018-08-17,19337,19919,19337,19774,990517,0.02770126292812214
2018-08-20,20016,20307,19870,19968,754640,0.009810862749064508
2018-08-21,20016,20064,19628,19968,834489,0.0
2018-08-22,19967,20064,19386,19386,1029484,-0.02914663461538458
2018-08-23,19483,19483,18659,18902,1966446,-0.02496647064892188
2018-08-24,18901,19047,18707,18999,962837,0.005131732091842034
2018-08-27,19047,19240,18853,18999,985505,0.0
2018-08-28,19192,19531,19047,19483,1238341,0.02547502500131582
2018-08-29,19628,20694,19580,20646,3037760,0.05969306574962796
2018-08-30,20597,20597,20113,20259,1151148,-0.018744551002615517
2018-08-31,20113,20161,19580,19629,1516727,-0.031097290093291874
2018-09-03,19677,20016,19677,19726,708030,0.0049416679402924935
2018-09-04,19822,19870,19289,19580,955070,-0.0074013991686099345
2018-09-05,19483,19628,19240,19289,868122,-0.014862104187946867
2018-09-06,19289,19337,18998,19095,927209,-0.010057545751464558
2018-09-07,18998,19337,18804,19241,781032,0.007645980623199877
2018-09-10,19143,19337,18950,19144,611522,-0.005041318018814023
2018-09-11,19192,19240,18126,18223,3066919,-0.04810906811533644
2018-09-12,18320,18416,18126,18223,873577,0.0
2018-09-13,18223,18610,18174,18514,1124222,0.015968830598694028
2018-09-14,18562,18901,18562,18756,625612,0.013071189370206238
2018-09-17,18513,18707,18223,18272,842597,-0.025805075709106395
2018-09-18,18174,18223,17883,18029,859683,-0.01329903677758315
2018-09-19,18077,18174,17883,18078,563784,0.002717843474402404
2018-09-20,18126,18174,17447,17738,1264508,-0.018807390198030793
2018-09-21,18077,18223,17835,17981,796864,0.013699402412898909
2018-09-27,17786,18707,17786,18611,1260069,0.03503698348256501
2018-09-28,18707,18804,18465,18708,744900,0.0052119714147547125
2018-10-01,18756,18804,18271,18320,614355,-0.020739790463972674
2018-10-02,18320,18707,18320,18562,632874,0.013209606986899658
2018-10-04,18562,18659,18029,18223,987604,-0.01826311819847004
2018-10-05,18029,18513,17980,18369,721372,0.008011853152609438
2018-10-08,18223,18465,18126,18272,531220,-0.005280635853884275
2018-10-10,18223,18271,17302,17399,1547807,-0.047778021015761785
2018-10-11,16478,16962,16236,16236,1650365,-0.06684292200701192
2018-10-12,16090,16526,16042,16333,1063130,0.005974377925597407
2018-10-15,16332,16381,15993,15994,712281,-0.020755525622971893
2018-10-16,15993,16332,15945,16042,454281,0.003001125422033235
2018-10-17,16381,16914,16381,16672,1145994,0.039271911233013324
2018-10-18,16623,16672,16187,16284,489261,-0.023272552783109357
2018-10-19,16042,16139,15751,16139,761304,-0.008904446082043771
2018-10-22,16090,16817,15799,16818,839896,0.0420719995043064
2018-10-23,16720,16720,16090,16236,690283,-0.03460577952194077
2018-10-24,16478,16672,16236,16333,786380,0.005974377925597407
2018-10-25,15993,16817,15896,16818,989273,0.029694483560888996
2018-10-26,16817,16866,15993,16139,912288,-0.040373409442264196
2018-10-29,16139,16381,14782,14831,2333283,-0.0810459136253795
2018-10-30,14830,15363,14248,15024,1687340,0.01301328298833515
2018-10-31,15266,15702,14975,15654,1160264,0.04193290734824284
2018-11-01,15751,16332,15702,15848,863418,0.012392998594608517
2018-11-02,15993,17689,15993,17448,2459409,0.1009591115598183
2018-11-05,17350,18126,16672,17738,2250438,0.016620816139385708
2018-11-06,17883,17883,17059,17254,869646,-0.027286052542564
2018-11-07,17350,17593,16769,16915,829887,-0.019647617943665208
2018-11-08,17399,17544,17156,17254,981490,0.020041383387525924
2018-11-09,17253,17399,16914,17157,471290,-0.005621884780340758
2018-11-12,17059,17350,16866,17157,629609,0.0
2018-11-13,16672,16817,15460,16091,2628573,-0.06213207437197643
2018-11-14,16139,16623,16090,16478,978142,0.02405071157790073
2018-11-15,16284,16332,15848,16139,746495,-0.02057288505886634
2018-11-16,16284,17156,16139,16769,1137669,0.03903587582873791
2018-11-19,16914,17544,16914,17302,956469,0.0317848410757946
2018-11-20,16914,17496,16914,17254,676810,-0.0027742457519361885
2018-11-21,17108,18077,17108,17932,1699820,0.039295235887330415
2018-11-22,18126,18126,17447,17545,655717,-0.02158153022529552
2018-11-23,17641,17932,17302,17351,645558,-0.011057281276717013
2018-11-26,17496,18029,17302,17787,1020391,0.025128234683879924
2018-11-27,17980,18077,17593,17932,752180,0.008152021139034016
2018-11-28,17835,18077,17253,17981,1204539,0.0027325451706445847
2018-11-29,18320,18707,17980,18417,1852153,0.024247817140314876
2018-11-30,18562,18707,18271,18320,989706,-0.0052668729977738415
2018-12-03,18707,18853,18368,18756,972076,0.02379912663755457
2018-12-04,18756,18998,18368,18465,973101,-0.015515035188739645
2018-12-05,18029,18320,17932,18126,774920,-0.018359057676685664
2018-12-06,18077,19386,18077,18999,3177446,0.04816285998013892
2018-12-07,19095,19289,18659,18853,1102531,-0.0076846149797358265
2018-12-10,18562,18756,18223,18562,699616,-0.015435209250517112
2018-12-11,18659,19386,18126,19241,1401764,0.036580109901950264
2018-12-12,19434,19774,19143,19386,1353740,0.00753599085286627
2018-12-13,19483,19774,19386,19580,1386269,0.010007221706386016
2018-12-14,19580,20258,19580,19871,1679982,0.014862104187946867
2018-12-17,19870,20258,19822,20162,1009855,0.01464445674601178
2018-12-18,19967,20064,19289,19435,1293363,-0.03605793076083719
2018-12-19,19628,20064,19580,19968,853220,0.02742474916387949
2018-12-20,19677,19725,19192,19386,970812,-0.02914663461538458
2018-12-21,19289,19774,19192,19774,842284,0.02001444341277203
2018-12-24,19580,20064,19531,19677,581954,-0.004905431374532254
2018-12-26,19289,19483,19095,19241,768058,-0.022157849265640128
2018-12-27,19531,19628,19240,19338,508244,0.005041318018814023
2018-12-28,19386,19919,19289,19580,598925,0.012514220705347023
2019-01-02,19725,20064,18998,19192,765015,-0.019816138917262527
2019-01-03,19240,19240,17980,18417,1282979,-0.040381408920383444
2019-01-04,18271,18853,18029,18659,746255,0.013140033664549078
2019-01-07,18950,19580,18901,18950,636467,0.015595691087410879
2019-01-08,19192,19289,18707,18805,515389,-0.007651715039577844
2019-01-09,18901,19628,18853,19580,770974,0.041212443499069495
2019-01-10,19483,19774,19289,19580,708061,0.0
2019-01-11,19822,20840,19677,20743,2176714,0.05939734422880494
2019-01-14,20840,20937,20355,20889,957724,0.0070385190184640845
2019-01-15,20743,21034,20549,20889,838246,0.0
2019-01-16,20888,20888,20404,20840,1097035,-0.0023457322035520534
2019-01-17,20791,21276,20646,20840,905158,0.0
2019-01-18,21082,21227,20597,20792,765889,-0.002303262955854146
2019-01-21,20888,21276,20888,21083,661384,0.013995767602924092
2019-01-22,21131,21227,20355,20598,890571,-0.023004316273775083
2019-01-23,20452,20743,20113,20646,639934,0.002330323332362383
2019-01-24,20452,20743,20210,20404,617939,-0.011721398818173023
2019-01-25,20258,20985,20210,20792,729996,0.019015879239364875
2019-01-28,20791,21518,20791,21325,1106582,0.025634859561369794
2019-01-29,21276,21421,20937,21228,655613,-0.004548651817116056
2019-01-30,21421,22003,21276,21906,1045679,0.03193894855850754
2019-01-31,22197,22294,21664,21761,890127,-0.006619191089199283
2019-02-01,21858,21954,21470,21567,439738,-0.008915031478332835
2019-02-07,21664,22051,21518,22003,551424,0.020216070848982248
2019-02-08,21906,21954,21082,21228,673327,-0.03522246966322773
2019-02-11,21276,21470,20937,21034,501524,-0.009138873186357643
2019-02-12,21131,21131,20355,20695,1002925,-0.01611676333555201
2019-02-13,20840,21664,20597,21373,955547,0.03276153660304426
2019-02-14,21421,21664,20840,21180,760266,-0.00903008468628641
2019-02-15,20937,21179,20307,20549,1059936,-0.029792256846081222
2019-02-18,20694,21082,20646,20986,729962,0.021266241666261232
2019-02-19,21034,21227,20694,21131,531073,0.006909368150195272
2019-02-20,21276,22633,21179,22488,3490382,0.06421844683166911
2019-02-21,22488,22778,22100,22633,1375752,0.006447883315546132
2019-02-22,22536,22536,22051,22391,593130,-0.01069235187557993
2019-02-25,22730,23215,22633,22730,1176952,0.015140011611808335
2019-02-26,22778,22924,22391,22682,577344,-0.002111746590409136
2019-02-27,22681,23360,22391,23070,975478,0.01710607530200159
2019-02-28,23118,23312,22585,22682,984294,-0.016818378846987447
2019-03-04,22730,23118,22730,22876,690425,0.008553037651000794
2019-03-05,22681,22778,22342,22488,413149,-0.01696100716908555
2019-03-06,22391,23069,22342,22633,533901,0.006447883315546132
2019-03-07,22730,22730,21664,21858,916355,-0.034242035965183604
2019-03-08,21518,22197,21421,21858,553633,0.0
2019-03-11,21858,22148,21664,22003,359092,0.006633726781956284
2019-03-12,22294,22681,22197,22488,390321,0.022042448756987687
2019-03-13,22294,22730,22100,22488,469875,0.0
2019-03-14,22633,22778,22391,22537,527181,0.002178939879046604
2019-03-15,22536,22875,22488,22779,606677,0.010737897679371722
2019-03-18,23021,23118,22633,22876,384689,0.004258308090785423
2019-03-19,22924,22972,22439,22537,369373,-0.014819024304948414
2019-03-20,22536,22730,21761,22003,555359,-0.023694369259440018
2019-03-21,22148,22391,21567,21858,482121,-0.006590010453120021
2019-03-22,21809,21809,21179,21373,764331,-0.02218867233964683
2019-03-25,20791,21179,20646,20840,528664,-0.024938005895288495
2019-03-26,20840,21034,20064,20210,1375825,-0.03023032629558542
2019-03-27,20258,20937,20210,20646,700310,0.021573478476001995
2019-03-28,20452,20549,19870,20259,635556,-0.018744551002615517
2019-03-29,20064,20549,20064,20259,601064,0.0
2019-04-01,20355,21276,20355,21083,800513,0.040673281010908724
2019-04-02,21276,21518,21034,21422,555023,0.016079305601669702
2019-04-03,21227,22100,21227,22052,797139,0.029409018765754746
2019-04-04,22148,22536,22051,22197,538321,0.0065753673136224045
2019-04-05,22245,22391,21954,22149,244021,-0.002162454385727819
2019-04-08,22294,22294,21954,22100,257781,-0.0022122894938823023
2019-04-09,22100,22730,22100,22440,741570,0.01538461538461533
2019-04-10,22342,22439,22051,22294,363799,-0.0065062388591800024
2019-04-11,22342,22585,22051,22246,504793,-0.002153045662510067
2019-04-12,22100,22294,21858,22003,412876,-0.010923312056099976
2019-04-15,22051,22294,21954,22052,629640,0.0022269690496750094
2019-04-16,21954,22294,21809,21906,329786,-0.0066207146744059475
2019-04-17,21858,22148,21615,21906,489804,0.0
2019-04-18,21712,21761,20888,20986,863641,-0.04199762622112668
2019-04-19,21082,21324,20840,21131,332721,0.006909368150195272
2019-04-22,21421,21518,21034,21131,421452,0.0
2019-04-23,20937,21227,20355,20453,686060,-0.03208556149732622
2019-04-24,20597,20646,19967,20162,751273,-0.014227741651591463
2019-04-25,20113,20500,20016,20162,346455,0.0
2019-04-26,20210,20258,19192,19435,929178,-0.03605793076083719
2019-04-29,19483,20355,19434,20356,676153,0.04738873166966817
2019-04-30,20307,20597,19628,19968,714688,-0.019060719198270792
2019-05-02,19774,20113,19628,19919,415421,-0.002453926282051322
2019-05-03,19919,20161,19774,19968,291692,0.0024599628495405312
2019-05-07,19483,19822,19434,19629,319995,-0.016977163461538436
2019-05-08,19386,20500,19386,20162,1028260,0.027153701156452215
2019-05-09,20452,21276,20258,20307,2093483,0.007191746850510938
2019-05-10,20404,20743,20258,20453,805429,0.007189639040724893
2019-05-13,20307,20355,19483,19726,771289,-0.0355449078374811
2019-05-14,19434,20064,19434,19774,575104,0.0024333367129676375
2019-05-15,19822,20985,19822,20840,949537,0.0539091736623849
2019-05-16,20549,21082,20500,20598,544773,-0.011612284069097867
2019-05-17,20888,21179,20404,20549,553906,-0.0023788717351199695
2019-05-20,20694,20888,20064,20113,595547,-0.02121757749768849
2019-05-21,19774,20646,19774,20356,573343,0.012081738179287038
2019-05-22,20549,21276,20500,21180,996198,0.040479465513853397
2019-05-23,21179,21179,20549,20646,394611,-0.025212464589235095
2019-05-24,20597,20791,20307,20598,351829,-0.0023249055507119643
2019-05-27,20549,20694,20064,20210,363946,-0.018836780269929077
2019-05-28,20210,20694,20210,20404,702329,0.009599208312716545
2019-05-29,20500,20549,19725,19774,604691,-0.030876298764948018
2019-05-30,19822,20161,19774,20016,597901,0.01223829270759591
2019-05-31,19870,20404,19628,20016,517342,0.0
2019-06-03,19870,20597,19677,20501,660339,0.024230615507593978
2019-06-04,20355,21179,20307,21034,749116,0.025998731769181882
2019-06-05,21421,21421,20743,21083,558622,0.002329561662070878
2019-06-07,21082,21131,20549,20695,454131,-0.018403453019020022
2019-06-10,20937,20985,20404,20695,318655,0.0
2019-06-11,20743,21034,20743,20889,244485,0.0093742449867118
2019-06-12,20888,21082,20549,20792,301307,-0.004643592321317391
2019-06-13,20743,20840,20452,20840,504339,0.002308580223162826
2019-06-14,20888,20937,20016,20162,597844,-0.032533589251439565
2019-06-17,20210,20404,19870,20065,463827,-0.00481103065172106
2019-06-18,20016,20210,19870,20113,354081,0.002392225267879411
2019-06-19,20743,22294,20646,21858,2999747,0.0867598070899418
2019-06-20,21858,22197,21712,22052,784176,0.008875468935858777
2019-06-21,22003,22051,21615,21810,569148,-0.010974061309631744
2019-06-24,21809,21809,21373,21616,387547,-0.008895002292526377
2019-06-25,21712,21809,21179,21422,416166,-0.008974833456698694
2019-06-26,21276,21567,21131,21325,332391,-0.0045280552702828825
2019-06-27,21421,21858,21227,21470,539436,0.006799531066822961
2019-06-28,21518,22148,21421,22003,980702,0.02482533768048434
2019-07-01,22245,22827,22148,22391,906097,0.01763395900559006
2019-07-02,22294,22633,21858,22537,830229,0.006520476977357026
2019-07-03,22536,22924,22051,22343,590818,-0.008608066734702935
2019-07-04,22488,22488,21954,22343,395300,0.0
2019-07-05,22439,22681,22100,22149,345727,-0.00868280893344675
2019-07-08,22003,22245,21615,21616,348361,-0.02406429184161818
2019-07-09,21615,21906,21034,21180,471546,-0.020170244263508552
2019-07-10,21276,21421,20937,21131,370092,-0.0023135033050046827
2019-07-11,21276,21615,21082,21131,652069,0.0
2019-07-12,21276,21324,20646,20840,561111,-0.0137712365718613
2019-07-15,20888,21615,20888,21228,658896,0.01861804222648744
2019-07-16,21276,21567,20500,20840,628065,-0.018277746372715287
2019-07-17,20791,20985,20549,20743,311895,-0.004654510556621916
2019-07-18,20743,20791,19967,20016,800844,-0.03504796798920118
2019-07-19,20258,20307,19628,20113,670708,0.004846123101518884
2019-07-22,20113,20210,19919,19968,259362,-0.0072092676378461285
2019-07-23,20113,20597,20064,20307,526606,0.016977163461538547
2019-07-24,20355,20500,20016,20016,312601,-0.014330033978431134
2019-07-25,20016,20113,19434,19483,759437,-0.026628697042366145
2019-07-26,19289,19580,18416,18708,1247481,-0.03977826823384489
2019-07-29,18562,18659,18077,18465,511780,-0.012989095574086007
2019-07-30,18271,18950,18271,18562,438016,0.0052531816950989185
2019-07-31,18562,18707,17835,18126,825213,-0.02348884818446284
2019-08-01,17932,18610,17932,18126,555468,0.0
2019-08-02,17883,18271,17786,18126,454361,0.0
2019-08-05,18223,18223,17544,17545,725387,-0.0320534039501269
2019-08-06,16962,17835,16575,17496,826389,-0.0027928184667996847
2019-08-07,17496,17738,16429,16527,1032635,-0.055384087791495173
2019-08-08,16575,17156,16429,16818,948872,0.01760755127972402
2019-08-09,16962,17156,16575,16672,556759,-0.008681174931620905
2019-08-12,16575,16720,16478,16624,361006,-0.0028790786948176272
2019-08-13,16429,16769,16236,16527,517615,-0.0058349374398459775
2019-08-14,16866,16866,16575,16769,542227,0.01464270587523453
2019-08-16,16429,16575,16042,16091,862261,-0.04043174906076685
2019-08-19,16236,16672,16187,16575,433188,0.030078926107762083
2019-08-20,16526,16720,16381,16575,388676,0.0
2019-08-21,16575,17253,16478,17060,857856,0.02926093514328798
2019-08-22,17253,17980,17108,17205,1360920,0.008499413833528813
2019-08-23,16914,17156,16720,16915,733877,-0.016855565242661963
2019-08-26,16526,16672,16236,16284,726109,-0.037304167898315144
2019-08-27,16478,16672,16187,16430,745984,0.008965856055023425
2019-08-28,16478,16478,16139,16381,662672,-0.0029823493609251184
2019-08-29,16526,16575,16187,16236,439102,-0.008851718454306767
2019-08-30,16526,16914,16429,16769,725650,0.03282828282828287
2019-09-02,16623,16866,16575,16672,436549,-0.005784483272705643
2019-09-03,16817,17156,16720,16818,651698,0.008757197696737107
2019-09-04,16623,16962,16623,16866,567988,0.0028540849090259446
2019-09-05,16914,17496,16866,17351,900233,0.028756077315308826
2019-09-06,17350,17496,17011,17205,557177,-0.008414500605152475
2019-09-09,17253,17738,17156,17593,837305,0.022551583841906364
2019-09-10,17641,17738,17399,17496,499337,-0.005513556528164654
2019-09-11,17593,17786,17447,17545,859160,0.0028006401463192
2019-09-16,17932,18029,17786,17932,722269,0.022057566258193217
2019-09-17,17980,18223,17786,18175,587724,0.013551193397278505
2019-09-18,18223,18320,17689,17932,665409,-0.013370013755158228
2019-09-19,17932,17980,17689,17738,280774,-0.01081864822663392
2019-09-20,17738,17883,17544,17835,348609,0.005468485736836115
2019-09-23,17786,17883,17399,17545,536181,-0.016260162601625994
2019-09-24,17689,17932,17544,17884,395244,0.01932174408663445
2019-09-25,17786,17835,17205,17205,613574,-0.03796689778573026
2019-09-26,17302,17447,17205,17254,306968,0.002848009299622145
2019-09-27,17253,17350,16914,17108,267967,-0.008461805958038693
2019-09-30,17059,17447,17011,17399,303187,0.01700958615852244
2019-10-01,17253,17641,17205,17302,319164,-0.005575033047876321
2019-10-02,17156,17253,16962,16963,382953,-0.01959311062304936
2019-10-04,16962,17156,16817,16866,316429,-0.005718328125921102
2019-10-07,17059,17156,16866,16963,336438,0.005751215463061676
2019-10-08,17059,17447,17011,17399,333204,0.025703000648470198
2019-10-10,17350,17399,16817,16866,692549,-0.0306339444795678
2019-10-11,17059,17350,17011,17205,411091,0.02009960868018501
2019-10-14,17447,17835,17447,17690,752188,0.028189479802382955
2019-10-15,17593,17689,17399,17496,337578,-0.010966647823629216
2019-10-16,17593,17641,17399,17496,403413,0.0
2019-10-17,17593,17593,17302,17399,323234,-0.00554412437128482
2019-10-18,17399,17496,16769,16963,767521,-0.025058911431691477
2019-10-21,16914,17011,16672,16769,605919,-0.011436656251842203
2019-10-22,16866,17011,16769,16963,384009,0.011568966545411286
2019-10-23,16866,16914,16381,16478,753678,-0.02859164062960562
2019-10-24,16381,16478,16090,16430,796879,-0.002912974875591723
2019-10-25,16478,16575,16332,16430,451331,0.0
2019-10-28,16575,16672,16381,16478,359174,0.002921485088253295
2019-10-29,16575,16575,16284,16333,363031,-0.008799611603349966
2019-10-30,16332,16381,15460,15654,1642337,-0.04157227698524457
2019-10-31,15751,16090,15605,15848,819698,0.012392998594608517
2019-11-01,15751,15993,15605,15994,544937,0.009212518929833324
2019-11-04,16236,16236,15993,16091,509162,0.006064774290358788
2019-11-05,16139,16236,16090,16236,385713,0.009011248524019688
2019-11-06,16284,16381,16187,16284,422936,0.002956393200295615
2019-11-07,16284,16332,16139,16284,345929,0.0
2019-11-08,16478,16866,16429,16721,932145,0.026836158192090398
2019-11-11,16720,16720,16236,16284,583105,-0.02613480055020634
2019-11-12,16332,16769,16332,16672,564586,0.023827069516089372
2019-11-13,16672,18223,16381,17981,4074829,0.07851487523992318
2019-11-14,17932,18416,17883,18029,1856220,0.002669484455814386
2019-11-15,18077,18223,17932,18078,734343,0.002717843474402404
2019-11-18,18223,18223,17883,18078,583416,0.0
2019-11-19,17980,18223,17689,18175,814899,0.005365637791791222
2019-11-20,18077,18077,17544,17690,857507,-0.02668500687757913
2019-11-21,17496,17932,17496,17738,662356,0.0027133973996609217
2019-11-22,17835,17932,17641,17690,366928,-0.0027060547976096583
2019-11-25,17932,18126,17689,18078,454487,0.021933295647258433
2019-11-26,18077,18126,17835,18078,702703,0.0
2019-11-27,18174,18174,17544,17593,600028,-0.026828188958955668
2019-11-28,17593,17738,17350,17448,385095,-0.008241914397771888
2019-11-29,17496,17496,16914,17011,584761,-0.025045850527281033
2019-12-02,17011,17738,16962,17690,667200,0.03991534889189352
2019-12-03,17593,17593,17253,17545,280125,-0.008196721311475419
2019-12-04,17302,17302,17059,17205,410285,-0.019378740381875148
2019-12-05,17302,17447,16866,16963,366482,-0.014065678581807628
2019-12-06,16962,17156,16866,17060,308197,0.005718328125921213
2019-12-09,17156,17205,16914,17011,206490,-0.0028722157092614387
2019-12-10,16962,17205,16914,17011,223549,0.0
2019-12-11,17059,17302,17011,17108,277554,0.005702192698841868
2019-12-12,17205,17738,17108,17545,952381,0.025543605330839325
2019-12-13,17883,18223,17835,18126,1100357,0.03311484753491034
2019-12-16,18174,18320,18029,18175,476459,0.0027032991283240104
2019-12-17,18126,18416,17932,18272,631439,0.0053370013755158485
2019-12-18,18271,18320,18029,18078,404457,-0.010617338003502619
2019-12-19,18077,18174,17786,18078,437423,0.0
2019-12-20,18126,18756,18077,18611,970396,0.02948334992808932
2019-12-23,18804,18853,18465,18465,431115,-0.007844822954166886
2019-12-24,18513,18659,18223,18272,409690,-0.010452206877877068
2019-12-26,18223,18562,18223,18272,334838,0.0
2019-12-27,18174,18320,17932,18272,352074,0.0
2019-12-30,18126,18271,18029,18272,283798,0.0
2020-01-02,18223,18271,17932,17932,417072,-0.01860770577933446
2020-01-03,18029,18756,17932,18611,865038,0.03786526879321883
2020-01-06,18465,18562,18029,18029,625812,-0.031271828488528275
2020-01-07,18223,18853,18126,18659,978306,0.03494370181374462
2020-01-08,18271,18416,17544,17884,1216990,-0.04153491612626614
2020-01-09,18223,19240,18223,19192,1562109,0.07313800044732721
2020-01-10,19192,19434,18950,19289,1059493,0.005054189245518925
2020-01-13,19483,19483,19047,19192,685658,-0.005028772875732335
2020-01-14,19289,19483,19047,19386,629497,0.01010837849103785
2020-01-15,19289,19483,19095,19386,421749,0.0
2020-01-16,19386,19434,18853,18950,644301,-0.022490457030846955
2020-01-17,18950,19531,18950,18999,596658,0.0025857519788918815
2020-01-20,19095,19628,18998,19435,884434,0.02294857624085478
2020-01-21,19386,19483,19143,19192,468049,-0.012503215847697424
2020-01-22,19289,19386,18998,19095,345945,-0.005054189245518925
2020-01-23,19047,19095,18416,18562,627447,-0.02791306624770884
2020-01-28,17835,18077,17156,17254,1259404,-0.07046654455338863
2020-01-29,17496,17544,17059,17302,505612,0.002781963602642934
2020-01-30,17253,17399,16623,16866,1001650,-0.02519939891342038
2020-01-31,16866,17011,16332,16333,665423,-0.031602039606308585
2020-02-03,15945,16478,15654,16284,800729,-0.003000061225739259
2020-02-04,16478,16720,16332,16624,694116,0.020879390813068
2020-02-05,16914,16962,16429,16672,673541,0.002887391722810495
2020-02-06,16866,18126,16817,17981,1491394,0.07851487523992318
2020-02-07,17786,18126,17496,17787,429740,-0.010789166342250134
2020-02-10,17544,17883,17350,17738,439919,-0.0027548209366391463
2020-02-11,17786,18610,17593,18175,1187884,0.02463637388657114
2020-02-12,17980,18707,17932,18320,1300053,0.007977991746905166
2020-02-13,18368,18659,17932,18029,894204,-0.015884279475982588
2020-02-14,17980,18174,17738,17787,542510,-0.01342281879194629
2020-02-17,17786,18416,17544,18272,701366,0.027267105189183072
2020-02-18,18077,18271,17883,18078,418392,-0.010617338003502619
2020-02-19,18320,18465,17980,18272,647926,0.010731275583582223
2020-02-20,18562,19386,18416,19144,2917067,0.04772329246935203
2020-02-21,18998,20355,18950,19677,3365515,0.027841621395737537
2020-02-24,19192,19386,18416,18514,1594503,-0.05910453829343909
2020-02-25,18513,18707,18077,18223,1282799,-0.01571783515177705
2020-02-26,17738,18465,17689,18175,980612,-0.0026340339131866175
2020-02-27,18465,19143,18077,18223,1278359,0.002640990371389318
2020-02-28,17835,17932,17156,17302,1402829,-0.05054052570926848
2020-03-02,17544,17641,17059,17399,825826,0.005606288290371131
2020-03-03,17835,17980,17302,17448,921444,0.002816253807690128
2020-03-04,17253,18320,17205,18126,994094,0.038858321870701484
2020-03-05,18368,18416,17932,18078,637375,-0.002648129758358153
2020-03-06,17738,18077,17593,17642,588009,-0.02411771213629821
2020-03-09,17156,17156,15654,15848,2107166,-0.10168915088992181
2020-03-10,15509,16236,15412,15897,1353187,0.0030918727915194566
2020-03-11,15993,16332,15557,15751,1028751,-0.009184122790463656
2020-03-12,15605,15702,14006,14152,2360786,-0.10151736397689037
2020-03-13,12649,13037,11728,12795,3519200,-0.09588750706613902
2020-03-16,12891,13376,12358,12359,1406528,-0.03407581086361855
2020-03-17,11486,12794,11437,12601,1414741,0.019580872238854186
2020-03-18,12649,12794,11340,11341,1453345,-0.0999920641218951
2020-03-19,11583,11874,9208,9208,3460681,-0.1880786526761309
2020-03-20,9538,10177,9082,10178,2408986,0.10534317984361419
2020-03-23,9218,9693,9121,9121,1982452,-0.10385144429160931
2020-03-24,9450,10032,9140,10032,1439012,0.09987939918868549
2020-03-25,10613,12019,10420,11923,2653737,0.18849681020733655
2020-03-26,12067,13279,11631,12310,2589373,0.03245827392434797
2020-03-27,13134,13231,12164,12795,1431993,0.039398862713241334
2020-03-30,12213,12843,12067,12746,1203521,-0.003829620945681955
2020-03-31,13182,13231,12601,12989,1093704,0.01906480464459448
2020-04-01,12891,13328,12310,12359,1139918,-0.048502579105396904
2020-04-02,12358,12891,12019,12795,1103172,0.035277935108018355
2020-04-03,13037,13085,12261,12407,1200913,-0.03032434544744045
2020-04-06,12552,12794,12455,12698,885681,0.023454501491093627
2020-04-07,13085,13182,12698,12940,1213131,0.019058119388880135
2020-04-08,12891,12940,12649,12650,1097255,-0.022411128284389514
2020-04-09,12940,13037,12698,13037,1066864,0.030592885375493983
2020-04-10,12940,13958,12891,13667,1957413,0.04832400092045708
2020-04-13,13521,13570,13134,13134,892035,-0.038999048803687764
2020-04-14,13231,13764,13134,13522,1194003,0.029541647632099988
2020-04-16,13279,13521,13134,13280,802025,-0.017896760834196113
2020-04-17,13667,14345,13570,13958,1425705,0.051054216867469915
2020-04-20,14103,14491,14055,14055,1179381,0.006949419687634295
2020-04-21,14055,14248,13425,13958,1276960,-0.006901458555674145
2020-04-22,13667,13667,13182,13522,1335363,-0.03123656684338727
2020-04-23,13618,13715,13328,13473,1083696,-0.0036237243011388864
2020-04-24,13425,13812,13279,13570,1073926,0.007199584353893007
2020-04-27,13861,14248,13715,14055,1126195,0.03574060427413417
2020-04-28,14151,14248,13764,13813,818315,-0.0172180718605478
2020-04-29,13909,14200,13812,14104,825078,0.02106711069282552
2020-05-04,13667,13715,13328,13377,1355893,-0.051545660805445315
2020-05-06,13618,13764,13473,13570,739328,0.014427749121626698
2020-05-07,13425,14006,13376,13861,1043515,0.021444362564480457
2020-05-08,13958,14248,13812,13861,702891,0.0
2020-05-11,15121,16623,14442,14491,7973700,0.045451266142414015
2020-05-12,14782,16139,14248,15073,7961875,0.0401628597060244
2020-05-13,15121,15315,14782,14976,2076653,-0.006435347973197114
2020-05-14,14927,15363,14830,15170,1804338,0.012954059829059839
2020-05-15,15315,15363,14636,14734,1190400,-0.028740936058009203
2020-05-18,14878,14975,14297,14394,1088542,-0.02307587891950591
2020-05-19,14878,15363,14733,15267,1987485,0.06065027094622755
2020-05-20,15315,15702,14975,15267,1688259,0.0
2020-05-21,15751,16478,15557,15994,4338602,0.04761904761904767
2020-05-22,16187,16187,15218,15461,2025928,-0.03332499687382773
2020-05-25,15557,15799,15363,15606,1315967,0.0093784360649376
2020-05-26,15799,16478,15751,16478,2319656,0.05587594514930161
2020-05-27,16720,17156,16187,16236,3023030,-0.014686248331108098
2020-05-28,16381,16429,15654,15800,1505361,-0.026853904902685355
2020-05-29,15702,15896,15315,15654,1345224,-0.009240506329113884
2020-06-01,16284,16575,16090,16284,1397120,0.04024530471444998
2020-06-02,16429,16672,16187,16478,1486526,0.011913534758044797
2020-06-03,16672,16962,16526,16721,1660543,0.014746935307683007
2020-06-04,16962,17156,16284,16478,1342572,-0.014532623646911103
2020-06-05,16478,16526,16090,16381,1031064,-0.005886636727758243
2020-06-08,16866,16866,16332,16672,1341055,0.017764483242781237
2020-06-09,19095,19870,17593,17787,10652835,0.06687859884836844
2020-06-10,18271,18610,17544,17787,3973387,0.0
2020-06-11,17447,18126,17253,17496,2769788,-0.01636026311350991
2020-06-12,16478,18756,16236,17932,4049937,0.02491998171010512
2020-06-15,18271,18659,16720,16721,3493372,-0.06753290207450369
2020-06-16,17399,18465,17253,18417,3885617,0.10142934035045759
2020-06-17,18271,18562,17350,17884,2460403,-0.02894065265787049
2020-06-18,17932,18271,17593,17787,1663135,-0.005423842540818624
2020-06-19,18029,18126,17544,17981,1420007,0.010906842075673273
2020-06-22,17883,18416,17689,18126,1927443,0.008064067626939453
2020-06-23,18707,19192,18368,18902,5042231,0.042811431093456864
2020-06-24,19337,19677,18610,18853,3559595,-0.0025923182731986127
2020-06-25,18368,18756,18174,18369,1721428,-0.025672306794674582
2020-06-26,18756,19143,18223,19144,2034552,0.0421906472861886
2020-06-29,18707,18853,18416,18465,1479363,-0.03546803175929791
2020-06-30,18853,19047,18513,18659,1358561,0.010506363390197615
2020-07-01,18804,18901,18223,18272,966165,-0.020740661343051636
2020-07-02,18513,18610,18077,18369,884215,0.00530866900175142
2020-07-03,18271,18416,17932,18272,962122,-0.005280635853884275
2020-07-06,18416,18901,18271,18853,1333467,0.03179728546409799
2020-07-07,19047,19047,18562,18999,1502602,0.007744125603352359
2020-07-08,19047,19386,18804,19386,1744894,0.020369493131217498
2020-07-09,20161,22197,19967,21761,14229896,0.12251109047766429
2020-07-10,21954,22148,21179,21906,4959986,0.006663296723496082
2020-07-13,22148,23699,21809,23554,7247577,0.07523053044827899
2020-07-14,23699,24572,21615,22100,7112510,-0.061730491636240115
2020-07-15,22585,23263,22051,23264,4409705,0.05266968325791854
2020-07-16,23505,23651,22633,22973,2626092,-0.012508596973865194
2020-07-17,23118,23360,22439,23167,2460307,0.00844469594741648
2020-07-20,23166,24765,23166,24766,5258251,0.06902058963180391
2020-07-21,24426,26753,24281,26268,8478952,0.06064766211741901
2020-07-22,26462,27092,25396,25590,4975075,-0.02581087254454084
2020-07-23,25977,26850,25347,25444,3739991,-0.005705353653771006
2020-07-24,25008,25686,24523,25154,2374689,-0.011397578997013103
2020-07-27,25153,26171,25153,25784,2161957,0.025045718374811177
2020-07-28,26171,26171,24523,24766,3184768,-0.0394818492088117
2020-07-29,25299,25832,24862,24911,2577177,0.005854800936768045
2020-07-30,24911,25589,24572,25299,1857994,0.015575448597005437
2020-07-31,25492,25735,24717,24718,1554618,-0.02296533459820549
2020-08-03,24717,25202,24232,25057,1667211,0.01371470183671808
2020-08-04,25492,27480,25492,26365,6901336,0.05220098176158361
2020-08-05,26704,28110,26123,28013,4866007,0.06250711170111889
2020-08-06,28303,29273,27576,28062,3508526,0.0017491878770570235
2020-08-07,27916,29273,27673,29128,3522756,0.03798731380514564
2020-08-10,30048,31793,29854,30146,4768621,0.034949189783026746
2020-08-11,30145,32084,29515,31067,4742875,0.030551316924301686
2020-08-12,31745,32278,30048,31357,3985392,0.009334663791161102
2020-08-13,31405,32375,30775,31309,2490928,-0.0015307586822719266
2020-08-14,31502,31599,29757,30146,2581462,-0.037145868600083065
2020-08-18,30678,32665,29806,30824,6903570,0.02249054600942091
2020-08-19,31696,31890,29951,31163,3448467,0.010997923695821532
2020-08-20,30727,31938,29127,29467,4915229,-0.05442351506594356
2020-08-21,30145,30533,29030,29952,2929168,0.016459089829300666
2020-08-24,29564,31114,28982,30727,2394232,0.025874732905982967
2020-08-25,31211,34265,31211,34265,8467820,0.11514303381390967
2020-08-26,34313,34313,32472,33732,4845248,-0.01555523128556835
2020-08-27,33925,36446,33005,34750,6201131,0.030179058460808816
2020-08-28,35379,37221,35234,36495,5049845,0.05021582733812946
2020-08-31,37173,39887,37124,38724,6128511,0.06107685984381428
2020-09-01,39014,39160,37512,37706,3666379,-0.026288606548910187
2020-09-02,37900,39111,37803,38336,2459876,0.016708216199013526
2020-09-03,38772,47835,38724,44298,22636230,0.15551961602671116
2020-09-04,41922,50210,41922,47012,23454822,0.061266874350986544
2020-09-07,49531,50695,47205,47545,10031297,0.011337530843188892
2020-09-08,49725,49822,44685,44734,8641722,-0.059122936165737716
2020-09-09,46914,49435,45412,47157,14657670,0.05416461751687751
2020-09-10,46575,48659,46139,47739,7267957,0.01234175201984855
2020-09-11,46575,47593,43909,44928,8204101,-0.058882674542826585
2020-09-14,42940,44927,42116,43328,8332286,-0.035612535612535634
2020-09-15,43909,44249,41389,41826,7579173,-0.03466580502215655
2020-09-16,41195,43231,40905,41099,6540470,-0.017381533017740147
2020-09-17,41389,42601,40468,41196,5958136,0.002360154748290766
2020-09-18,41922,42213,40614,41244,2893436,0.0011651616661811914
2020-09-21,41195,41922,37657,38191,7903616,-0.07402288817767433
2020-09-22,36979,38481,36349,37125,8160662,-0.02791233536697124
2020-09-23,38239,38287,34701,35913,7403683,-0.0326464646464647
2020-09-24,34459,37900,34410,35962,8931951,0.0013644084314872185
2020-09-25,36106,36446,33586,34071,6251598,-0.05258328235359544
2020-09-28,34701,37124,34604,37076,6826054,0.08819817440051647
2020-09-29,38336,38384,36155,37270,4654876,0.0052324954148235125
2020-10-05,38190,41244,38142,40857,8537654,0.09624362758250604
2020-10-06,42213,42262,40420,41002,4273183,0.0035489634579142226
2020-10-07,40614,43328,40323,43231,6719948,0.0543632017950344
2020-10-08,44588,48950,44249,47351,13729142,0.09530198237375953
2020-10-12,47496,48126,46139,47593,5946655,0.0051107685159763605
2020-10-13,47108,47835,45800,45994,5859208,-0.03359737776563776
2020-10-14,46333,46866,44200,44831,5143295,-0.025285906857416163
2020-10-15,44927,46333,43909,44976,5716240,0.0032343690749705445
2020-10-16,44539,45557,42310,43086,4980817,-0.04202241195304157
2020-10-19,42601,43376,41050,41874,4499763,-0.028129786937752366
2020-10-20,41777,43037,40371,41874,4735502,0.0
2020-10-21,42552,46042,42310,46042,9053186,0.09953670535415782
2020-10-22,44879,45557,43279,43280,5287965,-0.05998870596411976
2020-10-23,44006,44491,43037,43134,3086701,-0.003373382624768939
2020-10-26,42504,43473,40808,40808,3406654,-0.05392497797561091
2020-10-27,40323,43473,39741,42795,5211897,0.04869143305234269
2020-10-28,43522,45121,43134,44588,4956972,0.041897417922654556
2020-10-29,43570,44830,43376,44249,3411536,-0.007602942495738785
2020-10-30,44491,45121,42359,42359,4600153,-0.04271282966846712
2020-11-02,42989,45703,42407,45315,5601799,0.0697844613895513
2020-11-03,45945,46333,44297,45412,6040020,0.0021405715546729542
2020-11-04,46381,46430,40032,41390,16978851,-0.08856689861710565
2020-11-05,44588,47787,43812,46479,19428105,0.12295240396230978
2020-11-06,48029,48029,45266,46430,10076984,-0.0010542395490436007
2020-11-09,47108,50985,46914,50598,15888865,0.08976954555244454
2020-11-10,50210,52342,48756,50210,11103720,-0.00766828728408242
2020-11-11,49725,50113,47496,47642,7737530,-0.051145190201155155
2020-11-12,48562,49435,47157,47836,5309810,0.00407203727803207
2020-11-13,47108,48465,46042,47690,5113719,-0.003052094656743831
2020-11-16,47981,48029,46527,46915,3298843,-0.016250786328370737
2020-11-17,46914,47981,46139,47012,3358637,0.0020675690077800457
2020-11-18,47544,48368,47011,48175,3725013,0.0247383646728494
2020-11-19,48320,48659,47350,47884,2493691,-0.00604047742605085
2020-11-20,47884,48077,47205,47303,1910897,-0.01213348926572555
2020-11-23,47060,47544,46575,47157,2219801,-0.0030864850009513223
2020-11-24,47981,48950,47447,47884,4680107,0.015416587145068661
2020-11-25,49047,49047,47205,47399,4844655,-0.010128644223540206
2020-11-26,47641,48853,47350,48223,3545172,0.017384333002806063
2020-11-27,48417,48562,47738,47836,1938510,-0.008025216183149109
2020-11-30,47835,47835,46284,46285,4271352,-0.032423279538422944
2020-12-01,44976,46720,44976,45897,3637243,-0.008382845414281137
2020-12-02,45703,46333,45170,45655,3045063,-0.005272675774015689
2020-12-03,45897,45897,44588,45073,2824518,-0.012747782280144615
2020-12-04,45121,45218,43667,43716,4539851,-0.030106715772191817
2020-12-07,43716,45509,43716,45267,4147052,0.03547900082349709
2020-12-08,45606,46381,44879,45703,3500596,0.009631740561556912
2020-12-09,46139,46187,45121,45364,2426208,-0.007417456184495519
2020-12-10,44733,45315,44636,44782,2352379,-0.012829556476501192
2020-12-11,45218,46090,44782,44879,2222654,0.0021660488589165805
2020-12-14,44976,45218,44103,44492,1791683,-0.008623186791149484
2020-12-15,44588,44782,43667,43958,1624419,-0.012002157691270332
2020-12-16,45460,47205,45218,46915,8267648,0.06726875654033404
2020-12-17,47157,47205,45557,46091,3641560,-0.01756367899392519
2020-12-18,46187,46187,44636,44782,2857591,-0.028400338460870866
2020-12-21,44976,45315,44539,44734,2522889,-0.001071859229154537
2020-12-22,42649,46042,42552,44201,6332684,-0.011914874592032887
2020-12-23,45073,45654,43909,44976,2633139,0.01753353996515905
2020-12-24,44927,45121,44200,44249,1781477,-0.01616417644966206
2020-12-28,44491,44685,43134,43668,2639506,-0.013130240231417623
2020-12-29,45024,47205,44685,46042,6843784,0.05436475222130621
2020-12-30,46139,46575,45557,46430,2405897,0.008427088310672959
2021-01-04,47011,48029,45800,47690,4392731,0.027137626534568193
2021-01-05,47835,53603,47157,52246,14113184,0.09553365485426712
2021-01-06,52246,53312,49822,51568,8344887,-0.012977070014929426
2021-01-07,55153,56414,52827,53700,9056721,0.04134346881787154
2021-01-08,55250,55929,53796,54960,5679249,0.02346368715083802
2021-01-11,55057,58740,53506,55057,8745152,0.0017649199417757444
2021-01-12,54281,54863,50598,52052,5750071,-0.054579799117278505
2021-01-13,52536,54766,52342,53312,4068649,0.024206562668101173
2021-01-14,53796,54766,53021,53797,2988441,0.00909738895558232
2021-01-15,56511,56607,53409,53700,4483893,-0.0018030745208840182
2021-01-18,53400,54300,51500,51900,3168557,-0.03351955307262566
2021-01-19,52100,55300,51300,55200,2844189,0.06358381502890165
2021-01-20,56200,57600,54300,57200,4458106,0.03623188405797095
2021-01-21,58000,58500,55700,56700,3570251,-0.00874125874125875
2021-01-22,57000,58100,56200,56700,2928590,0.0
2021-01-25,56900,57300,55700,55900,2188489,-0.014109347442680775
2021-01-26,55900,56700,54500,54600,2147145,-0.023255813953488413
2021-01-27,55100,55500,53500,54200,1706317,-0.0073260073260073
2021-01-28,52600,53300,51400,51500,2426414,-0.04981549815498154
2021-01-29,52100,52400,49050,49800,2593465,-0.03300970873786413
2021-02-01,49250,51700,48500,51500,1958309,0.034136546184738936
2021-02-02,52500,53500,51700,52100,1639934,0.011650485436893288
2021-02-03,52600,52700,51300,51900,1269031,-0.0038387715930902067
2021-02-04,52200,52300,50300,50600,1353948,-0.025048169556840083
2021-02-05,51500,54300,51000,54200,4396197,0.07114624505928857
2021-02-08,54200,55000,53400,54100,2454259,-0.0018450184501844769
2021-02-09,54800,55700,53300,53300,1754502,-0.014787430683918634
2021-02-10,53100,53700,52000,53400,1546719,0.0018761726078799779
2021-02-15,53600,54000,52400,52500,1600676,-0.016853932584269704
2021-02-16,52600,53600,52400,52900,1004183,0.007619047619047636
2021-02-17,53200,53300,51700,51700,1176142,-0.022684310018903586
2021-02-18,51800,52600,50900,51300,1276479,-0.007736943907156624
2021-02-19,51600,52400,49500,50400,2301771,-0.01754385964912286
2021-02-22,50600,50800,48600,48600,1916427,-0.0357142857142857
2021-02-23,47400,47850,46700,46950,2272524,-0.03395061728395066
2021-02-24,47600,47650,45100,45200,1754132,-0.03727369542066028
2021-02-25,45950,48250,45850,47150,1934318,0.04314159292035402
2021-02-26,45500,46200,44550,45050,2395483,-0.044538706256627814
2021-03-02,46250,47250,45000,45250,1675466,0.004439511653718142
2021-03-03,45050,46650,45000,46150,1141696,0.019889502762430844
2021-03-04,45150,45250,44600,44700,1416868,-0.031419284940411685
2021-03-05,44150,44450,43150,43950,1321372,-0.016778523489932917
2021-03-08,44850,45350,42750,42750,1571267,-0.027303754266211566
2021-03-09,42550,43100,40100,41600,2470538,-0.026900584795321647
2021-03-10,42950,42950,41000,41000,1398900,-0.014423076923076872
2021-03-11,41100,42150,40700,42000,1702661,0.024390243902439046
2021-03-12,42900,44700,42900,44100,2172858,0.050000000000000044
2021-03-15,44400,45600,43800,44250,1844593,0.00340136054421758
2021-03-16,44500,45200,44300,45050,1198798,0.01807909604519775
2021-03-17,45100,45200,44000,45100,1181163,0.0011098779134295356
2021-03-18,45200,46000,45150,45500,1532557,0.008869179600886845
2021-03-19,44500,44900,44200,44300,1490279,-0.02637362637362639
2021-03-22,44400,44500,43150,43250,1336699,-0.023702031602708784
2021-03-23,43650,44950,43450,43650,1334406,0.009248554913294793
2021-03-24,43350,45150,42850,45000,1489931,0.030927835051546282
2021-03-25,45850,48500,45400,48000,5821647,0.06666666666666665
2021-03-26,48650,49150,47100,47700,2536507,-0.006249999999999978
2021-03-29,48150,49150,48150,48700,2278167,0.020964360587002018
2021-03-30,49100,49150,47600,48650,1875480,-0.0010266940451745254
2021-03-31,49000,51900,49000,50100,4155806,0.029804727646454365
2021-04-01,50700,50700,48900,49900,1804931,-0.003992015968063867
2021-04-02,50300,50700,48000,48750,2907901,-0.023046092184368705
2021-04-05,48350,49400,47850,48150,1754707,-0.012307692307692353
2021-04-06,48350,48400,47000,47150,1767153,-0.020768431983385294
2021-04-07,47250,48250,47250,47600,1178983,0.009544008483563182
2021-04-08,47250,48950,47250,48550,1783062,0.01995798319327724
2021-04-09,48850,48900,47900,48150,1040141,-0.008238928939237944
2021-04-12,48150,48750,47600,48450,933632,0.006230529595015577
2021-04-13,48500,49500,48300,48350,1554601,-0.0020639834881320818
2021-04-14,48750,50900,48550,50400,3902161,0.04239917269906934
2021-04-15,50900,51000,49350,49550,2227073,-0.016865079365079416
2021-04-16,50000,50600,48850,50600,3544515,0.021190716448032276
2021-04-19,51200,51400,50100,50900,1749683,0.005928853754940677
2021-04-20,50800,50900,50200,50500,1021298,-0.007858546168958758
2021-04-21,50200,50400,49300,49350,1407981,-0.022772277227722793
2021-04-22,50200,51000,49900,50400,2302202,0.02127659574468077
2021-04-23,50800,50900,49400,49700,1581281,-0.01388888888888884
2021-04-26,50200,50200,49300,49700,1128389,0.0
2021-04-27,49350,49550,48400,48550,1831987,-0.023138832997987913
2021-04-28,48200,48250,46800,46900,2067056,-0.033985581874356297
2021-04-29,47150,47950,46450,46750,1151714,-0.0031982942430703876
2021-04-30,46750,47250,46050,46050,998342,-0.0149732620320856
2021-05-03,45950,46250,44750,45400,1222193,-0.014115092290988063
2021-05-04,44800,45400,43800,45350,1555328,-0.0011013215859030367
2021-05-06,45650,46700,45300,46100,1205850,0.016538037486218293
2021-05-07,46600,47700,46450,46800,1036029,0.015184381778741818
2021-05-10,47200,47800,46800,47250,953195,0.009615384615384581
2021-05-11,46750,47100,45750,45800,1806708,-0.030687830687830653
2021-05-12,46250,47100,44250,44700,2338039,-0.024017467248908297
2021-05-13,43900,44650,43500,43900,1675034,-0.017897091722595126
2021-05-14,44150,44600,43550,44050,1090439,0.003416856492027387
2021-05-17,44150,45250,44150,44650,1008696,0.013620885357548351
2021-05-18,44850,45050,44050,44250,977573,-0.00895856662933936
2021-05-20,44100,45900,44050,45850,1482777,0.0361581920903955
2021-05-21,46350,47300,45600,45600,1631919,-0.005452562704471142
2021-05-24,46200,46250,44650,44750,934661,-0.018640350877192957
2021-05-25,45200,46000,45150,45600,769147,0.018994413407821265
2021-05-26,45300,46250,45300,45450,866750,-0.003289473684210509
2021-05-27,46200,46250,45150,45250,1077011,-0.004400440044004417
2021-05-28,45450,45800,44950,45250,745090,0.0
2021-05-31,45750,45800,44700,45000,1031750,-0.0055248618784530246
2021-06-01,45100,46250,44950,45550,1205538,0.012222222222222134
2021-06-02,45600,45750,44700,45000,1358431,-0.01207464324917673
2021-06-03,45050,45100,44500,44750,1107513,-0.005555555555555536
2021-06-04,44550,44950,44300,44350,1154497,-0.00893854748603351
2021-06-07,44600,45700,44600,45100,1421084,0.016910935738444266
2021-06-08,45300,45450,44350,44350,1581775,-0.016629711751662946
2021-06-09,44500,44500,43500,43500,1748572,-0.01916572717023679
2021-06-10,43500,43950,42800,43750,1509281,0.005747126436781658
2021-06-11,43850,46100,43200,45950,3427644,0.05028571428571427
2021-06-14,45950,46400,44900,45000,1525586,-0.020674646354733373
2021-06-15,45150,45350,44700,45100,718185,0.0022222222222221255
2021-06-16,45000,45000,44400,44500,1032494,-0.013303769401330379
2021-06-17,44600,45000,44250,44650,701493,0.003370786516853963
2021-06-18,45000,46900,44700,46900,3465057,0.05039193729003366
2021-06-21,46800,47400,46200,46800,2232539,-0.002132196162046962
2021-06-22,47100,47150,45850,46500,2020911,-0.0064102564102563875
2021-06-23,46500,47600,46250,46600,1664160,0.0021505376344086446
2021-06-24,47050,47700,45350,45700,2448481,-0.01931330472102999
2021-06-25,45800,46350,45700,45950,856133,0.00547045951859948
2021-06-28,46100,46100,45300,45350,784913,-0.01305767138193692
2021-06-29,46300,47250,45750,45850,1739647,0.011025358324145529
2021-06-30,45700,45700,44300,44550,2891576,-0.028353326063249695
2021-07-01,44550,44950,44250,44500,943758,-0.001122334455667784
2021-07-02,44550,44600,44050,44150,1063909,-0.00786516853932584
2021-07-05,44300,44550,44200,44400,611727,0.005662514156285381
2021-07-06,44400,44600,44150,44300,801153,-0.0022522522522522292
2021-07-07,44300,44500,43900,44500,823630,0.004514672686230181
2021-07-08,44600,45050,43900,43900,1119216,-0.013483146067415741
2021-07-09,43250,43400,42500,42900,1657674,-0.02277904328018221
2021-07-12,42600,43000,42000,42750,1021344,-0.0034965034965035446
2021-07-13,42800,44100,42800,43650,1423079,0.021052631578947434
2021-07-14,43300,43600,42850,42900,887287,-0.01718213058419249
2021-07-15,43000,43200,42500,42750,958961,-0.0034965034965035446
2021-07-16,42700,43100,42350,42850,637557,0.002339181286549641
2021-07-19,42600,42650,42250,42250,689781,-0.014002333722287097
2021-07-20,41850,42500,41500,42200,834064,-0.0011834319526626835
2021-07-21,42550,43450,42500,42950,1125597,0.017772511848341166
2021-07-22,43450,43450,42550,42700,686546,-0.005820721769499437
2021-07-23,42700,43300,42700,43200,648277,0.011709601873536313
2021-07-26,43200,43250,42250,42300,780098,-0.02083333333333337
2021-07-27,42350,42600,42200,42300,451794,0.0
2021-07-28,42350,42450,41650,41750,758353,-0.013002364066193817
2021-07-29,42150,42700,40200,41200,1677510,-0.013173652694610793
2021-07-30,40700,40800,38800,39100,4277582,-0.050970873786407744
2021-08-02,38950,39100,38050,38400,1987036,-0.01790281329923271
2021-08-03,38350,38750,37900,38450,1285274,0.0013020833333332593
2021-08-04,38350,39600,38350,39350,1375426,0.023407022106632036
2021-08-05,39500,39500,38900,39100,808024,-0.006353240152477735
2021-08-06,39000,39500,38950,39200,621151,0.002557544757033181
2021-08-09,39200,39550,38500,39550,1051829,0.008928571428571397
2021-08-10,40250,41150,39800,39800,2639447,0.006321112515802696
2021-08-11,39850,40250,39100,39350,879640,-0.011306532663316604
2021-08-12,39600,40250,39100,39600,1041311,0.006353240152477735
2021-08-13,39700,39950,38550,38700,953464,-0.022727272727272707
2021-08-17,38400,38550,37200,37350,1293385,-0.03488372093023251
2021-08-18,36950,38850,36850,38700,1045275,0.03614457831325302
2021-08-19,38150,38550,37600,37650,852135,-0.027131782945736482
2021-08-20,37650,38000,36000,36050,1279712,-0.04249667994687911
2021-08-23,36200,37750,36200,37400,974502,0.03744798890429957
2021-08-24,37900,38600,37750,38050,706085,0.017379679144384985
2021-08-25,38200,40050,38200,40000,1574703,0.05124835742444156
2021-08-26,40300,40350,39250,39700,1180199,-0.007499999999999951
2021-08-27,39400,41250,39200,40650,1876772,0.023929471032745564
2021-08-30,41050,41100,40300,40450,869858,-0.004920049200492049
2021-08-31,40600,41000,39750,40750,1432659,0.007416563658838138
2021-09-01,40400,40450,39400,39600,1292818,-0.02822085889570547
2021-09-02,39750,39950,39150,39550,766080,-0.0012626262626262985
2021-09-03,39750,39950,38600,38900,1314931,-0.01643489254108721
2021-09-06,38900,40950,38750,40600,1656470,0.04370179948586128
2021-09-07,41450,42600,41250,41900,3549173,0.03201970443349755
2021-09-08,42200,42400,41400,42050,1498383,0.0035799522673030104
2021-09-09,42200,43000,41800,41800,1661050,-0.005945303210463715
2021-09-10,42350,42650,41700,42100,876245,0.0071770334928229484
2021-09-13,42600,43900,42300,43850,3135688,0.04156769596199528
2021-09-14,44150,44200,42500,42700,1906489,-0.026225769669327215
2021-09-15,42800,43000,42000,42550,1008211,-0.003512880562060894
2021-09-16,42100,43100,42050,42200,991343,-0.008225616921269108
2021-09-17,42200,42700,41550,42100,915180,-0.0023696682464454666
2021-09-23,41500,42250,41200,42100,909300,0.0
2021-09-24,42150,42300,40700,40750,1123087,-0.03206650831353919
2021-09-27,40500,42000,39700,41900,1067465,0.02822085889570558
2021-09-28,42100,44200,42050,43750,4357267,0.04415274463007157
2021-09-29,42850,44650,42150,44100,3625913,0.008000000000000007
2021-09-30,44050,45100,43700,44800,2166717,0.015873015873015817
2021-10-01,44950,44950,42800,42950,1600589,-0.041294642857142905
2021-10-05,43450,44550,42850,43950,2334833,0.02328288707799775
2021-10-06,44550,45850,43300,43450,3759193,-0.011376564277588153
2021-10-07,44250,44300,40650,42250,3532988,-0.027617951668584606
2021-10-08,42150,43150,41900,42000,1442035,-0.00591715976331364
2021-10-12,43000,44800,42950,44250,3025222,0.0535714285714286
2021-10-13,44600,45150,43650,44900,1717899,0.014689265536723228
2021-10-14,45300,45700,43600,44300,2835288,-0.013363028953229383
2021-10-15,43900,45350,43500,44650,3064942,0.007900677200902928
2021-10-18,44650,45200,43700,43800,1278722,-0.01903695408734607
2021-10-19,44400,45950,44350,45300,1989051,0.03424657534246567
2021-10-20,45600,45650,43900,44000,1363556,-0.028697571743929395
2021-10-21,44450,44750,43600,43700,814527,-0.006818181818181834
2021-10-22,43750,44100,42800,42850,805808,-0.0194508009153318
2021-10-25,42750,43950,42050,43850,855078,0.023337222870478458
2021-10-26,44250,44600,43400,43650,717709,-0.004561003420752607
2021-10-27,43900,44100,42550,42650,878675,-0.02290950744558995
2021-10-28,43000,43100,41350,41500,1231705,-0.026963657678780728
2021-10-29,41900,42200,40550,40850,1210362,-0.015662650602409678
2021-11-01,40200,40450,38700,38950,2304601,-0.046511627906976716
2021-11-02,38850,39400,38350,39100,1142592,0.0038510911424902705
2021-11-03,39150,39650,38450,39100,1040260,0.0
2021-11-04,39300,39500,37000,37200,2441484,-0.04859335038363166
2021-11-05,37200,37600,36700,36850,957930,-0.009408602150537626
2021-11-08,36950,37300,36550,37050,839027,0.005427408412483015
2021-11-09,37300,37350,36300,36500,1001645,-0.014844804318488558
2021-11-10,36300,36500,35200,35300,1430497,-0.0328767123287671
2021-11-11,35000,36150,34600,35500,1129969,0.0056657223796034994
2021-11-12,35700,36900,35700,36700,854278,0.033802816901408406
2021-11-15,36750,36750,35550,36450,684574,-0.006811989100817484
2021-11-16,36400,36750,36050,36500,547013,0.00137174211248281
2021-11-17,36200,36450,35500,35550,771650,-0.02602739726027392
2021-11-18,35850,35850,35200,35550,655626,0.0
2021-11-19,35900,36650,35500,35600,824042,0.0014064697609001975
2021-11-22,35650,36250,35250,36250,777703,0.018258426966292207
2021-11-23,35850,36050,35400,35900,772347,-0.0096551724137931
2021-11-24,35900,35900,34950,35350,971206,-0.01532033426183843
2021-11-25,35300,35300,34900,34900,518606,-0.012729844413012725
2021-11-26,34900,34900,33500,33550,1285900,-0.0386819484240688
2021-11-29,32500,34150,32500,33550,858786,0.0
2021-11-30,34100,34700,32900,33000,1599425,-0.016393442622950838
2021-12-01,32950,34800,32600,34500,1166968,0.045454545454545414
2021-12-02,33950,35750,33800,35700,975837,0.034782608695652195
2021-12-03,35250,36050,35050,35800,704601,0.0028011204481792618
2021-12-06,35550,36200,34900,35950,684601,0.0041899441340782495
2021-12-07,36250,36250,35600,36150,497947,0.0055632823365785455
2021-12-08,36500,37400,36300,36350,1339958,0.0055325034578146415
2021-12-09,36800,37200,36250,37100,879235,0.02063273727647874
2021-12-10,36950,37300,36550,37100,564988,0.0
2021-12-13,37300,37600,36700,36700,615550,-0.010781671159029615
2021-12-14,36700,37050,36300,36550,424100,-0.004087193460490468
2021-12-15,36200,36450,35300,35500,912408,-0.028727770177838563
2021-12-16,35900,36450,35750,36100,559483,0.016901408450704203
2021-12-17,35800,36800,35550,36400,586609,0.008310249307479145
2021-12-20,36050,36450,35500,35500,468933,-0.02472527472527475
2021-12-21,35550,35900,34000,34600,1024816,-0.025352112676056304
2021-12-22,35150,36100,35100,35450,565563,0.024566473988439252
2021-12-23,35600,36050,35350,35700,548012,0.007052186177715081
2021-12-24,36200,36300,35550,35950,418054,0.007002801120448154
2021-12-27,35900,36600,35850,36050,507854,0.0027816411682892728
2021-12-28,36100,36150,35350,36000,497885,-0.001386962552011095
2021-12-29,35850,36500,35550,36200,529369,0.005555555555555536
2021-12-30,35900,36150,35500,35500,489021,-0.01933701657458564
2022-01-03,35500,35700,35050,35550,432104,0.0014084507042253502
2022-01-04,35450,35900,35450,35650,357318,0.002812939521800173
2022-01-05,35250,35850,34700,35000,655845,-0.018232819074333828
2022-01-06,34700,35050,34150,34250,588433,-0.021428571428571463
2022-01-07,34150,36900,34100,36600,1134109,0.06861313868613128
2022-01-10,37300,38800,37200,38250,3081659,0.04508196721311486
2022-01-11,38000,38100,36600,36800,1200102,-0.03790849673202612
2022-01-12,37700,39900,37400,39200,2926908,0.0652173913043479
2022-01-13,38900,40050,38650,39400,1594061,0.005102040816326481
2022-01-14,38900,39550,38700,39100,847816,-0.0076142131979695105
2022-01-17,38500,39350,38000,38050,819513,-0.026854219948849067
2022-01-18,38150,38400,37450,38100,835126,0.0013140604467805073
2022-01-19,37300,39750,37300,38800,1552735,0.018372703412073532
2022-01-20,38800,39350,37600,37700,1040431,-0.028350515463917536
2022-01-21,37600,37600,36550,37000,882708,-0.018567639257294433
2022-01-24,36550,36950,35500,35550,777821,-0.03918918918918923
2022-01-25,35200,35450,33550,33900,1153337,-0.04641350210970463
2022-01-26,33900,34600,33400,33750,748243,-0.004424778761061954
2022-01-27,33650,34150,31550,31550,1226586,-0.06518518518518523
2022-01-28,31600,32600,30850,32250,925855,0.022187004754358197
2022-02-03,33100,33400,32450,32800,638025,0.01705426356589146
2022-02-04,32650,33650,32650,33300,526961,0.015243902439024293
2022-02-07,33650,33700,32750,33350,617696,0.0015015015015014122
2022-02-08,33700,34450,33150,33400,757857,0.0014992503748125774
2022-02-09,33850,35700,33300,35450,1428291,0.06137724550898205
2022-02-10,35500,35950,35050,35200,614528,-0.007052186177715081
2022-02-11,34600,34700,32350,32800,2196173,-0.06818181818181823
2022-02-14,32350,33250,32300,32800,678845,0.0
2022-02-15,32900,33500,32450,32650,591762,-0.004573170731707266
2022-02-16,33150,34150,33100,33750,663117,0.03369065849923425
2022-02-17,34050,35100,33700,34000,1068215,0.007407407407407307
2022-02-18,33750,34250,32550,32950,1553367,-0.030882352941176472
2022-02-21,32300,33150,31900,32850,709132,-0.003034901365705611
2022-02-22,32050,32750,31850,31950,779845,-0.0273972602739726
2022-02-23,31950,32750,31950,32550,635447,0.018779342723004744
2022-02-24,32000,32400,31300,31400,732338,-0.03533026113671278
2022-02-25,32000,33700,31950,33350,1395447,0.06210191082802541
2022-02-28,33050,33950,32950,33850,736760,0.014992503748125996
2022-03-02,34550,36800,34550,36700,2323695,0.08419497784342678
2022-03-03,36250,36500,35600,35650,1176844,-0.028610354223433276
2022-03-04,35700,35950,35250,35650,636232,0.0
2022-03-07,35650,36000,34750,35100,671044,-0.015427769985974726
2022-03-08,35150,36350,34600,35400,1062162,0.008547008547008517
2022-03-10,35900,36350,35000,36200,1101880,0.02259887005649719
2022-03-11,35950,36100,34850,35400,638720,-0.02209944751381221
2022-03-14,35000,36200,34550,35250,652449,-0.004237288135593209
2022-03-15,34800,35350,33850,34150,658250,-0.031205673758865293
2022-03-16,34400,34700,34100,34500,442735,0.01024890190336758
2022-03-17,35250,36100,35150,35550,745380,0.0304347826086957
2022-03-18,35450,36100,35250,35950,665380,0.011251758087201136
2022-03-21,36000,36150,35200,35250,395214,-0.01947148817802502
2022-03-22,35650,36050,35400,35500,371179,0.007092198581560183
2022-03-23,35850,36500,35550,36050,504678,0.015492957746478853
2022-03-24,36050,36300,35300,35550,513477,-0.01386962552011095
2022-03-25,35700,35750,34800,35100,473028,-0.012658227848101222
2022-03-28,35150,35500,34950,35100,378712,0.0
2022-03-29,35450,36150,35350,35350,542683,0.007122507122507171
2022-03-30,35400,35700,34300,35300,581057,-0.0014144271570014633
2022-03-31,35350,36100,35250,35950,578975,0.018413597733710985
2022-04-01,35850,36600,35500,35750,615103,-0.0055632823365785455
2022-04-04,35750,35900,35250,35750,335497,0.0
2022-04-05,36100,36350,35350,35650,383878,-0.002797202797202747
2022-04-06,35350,35650,34700,34800,565380,-0.02384291725105192
2022-04-07,34650,34650,33200,33200,881510,-0.04597701149425293
2022-04-08,33550,33850,33300,33800,441081,0.01807228915662651
2022-04-11,33850,35200,33650,34500,753050,0.020710059171597628
2022-04-12,34400,34450,33600,33950,446894,-0.01594202898550723
2022-04-13,34000,34500,33700,34500,456414,0.016200294550809957
2022-04-14,34550,35000,34150,34250,607702,-0.007246376811594235
2022-04-15,33850,34450,33650,34050,377395,-0.005839416058394109
2022-04-18,33850,34250,33400,34000,332940,-0.001468428781204123
2022-04-19,33900,34400,33800,33900,417503,-0.002941176470588225
2022-04-20,33950,34150,33550,33650,700751,-0.007374631268436627
2022-04-21,34000,34500,33800,34150,586246,0.014858841010401136
2022-04-22,33650,33700,32800,33300,2239084,-0.024890190336749662
2022-04-25,32400,32550,31900,31900,751448,-0.042042042042042094
2022-04-26,32050,32200,31500,31500,608537,-0.01253918495297801
2022-04-27,30700,30950,30300,30500,1020455,-0.031746031746031744
2022-04-28,30550,31350,30000,31000,1671014,0.016393442622950838
2022-04-29,31400,32000,30900,32000,946086,0.032258064516129004
2022-05-02,31450,32100,31350,31900,382949,-0.0031250000000000444
2022-05-03,31850,32050,31650,31850,342658,-0.0015673981191222097
2022-05-04,32000,32450,31800,32400,500848,0.017268445839874413
2022-05-06,31650,32500,31550,32200,516664,-0.006172839506172867
2022-05-09,31850,32050,31400,31450,302194,-0.02329192546583847
2022-05-10,31300,31450,30400,31000,513904,-0.014308426073131986
2022-05-11,30950,31150,30650,30950,350193,-0.001612903225806428
2022-05-12,30500,31000,30000,30050,605810,-0.029079159935379684
2022-05-13,30200,30800,30150,30700,641877,0.021630615640598982
2022-05-16,31000,31200,30500,30700,424415,0.0
2022-05-17,30900,31300,30600,31150,546843,0.014657980456026065
2022-05-18,31350,31900,30900,31150,520391,0.0
2022-05-19,30500,32100,30300,31200,1180504,0.0016051364365972098
2022-05-20,31700,33350,31650,33250,2094661,0.0657051282051282
2022-05-23,33300,33300,32250,32500,716428,-0.022556390977443663
2022-05-24,32500,32650,31550,31700,549232,-0.024615384615384595
2022-05-25,31950,32750,31800,32100,612804,0.012618296529968376
2022-05-26,32350,35950,32300,35300,5179855,0.09968847352024923
2022-05-27,35300,36500,34800,35700,2501738,0.011331444759206777
2022-05-30,36100,37200,35550,36800,1820290,0.03081232492997188
2022-05-31,37150,39600,37100,39050,5295460,0.061141304347826164
2022-06-02,38400,39350,38200,38650,1278976,-0.010243277848911658
2022-06-03,39000,40200,38400,40000,2376811,0.03492884864165591
2022-06-07,40800,41200,39750,40700,2176899,0.01750000000000007
2022-06-08,40700,40950,39900,40200,1102682,-0.012285012285012331
2022-06-09,39700,40950,39700,40550,1005486,0.008706467661691475
2022-06-10,40100,41150,40050,40650,1165652,0.002466091245376001
2022-06-13,40100,40400,39300,39350,1396463,-0.03198031980319804
2022-06-14,38600,39800,37800,39550,1877230,0.0050825921219821435
2022-06-15,39600,39800,38000,38650,1265959,-0.022756005056890016
2022-06-16,39350,39650,38100,38500,993019,-0.0038809831824062613
2022-06-17,37950,38900,37700,38100,1894245,-0.010389610389610393
2022-06-20,38800,39250,37050,37550,1315184,-0.014435695538057791
2022-06-21,37800,38650,36800,38250,1216549,0.018641810918774926
2022-06-22,38550,38600,36050,36150,1374822,-0.05490196078431375
2022-06-23,36400,37750,35800,35900,1596387,-0.006915629322268302
2022-06-24,36400,36800,35650,36450,1009598,0.01532033426183843
2022-06-27,36800,36900,35950,36650,1068704,0.005486968449931462
2022-06-28,36900,38500,36850,37800,1688142,0.03137789904502042
2022-06-29,37300,39400,37200,39250,1862178,0.03835978835978837
2022-06-30,39300,39800,37850,37900,1725578,-0.03439490445859872
2022-07-01,38500,39450,37950,38250,1324362,0.00923482849604218
2022-07-04,38450,38450,35050,35650,1783032,-0.06797385620915031
2022-07-05,35750,36950,35350,36950,1020473,0.036465638148667656
2022-07-06,35900,36200,32800,32900,2741265,-0.10960757780784847
2022-07-07,33250,34400,32100,34250,1523997,0.04103343465045595
2022-07-08,34800,35500,34450,34600,1100545,0.010218978102189746
2022-07-11,34650,34800,33650,33900,759957,-0.020231213872832332
2022-07-12,33600,34000,32800,33300,746334,-0.017699115044247815
2022-07-13,32900,33400,31850,33100,981966,-0.006006006006005982
2022-07-14,32800,33450,32300,32950,906359,-0.004531722054380682
2022-07-15,33000,33250,31700,32000,1488288,-0.028831562974203306
2022-07-18,32050,32600,30850,32350,1061595,0.010937500000000044
2022-07-19,32650,33500,32450,32750,874055,0.012364760432766575
2022-07-20,33500,34100,33300,33550,837388,0.02442748091603053
2022-07-21,33650,33650,32750,33200,792698,-0.010432190760059634
2022-07-22,33200,33600,32950,33200,438502,0.0
2022-07-25,33400,35600,33250,35400,1628757,0.06626506024096379
2022-07-26,35400,35900,34550,34600,776043,-0.02259887005649719
2022-07-27,34650,35200,34100,35100,582423,0.014450867052023142
2022-07-28,36350,42250,35850,42250,9817371,0.20370370370370372
2022-07-29,43050,44250,42100,43800,9487353,0.0366863905325443
2022-08-01,43500,45150,43500,44150,3543443,0.007990867579908745
2022-08-02,43750,44500,43400,44100,1857616,-0.0011325028312570984
2022-08-03,44150,44700,42650,43600,2197374,-0.0113378684807256
2022-08-04,43350,43350,41750,41800,2749867,-0.041284403669724745
2022-08-05,42100,44000,42050,44000,2824541,0.05263157894736836
2022-08-08,44900,45850,43300,44850,3721977,0.01931818181818179
2022-08-09,45150,45600,43300,44250,2700974,-0.013377926421404673
2022-08-10,44300,46000,44300,45000,3342022,0.016949152542372836
2022-08-11,46150,47300,45250,46500,4074235,0.03333333333333344
2022-08-12,46600,47300,45800,46250,2029651,-0.005376344086021501
2022-08-16,47050,49100,46400,47850,5940544,0.034594594594594685
2022-08-17,47850,48150,46100,46550,2689556,-0.027168234064785746
2022-08-18,46000,47950,45950,46600,2618570,0.0010741138560688146
2022-08-19,47150,48400,46400,46600,2790089,0.0
2022-08-22,45700,46350,45100,45400,2034395,-0.025751072961373356
2022-08-23,45200,47400,45200,47100,3213480,0.037444933920704804
2022-08-24,47550,49400,47200,49300,5057465,0.04670912951167727
2022-08-25,50300,50500,48900,49250,3710186,-0.0010141987829614951
2022-08-26,49900,51800,49700,51300,4919275,0.04162436548223347
2022-08-29,49900,52600,49850,52000,4090592,0.013645224171539905
2022-08-30,52300,52700,50800,52200,2432767,0.0038461538461538325
2022-08-31,52000,53100,50600,52600,3234036,0.00766283524904221
2022-09-01,52300,54000,51800,51800,3302101,-0.01520912547528519
2022-09-02,52200,52300,49950,51100,2382888,-0.013513513513513487
2022-09-05,50800,51800,50000,50900,1582255,-0.003913894324853229
2022-09-06,51700,54300,51700,54300,5085716,0.06679764243614938
2022-09-07,54300,54900,52700,53000,3402776,-0.023941068139963217
2022-09-08,54300,55000,52800,53900,3797194,0.016981132075471805
2022-09-13,54000,54100,50100,52400,4483419,-0.0278293135435993
2022-09-14,51500,53700,51400,52800,2718750,0.007633587786259444
2022-09-15,52900,55900,52200,54600,4472061,0.03409090909090917
2022-09-16,53800,53900,51000,51200,3510214,-0.06227106227106227
2022-09-19,51100,52100,49850,50500,2668357,-0.013671875
2022-09-20,51200,52000,50200,50600,1766694,0.001980198019801982
2022-09-21,49800,50700,48100,49350,2531383,-0.024703557312252933
2022-09-22,48900,51200,48700,51000,2120322,0.033434650455927084
2022-09-23,50600,50800,48550,49700,2332683,-0.025490196078431393
2022-09-26,48250,49250,45900,46350,4447891,-0.06740442655935619
2022-09-27,46400,48100,45950,47850,2725556,0.032362459546925626
2022-09-28,48050,49350,46550,46950,2927206,-0.018808777429467072
2022-09-29,48250,49100,46200,46350,2386127,-0.012779552715655007
2022-09-30,45900,47850,45650,47200,1919464,0.01833872707659112
2022-10-04,48100,50100,48100,49450,2058814,0.04766949152542366
2022-10-05,50800,51400,49950,51200,2632109,0.03538928210313452
2022-10-06,50000,50700,49150,50000,2848027,-0.0234375
2022-10-07,49300,50200,47150,47350,2755607,-0.05300000000000005
2022-10-11,46400,47350,45350,46200,1794016,-0.02428722280887008
2022-10-12,46100,48350,45400,48100,1749675,0.04112554112554112
2022-10-13,47400,47950,45400,45400,1726698,-0.05613305613305608
2022-10-14,46700,47450,46250,46950,1399060,0.034140969162995694
2022-10-17,46150,48600,45950,48600,1566474,0.03514376996805102
2022-10-18,49250,51900,49100,51900,2974558,0.06790123456790131
2022-10-19,51900,53000,51000,52000,2540278,0.0019267822736031004
2022-10-20,51500,52200,49500,49600,2035338,-0.0461538461538461
2022-10-21,49400,49850,48050,49450,2601814,-0.003024193548387122
2022-10-24,50800,51500,47200,47600,2858004,-0.037411526794742134
2022-10-25,48400,48600,46350,47050,2746427,-0.011554621848739455
2022-10-26,47450,48900,47300,48300,1939846,0.026567481402762994
2022-10-27,49300,52000,46500,51700,6025122,0.07039337474120089
2022-10-28,51300,51400,47800,48000,4526110,-0.07156673114119927
2022-10-31,48500,48550,46850,47200,2170881,-0.01666666666666672
2022-11-01,48350,49750,48300,49100,3468712,0.0402542372881356
2022-11-02,49000,49850,48100,49150,1532404,0.0010183299389001643
2022-11-03,48050,49250,47550,49100,1625023,-0.0010172939979654627
2022-11-04,49700,51000,49250,49300,1995324,0.004073319755600879
2022-11-07,49300,49300,46600,46650,2958310,-0.053752535496957354
2022-11-08,46800,47650,46100,47150,1937615,0.010718113612004254
2022-11-09,48150,49500,47400,49350,3226097,0.04665959703075284
2022-11-10,48850,51000,48350,49600,2922302,0.005065856129685908
2022-11-11,51600,52600,50100,50300,2727841,0.014112903225806495
2022-11-14,51200,52800,49700,49900,2925973,-0.007952286282306154
2022-11-15,50300,50600,48850,49450,1507258,-0.009018036072144242
2022-11-16,49900,51200,48350,51200,2222447,0.03538928210313452
2022-11-17,51500,51600,49650,49700,1250601,-0.029296875
2022-11-18,49950,50600,49700,49800,1027692,0.002012072434607548
2022-11-21,50200,51000,49850,50800,1127836,0.02008032128514059
2022-11-22,50800,52300,50200,51700,1919118,0.017716535433070835
2022-11-23,52300,52400,51200,52000,1322379,0.005802707930367523
2022-11-24,52400,54300,52100,54000,3632546,0.03846153846153855
2022-11-25,54000,54400,53200,53600,1200200,-0.007407407407407418
2022-11-28,53900,54100,52300,52400,1283581,-0.02238805970149249
2022-11-29,52100,52700,51800,52200,1042676,-0.003816793893129722
2022-11-30,51600,51900,49350,51300,3411804,-0.017241379310344862
2022-12-01,51900,51900,50500,51500,1528170,0.003898635477582957
2022-12-02,51700,52000,50100,50300,1065768,-0.023300970873786353
2022-12-05,51400,51700,50100,50800,1053198,0.00994035785288272
2022-12-06,50500,50500,48150,48150,1926001,-0.05216535433070868
2022-12-07,47750,48400,47250,47900,1033062,-0.005192107995846351
2022-12-08,48300,48450,47550,47950,1244921,0.0010438413361169019
2022-12-09,48100,48450,46400,46950,1497730,-0.02085505735140769
2022-12-12,46200,47600,45900,47550,750410,0.012779552715654896
2022-12-13,47800,47800,46400,46400,795933,-0.024185068349106165
2022-12-14,47200,49600,47100,49550,1767543,0.06788793103448265
2022-12-15,49550,49650,48250,48400,1072251,-0.02320887991927345
2022-12-16,47550,49600,47150,49600,1004299,0.024793388429751984
2022-12-19,49000,49350,48450,48700,590798,-0.01814516129032262
2022-12-20,48600,49500,48500,48650,695482,-0.0010266940451745254
2022-12-21,49050,49250,48100,48300,516916,-0.007194244604316502
2022-12-22,48700,49100,47150,47400,1032103,-0.018633540372670843
2022-12-23,46950,46950,45500,45550,1540844,-0.039029535864978926
2022-12-26,45800,46000,45000,45450,835729,-0.002195389681668547
2022-12-27,45600,46050,44300,44850,1844356,-0.01320132013201325
2022-12-28,44500,45250,44100,44200,1100891,-0.01449275362318836
2022-12-29,43850,43950,42800,43000,1104032,-0.02714932126696834
2023-01-02,43400,44300,42800,42850,766291,-0.0034883720930232176
2023-01-03,42900,43100,41350,42750,1127836,-0.002333722287047868
2023-01-04,42200,42750,41650,42200,923990,-0.012865497076023358
2023-01-05,42350,42500,39650,40300,3199756,-0.04502369668246442
2023-01-06,39850,41950,39100,41600,1751952,0.032258064516129004
2023-01-09,42550,44000,41800,43600,1586076,0.04807692307692313
2023-01-10,43500,43950,43150,43750,869144,0.0034403669724769603
2023-01-11,44500,47200,43600,46750,4251910,0.0685714285714285
2023-01-12,48750,49900,48100,48100,5259208,0.02887700534759352
2023-01-13,48750,49400,47550,47850,2317893,-0.00519750519750517
2023-01-16,48050,48800,46900,47000,1600702,-0.017763845350052265
2023-01-17,47000,47800,46500,46550,962066,-0.009574468085106425
2023-01-18,46400,46800,45850,46050,861621,-0.01074113856068748
2023-01-19,45850,46600,45550,45750,1068146,-0.006514657980456029
2023-01-20,45350,45700,44400,45500,1814971,-0.005464480874316946
2023-01-25,46050,46200,44950,45250,1026124,-0.005494505494505475
2023-01-26,45250,46800,45050,46650,1344239,0.030939226519337115
2023-01-27,47100,47500,46200,46450,1229986,-0.004287245444801746
2023-01-30,46500,46800,45550,45700,956024,-0.016146393972012896
2023-01-31,45500,46150,45150,45350,974406,-0.007658643326039383
2023-02-01,45750,46150,45450,46050,937897,0.015435501653803696
2023-02-02,47700,48350,46450,46600,2045241,0.011943539630836053
2023-02-03,45850,46950,45550,46500,1514790,-0.0021459227467811592
2023-02-06,45850,47300,45750,46750,1385099,0.005376344086021501
2023-02-07,46500,47150,46150,47150,1107938,0.00855614973262031
2023-02-08,47300,47350,46500,46700,1186172,-0.009544008483563071
2023-02-09,46650,48000,46500,47750,1828530,0.0224839400428265
2023-02-10,47400,47500,45900,46200,1376948,-0.032460732984293195
2023-02-13,46200,46600,45600,45950,753043,-0.005411255411255422
2023-02-14,46400,46800,45550,45600,1085710,-0.007616974972796564
2023-02-15,45650,46000,44200,44700,2003261,-0.019736842105263164
2023-02-16,45750,45950,44000,45500,2279940,0.017897091722595126
2023-02-17,45450,46500,44550,45900,1787410,0.00879120879120876
2023-02-20,45600,45650,41900,42700,4981457,-0.06971677559912859
2023-02-21,42900,43600,42350,43150,2002730,0.01053864168618257
2023-02-22,42500,42800,41050,41100,2708163,-0.04750869061413676
2023-02-23,41200,41500,40300,41150,2246261,0.0012165450121655041
2023-02-24,41150,42150,41150,41600,2572603,0.010935601458080146
2023-02-27,0,0,0,41600,0,0.0
2023-02-28,0,0,0,41600,0,0.0
2023-03-02,0,0,0,41600,0,0.0
2023-03-03,0,0,0,41600,0,0.0
2023-03-06,0,0,0,41600,0,0.0
2023-03-07,0,0,0,41600,0,0.0
2023-03-08,0,0,0,41600,0,0.0
2023-03-09,0,0,0,41600,0,0.0
2023-03-10,0,0,0,41600,0,0.0
2023-03-13,0,0,0,41600,0,0.0
2023-03-14,0,0,0,41600,0,0.0
2023-03-15,0,0,0,41600,0,0.0
2023-03-16,0,0,0,41600,0,0.0
2023-03-17,0,0,0,41600,0,0.0
2023-03-20,0,0,0,41600,0,0.0
2023-03-21,0,0,0,41600,0,0.0
2023-03-22,0,0,0,41600,0,0.0
2023-03-23,0,0,0,41600,0,0.0
