Date,Open,High,Low,Close,Volume,Change
2015-01-02,3130,3150,3120,3130,930,0.0
2015-01-05,3129,3129,2900,3045,1615,-0.027156549520766737
2015-01-06,3070,3070,3005,3020,1172,-0.008210180623973717
2015-01-07,3010,3025,2960,2990,1217,-0.009933774834437137
2015-01-08,2980,3049,2969,2985,1180,-0.0016722408026755842
2015-01-09,2970,3075,2920,3075,4820,0.03015075376884413
2015-01-12,3025,3075,2975,2995,2025,-0.026016260162601612
2015-01-13,2995,2995,2950,2970,1037,-0.008347245409014992
2015-01-14,2990,2995,2930,2980,1987,0.0033670033670034627
2015-01-15,2960,2990,2950,2960,481,-0.006711409395973145
2015-01-16,2960,3015,2935,2980,1809,0.006756756756756799
2015-01-19,2980,2980,2944,2970,1741,-0.003355704697986628
2015-01-20,2970,2980,2944,2970,613,0.0
2015-01-21,2969,2990,2950,2985,803,0.005050505050504972
2015-01-22,2995,3005,2985,2985,1107,0.0
2015-01-23,2995,3010,2975,3010,1361,0.008375209380234505
2015-01-26,3010,3010,2945,2960,1784,-0.01661129568106312
2015-01-27,2975,2995,2950,2985,2080,0.008445945945946054
2015-01-28,2995,3000,2960,3000,1753,0.005025125628140614
2015-01-29,3030,3050,2965,3000,2553,0.0
2015-01-30,3000,3000,2980,2980,1135,-0.00666666666666671
2015-02-02,2985,3035,2980,3005,917,0.008389261744966348
2015-02-03,3025,3035,3005,3025,1002,0.006655574043261225
2015-02-04,3044,3044,3010,3010,1185,-0.0049586776859503745
2015-02-05,3010,3020,2995,3010,1010,0.0
2015-02-06,2985,3045,2945,2990,1478,-0.006644518272425293
2015-02-09,2945,3030,2945,3020,4014,0.010033444816053505
2015-02-10,3025,3025,2969,2985,655,-0.011589403973509937
2015-02-11,3030,3030,2965,2985,547,0.0
2015-02-12,2980,2995,2945,2985,1428,0.0
2015-02-13,2950,2980,2950,2970,998,-0.005025125628140725
2015-02-16,2974,2990,2960,2990,1612,0.006734006734006703
2015-02-17,2985,3005,2969,3005,3281,0.0050167224080268635
2015-02-23,3010,3015,2989,3015,2337,0.0033277870216306127
2015-02-24,3015,3060,3000,3055,2016,0.013266998341625147
2015-02-25,3055,3120,3030,3120,2625,0.02127659574468077
2015-02-26,3110,3125,3065,3065,1674,-0.017628205128205177
2015-02-27,3075,3130,3055,3120,1809,0.01794453507340954
2015-03-02,3100,3145,3100,3140,1615,0.0064102564102563875
2015-03-03,3140,3150,3100,3150,1549,0.0031847133757962887
2015-03-04,3150,3155,3105,3140,1643,-0.0031746031746031633
2015-03-05,3150,3184,3130,3170,3538,0.009554140127388644
2015-03-06,3165,3209,3125,3165,1340,-0.001577287066246047
2015-03-09,3165,3165,3120,3155,1469,-0.003159557661927326
2015-03-10,3195,3195,3085,3145,1144,-0.0031695721077654726
2015-03-11,3100,3140,3100,3135,2323,-0.0031796502384737746
2015-03-12,3110,3135,3100,3130,1507,-0.0015948963317384823
2015-03-13,3129,3165,3129,3145,1989,0.004792332268370503
2015-03-16,3135,3155,3129,3145,1022,0.0
2015-03-17,3129,3185,3105,3125,1392,-0.006359300476947549
2015-03-18,3125,3220,3100,3140,1850,0.0047999999999999154
2015-03-19,3140,3150,3080,3120,2302,-0.006369426751592355
2015-03-20,3089,3115,3070,3085,2117,-0.011217948717948678
2015-03-23,3110,3120,3070,3110,1639,0.008103727714748876
2015-03-24,3080,3135,3080,3105,1952,-0.001607717041800627
2015-03-25,3100,3110,3080,3110,3006,0.0016103059581320522
2015-03-26,3140,3160,3070,3080,3026,-0.009646302250803873
2015-03-27,3080,3145,3080,3140,4653,0.01948051948051943
2015-03-30,3140,3200,3135,3165,5028,0.0079617834394905
2015-03-31,3170,3300,3170,3235,6334,0.02211690363349139
2015-04-01,3255,3300,3235,3290,2780,0.01700154559505407
2015-04-02,3290,3350,3270,3330,1941,0.012158054711246091
2015-04-03,3300,3380,3300,3380,1673,0.01501501501501501
2015-04-06,3380,3380,3275,3330,2151,-0.014792899408283988
2015-04-07,3330,3330,3295,3305,1641,-0.007507507507507505
2015-04-08,3300,3375,3300,3375,2689,0.021180030257186067
2015-04-09,3380,3500,3380,3480,4589,0.03111111111111109
2015-04-10,3495,3495,3450,3465,1936,-0.004310344827586188
2015-04-13,3495,3500,3415,3455,1045,-0.0028860028860029363
2015-04-14,3490,3490,3405,3425,1592,-0.00868306801736618
2015-04-15,3430,3430,3360,3375,2538,-0.014598540145985384
2015-04-16,3365,3470,3330,3370,3932,-0.001481481481481528
2015-04-17,3370,3370,3300,3325,2837,-0.013353115727002929
2015-04-20,3335,3335,3275,3315,1670,-0.003007518796992459
2015-04-21,3355,3390,3270,3325,4919,0.003016591251885359
2015-04-22,3340,3400,3285,3335,3499,0.003007518796992459
2015-04-23,3325,3325,3260,3310,3237,-0.007496251874062998
2015-04-24,3295,3300,3225,3295,1821,-0.004531722054380682
2015-04-27,3295,3295,3240,3285,1386,-0.003034901365705611
2015-04-28,3260,3285,3235,3260,2546,-0.007610350076103556
2015-04-29,3275,3345,3200,3290,3631,0.009202453987730008
2015-04-30,3265,3290,3235,3235,1741,-0.016717325227963542
2015-05-04,3180,3280,3180,3235,1310,0.0
2015-05-06,3235,3244,3160,3210,1534,-0.007727975270479082
2015-05-07,3210,3230,3155,3200,1785,-0.0031152647975077885
2015-05-08,3160,3230,3160,3225,988,0.0078125
2015-05-11,3225,3274,3185,3270,1304,0.013953488372093092
2015-05-12,3270,3290,3230,3290,1288,0.006116207951070374
2015-05-13,3290,3290,3250,3280,696,-0.003039513677811523
2015-05-14,3280,3300,3250,3295,1422,0.004573170731707377
2015-05-15,3269,3360,3200,3255,3204,-0.012139605462822445
2015-05-18,3255,3305,3245,3300,1740,0.01382488479262678
2015-05-19,3330,3365,3285,3365,1669,0.01969696969696977
2015-05-20,3365,3365,3275,3320,1414,-0.013372956909361022
2015-05-21,3320,3325,3235,3240,1520,-0.02409638554216864
2015-05-22,3245,3290,3245,3260,785,0.006172839506172867
2015-05-26,3265,3340,3265,3315,379,0.016871165644171793
2015-05-27,3315,3315,3210,3300,1135,-0.004524886877828038
2015-05-28,3270,3320,3265,3270,326,-0.009090909090909038
2015-05-29,3270,3275,3170,3200,1525,-0.021406727828746197
2015-06-01,3170,3220,3135,3200,972,0.0
2015-06-02,3230,3230,3150,3205,1445,0.0015624999999999112
2015-06-03,3149,3189,3109,3175,2178,-0.009360374414976613
2015-06-04,3200,3200,3060,3075,2688,-0.03149606299212604
2015-06-05,3069,3200,3050,3175,3324,0.03252032520325199
2015-06-08,3175,3235,3105,3200,1752,0.007874015748031482
2015-06-09,3200,3245,3149,3155,371,-0.014062499999999978
2015-06-10,3130,3189,3120,3175,253,0.006339144215530945
2015-06-11,3174,3220,3150,3150,531,-0.007874015748031482
2015-06-12,3200,3200,3080,3120,901,-0.00952380952380949
2015-06-15,3110,3150,3100,3130,82,0.0032051282051281937
2015-06-16,3090,3100,3000,3075,2356,-0.01757188498402551
2015-06-17,3085,3085,3005,3070,682,-0.001626016260162566
2015-06-18,3065,3065,3014,3030,1544,-0.013029315960912058
2015-06-19,3080,3080,3030,3080,272,0.01650165016501659
2015-06-22,3085,3085,3050,3080,287,0.0
2015-06-23,3085,3089,3040,3085,1339,0.0016233766233766378
2015-06-24,3085,3120,3060,3120,763,0.011345218800648205
2015-06-25,3125,3125,3100,3125,177,0.0016025641025640969
2015-06-26,3090,3150,3090,3130,478,0.0016000000000000458
2015-06-29,3060,3085,3009,3085,830,-0.014376996805111841
2015-06-30,3020,3100,3020,3100,308,0.004862236628849326
2015-07-01,3055,3120,3055,3085,1043,-0.004838709677419395
2015-07-02,3120,3120,3070,3070,655,-0.004862236628849326
2015-07-03,3090,3125,3070,3100,1173,0.009771986970684043
2015-07-06,3105,3105,3000,3000,2529,-0.032258064516129004
2015-07-07,3010,3100,2990,3100,3464,0.03333333333333344
2015-07-08,3060,3160,3060,3160,1004,0.019354838709677358
2015-07-09,3160,3195,3090,3195,1516,0.011075949367088667
2015-07-10,3195,3240,3155,3200,1010,0.0015649452269170805
2015-07-13,3195,3200,3120,3185,1014,-0.004687499999999956
2015-07-14,3185,3185,3095,3135,2814,-0.015698587127158548
2015-07-15,3135,3135,3100,3135,578,0.0
2015-07-16,3109,3180,3109,3175,1221,0.012759170653907415
2015-07-17,3170,3170,3120,3155,381,-0.006299212598425252
2015-07-20,3125,3125,3105,3125,610,-0.009508716323296307
2015-07-21,3130,3150,3110,3150,314,0.008000000000000007
2015-07-22,3149,3160,3100,3155,932,0.0015873015873015817
2015-07-23,3110,3150,3110,3150,843,-0.0015847860538826808
2015-07-24,3150,3150,3080,3110,1515,-0.012698412698412653
2015-07-27,3109,3115,3055,3115,222,0.001607717041800738
2015-07-28,3115,3115,3015,3095,459,-0.006420545746388395
2015-07-29,3115,3124,3090,3090,688,-0.001615508885298822
2015-07-30,3090,3090,3015,3080,406,-0.003236245954692518
2015-07-31,3080,3080,3025,3080,443,0.0
2015-08-03,3020,3075,3000,3035,952,-0.01461038961038963
2015-08-04,3030,3040,2995,3000,738,-0.011532125205930832
2015-08-05,3000,3095,2949,3095,2033,0.03166666666666673
2015-08-06,3095,3095,3050,3090,71,-0.001615508885298822
2015-08-07,3100,3100,3045,3100,297,0.003236245954692629
2015-08-10,3080,3080,3024,3050,792,-0.016129032258064502
2015-08-11,3064,3100,3035,3050,1339,0.0
2015-08-12,3025,3070,2960,3020,2195,-0.00983606557377048
2015-08-13,3020,3040,3015,3035,1056,0.004966887417218624
2015-08-17,3035,3049,3025,3045,721,0.0032948929159801743
2015-08-18,3044,3090,3020,3050,773,0.0016420361247948545
2015-08-19,3020,3045,3000,3040,708,-0.003278688524590123
2015-08-20,3050,3070,3000,3000,1390,-0.013157894736842146
2015-08-21,2900,2985,2900,2940,1074,-0.020000000000000018
2015-08-24,2940,2995,2760,2765,3526,-0.059523809523809534
2015-08-25,2765,2814,2765,2790,1120,0.009041591320072317
2015-08-26,2765,2850,2765,2835,6065,0.016129032258064502
2015-08-27,2849,2905,2849,2905,588,0.024691358024691468
2015-08-28,2889,2990,2880,2985,1187,0.027538726333907082
2015-08-31,2930,2990,2920,2990,1085,0.0016750418760469454
2015-09-01,2990,2990,2935,2960,922,-0.010033444816053505
2015-09-02,2905,2960,2905,2920,1046,-0.013513513513513487
2015-09-03,2955,2955,2869,2895,1493,-0.008561643835616417
2015-09-04,2925,2925,2849,2885,1535,-0.003454231433506094
2015-09-07,2860,2860,2804,2850,1223,-0.012131715771230511
2015-09-08,2860,2860,2820,2845,774,-0.0017543859649122862
2015-09-09,2840,2935,2840,2935,1186,0.03163444639718804
2015-09-10,2885,2965,2885,2950,486,0.005110732538330387
2015-09-11,2955,2970,2950,2970,806,0.006779661016949046
2015-09-14,2925,3000,2925,3000,509,0.010101010101010166
2015-09-15,3000,3020,2995,3010,1816,0.0033333333333334103
2015-09-16,2970,3020,2965,2995,1917,-0.004983388704318914
2015-09-17,2970,3000,2964,2970,856,-0.008347245409014992
2015-09-18,2969,2969,2935,2965,636,-0.0016835016835017313
2015-09-21,2960,2960,2934,2950,298,-0.005059021922428353
2015-09-22,2965,2980,2950,2980,1156,0.01016949152542379
2015-09-23,2980,2980,2920,2940,654,-0.01342281879194629
2015-09-24,2950,2955,2935,2945,119,0.001700680272108901
2015-09-25,2950,2965,2929,2965,302,0.00679117147707986
2015-09-30,2955,3005,2955,2995,522,0.010118043844856706
2015-10-01,2990,3005,2950,3005,620,0.0033388981636059967
2015-10-02,3005,3005,2995,3000,228,-0.0016638935108153063
2015-10-05,3000,3030,3000,3000,465,0.0
2015-10-06,3015,3060,3010,3055,1221,0.018333333333333313
2015-10-07,3025,3065,3015,3055,351,0.0
2015-10-08,3024,3050,3000,3050,306,-0.0016366612111292644
2015-10-12,3005,3045,3000,3035,2149,-0.004918032786885296
2015-10-13,3035,3040,3000,3010,275,-0.008237232289950547
2015-10-14,3030,3030,3000,3030,224,0.006644518272425293
2015-10-15,3000,3030,3000,3025,838,-0.0016501650165016146
2015-10-16,3015,3030,3009,3025,1093,0.0
2015-10-19,3025,3025,2980,3020,889,-0.0016528925619834212
2015-10-20,3020,3025,3000,3020,762,0.0
2015-10-21,3025,3025,2995,3025,346,0.0016556291390728006
2015-10-22,3025,3025,2975,3005,480,-0.006611570247933907
2015-10-23,3010,3020,2970,3020,998,0.004991680532445919
2015-10-26,3015,3015,2990,3000,474,-0.0066225165562914245
2015-10-27,2995,3015,2990,3005,1246,0.0016666666666667052
2015-10-28,3000,3000,2970,2980,771,-0.008319467554076532
2015-10-29,3000,3015,3000,3005,2339,0.008389261744966348
2015-10-30,3000,3010,2990,3000,1939,-0.0016638935108153063
2015-11-02,3005,3005,2965,2975,2100,-0.008333333333333304
2015-11-03,3005,3005,2965,3000,504,0.008403361344537785
2015-11-04,3000,3000,2945,2985,1229,-0.0050000000000000044
2015-11-05,2960,2960,2745,2800,13864,-0.061976549413735316
2015-11-06,2805,2830,2700,2720,5692,-0.02857142857142858
2015-11-09,2729,2729,2609,2625,9873,-0.03492647058823528
2015-11-10,2625,2640,2595,2620,1809,-0.0019047619047618536
2015-11-11,2610,2650,2610,2640,544,0.007633587786259444
2015-11-12,2650,2650,2620,2640,712,0.0
2015-11-13,2625,2650,2615,2635,428,-0.0018939393939394478
2015-11-16,2585,2609,2560,2605,635,-0.011385199240986688
2015-11-17,2620,2620,2580,2610,1700,0.0019193857965451588
2015-11-18,2610,2610,2550,2590,3753,-0.007662835249042099
2015-11-19,2560,2590,2535,2590,1850,0.0
2015-11-20,2590,2590,2530,2575,2317,-0.00579150579150578
2015-11-23,2575,2575,2530,2535,1548,-0.01553398058252431
2015-11-24,2540,2540,2500,2505,3848,-0.011834319526627168
2015-11-25,2555,2555,2510,2550,3264,0.017964071856287456
2015-11-26,2550,2555,2535,2555,1396,0.0019607843137254832
2015-11-27,2555,2575,2550,2575,2275,0.007827788649706457
2015-11-30,2575,2575,2525,2555,17591,-0.007766990291262155
2015-12-01,2555,2580,2530,2550,1364,-0.00195694716242667
2015-12-02,2560,2565,2530,2545,623,-0.0019607843137254832
2015-12-03,2540,2555,2530,2540,778,-0.0019646365422396617
2015-12-04,2550,2555,2525,2530,1822,-0.003937007874015741
2015-12-07,2560,2560,2540,2550,315,0.007905138339920903
2015-12-08,2540,2560,2540,2540,773,-0.0039215686274509665
2015-12-09,2540,2555,2510,2525,592,-0.0059055118110236116
2015-12-10,2535,2540,2510,2525,714,0.0
2015-12-11,2525,2545,2520,2525,1072,0.0
2015-12-14,2540,2540,2485,2520,3412,-0.001980198019801982
2015-12-15,2495,2525,2495,2510,293,-0.003968253968253954
2015-12-16,2485,2530,2485,2510,996,0.0
2015-12-17,2525,2550,2510,2550,1831,0.015936254980079667
2015-12-18,2535,2655,2535,2655,2937,0.04117647058823537
2015-12-21,2624,2715,2510,2690,4464,0.013182674199623268
2015-12-22,2695,2700,2690,2690,1604,0.0
2015-12-23,2690,2690,2620,2675,1553,-0.005576208178438624
2015-12-24,2634,2670,2634,2670,1190,-0.0018691588785046953
2015-12-28,2665,2689,2660,2685,2773,0.00561797752808979
2015-12-29,2675,2675,2600,2655,578,-0.011173184357541888
2015-12-30,2660,2670,2605,2645,770,-0.0037664783427495685
2016-01-04,2605,2615,2575,2585,2571,-0.022684310018903586
2016-01-05,2585,2700,2570,2600,1612,0.005802707930367523
2016-01-06,2600,2634,2590,2590,463,-0.0038461538461538325
2016-01-07,2590,2590,2530,2590,1178,0.0
2016-01-08,2530,2595,2530,2545,372,-0.01737451737451734
2016-01-11,2590,2600,2555,2600,883,0.0216110019646365
2016-01-12,2600,2615,2560,2600,623,0.0
2016-01-13,2610,2610,2555,2600,106,0.0
2016-01-14,2595,2600,2565,2585,1860,-0.005769230769230749
2016-01-15,2605,2605,2540,2540,245,-0.01740812379110257
2016-01-18,2560,2585,2525,2585,641,0.017716535433070835
2016-01-19,2585,2585,2535,2540,965,-0.01740812379110257
2016-01-20,2600,2620,2450,2590,1734,0.019685039370078705
2016-01-21,2550,2550,2505,2530,212,-0.02316602316602312
2016-01-22,2500,2575,2500,2530,609,0.0
2016-01-25,2570,2570,2535,2570,171,0.015810276679841806
2016-01-26,2570,2570,2530,2570,268,0.0
2016-01-27,2570,2575,2540,2565,272,-0.0019455252918287869
2016-01-28,2565,2570,2545,2570,16,0.0019493177387914784
2016-01-29,2570,2570,2525,2530,181,-0.015564202334630295
2016-02-01,2550,2550,2500,2505,684,-0.00988142292490124
2016-02-02,2540,2540,2495,2495,765,-0.003992015968063867
2016-02-03,2530,2530,2490,2500,267,0.002004008016031955
2016-02-04,2535,2535,2485,2530,1178,0.01200000000000001
2016-02-05,2530,2530,2495,2500,2969,-0.011857707509881465
2016-02-11,2485,2485,2440,2475,5825,-0.010000000000000009
2016-02-12,2470,2470,2400,2445,1541,-0.012121212121212088
2016-02-15,2445,2445,2385,2410,1330,-0.014314928425357865
2016-02-16,2410,2420,2400,2420,180,0.004149377593360981
2016-02-17,2425,2430,2400,2430,1021,0.004132231404958775
2016-02-18,2405,2440,2395,2405,533,-0.010288065843621408
2016-02-19,2440,2440,2390,2400,556,-0.0020790020790020236
2016-02-22,2400,2410,2340,2355,1409,-0.018750000000000044
2016-02-23,2375,2375,2355,2355,480,0.0
2016-02-24,2360,2390,2340,2370,954,0.006369426751592355
2016-02-25,2380,2405,2365,2385,537,0.006329113924050667
2016-02-26,2390,2390,2355,2360,1066,-0.010482180293501009
2016-02-29,2380,2385,2365,2385,653,0.010593220338983134
2016-03-02,2385,2420,2385,2415,405,0.012578616352201255
2016-03-03,2390,2415,2370,2400,528,-0.006211180124223614
2016-03-04,2400,2420,2370,2420,610,0.008333333333333304
2016-03-07,2420,2535,2400,2530,1324,0.045454545454545414
2016-03-08,2535,2540,2450,2475,483,-0.021739130434782594
2016-03-09,2510,2510,2430,2490,728,0.0060606060606061
2016-03-10,2480,2510,2460,2490,1702,0.0
2016-03-11,2490,2510,2445,2510,779,0.008032128514056325
2016-03-14,2510,2515,2435,2475,1833,-0.013944223107569709
2016-03-15,2475,2480,2445,2480,1742,0.002020202020202033
2016-03-16,2475,2490,2460,2490,1132,0.0040322580645162365
2016-03-17,2460,2490,2445,2480,1645,-0.004016064257028162
2016-03-18,2480,2480,2450,2475,917,-0.0020161290322581182
2016-03-21,2450,2480,2435,2455,1676,-0.008080808080808133
2016-03-22,2465,2465,2425,2460,1440,0.0020366598778003286
2016-03-23,2460,2465,2430,2445,1485,-0.0060975609756097615
2016-03-24,2450,2450,2425,2450,2493,0.002044989775051187
2016-03-25,2450,2455,2430,2455,22998,0.0020408163265306367
2016-03-28,2430,2455,2430,2455,387,0.0
2016-03-29,2450,2470,2450,2465,1005,0.004073319755600879
2016-03-30,2465,2475,2450,2475,872,0.0040567951318457585
2016-03-31,2475,2490,2455,2490,1949,0.0060606060606061
2016-04-01,2460,2495,2455,2485,716,-0.002008032128514081
2016-04-04,2455,2495,2455,2475,69,-0.004024144869215318
2016-04-05,2455,2475,2455,2475,203,0.0
2016-04-06,2485,2485,2470,2485,462,0.004040404040404066
2016-04-07,2485,2500,2455,2500,509,0.006036217303822866
2016-04-08,2495,2495,2455,2475,490,-0.010000000000000009
2016-04-11,2475,2480,2455,2480,1026,0.002020202020202033
2016-04-12,2495,2550,2485,2540,2701,0.024193548387096753
2016-04-14,2540,2680,2540,2640,4714,0.03937007874015741
2016-04-15,2640,2655,2555,2650,1816,0.0037878787878788955
2016-04-18,2649,2655,2580,2585,2225,-0.024528301886792447
2016-04-19,2580,2655,2575,2615,2827,0.011605415860735047
2016-04-20,2630,2630,2565,2590,2249,-0.009560229445506718
2016-04-21,2590,2620,2545,2590,2481,0.0
2016-04-22,2665,2665,2550,2605,4331,0.005791505791505891
2016-04-25,2605,2605,2555,2585,2066,-0.007677543186180413
2016-04-26,2585,2595,2560,2585,1567,0.0
2016-04-27,2560,2605,2555,2605,2681,0.007736943907156624
2016-04-28,2625,2630,2585,2605,2611,0.0
2016-04-29,2600,2630,2580,2630,1423,0.009596928982725572
2016-05-02,2630,2635,2604,2610,2042,-0.0076045627376425395
2016-05-03,2610,2610,2570,2600,1561,-0.003831417624521105
2016-05-04,2595,2640,2560,2600,2839,0.0
2016-05-09,2570,2710,2565,2580,3023,-0.007692307692307665
2016-05-10,2620,2620,2560,2560,255,-0.007751937984496138
2016-05-11,2560,2590,2540,2550,386,-0.00390625
2016-05-12,2520,2570,2480,2510,1524,-0.015686274509803977
2016-05-13,2500,2505,2450,2455,2318,-0.021912350597609542
2016-05-16,2520,2520,2430,2475,2686,0.008146639511201537
2016-05-17,2470,2470,2425,2430,2260,-0.018181818181818188
2016-05-18,2435,2490,2430,2470,1116,0.016460905349794164
2016-05-19,2490,2490,2460,2470,1097,0.0
2016-05-20,2430,2540,2430,2500,1377,0.012145748987854255
2016-05-23,2470,2525,2470,2515,714,0.006000000000000005
2016-05-24,2530,2545,2450,2515,473,0.0
2016-05-25,2520,2600,2505,2520,1974,0.001988071570576455
2016-05-26,2545,2570,2475,2520,856,0.0
2016-05-27,2480,2545,2480,2535,566,0.005952380952380931
2016-05-30,2545,2590,2515,2585,558,0.019723865877712132
2016-05-31,2585,2600,2565,2600,399,0.005802707930367523
2016-06-01,2600,2615,2545,2600,648,0.0
2016-06-02,2620,2620,2580,2600,112,0.0
2016-06-03,2620,2620,2550,2580,223,-0.007692307692307665
2016-06-07,2550,2605,2545,2580,166,0.0
2016-06-08,2600,2600,2500,2540,1735,-0.015503875968992276
2016-06-09,2550,2550,2485,2530,1617,-0.003937007874015741
2016-06-10,2530,2530,2485,2510,479,-0.007905138339920903
2016-06-13,2510,2510,2445,2455,2492,-0.021912350597609542
2016-06-14,2490,2520,2460,2460,561,0.0020366598778003286
2016-06-15,2500,2500,2445,2490,623,0.012195121951219523
2016-06-16,2490,2490,2470,2475,124,-0.0060240963855421326
2016-06-17,2475,2485,2460,2475,68,0.0
2016-06-20,2475,2495,2445,2490,112,0.0060606060606061
2016-06-21,2450,2495,2440,2470,175,-0.008032128514056214
2016-06-22,2470,2515,2465,2495,223,0.010121457489878471
2016-06-23,2515,2515,2495,2505,653,0.004008016032064132
2016-06-24,2505,2505,2405,2435,442,-0.027944111776447067
2016-06-27,2420,2470,2400,2425,1414,-0.004106776180698102
2016-06-28,2440,2440,2380,2410,291,-0.006185567010309256
2016-06-29,2410,2415,2375,2400,444,-0.004149377593360981
2016-06-30,2375,2400,2375,2400,629,0.0
2016-07-01,2415,2415,2400,2410,136,0.004166666666666652
2016-07-04,2410,2425,2385,2420,463,0.004149377593360981
2016-07-05,2420,2425,2400,2420,209,0.0
2016-07-06,2420,2420,2395,2405,911,-0.006198347107438051
2016-07-07,2435,2435,2380,2395,1290,-0.004158004158004158
2016-07-08,2385,2400,2380,2395,321,0.0
2016-07-11,2410,2410,2385,2395,473,0.0
2016-07-12,2395,2410,2390,2395,259,0.0
2016-07-13,2390,2410,2390,2400,179,0.0020876826722338038
2016-07-14,2410,2410,2380,2400,770,0.0
2016-07-15,2400,2410,2390,2400,788,0.0
2016-07-18,2400,2405,2380,2405,1987,0.002083333333333437
2016-07-19,2390,2405,2380,2405,354,0.0
2016-07-20,2380,2400,2370,2395,461,-0.004158004158004158
2016-07-21,2370,2425,2370,2410,1804,0.006263048016701411
2016-07-22,2395,2420,2395,2410,215,0.0
2016-07-25,2390,2405,2370,2390,539,-0.008298755186721962
2016-07-26,2395,2400,2380,2390,223,0.0
2016-07-27,2380,2395,2360,2380,1785,-0.004184100418409997
2016-07-28,2365,2370,2315,2350,3754,-0.012605042016806678
2016-07-29,2350,2350,2320,2350,1668,0.0
2016-08-01,2340,2360,2340,2355,700,0.0021276595744681437
2016-08-02,2340,2380,2325,2375,1257,0.00849256900212314
2016-08-03,2370,2390,2340,2375,822,0.0
2016-08-04,2375,2375,2350,2370,227,-0.002105263157894721
2016-08-05,2370,2370,2340,2360,659,-0.00421940928270037
2016-08-08,2365,2410,2360,2360,319,0.0
2016-08-09,2360,2375,2350,2365,521,0.0021186440677967155
2016-08-10,2375,2380,2355,2380,764,0.00634249471458781
2016-08-11,2360,2395,2360,2380,732,0.0
2016-08-12,2380,2380,2350,2365,979,-0.006302521008403339
2016-08-16,2360,2380,2350,2375,1492,0.0042283298097252064
2016-08-17,2355,2390,2350,2390,1676,0.006315789473684275
2016-08-18,2395,2500,2360,2455,6139,0.027196652719665204
2016-08-19,2500,2500,2420,2455,2739,0.0
2016-08-22,2470,2470,2400,2410,350,-0.018329938900203624
2016-08-23,2395,2470,2395,2440,455,0.012448132780082943
2016-08-24,2470,2470,2415,2440,205,0.0
2016-08-25,2470,2470,2350,2350,1004,-0.03688524590163933
2016-08-26,2340,2370,2325,2360,1655,0.004255319148936065
2016-08-29,2340,2355,2320,2320,2938,-0.016949152542372836
2016-08-30,2335,2335,2315,2320,1226,0.0
2016-08-31,2325,2340,2315,2340,1601,0.008620689655172376
2016-09-01,2330,2345,2305,2345,782,0.002136752136752129
2016-09-02,2345,2355,2345,2355,220,0.004264392324093924
2016-09-05,2350,2350,2290,2290,11546,-0.027600849256900206
2016-09-06,2290,2305,2265,2285,5333,-0.0021834061135370675
2016-09-07,2285,2305,2260,2285,4183,0.0
2016-09-08,2265,2285,2245,2280,2079,-0.002188183807439792
2016-09-09,2280,2280,2250,2280,1885,0.0
2016-09-12,2275,2280,2235,2270,3239,-0.004385964912280715
2016-09-13,2270,2270,2255,2270,2080,0.0
2016-09-19,2255,2280,2240,2280,942,0.004405286343612369
2016-09-20,2280,2360,2275,2345,7962,0.028508771929824483
2016-09-21,2350,2350,2300,2315,504,-0.01279317697228144
2016-09-22,2315,2355,2290,2355,4440,0.017278617710583255
2016-09-23,2355,2385,2345,2385,4393,0.01273885350318471
2016-09-26,2390,2390,2330,2360,1220,-0.010482180293501009
2016-09-27,2355,2395,2330,2360,830,0.0
2016-09-28,2360,2385,2320,2375,1529,0.006355932203389925
2016-09-29,2375,2380,2350,2370,469,-0.002105263157894721
2016-09-30,2370,2380,2325,2335,3025,-0.014767932489451518
2016-10-04,2335,2350,2315,2350,3303,0.0064239828693790635
2016-10-05,2325,2350,2325,2345,244,-0.0021276595744680327
2016-10-06,2345,2355,2310,2350,614,0.002132196162046851
2016-10-07,2320,2365,2320,2350,678,0.0
2016-10-10,2350,2350,2305,2335,714,-0.006382978723404209
2016-10-11,2340,2355,2310,2355,506,0.008565310492505418
2016-10-12,2320,2430,2320,2425,2776,0.02972399150743099
2016-10-13,2435,2435,2400,2400,2665,-0.010309278350515427
2016-10-14,2430,2445,2400,2400,702,0.0
2016-10-17,2450,2450,2375,2375,121,-0.01041666666666663
2016-10-18,2445,2445,2375,2435,241,0.025263157894736876
2016-10-19,2445,2455,2385,2455,1483,0.008213552361396204
2016-10-20,2450,2450,2390,2395,1620,-0.024439918533604943
2016-10-21,2415,2415,2355,2355,792,-0.01670146137787054
2016-10-24,2335,2395,2335,2365,844,0.00424628450106157
2016-10-25,2365,2370,2350,2370,530,0.0021141649048626032
2016-10-26,2405,2410,2350,2400,178,0.012658227848101333
2016-10-27,2440,2440,2335,2345,1877,-0.022916666666666696
2016-10-28,2390,2390,2315,2345,232,0.0
2016-10-31,2330,2340,2295,2310,1083,-0.014925373134328401
2016-11-01,2300,2345,2300,2345,332,0.015151515151515138
2016-11-02,2330,2350,2295,2325,3383,-0.008528784648187626
2016-11-03,2325,2330,2290,2325,125,0.0
2016-11-04,2315,2315,2300,2315,71,-0.004301075268817178
2016-11-07,2290,2300,2225,2270,2876,-0.01943844492440605
2016-11-08,2260,2260,2215,2230,2302,-0.017621145374449365
2016-11-09,2245,2245,2170,2185,1323,-0.020179372197309364
2016-11-10,2220,2220,2160,2190,432,0.0022883295194509046
2016-11-11,2215,2215,2130,2140,1920,-0.022831050228310557
2016-11-14,2140,2160,2130,2135,867,-0.002336448598130869
2016-11-15,2175,2175,2120,2135,564,0.0
2016-11-16,2135,2170,2120,2155,1970,0.00936768149882905
2016-11-17,2125,2155,2125,2155,1972,0.0
2016-11-18,2155,2155,2120,2135,1319,-0.009280742459396807
2016-11-21,2130,2130,2100,2125,2694,-0.004683840749414525
2016-11-22,2120,2120,2100,2100,660,-0.0117647058823529
2016-11-23,2100,2110,2080,2080,1579,-0.00952380952380949
2016-11-24,2090,2090,2060,2060,1505,-0.009615384615384581
2016-11-25,2090,2100,2050,2085,2894,0.012135922330097193
2016-11-28,2085,2090,2065,2090,548,0.0023980815347721673
2016-11-29,2075,2080,2065,2080,532,-0.004784688995215336
2016-11-30,2105,2105,2075,2075,910,-0.0024038461538461453
2016-12-01,2075,2115,2075,2110,1147,0.01686746987951815
2016-12-02,2090,2095,2070,2080,1555,-0.014218009478673022
2016-12-05,2070,2080,2050,2075,1760,-0.0024038461538461453
2016-12-06,2075,2080,2070,2080,8,0.002409638554216942
2016-12-07,2060,2095,2060,2095,992,0.007211538461538547
2016-12-08,2095,2130,2095,2130,2504,0.01670644391408116
2016-12-09,2100,2135,2100,2130,1570,0.0
2016-12-12,2135,2160,2130,2155,2183,0.011737089201877993
2016-12-13,2155,2170,2150,2170,892,0.006960556844547661
2016-12-14,2130,2215,2115,2210,7111,0.018433179723502224
2016-12-15,2180,2205,2140,2160,2111,-0.022624434389140302
2016-12-16,2165,2200,2160,2200,2379,0.0185185185185186
2016-12-19,2200,2210,2185,2210,1310,0.00454545454545463
2016-12-20,2180,2215,2180,2215,1524,0.002262443438914019
2016-12-21,2190,2225,2190,2225,7071,0.004514672686230181
2016-12-22,2225,2225,2210,2225,2249,0.0
2016-12-23,2190,2210,2180,2210,942,-0.006741573033707815
2016-12-26,2205,2205,2165,2175,4342,-0.015837104072398245
2016-12-27,2160,2170,2100,2100,33460,-0.03448275862068961
2016-12-28,2125,2160,2105,2160,1612,0.02857142857142847
2016-12-29,2160,2160,2130,2160,376,0.0
2017-01-02,2155,2175,2135,2175,374,0.00694444444444442
2017-01-03,2175,2185,2150,2185,682,0.0045977011494253706
2017-01-04,2175,2175,2135,2165,2496,-0.009153318077803174
2017-01-05,2155,2160,2135,2160,3706,-0.002309468822170868
2017-01-06,2160,2160,2140,2160,629,0.0
2017-01-09,2135,2155,2135,2145,577,-0.00694444444444442
2017-01-10,2130,2170,2130,2130,1283,-0.006993006993006978
2017-01-11,2130,2340,2130,2330,16870,0.0938967136150235
2017-01-12,2590,3024,2220,2250,285456,-0.03433476394849788
2017-01-13,2265,2270,2180,2200,43365,-0.022222222222222254
2017-01-16,2210,2240,2165,2200,13225,0.0
2017-01-17,2185,2265,2180,2215,19614,0.006818181818181834
2017-01-18,2215,2255,2205,2225,8984,0.004514672686230181
2017-01-19,2240,2300,2215,2225,10550,0.0
2017-01-20,2220,2260,2195,2230,5718,0.0022471910112360494
2017-01-23,2225,2315,2225,2275,17371,0.020179372197309364
2017-01-24,2290,2295,2235,2280,10099,0.00219780219780219
2017-01-25,2255,2280,2235,2255,5623,-0.010964912280701733
2017-01-26,2255,2295,2225,2260,8310,0.0022172949002217113
2017-01-31,2260,2300,2260,2280,5312,0.008849557522123908
2017-02-01,2260,2350,2260,2295,5998,0.006578947368421018
2017-02-02,2275,2290,2260,2275,16843,-0.008714596949891074
2017-02-03,2275,2290,2260,2280,7778,0.00219780219780219
2017-02-06,2270,2320,2265,2295,1817,0.006578947368421018
2017-02-07,2280,2310,2260,2280,4445,-0.006535947712418277
2017-02-08,2295,2310,2260,2295,8503,0.006578947368421018
2017-02-09,2295,2300,2260,2295,1836,0.0
2017-02-10,2305,2305,2275,2285,1743,-0.004357298474945481
2017-02-13,2285,2290,2245,2260,1586,-0.01094091903719907
2017-02-14,2255,2305,2240,2265,1025,0.0022123893805310324
2017-02-15,2265,2290,2225,2255,3151,-0.004415011037527616
2017-02-16,2255,2270,2230,2270,1781,0.006651884700665134
2017-02-17,2265,2270,2230,2270,2063,0.0
2017-02-20,2265,2270,2235,2235,1088,-0.01541850220264318
2017-02-21,2235,2260,2215,2235,3992,0.0
2017-02-22,2235,2275,2220,2265,2336,0.01342281879194629
2017-02-23,2270,2270,2220,2250,2477,-0.0066225165562914245
2017-02-24,2250,2265,2210,2225,1319,-0.011111111111111072
2017-02-27,2210,2245,2185,2230,2289,0.0022471910112360494
2017-02-28,2230,2245,2195,2210,2470,-0.008968609865470878
2017-03-02,2210,2240,2205,2215,1461,0.002262443438914019
2017-03-03,2200,2215,2175,2200,1803,-0.006772009029345383
2017-03-06,2200,2225,2175,2175,1865,-0.011363636363636354
2017-03-07,2170,2195,2145,2150,2631,-0.011494252873563204
2017-03-08,2165,2185,2140,2165,1412,0.006976744186046435
2017-03-09,2140,2185,2140,2165,1733,0.0
2017-03-10,2150,2155,2100,2140,4404,-0.011547344110854452
2017-03-13,2140,2160,2115,2145,1858,0.002336448598130758
2017-03-14,2145,2210,2140,2185,4237,0.018648018648018683
2017-03-15,2200,2210,2170,2185,4012,0.0
2017-03-16,2165,2195,2155,2185,1851,0.0
2017-03-17,2185,2225,2180,2215,1828,0.013729977116704761
2017-03-20,2225,2235,2175,2215,1581,0.0
2017-03-21,2215,2230,2145,2200,1925,-0.006772009029345383
2017-03-22,2185,2205,2160,2205,2417,0.002272727272727204
2017-03-23,2165,2215,2165,2205,1183,0.0
2017-03-24,2160,2205,2160,2205,826,0.0
2017-03-27,2170,2220,2170,2210,1929,0.0022675736961450532
2017-03-28,2230,2230,2170,2205,1215,-0.002262443438914019
2017-03-29,2205,2205,2175,2200,211,-0.0022675736961451642
2017-03-30,2200,2200,2165,2165,648,-0.015909090909090873
2017-03-31,2165,2170,2145,2170,1610,0.002309468822170979
2017-04-03,2180,2180,2165,2180,531,0.004608294930875667
2017-04-04,2160,2180,2140,2160,2431,-0.00917431192660545
2017-04-05,2160,2170,2140,2170,2408,0.004629629629629539
2017-04-06,2160,2175,2140,2170,726,0.0
2017-04-07,2160,2180,2160,2175,2638,0.0023041474654377225
2017-04-10,2180,2180,2130,2150,3684,-0.011494252873563204
2017-04-11,2150,2150,2130,2145,438,-0.0023255813953488857
2017-04-12,2160,2160,2140,2150,3183,0.002331002331002363
2017-04-13,2170,2170,2150,2150,1006,0.0
2017-04-14,2150,2150,2125,2150,2235,0.0
2017-04-17,2150,2190,2140,2190,1442,0.018604651162790642
2017-04-18,2180,2190,2155,2190,582,0.0
2017-04-19,2185,2200,2145,2195,1695,0.0022831050228311334
2017-04-20,2195,2230,2165,2190,1769,-0.002277904328018221
2017-04-21,2190,2190,2160,2190,265,0.0
2017-04-24,2185,2185,2145,2150,1815,-0.0182648401826484
2017-04-25,2170,2175,2155,2175,1711,0.011627906976744207
2017-04-26,2160,2180,2150,2180,3510,0.0022988505747125743
2017-04-27,2180,2185,2155,2185,2565,0.002293577981651307
2017-04-28,2185,2185,2150,2175,1838,-0.004576659038901587
2017-05-02,2175,2190,2130,2145,4454,-0.01379310344827589
2017-05-04,2160,2160,2150,2160,1197,0.006993006993007089
2017-05-08,2160,2170,2150,2170,2049,0.004629629629629539
2017-05-10,2170,2170,2140,2170,3018,0.0
2017-05-11,2145,2155,2130,2135,3536,-0.016129032258064502
2017-05-12,2155,2155,2130,2140,6978,0.0023419203747072626
2017-05-15,2150,2160,2145,2155,1198,0.007009345794392496
2017-05-16,2180,2180,2130,2145,2774,-0.004640371229698403
2017-05-17,2170,2185,2140,2185,3204,0.018648018648018683
2017-05-18,2200,2240,2160,2225,5410,0.01830663615560635
2017-05-19,2230,2250,2180,2220,7076,-0.0022471910112359383
2017-05-22,2220,2235,2190,2235,3591,0.006756756756756799
2017-05-23,2230,2230,2210,2230,463,-0.0022371364653244186
2017-05-24,2215,2250,2205,2240,418,0.004484304932735439
2017-05-25,2240,2250,2220,2245,1853,0.0022321428571427937
2017-05-26,2250,2250,2220,2240,1151,-0.00222717149220486
2017-05-29,2240,2270,2220,2250,2863,0.0044642857142858094
2017-05-30,2270,2285,2230,2285,1268,0.015555555555555545
2017-05-31,2285,2305,2270,2295,1655,0.004376367614879584
2017-06-01,2285,2295,2255,2295,543,0.0
2017-06-02,2270,2335,2270,2310,2507,0.006535947712418277
2017-06-05,2310,2315,2260,2280,2238,-0.012987012987012991
2017-06-07,2260,2335,2260,2330,2497,0.021929824561403466
2017-06-08,2345,2345,2280,2285,1614,-0.01931330472102999
2017-06-09,2285,2355,2260,2295,1834,0.004376367614879584
2017-06-12,2295,2295,2255,2285,3002,-0.004357298474945481
2017-06-13,2300,2300,2265,2300,1157,0.006564551422319376
2017-06-14,2305,2320,2295,2315,1187,0.006521739130434856
2017-06-15,2305,2320,2275,2315,2130,0.0
2017-06-16,2315,2325,2300,2315,1007,0.0
2017-06-19,2290,2340,2290,2325,2124,0.004319654427645814
2017-06-20,2320,2330,2300,2330,1793,0.0021505376344086446
2017-06-21,2330,2335,2280,2320,3616,-0.0042918454935622075
2017-06-22,2295,2335,2295,2330,4112,0.004310344827586299
2017-06-23,2320,2335,2315,2320,2449,-0.0042918454935622075
2017-06-26,2325,2340,2320,2335,3164,0.006465517241379226
2017-06-27,2315,2340,2300,2335,2426,0.0
2017-06-28,2340,2365,2310,2355,1070,0.008565310492505418
2017-06-29,2345,2365,2320,2360,1158,0.002123142250530785
2017-06-30,2355,2430,2350,2395,1710,0.014830508474576343
2017-07-03,2395,2430,2385,2395,1890,0.0
2017-07-04,2390,2405,2365,2370,3584,-0.01043841336116913
2017-07-05,2365,2380,2350,2380,1066,0.00421940928270037
2017-07-06,2370,2370,2340,2345,961,-0.014705882352941124
2017-07-07,2345,2375,2335,2375,1268,0.01279317697228155
2017-07-10,2370,2370,2345,2360,1582,-0.0063157894736841635
2017-07-11,2345,2375,2345,2375,373,0.006355932203389925
2017-07-12,2395,2395,2350,2350,1152,-0.010526315789473717
2017-07-13,2350,2360,2335,2355,3126,0.0021276595744681437
2017-07-14,2360,2360,2335,2340,1520,-0.006369426751592355
2017-07-17,2340,2415,2340,2400,4149,0.02564102564102555
2017-07-18,2400,2400,2365,2400,1917,0.0
2017-07-19,2380,2390,2375,2390,518,-0.004166666666666652
2017-07-20,2400,2400,2375,2400,1039,0.004184100418409997
2017-07-21,2420,2425,2385,2425,1517,0.01041666666666674
2017-07-24,2425,2425,2400,2425,1201,0.0
2017-07-25,2395,2425,2395,2415,685,-0.004123711340206171
2017-07-26,2415,2430,2390,2430,1554,0.006211180124223503
2017-07-27,2430,2440,2415,2440,3837,0.004115226337448652
2017-07-28,2400,2420,2385,2420,625,-0.008196721311475419
2017-07-31,2380,2420,2380,2400,775,-0.008264462809917328
2017-08-01,2420,2430,2390,2425,1769,0.01041666666666674
2017-08-02,2425,2435,2410,2425,315,0.0
2017-08-03,2380,2425,2350,2415,2138,-0.004123711340206171
2017-08-04,2415,2420,2400,2420,700,0.0020703933747412417
2017-08-07,2390,2415,2390,2415,712,-0.0020661157024793875
2017-08-08,2415,2415,2390,2415,888,0.0
2017-08-09,2400,2400,2360,2400,1076,-0.006211180124223614
2017-08-10,2380,2380,2280,2300,15359,-0.04166666666666663
2017-08-11,2290,2300,2250,2295,3194,-0.0021739130434782483
2017-08-14,2285,2345,2270,2345,1737,0.02178649237472774
2017-08-16,2320,2345,2290,2345,1242,0.0
2017-08-17,2315,2325,2300,2320,1285,-0.010660980810234588
2017-08-18,2305,2320,2290,2315,455,-0.0021551724137931494
2017-08-21,2335,2335,2305,2315,107,0.0
2017-08-22,2315,2330,2285,2330,427,0.00647948164146861
2017-08-23,2270,2305,2265,2265,955,-0.027896995708154515
2017-08-24,2265,2280,2255,2255,629,-0.004415011037527616
2017-08-25,2250,2265,2225,2230,1208,-0.011086474501108667
2017-08-28,2250,2250,2230,2240,341,0.004484304932735439
2017-08-29,2240,2240,2215,2220,351,-0.008928571428571397
2017-08-30,2230,2230,2140,2220,2114,0.0
2017-08-31,2190,2270,2190,2270,1267,0.022522522522522515
2017-09-01,2245,2250,2225,2230,554,-0.017621145374449365
2017-09-04,2225,2225,2200,2225,652,-0.0022421524663677195
2017-09-05,2225,2245,2170,2230,875,0.0022471910112360494
2017-09-06,2210,2210,2175,2205,454,-0.011210762331838597
2017-09-07,2200,2235,2180,2235,1805,0.013605442176870763
2017-09-08,2230,2230,2185,2190,372,-0.020134228187919434
2017-09-11,2170,2210,2170,2210,353,0.009132420091324311
2017-09-12,2190,2200,2180,2180,315,-0.013574660633484115
2017-09-13,2180,2190,2165,2180,952,0.0
2017-09-14,2180,2180,2155,2175,246,-0.002293577981651418
2017-09-15,2175,2180,2150,2175,388,0.0
2017-09-18,2140,2175,2130,2175,989,0.0
2017-09-19,2140,2205,2140,2205,1614,0.01379310344827589
2017-09-20,2205,2205,2160,2170,88,-0.015873015873015928
2017-09-21,2180,2215,2175,2200,88,0.01382488479262678
2017-09-22,2200,2200,2110,2130,346,-0.03181818181818186
2017-09-25,2130,2130,2110,2120,314,-0.0046948356807511304
2017-09-26,2115,2145,2100,2145,794,0.011792452830188704
2017-09-27,2130,2170,2130,2170,496,0.011655011655011593
2017-09-28,2140,2170,2140,2165,114,-0.0023041474654378336
2017-09-29,2170,2170,2135,2170,61,0.002309468822170979
2017-10-10,2145,2170,2140,2170,158,0.0
2017-10-11,2130,2140,2125,2130,4415,-0.018433179723502335
2017-10-12,2135,2145,2130,2130,6190,0.0
2017-10-13,2115,2135,2075,2100,1506,-0.014084507042253502
2017-10-16,2090,2090,2035,2045,7173,-0.02619047619047621
2017-10-17,2060,2245,2055,2090,9257,0.022004889975550057
2017-10-18,2125,2125,2050,2090,1459,0.0
2017-10-19,2070,2105,2070,2105,649,0.0071770334928229484
2017-10-20,2100,2135,2090,2110,1112,0.002375296912114022
2017-10-23,2110,2125,2110,2110,422,0.0
2017-10-24,2090,2125,2080,2100,44,-0.004739336492891044
2017-10-25,2115,2130,2080,2095,181,-0.0023809523809523725
2017-10-26,2115,2115,2065,2070,420,-0.011933174224343701
2017-10-27,2080,2100,2050,2060,1333,-0.004830917874396157
2017-10-30,2055,2070,2044,2065,1503,0.0024271844660195274
2017-10-31,2070,2070,2050,2055,1460,-0.004842615012106588
2017-11-01,2065,2120,2060,2115,3534,0.029197080291970767
2017-11-02,2120,2120,2095,2115,152,0.0
2017-11-03,2090,2110,2090,2110,60,-0.0023640661938534313
2017-11-06,2110,2525,2085,2180,47049,0.033175355450236976
2017-11-07,2175,2215,2175,2195,2833,0.006880733944954143
2017-11-08,2205,2230,2180,2210,5930,0.006833712984054774
2017-11-09,2225,2225,2185,2210,3430,0.0
2017-11-10,2210,2215,2190,2205,1117,-0.002262443438914019
2017-11-13,2205,2225,2195,2200,305,-0.0022675736961451642
2017-11-14,2180,2205,2170,2205,797,0.002272727272727204
2017-11-15,2200,2205,2180,2205,1820,0.0
2017-11-16,2205,2250,2160,2200,6700,-0.0022675736961451642
2017-11-17,2190,2195,2150,2185,3839,-0.006818181818181834
2017-11-20,2165,2195,2165,2195,993,0.004576659038901587
2017-11-21,2200,2200,2180,2200,318,0.002277904328018332
2017-11-22,2190,2215,2190,2210,1514,0.00454545454545463
2017-11-23,2200,2225,2200,2225,2161,0.006787330316742057
2017-11-24,2200,2225,2200,2225,705,0.0
2017-11-27,2225,2290,2200,2250,2197,0.011235955056179803
2017-11-28,2250,2275,2240,2250,7819,0.0
2017-11-29,2270,2270,2245,2250,1448,0.0
2017-11-30,2265,2265,2230,2255,1037,0.0022222222222221255
2017-12-01,2255,2265,2240,2260,362,0.0022172949002217113
2017-12-04,2260,2280,2245,2260,1166,0.0
2017-12-05,2260,2280,2250,2265,3346,0.0022123893805310324
2017-12-06,2265,2265,2230,2260,1323,-0.002207505518763808
2017-12-07,2255,2260,2235,2255,2400,-0.0022123893805309214
2017-12-08,2265,2270,2255,2260,2080,0.0022172949002217113
2017-12-11,2260,2260,2230,2250,465,-0.004424778761061954
2017-12-12,2240,2240,2215,2240,1158,-0.004444444444444473
2017-12-13,2240,2250,2210,2240,562,0.0
2017-12-14,2240,2250,2205,2215,1463,-0.011160714285714302
2017-12-15,2215,2225,2210,2225,713,0.004514672686230181
2017-12-18,2225,2250,2190,2235,3591,0.004494382022471877
2017-12-19,2215,2215,2190,2200,5456,-0.015659955257270708
2017-12-20,2195,2215,2175,2180,1454,-0.009090909090909038
2017-12-21,2215,2215,2150,2160,1163,-0.00917431192660545
2017-12-22,2150,2180,2130,2150,2388,-0.00462962962962965
2017-12-26,2150,2150,2120,2130,2062,-0.009302325581395321
2017-12-27,2175,2175,2120,2140,5997,0.0046948356807512415
2017-12-28,2135,2170,2115,2170,1377,0.014018691588784993
2018-01-02,2170,2200,2130,2170,2503,0.0
2018-01-03,2165,2165,2125,2125,12061,-0.020737327188940058
2018-01-04,2130,2130,2100,2130,5030,0.0023529411764706687
2018-01-05,2125,2125,2105,2115,2223,-0.007042253521126751
2018-01-08,2115,2125,2100,2125,1856,0.004728132387706863
2018-01-09,2110,2140,2100,2135,1416,0.004705882352941115
2018-01-10,2130,2135,2105,2130,1093,-0.0023419203747072626
2018-01-11,2115,2150,2110,2125,868,-0.0023474178403756207
2018-01-12,2125,2130,2105,2130,1449,0.0023529411764706687
2018-01-15,2130,2145,2115,2135,3175,0.0023474178403755097
2018-01-16,2135,2150,2130,2145,1593,0.004683840749414525
2018-01-17,2155,2155,2135,2145,2863,0.0
2018-01-18,2130,2150,2130,2135,1963,-0.004662004662004615
2018-01-19,2150,2170,2140,2160,1543,0.011709601873536313
2018-01-22,2165,2180,2130,2165,2629,0.0023148148148148806
2018-01-23,2165,2180,2155,2170,1619,0.002309468822170979
2018-01-24,2170,2190,2170,2185,1576,0.00691244239631339
2018-01-25,2190,2195,2170,2180,4039,-0.0022883295194507935
2018-01-26,2190,2225,2180,2200,1471,0.00917431192660545
2018-01-29,2205,2375,2205,2370,25834,0.07727272727272738
2018-01-30,2550,3080,2375,2420,272135,0.021097046413502074
2018-01-31,2425,2465,2315,2340,32121,-0.03305785123966942
2018-02-01,2365,2580,2345,2425,30930,0.03632478632478642
2018-02-02,2425,2440,2380,2435,11840,0.004123711340206171
2018-02-05,2400,2410,2350,2355,9947,-0.03285420944558526
2018-02-06,2295,2395,2285,2340,13426,-0.006369426751592355
2018-02-07,2375,2440,2345,2375,9575,0.014957264957264904
2018-02-08,2350,2350,2250,2300,19862,-0.03157894736842104
2018-02-09,2285,2285,2240,2245,6707,-0.023913043478260843
2018-02-12,2250,2275,2185,2220,4379,-0.011135857461024523
2018-02-13,2225,2240,2165,2170,6788,-0.022522522522522515
2018-02-14,2190,2205,2155,2190,2656,0.009216589861751112
2018-02-19,2200,2215,2180,2215,2641,0.011415525114155223
2018-02-20,2215,2215,2180,2190,3259,-0.011286681715575675
2018-02-21,2205,2205,2160,2190,2787,0.0
2018-02-22,2170,2185,2150,2180,4209,-0.004566210045662156
2018-02-23,2170,2190,2170,2175,2790,-0.002293577981651418
2018-02-26,2180,2195,2165,2185,4830,0.0045977011494253706
2018-02-27,2185,2200,2170,2175,3238,-0.004576659038901587
2018-02-28,2175,2205,2165,2195,3469,0.009195402298850519
2018-03-02,2175,2185,2140,2160,4426,-0.015945330296127547
2018-03-05,2160,2160,2130,2130,2099,-0.01388888888888884
2018-03-06,2135,2160,2115,2150,3277,0.009389671361502261
2018-03-07,2160,2160,2120,2155,868,0.0023255813953488857
2018-03-08,2130,2145,2115,2135,4503,-0.009280742459396807
2018-03-09,2135,2215,2130,2145,3834,0.004683840749414525
2018-03-12,2150,2160,2145,2160,1733,0.006993006993007089
2018-03-13,2160,2165,2140,2140,1474,-0.0092592592592593
2018-03-14,2140,2150,2130,2140,1875,0.0
2018-03-15,2135,2155,2130,2155,2962,0.007009345794392496
2018-03-16,2150,2150,2135,2150,1255,-0.002320185614849146
2018-03-19,2150,2150,2135,2150,1627,0.0
2018-03-20,2150,2155,2135,2150,2807,0.0
2018-03-21,2145,2160,2135,2140,2259,-0.0046511627906976605
2018-03-22,2140,2140,2110,2110,2565,-0.014018691588784993
2018-03-23,2105,2120,2080,2080,1723,-0.014218009478673022
2018-03-26,2075,2100,2070,2080,2690,0.0
2018-03-27,2120,2120,2085,2115,726,0.016826923076923128
2018-03-28,2115,2140,2080,2120,1025,0.0023640661938533203
2018-03-29,2105,2115,2095,2095,397,-0.011792452830188704
2018-03-30,2100,2125,2095,2095,1294,0.0
2018-04-02,2095,2110,2080,2080,2763,-0.007159904534606243
2018-04-03,2075,2080,2035,2070,2792,-0.004807692307692291
2018-04-04,2050,2075,2044,2065,3496,-0.0024154589371980784
2018-04-05,2050,2110,2045,2110,781,0.021791767554479424
2018-04-06,2100,2100,2055,2060,1232,-0.023696682464455
2018-04-09,2045,2065,2014,2015,3215,-0.021844660194174748
2018-04-10,2040,2040,1950,2000,7166,-0.007444168734491274
2018-04-11,1975,2044,1975,2045,4727,0.022499999999999964
2018-04-12,2005,2040,2005,2040,1648,-0.0024449877750610804
2018-04-13,2040,2040,2010,2025,926,-0.007352941176470562
2018-04-16,2024,2024,2010,2025,147,0.0
2018-04-17,2025,2025,2010,2020,1153,-0.0024691358024691024
2018-04-18,2014,2040,2010,2035,1464,0.007425742574257432
2018-04-19,2065,2065,2000,2030,6352,-0.002457002457002422
2018-04-20,2035,2060,2035,2060,1289,0.014778325123152802
2018-04-23,2055,2250,2040,2180,37391,0.058252427184465994
2018-04-24,2195,2635,2095,2115,216381,-0.029816513761467878
2018-04-25,2130,2130,2080,2110,14949,-0.0023640661938534313
2018-04-26,2095,2115,2090,2095,4310,-0.007109004739336511
2018-04-27,2095,2130,2070,2110,11897,0.007159904534606243
2018-04-30,2130,2200,2085,2135,11121,0.011848341232227444
2018-05-02,2165,2205,2140,2200,12356,0.030444964871194413
2018-05-03,2200,2200,2155,2155,9694,-0.020454545454545503
2018-05-04,2160,2205,2160,2195,10841,0.018561484918793614
2018-05-08,2200,2220,2125,2180,13218,-0.006833712984054663
2018-05-09,2170,2170,2105,2115,16722,-0.029816513761467878
2018-05-10,2115,2190,2115,2175,19198,0.028368794326241176
2018-05-11,2180,2185,2140,2180,7867,0.0022988505747125743
2018-05-14,2195,2240,2180,2215,10929,0.016055045871559592
2018-05-15,2220,2350,2220,2310,23309,0.04288939051918739
2018-05-16,2250,2300,2235,2255,26015,-0.023809523809523836
2018-05-17,2255,2285,2210,2250,6842,-0.0022172949002217113
2018-05-18,2275,2300,2255,2285,4044,0.015555555555555545
2018-05-21,2300,2300,2270,2275,6688,-0.004376367614879695
2018-05-23,2265,2285,2255,2270,8433,-0.00219780219780219
2018-05-24,2255,2260,2225,2245,8698,-0.011013215859030812
2018-05-25,2215,2245,2165,2230,10783,-0.006681514476614692
2018-05-28,2250,2300,2190,2240,12363,0.004484304932735439
2018-05-29,2220,2265,2220,2240,5445,0.0
2018-05-30,2235,2250,2200,2205,10287,-0.015625
2018-05-31,2210,2400,2205,2380,47187,0.0793650793650793
2018-06-01,2590,2950,2330,2385,223134,0.0021008403361344463
2018-06-04,2375,2385,2280,2310,35898,-0.03144654088050314
2018-06-05,2300,2335,2260,2295,15626,-0.00649350649350644
2018-06-07,2295,2450,2270,2435,21854,0.061002178649237404
2018-06-08,2470,2535,2350,2370,35040,-0.026694045174537995
2018-06-11,2360,2420,2345,2370,9839,0.0
2018-06-12,2370,2425,2340,2375,9797,0.0021097046413502962
2018-06-14,2355,2395,2290,2305,16606,-0.02947368421052632
2018-06-15,2300,2340,2285,2335,8162,0.013015184381778733
2018-06-18,2335,2345,2285,2340,10852,0.0021413276231263545
2018-06-19,2345,2480,2285,2400,17930,0.02564102564102555
2018-06-20,2380,2450,2315,2340,14197,-0.025000000000000022
2018-06-21,2315,2345,2210,2345,10528,0.002136752136752129
2018-06-22,2335,2425,2245,2245,13222,-0.04264392324093813
2018-06-25,2225,2275,2210,2255,3374,0.00445434298440972
2018-06-26,2245,2270,2200,2270,3371,0.006651884700665134
2018-06-27,2270,2300,2250,2270,1968,0.0
2018-06-28,2240,2270,2180,2180,7789,-0.03964757709251099
2018-06-29,2180,2230,2140,2220,3387,0.0183486238532109
2018-07-02,2220,2250,2085,2100,11902,-0.05405405405405406
2018-07-03,2085,2110,2024,2065,7460,-0.01666666666666672
2018-07-04,2035,2070,2035,2070,1774,0.002421307506053294
2018-07-05,2070,2100,2035,2100,6744,0.01449275362318847
2018-07-06,2105,2175,2070,2175,5316,0.03571428571428581
2018-07-09,2145,2160,2095,2140,3870,-0.016091954022988464
2018-07-10,2140,2250,2095,2240,8098,0.04672897196261672
2018-07-11,2160,2170,2110,2125,8732,-0.0513392857142857
2018-07-12,2125,2150,2100,2125,3610,0.0
2018-07-13,2125,2130,2110,2120,1339,-0.0023529411764705577
2018-07-16,2120,2120,2075,2110,4473,-0.004716981132075526
2018-07-17,2105,2105,2080,2090,2709,-0.009478672985781977
2018-07-18,2090,2120,2070,2080,4920,-0.004784688995215336
2018-07-19,2095,2100,2060,2090,1667,0.004807692307692291
2018-07-20,2085,2095,2055,2080,1212,-0.004784688995215336
2018-07-23,2050,2060,2010,2040,6103,-0.019230769230769273
2018-07-24,2040,2055,2020,2030,1339,-0.004901960784313708
2018-07-25,2020,2020,1985,2015,5053,-0.007389162561576401
2018-07-26,2015,2020,2000,2010,950,-0.002481389578163795
2018-07-27,2030,2050,2015,2045,502,0.017412935323383172
2018-07-30,2020,2055,1980,2025,4518,-0.009779951100244544
2018-07-31,2024,2125,2020,2045,1639,0.009876543209876631
2018-08-01,2044,2070,2044,2065,648,0.009779951100244544
2018-08-02,2065,2080,2050,2070,578,0.002421307506053294
2018-08-03,2070,2085,2040,2040,3057,-0.01449275362318836
2018-08-06,2040,2070,2040,2055,1774,0.007352941176470562
2018-08-07,2050,2100,2040,2100,1704,0.021897810218978186
2018-08-08,2100,2100,2055,2060,2393,-0.01904761904761909
2018-08-09,2075,2085,2060,2070,277,0.004854368932038833
2018-08-10,2065,2090,2050,2075,969,0.0024154589371980784
2018-08-13,2075,2075,2020,2030,1967,-0.02168674698795181
2018-08-14,2030,2045,2005,2035,3438,0.0024630541871921707
2018-08-16,2050,2050,2010,2025,1244,-0.004914004914004955
2018-08-17,2055,2055,2020,2030,3882,0.0024691358024691024
2018-08-20,2034,2040,2025,2035,8104,0.0024630541871921707
2018-08-21,2060,2090,2040,2085,1680,0.024570024570024662
2018-08-22,2085,2115,2070,2115,2793,0.014388489208633004
2018-08-23,2125,2125,2085,2090,585,-0.011820330969267157
2018-08-24,2065,2095,2065,2090,501,0.0
2018-08-27,2090,2090,2060,2070,1413,-0.009569377990430672
2018-08-28,2070,2080,2055,2060,1833,-0.004830917874396157
2018-08-29,2100,2100,2055,2095,1625,0.016990291262136026
2018-08-30,2095,2095,2055,2080,1354,-0.007159904534606243
2018-08-31,2080,2085,2070,2080,339,0.0
2018-09-03,2055,2080,2044,2065,1319,-0.007211538461538436
2018-09-04,2055,2055,2020,2035,11134,-0.014527845036319653
2018-09-05,2040,2040,2025,2030,1394,-0.002457002457002422
2018-09-06,2035,2050,2015,2040,2900,0.0049261083743843415
2018-09-07,2050,2050,2015,2020,2481,-0.009803921568627416
2018-09-10,2050,2050,2014,2015,1884,-0.0024752475247524774
2018-09-11,2035,2035,2004,2025,2352,0.00496277915632759
2018-09-12,2020,2040,2015,2040,5110,0.007407407407407307
2018-09-13,2020,2044,2020,2025,1243,-0.007352941176470562
2018-09-14,2040,2345,2035,2200,61143,0.08641975308641969
2018-09-17,2195,2250,2170,2205,14658,0.002272727272727204
2018-09-18,2205,2275,2180,2205,9912,0.0
2018-09-19,2205,2290,2195,2275,5760,0.031746031746031855
2018-09-20,2275,2290,2170,2265,5947,-0.00439560439560438
2018-09-21,2260,2260,2170,2205,7928,-0.026490066225165587
2018-09-27,2205,2220,2145,2200,4515,-0.0022675736961451642
2018-09-28,2200,2230,2175,2205,1626,0.002272727272727204
2018-10-01,2205,2210,2165,2185,4178,-0.009070294784580546
2018-10-02,2160,2205,2130,2145,3562,-0.01830663615560646
2018-10-04,2145,2215,2135,2165,4943,0.00932400932400923
2018-10-05,2165,2190,2115,2155,964,-0.004618937644341847
2018-10-08,2125,2185,2125,2160,1773,0.002320185614849146
2018-10-10,2130,2245,2110,2150,2789,-0.00462962962962965
2018-10-11,2085,2150,2024,2065,4214,-0.03953488372093028
2018-10-12,2020,2160,2015,2070,1410,0.002421307506053294
2018-10-15,2075,2125,2045,2075,1250,0.0024154589371980784
2018-10-16,2075,2085,2030,2070,1720,-0.002409638554216831
2018-10-17,2080,2145,2055,2090,1098,0.009661835748792313
2018-10-18,2080,2080,2050,2080,654,-0.004784688995215336
2018-10-19,2070,2070,2035,2050,1128,-0.014423076923076872
2018-10-22,2095,2095,2014,2055,3910,0.0024390243902439046
2018-10-23,2055,2080,2020,2020,2787,-0.01703163017031628
2018-10-24,2060,2060,1995,2030,1224,0.004950495049504955
2018-10-25,1990,2024,1970,2005,1567,-0.012315270935960632
2018-10-26,2025,2025,1945,1980,3880,-0.012468827930174564
2018-10-29,1930,2010,1890,1890,2081,-0.045454545454545414
2018-10-30,1770,1880,1755,1815,4238,-0.03968253968253965
2018-10-31,1805,1870,1730,1820,1758,0.0027548209366390353
2018-11-01,1820,1864,1765,1845,2614,0.013736263736263687
2018-11-02,1845,1900,1830,1900,775,0.02981029810298108
2018-11-05,1904,1915,1880,1885,3087,-0.007894736842105288
2018-11-06,1905,1990,1875,1910,625,0.013262599469495928
2018-11-07,1875,1915,1875,1880,746,-0.015706806282722474
2018-11-08,1880,1970,1860,1920,591,0.02127659574468077
2018-11-09,1985,1985,1890,1920,795,0.0
2018-11-12,1940,1940,1830,1910,277,-0.00520833333333337
2018-11-13,1875,1925,1875,1910,451,0.0
2018-11-14,1894,1910,1880,1895,793,-0.007853403141361293
2018-11-15,1875,1885,1815,1880,465,-0.0079155672823219
2018-11-16,1880,1890,1864,1885,873,0.0026595744680850686
2018-11-19,1865,1890,1820,1890,507,0.0026525198938991412
2018-11-20,1890,1890,1844,1885,578,-0.002645502645502673
2018-11-21,1860,1870,1830,1865,291,-0.010610079575596787
2018-11-22,1855,1865,1805,1850,2027,-0.008042895442359255
2018-11-23,1815,1840,1815,1840,137,-0.00540540540540535
2018-11-26,1805,1834,1805,1835,1465,-0.0027173913043477826
2018-11-27,1820,1840,1810,1840,1588,0.0027247956403269047
2018-11-28,1835,1845,1810,1840,1329,0.0
2018-11-29,1840,1860,1840,1850,188,0.005434782608695565
2018-11-30,1815,1855,1800,1810,1002,-0.021621621621621623
2018-12-03,1810,1845,1810,1820,2185,0.005524861878453136
2018-12-04,1835,1860,1815,1830,1134,0.005494505494505475
2018-12-05,1834,1834,1810,1835,352,0.002732240437158362
2018-12-06,1835,1835,1815,1830,487,-0.0027247956403270157
2018-12-07,1805,1834,1805,1835,536,0.002732240437158362
2018-12-10,1834,1850,1810,1835,1115,0.0
2018-12-11,1840,1850,1805,1820,293,-0.008174386920980936
2018-12-12,1820,1825,1810,1825,183,0.0027472527472527375
2018-12-13,1810,1825,1805,1825,53,0.0
2018-12-14,1820,1965,1820,1835,3668,0.005479452054794498
2018-12-17,1854,1874,1830,1855,2217,0.01089918256130784
2018-12-18,1854,1874,1840,1855,486,0.0
2018-12-19,1845,1860,1840,1855,22546,0.0
2018-12-20,1855,1855,1840,1850,91,-0.0026954177897574594
2018-12-21,1840,1890,1830,1835,598,-0.008108108108108136
2018-12-24,1825,1835,1800,1825,1357,-0.00544959128065392
2018-12-26,1840,1840,1820,1830,350,0.00273972602739736
2018-12-27,1825,1834,1820,1835,125,0.002732240437158362
2018-12-28,1835,1835,1800,1820,1890,-0.008174386920980936
2019-01-02,1800,1815,1800,1805,357,-0.008241758241758212
2019-01-03,1800,1820,1790,1815,2327,0.005540166204986097
2019-01-04,1805,1834,1780,1835,1826,0.011019283746556363
2019-01-07,1835,1965,1835,1920,5756,0.04632152588555849
2019-01-08,1970,1970,1850,1860,1800,-0.03125
2019-01-09,1875,1880,1855,1880,1313,0.010752688172043001
2019-01-10,1880,1925,1860,1870,1174,-0.005319148936170248
2019-01-11,1860,1960,1860,1890,2095,0.010695187165775444
2019-01-14,1864,1900,1844,1845,1854,-0.023809523809523836
2019-01-15,1845,1874,1840,1855,506,0.005420054200542035
2019-01-16,1865,1890,1830,1855,1033,0.0
2019-01-17,1855,1900,1850,1885,1463,0.016172506738544534
2019-01-18,1870,2030,1855,1990,21217,0.0557029177718833
2019-01-21,2005,2040,1945,2010,1467,0.01005025125628145
2019-01-22,1994,2040,1985,2015,515,0.0024875621890547706
2019-01-23,2000,2010,1970,1990,983,-0.012406947890818865
2019-01-24,1980,2005,1970,1990,866,0.0
2019-01-25,1985,1990,1970,1990,474,0.0
2019-01-28,1980,2030,1964,1985,571,-0.002512562814070307
2019-01-29,1965,2030,1950,1950,1339,-0.017632241813602012
2019-01-30,1945,2000,1945,1990,273,0.02051282051282044
2019-01-31,1980,2030,1965,1980,2922,-0.005025125628140725
2019-02-01,1980,1994,1914,1955,3196,-0.012626262626262652
2019-02-07,1940,1955,1905,1910,2736,-0.023017902813299185
2019-02-08,1910,1950,1890,1945,3466,0.018324607329842868
2019-02-11,2190,2500,2065,2070,290841,0.06426735218509005
2019-02-12,2065,2080,2020,2025,25592,-0.021739130434782594
2019-02-13,2030,2120,2015,2080,16125,0.02716049382716057
2019-02-14,2080,2130,2044,2105,6261,0.012019230769230838
2019-02-15,2120,2140,2055,2120,6319,0.0071258907363420665
2019-02-18,2120,2160,2105,2160,5127,0.018867924528301883
2019-02-19,2160,2170,2130,2155,6098,-0.0023148148148147696
2019-02-20,2130,2195,2115,2115,9929,-0.018561484918793503
2019-02-21,2130,2135,2105,2130,2421,0.007092198581560183
2019-02-22,2115,2150,2115,2140,1288,0.0046948356807512415
2019-02-25,2125,2160,2125,2140,1865,0.0
2019-02-26,2135,2150,2130,2140,1316,0.0
2019-02-27,2140,2160,2130,2160,3308,0.009345794392523255
2019-02-28,2150,2165,2130,2135,5816,-0.01157407407407407
2019-03-04,2150,2160,2130,2155,5164,0.00936768149882905
2019-03-05,2140,2160,2120,2140,2912,-0.00696055684454755
2019-03-06,2140,2175,2130,2160,2718,0.009345794392523255
2019-03-07,2150,2165,2120,2165,3234,0.0023148148148148806
2019-03-08,2130,2160,2130,2145,3044,-0.009237875288683584
2019-03-11,2150,2155,2120,2155,2525,0.004662004662004726
2019-03-12,2150,2180,2140,2165,2684,0.004640371229698292
2019-03-13,2165,2190,2155,2190,2163,0.011547344110854452
2019-03-14,2180,2195,2155,2190,2608,0.0
2019-03-15,2180,2180,2150,2175,3089,-0.006849315068493178
2019-03-18,2175,2230,2160,2220,2253,0.020689655172413834
2019-03-19,2220,2225,2170,2205,3584,-0.006756756756756799
2019-03-20,2200,2200,2170,2190,1433,-0.006802721088435382
2019-03-21,2170,2205,2160,2190,2440,0.0
2019-03-22,2200,2200,2170,2190,335,0.0
2019-03-25,2150,2175,2140,2165,2958,-0.011415525114155223
2019-03-26,2160,2215,2155,2195,2347,0.01385681293302543
2019-03-27,2165,2200,2160,2190,851,-0.002277904328018221
2019-03-28,2195,2240,2160,2190,1727,0.0
2019-03-29,2150,2185,2140,2170,2326,-0.0091324200913242
2019-04-01,2170,2215,2165,2195,1383,0.011520737327188835
2019-04-02,2175,2230,2175,2225,1808,0.013667425968109326
2019-04-03,2230,2265,2215,2235,2107,0.004494382022471877
2019-04-04,2215,2285,2215,2275,2978,0.017897091722595126
2019-04-05,2270,2295,2250,2280,1284,0.00219780219780219
2019-04-08,2280,2285,2245,2285,1208,0.002192982456140413
2019-04-09,2265,2275,2235,2250,1142,-0.015317286652078765
2019-04-10,2215,2435,2215,2430,43774,0.08000000000000007
2019-04-11,2525,2865,2290,2310,341323,-0.04938271604938271
2019-04-12,2320,2320,2245,2250,28350,-0.025974025974025983
2019-04-15,2250,2275,2230,2240,8184,-0.004444444444444473
2019-04-16,2225,2265,2220,2250,11675,0.0044642857142858094
2019-04-17,2240,2365,2240,2270,23003,0.008888888888888946
2019-04-18,2270,2300,2230,2250,8547,-0.008810572687224627
2019-04-19,2250,2270,2220,2265,7624,0.006666666666666599
2019-04-22,2250,2290,2240,2250,7788,-0.0066225165562914245
2019-04-23,2245,2295,2235,2250,17822,0.0
2019-04-24,0,0,0,2250,0,0.0
2019-04-25,0,0,0,2250,0,0.0
2019-04-26,0,0,0,2250,0,0.0
2019-04-29,0,0,0,2250,0,0.0
2019-04-30,0,0,0,2250,0,0.0
2019-05-02,0,0,0,2250,0,0.0
2019-05-03,0,0,0,2250,0,0.0
2019-05-07,0,0,0,2250,0,0.0
2019-05-08,0,0,0,2250,0,0.0
2019-05-09,0,0,0,2250,0,0.0
2019-05-10,0,0,0,2250,0,0.0
2019-05-13,0,0,0,2250,0,0.0
2019-05-14,0,0,0,2250,0,0.0
2019-05-15,2060,2220,2000,2020,702931,-0.10222222222222221
2019-05-16,2040,2055,1970,2040,148021,0.00990099009900991
2019-05-17,2040,2085,2015,2030,64374,-0.004901960784313708
2019-05-20,2015,2100,1985,2015,125344,-0.007389162561576401
2019-05-21,2005,2050,1995,2030,53911,0.007444168734491274
2019-05-22,2035,2045,2000,2030,49595,0.0
2019-05-23,2030,2035,1985,2010,45376,-0.009852216748768461
2019-05-24,2000,2575,1985,2490,8943485,0.23880597014925375
2019-05-27,2490,2795,2370,2520,5181229,0.012048192771084265
2019-05-28,2470,2590,2390,2470,1375046,-0.019841269841269882
2019-05-29,2435,2505,2325,2475,799462,0.002024291497975783
2019-05-30,2455,2470,2330,2330,322791,-0.05858585858585863
2019-05-31,2290,2390,2275,2310,329559,-0.008583690987124415
2019-06-03,2300,2330,2240,2280,242553,-0.012987012987012991
2019-06-04,2320,2360,2265,2275,236812,-0.002192982456140302
2019-06-05,2330,2380,2280,2300,108312,0.01098901098901095
2019-06-07,2295,2490,2295,2380,728837,0.034782608695652195
2019-06-10,2365,2525,2360,2490,339638,0.04621848739495804
2019-06-11,2480,2575,2435,2570,394449,0.032128514056224855
2019-06-12,2700,3210,2555,2580,11834079,0.0038910505836575737
2019-06-13,2540,2585,2475,2550,1019012,-0.011627906976744207
2019-06-14,2550,2950,2490,2710,7045024,0.06274509803921569
2019-06-17,2670,2855,2650,2670,2238658,-0.014760147601476037
2019-06-18,2705,2730,2510,2540,869183,-0.048689138576779034
2019-06-19,2535,2800,2530,2725,2439377,0.07283464566929143
2019-06-20,2710,2775,2665,2760,839225,0.012844036697247763
2019-06-21,2755,2805,2705,2750,677744,-0.0036231884057971175
2019-06-24,2750,2930,2730,2850,1781618,0.036363636363636376
2019-06-25,2840,2905,2680,2735,841367,-0.04035087719298247
2019-06-26,2840,3120,2650,2785,5112204,0.018281535648994485
2019-06-27,3150,3620,2915,3620,22702375,0.29982046678635554
2019-06-28,3510,3550,3035,3120,12492038,-0.13812154696132595
2019-07-01,3030,3055,2890,2980,3124521,-0.04487179487179482
2019-07-02,3040,3325,2980,3100,12565514,0.04026845637583887
2019-07-03,3050,3235,3045,3150,2930305,0.016129032258064502
2019-07-04,3165,3185,3030,3095,1329643,-0.01746031746031751
2019-07-05,3120,3305,3050,3275,3582458,0.05815831987075937
2019-07-08,3300,3410,3230,3275,3473713,0.0
2019-07-09,3435,4130,3170,3720,26324632,0.13587786259541978
2019-07-10,3605,4080,3500,3750,20229539,0.008064516129032251
2019-07-11,3690,3960,3455,3600,7211792,-0.040000000000000036
2019-07-12,3610,3760,3510,3605,3829560,0.001388888888888884
2019-07-15,3610,3700,3480,3495,2089640,-0.030513176144244092
2019-07-16,3535,4210,3530,3670,23973226,0.05007153075822601
2019-07-17,3730,3885,3545,3720,5231828,0.013623978201634968
2019-07-18,3720,3825,3500,3500,2710737,-0.05913978494623651
2019-07-19,3425,3540,3290,3330,2666602,-0.0485714285714286
2019-07-22,3320,3430,3290,3370,1540009,0.012012012012011963
2019-07-23,3310,3330,3070,3110,2114555,-0.0771513353115727
2019-07-24,3100,3625,3100,3405,11615793,0.094855305466238
2019-07-25,3530,3640,3225,3500,5067212,0.027900146842878115
2019-07-26,3590,4050,3545,3610,19212509,0.03142857142857136
2019-07-29,3565,3920,3560,3800,9365220,0.05263157894736836
2019-07-30,3750,3920,3620,3830,6464615,0.007894736842105177
2019-07-31,3845,4025,3565,3565,7760079,-0.06919060052219317
2019-08-01,3505,3740,3330,3425,3743988,-0.03927068723702665
2019-08-02,3420,3570,3270,3520,3292628,0.027737226277372296
2019-08-05,3595,3885,3460,3635,5239120,0.032670454545454586
2019-08-06,3525,3585,3010,3010,3096198,-0.17193947730398895
2019-08-07,3105,3910,3105,3910,11566543,0.2990033222591362
2019-08-08,3855,4365,3705,3990,21450262,0.020460358056265893
2019-08-09,4050,4270,3760,3860,11632240,-0.03258145363408527
2019-08-12,3825,4005,3715,3900,5887729,0.010362694300518172
2019-08-13,3825,3965,3805,3890,3098218,-0.002564102564102555
2019-08-14,3880,3925,3765,3765,1925172,-0.03213367609254503
2019-08-16,3680,3835,3335,3435,2984407,-0.08764940239043828
2019-08-19,3395,3440,3140,3175,3594270,-0.07569141193595341
2019-08-20,3220,3310,3085,3140,2758359,-0.011023622047244053
2019-08-21,3080,3230,3045,3180,2534291,0.01273885350318471
2019-08-22,3130,3160,2820,2830,3510818,-0.11006289308176098
2019-08-23,2940,3480,2905,3175,15312727,0.12190812720848054
2019-08-26,3095,3400,3095,3235,7897345,0.018897637795275646
2019-08-27,3255,3335,3080,3175,4275090,-0.018547140649149974
2019-08-28,3225,3240,3040,3040,2365874,-0.04251968503937009
2019-08-29,3025,3380,3015,3260,8446926,0.07236842105263164
2019-08-30,3260,3330,3210,3265,3144236,0.0015337423312884457
2019-09-02,3400,4240,3370,4240,25912859,0.29862174578866774
2019-09-03,4540,4960,4275,4455,31850006,0.050707547169811296
2019-09-04,4625,5790,4520,5790,56449612,0.29966329966329974
2019-09-05,5600,7220,5500,5900,68264941,0.01899827288428324
2019-09-06,6140,6360,5490,5540,17857744,-0.06101694915254241
2019-09-09,5410,6960,4855,5060,42012074,-0.08664259927797835
2019-09-10,4955,5320,4145,4210,22057185,-0.1679841897233202
2019-09-11,4210,4400,4030,4240,10136135,0.0071258907363420665
2019-09-16,4425,4680,4220,4340,9341367,0.02358490566037741
2019-09-17,4085,4280,3970,4020,4330061,-0.07373271889400923
2019-09-18,3900,3900,3670,3730,3664226,-0.07213930348258701
2019-09-19,3740,3935,3710,3810,2817316,0.02144772117962468
2019-09-20,3760,3795,3585,3625,2302751,-0.048556430446194176
2019-09-23,3625,3780,3460,3700,2625283,0.020689655172413834
2019-09-24,3685,4075,3590,3815,9233567,0.031081081081081097
2019-09-25,3855,4380,3730,3990,18167856,0.04587155963302747
2019-09-26,4025,4345,3950,4110,7400835,0.03007518796992481
2019-09-27,4080,4145,3785,3900,5912321,-0.051094890510948954
2019-09-30,4330,5070,4150,4870,38980227,0.24871794871794872
2019-10-01,5030,5740,4975,5100,35477173,0.04722792607802884
2019-10-02,5110,5450,4885,5100,12548514,0.0
2019-10-04,4800,5210,4770,5040,6813991,-0.0117647058823529
2019-10-07,4845,4920,4245,4375,7952876,-0.13194444444444442
2019-10-08,4265,4680,4225,4350,10050804,-0.005714285714285672
2019-10-10,4500,5150,4495,4630,22890754,0.06436781609195408
2019-10-11,4930,5190,4535,4535,11046504,-0.02051835853131745
2019-10-14,4700,4850,3175,3175,22432078,-0.2998897464167586
2019-10-15,3310,3370,3080,3180,11009666,0.0015748031496063408
2019-10-16,3160,3230,3105,3120,3222476,-0.018867924528301883
2019-10-17,3120,3220,3100,3110,2565003,-0.0032051282051281937
2019-10-18,3110,3140,2995,3035,2139679,-0.024115755627009627
2019-10-21,3030,3040,2950,3010,1599291,-0.008237232289950547
2019-10-22,3000,3290,2965,3145,7624678,0.04485049833887045
2019-10-23,3130,3240,3120,3200,3443614,0.01748807631160565
2019-10-24,2790,2975,2750,2885,5307458,-0.09843749999999996
2019-10-25,2885,2915,2755,2765,2054106,-0.04159445407279028
2019-10-28,2765,2810,2650,2730,1247291,-0.012658227848101222
2019-10-29,2745,2815,2740,2810,897039,0.0293040293040292
2019-10-30,2790,2800,2720,2735,782141,-0.026690391459074703
2019-10-31,2745,2795,2700,2700,1130590,-0.012797074954296161
2019-11-01,2680,2765,2660,2725,767711,0.0092592592592593
2019-11-04,2735,2775,2715,2740,857746,0.005504587155963359
2019-11-05,2750,3090,2700,2860,9008601,0.04379562043795615
2019-11-06,2855,2955,2810,2865,1824094,0.0017482517482516613
2019-11-07,2840,2875,2820,2825,623489,-0.013961605584642212
2019-11-08,2830,2945,2830,2845,1609688,0.0070796460176991705
2019-11-11,2855,3040,2850,2910,2535887,0.02284710017574687
2019-11-12,2900,2915,2775,2790,1100655,-0.04123711340206182
2019-11-13,2765,2865,2755,2810,716045,0.007168458781362075
2019-11-14,2810,3025,2770,2910,1994368,0.03558718861209975
2019-11-15,2905,2985,2850,2920,976809,0.0034364261168384758
2019-11-18,2905,2990,2890,2890,1030274,-0.010273972602739767
2019-11-19,2880,2920,2820,2845,722825,-0.01557093425605538
2019-11-20,2850,3020,2840,2910,1555327,0.02284710017574687
2019-11-21,2925,3055,2770,2825,2558517,-0.029209621993127155
2019-11-22,2820,2870,2745,2785,725166,-0.01415929203539823
2019-11-25,2785,2965,2785,2930,1227199,0.05206463195691202
2019-11-26,2935,3000,2910,2935,681720,0.0017064846416381396
2019-11-27,2960,3000,2900,2900,724556,-0.011925042589437829
2019-11-28,2900,2930,2850,2895,443184,-0.0017241379310344307
2019-11-29,2895,2970,2825,2825,726484,-0.024179620034542326
2019-12-02,2850,3200,2835,2970,5779379,0.051327433628318486
2019-12-03,2905,2950,2750,2770,1689791,-0.06734006734006737
2019-12-04,2720,2745,2620,2630,906380,-0.05054151624548742
2019-12-05,2630,2760,2605,2640,888872,0.0038022813688212143
2019-12-06,2635,2810,2635,2795,972409,0.058712121212121104
2019-12-09,2765,2895,2755,2810,995400,0.005366726296958779
2019-12-10,2810,3000,2790,2975,2268731,0.0587188612099645
2019-12-11,3050,3175,2790,2795,3206780,-0.060504201680672276
2019-12-12,2795,2860,2790,2820,700131,0.008944543828264706
2019-12-13,2830,2895,2810,2880,603657,0.02127659574468077
2019-12-16,2880,2915,2845,2870,350413,-0.00347222222222221
2019-12-17,2870,2935,2855,2885,398573,0.005226480836237002
2019-12-18,2900,2975,2865,2960,832872,0.025996533795493937
2019-12-19,2955,2975,2910,2935,367354,-0.008445945945945943
2019-12-20,2985,2990,2900,2915,585808,-0.006814310051107331
2019-12-23,2930,2955,2815,2840,493269,-0.02572898799313894
2019-12-24,2845,2910,2840,2855,424346,0.005281690140845008
2019-12-26,2860,2950,2860,2950,1217458,0.03327495621716281
2019-12-27,3110,3250,2815,2815,8904171,-0.045762711864406724
2019-12-30,2815,2860,2740,2760,1281246,-0.019538188277087087
2020-01-02,2780,2910,2760,2840,2163121,0.02898550724637672
2020-01-03,2830,2880,2800,2830,959673,-0.0035211267605633756
2020-01-06,2795,2850,2750,2750,706790,-0.028268551236749095
2020-01-07,2765,2810,2740,2760,531821,0.0036363636363636598
2020-01-08,2760,2760,2500,2570,1025408,-0.0688405797101449
2020-01-09,2675,2740,2655,2700,712360,0.05058365758754868
2020-01-10,2735,2765,2685,2750,557591,0.0185185185185186
2020-01-13,2750,2820,2700,2740,868880,-0.0036363636363636598
2020-01-14,2760,3535,2760,3460,50754690,0.2627737226277371
2020-01-15,3350,3480,3230,3295,12117139,-0.047687861271676346
2020-01-16,3360,3435,3140,3220,7275277,-0.022761760242792084
2020-01-17,3210,3365,3115,3140,8629360,-0.024844720496894457
2020-01-20,3105,3115,3025,3065,1639806,-0.023885350318471388
2020-01-21,3040,3120,2960,2975,1740989,-0.029363784665579096
2020-01-22,2975,3585,2960,3080,35613436,0.03529411764705892
2020-01-23,3040,3320,3010,3160,18631854,0.025974025974025983
2020-01-28,3000,3060,2900,2935,3240466,-0.07120253164556967
2020-01-29,2955,3205,2950,3040,7711645,0.035775127768313375
2020-01-30,3025,3040,2885,2885,2571131,-0.050986842105263164
2020-01-31,2900,3305,2900,2960,17914939,0.025996533795493937
2020-02-03,2880,2920,2750,2845,2761438,-0.038851351351351315
2020-02-04,2875,3045,2865,2915,3934560,0.024604569420035194
2020-02-05,2915,3020,2915,2945,2252809,0.010291595197255532
2020-02-06,2955,3100,2955,3065,3946931,0.04074702886247872
2020-02-07,3055,3115,2985,3035,1808881,-0.009787928221859699
2020-02-10,3005,3105,2980,3010,1676469,-0.008237232289950547
2020-02-11,3025,3080,2965,3000,1423881,-0.0033222591362126463
2020-02-12,2980,3145,2910,2995,3422482,-0.0016666666666667052
2020-02-13,3030,3035,2935,2940,1284125,-0.018363939899833093
2020-02-14,2930,2965,2900,2910,850241,-0.010204081632653073
2020-02-17,2910,3145,2900,2975,5636083,0.022336769759450092
2020-02-18,2960,3065,2920,2925,1638350,-0.01680672268907568
2020-02-19,2930,2965,2810,2880,1128404,-0.01538461538461533
2020-02-20,2880,2885,2750,2790,985684,-0.03125
2020-02-21,2740,2805,2705,2750,713541,-0.014336917562724039
2020-02-24,2700,2700,2550,2565,833563,-0.06727272727272726
2020-02-25,2510,2710,2505,2705,681145,0.05458089668615984
2020-02-26,2645,2715,2615,2650,568100,-0.020332717190388205
2020-02-27,2625,2750,2580,2585,744455,-0.024528301886792447
2020-02-28,2500,2575,2380,2385,854222,-0.07736943907156668
2020-03-02,2385,2490,2380,2460,479558,0.03144654088050314
2020-03-03,2520,2565,2475,2480,420492,0.008130081300812941
2020-03-04,2440,2575,2425,2550,397597,0.02822580645161299
2020-03-05,2580,2585,2535,2575,234666,0.009803921568627416
2020-03-06,2540,2635,2495,2500,427138,-0.029126213592232997
2020-03-09,2480,2480,2335,2365,430614,-0.05400000000000005
2020-03-10,2295,2505,2270,2485,925572,0.05073995771670181
2020-03-11,2510,2620,2280,2325,1104866,-0.06438631790744465
2020-03-12,2285,2285,2030,2070,1353709,-0.10967741935483866
2020-03-13,1800,1900,1565,1735,1651678,-0.16183574879227058
2020-03-16,1745,1900,1700,1700,969711,-0.02017291066282423
2020-03-17,1560,1870,1560,1815,1112733,0.0676470588235294
2020-03-18,1815,1875,1730,1730,586541,-0.04683195592286504
2020-03-19,1760,1835,1460,1465,823539,-0.15317919075144504
2020-03-20,1465,1590,1465,1540,892363,0.05119453924914685
2020-03-23,1450,1520,1390,1475,641407,-0.04220779220779225
2020-03-24,1500,1585,1490,1545,416045,0.047457627118643986
2020-03-25,1605,1680,1600,1655,457464,0.07119741100323629
2020-03-26,1680,1850,1655,1770,672611,0.06948640483383683
2020-03-27,1825,1920,1695,1785,782720,0.008474576271186418
2020-03-30,1745,2070,1715,2020,1331708,0.13165266106442575
2020-03-31,2130,2135,2010,2050,967631,0.014851485148514865
2020-04-01,2060,2150,1965,1985,735910,-0.03170731707317076
2020-04-02,1960,2055,1915,2055,420322,0.035264483627204024
2020-04-03,2105,2130,2030,2075,373272,0.009732360097323589
2020-04-06,2100,2530,2070,2385,5794977,0.14939759036144573
2020-04-07,2450,2455,2275,2350,1385233,-0.014675052410901501
2020-04-08,2340,2375,2255,2320,806660,-0.012765957446808529
2020-04-09,2355,2390,2315,2340,486827,0.008620689655172376
2020-04-10,2355,2355,2170,2310,462065,-0.012820512820512775
2020-04-13,2355,3000,2355,3000,20437559,0.2987012987012987
2020-04-14,2940,3350,2860,3065,30491203,0.021666666666666723
2020-04-16,3075,3210,2830,2855,6124942,-0.06851549755301789
2020-04-17,2815,2940,2700,2940,3658243,0.02977232924693518
2020-04-20,2895,2960,2820,2830,2620426,-0.0374149659863946
2020-04-21,2815,2840,2535,2680,2059787,-0.05300353356890464
2020-04-22,2660,2910,2650,2730,4887682,0.018656716417910557
2020-04-23,2735,2845,2730,2775,1496196,0.016483516483516425
2020-04-24,2850,3240,2745,2850,23688229,0.027027027027026973
2020-04-27,2860,3065,2780,2950,7180393,0.03508771929824572
2020-04-28,2945,3110,2860,2865,4013223,-0.028813559322033888
2020-04-29,2865,2955,2855,2870,1564332,0.0017452006980802626
2020-05-04,2865,3290,2735,3020,12126193,0.05226480836236935
2020-05-06,3010,3190,3005,3130,5740193,0.036423841059602724
2020-05-07,3120,3455,3115,3320,21076496,0.060702875399361034
2020-05-08,3280,4245,3200,3995,48679620,0.20331325301204828
2020-05-11,3915,4015,3590,3600,9128942,-0.09887359198998746
2020-05-12,3580,3910,3560,3625,12032983,0.00694444444444442
2020-05-13,3545,3645,3520,3615,1875658,-0.0027586206896551557
2020-05-14,3690,4050,3600,3625,18590930,0.0027662517289073207
2020-05-15,3625,3715,3550,3635,3708848,0.0027586206896552667
2020-05-18,3620,3705,3590,3590,1537412,-0.012379642365887178
2020-05-19,3595,3680,3580,3610,1346715,0.0055710306406684396
2020-05-20,3625,3800,3620,3740,3143177,0.03601108033241007
2020-05-21,3750,4100,3670,3690,10806478,-0.013368983957219305
2020-05-22,3705,3845,3660,3735,2089770,0.012195121951219523
2020-05-25,3750,3810,3720,3755,1320204,0.0053547523427042165
2020-05-26,3745,3790,3670,3680,1247874,-0.01997336884154466
2020-05-27,3710,3780,3680,3730,1132612,0.013586956521739024
2020-05-28,3735,3890,3595,3630,2554079,-0.02680965147453085
2020-05-29,3600,3850,3570,3730,3189442,0.02754820936639124
2020-06-01,3735,3850,3735,3790,1479504,0.01608579088471851
2020-06-02,3790,4040,3760,3825,7506650,0.00923482849604218
2020-06-03,3810,3990,3745,3870,5104712,0.0117647058823529
2020-06-04,3900,4195,3855,4170,16590653,0.07751937984496116
2020-06-05,4020,4150,3905,3920,5598592,-0.05995203836930452
2020-06-08,3920,3920,3790,3790,1701454,-0.03316326530612246
2020-06-09,3800,3845,3765,3780,1121601,-0.0026385224274406704
2020-06-10,3780,3790,3640,3670,1333713,-0.02910052910052907
2020-06-11,3695,3720,3585,3610,1025777,-0.016348773841961872
2020-06-12,3350,3540,3335,3400,920561,-0.05817174515235457
2020-06-15,3370,3410,3080,3140,1310710,-0.07647058823529407
2020-06-16,3160,3360,3160,3285,1127541,0.04617834394904463
2020-06-17,3270,3440,3120,3230,794149,-0.016742770167427756
2020-06-18,3230,3545,3210,3315,1663537,0.026315789473684292
2020-06-19,3360,3585,3300,3400,1757500,0.02564102564102555
2020-06-22,3315,3520,3315,3385,831748,-0.004411764705882337
2020-06-23,3440,3555,3385,3400,799607,0.004431314623338345
2020-06-24,3495,3560,3415,3435,794115,0.010294117647058787
2020-06-25,3420,3490,3340,3400,601278,-0.010189228529839833
2020-06-26,3435,3460,3360,3415,408413,0.004411764705882337
2020-06-29,3400,3415,3300,3310,340353,-0.030746705710102518
2020-06-30,3330,3780,3320,3450,6676959,0.04229607250755296
2020-07-01,3640,3695,3400,3410,2109028,-0.011594202898550732
2020-07-02,3440,3745,3415,3605,5027204,0.05718475073313778
2020-07-03,3570,3680,3520,3580,1233704,-0.006934812760055475
2020-07-06,3615,3780,3555,3710,3166839,0.036312849162011274
2020-07-07,3715,3775,3660,3675,1052038,-0.009433962264150941
2020-07-08,3650,3775,3645,3720,886903,0.012244897959183598
2020-07-09,3785,3845,3640,3650,1317567,-0.018817204301075252
2020-07-10,3800,3805,3520,3635,1356486,-0.004109589041095929
2020-07-13,3590,3830,3590,3780,1666634,0.03988995873452539
2020-07-14,3775,3810,3705,3725,872268,-0.014550264550264536
2020-07-15,3765,3845,3730,3790,840178,0.01744966442953011
2020-07-16,3800,3970,3705,3710,3334051,-0.02110817941952503
2020-07-17,3725,3725,3630,3655,623789,-0.014824797843665749
2020-07-20,3690,3765,3590,3695,966619,0.010943912448700521
2020-07-21,3730,3850,3710,3780,1395564,0.023004059539918797
2020-07-22,3805,3895,3775,3805,1352664,0.006613756613756516
2020-07-23,3825,3860,3670,3705,1236569,-0.026281208935611033
2020-07-24,3720,3820,3445,3460,2945312,-0.06612685560053977
2020-07-27,3430,3535,3410,3475,642638,0.004335260115607031
2020-07-28,3480,3500,3355,3415,537554,-0.01726618705035976
2020-07-29,3415,3755,3390,3480,2692467,0.019033674963396807
2020-07-30,3480,3540,3430,3480,548917,0.0
2020-07-31,3480,3500,3430,3465,425425,-0.004310344827586188
2020-08-03,3450,3480,3425,3430,291958,-0.010101010101010055
2020-08-04,3425,3560,3415,3525,622429,0.0276967930029155
2020-08-05,3570,3750,3540,3700,1755463,0.049645390070921946
2020-08-06,3750,3830,3670,3700,972605,0.0
2020-08-07,3665,3835,3665,3740,1257099,0.0108108108108107
2020-08-10,3745,3790,3680,3705,637322,-0.009358288770053513
2020-08-11,3695,3760,3665,3700,502914,-0.0013495276653171517
2020-08-12,3685,3920,3610,3825,2101432,0.03378378378378377
2020-08-13,3810,3880,3680,3720,1780510,-0.027450980392156876
2020-08-14,3690,3720,3475,3510,1330624,-0.056451612903225756
2020-08-18,3440,3460,3190,3220,1049312,-0.08262108262108259
2020-08-19,3160,3310,3160,3245,553972,0.007763975155279601
2020-08-20,3240,3240,2900,2970,1068208,-0.0847457627118644
2020-08-21,2970,3060,2915,3000,344323,0.010101010101010166
2020-08-24,3060,3060,2905,3000,526053,0.0
2020-08-25,3060,3310,3005,3280,947697,0.09333333333333327
2020-08-26,3250,3295,3180,3195,473536,-0.02591463414634143
2020-08-27,3185,3225,3080,3100,430775,-0.029733959311424085
2020-08-28,3105,3240,3005,3080,746832,-0.006451612903225823
2020-08-31,3140,3245,3105,3150,570971,0.022727272727272707
2020-09-01,3170,3225,3165,3205,254752,0.0174603174603174
2020-09-02,3220,3290,3180,3220,362419,0.004680187207488196
2020-09-03,3255,3275,3175,3220,438220,0.0
2020-09-04,3000,3295,2950,3105,836935,-0.0357142857142857
2020-09-07,3125,3265,3015,3125,801690,0.006441223832528209
2020-09-08,3105,3180,3105,3130,318477,0.0016000000000000458
2020-09-09,3035,3115,3035,3090,241384,-0.012779552715655007
2020-09-10,3105,3150,3055,3135,229032,0.014563106796116498
2020-09-11,3120,3165,3080,3095,242294,-0.012759170653907526
2020-09-14,3130,3170,3100,3160,307831,0.02100161550888524
2020-09-15,3175,3230,3110,3140,235821,-0.006329113924050667
2020-09-16,3165,3170,3075,3095,328473,-0.014331210191082855
2020-09-17,3095,3105,3015,3035,365792,-0.01938610662358642
2020-09-18,3055,3060,2985,3010,237866,-0.008237232289950547
2020-09-21,2995,3050,2960,3010,250884,0.0
2020-09-22,3085,3255,3005,3015,2365507,0.0016611295681063787
2020-09-23,3020,3060,2920,2945,414673,-0.023217247097844118
2020-09-24,2850,2895,2665,2665,733475,-0.09507640067911716
2020-09-25,2690,2735,2595,2700,206009,0.013133208255159401
2020-09-28,2680,2800,2680,2785,142831,0.031481481481481444
2020-09-29,2775,2905,2775,2885,218602,0.03590664272890476
2020-10-05,2865,2970,2845,2960,149149,0.025996533795493937
2020-10-06,2980,2985,2940,2980,175750,0.006756756756756799
2020-10-07,2950,3000,2940,2985,162547,0.001677852348993314
2020-10-08,2985,3025,2965,3020,148383,0.011725293132328396
2020-10-12,3020,3025,2960,3000,104491,-0.0066225165562914245
2020-10-13,2995,3140,2980,3115,382759,0.03833333333333333
2020-10-14,3130,3150,3015,3040,304847,-0.024077046548956704
2020-10-15,3040,3060,2950,2995,198101,-0.014802631578947345
2020-10-16,2965,3015,2850,2910,210401,-0.028380634390651083
2020-10-19,2940,2950,2895,2895,73900,-0.005154639175257714
2020-10-20,2850,2925,2730,2830,184761,-0.022452504317789335
2020-10-21,2815,2885,2810,2870,146438,0.014134275618374659
2020-10-22,2860,2880,2765,2790,79545,-0.027874564459930307
2020-10-23,2835,2835,2750,2760,60706,-0.010752688172043001
2020-10-26,2745,2785,2650,2680,162548,-0.02898550724637683
2020-10-27,2635,2685,2595,2610,201884,-0.026119402985074647
2020-10-28,2570,2685,2570,2680,139922,0.026819923371647514
2020-10-29,2665,2670,2590,2645,89238,-0.013059701492537323
2020-10-30,2645,2675,2590,2630,80294,-0.005671077504725952
2020-11-02,2630,3100,2610,2860,2141735,0.0874524714828897
2020-11-03,2880,3025,2860,2930,843110,0.02447552447552437
2020-11-04,2960,2960,2815,2875,286953,-0.018771331058020424
2020-11-05,2835,2935,2830,2905,247788,0.01043478260869568
2020-11-06,2900,2900,2795,2840,243568,-0.022375215146299476
2020-11-09,2840,2870,2810,2830,178399,-0.0035211267605633756
2020-11-10,2835,2890,2820,2850,158936,0.007067137809187329
2020-11-11,2855,2890,2800,2830,207133,-0.007017543859649145
2020-11-12,2830,2900,2815,2900,224075,0.02473498233215543
2020-11-13,2880,2915,2825,2850,125132,-0.017241379310344862
2020-11-16,2850,2890,2840,2885,134776,0.012280701754386003
2020-11-17,2920,2975,2830,2840,233688,-0.01559792027729634
2020-11-18,2885,3040,2840,2975,653786,0.04753521126760574
2020-11-19,2995,2995,2905,2950,209770,-0.008403361344537785
2020-11-20,2975,3035,2940,2980,273110,0.01016949152542379
2020-11-23,2965,2980,2910,2965,205336,-0.005033557046979831
2020-11-24,2990,3090,2955,3070,582812,0.03541315345699836
2020-11-25,3150,3220,2960,3040,897591,-0.009771986970684043
2020-11-26,3040,3055,2990,3020,141977,-0.006578947368421018
2020-11-27,3015,3080,2990,3040,163831,0.0066225165562914245
2020-11-30,3075,3160,3020,3145,347521,0.03453947368421062
2020-12-01,3150,3300,3100,3270,1408198,0.03974562798092207
2020-12-02,3200,3260,3125,3165,555563,-0.032110091743119296
2020-12-03,3180,3180,3035,3170,445139,0.0015797788309637184
2020-12-04,3160,3160,3035,3060,310973,-0.034700315457413256
2020-12-07,3060,3125,3030,3115,213248,0.017973856209150263
2020-12-08,3140,3240,3130,3165,594249,0.01605136436597121
2020-12-09,3165,3215,3140,3205,346411,0.012638230647709303
2020-12-10,3235,3245,3150,3170,460230,-0.010920436817472678
2020-12-11,3170,3195,3120,3150,292207,-0.006309148264984188
2020-12-14,3135,3160,3090,3125,275923,-0.007936507936507908
2020-12-15,3155,3185,3080,3125,284574,0.0
2020-12-16,3130,3270,3095,3215,849823,0.028799999999999937
2020-12-17,3275,3295,3070,3095,942170,-0.03732503888024885
2020-12-18,3115,3190,3075,3190,367723,0.030694668820678617
2020-12-21,3210,3220,3080,3120,878418,-0.021943573667711602
2020-12-22,3085,3525,3085,3300,10761445,0.05769230769230771
2020-12-23,3315,3395,2580,2695,5436356,-0.18333333333333335
2020-12-24,2725,2725,2550,2625,1267888,-0.025974025974025983
2020-12-28,2625,2670,2500,2520,1032678,-0.040000000000000036
2020-12-29,2525,2625,2520,2570,333049,0.01984126984126977
2020-12-30,2570,2655,2555,2635,267948,0.02529182879377423
2021-01-04,2660,2665,2615,2640,369262,0.00189753320683117
2021-01-05,2650,2680,2610,2655,379433,0.005681818181818121
2021-01-06,2660,2720,2660,2680,378370,0.009416195856873921
2021-01-07,2690,2710,2655,2665,386680,-0.005597014925373123
2021-01-08,2680,2685,2625,2645,344149,-0.007504690431519689
2021-01-11,2600,2650,2520,2560,483558,-0.032136105860113395
2021-01-12,2530,2600,2500,2535,147733,-0.009765625
2021-01-13,2520,2580,2520,2570,132295,0.013806706114398493
2021-01-14,2610,2635,2590,2620,154217,0.01945525291828787
2021-01-15,2635,2640,2555,2580,217918,-0.01526717557251911
2021-01-18,2580,2590,2510,2520,212338,-0.023255813953488413
2021-01-19,2545,2565,2505,2565,140573,0.017857142857142794
2021-01-20,2600,2665,2580,2610,267255,0.01754385964912286
2021-01-21,2640,2640,2585,2630,183105,0.00766283524904221
2021-01-22,2650,2650,2595,2620,148320,-0.0038022813688213253
2021-01-25,2645,2645,2605,2620,140431,0.0
2021-01-26,2635,2635,2530,2565,320379,-0.020992366412213692
2021-01-27,2530,2585,2520,2545,172842,-0.007797270955165692
2021-01-28,2530,2530,2450,2450,286360,-0.037328094302554016
2021-01-29,2495,2495,2250,2300,374546,-0.061224489795918324
2021-02-01,2290,2410,2210,2385,172520,0.03695652173913033
2021-02-02,2410,2430,2360,2410,117702,0.01048218029350112
2021-02-03,2450,2485,2420,2445,91372,0.014522821576763434
2021-02-04,2440,2445,2350,2400,123253,-0.018404907975460127
2021-02-05,2435,2455,2400,2420,122135,0.008333333333333304
2021-02-08,2430,2475,2420,2465,136304,0.018595041322314154
2021-02-09,2460,2480,2415,2415,73429,-0.020283975659229236
2021-02-10,2435,2440,2380,2440,90186,0.010351966873705987
2021-02-15,2440,2450,2410,2425,122319,-0.006147540983606592
2021-02-16,2450,2450,2385,2410,130574,-0.006185567010309256
2021-02-17,2430,2480,2410,2480,212659,0.029045643153526868
2021-02-18,2495,2505,2455,2465,115885,-0.006048387096774244
2021-02-19,2465,2470,2385,2440,124870,-0.010141987829614618
2021-02-22,2435,2470,2385,2415,127791,-0.010245901639344246
2021-02-23,2405,2410,2370,2375,88796,-0.0165631469979296
2021-02-24,2365,2395,2325,2350,85590,-0.010526315789473717
2021-02-25,2380,2380,2340,2365,55572,0.006382978723404209
2021-02-26,2310,2355,2290,2330,62528,-0.014799154334038
2021-03-02,2365,2395,2320,2350,46640,0.008583690987124415
2021-03-03,2350,2380,2325,2355,46335,0.0021276595744681437
2021-03-04,2330,2700,2315,2560,1791610,0.08704883227176219
2021-03-05,2570,2595,2500,2500,378224,-0.0234375
2021-03-08,2460,2635,2445,2515,480156,0.006000000000000005
2021-03-09,2530,2595,2465,2555,349816,0.015904572564612307
2021-03-10,2560,2595,2455,2500,198569,-0.021526418786692814
2021-03-11,2530,2580,2485,2515,222111,0.006000000000000005
2021-03-12,2500,2555,2500,2530,106922,0.005964214711729587
2021-03-15,2550,2595,2530,2565,196211,0.01383399209486158
2021-03-16,2585,2600,2520,2550,141461,-0.005847953216374324
2021-03-17,2580,2580,2510,2520,78702,-0.0117647058823529
2021-03-18,2560,2560,2485,2505,129050,-0.005952380952380931
2021-03-19,2470,2515,2450,2485,128566,-0.007984031936127733
2021-03-22,2490,2505,2450,2460,119898,-0.010060362173038184
2021-03-23,2495,2500,2400,2410,229242,-0.020325203252032575
2021-03-24,2410,2460,2380,2430,152961,0.008298755186721962
2021-03-25,2435,2495,2405,2465,123090,0.014403292181069949
2021-03-26,2490,2490,2415,2435,147089,-0.012170385395537497
2021-03-29,2420,2475,2415,2475,118858,0.01642710472279263
2021-03-30,2490,2515,2455,2510,236388,0.014141414141414232
2021-03-31,2495,2580,2495,2565,322235,0.021912350597609542
2021-04-01,2565,2575,2535,2550,130388,-0.005847953216374324
2021-04-02,2575,2575,2530,2545,143206,-0.0019607843137254832
2021-04-05,2570,2655,2545,2620,459337,0.02946954813359537
2021-04-06,2630,2635,2565,2575,174343,-0.01717557251908397
2021-04-07,2580,2600,2550,2550,231927,-0.009708737864077666
2021-04-08,2575,2615,2550,2575,132322,0.009803921568627416
2021-04-09,2580,2630,2575,2615,189113,0.01553398058252431
2021-04-12,2640,2740,2625,2685,464746,0.026768642447418722
2021-04-13,2695,2700,2630,2660,176753,-0.009310986964618295
2021-04-14,2650,2670,2620,2660,220314,0.0
2021-04-15,2675,2725,2635,2680,290216,0.007518796992481258
2021-04-16,2685,2735,2655,2700,147304,0.00746268656716409
2021-04-19,2725,2800,2685,2725,144912,0.0092592592592593
2021-04-20,2695,2765,2695,2740,228392,0.005504587155963359
2021-04-21,2750,2800,2740,2780,362378,0.014598540145985384
2021-04-22,2780,2805,2740,2765,202530,-0.0053956834532373765
2021-04-23,2765,2765,2705,2705,137281,-0.02169981916817365
2021-04-26,2710,2715,2655,2705,190272,0.0
2021-04-27,2705,2720,2675,2690,110409,-0.00554528650646946
2021-04-28,2675,2725,2660,2700,190522,0.0037174721189590088
2021-04-29,2695,2770,2675,2710,154177,0.0037037037037037646
2021-04-30,2710,2730,2605,2650,165162,-0.022140221402214055
2021-05-03,2660,2705,2625,2680,155182,0.01132075471698113
2021-05-04,2655,2685,2600,2680,216637,0.0
2021-05-06,2700,2765,2680,2735,221627,0.020522388059701413
2021-05-07,2740,2770,2740,2760,147688,0.009140767824497242
2021-05-10,2780,2890,2775,2845,467793,0.030797101449275388
2021-05-11,2845,2850,2765,2785,211642,-0.02108963093145866
2021-05-12,2775,2795,2685,2745,207451,-0.014362657091561926
2021-05-13,2680,2735,2635,2685,161552,-0.021857923497267784
2021-05-14,2685,2695,2630,2670,154566,-0.005586592178770999
2021-05-17,2695,2695,2620,2640,125174,-0.011235955056179803
2021-05-18,2615,2675,2610,2650,127436,0.0037878787878788955
2021-05-20,2660,2690,2640,2680,98994,0.01132075471698113
2021-05-21,2690,2705,2640,2660,83489,-0.007462686567164201
2021-05-24,2635,2665,2615,2635,62566,-0.009398496240601517
2021-05-25,2630,2645,2615,2625,62338,-0.003795066413662229
2021-05-26,2625,2695,2625,2685,92800,0.02285714285714291
2021-05-27,2695,2715,2665,2705,72892,0.007448789571694592
2021-05-28,2710,2745,2700,2730,97391,0.009242144177449063
2021-05-31,2750,2940,2740,2845,629463,0.0421245421245422
2021-06-01,2845,2845,2785,2830,218362,-0.005272407732864637
2021-06-02,2835,2955,2785,2910,359470,0.028268551236749095
2021-06-03,2890,2915,2840,2910,191881,0.0
2021-06-04,2910,2945,2865,2945,142194,0.012027491408934665
2021-06-07,2920,2960,2875,2885,156027,-0.02037351443123936
2021-06-08,2875,2905,2820,2890,126129,0.0017331022530329143
2021-06-09,2890,2915,2880,2890,89578,0.0
2021-06-10,2865,2920,2840,2870,123818,-0.00692041522491349
2021-06-11,2885,2925,2860,2890,85303,0.006968641114982521
2021-06-14,2910,2915,2815,2865,91708,-0.00865051903114189
2021-06-15,2865,2880,2835,2875,69356,0.003490401396160525
2021-06-16,2875,3015,2860,2980,297875,0.03652173913043488
2021-06-17,2950,3050,2930,3005,193548,0.008389261744966348
2021-06-18,3005,3035,2965,2985,132168,-0.006655574043261225
2021-06-21,2950,2970,2905,2910,117398,-0.025125628140703515
2021-06-22,2940,2940,2870,2915,99105,0.0017182130584192379
2021-06-23,2915,2920,2830,2910,150600,-0.0017152658662092923
2021-06-24,2910,2910,2810,2825,121540,-0.029209621993127155
2021-06-25,2820,2865,2790,2820,107096,-0.001769911504424737
2021-06-28,2820,2835,2775,2795,232106,-0.00886524822695034
2021-06-29,2805,2825,2785,2815,115899,0.007155635062611854
2021-06-30,2845,2855,2800,2855,103066,0.014209591474245054
2021-07-01,2860,2890,2830,2890,124739,0.012259194395796813
2021-07-02,2890,2970,2870,2940,236135,0.01730103806228378
2021-07-05,2980,2990,2915,2950,119195,0.00340136054421758
2021-07-06,2950,2950,2905,2950,103671,0.0
2021-07-07,2935,2955,2900,2900,93635,-0.016949152542372836
2021-07-08,2905,2915,2770,2800,167208,-0.03448275862068961
2021-07-09,2750,2760,2680,2755,162479,-0.016071428571428625
2021-07-12,2735,2815,2710,2760,88044,0.001814882032667775
2021-07-13,2785,2810,2760,2790,103177,0.010869565217391353
2021-07-14,2805,2805,2750,2755,67008,-0.012544802867383464
2021-07-15,2760,2820,2760,2820,167232,0.023593466424682408
2021-07-16,2820,2835,2775,2800,67521,-0.007092198581560294
2021-07-19,2800,2800,2710,2755,83509,-0.016071428571428625
2021-07-20,2695,2725,2675,2720,135961,-0.012704174228675091
2021-07-21,2720,2735,2680,2730,151078,0.003676470588235281
2021-07-22,2710,2770,2705,2745,113217,0.005494505494505475
2021-07-23,2770,2780,2750,2770,60228,0.00910746812386165
2021-07-26,2780,2810,2745,2750,70809,-0.0072202166064981865
2021-07-27,2750,2795,2750,2775,55900,0.009090909090909038
2021-07-28,2775,2800,2730,2770,84306,-0.0018018018018017834
2021-07-29,2755,2800,2755,2775,103803,0.0018050541516245744
2021-07-30,2775,2845,2735,2815,255132,0.01441441441441449
2021-08-02,2815,2950,2815,2920,589237,0.03730017761989335
2021-08-03,2950,2950,2865,2920,174174,0.0
2021-08-04,2920,2940,2880,2930,119626,0.003424657534246478
2021-08-05,2940,3000,2940,2965,248179,0.011945392491467643
2021-08-06,2990,3035,2940,3000,287318,0.01180438448566612
2021-08-09,3000,3005,2935,2970,117619,-0.010000000000000009
2021-08-10,2970,2970,2850,2905,166830,-0.02188552188552184
2021-08-11,2910,3070,2780,2800,818804,-0.03614457831325302
2021-08-12,2800,2825,2745,2775,185421,-0.008928571428571397
2021-08-13,2755,2765,2640,2735,336168,-0.014414414414414378
2021-08-17,2680,2700,2585,2590,284094,-0.05301645338208405
2021-08-18,2590,2755,2525,2745,216667,0.05984555984555984
2021-08-19,2780,2875,2745,2785,338292,0.014571948998178597
2021-08-20,2785,2800,2555,2590,231093,-0.0700179533213644
2021-08-23,2590,2700,2550,2580,222566,-0.0038610038610038533
2021-08-24,2600,2715,2595,2700,140015,0.04651162790697683
2021-08-25,2715,2740,2675,2710,75448,0.0037037037037037646
2021-08-26,2725,2765,2695,2695,55083,-0.005535055350553542
2021-08-27,2675,2735,2660,2705,45225,0.0037105751391466324
2021-08-30,2750,2785,2705,2780,101972,0.02772643253234741
2021-08-31,2780,2860,2780,2845,147472,0.023381294964028854
2021-09-01,2875,2905,2825,2895,181156,0.017574692442882345
2021-09-02,2895,2900,2850,2870,54869,-0.008635578583765069
2021-09-03,2870,2880,2835,2870,62671,0.0
2021-09-06,2855,2885,2820,2865,76944,-0.0017421602787456303
2021-09-07,2865,2880,2800,2845,64997,-0.006980802792321161
2021-09-08,2845,2845,2765,2790,92242,-0.019332161687170446
2021-09-09,2785,2925,2730,2890,330082,0.03584229390680993
2021-09-10,3000,3000,2835,2915,369091,0.00865051903114189
2021-09-13,2935,2970,2840,2885,173936,-0.010291595197255532
2021-09-14,2885,2910,2830,2830,94857,-0.01906412478336217
2021-09-15,2855,2870,2825,2835,63384,0.0017667844522968323
2021-09-16,2850,2870,2810,2835,50451,0.0
2021-09-17,2835,2845,2815,2840,42372,0.0017636684303350414
2021-09-23,2840,2840,2715,2755,88192,-0.029929577464788748
2021-09-24,2730,2765,2695,2730,80852,-0.00907441016333943
2021-09-27,2730,2825,2710,2780,93308,0.01831501831501825
2021-09-28,2780,2875,2780,2845,136767,0.023381294964028854
2021-09-29,2750,2870,2750,2860,153114,0.005272407732864748
2021-09-30,2830,2875,2805,2835,113320,-0.00874125874125875
2021-10-01,2835,2835,2670,2725,160996,-0.03880070546737213
2021-10-05,2670,2695,2565,2570,137041,-0.056880733944954076
2021-10-06,2550,2595,2400,2400,206516,-0.06614785992217898
2021-10-07,2415,2495,2415,2485,48848,0.03541666666666665
2021-10-08,2535,2535,2480,2500,48677,0.006036217303822866
2021-10-12,2500,2515,2465,2490,35955,-0.0040000000000000036
2021-10-13,2470,2560,2470,2560,50266,0.028112449799196693
2021-10-14,2575,2625,2570,2600,39396,0.015625
2021-10-15,2640,2675,2600,2665,77085,0.02499999999999991
2021-10-18,2685,2695,2655,2675,50083,0.0037523452157599557
2021-10-19,2675,2685,2615,2635,47356,-0.01495327102803734
2021-10-20,2635,2655,2605,2630,32416,-0.00189753320683117
2021-10-21,2630,2635,2595,2605,45249,-0.009505703422053258
2021-10-22,2595,2610,2545,2590,44606,-0.0057581573896353655
2021-10-25,2585,2590,2540,2585,49289,-0.0019305019305019266
2021-10-26,2585,2620,2585,2610,28432,0.009671179883945946
2021-10-27,2640,2730,2620,2700,131894,0.034482758620689724
2021-10-28,2700,2730,2670,2690,67234,-0.0037037037037036535
2021-10-29,2685,2695,2645,2675,59506,-0.005576208178438624
2021-11-01,2675,2705,2645,2705,71768,0.01121495327102795
2021-11-02,2705,2745,2690,2725,60515,0.007393715341959428
2021-11-03,2730,2735,2655,2695,54743,-0.011009174311926606
2021-11-04,2695,2695,2620,2645,54413,-0.01855287569573283
2021-11-05,2630,2645,2560,2605,97536,-0.015122873345935761
2021-11-08,2565,2580,2520,2575,73243,-0.01151631477927062
2021-11-09,2575,2600,2565,2570,41955,-0.001941747572815511
2021-11-10,2575,2575,2495,2495,98723,-0.029182879377431914
2021-11-11,2475,2525,2425,2485,108168,-0.004008016032064132
2021-11-12,2480,2535,2475,2515,53893,0.012072434607645954
2021-11-15,2545,2560,2525,2530,66428,0.005964214711729587
2021-11-16,2545,2575,2535,2555,54903,0.009881422924901129
2021-11-17,2555,2575,2460,2490,210024,-0.025440313111546042
2021-11-18,2490,2565,2460,2565,119787,0.030120481927710774
2021-11-19,2565,2570,2515,2565,56419,0.0
2021-11-22,2540,2545,2495,2500,68478,-0.025341130604288553
2021-11-23,2490,2535,2490,2525,55557,0.010000000000000009
2021-11-24,2505,2595,2505,2585,83836,0.023762376237623783
2021-11-25,2585,2615,2560,2580,53153,-0.0019342359767892114
2021-11-26,2580,2580,2480,2480,83015,-0.03875968992248058
2021-11-29,2435,2475,2385,2430,92555,-0.020161290322580627
2021-11-30,2410,2480,2235,2280,220656,-0.06172839506172845
2021-12-01,2250,2315,2225,2290,74848,0.004385964912280604
2021-12-02,2280,2350,2265,2350,50476,0.026200873362445476
2021-12-03,2370,2395,2355,2395,32575,0.01914893617021285
2021-12-06,2395,2430,2395,2410,44751,0.006263048016701411
2021-12-07,2420,2440,2415,2425,24571,0.006224066390041472
2021-12-08,2435,2450,2380,2380,59459,-0.01855670103092788
2021-12-09,2385,2440,2380,2440,31434,0.025210084033613356
2021-12-10,2450,2450,2395,2430,40439,-0.004098360655737654
2021-12-13,2430,2440,2405,2425,36463,-0.002057613168724326
2021-12-14,2425,2440,2385,2385,29285,-0.016494845360824795
2021-12-15,2365,2405,2355,2355,35089,-0.012578616352201255
2021-12-16,2375,2410,2355,2405,41365,0.02123142250530785
2021-12-17,2375,2405,2370,2375,20198,-0.012474012474012475
2021-12-20,2355,2365,2295,2305,114770,-0.02947368421052632
2021-12-21,2295,2295,2275,2295,44764,-0.004338394793926281
2021-12-22,2295,2320,2285,2320,46325,0.01089324618736387
2021-12-23,2335,2395,2320,2390,62843,0.030172413793103425
2021-12-24,2390,2965,2390,2475,1803050,0.03556485355648542
2021-12-27,2500,2600,2475,2525,226165,0.02020202020202011
2021-12-28,2610,2615,2475,2500,180853,-0.00990099009900991
2021-12-29,2500,2650,2500,2610,184080,0.04400000000000004
2021-12-30,2610,2690,2550,2665,97003,0.021072796934865856
2022-01-03,2660,2670,2570,2580,59926,-0.031894934333958735
2022-01-04,2605,2705,2605,2705,103631,0.04844961240310086
2022-01-05,2680,2700,2640,2660,63676,-0.01663585951940849
2022-01-06,2620,2650,2530,2535,77134,-0.046992481203007475
2022-01-07,2535,2890,2535,2670,503459,0.053254437869822535
2022-01-10,2680,2725,2655,2675,133208,0.001872659176029856
2022-01-11,2660,2665,2540,2565,132312,-0.04112149532710285
2022-01-12,2565,2660,2545,2660,94068,0.03703703703703698
2022-01-13,2680,2680,2570,2570,103777,-0.03383458646616544
2022-01-14,2585,2645,2565,2620,84758,0.01945525291828787
2022-01-17,2610,2620,2565,2590,54735,-0.011450381679389277
2022-01-18,2565,2600,2515,2520,87407,-0.027027027027026973
2022-01-19,2515,2555,2480,2555,46341,0.01388888888888884
2022-01-20,2525,2580,2495,2580,43995,0.009784735812133016
2022-01-21,2580,2590,2535,2535,42072,-0.01744186046511631
2022-01-24,2525,2755,2480,2665,334298,0.05128205128205132
2022-01-25,2665,2670,2510,2515,150448,-0.05628517823639778
2022-01-26,2505,2640,2505,2640,91673,0.0497017892644136
2022-01-27,2670,2670,2280,2320,606756,-0.12121212121212122
2022-01-28,2315,2355,2255,2355,122989,0.015086206896551824
2022-02-03,2380,2455,2375,2430,106583,0.031847133757961776
2022-02-04,2485,2545,2445,2525,105166,0.039094650205761416
2022-02-07,2550,2555,2480,2490,63326,-0.013861386138613874
2022-02-08,2490,2530,2445,2445,42052,-0.01807228915662651
2022-02-09,2450,2535,2450,2535,53201,0.036809815950920255
2022-02-10,2555,2585,2510,2550,54099,0.00591715976331364
2022-02-11,2550,2550,2460,2460,34683,-0.03529411764705881
2022-02-14,2380,2460,2350,2460,60812,0.0
2022-02-15,2400,2490,2400,2460,38098,0.0
2022-02-16,2470,2500,2460,2485,39262,0.010162601626016343
2022-02-17,2485,2510,2425,2450,51889,-0.014084507042253502
2022-02-18,2405,2460,2405,2450,17367,0.0
2022-02-21,2450,2455,2405,2435,24265,-0.006122448979591799
2022-02-22,2435,2450,2395,2395,28375,-0.01642710472279263
2022-02-23,2380,2410,2375,2395,27355,0.0
2022-02-24,2395,2400,2320,2320,45433,-0.03131524008350728
2022-02-25,2325,2350,2285,2320,74636,0.0
2022-02-28,2325,2370,2325,2355,45581,0.015086206896551824
2022-03-02,2355,2480,2355,2445,54469,0.03821656050955413
2022-03-03,2450,2485,2400,2425,57956,-0.008179959100204526
2022-03-04,2425,2435,2375,2380,23874,-0.01855670103092788
2022-03-07,2360,2390,2335,2350,33760,-0.012605042016806678
2022-03-08,2310,2350,2310,2340,36960,-0.004255319148936176
2022-03-10,2340,2340,2285,2305,114977,-0.014957264957264904
2022-03-11,2320,2330,2290,2325,53129,0.008676789587852562
2022-03-14,2345,2345,2260,2270,83017,-0.023655913978494647
2022-03-15,2255,2295,2255,2295,45817,0.011013215859030812
2022-03-16,2295,2325,2290,2315,58011,0.008714596949890963
2022-03-17,2350,2360,2315,2335,39316,0.008639308855291628
2022-03-18,2335,2410,2330,2410,79602,0.032119914346895095
2022-03-21,2410,2430,2395,2410,31710,0.0
2022-03-22,2430,2435,2395,2435,25443,0.010373443983402453
2022-03-23,2425,2460,2420,2460,35413,0.010266940451745477
2022-03-24,2440,2470,2420,2460,36108,0.0
2022-03-25,2445,2460,2405,2435,31013,-0.010162601626016232
2022-03-28,2450,2450,2415,2430,33283,-0.002053388090349051
2022-03-29,2415,2430,2390,2430,54007,0.0
2022-03-30,2430,2435,2390,2395,74533,-0.014403292181069949
2022-03-31,2395,2470,2395,2415,89025,0.008350730688935215
2022-04-01,2425,2590,2420,2555,322978,0.05797101449275366
2022-04-04,2555,2805,2530,2755,781165,0.07827788649706457
2022-04-05,2755,2900,2690,2870,625724,0.04174228675136127
2022-04-06,2810,2920,2765,2890,197119,0.006968641114982521
2022-04-07,2860,2950,2810,2920,300503,0.01038062283737018
2022-04-08,2920,2995,2900,2935,296230,0.005136986301369939
2022-04-11,2935,3000,2835,2975,198598,0.013628620102214661
2022-04-12,2940,3020,2905,2950,261794,-0.008403361344537785
2022-04-13,2960,3290,2805,2880,441541,-0.023728813559321993
2022-04-14,2935,2945,2810,2830,134316,-0.01736111111111116
2022-04-15,2855,2855,2790,2835,105853,0.0017667844522968323
2022-04-18,2840,2930,2835,2905,191733,0.024691358024691468
2022-04-19,2890,3115,2870,3060,404414,0.05335628227194489
2022-04-20,3070,3235,3015,3185,450091,0.040849673202614456
2022-04-21,3185,3245,3150,3180,157165,-0.0015698587127158659
2022-04-22,3145,3370,3080,3360,564471,0.05660377358490565
2022-04-25,3270,3450,3145,3420,818088,0.017857142857142794
2022-04-26,3375,3600,3375,3550,788579,0.03801169590643272
2022-04-27,3750,3780,3190,3325,763025,-0.06338028169014087
2022-04-28,3325,3350,3170,3315,155218,-0.003007518796992459
2022-04-29,3320,3355,3110,3150,358030,-0.04977375565610864
2022-05-02,3175,3375,3150,3315,279338,0.05238095238095242
2022-05-03,3350,3350,3200,3295,183151,-0.006033182503770718
2022-05-04,3330,3380,3265,3320,192290,0.007587253414264028
2022-05-06,3225,3390,3225,3345,147336,0.0075301204819278045
2022-05-09,3275,3370,3225,3355,155807,0.002989536621823552
2022-05-10,3260,3390,3260,3305,222913,-0.014903129657228065
2022-05-11,3245,3325,3210,3325,300343,0.00605143721633894
2022-05-12,3330,3355,3275,3320,180553,-0.0015037593984962294
2022-05-13,3300,3375,3105,3335,258143,0.004518072289156683
2022-05-16,3350,3790,3350,3650,1461623,0.09445277361319349
2022-05-17,3650,3660,3150,3245,762296,-0.11095890410958908
2022-05-18,3245,3275,3170,3255,205943,0.0030816640986133237
2022-05-19,3230,3320,3140,3310,134057,0.016897081413210335
2022-05-20,3280,3330,3175,3175,186591,-0.04078549848942603
2022-05-23,3235,3235,2980,3010,187029,-0.051968503937007915
2022-05-24,3040,3040,2900,2920,119021,-0.029900332225913595
2022-05-25,2920,2975,2900,2925,99624,0.001712328767123239
2022-05-26,2955,2995,2860,2905,65611,-0.006837606837606813
2022-05-27,2910,2940,2870,2870,77224,-0.012048192771084376
2022-05-30,2925,2960,2845,2845,132114,-0.008710801393728262
2022-05-31,2855,2945,2850,2895,103665,0.017574692442882345
2022-06-02,2895,2960,2880,2895,128347,0.0
2022-06-03,2900,3580,2900,3315,6982758,0.14507772020725396
2022-06-07,3320,3410,3225,3260,1177011,-0.016591251885369585
2022-06-08,3260,3325,3170,3210,369417,-0.015337423312883458
2022-06-09,3220,3270,3060,3095,342982,-0.03582554517133951
2022-06-10,3120,3230,3090,3100,254659,0.001615508885298933
2022-06-13,3070,3070,2770,2930,289109,-0.05483870967741933
2022-06-14,2820,2890,2785,2875,162650,-0.018771331058020424
2022-06-15,2845,2865,2670,2670,193758,-0.07130434782608697
2022-06-16,2705,2790,2655,2680,144073,0.0037453183520599342
2022-06-17,2540,2680,2525,2680,203755,0.0
2022-06-20,2650,2650,2440,2500,152425,-0.06716417910447758
2022-06-21,2490,2600,2470,2540,126404,0.016000000000000014
2022-06-22,2595,2595,2355,2385,126989,-0.0610236220472441
2022-06-23,2370,2405,2215,2250,115364,-0.05660377358490565
2022-06-24,2245,2380,2215,2380,138881,0.057777777777777706
2022-06-27,2435,2505,2395,2500,140180,0.050420168067226934
2022-06-28,2500,2565,2450,2520,100723,0.008000000000000007
2022-06-29,2510,2630,2470,2585,98386,0.025793650793650702
2022-06-30,2585,2640,2500,2500,80302,-0.03288201160541582
2022-07-01,2500,2565,2400,2425,114056,-0.030000000000000027
2022-07-04,2405,2475,2340,2370,74505,-0.02268041237113405
2022-07-05,2350,2460,2350,2450,66779,0.03375527426160341
2022-07-06,2490,2490,2375,2385,81721,-0.026530612244897944
2022-07-07,2400,2465,2400,2420,77012,0.01467505241090139
2022-07-08,2480,2635,2480,2570,157737,0.06198347107438007
2022-07-11,2650,2650,2555,2600,78956,0.011673151750972721
2022-07-12,2600,2600,2455,2500,50670,-0.038461538461538436
2022-07-13,2495,2550,2450,2530,40519,0.01200000000000001
2022-07-14,2555,2555,2450,2495,34299,-0.013833992094861691
2022-07-15,2495,2505,2395,2440,63014,-0.022044088176352727
2022-07-18,2455,2515,2455,2515,28323,0.03073770491803285
2022-07-19,2515,2545,2495,2540,30795,0.00994035785288272
2022-07-20,2555,2590,2515,2535,53472,-0.0019685039370078705
2022-07-21,2535,2570,2505,2555,68551,0.007889546351084853
2022-07-22,2570,2600,2530,2585,50840,0.011741682974559797
2022-07-25,2585,2605,2560,2575,39643,-0.003868471953578312
2022-07-26,2575,2650,2550,2585,34324,0.003883495145631022
2022-07-27,2750,3165,2610,3000,2634400,0.16054158607350089
2022-07-28,2885,2980,2775,2935,974846,-0.021666666666666612
2022-07-29,2935,3020,2850,2920,741261,-0.005110732538330498
2022-08-01,2970,2970,2860,2875,178531,-0.015410958904109595
2022-08-02,2885,3680,2830,3340,13688939,0.1617391304347826
2022-08-03,3290,3335,3215,3245,1174583,-0.02844311377245512
2022-08-04,3240,3285,3155,3180,742206,-0.02003081664098616
2022-08-05,3200,3470,3090,3260,2034625,0.02515723270440251
2022-08-08,3225,3325,3160,3265,467308,0.0015337423312884457
2022-08-09,3175,3255,3135,3165,405373,-0.030627871362940318
2022-08-10,3165,3255,3105,3195,264552,0.009478672985782088
2022-08-11,3195,3255,3170,3195,194788,0.0
2022-08-12,3235,3255,3170,3225,185915,0.009389671361502261
2022-08-16,3200,3230,3135,3160,169518,-0.020155038759689936
2022-08-17,3160,3175,3040,3120,186444,-0.012658227848101222
2022-08-18,3065,3270,3045,3215,376875,0.03044871794871784
2022-08-19,3450,3700,3330,3460,4933822,0.07620528771384127
2022-08-22,3385,3550,3270,3440,1343616,-0.005780346820809301
2022-08-23,3360,3765,3360,3380,3010435,-0.01744186046511631
2022-08-24,3380,3475,3280,3300,432265,-0.023668639053254448
2022-08-25,3360,3380,3295,3350,242693,0.015151515151515138
2022-08-26,3390,3640,3380,3585,2276512,0.07014925373134329
2022-08-29,3495,3630,3440,3590,545003,0.001394700139470073
2022-08-30,3565,3610,3385,3405,570475,-0.05153203342618384
2022-08-31,3350,3455,3315,3390,213179,-0.004405286343612369
2022-09-01,3365,3375,3125,3135,499494,-0.0752212389380531
2022-09-02,3140,3205,3090,3100,178435,-0.011164274322169043
2022-09-05,3120,3165,3040,3095,131986,-0.001612903225806428
2022-09-06,3080,3300,3080,3100,339186,0.001615508885298933
2022-09-07,3115,3120,2960,3040,202514,-0.01935483870967747
2022-09-08,3060,3225,3060,3190,230300,0.049342105263157965
2022-09-13,3205,3285,3150,3225,134837,0.01097178683385569
2022-09-14,3165,3185,3055,3185,145842,-0.012403100775193798
2022-09-15,3195,3290,3140,3180,102693,-0.0015698587127158659
2022-09-16,3155,3180,3090,3110,97586,-0.022012578616352196
2022-09-19,3280,4040,3265,4040,11144143,0.2990353697749195
2022-09-20,4390,5250,4385,5250,10825617,0.29950495049504955
2022-09-21,6280,6820,6180,6820,2698247,0.299047619047619
2022-09-22,7750,8150,5730,6170,15614680,-0.09530791788856308
2022-09-23,6350,6630,5870,5900,8222864,-0.04376012965964349
2022-09-26,5630,5750,4895,5210,3766998,-0.11694915254237293
2022-09-27,5290,5620,5030,5520,4506751,0.05950095969289837
2022-09-28,5400,5400,4470,4755,3356773,-0.13858695652173914
2022-09-29,4730,4900,4540,4580,1862555,-0.03680336487907465
2022-09-30,4505,5400,4475,4940,7976663,0.0786026200873362
2022-10-04,5080,5400,5000,5250,2250521,0.06275303643724706
2022-10-05,5260,5550,5060,5520,2393074,0.05142857142857138
2022-10-06,5440,5730,5350,5570,1649702,0.009057971014492683
2022-10-07,5300,6290,5250,5900,10455746,0.05924596050269293
2022-10-11,5790,7570,5780,7020,22317080,0.18983050847457617
2022-10-12,7430,8120,5870,6020,17720999,-0.14245014245014243
2022-10-13,6100,6110,5340,5620,3951262,-0.06644518272425248
2022-10-14,5630,6190,5360,5730,8437699,0.019572953736654908
2022-10-17,5570,5860,4245,4395,13302896,-0.23298429319371727
2022-10-18,4340,4415,4050,4110,6320392,-0.06484641638225253
2022-10-19,4140,4430,4090,4150,7397972,0.009732360097323589
2022-10-20,4130,4200,3900,4005,4396617,-0.034939759036144546
2022-10-21,3960,4160,3825,3825,2598528,-0.0449438202247191
2022-10-24,3850,4320,3845,4145,6641316,0.08366013071895417
2022-10-25,4130,4220,3820,3900,3604501,-0.059107358262967424
2022-10-26,3935,3965,3675,3765,1633757,-0.0346153846153846
2022-10-27,3750,3820,3565,3610,2629782,-0.04116865869853914
2022-10-28,4245,4350,3720,3735,11687900,0.03462603878116344
2022-10-31,3865,4730,3780,4655,26396452,0.24631860776439085
2022-11-01,4520,4655,4365,4500,7453387,-0.03329752953813103
2022-11-02,4505,4820,4265,4325,10121415,-0.03888888888888886
2022-11-03,4235,4425,4180,4320,2176143,-0.0011560693641619046
2022-11-04,4265,4330,4185,4235,1143815,-0.01967592592592593
2022-11-07,4185,4335,4185,4270,1178283,0.008264462809917328
2022-11-08,4350,4350,4125,4155,1413454,-0.02693208430913352
2022-11-09,4170,4255,4100,4130,1126842,-0.006016847172081841
2022-11-10,4080,4110,4010,4010,849516,-0.029055690072639195
2022-11-11,4150,4155,3970,3990,1224942,-0.004987531172069848
2022-11-14,4010,4075,3920,4000,860989,0.0025062656641603454
2022-11-15,4005,4020,3875,3925,751881,-0.018750000000000044
2022-11-16,3875,3945,3840,3900,756658,-0.006369426751592355
2022-11-17,3930,3970,3780,3805,776027,-0.024358974358974383
2022-11-18,3785,4000,3755,3775,989744,-0.007884362680683266
2022-11-21,3810,4190,3755,4080,4753037,0.08079470198675498
2022-11-22,4040,4185,3955,3960,2224151,-0.02941176470588236
2022-11-23,3965,4005,3910,3965,588892,0.0012626262626262985
2022-11-24,3990,4240,3945,4240,2634627,0.06935687263556112
2022-11-25,4270,4365,4155,4190,2849129,-0.011792452830188704
2022-11-28,4185,4185,3980,3985,865508,-0.04892601431980903
2022-11-29,3945,4170,3930,4040,996865,0.013801756587201952
2022-11-30,4030,4180,4020,4100,788473,0.014851485148514865
2022-12-01,4140,4200,4090,4150,782650,0.012195121951219523
2022-12-02,4165,4165,3895,3930,1254395,-0.053012048192771055
2022-12-05,3955,3965,3825,3825,569140,-0.026717557251908386
2022-12-06,3795,3820,3700,3710,494972,-0.030065359477124187
2022-12-07,3685,3735,3645,3680,380143,-0.008086253369272267
2022-12-08,3640,3690,3510,3570,479509,-0.029891304347826053
2022-12-09,3580,3610,3465,3560,356732,-0.0028011204481792618
2022-12-12,3570,3580,3480,3570,221958,0.002808988764045006
2022-12-13,3580,3660,3545,3560,270410,-0.0028011204481792618
2022-12-14,3600,3655,3535,3605,290118,0.012640449438202195
2022-12-15,3600,3630,3500,3510,377539,-0.026352288488210807
2022-12-16,3620,4170,3610,3780,14251096,0.07692307692307687
2022-12-19,3650,3760,3640,3670,1003503,-0.02910052910052907
2022-12-20,3665,3675,3465,3480,1267915,-0.05177111716621252
2022-12-21,3590,3860,3475,3475,3098208,-0.001436781609195359
2022-12-22,3540,3545,3450,3460,406210,-0.004316546762589968
2022-12-23,3415,3415,3300,3300,459169,-0.046242774566473965
2022-12-26,3270,3335,3225,3285,363223,-0.004545454545454519
2022-12-27,3285,3330,3265,3280,282371,-0.0015220700152207556
2022-12-28,3280,3350,3230,3290,289009,0.0030487804878047697
2022-12-29,3290,3295,3110,3150,365205,-0.04255319148936165
2023-01-02,3130,3205,3050,3060,281527,-0.02857142857142858
2023-01-03,3040,3120,2945,3115,377195,0.017973856209150263
2023-01-04,3070,3195,3070,3170,207392,0.017656500802568198
2023-01-05,3215,3215,3115,3190,238152,0.006309148264984188
2023-01-06,3150,3265,3150,3215,246730,0.00783699059561127
2023-01-09,3230,3315,3230,3280,202844,0.02021772939346822
2023-01-10,3320,3355,3255,3275,216479,-0.0015243902439023849
2023-01-11,3310,3485,3305,3365,343468,0.027480916030534264
2023-01-12,3365,3445,3350,3365,210653,0.0
2023-01-13,3405,3425,3350,3365,159726,0.0
2023-01-16,3365,3395,3345,3355,170630,-0.002971768202080227
2023-01-17,3355,3395,3300,3310,178097,-0.01341281669150518
2023-01-18,3300,3330,3200,3230,182908,-0.024169184290030232
2023-01-19,3235,3270,3200,3200,106600,-0.009287925696594423
2023-01-20,3205,3340,3205,3310,285374,0.034375000000000044
2023-01-25,3340,3370,3265,3335,197590,0.007552870090634434
2023-01-26,3340,3390,3330,3380,219243,0.013493253373313419
2023-01-27,3400,3400,3345,3370,281468,-0.00295857988165682
2023-01-30,3340,3370,3285,3295,214335,-0.022255192878338326
2023-01-31,3295,3310,3230,3285,154970,-0.003034901365705611
2023-02-01,3285,3355,3070,3210,1101663,-0.022831050228310557
2023-02-02,3225,3290,3220,3250,389598,0.012461059190031154
2023-02-03,3270,3310,3145,3160,526283,-0.027692307692307683
2023-02-06,3160,3220,3130,3200,227081,0.012658227848101333
2023-02-07,3200,3205,3170,3185,203266,-0.004687499999999956
2023-02-08,3215,3230,3180,3230,255823,0.014128728414442682
2023-02-09,3220,3220,3110,3125,422854,-0.03250773993808054
2023-02-10,3140,3140,3060,3060,309632,-0.02080000000000004
2023-02-13,3080,3085,3020,3025,201295,-0.011437908496731986
2023-02-14,3025,3080,3020,3045,186143,0.006611570247933907
2023-02-15,3070,3075,2980,2980,275483,-0.021346469622331665
2023-02-16,2980,3035,2950,3020,210734,0.01342281879194629
2023-02-17,3000,3010,2960,2985,140743,-0.011589403973509937
2023-02-20,2985,3020,2905,3010,192036,0.008375209380234505
2023-02-21,2980,3075,2980,3070,227145,0.019933554817275656
2023-02-22,3015,3050,3000,3010,126938,-0.019543973941368087
2023-02-23,3005,3050,2990,3025,140639,0.004983388704318914
2023-02-24,3025,3040,2925,2955,246682,-0.023140495867768562
2023-02-27,2915,2975,2905,2940,173496,-0.005076142131979711
2023-02-28,2920,2965,2920,2935,112421,-0.00170068027210879
2023-03-02,2920,3010,2920,3000,156547,0.022146507666098714
2023-03-03,2980,3015,2960,2965,117873,-0.011666666666666714
2023-03-06,2970,2995,2940,2985,138892,0.006745362563237878
2023-03-07,2975,3000,2920,2965,199880,-0.00670016750418756
2023-03-08,2950,2985,2915,2980,177430,0.005059021922428242
2023-03-09,2970,2990,2905,2920,139053,-0.020134228187919434
2023-03-10,2880,2905,2835,2840,201775,-0.0273972602739726
2023-03-13,2815,2875,2735,2865,207824,0.008802816901408494
2023-03-14,2830,2855,2740,2755,203308,-0.03839441535776611
2023-03-15,2760,2875,2760,2840,157154,0.030852994555353952
2023-03-16,2800,2855,2750,2855,94421,0.005281690140845008
2023-03-17,2860,2915,2835,2895,162002,0.014010507880910739
2023-03-20,2880,2915,2860,2900,63573,0.0017271157167531026
2023-03-21,2930,2930,2850,2870,72985,-0.010344827586206917
2023-03-22,2875,2885,2810,2830,157371,-0.013937282229965153
2023-03-23,2790,2875,2765,2825,164975,-0.0017667844522968323
