Date,Open,High,Low,Close,Volume,Change
2015-01-02,2985,2985,2885,2890,230,-0.010273972602739767
2015-01-05,2900,2905,2875,2890,1512,0.0
2015-01-06,2900,2900,2890,2890,1515,0.0
2015-01-07,2880,2890,2880,2885,2952,-0.0017301038062284002
2015-01-08,2890,2895,2875,2875,791,-0.0034662045060658286
2015-01-09,2880,2940,2875,2880,2373,0.0017391304347826875
2015-01-12,2890,2920,2880,2920,3866,0.01388888888888884
2015-01-13,2920,2920,2870,2905,2853,-0.005136986301369828
2015-01-14,2905,2910,2880,2905,6761,0.0
2015-01-15,2915,2970,2885,2920,3542,0.005163511187607606
2015-01-16,2885,2885,2850,2880,5410,-0.013698630136986356
2015-01-19,2885,2900,2850,2880,8027,0.0
2015-01-20,2850,2900,2850,2900,207,0.00694444444444442
2015-01-21,2900,2930,2870,2915,21,0.005172413793103514
2015-01-22,2925,2925,2865,2915,1824,0.0
2015-01-23,2915,2915,2860,2885,2639,-0.010291595197255532
2015-01-26,2860,2900,2860,2900,4152,0.005199306759098743
2015-01-27,2870,2940,2870,2925,1637,0.008620689655172376
2015-01-28,2925,2925,2880,2925,313,0.0
2015-01-29,2925,3000,2905,2935,3755,0.0034188034188034067
2015-01-30,2935,2945,2910,2925,2315,-0.0034071550255536653
2015-02-02,2925,2940,2895,2930,225,0.0017094017094017033
2015-02-03,2925,2930,2905,2930,304,0.0
2015-02-04,2975,3055,2940,2975,2419,0.015358361774743923
2015-02-05,2950,2950,2930,2950,231,-0.008403361344537785
2015-02-06,2950,2960,2900,2935,2655,-0.005084745762711895
2015-02-09,2900,2950,2900,2950,8636,0.005110732538330387
2015-02-10,2950,2970,2905,2905,912,-0.015254237288135575
2015-02-11,2885,2950,2885,2920,4190,0.005163511187607606
2015-02-12,2945,2950,2905,2930,773,0.003424657534246478
2015-02-13,2930,2945,2910,2910,1548,-0.0068259385665528916
2015-02-16,2950,2975,2935,2975,11055,0.022336769759450092
2015-02-17,2970,3115,2955,3080,25182,0.03529411764705892
2015-02-23,3045,3095,3045,3055,6036,-0.008116883116883078
2015-02-24,3055,3215,3055,3165,12386,0.036006546644844484
2015-02-25,3120,3230,3120,3170,7351,0.0015797788309637184
2015-02-26,3170,3185,3100,3160,4862,-0.003154574132492094
2015-02-27,3145,3160,3085,3140,3486,-0.006329113924050667
2015-03-02,3145,3145,3000,3090,5982,-0.015923566878980888
2015-03-03,3090,3185,3090,3175,5489,0.027508090614886793
2015-03-04,3130,3260,3130,3210,7507,0.011023622047244164
2015-03-05,3210,3260,3185,3185,11369,-0.007788161993769416
2015-03-06,3185,3190,3160,3185,633,0.0
2015-03-09,3185,3185,3140,3175,2175,-0.0031397174254317317
2015-03-10,3185,3215,3145,3170,6440,-0.0015748031496063408
2015-03-11,3170,3180,3105,3180,1525,0.003154574132492094
2015-03-12,3180,3180,3120,3180,7579,0.0
2015-03-13,3200,3200,3135,3155,5159,-0.00786163522012584
2015-03-16,3130,3200,3130,3150,9063,-0.0015847860538826808
2015-03-17,3175,3175,3140,3150,3015,0.0
2015-03-18,3150,3185,3135,3175,7110,0.007936507936507908
2015-03-19,3180,3200,3165,3165,10538,-0.0031496062992125706
2015-03-20,3170,3185,3140,3160,6133,-0.0015797788309637184
2015-03-23,3150,3160,3125,3160,5176,0.0
2015-03-24,3200,3200,3150,3165,4385,0.0015822784810126667
2015-03-25,3170,3195,3155,3170,1979,0.0015797788309637184
2015-03-26,3170,3180,3140,3170,9560,0.0
2015-03-27,3170,3170,3100,3165,4193,-0.001577287066246047
2015-03-30,3165,3200,3135,3200,1048,0.011058451816745585
2015-03-31,3195,3250,3150,3245,27298,0.014062500000000089
2015-04-01,3240,3260,3150,3220,13925,-0.007704160246533087
2015-04-02,3220,3250,3220,3220,6763,0.0
2015-04-03,3220,3235,3165,3185,2832,-0.010869565217391353
2015-04-06,3185,3230,3175,3180,10527,-0.0015698587127158659
2015-04-07,3215,3215,3180,3215,4512,0.011006289308176154
2015-04-08,3220,3260,3200,3260,18011,0.013996889580093264
2015-04-09,3270,3495,3250,3380,37867,0.036809815950920255
2015-04-10,3350,3410,3350,3370,6339,-0.00295857988165682
2015-04-13,3400,3445,3360,3360,16801,-0.0029673590504450953
2015-04-14,3350,3375,3300,3350,7983,-0.0029761904761904656
2015-04-15,3340,3360,3300,3310,4326,-0.011940298507462699
2015-04-16,3300,3330,3280,3290,12067,-0.0060422960725075026
2015-04-17,3290,3310,3275,3280,2978,-0.003039513677811523
2015-04-20,3250,3350,3210,3295,8625,0.004573170731707377
2015-04-21,3350,3350,3265,3270,9180,-0.007587253414264028
2015-04-22,3290,3295,3195,3240,12349,-0.00917431192660545
2015-04-23,3230,3260,3210,3210,6610,-0.0092592592592593
2015-04-24,3210,3240,3175,3195,3482,-0.004672897196261627
2015-04-27,3180,3210,3100,3145,20341,-0.015649452269170583
2015-04-28,3190,3235,3140,3165,1387,0.006359300476947549
2015-04-29,3165,3255,3140,3170,4731,0.0015797788309637184
2015-04-30,3150,3245,3125,3195,2632,0.007886435331230235
2015-05-04,3195,3345,3125,3305,12845,0.03442879499217533
2015-05-06,3295,3300,3170,3210,2554,-0.02874432677760963
2015-05-07,3190,3220,3150,3180,9861,-0.009345794392523366
2015-05-08,3230,3370,3160,3300,38405,0.037735849056603765
2015-05-11,3235,3310,3235,3270,2455,-0.009090909090909038
2015-05-12,3275,3310,3245,3245,2335,-0.007645259938837912
2015-05-13,3250,3310,3235,3310,3114,0.02003081664098616
2015-05-14,3290,3355,3290,3320,26481,0.0030211480362538623
2015-05-15,3300,3330,3265,3270,1872,-0.015060240963855387
2015-05-18,3310,3430,3310,3375,40109,0.032110091743119185
2015-05-19,3370,3380,3315,3380,6509,0.001481481481481417
2015-05-20,3360,3885,3360,3885,179732,0.14940828402366857
2015-05-21,4165,4400,3695,3820,507206,-0.016731016731016735
2015-05-22,3745,3745,3475,3605,265402,-0.05628272251308897
2015-05-26,3555,3600,3500,3565,89506,-0.01109570041608876
2015-05-27,3565,3565,3460,3505,95423,-0.016830294530154277
2015-05-28,3555,3555,3500,3520,37992,0.004279600570613384
2015-05-29,3520,3545,3435,3475,40139,-0.01278409090909094
2015-06-01,3435,3495,3435,3490,33258,0.004316546762589857
2015-06-02,3500,3500,3370,3425,61379,-0.01862464183381085
2015-06-03,3385,3435,3330,3400,27364,-0.007299270072992692
2015-06-04,3400,3405,3340,3380,15225,-0.00588235294117645
2015-06-05,3400,3540,3365,3495,53167,0.03402366863905315
2015-06-08,3495,3615,3470,3575,66907,0.022889842632331847
2015-06-09,3575,3650,3535,3650,60020,0.020979020979021046
2015-06-10,3650,3665,3515,3655,37249,0.00136986301369868
2015-06-11,3650,3735,3605,3710,59487,0.015047879616963078
2015-06-12,3685,3750,3675,3710,36380,0.0
2015-06-15,3670,3725,3605,3690,19824,-0.005390835579514808
2015-06-16,3650,3650,3500,3575,80034,-0.031165311653116534
2015-06-17,3555,3790,3500,3705,55144,0.036363636363636376
2015-06-18,3795,4280,3795,3930,375222,0.06072874493927127
2015-06-19,3900,3995,3750,3870,89035,-0.01526717557251911
2015-06-22,3890,4050,3770,3960,75675,0.023255813953488413
2015-06-23,3940,4080,3940,4055,50863,0.023989898989899006
2015-06-24,4020,4070,3900,3985,46074,-0.01726263871763256
2015-06-25,3925,4050,3900,3965,44120,-0.005018820577164407
2015-06-26,3915,3965,3750,3915,59925,-0.01261034047919296
2015-06-29,3810,3910,3720,3840,11263,-0.019157088122605415
2015-06-30,3890,3920,3760,3915,16278,0.01953125
2015-07-01,3915,3965,3900,3945,23799,0.00766283524904221
2015-07-02,3945,3955,3795,3865,51655,-0.020278833967046883
2015-07-03,3860,3860,3765,3765,17032,-0.02587322121604141
2015-07-06,3765,3850,3655,3655,20213,-0.02921646746347939
2015-07-07,3700,3750,3655,3680,8787,0.0068399452804377425
2015-07-08,3755,3755,3660,3710,8396,0.008152173913043459
2015-07-09,3710,3720,3560,3710,19949,0.0
2015-07-10,3640,3725,3640,3715,14430,0.0013477088948787852
2015-07-13,3680,3840,3680,3840,18028,0.03364737550471064
2015-07-14,3845,3860,3790,3840,12854,0.0
2015-07-15,3885,3885,3800,3830,8496,-0.0026041666666666297
2015-07-16,3795,3900,3795,3900,38248,0.018276762402088753
2015-07-17,3870,3960,3860,3910,25965,0.002564102564102555
2015-07-20,3940,3940,3850,3885,9426,-0.006393861892583175
2015-07-21,3825,3880,3730,3780,14996,-0.027027027027026973
2015-07-22,3780,3780,3600,3685,48491,-0.025132275132275117
2015-07-23,3680,3790,3625,3790,21687,0.028493894165535938
2015-07-24,3745,3795,3675,3770,12144,-0.00527704485488123
2015-07-27,3770,3770,3605,3670,17415,-0.02652519893899208
2015-07-28,3600,3740,3500,3690,23436,0.005449591280654031
2015-07-29,3760,3760,3575,3595,9406,-0.0257452574525745
2015-07-30,3595,3645,3505,3600,9001,0.0013908205841446364
2015-07-31,3605,3645,3500,3630,9653,0.008333333333333304
2015-08-03,3600,3700,3515,3540,13715,-0.024793388429752095
2015-08-04,3635,3640,3490,3640,7229,0.02824858757062154
2015-08-05,3660,3665,3525,3590,11781,-0.013736263736263687
2015-08-06,3590,3740,3500,3575,14782,-0.004178272980501441
2015-08-07,3570,3650,3510,3595,2076,0.005594405594405494
2015-08-10,3590,3800,3550,3590,5065,-0.0013908205841446364
2015-08-11,3610,3610,3460,3525,16390,-0.01810584958217265
2015-08-12,3520,3520,3350,3505,20573,-0.005673758865248235
2015-08-13,3515,3560,3445,3540,1722,0.009985734664764712
2015-08-17,3470,3495,3415,3470,7282,-0.019774011299435013
2015-08-18,3470,3485,3405,3475,2857,0.0014409221902016434
2015-08-19,3400,3520,3380,3470,1507,-0.0014388489208633226
2015-08-20,3380,3475,3340,3475,4580,0.0014409221902016434
2015-08-21,3505,3515,3200,3300,14459,-0.05035971223021585
2015-08-24,3175,3310,3175,3280,2529,-0.0060606060606061
2015-08-25,3345,3395,3140,3395,11833,0.035060975609756184
2015-08-26,3400,3410,3305,3340,4939,-0.016200294550810068
2015-08-27,3410,3410,3235,3400,4166,0.017964071856287456
2015-08-28,3410,3435,3310,3420,3274,0.00588235294117645
2015-08-31,3500,3500,3330,3370,1233,-0.014619883040935644
2015-09-01,3300,3525,3300,3435,4517,0.01928783382789323
2015-09-02,3310,3430,3175,3360,34670,-0.02183406113537123
2015-09-03,3395,3430,3255,3265,26468,-0.028273809523809534
2015-09-04,3295,3340,3180,3195,22447,-0.02143950995405819
2015-09-07,3330,3330,3190,3220,8455,0.00782472613458518
2015-09-08,3275,3340,3260,3305,5130,0.026397515527950333
2015-09-09,3350,3390,3300,3345,6589,0.012102874432677657
2015-09-10,3400,3400,3345,3390,7185,0.013452914798206317
2015-09-11,3390,3400,3310,3380,6084,-0.002949852507374673
2015-09-14,3360,3360,3265,3295,8950,-0.025147928994082802
2015-09-15,3295,3295,3225,3290,12306,-0.0015174506828528056
2015-09-16,3320,3320,3255,3295,21464,0.001519756838905817
2015-09-17,3295,3330,3255,3305,5477,0.003034901365705611
2015-09-18,3350,3450,3300,3305,14879,0.0
2015-09-21,3305,3380,3225,3345,17079,0.012102874432677657
2015-09-22,3345,3425,3260,3275,5769,-0.020926756352765308
2015-09-23,3365,3365,3230,3260,16295,-0.004580152671755711
2015-09-24,3390,3390,3205,3210,9411,-0.015337423312883458
2015-09-25,3225,3240,3150,3210,23312,0.0
2015-09-30,3200,3220,3170,3215,2806,0.0015576323987538387
2015-10-01,3215,3260,3195,3260,8969,0.013996889580093264
2015-10-02,3260,3275,3190,3205,14386,-0.016871165644171793
2015-10-05,3260,3265,3200,3245,10393,0.012480499219968744
2015-10-06,3220,3295,3205,3270,23772,0.007704160246533087
2015-10-07,3255,3420,3255,3400,41399,0.039755351681957096
2015-10-08,3480,3900,3480,3720,292328,0.09411764705882364
2015-10-12,3875,3990,3620,3720,246883,0.0
2015-10-13,3830,3830,3560,3750,75869,0.008064516129032251
2015-10-14,3700,3700,3525,3650,36844,-0.026666666666666616
2015-10-15,3650,3680,3550,3550,16555,-0.0273972602739726
2015-10-16,3615,3615,3410,3460,67112,-0.025352112676056304
2015-10-19,3510,3520,3420,3455,12459,-0.0014450867052022698
2015-10-20,3470,3510,3380,3485,59146,0.00868306801736618
2015-10-21,3485,3500,3400,3440,24744,-0.012912482065997155
2015-10-22,3480,3480,3395,3420,16100,-0.005813953488372103
2015-10-23,3475,3490,3420,3450,10834,0.00877192982456143
2015-10-26,3500,3545,3450,3480,10225,0.008695652173912993
2015-10-27,3545,3545,3415,3460,18615,-0.005747126436781658
2015-10-28,3520,3520,3385,3445,8607,-0.00433526011560692
2015-10-29,3445,3480,3390,3390,11023,-0.01596516690856309
2015-10-30,3485,3485,3355,3430,11167,0.01179941002949847
2015-11-02,3490,3525,3400,3470,6393,0.011661807580174877
2015-11-03,3470,3470,3400,3470,7318,0.0
2015-11-04,3505,3510,3430,3500,7186,0.008645533141210304
2015-11-05,3500,3550,3460,3500,6121,0.0
2015-11-06,3500,3545,3475,3480,3590,-0.005714285714285672
2015-11-09,3490,3515,3380,3515,5642,0.010057471264367734
2015-11-10,3515,3550,3360,3385,17916,-0.0369843527738265
2015-11-11,3380,3410,3360,3405,3136,0.005908419497784312
2015-11-12,3470,3480,3420,3470,8017,0.019089574155653377
2015-11-13,3425,3470,3350,3395,9081,-0.021613832853025983
2015-11-16,3330,3390,3270,3295,10677,-0.02945508100147276
2015-11-17,3220,3460,3220,3255,19405,-0.012139605462822445
2015-11-18,3255,3320,3100,3205,26923,-0.015360983102918557
2015-11-19,3250,3250,3150,3220,18971,0.004680187207488196
2015-11-20,3245,3270,3170,3220,5805,0.0
2015-11-23,3225,3320,3225,3230,3257,0.0031055900621117516
2015-11-24,3250,3325,3230,3325,3267,0.02941176470588225
2015-11-25,3250,3450,3250,3330,3332,0.0015037593984963404
2015-11-26,3400,3400,3295,3320,3498,-0.0030030030030030463
2015-11-27,3320,3320,3210,3220,8955,-0.030120481927710885
2015-11-30,3205,3270,3205,3250,6081,0.009316770186335477
2015-12-01,3225,3270,3205,3260,3077,0.003076923076922977
2015-12-02,3240,3310,3240,3305,1406,0.013803680981595123
2015-12-03,3300,3390,3200,3220,15901,-0.02571860816944027
2015-12-04,3190,3370,3190,3240,8247,0.006211180124223503
2015-12-07,3240,3350,3220,3290,2683,0.015432098765432167
2015-12-08,3330,3330,3210,3255,2943,-0.010638297872340385
2015-12-09,3350,3350,3235,3285,671,0.009216589861751112
2015-12-10,3235,3295,3230,3245,3018,-0.0121765601217656
2015-12-11,3235,3260,3120,3240,8167,-0.0015408320493066618
2015-12-14,3200,3275,3200,3230,11744,-0.0030864197530864335
2015-12-15,3250,3310,3190,3310,1055845,0.024767801857585203
2015-12-16,3250,3360,3250,3345,4677,0.010574018126888296
2015-12-17,3305,3340,3285,3325,4179,-0.005979073243647215
2015-12-18,3360,3380,3335,3365,7225,0.012030075187969835
2015-12-21,3300,3400,3300,3400,3170,0.010401188707280795
2015-12-22,3400,3900,3395,3500,106103,0.02941176470588225
2015-12-23,3500,3680,3465,3490,33384,-0.0028571428571428914
2015-12-24,3465,3520,3370,3470,9999,-0.005730659025787954
2015-12-28,3435,3495,3430,3480,10021,0.0028818443804035088
2015-12-29,3445,3525,3445,3520,6976,0.011494252873563315
2015-12-30,3500,3540,3450,3520,3722,0.0
2016-01-04,3520,3635,3490,3490,7127,-0.008522727272727293
2016-01-05,3440,3500,3410,3485,793,-0.0014326647564469885
2016-01-06,3415,3495,3385,3495,10462,0.0028694404591105283
2016-01-07,3490,3555,3430,3555,2149,0.01716738197424883
2016-01-08,3500,3500,3315,3455,10270,-0.02812939521800284
2016-01-11,3480,3540,3375,3390,3236,-0.01881331403762665
2016-01-12,3380,3430,3350,3400,2879,0.002949852507374562
2016-01-13,3440,3450,3395,3405,654,0.0014705882352941124
2016-01-14,3360,3460,3350,3375,1440,-0.008810572687224627
2016-01-15,3390,3440,3335,3440,794,0.01925925925925931
2016-01-18,3385,3450,3370,3380,510,-0.01744186046511631
2016-01-19,3380,3410,3380,3395,170,0.004437869822485174
2016-01-20,3350,3430,3250,3360,4548,-0.010309278350515427
2016-01-21,3325,3365,3220,3220,6131,-0.04166666666666663
2016-01-22,3230,3375,3215,3220,3973,0.0
2016-01-25,3420,3420,3240,3285,1717,0.020186335403726607
2016-01-26,3350,3350,3235,3280,3587,-0.0015220700152207556
2016-01-27,3225,3290,3205,3210,4050,-0.021341463414634165
2016-01-28,3200,3260,3155,3225,7288,0.004672897196261738
2016-01-29,3200,3300,3200,3285,507,0.018604651162790642
2016-02-01,3205,3265,3155,3170,3360,-0.03500761035007616
2016-02-02,3160,3190,3150,3175,1258,0.001577287066246047
2016-02-03,3155,3240,3155,3235,405,0.018897637795275646
2016-02-04,3175,3260,3175,3255,871,0.0061823802163833985
2016-02-05,3215,3270,3190,3245,398,-0.003072196620583667
2016-02-11,3150,3270,3150,3205,1747,-0.012326656394452962
2016-02-12,3150,3270,2995,3005,13725,-0.06240249609984394
2016-02-15,3010,3210,3010,3065,6374,0.019966722129783676
2016-02-16,3150,3150,3015,3095,2194,0.00978792822185981
2016-02-17,3100,3230,3080,3080,1854,-0.004846526655896577
2016-02-18,3080,3670,3080,3210,30277,0.04220779220779214
2016-02-19,3160,3270,3150,3270,5733,0.01869158878504673
2016-02-22,3310,3310,3220,3270,958,0.0
2016-02-23,3300,3300,3200,3270,749,0.0
2016-02-24,3270,3270,3185,3225,593,-0.013761467889908285
2016-02-25,3190,3235,3190,3235,1745,0.0031007751937983663
2016-02-26,3295,3300,3190,3250,1834,0.004636785162287493
2016-02-29,3170,3245,3170,3230,3344,-0.006153846153846176
2016-03-02,3230,3265,3120,3200,7494,-0.009287925696594423
2016-03-03,3280,3280,3190,3250,6162,0.015625
2016-03-04,3260,3260,3210,3255,1433,0.0015384615384614886
2016-03-07,3300,3310,3200,3260,1177,0.001536098310291889
2016-03-08,3220,3280,3215,3270,3263,0.0030674846625766694
2016-03-09,3370,3745,3290,3530,105512,0.07951070336391441
2016-03-10,3530,3780,3470,3750,84029,0.062322946175637384
2016-03-11,3750,3790,3650,3650,7587,-0.026666666666666616
2016-03-14,3650,3665,3600,3620,1162,-0.008219178082191747
2016-03-15,3520,3550,3465,3510,4443,-0.03038674033149169
2016-03-16,3505,3575,3445,3530,3219,0.005698005698005604
2016-03-17,3530,3530,3460,3495,1340,-0.009915014164305958
2016-03-18,3475,3600,3470,3585,2374,0.025751072961373467
2016-03-21,3640,3640,3460,3500,39343,-0.023709902370990243
2016-03-22,3480,3500,3400,3485,9067,-0.004285714285714337
2016-03-23,3485,3540,3175,3310,181675,-0.050215208034433245
2016-03-24,3300,3390,3260,3390,21630,0.024169184290030232
2016-03-25,3390,3400,3330,3390,12754,0.0
2016-03-28,3315,3400,3265,3370,68701,-0.005899705014749235
2016-03-29,3350,3385,3305,3385,16016,0.004451038575667754
2016-03-30,3385,3465,3355,3465,29936,0.02363367799113747
2016-03-31,3465,3480,3410,3440,5321,-0.00721500721500723
2016-04-01,3465,3465,3395,3445,6326,0.0014534883720929148
2016-04-04,3400,3470,3350,3470,15472,0.007256894049346929
2016-04-05,3490,3585,3480,3585,17344,0.033141210374639796
2016-04-06,3550,3625,3500,3600,19995,0.004184100418409997
2016-04-07,3560,3640,3530,3530,683,-0.019444444444444486
2016-04-08,3485,3650,3425,3590,26237,0.016997167138810276
2016-04-11,3590,3620,3540,3600,6506,0.0027855153203342198
2016-04-12,3600,3630,3505,3525,6759,-0.02083333333333337
2016-04-14,3540,3620,3400,3550,3913,0.007092198581560183
2016-04-15,3635,3635,3470,3550,1842,0.0
2016-04-18,3525,3575,3495,3550,828,0.0
2016-04-19,3525,3600,3485,3565,42021,0.004225352112676051
2016-04-20,3670,3720,3500,3555,53362,-0.0028050490883591017
2016-04-21,3600,3845,3590,3630,71193,0.021097046413502074
2016-04-22,3590,3900,3550,3785,102152,0.04269972451790638
2016-04-25,3880,4800,3825,4195,817483,0.10832232496697491
2016-04-26,4255,4255,4050,4110,120660,-0.020262216924910592
2016-04-27,4120,4130,3800,3910,116601,-0.048661800486618056
2016-04-28,3870,3920,3760,3800,57435,-0.02813299232736577
2016-04-29,3790,3850,3730,3755,36557,-0.011842105263157876
2016-05-02,3770,3770,3590,3650,78691,-0.0279627163781625
2016-05-03,3690,3750,3625,3685,10872,0.009589041095890316
2016-05-04,3660,3745,3550,3645,61059,-0.01085481682496603
2016-05-09,3690,3690,3600,3650,35389,0.00137174211248281
2016-05-10,3650,3730,3650,3710,24050,0.016438356164383494
2016-05-11,3765,3765,3655,3710,31810,0.0
2016-05-12,3685,3740,3640,3730,26287,0.005390835579514919
2016-05-13,3785,3785,3725,3755,18664,0.006702412868632601
2016-05-16,3705,3815,3705,3790,15806,0.009320905459387463
2016-05-17,3750,3750,3600,3680,30837,-0.02902374670184693
2016-05-18,3675,3790,3580,3620,25882,-0.016304347826086918
2016-05-19,3620,3780,3590,3620,8617,0.0
2016-05-20,3650,3650,3405,3640,57100,0.005524861878453136
2016-05-23,3600,3640,3545,3640,18391,0.0
2016-05-24,3650,3685,3575,3655,18828,0.004120879120879106
2016-05-25,3665,3745,3635,3735,32899,0.02188782489740082
2016-05-26,3735,3750,3625,3675,13263,-0.016064257028112428
2016-05-27,3675,3700,3610,3610,4448,-0.017687074829931926
2016-05-30,3610,3610,3550,3570,3661,-0.011080332409972304
2016-05-31,3540,3690,3540,3610,5213,0.011204481792717047
2016-06-01,3610,3690,3540,3595,16290,-0.0041551246537395725
2016-06-02,3580,3690,3580,3650,12828,0.015299026425591
2016-06-03,3610,3680,3580,3655,4902,0.00136986301369868
2016-06-07,3650,3715,3595,3645,17551,-0.002735978112175075
2016-06-08,3650,3705,3550,3630,32856,-0.004115226337448541
2016-06-09,3580,3630,3540,3630,7971,0.0
2016-06-10,3585,3665,3550,3640,13211,0.0027548209366390353
2016-06-13,3600,3640,3540,3615,17518,-0.006868131868131844
2016-06-14,3615,3655,3550,3615,5438,0.0
2016-06-15,3565,3630,3540,3590,4053,-0.006915629322268302
2016-06-16,3565,3620,3540,3555,8410,-0.00974930362116988
2016-06-17,3565,3600,3515,3550,15360,-0.0014064697609000865
2016-06-20,3635,3635,3530,3600,9607,0.014084507042253502
2016-06-21,3595,3650,3565,3635,5858,0.009722222222222188
2016-06-22,3610,3710,3585,3710,13846,0.02063273727647874
2016-06-23,3710,3735,3630,3695,13581,-0.0040431266846361336
2016-06-24,3695,3750,3330,3555,33032,-0.0378890392422192
2016-06-27,3400,3540,3350,3440,14971,-0.03234880450070321
2016-06-28,3400,3525,3380,3525,11703,0.024709302325581328
2016-06-29,3500,3630,3500,3600,19225,0.02127659574468077
2016-06-30,3590,3675,3525,3595,5811,-0.001388888888888884
2016-07-01,3525,3600,3520,3600,10199,0.0013908205841446364
2016-07-04,3600,3600,3500,3575,38282,-0.00694444444444442
2016-07-05,3575,3605,3550,3585,12555,0.002797202797202747
2016-07-06,3575,3640,3495,3545,19928,-0.01115760111576014
2016-07-07,3520,3600,3520,3590,9520,0.012693935119887145
2016-07-08,3670,3670,3500,3500,24429,-0.02506963788300831
2016-07-11,3540,3565,3470,3535,23239,0.010000000000000009
2016-07-12,3500,3570,3490,3570,10945,0.00990099009900991
2016-07-13,3600,3790,3600,3730,160042,0.04481792717086841
2016-07-14,3750,3770,3680,3710,22167,-0.00536193029490617
2016-07-15,3740,3790,3690,3750,26627,0.010781671159029615
2016-07-18,3750,3900,3730,3830,46559,0.021333333333333426
2016-07-19,3890,3900,3780,3820,23770,-0.0026109660574412663
2016-07-20,3815,3860,3790,3800,23202,-0.005235602094240788
2016-07-21,3865,3865,3720,3720,19477,-0.021052631578947323
2016-07-22,3670,3750,3670,3715,2730,-0.0013440860215053752
2016-07-25,3670,3755,3650,3750,25165,0.009421265141319024
2016-07-26,3700,3820,3690,3770,2558,0.005333333333333412
2016-07-27,3785,3785,3710,3745,6827,-0.006631299734747964
2016-07-28,3700,3770,3685,3715,2093,-0.008010680907877155
2016-07-29,3770,3825,3710,3775,8757,0.016150740242261152
2016-08-01,3875,3875,3750,3780,11957,0.0013245033112583293
2016-08-02,3780,3840,3780,3800,12373,0.005291005291005346
2016-08-03,3800,3830,3730,3745,9492,-0.014473684210526305
2016-08-04,3745,3820,3745,3810,6190,0.01735647530040052
2016-08-05,3880,3880,3750,3785,8303,-0.006561679790026198
2016-08-08,3755,3840,3745,3790,7830,0.0013210039630118242
2016-08-09,3780,3845,3735,3790,9086,0.0
2016-08-10,3765,3825,3695,3715,15146,-0.01978891820580475
2016-08-11,3715,3890,3650,3790,32173,0.020188425302826385
2016-08-12,3785,3790,3715,3760,8280,-0.0079155672823219
2016-08-16,3760,3790,3730,3770,5937,0.0026595744680850686
2016-08-17,3850,3970,3790,3905,120538,0.035809018567639184
2016-08-18,3950,3950,3880,3925,41588,0.005121638924455718
2016-08-19,3925,3980,3825,3925,31414,0.0
2016-08-22,3925,3975,3885,3900,29369,-0.006369426751592355
2016-08-23,3925,3925,3805,3880,16380,-0.00512820512820511
2016-08-24,3910,3910,3820,3840,21566,-0.010309278350515427
2016-08-25,3845,3875,3800,3820,24071,-0.00520833333333337
2016-08-26,3820,3850,3775,3835,7960,0.003926701570680535
2016-08-29,3870,3870,3650,3685,35657,-0.039113428943937434
2016-08-30,3665,3750,3640,3715,21078,0.008141112618724522
2016-08-31,3715,3740,3650,3700,11720,-0.004037685060565233
2016-09-01,3735,3760,3710,3745,8850,0.012162162162162149
2016-09-02,3720,3790,3690,3785,21352,0.010680907877169465
2016-09-05,3750,3885,3715,3845,32333,0.01585204755614278
2016-09-06,3875,4070,3850,4040,115153,0.050715214564369226
2016-09-07,4040,4120,3985,4100,65299,0.014851485148514865
2016-09-08,4100,4100,4010,4080,27104,-0.004878048780487809
2016-09-09,4080,4080,3950,3985,22798,-0.023284313725490224
2016-09-12,3870,3995,3855,3995,15662,0.0025094102885820924
2016-09-13,4050,4050,3930,4015,16649,0.005006257822277815
2016-09-19,4050,4050,3900,3950,13223,-0.016189290161892855
2016-09-20,3950,4030,3870,4025,10857,0.018987341772152
2016-09-21,4025,4045,3980,4020,19179,-0.001242236024844745
2016-09-22,4015,4150,3990,4125,24410,0.026119402985074647
2016-09-23,4125,4160,4055,4120,10255,-0.00121212121212122
2016-09-26,4075,4155,4045,4075,8297,-0.01092233009708743
2016-09-27,4020,4140,3920,4110,13886,0.008588957055214674
2016-09-28,4110,4270,4070,4270,73656,0.038929440389294356
2016-09-29,4275,4275,4170,4240,17682,-0.007025761124121788
2016-09-30,4175,4195,4025,4090,37443,-0.035377358490566
2016-10-04,4085,4150,4015,4050,28365,-0.009779951100244544
2016-10-05,4050,4165,4035,4085,9336,0.00864197530864197
2016-10-06,4145,4145,4020,4115,9792,0.007343941248469932
2016-10-07,4095,4280,4085,4120,20244,0.0012150668286756705
2016-10-10,4100,4190,3975,4060,14605,-0.014563106796116498
2016-10-11,4105,4105,3935,4015,21266,-0.011083743842364546
2016-10-12,4000,4130,3940,4000,16926,-0.0037359900373599153
2016-10-13,3960,4020,3910,3955,26299,-0.011249999999999982
2016-10-14,3965,3965,3910,3955,15159,0.0
2016-10-17,3955,3955,3845,3860,12823,-0.024020227560050622
2016-10-18,3830,4070,3825,4025,16219,0.042746113989637236
2016-10-19,3945,4025,3925,4020,9181,-0.001242236024844745
2016-10-20,4040,4050,3990,4020,4725,0.0
2016-10-21,4000,4065,4000,4015,10124,-0.0012437810945273853
2016-10-24,4010,4050,3965,4020,12512,0.001245330012453305
2016-10-25,4030,4070,3955,4020,6850,0.0
2016-10-26,3950,4025,3800,4015,29526,-0.0012437810945273853
2016-10-27,4015,4015,3930,4015,4078,0.0
2016-10-28,3980,4115,3950,4050,4328,0.008717310087173136
2016-10-31,4050,4090,3835,3920,12239,-0.032098765432098775
2016-11-01,3915,3935,3850,3900,2557,-0.005102040816326481
2016-11-02,3845,3925,3685,3840,24495,-0.01538461538461533
2016-11-03,3685,3800,3685,3750,11486,-0.0234375
2016-11-04,3750,3880,3650,3880,3695,0.03466666666666662
2016-11-07,3800,3870,3765,3865,6265,-0.0038659793814432852
2016-11-08,3865,3940,3795,3935,5154,0.018111254851228997
2016-11-09,3900,3960,3530,3730,13953,-0.05209656925031769
2016-11-10,3770,3900,3730,3880,8120,0.04021447721179627
2016-11-11,3805,3875,3750,3805,16037,-0.019329896907216537
2016-11-14,3850,3850,3750,3785,1657,-0.005256241787122251
2016-11-15,3785,3845,3700,3735,22488,-0.013210039630118908
2016-11-16,3735,3845,3735,3835,28594,0.02677376171352086
2016-11-17,3835,3865,3795,3865,9605,0.007822685788787531
2016-11-18,3865,3865,3730,3785,21528,-0.02069857697283317
2016-11-21,3720,3870,3720,3850,17664,0.017173051519154603
2016-11-22,3815,3875,3805,3805,1665,-0.011688311688311637
2016-11-23,3805,3895,3685,3700,15625,-0.02759526938239154
2016-11-24,3715,3745,3585,3650,37599,-0.013513513513513487
2016-11-25,3630,3695,3600,3630,13581,-0.005479452054794498
2016-11-28,3630,3750,3595,3700,6244,0.019283746556473913
2016-11-29,3650,3670,3600,3655,26059,-0.012162162162162149
2016-11-30,3630,3800,3625,3625,6198,-0.008207934336525335
2016-12-01,3625,3780,3495,3525,47450,-0.02758620689655178
2016-12-02,3525,3525,3440,3440,14635,-0.024113475177305
2016-12-05,3440,3470,3245,3245,34690,-0.0566860465116279
2016-12-06,3265,3440,3255,3345,46441,0.03081664098613257
2016-12-07,3345,3595,3265,3285,24932,-0.017937219730941756
2016-12-08,3340,3595,3290,3410,50687,0.03805175038051756
2016-12-09,3410,3475,3360,3475,9641,0.019061583577712593
2016-12-12,3470,3585,3375,3585,12886,0.031654676258992875
2016-12-13,3585,3585,3450,3565,8119,-0.00557880055788007
2016-12-14,3525,3585,3495,3575,3209,0.0028050490883591017
2016-12-15,3510,3600,3510,3590,1429,0.00419580419580412
2016-12-16,3600,3645,3580,3615,4147,0.0069637883008355494
2016-12-19,3615,3615,3530,3590,3515,-0.006915629322268302
2016-12-20,3590,3590,3515,3545,6369,-0.012534818941504211
2016-12-21,3545,3630,3545,3615,10210,0.019746121297602226
2016-12-22,3615,3630,3560,3610,3507,-0.0013831258644536604
2016-12-23,3630,3630,3580,3630,3239,0.005540166204986097
2016-12-26,3600,3630,3580,3625,2711,-0.0013774104683195176
2016-12-27,3620,3645,3585,3645,7224,0.0055172413793103114
2016-12-28,3590,3640,3580,3625,4395,-0.005486968449931462
2016-12-29,3650,3650,3560,3625,3687,0.0
2017-01-02,3620,3670,3565,3670,1898,0.012413793103448256
2017-01-03,3670,3790,3520,3745,8118,0.02043596730245234
2017-01-04,3745,3785,3690,3785,14680,0.010680907877169465
2017-01-05,3790,3790,3705,3780,4357,-0.0013210039630119352
2017-01-06,3775,3800,3710,3750,2644,-0.007936507936507908
2017-01-09,3770,3770,3660,3710,5948,-0.010666666666666713
2017-01-10,3655,3725,3630,3710,3809,0.0
2017-01-11,3710,3735,3630,3710,3887,0.0
2017-01-12,3680,3735,3615,3690,10042,-0.005390835579514808
2017-01-13,3620,3795,3620,3645,1339,-0.012195121951219523
2017-01-16,3675,3790,3545,3690,3804,0.012345679012345734
2017-01-17,3700,3750,3585,3645,6515,-0.012195121951219523
2017-01-18,3685,3700,3660,3685,3333,0.010973936899862924
2017-01-19,3685,3740,3650,3700,2319,0.004070556309362372
2017-01-20,3700,3700,3660,3670,65,-0.008108108108108136
2017-01-23,3700,3700,3615,3660,764,-0.0027247956403270157
2017-01-24,3620,3660,3530,3640,1600,-0.005464480874316946
2017-01-25,3550,3635,3550,3620,2166,-0.005494505494505475
2017-01-26,3620,3690,3620,3645,6321,0.006906077348066253
2017-01-31,3680,3750,3630,3630,2839,-0.004115226337448541
2017-02-01,3650,3680,3595,3595,3372,-0.009641873278236957
2017-02-02,3655,3670,3495,3635,10318,0.011126564673157091
2017-02-03,3685,3685,3540,3620,343,-0.004126547455295726
2017-02-06,3620,3690,3545,3660,3469,0.011049723756906049
2017-02-07,3660,3680,3575,3595,2524,-0.01775956284153002
2017-02-08,3655,3655,3535,3605,811,0.0027816411682892728
2017-02-09,3640,3665,3595,3600,1090,-0.001386962552011095
2017-02-10,3510,3670,3510,3600,1879,0.0
2017-02-13,3635,3635,3550,3590,7374,-0.002777777777777768
2017-02-14,3590,3660,3540,3590,3257,0.0
2017-02-15,3630,3690,3540,3610,6267,0.0055710306406684396
2017-02-16,3610,3630,3465,3475,25022,-0.037396121883656486
2017-02-17,3500,3500,3415,3430,4107,-0.012949640287769792
2017-02-20,3435,3550,3405,3545,14744,0.03352769679300294
2017-02-21,3490,3570,3440,3490,4934,-0.015514809590973178
2017-02-22,3490,3520,3470,3495,3231,0.0014326647564470996
2017-02-23,3530,3540,3440,3505,12701,0.0028612303290413976
2017-02-24,3500,3540,3485,3510,7167,0.0014265335235377208
2017-02-27,3540,3540,3460,3540,2840,0.008547008547008517
2017-02-28,3520,3580,3490,3540,5148,0.0
2017-03-02,3540,3540,3490,3535,1962,-0.0014124293785310327
2017-03-03,3540,3590,3460,3515,14175,-0.005657708628005631
2017-03-06,3505,3595,3480,3515,4543,0.0
2017-03-07,3515,3565,3465,3510,1309,-0.0014224751066855834
2017-03-08,3510,3540,3410,3470,17215,-0.01139601139601143
2017-03-09,3455,3510,3400,3500,9001,0.008645533141210304
2017-03-10,3545,3595,3515,3570,6411,0.020000000000000018
2017-03-13,3570,3600,3500,3545,17856,-0.007002801120448154
2017-03-14,3530,3530,3475,3510,6171,-0.009873060648801113
2017-03-15,3495,3505,3435,3470,12165,-0.01139601139601143
2017-03-16,3470,3515,3390,3430,27833,-0.011527377521613813
2017-03-17,3425,3435,3390,3435,18223,0.001457725947521915
2017-03-20,3430,3480,3370,3415,15785,-0.005822416302765698
2017-03-21,3410,3410,3340,3400,27109,-0.004392386530014614
2017-03-22,3400,3495,3365,3425,8608,0.007352941176470562
2017-03-23,3390,3460,3370,3460,6347,0.010218978102189746
2017-03-24,3440,3480,3420,3425,5736,-0.010115606936416222
2017-03-27,3425,3580,3425,3480,10123,0.016058394160583855
2017-03-28,3480,3480,3425,3480,9403,0.0
2017-03-29,3480,3480,3385,3440,15994,-0.011494252873563204
2017-03-30,3430,3430,3370,3410,3254,-0.008720930232558155
2017-03-31,3410,3480,3375,3480,4789,0.02052785923753664
2017-04-03,3490,3540,3480,3530,10822,0.014367816091954033
2017-04-04,3530,3535,3485,3530,5659,0.0
2017-04-05,3500,3560,3500,3550,14954,0.0056657223796034994
2017-04-06,3550,3555,3490,3515,11437,-0.009859154929577452
2017-04-07,3500,3540,3490,3520,1951,0.0014224751066855834
2017-04-10,3520,3545,3480,3495,22612,-0.007102272727272707
2017-04-11,3525,3580,3515,3580,15801,0.024320457796852546
2017-04-12,3580,3590,3530,3590,5950,0.0027932960893854997
2017-04-13,3590,3605,3540,3600,3212,0.0027855153203342198
2017-04-14,3595,3600,3540,3600,7189,0.0
2017-04-17,3600,3620,3510,3620,17839,0.005555555555555536
2017-04-18,3620,3700,3555,3640,9624,0.005524861878453136
2017-04-19,3640,3720,3580,3710,25112,0.019230769230769162
2017-04-20,3710,3800,3650,3730,24433,0.005390835579514919
2017-04-21,3730,3755,3650,3660,3608,-0.018766756032171594
2017-04-24,3700,3700,3610,3635,5122,-0.006830601092896127
2017-04-25,3635,3690,3620,3640,2452,0.0013755158184318717
2017-04-26,3640,3695,3600,3670,8448,0.008241758241758212
2017-04-27,3670,3720,3635,3690,4595,0.005449591280654031
2017-04-28,3690,3700,3585,3610,10420,-0.02168021680216803
2017-05-02,3610,3610,3550,3600,10717,-0.0027700831024930483
2017-05-04,3600,3695,3595,3675,9429,0.02083333333333326
2017-05-08,3675,3725,3635,3640,9701,-0.00952380952380949
2017-05-10,3650,3760,3640,3760,25623,0.03296703296703307
2017-05-11,3745,3770,3660,3770,13451,0.0026595744680850686
2017-05-12,3770,3770,3695,3750,4980,-0.0053050397877983935
2017-05-15,3770,3770,3700,3740,4390,-0.002666666666666706
2017-05-16,3650,3720,3650,3705,27995,-0.009358288770053513
2017-05-17,3705,3745,3600,3720,36316,0.004048582995951344
2017-05-18,3650,3705,3600,3650,7939,-0.018817204301075252
2017-05-19,3650,3750,3650,3750,52958,0.027397260273972712
2017-05-22,3760,3815,3760,3810,17202,0.016000000000000014
2017-05-23,3830,3845,3775,3805,3369,-0.001312335958005284
2017-05-24,3805,3845,3750,3835,9944,0.007884362680683266
2017-05-25,3835,3860,3785,3825,20092,-0.0026075619295958807
2017-05-26,3820,3850,3770,3835,17541,0.002614379084967311
2017-05-29,3830,3855,3695,3715,29514,-0.0312907431551499
2017-05-30,3705,3775,3690,3775,43828,0.016150740242261152
2017-05-31,3780,3840,3735,3840,15495,0.017218543046357615
2017-06-01,3835,3840,3770,3810,5164,-0.0078125
2017-06-02,3820,3850,3755,3820,32394,0.002624671916010568
2017-06-05,3820,3855,3760,3805,16075,-0.003926701570680646
2017-06-07,3800,3805,3760,3795,9174,-0.0026281208935611255
2017-06-08,3790,3830,3760,3820,18861,0.006587615283267567
2017-06-09,3800,3845,3725,3760,52091,-0.015706806282722474
2017-06-12,3760,3835,3705,3745,15036,-0.003989361702127714
2017-06-13,3745,3795,3700,3745,21429,0.0
2017-06-14,3725,3820,3700,3760,10618,0.004005340453938633
2017-06-15,3765,3765,3710,3760,6825,0.0
2017-06-16,3760,3790,3700,3785,14996,0.0066489361702126715
2017-06-19,3780,3825,3765,3810,17312,0.006605019815059343
2017-06-20,3810,3840,3760,3785,8224,-0.006561679790026198
2017-06-21,3785,3820,3745,3810,3351,0.006605019815059343
2017-06-22,3765,3830,3765,3805,2453,-0.001312335958005284
2017-06-23,3810,3840,3750,3800,4752,-0.0013140604467805073
2017-06-26,3795,3840,3785,3835,23380,0.009210526315789558
2017-06-27,3835,3850,3775,3835,4495,0.0
2017-06-28,3835,3835,3775,3835,38530,0.0
2017-06-29,3840,3850,3805,3830,5492,-0.0013037809647978849
2017-06-30,3830,3830,3765,3820,11253,-0.0026109660574412663
2017-07-03,3775,3820,3775,3775,6930,-0.011780104712041939
2017-07-04,3780,3820,3740,3805,12161,0.007947019867549754
2017-07-05,3770,3815,3770,3805,4134,0.0
2017-07-06,3805,3805,3760,3800,5436,-0.0013140604467805073
2017-07-07,3800,3800,3755,3800,5206,0.0
2017-07-10,3775,3815,3755,3815,4608,0.003947368421052699
2017-07-11,3800,3815,3750,3750,17397,-0.017038007863695914
2017-07-12,3770,3770,3730,3750,1832,0.0
2017-07-13,3755,3755,3665,3750,10572,0.0
2017-07-14,3735,3740,3645,3685,25403,-0.01733333333333331
2017-07-17,3620,3665,3605,3610,7454,-0.020352781546811416
2017-07-18,3610,3610,3505,3570,12985,-0.011080332409972304
2017-07-19,3570,3615,3540,3610,5572,0.011204481792717047
2017-07-20,3605,3640,3555,3625,2096,0.0041551246537396835
2017-07-21,3620,3660,3620,3645,9081,0.0055172413793103114
2017-07-24,3645,3675,3585,3620,2721,-0.006858710562414272
2017-07-25,3645,3645,3585,3610,2837,-0.002762430939226568
2017-07-26,3640,3640,3560,3615,3755,0.0013850415512466352
2017-07-27,3615,3645,3570,3600,6219,-0.004149377593360981
2017-07-28,3610,3630,3540,3600,7290,0.0
2017-07-31,3600,3630,3460,3530,9698,-0.019444444444444486
2017-08-01,3510,3585,3500,3530,7129,0.0
2017-08-02,3530,3645,3500,3510,5246,-0.005665722379603388
2017-08-03,3520,3535,3475,3475,1361,-0.009971509971509973
2017-08-04,3490,3560,3460,3535,2485,0.01726618705035965
2017-08-07,3575,3575,3505,3575,8346,0.011315417256011262
2017-08-08,3575,3625,3500,3625,3674,0.013986013986013957
2017-08-09,3600,3600,3520,3520,3413,-0.0289655172413793
2017-08-10,3505,3580,3480,3565,3498,0.012784090909090828
2017-08-11,3515,3560,3460,3460,6968,-0.029453015427770013
2017-08-14,3500,3500,3405,3440,7095,-0.005780346820809301
2017-08-16,3425,3495,3355,3495,9538,0.015988372093023173
2017-08-17,3485,3585,3450,3575,11185,0.022889842632331847
2017-08-18,3570,3570,3450,3570,14751,-0.0013986013986013734
2017-08-21,3570,3570,3455,3455,1886,-0.03221288515406162
2017-08-22,3475,3600,3475,3530,3749,0.02170767004341534
2017-08-23,3505,3575,3470,3470,587,-0.016997167138810165
2017-08-24,3520,3520,3430,3495,2988,0.007204610951008661
2017-08-25,3495,3545,3420,3505,6342,0.0028612303290413976
2017-08-28,3510,3775,3490,3550,44752,0.012838801711840153
2017-08-29,3590,3610,3505,3505,2373,-0.012676056338028152
2017-08-30,3525,3575,3490,3515,13672,0.0028530670470756636
2017-08-31,3500,3535,3465,3495,11284,-0.005689900426742556
2017-09-01,3495,3590,3450,3490,16777,-0.0014306151645206988
2017-09-04,3450,3590,3440,3510,6877,0.005730659025787954
2017-09-05,3510,3760,3455,3505,130414,-0.0014245014245014564
2017-09-06,3540,3580,3495,3545,4998,0.011412268188302432
2017-09-07,3545,3580,3520,3570,8841,0.007052186177715081
2017-09-08,3520,3585,3520,3570,1631,0.0
2017-09-11,3570,3595,3520,3580,6096,0.0028011204481792618
2017-09-12,3580,3580,3550,3570,2857,-0.0027932960893854997
2017-09-13,3570,4135,3550,3620,962798,0.014005602240896309
2017-09-14,3600,3720,3500,3515,131385,-0.029005524861878462
2017-09-15,3530,3710,3510,3570,97771,0.01564722617354186
2017-09-18,3575,3625,3545,3570,11945,0.0
2017-09-19,3570,3640,3565,3595,11664,0.007002801120448154
2017-09-20,3595,3600,3555,3570,11112,-0.006954102920723182
2017-09-21,3570,3595,3535,3570,4319,0.0
2017-09-22,3590,3590,3415,3515,27580,-0.01540616246498594
2017-09-25,3440,3485,3320,3320,24340,-0.05547652916073964
2017-09-26,3385,3395,3255,3395,12599,0.02259036144578319
2017-09-27,3360,3470,3360,3465,5020,0.020618556701030855
2017-09-28,3465,3470,3395,3450,5205,-0.0043290043290042934
2017-09-29,3450,3450,3395,3420,6472,-0.008695652173912993
2017-10-10,3420,3430,3390,3390,8618,-0.00877192982456143
2017-10-11,3430,3430,3390,3430,15499,0.01179941002949847
2017-10-12,3430,3470,3395,3430,3145,0.0
2017-10-13,3430,3430,3390,3425,4994,-0.001457725947521915
2017-10-16,3420,3450,3390,3410,3196,-0.004379562043795637
2017-10-17,3440,3460,3380,3435,3700,0.007331378299120228
2017-10-18,3400,3455,3375,3400,3393,-0.010189228529839833
2017-10-19,3440,3440,3370,3390,5908,-0.002941176470588225
2017-10-20,3400,3425,3380,3410,3536,0.005899705014749346
2017-10-23,3410,3430,3370,3400,2188,-0.0029325513196480912
2017-10-24,3400,3425,3375,3390,1441,-0.002941176470588225
2017-10-25,3395,3430,3375,3420,2344,0.008849557522123908
2017-10-26,3430,3440,3385,3415,4154,-0.0014619883040936088
2017-10-27,3425,3440,3390,3440,14542,0.007320644216691097
2017-10-30,3450,3450,3415,3450,1544,0.0029069767441860517
2017-10-31,3450,3450,3410,3440,1854,-0.0028985507246376274
2017-11-01,3460,3460,3415,3440,3586,0.0
2017-11-02,3420,3450,3400,3450,2374,0.0029069767441860517
2017-11-03,3455,3455,3420,3450,2375,0.0
2017-11-06,3455,3455,3405,3405,1529,-0.013043478260869601
2017-11-07,3410,3445,3395,3400,4148,-0.001468428781204123
2017-11-08,3420,3420,3380,3410,2056,0.002941176470588225
2017-11-09,3410,3430,3400,3400,4437,-0.0029325513196480912
2017-11-10,3425,3425,3385,3415,3511,0.004411764705882337
2017-11-13,3405,3445,3390,3400,7905,-0.004392386530014614
2017-11-14,3440,3440,3395,3395,1104,-0.0014705882352941124
2017-11-15,3420,3420,3350,3350,16798,-0.013254786450662692
2017-11-16,3375,3395,3350,3370,8184,0.005970149253731405
2017-11-17,3355,3390,3350,3380,7205,0.0029673590504450953
2017-11-20,3380,3390,3345,3380,10336,0.0
2017-11-21,3385,3390,3350,3375,8150,-0.0014792899408283544
2017-11-22,3370,3420,3370,3400,20833,0.007407407407407307
2017-11-23,3400,3435,3370,3395,20506,-0.0014705882352941124
2017-11-24,3425,3430,3380,3385,6428,-0.002945508100147265
2017-11-27,3385,3415,3380,3385,4053,0.0
2017-11-28,3385,3430,3380,3390,4578,0.001477104874446189
2017-11-29,3380,3425,3380,3395,3471,0.001474926253687281
2017-11-30,3385,3420,3385,3400,5797,0.0014727540500736325
2017-12-01,3400,3415,3390,3400,11121,0.0
2017-12-04,3415,3415,3385,3405,16592,0.0014705882352941124
2017-12-05,3405,3420,3395,3405,5235,0.0
2017-12-06,3405,3425,3395,3400,6003,-0.001468428781204123
2017-12-07,3385,3430,3385,3400,24926,0.0
2017-12-08,3420,3420,3395,3400,10664,0.0
2017-12-11,3395,3420,3385,3390,5027,-0.002941176470588225
2017-12-12,3385,3430,3380,3395,3878,0.001474926253687281
2017-12-13,3395,3425,3395,3400,1681,0.0014727540500736325
2017-12-14,3400,3430,3400,3400,3443,0.0
2017-12-15,3400,3440,3400,3435,9818,0.010294117647058787
2017-12-18,3400,3455,3375,3400,19365,-0.010189228529839833
2017-12-19,3430,3435,3385,3435,7231,0.010294117647058787
2017-12-20,3410,3605,3400,3490,19711,0.01601164483260553
2017-12-21,3550,3550,3420,3420,6521,-0.02005730659025784
2017-12-22,3430,3495,3430,3445,1158,0.007309941520467822
2017-12-26,3425,3490,3415,3460,3360,0.004354136429608024
2017-12-27,3505,3505,3400,3455,7205,-0.0014450867052022698
2017-12-28,3455,3455,3400,3435,5429,-0.005788712011577379
2018-01-02,3435,3450,3375,3450,24842,0.004366812227074135
2018-01-03,3425,3500,3420,3495,15538,0.01304347826086949
2018-01-04,3500,3590,3460,3560,39048,0.01859799713876975
2018-01-05,3560,4625,3500,3910,1984230,0.098314606741573
2018-01-08,3930,3960,3775,3895,267992,-0.0038363171355498826
2018-01-09,3895,4045,3820,3885,468475,-0.0025673940949936247
2018-01-10,4065,4130,3775,3840,233785,-0.01158301158301156
2018-01-11,3850,3855,3645,3690,191686,-0.0390625
2018-01-12,3690,3765,3530,3735,165966,0.012195121951219523
2018-01-15,3700,3725,3585,3630,149724,-0.028112449799196804
2018-01-16,3610,3890,3610,3800,182070,0.04683195592286493
2018-01-17,3855,3970,3770,3890,151652,0.023684210526315752
2018-01-18,3950,4150,3910,4065,206338,0.04498714652956304
2018-01-19,4070,5280,4070,4580,1925391,0.1266912669126692
2018-01-22,4445,5700,4355,5190,1995127,0.13318777292576423
2018-01-23,5200,5990,4995,5470,1113481,0.05394990366088637
2018-01-24,5700,5900,5070,5340,611486,-0.02376599634369292
2018-01-25,5300,6690,5260,6290,1756809,0.17790262172284654
2018-01-26,6500,8170,6430,8170,3401294,0.29888712241653415
2018-01-29,7850,10150,7850,8200,1308297,0.003671970624234966
2018-01-30,7900,7900,7450,7650,655919,-0.06707317073170727
2018-01-31,7600,7600,7000,7050,608673,-0.07843137254901966
2018-02-01,7040,7350,6840,6910,697800,-0.019858156028368823
2018-02-02,6870,7020,6320,6570,603675,-0.04920405209840806
2018-02-05,6480,6940,6270,6570,462269,0.0
2018-02-06,6190,6350,5760,6260,403464,-0.04718417047184176
2018-02-07,6530,6530,5900,5900,199647,-0.057507987220447254
2018-02-08,5970,6780,5810,6250,635807,0.05932203389830515
2018-02-09,5940,6280,5860,6200,144237,-0.008000000000000007
2018-02-12,6440,6700,6100,6650,230541,0.07258064516129026
2018-02-13,6760,8250,6720,7250,3075579,0.09022556390977443
2018-02-14,7290,8650,7030,8200,3654961,0.13103448275862073
2018-02-19,8400,8840,8090,8380,1195417,0.02195121951219514
2018-02-20,8420,8550,7860,8050,559310,-0.039379474940334114
2018-02-21,8150,9940,8150,8410,3828041,0.044720496894409933
2018-02-22,8410,8950,8200,8250,683450,-0.019024970273483932
2018-02-23,8240,8450,7520,7860,572044,-0.047272727272727244
2018-02-26,8040,8380,7860,7950,286506,0.011450381679389388
2018-02-27,7880,8030,7710,7890,172920,-0.007547169811320753
2018-02-28,8000,8790,7740,7740,962780,-0.019011406844106515
2018-03-02,7650,7900,7630,7770,151839,0.003875968992248069
2018-03-05,7800,7900,7420,7450,185254,-0.041184041184041176
2018-03-06,7450,7700,7260,7350,165975,-0.01342281879194629
2018-03-07,7610,7910,7250,7320,292384,-0.004081632653061273
2018-03-08,7440,7580,7330,7460,86296,0.0191256830601092
2018-03-09,7530,7560,7350,7460,94181,0.0
2018-03-12,7430,7810,7030,7720,308138,0.034852546916890104
2018-03-13,7890,8100,7600,7640,223895,-0.010362694300518172
2018-03-14,7640,7720,7340,7440,134776,-0.02617801047120416
2018-03-15,7360,7510,7150,7210,104912,-0.03091397849462363
2018-03-16,7140,7820,7100,7660,317110,0.06241331484049928
2018-03-19,7650,7650,7300,7470,169717,-0.024804177545691863
2018-03-20,7470,7660,7310,7360,113574,-0.014725568942436373
2018-03-21,7400,9380,7390,8600,4604722,0.1684782608695652
2018-03-22,8550,9070,7800,8190,1566433,-0.04767441860465116
2018-03-23,7900,8190,7400,7460,339107,-0.08913308913308915
2018-03-26,7350,7510,7100,7270,268331,-0.025469168900804307
2018-03-27,7360,7490,7280,7490,157051,0.030261348005502064
2018-03-28,7350,8080,7350,7480,431006,-0.001335113484646211
2018-03-29,7490,7890,7300,7400,252353,-0.010695187165775444
2018-03-30,7480,7720,7400,7500,136941,0.013513513513513598
2018-04-02,7510,7600,7200,7300,164170,-0.026666666666666616
2018-04-03,7280,7370,7150,7280,112406,-0.002739726027397249
2018-04-04,7300,7410,7210,7240,92610,-0.005494505494505475
2018-04-05,7250,7340,6910,7070,149171,-0.023480662983425438
2018-04-06,7100,7110,6720,6770,181060,-0.042432814710042455
2018-04-09,6680,6870,6680,6710,94714,-0.008862629246676468
2018-04-10,6570,6690,6240,6640,230291,-0.010432190760059634
2018-04-11,6680,6780,6480,6600,107246,-0.0060240963855421326
2018-04-12,6600,6920,6500,6500,234903,-0.015151515151515138
2018-04-13,6510,6570,6350,6520,103402,0.003076923076922977
2018-04-16,6520,6610,6310,6480,67121,-0.006134969325153339
2018-04-17,6530,7150,6520,6760,629946,0.043209876543209846
2018-04-18,6650,6760,6380,6490,126133,-0.0399408284023669
2018-04-19,6490,6730,6220,6500,123101,0.0015408320493066618
2018-04-20,6620,6620,6270,6520,69508,0.003076923076922977
2018-04-23,6410,6460,6210,6230,99952,-0.04447852760736193
2018-04-24,6260,6330,6180,6200,54667,-0.0048154093097912964
2018-04-25,6200,6500,6110,6220,64703,0.003225806451612856
2018-04-26,6310,6310,6170,6240,29442,0.003215434083601254
2018-04-27,6300,6300,6150,6200,32960,-0.0064102564102563875
2018-04-30,6000,6200,5920,5940,78327,-0.041935483870967794
2018-05-02,5780,6070,5780,5980,86435,0.006734006734006703
2018-05-03,6010,6110,5970,6010,25056,0.0050167224080268635
2018-05-04,6160,6160,5770,5790,45802,-0.03660565723793674
2018-05-08,5830,6090,5380,5490,127235,-0.051813471502590636
2018-05-09,5310,5470,5190,5310,110355,-0.032786885245901676
2018-05-10,5310,5610,5310,5590,62639,0.052730696798493515
2018-05-11,5690,5720,5500,5710,25883,0.02146690518783534
2018-05-14,5750,5970,5650,5850,75208,0.024518388791593626
2018-05-15,5760,6130,5760,6000,60896,0.02564102564102555
2018-05-16,6000,6030,5520,5610,59598,-0.06499999999999995
2018-05-17,5620,5830,5620,5700,27477,0.016042780748663166
2018-05-18,5700,6860,5700,6400,685302,0.12280701754385959
2018-05-21,6600,6950,6430,6700,269011,0.046875
2018-05-23,6760,6790,6500,6750,131075,0.00746268656716409
2018-05-24,6750,6760,6400,6530,116974,-0.03259259259259262
2018-05-25,6320,6340,6010,6190,88128,-0.05206738131699851
2018-05-28,6200,6520,6140,6220,93760,0.004846526655896577
2018-05-29,6180,6240,6010,6010,33960,-0.0337620578778135
2018-05-30,6020,6120,5880,5900,45220,-0.01830282861896837
2018-05-31,6020,7000,5910,6640,635331,0.12542372881355934
2018-06-01,6640,6660,6250,6300,86634,-0.051204819277108404
2018-06-04,6280,6410,6120,6250,67468,-0.007936507936507908
2018-06-05,6210,6390,6110,6290,69850,0.006399999999999961
2018-06-07,6310,6400,6220,6320,49315,0.004769475357710551
2018-06-08,6360,7680,6360,6930,2076737,0.09651898734177222
2018-06-11,6830,7610,6700,6800,793475,-0.018759018759018753
2018-06-12,6820,7720,6700,6970,1344310,0.02499999999999991
2018-06-14,6850,7080,6610,6940,148222,-0.004304160688665681
2018-06-15,7010,7630,6970,7070,692536,0.018731988472622474
2018-06-18,7150,7190,6580,6630,185884,-0.062234794908062274
2018-06-19,6610,6730,6130,6130,111068,-0.07541478129713419
2018-06-20,5980,6530,5970,6480,79528,0.057096247960848334
2018-06-21,6440,6660,6250,6250,52829,-0.035493827160493874
2018-06-22,6160,6260,5710,6200,80749,-0.008000000000000007
2018-06-25,6240,7730,5900,7100,2509830,0.14516129032258074
2018-06-26,6700,6920,6500,6840,613759,-0.036619718309859106
2018-06-27,6990,7800,6810,6870,2893928,0.004385964912280604
2018-06-28,6740,6910,6410,6410,275005,-0.06695778748180492
2018-06-29,6470,7130,6300,6840,818959,0.06708268330733236
2018-07-02,6840,7600,6680,7030,2123940,0.02777777777777768
2018-07-03,7040,7190,6520,6710,326818,-0.045519203413940224
2018-07-04,6750,7200,6510,6650,375520,-0.008941877794336861
2018-07-05,6640,6800,6350,6640,167832,-0.0015037593984962294
2018-07-06,6550,6740,6200,6410,121320,-0.034638554216867457
2018-07-09,6610,6610,6340,6410,65552,0.0
2018-07-10,6600,6760,6470,6540,210295,0.020280811232449292
2018-07-11,6540,6600,6290,6380,106789,-0.024464831804281384
2018-07-12,6400,6420,6120,6140,131703,-0.037617554858934144
2018-07-13,6300,6390,6080,6110,133756,-0.004885993485342022
2018-07-16,6130,6180,5780,5870,120909,-0.039279869067103124
2018-07-17,5850,5970,5810,5810,52838,-0.010221465076660996
2018-07-18,5770,5860,5700,5830,50906,0.0034423407917383297
2018-07-19,5930,5960,5670,5670,55332,-0.027444253859348233
2018-07-20,5610,5670,5290,5380,86814,-0.051146384479717866
2018-07-23,5300,5340,5000,5040,75990,-0.06319702602230481
2018-07-24,4955,5250,4955,5180,49034,0.02777777777777768
2018-07-25,5210,5210,4995,5040,39121,-0.027027027027026973
2018-07-26,5040,5130,4910,5030,65119,-0.001984126984126977
2018-07-27,5000,5270,4990,5160,55082,0.025844930417495027
2018-07-30,5250,5250,5100,5120,30882,-0.007751937984496138
2018-07-31,5120,5200,5000,5130,23550,0.001953125
2018-08-01,5160,5320,5080,5170,59042,0.007797270955165692
2018-08-02,5170,5280,5150,5240,40247,0.013539651837524147
2018-08-03,5260,5350,5150,5240,25224,0.0
2018-08-06,5280,5570,5240,5370,54956,0.024809160305343525
2018-08-07,5310,5580,5240,5320,54753,-0.009310986964618295
2018-08-08,5320,5460,5250,5250,14450,-0.013157894736842146
2018-08-09,5300,5390,5220,5380,24408,0.024761904761904763
2018-08-10,5330,5380,5260,5290,16932,-0.016728624535315983
2018-08-13,5290,5600,5080,5090,115447,-0.03780718336483935
2018-08-14,5090,5250,4925,4995,66888,-0.018664047151277008
2018-08-16,4985,5050,4900,4995,37441,0.0
2018-08-17,4950,5060,4875,4920,55155,-0.01501501501501501
2018-08-20,5060,5560,5000,5000,226054,0.016260162601626105
2018-08-21,5040,5140,4975,5090,28145,0.018000000000000016
2018-08-22,5090,5170,5040,5040,48938,-0.00982318271119842
2018-08-23,5040,5080,4990,5040,25066,0.0
2018-08-24,5040,5040,4955,4990,19837,-0.009920634920634885
2018-08-27,4970,4990,4750,4785,79511,-0.0410821643286573
2018-08-28,4890,4950,4800,4925,16673,0.02925809822361547
2018-08-29,4925,4950,4875,4935,12904,0.0020304568527917954
2018-08-30,4940,4950,4865,4915,19645,-0.004052684903748771
2018-08-31,4865,4910,4730,4860,12911,-0.011190233977619535
2018-09-03,4890,4900,4800,4820,7787,-0.008230452674897082
2018-09-04,4825,4875,4810,4820,13726,0.0
2018-09-05,4770,4890,4770,4860,21275,0.008298755186721962
2018-09-06,4890,4900,4810,4825,8206,-0.007201646090534974
2018-09-07,4825,5280,4750,4940,115792,0.023834196891191706
2018-09-10,4985,4990,4905,4930,31593,-0.002024291497975672
2018-09-11,4910,5110,4900,5050,39554,0.024340770791074995
2018-09-12,5100,5130,4990,5040,12266,-0.001980198019801982
2018-09-13,4950,5050,4950,5000,13179,-0.007936507936507908
2018-09-14,5050,5050,4980,4990,15609,-0.0020000000000000018
2018-09-17,4990,5110,4960,5000,22876,0.002004008016031955
2018-09-18,4910,5090,4910,4960,12839,-0.008000000000000007
2018-09-19,4960,4960,4800,4820,30373,-0.028225806451612878
2018-09-20,4805,4985,4760,4765,11152,-0.011410788381742698
2018-09-21,4770,4940,4770,4795,3100,0.006295907660021083
2018-09-27,4800,4880,4660,4685,33508,-0.02294056308654846
2018-09-28,4650,4735,4545,4600,44288,-0.018143009605122717
2018-10-01,4600,4705,4500,4505,18962,-0.020652173913043526
2018-10-02,4490,4690,4490,4495,26565,-0.002219755826859071
2018-10-04,4500,4640,4420,4430,11057,-0.014460511679644017
2018-10-05,4300,5680,4230,4990,2474738,0.12641083521444685
2018-10-08,5300,5910,5110,5500,2858065,0.10220440881763526
2018-10-10,5690,5940,5300,5500,1002757,0.0
2018-10-11,5100,5350,4750,4750,367706,-0.13636363636363635
2018-10-12,4510,4870,4420,4560,318797,-0.040000000000000036
2018-10-15,4700,5270,4700,4700,490493,0.030701754385964897
2018-10-16,4700,4880,4630,4700,189575,0.0
2018-10-17,4880,4890,4685,4700,93173,0.0
2018-10-18,4700,4800,4575,4625,106837,-0.015957446808510634
2018-10-19,4550,4635,4450,4620,47727,-0.00108108108108107
2018-10-22,4605,4605,4410,4515,43685,-0.022727272727272707
2018-10-23,4430,4515,4250,4250,74798,-0.058693244739756345
2018-10-24,4250,4330,3980,3980,93043,-0.06352941176470583
2018-10-25,3960,3960,3820,3910,42830,-0.017587939698492483
2018-10-26,3870,3945,3520,3635,99477,-0.07033248081841437
2018-10-29,3515,3710,3300,3405,75086,-0.06327372764786798
2018-10-30,3150,3580,3150,3500,75038,0.027900146842878115
2018-10-31,3455,3605,3385,3510,34194,0.0028571428571428914
2018-11-01,3505,3750,3505,3675,44495,0.047008547008547064
2018-11-02,3675,3910,3675,3865,51561,0.051700680272108945
2018-11-05,4000,4000,3850,3880,27688,0.0038809831824062613
2018-11-06,3865,3985,3835,3885,20432,0.0012886597938144284
2018-11-07,3900,3985,3695,3790,40611,-0.02445302445302444
2018-11-08,3930,3935,3805,3875,28603,0.02242744063324542
2018-11-09,3900,3950,3790,3835,26751,-0.010322580645161339
2018-11-12,3840,4095,3725,3880,49141,0.011734028683181297
2018-11-13,3750,3915,3750,3880,24528,0.0
2018-11-14,3880,3965,3780,3860,17486,-0.005154639175257714
2018-11-15,3860,4655,3845,4075,734994,0.05569948186528495
2018-11-16,4115,4160,3980,3980,53147,-0.0233128834355828
2018-11-19,3985,4130,3980,4050,38731,0.017587939698492372
2018-11-20,3945,4110,3945,4070,17680,0.004938271604938205
2018-11-21,4050,4090,3900,4000,16159,-0.017199017199017175
2018-11-22,4105,4110,3980,3995,21266,-0.0012499999999999734
2018-11-23,4090,4090,3800,3800,24097,-0.04881101376720898
2018-11-26,3825,3955,3825,3875,17392,0.019736842105263053
2018-11-27,3975,4200,3890,4025,44397,0.03870967741935494
2018-11-28,4085,4110,3980,4040,20787,0.003726708074534235
2018-11-29,4155,4155,3975,4010,38598,-0.007425742574257432
2018-11-30,4000,4090,3980,4050,33590,0.009975062344139696
2018-12-03,4015,4080,4010,4065,21892,0.0037037037037037646
2018-12-04,4100,4130,4050,4060,18463,-0.0012300123001229846
2018-12-05,3965,4090,3965,4060,10792,0.0
2018-12-06,4060,4060,3910,4045,23776,-0.003694581280788145
2018-12-07,4060,4120,3935,4040,19604,-0.0012360939431397266
2018-12-10,4070,5150,4035,4615,3195682,0.14232673267326734
2018-12-11,4525,4730,4400,4720,847751,0.02275189599133265
2018-12-12,5170,6130,5130,6130,2635999,0.298728813559322
2018-12-13,6420,6730,5930,6080,3325998,-0.00815660685154973
2018-12-14,6160,6550,5990,6480,2570140,0.06578947368421062
2018-12-17,6360,6690,6210,6420,1750614,-0.0092592592592593
2018-12-18,6300,7380,6250,6750,5086796,0.051401869158878455
2018-12-19,6820,6900,6580,6600,554251,-0.022222222222222254
2018-12-20,6650,6700,6500,6700,239356,0.015151515151515138
2018-12-21,6720,6720,6450,6490,166158,-0.0313432835820896
2018-12-24,6490,6850,5900,5900,1216566,-0.09090909090909094
2018-12-26,5900,6180,5800,6010,468304,0.01864406779661021
2018-12-27,6100,6180,5940,5960,281010,-0.008319467554076532
2018-12-28,5980,6260,5960,6200,275752,0.04026845637583887
2019-01-02,6300,6920,6050,6480,2053758,0.04516129032258065
2019-01-03,6540,7600,6360,6900,3165757,0.06481481481481488
2019-01-04,6730,7150,6730,6850,927391,-0.007246376811594235
2019-01-07,6880,6960,6640,6800,370103,-0.007299270072992692
2019-01-08,6900,6900,6440,6690,421952,-0.016176470588235348
2019-01-09,6790,7140,6750,6750,895923,0.008968609865470878
2019-01-10,6730,7130,6700,6760,1137417,0.001481481481481417
2019-01-11,6910,6980,6570,6580,431488,-0.026627218934911268
2019-01-14,6550,6790,6360,6720,360862,0.02127659574468077
2019-01-15,6820,6880,6690,6750,270407,0.0044642857142858094
2019-01-16,6810,7090,6720,7090,735992,0.0503703703703704
2019-01-17,7160,7600,6750,7250,2294225,0.02256699576868826
2019-01-18,7270,9380,7250,8950,6420175,0.23448275862068968
2019-01-21,8900,9450,8640,9210,2526332,0.02905027932960902
2019-01-22,9080,9090,8370,8410,935213,-0.08686210640608039
2019-01-23,8290,8470,8080,8290,567869,-0.014268727705113005
2019-01-24,8350,8510,8160,8180,364900,-0.013268998793727338
2019-01-25,8110,8570,7960,8140,848649,-0.004889975550122272
2019-01-28,8570,8610,8200,8200,540929,0.0073710073710073765
2019-01-29,8330,8520,7910,7990,622094,-0.025609756097561
2019-01-30,8080,8100,7600,7750,380414,-0.030037546933667114
2019-01-31,7750,7860,7430,7640,240648,-0.014193548387096744
2019-02-01,7720,7720,7200,7460,328382,-0.023560209424083767
2019-02-07,7460,7600,7350,7370,175536,-0.012064343163538882
2019-02-08,7370,7580,7310,7310,154870,-0.008141112618724522
2019-02-11,7310,7370,6900,7150,276610,-0.02188782489740082
2019-02-12,7350,7400,7000,7000,167057,-0.020979020979020935
2019-02-13,6990,7330,6880,7190,242636,0.027142857142857135
2019-02-14,7190,7300,6950,7000,141695,-0.026425591098748313
2019-02-15,7000,7080,6750,7010,133805,0.0014285714285713347
2019-02-18,7040,7070,6760,6760,124533,-0.03566333808844513
2019-02-19,6790,7090,6570,6900,250139,0.020710059171597628
2019-02-20,6900,6920,6690,6770,106815,-0.018840579710144967
2019-02-21,6720,6850,6600,6690,112812,-0.011816838995568735
2019-02-22,6680,6780,6500,6580,86495,-0.01644245142002987
2019-02-25,6680,7310,6590,6890,355859,0.04711246200607899
2019-02-26,6900,6930,6740,6840,90401,-0.007256894049346929
2019-02-27,6800,6960,6790,6890,83591,0.007309941520467822
2019-02-28,6850,7000,6270,6600,140489,-0.0420899854862119
2019-03-04,6600,6730,6580,6630,94344,0.00454545454545463
2019-03-05,6550,6820,6550,6820,99804,0.02865761689291091
2019-03-06,6830,6880,6750,6860,94472,0.0058651026392961825
2019-03-07,6840,6900,6500,6610,106271,-0.036443148688046656
2019-03-08,6520,6680,6440,6470,58710,-0.021180030257186067
2019-03-11,6470,6670,5890,6000,219047,-0.07264296754250388
2019-03-12,5980,6090,5770,5900,169397,-0.01666666666666672
2019-03-13,5900,5960,5720,5760,115719,-0.023728813559321993
2019-03-14,5770,5880,5770,5820,62401,0.01041666666666674
2019-03-15,5850,5880,5640,5640,91232,-0.030927835051546393
2019-03-18,5690,5880,5610,5850,59043,0.037234042553191404
2019-03-19,5810,5880,5750,5880,53289,0.00512820512820511
2019-03-20,5960,6500,5910,6180,525270,0.05102040816326525
2019-03-21,6150,6220,5850,5850,81749,-0.05339805825242716
2019-03-22,5900,5980,5710,5770,57038,-0.013675213675213627
2019-03-25,5650,6380,5650,5800,382924,0.005199306759098743
2019-03-26,5900,5920,5740,5800,56420,0.0
2019-03-27,5810,5880,5610,5610,48019,-0.03275862068965518
2019-03-28,5510,5840,5510,5530,113863,-0.014260249554367221
2019-03-29,5500,5630,5320,5550,90366,0.003616636528029016
2019-04-01,5580,5770,5570,5730,46570,0.03243243243243232
2019-04-02,5730,5770,5650,5710,40462,-0.003490401396160525
2019-04-03,5810,6070,5670,5790,129211,0.014010507880910739
2019-04-04,5880,5900,5730,5740,48399,-0.008635578583765069
2019-04-05,5740,5870,5650,5870,29927,0.022648083623693305
2019-04-08,5920,5920,5670,5730,60146,-0.023850085178875657
2019-04-09,5720,5910,5620,5720,33087,-0.0017452006980802626
2019-04-10,5670,5800,5660,5720,38658,0.0
2019-04-11,5670,5870,5670,5770,61031,0.00874125874125875
2019-04-12,5770,5860,5720,5730,42280,-0.006932409012131768
2019-04-15,5830,5830,5620,5690,41616,-0.006980802792321161
2019-04-16,5710,5710,5460,5550,68789,-0.024604569420035194
2019-04-17,5580,5580,5460,5500,33758,-0.009009009009009028
2019-04-18,5570,5620,5450,5460,23994,-0.0072727272727273196
2019-04-19,5500,5590,5350,5570,30644,0.020146520146520075
2019-04-22,5580,5770,5490,5570,52552,0.0
2019-04-23,5580,5610,5430,5500,42062,-0.012567324955116699
2019-04-24,5450,5560,5360,5450,35928,-0.009090909090909038
2019-04-25,5380,5440,5190,5200,69726,-0.04587155963302747
2019-04-26,5240,5240,4950,5010,62412,-0.03653846153846152
2019-04-29,5040,5210,5020,5170,48931,0.031936127744510934
2019-04-30,5110,5220,5050,5140,26148,-0.005802707930367523
2019-05-02,5090,5240,5080,5210,40730,0.013618677042801508
2019-05-03,5160,5190,5050,5090,20768,-0.02303262955854124
2019-05-07,5080,5080,4960,4970,38528,-0.023575638506876273
2019-05-08,4900,5090,4800,5000,44748,0.006036217303822866
2019-05-09,5000,5070,4665,4695,67225,-0.061000000000000054
2019-05-10,4605,5060,4560,4640,141066,-0.011714589989350377
2019-05-13,4600,4710,4500,4500,29837,-0.030172413793103425
2019-05-14,4315,4640,4315,4540,53584,0.008888888888888946
2019-05-15,4510,4600,4510,4595,33073,0.012114537444933848
2019-05-16,4645,4645,4460,4570,48408,-0.005440696409140355
2019-05-17,4670,4670,4355,4600,36318,0.006564551422319376
2019-05-20,4565,4650,4390,4400,34371,-0.04347826086956519
2019-05-21,4330,4490,4330,4400,34348,0.0
2019-05-22,4600,4600,4385,4430,38329,0.006818181818181834
2019-05-23,4490,4640,4300,4300,116351,-0.02934537246049662
2019-05-24,4215,4285,4110,4165,49874,-0.03139534883720929
2019-05-27,4155,4170,4095,4165,30287,0.0
2019-05-28,4165,4280,4140,4240,26554,0.01800720288115243
2019-05-29,4230,4230,4110,4160,18721,-0.018867924528301883
2019-05-30,4160,4195,4020,4050,38105,-0.02644230769230771
2019-05-31,4015,4075,4015,4040,29031,-0.0024691358024691024
2019-06-03,4040,4100,3940,4050,39174,0.0024752475247524774
2019-06-04,4060,4185,4040,4050,23135,0.0
2019-06-05,4035,4145,3975,4050,36498,0.0
2019-06-07,4055,4145,4050,4140,23817,0.022222222222222143
2019-06-10,4185,4770,4150,4305,613125,0.03985507246376807
2019-06-11,4280,4765,4260,4580,315685,0.06387921022067355
2019-06-12,4590,4645,4450,4545,114190,-0.007641921397379958
2019-06-13,4535,4610,4460,4540,51418,-0.0011001100110010764
2019-06-14,4540,4630,4510,4625,40173,0.018722466960352513
2019-06-17,4650,5230,4600,4920,652908,0.0637837837837838
2019-06-18,4890,6280,4770,5850,3669511,0.18902439024390238
2019-06-19,5520,5750,5330,5450,1103721,-0.06837606837606836
2019-06-20,5430,5430,5220,5240,240143,-0.038532110091743066
2019-06-21,5170,5170,5010,5130,162168,-0.020992366412213692
2019-06-24,5130,5170,5040,5100,75314,-0.005847953216374324
2019-06-25,5060,5340,5060,5090,215269,-0.0019607843137254832
2019-06-26,5150,5330,4810,5100,85729,0.0019646365422396617
2019-06-27,5100,5630,5020,5020,724469,-0.015686274509803977
2019-06-28,5020,5160,4990,5020,49775,0.0
2019-07-01,4950,4970,4815,4820,62575,-0.03984063745019917
2019-07-02,4775,4930,4775,4900,47854,0.016597510373443924
2019-07-03,4845,5140,4845,4985,70063,0.0173469387755103
2019-07-04,4995,5050,4845,4915,62714,-0.014042126379137376
2019-07-05,4915,4975,4850,4900,29967,-0.003051881993896277
2019-07-08,4900,4955,4525,4580,45845,-0.0653061224489796
2019-07-09,4500,4795,4500,4570,81688,-0.0021834061135370675
2019-07-10,4520,4695,4495,4630,39428,0.013129102844638973
2019-07-11,4600,4680,4365,4660,53551,0.00647948164146861
2019-07-12,4620,4715,4505,4700,42242,0.008583690987124415
2019-07-15,4700,4765,4600,4615,38818,-0.018085106382978777
2019-07-16,4590,4690,4480,4600,37944,-0.00325027085590468
2019-07-17,4600,4600,4495,4570,38750,-0.006521739130434745
2019-07-18,4570,5320,4500,4750,773277,0.03938730853391692
2019-07-19,4800,4800,4605,4710,56668,-0.008421052631578996
2019-07-22,4795,4795,4570,4575,33522,-0.0286624203821656
2019-07-23,4555,4600,4445,4480,40213,-0.020765027322404372
2019-07-24,4410,4575,4390,4415,22108,-0.014508928571428603
2019-07-25,4335,4440,4250,4290,46849,-0.028312570781426905
2019-07-26,4290,4290,4110,4200,47180,-0.020979020979020935
2019-07-29,4230,4230,3830,3830,46541,-0.08809523809523812
2019-07-30,3670,4090,3670,3985,57407,0.04046997389033935
2019-07-31,4090,4100,3940,4030,17276,0.01129234629861986
2019-08-01,3940,4130,3940,3980,22026,-0.012406947890818865
2019-08-02,3810,4090,3810,3965,16095,-0.0037688442211055717
2019-08-05,3990,4000,3370,3370,52025,-0.15006305170239598
2019-08-06,3165,3795,3165,3410,79007,0.011869436201780381
2019-08-07,3350,3640,3350,3550,35621,0.04105571847507328
2019-08-08,3520,3870,3520,3760,34363,0.05915492957746471
2019-08-09,3760,3935,3745,3810,21353,0.013297872340425565
2019-08-12,3725,4095,3725,3970,50093,0.04199475065616798
2019-08-13,3970,4020,3900,3980,19810,0.0025188916876575096
2019-08-14,3980,4060,3905,3950,18789,-0.007537688442211032
2019-08-16,3950,3950,3815,3860,15717,-0.02278481012658229
2019-08-19,3830,3910,3780,3875,10784,0.0038860103626943143
2019-08-20,3875,3955,3815,3955,9540,0.020645161290322678
2019-08-21,3955,4055,3955,4010,15185,0.013906447534766109
2019-08-22,4130,4130,3965,3965,10643,-0.01122194513715713
2019-08-23,3870,3950,3870,3880,10020,-0.021437578814628044
2019-08-26,3680,3980,3680,3780,10767,-0.02577319587628868
2019-08-27,3745,4000,3745,3850,13613,0.0185185185185186
2019-08-28,3900,4025,3850,3930,40451,0.020779220779220786
2019-08-29,3860,4000,3745,3850,14973,-0.020356234096692072
2019-08-30,3840,4990,3840,4485,1752982,0.16493506493506493
2019-09-02,4480,4495,4205,4205,341651,-0.06243032329988851
2019-09-03,4165,4230,4150,4170,162559,-0.008323424494649179
2019-09-04,4470,4650,4130,4180,685304,0.0023980815347721673
2019-09-05,4190,4225,4125,4145,56139,-0.00837320574162681
2019-09-06,4145,4220,4140,4150,31595,0.0012062726176116367
2019-09-09,4195,4610,4180,4240,292150,0.02168674698795181
2019-09-10,4265,4470,4155,4280,90876,0.009433962264151052
2019-09-11,4280,4355,4245,4350,46762,0.016355140186915973
2019-09-16,4470,4470,4340,4355,27591,0.0011494252873562871
2019-09-17,4400,4400,4210,4330,33794,-0.00574052812858783
2019-09-18,4330,4375,4290,4355,27233,0.005773672055427337
2019-09-19,4360,4400,4300,4350,26964,-0.0011481056257175437
2019-09-20,4390,4390,4050,4315,29753,-0.008045977011494232
2019-09-23,4350,4350,4250,4265,19621,-0.011587485515643148
2019-09-24,4265,4500,4265,4480,130018,0.05041031652989458
2019-09-25,4480,4480,4260,4280,56335,-0.044642857142857095
2019-09-26,4310,4370,4145,4145,37807,-0.031542056074766345
2019-09-27,4105,4240,4095,4225,30283,0.0193003618817853
2019-09-30,4240,4240,4030,4100,14674,-0.029585798816568087
2019-10-01,4055,4200,3950,4095,58786,-0.0012195121951219523
2019-10-02,4095,4195,4055,4110,10228,0.00366300366300365
2019-10-04,4035,4160,4035,4090,17235,-0.0048661800486617945
2019-10-07,4090,4125,4000,4045,24789,-0.011002444987775029
2019-10-08,4050,4195,3855,4085,15177,0.009888751545117369
2019-10-10,4085,4250,4015,4100,11731,0.003671970624234966
2019-10-11,4065,4150,4060,4065,7476,-0.008536585365853666
2019-10-14,4075,4140,4075,4095,12246,0.007380073800737907
2019-10-15,4095,4300,4000,4250,38663,0.03785103785103794
2019-10-16,4250,4295,4170,4245,33918,-0.0011764705882353343
2019-10-17,4245,4325,4140,4140,15252,-0.02473498233215543
2019-10-18,4140,4385,4135,4160,20634,0.004830917874396157
2019-10-21,4180,4295,4150,4180,19555,0.004807692307692291
2019-10-22,4180,4290,4100,4120,26375,-0.014354066985645897
2019-10-23,4195,4195,4075,4080,11433,-0.009708737864077666
2019-10-24,4080,4195,4000,4075,36393,-0.001225490196078427
2019-10-25,4075,4095,3995,4045,13792,-0.007361963190184007
2019-10-28,4045,4095,4000,4000,10697,-0.011124845488257096
2019-10-29,4000,4095,3940,3980,18096,-0.0050000000000000044
2019-10-30,4090,4090,3895,3895,23548,-0.021356783919597944
2019-10-31,3895,3945,3885,3920,12708,0.006418485237484006
2019-11-01,3865,3950,3865,3920,20603,0.0
2019-11-04,4085,4085,3800,3935,46966,0.003826530612244916
2019-11-05,4000,4085,3935,4035,19441,0.02541296060991116
2019-11-06,4055,4055,3970,4020,14810,-0.0037174721189591198
2019-11-07,4005,4040,3985,4025,13881,0.0012437810945273853
2019-11-08,4245,4245,3995,4030,15155,0.001242236024844745
2019-11-11,3990,4095,3990,4020,8039,-0.002481389578163795
2019-11-12,4000,4055,3935,4000,23940,-0.00497512437810943
2019-11-13,4000,4005,3925,3960,19035,-0.010000000000000009
2019-11-14,3960,3960,3900,3950,22118,-0.002525252525252486
2019-11-15,3910,3940,3875,3940,23846,-0.0025316455696202667
2019-11-18,3900,3980,3875,3905,12201,-0.008883248730964466
2019-11-19,3885,3930,3850,3850,19283,-0.014084507042253502
2019-11-20,3805,3850,3760,3815,20780,-0.009090909090909038
2019-11-21,3800,3800,3550,3705,26031,-0.028833551769331556
2019-11-22,3715,3715,3615,3695,16933,-0.0026990553306343035
2019-11-25,3600,3715,3560,3715,11860,0.005412719891745521
2019-11-26,3635,3780,3635,3760,6777,0.01211305518169592
2019-11-27,3760,3760,3680,3690,10306,-0.018617021276595702
2019-11-28,3690,3690,3595,3670,11300,-0.005420054200542035
2019-11-29,3670,3670,3595,3605,12063,-0.017711171662125325
2019-12-02,3605,3760,3580,3585,9112,-0.00554785020804438
2019-12-03,3420,3550,3420,3520,11581,-0.018131101813110173
2019-12-04,3400,3455,3375,3395,32363,-0.035511363636363646
2019-12-05,3365,3430,3355,3355,11748,-0.01178203240058906
2019-12-06,3280,3435,3280,3410,12298,0.016393442622950838
2019-12-09,3360,3860,3360,3565,175241,0.045454545454545414
2019-12-10,3565,3690,3530,3545,15150,-0.005610098176718092
2019-12-11,3595,3595,3510,3575,15431,0.008462623413258097
2019-12-12,3655,3655,3520,3565,12978,-0.002797202797202747
2019-12-13,3525,3650,3520,3585,10950,0.005610098176718203
2019-12-16,3590,3635,3555,3610,7030,0.0069735006973501434
2019-12-17,3530,3660,3530,3600,3912,-0.0027700831024930483
2019-12-18,3580,3620,3545,3585,10820,-0.004166666666666652
2019-12-19,3585,3635,3355,3635,9695,0.013947001394700065
2019-12-20,3535,3640,3535,3615,11822,-0.005502063273727598
2019-12-23,3615,3655,3500,3595,5729,-0.0055325034578146415
2019-12-24,3635,3635,3525,3525,9065,-0.01947148817802502
2019-12-26,3565,3625,3510,3580,11313,0.015602836879432536
2019-12-27,3580,3595,3415,3570,15919,-0.0027932960893854997
2019-12-30,3690,3690,3570,3600,4071,0.008403361344537785
2020-01-02,3550,3620,3545,3600,5404,0.0
2020-01-03,3600,3610,3535,3550,12146,-0.01388888888888884
2020-01-06,3530,3640,3485,3500,9347,-0.014084507042253502
2020-01-07,3535,3535,3400,3480,23323,-0.005714285714285672
2020-01-08,3480,3555,3405,3425,13307,-0.015804597701149392
2020-01-09,3430,3495,3415,3450,6323,0.007299270072992803
2020-01-10,3490,4120,3480,3670,615345,0.06376811594202891
2020-01-13,3745,3780,3600,3635,46979,-0.009536784741144388
2020-01-14,3635,3790,3635,3745,74992,0.030261348005502064
2020-01-15,4420,4865,3950,3950,4112630,0.05473965287049398
2020-01-16,3890,3955,3760,3935,497780,-0.0037974683544304
2020-01-17,3940,3955,3800,3800,192960,-0.03430749682337997
2020-01-20,3750,3770,3665,3715,103848,-0.022368421052631593
2020-01-21,3720,3840,3680,3830,71593,0.030955585464333746
2020-01-22,3740,3825,3730,3745,78699,-0.022193211488250708
2020-01-23,3745,3770,3680,3695,79274,-0.013351134846461998
2020-01-28,3730,3730,3515,3560,97018,-0.03653585926928282
2020-01-29,3540,3650,3540,3615,36564,0.015449438202247201
2020-01-30,3695,4060,3600,3730,368482,0.03181189488243441
2020-01-31,3700,3755,3635,3640,64886,-0.024128686327077764
2020-02-03,3450,3740,3440,3600,64020,-0.01098901098901095
2020-02-04,3565,3825,3565,3730,99774,0.036111111111111205
2020-02-05,3800,3825,3700,3745,49463,0.004021447721179516
2020-02-06,3735,3855,3735,3815,68009,0.01869158878504673
2020-02-07,3835,4120,3835,3960,282145,0.038007863695937116
2020-02-10,3950,4035,3810,4035,72882,0.018939393939394034
2020-02-11,4035,4435,3915,4095,518072,0.014869888475836479
2020-02-12,4095,4115,3965,3990,116896,-0.02564102564102566
2020-02-13,3990,4020,3900,3910,60327,-0.020050125313283207
2020-02-14,3895,3925,3835,3865,33657,-0.011508951406649648
2020-02-17,3865,4100,3805,4100,86007,0.060802069857697205
2020-02-18,4050,4050,3880,3980,78783,-0.029268292682926855
2020-02-19,3980,4150,3870,3900,35201,-0.02010050251256279
2020-02-20,4000,4055,3860,3950,65291,0.012820512820512775
2020-02-21,3940,4065,3870,3960,73067,0.0025316455696202667
2020-02-24,3900,3955,3715,3890,28188,-0.017676767676767624
2020-02-25,3890,3930,3795,3820,39653,-0.01799485861182515
2020-02-26,3770,3840,3710,3750,85251,-0.01832460732984298
2020-02-27,3900,4200,3455,3470,620695,-0.07466666666666666
2020-02-28,3445,3445,3160,3290,98700,-0.05187319884726227
2020-03-02,3300,3355,3190,3275,46535,-0.00455927051671734
2020-03-03,3285,3470,3210,3300,62826,0.007633587786259444
2020-03-04,3290,3345,3265,3325,27617,0.007575757575757569
2020-03-05,3445,3445,3310,3375,27066,0.015037593984962516
2020-03-06,3360,3395,3305,3350,27436,-0.007407407407407418
2020-03-09,3350,3350,3165,3190,35426,-0.047761194029850795
2020-03-10,3055,3170,3010,3115,43870,-0.023510971786833812
2020-03-11,3115,3290,2920,2980,49091,-0.043338683788122
2020-03-12,2815,2940,2770,2845,48884,-0.04530201342281881
2020-03-13,2400,2685,2300,2520,93361,-0.11423550087873457
2020-03-16,2385,2700,2365,2390,139003,-0.051587301587301626
2020-03-17,2075,2400,2075,2335,162468,-0.023012552301255207
2020-03-18,2295,2435,2230,2230,60287,-0.04496788008565311
2020-03-19,2190,2245,1820,1820,103760,-0.18385650224215244
2020-03-20,1720,1990,1720,1895,62299,0.041208791208791284
2020-03-23,1725,1860,1665,1730,29014,-0.0870712401055409
2020-03-24,1900,1900,1755,1850,44339,0.06936416184971095
2020-03-25,1900,2095,1900,2000,84349,0.08108108108108114
2020-03-26,2005,2130,1955,2030,127190,0.014999999999999902
2020-03-27,2190,2190,2035,2060,61429,0.014778325123152802
2020-03-30,1985,2170,1980,2125,35873,0.031553398058252524
2020-03-31,2240,2465,2135,2400,96478,0.12941176470588234
2020-04-01,2400,2600,2350,2380,77835,-0.008333333333333304
2020-04-02,2510,2510,2305,2415,21743,0.014705882352941124
2020-04-03,2560,2580,2430,2575,44486,0.0662525879917184
2020-04-06,2610,2795,2570,2775,87992,0.07766990291262132
2020-04-07,2810,3035,2775,2805,123249,0.0108108108108107
2020-04-08,2805,2920,2770,2890,23927,0.030303030303030276
2020-04-09,3070,3070,2920,2945,49253,0.01903114186851207
2020-04-10,2945,2960,2850,2875,45222,-0.02376910016977929
2020-04-13,2875,2990,2845,2880,20471,0.0017391304347826875
2020-04-14,2880,2950,2875,2900,26341,0.00694444444444442
2020-04-16,2950,2985,2850,2940,27790,0.01379310344827589
2020-04-17,3040,3325,3000,3120,269359,0.061224489795918435
2020-04-20,3190,3190,3085,3180,47107,0.019230769230769162
2020-04-21,3170,3215,2850,3195,137565,0.004716981132075526
2020-04-22,3140,3190,2990,3190,73878,-0.0015649452269170805
2020-04-23,3320,3580,3205,3445,470728,0.07993730407523514
2020-04-24,3450,3625,3395,3455,161937,0.002902757619738683
2020-04-27,3565,3565,3385,3490,43597,0.01013024602026058
2020-04-28,3455,3475,3360,3430,35508,-0.017191977077363862
2020-04-29,3410,3410,3310,3340,35367,-0.026239067055393583
2020-05-04,3330,3355,3125,3340,31680,0.0
2020-05-06,3310,3340,3275,3310,23008,-0.008982035928143728
2020-05-07,3310,3385,3300,3330,37796,0.0060422960725075026
2020-05-08,3350,3410,3340,3360,30967,0.009009009009008917
2020-05-11,3360,3435,3280,3300,34152,-0.017857142857142905
2020-05-12,3260,3275,3195,3240,28537,-0.018181818181818188
2020-05-13,3230,3370,3165,3325,35787,0.026234567901234573
2020-05-14,3320,3370,3205,3255,27266,-0.021052631578947323
2020-05-15,3255,3275,3175,3185,13101,-0.021505376344086002
2020-05-18,3205,3265,3020,3180,22237,-0.0015698587127158659
2020-05-19,3190,3310,3160,3210,35554,0.009433962264151052
2020-05-20,3210,3265,3195,3260,14138,0.015576323987538832
2020-05-21,3330,3410,3295,3350,72766,0.027607361963190247
2020-05-22,3350,3380,3285,3310,25915,-0.011940298507462699
2020-05-25,3240,3330,3240,3285,37166,-0.007552870090634434
2020-05-26,3250,3325,3250,3250,46204,-0.010654490106544956
2020-05-27,3390,3390,3270,3300,40190,0.01538461538461533
2020-05-28,3300,3365,3110,3320,65560,0.0060606060606061
2020-05-29,3320,3320,3200,3200,32049,-0.03614457831325302
2020-06-01,3205,3310,3205,3205,26520,0.0015624999999999112
2020-06-02,3210,3250,3210,3250,16729,0.014040561622464809
2020-06-03,3280,3285,3180,3250,47352,0.0
2020-06-04,3250,3300,3215,3230,24284,-0.006153846153846176
2020-06-05,3295,3295,3205,3235,20368,0.001547987616099089
2020-06-08,3290,3290,3160,3210,40331,-0.007727975270479082
2020-06-09,3220,3295,3210,3215,25662,0.0015576323987538387
2020-06-10,3190,3250,3190,3210,11351,-0.0015552099533436836
2020-06-11,3245,3445,3200,3205,275561,-0.0015576323987538387
2020-06-12,3100,3190,3000,3100,57438,-0.032761310452418146
2020-06-15,3045,3155,2890,2930,71667,-0.05483870967741933
2020-06-16,2930,3040,2900,3035,33606,0.03583617747440271
2020-06-17,3035,3090,2940,3020,21637,-0.0049423393739703725
2020-06-18,3020,3115,2850,2985,16437,-0.011589403973509937
2020-06-19,2985,3090,2940,3075,35297,0.03015075376884413
2020-06-22,3020,3075,2970,3000,34731,-0.024390243902439046
2020-06-23,3005,3155,2990,3075,136273,0.02499999999999991
2020-06-24,3040,3095,2990,3045,49188,-0.009756097560975618
2020-06-25,3040,3040,2945,2955,37796,-0.029556650246305383
2020-06-26,2960,2995,2890,2990,23016,0.011844331641285955
2020-06-29,3055,3055,2900,2945,32458,-0.015050167224080258
2020-06-30,2965,3075,2945,2985,20499,0.013582342954159499
2020-07-01,3090,3090,2900,2930,19760,-0.018425460636515956
2020-07-02,2930,2995,2900,2930,10851,0.0
2020-07-03,2955,3050,2805,2920,14790,-0.0034129692832765013
2020-07-06,2920,3000,2905,2945,19553,0.008561643835616417
2020-07-07,2945,2980,2930,2980,15649,0.011884550084889645
2020-07-08,2980,2980,2935,2950,16153,-0.010067114093959773
2020-07-09,2990,2990,2920,2970,16286,0.006779661016949046
2020-07-10,2970,2975,2815,2915,17950,-0.01851851851851849
2020-07-13,2915,3030,2850,3000,50218,0.029159519725557415
2020-07-14,3000,3465,2960,3100,435047,0.03333333333333344
2020-07-15,3170,3300,3105,3150,76388,0.016129032258064502
2020-07-16,3150,3335,3105,3160,113561,0.0031746031746031633
2020-07-17,3245,3245,3100,3110,30534,-0.015822784810126556
2020-07-20,3155,3155,3060,3105,28451,-0.001607717041800627
2020-07-21,3105,3160,3025,3160,26732,0.017713365539452575
2020-07-22,3160,3190,3115,3135,18649,-0.007911392405063333
2020-07-23,3135,3135,3030,3050,42022,-0.027113237639553422
2020-07-24,3045,3130,3005,3080,19240,0.009836065573770592
2020-07-27,3110,3145,3010,3020,26099,-0.01948051948051943
2020-07-28,3020,3060,2985,3010,31844,-0.0033112582781457123
2020-07-29,3010,3030,2990,3005,15371,-0.0016611295681062677
2020-07-30,3005,3060,2975,3040,25637,0.011647254575707144
2020-07-31,3040,3040,2985,2990,34850,-0.016447368421052655
2020-08-03,3005,3035,2970,3010,22200,0.006688963210702337
2020-08-04,2975,3040,2975,3005,17829,-0.0016611295681062677
2020-08-05,3030,3030,2980,2990,19005,-0.004991680532445919
2020-08-06,2980,3005,2950,2970,25022,-0.006688963210702337
2020-08-07,2975,2985,2930,2960,27559,-0.0033670033670033517
2020-08-10,2960,3125,2940,3105,104806,0.0489864864864864
2020-08-11,3105,3340,3100,3100,96224,-0.0016103059581320522
2020-08-12,3105,3185,3025,3070,20580,-0.009677419354838679
2020-08-13,3070,3225,3070,3145,64508,0.02442996742671011
2020-08-14,3235,3235,3095,3095,12467,-0.015898251192368873
2020-08-18,3095,3095,2860,2860,36586,-0.07592891760904685
2020-08-19,2860,2940,2860,2905,10941,0.01573426573426584
2020-08-20,2895,2950,2755,2755,41863,-0.05163511187607572
2020-08-21,2750,2850,2700,2830,12720,0.02722323049001818
2020-08-24,2835,2890,2800,2885,16881,0.019434628975264934
2020-08-25,2930,2930,2875,2920,25284,0.0121317157712304
2020-08-26,2920,2920,2860,2905,13419,-0.005136986301369828
2020-08-27,2860,2945,2845,2895,17923,-0.0034423407917383297
2020-08-28,2895,2960,2875,2900,26693,0.0017271157167531026
2020-08-31,3010,3010,2890,2890,21707,-0.0034482758620689724
2020-09-01,2845,2940,2845,2895,21873,0.0017301038062282892
2020-09-02,3065,3100,2900,3100,123020,0.07081174438687388
2020-09-03,3140,3275,3110,3120,67795,0.006451612903225712
2020-09-04,3120,3150,2980,3065,36699,-0.017628205128205177
2020-09-07,3065,3270,3040,3240,119035,0.057096247960848334
2020-09-08,3290,3290,3145,3170,51085,-0.021604938271604923
2020-09-09,3170,3355,3170,3295,153236,0.039432176656151396
2020-09-10,3295,3585,3280,3340,424061,0.01365705614567525
2020-09-11,3340,3340,3170,3190,73378,-0.04491017964071853
2020-09-14,3190,3480,3190,3385,176420,0.061128526645767955
2020-09-15,3470,4350,3425,3925,1702468,0.1595273264401773
2020-09-16,3940,4030,3710,3800,305991,-0.031847133757961776
2020-09-17,3850,3855,3565,3565,220795,-0.06184210526315792
2020-09-18,3660,3665,3530,3650,74933,0.02384291725105192
2020-09-21,3800,3800,3450,3500,123954,-0.04109589041095896
2020-09-22,3480,3500,3150,3290,90976,-0.06000000000000005
2020-09-23,3305,3405,3165,3370,46644,0.024316109422492405
2020-09-24,3180,3265,3165,3235,55142,-0.0400593471810089
2020-09-25,3235,3290,3145,3235,48962,0.0
2020-09-28,3210,3325,3150,3285,31660,0.015455950540958163
2020-09-29,3295,3440,3250,3340,25791,0.016742770167427645
2020-10-05,3340,3410,3340,3375,49788,0.010479041916167775
2020-10-06,3425,3695,3360,3530,107280,0.045925925925925926
2020-10-07,3530,3575,3460,3515,24371,-0.004249291784702569
2020-10-08,3500,3690,3500,3535,34953,0.005689900426742556
2020-10-12,3600,3600,3490,3490,33375,-0.012729844413012725
2020-10-13,3525,3525,3380,3440,43550,-0.014326647564469885
2020-10-14,3445,3445,3280,3370,29538,-0.02034883720930236
2020-10-15,3370,3460,3290,3370,41422,0.0
2020-10-16,3340,3370,3260,3280,29876,-0.02670623145400597
2020-10-19,3210,3300,3210,3275,11313,-0.0015243902439023849
2020-10-20,3195,3345,3170,3330,22720,0.016793893129771087
2020-10-21,3370,3495,3300,3350,30130,0.006006006006006093
2020-10-22,3345,3345,3245,3265,21032,-0.025373134328358193
2020-10-23,3250,3445,3250,3300,14465,0.010719754977029039
2020-10-26,3300,3320,3170,3190,31355,-0.033333333333333326
2020-10-27,3230,3245,3145,3170,18816,-0.006269592476489061
2020-10-28,3180,3345,3180,3270,8113,0.03154574132492116
2020-10-29,3235,3390,3210,3350,13990,0.024464831804281273
2020-10-30,3350,3365,3185,3185,14835,-0.04925373134328359
2020-11-02,3190,3305,3185,3255,13136,0.0219780219780219
2020-11-03,3320,3320,3245,3250,13077,-0.001536098310291889
2020-11-04,3255,3290,3220,3285,14350,0.010769230769230864
2020-11-05,3285,3350,3285,3325,12440,0.0121765601217656
2020-11-06,3430,3430,3300,3330,14888,0.0015037593984963404
2020-11-09,3360,3395,3315,3335,10895,0.0015015015015014122
2020-11-10,3335,3350,3290,3310,15616,-0.007496251874062998
2020-11-11,3325,3325,3270,3275,10097,-0.010574018126888185
2020-11-12,3275,3345,3270,3345,12322,0.021374045801526798
2020-11-13,3315,3355,3310,3315,11075,-0.008968609865470878
2020-11-16,3370,3390,3230,3310,17637,-0.0015082956259426794
2020-11-17,3310,3365,3270,3310,11627,0.0
2020-11-18,3295,3300,3260,3275,18377,-0.010574018126888185
2020-11-19,3275,3290,3250,3280,16250,0.0015267175572519776
2020-11-20,3280,3320,3280,3285,13529,0.0015243902439023849
2020-11-23,3285,3320,3285,3320,25938,0.010654490106544845
2020-11-24,3320,3370,3320,3360,22729,0.012048192771084265
2020-11-25,3360,3390,3270,3270,24524,-0.0267857142857143
2020-11-26,3270,3380,3170,3290,15344,0.006116207951070374
2020-11-27,3310,3315,3265,3305,13807,0.004559270516717229
2020-11-30,3305,3325,3275,3300,12842,-0.001512859304084735
2020-12-01,3305,3395,3280,3315,26091,0.00454545454545463
2020-12-02,3315,3415,3295,3350,10773,0.010558069381598756
2020-12-03,3350,3410,3305,3345,14716,-0.0014925373134327957
2020-12-04,3345,3350,3305,3320,18753,-0.007473841554558991
2020-12-07,3340,3340,3260,3290,30264,-0.009036144578313254
2020-12-08,3290,3310,3260,3285,18580,-0.001519756838905817
2020-12-09,3285,3345,3280,3290,15593,0.0015220700152207556
2020-12-10,3400,3400,3295,3310,24571,0.006079027355623046
2020-12-11,3315,3335,3310,3315,11891,0.0015105740181269312
2020-12-14,3335,3335,3285,3300,9703,-0.004524886877828038
2020-12-15,3300,3325,3285,3285,11689,-0.004545454545454519
2020-12-16,3285,3335,3285,3310,11329,0.007610350076103556
2020-12-17,3310,3320,3285,3310,11697,0.0
2020-12-18,3340,3340,3280,3320,18368,0.0030211480362538623
2020-12-21,3335,3435,3280,3405,45298,0.025602409638554313
2020-12-22,3385,3455,3375,3430,49497,0.007342143906020615
2020-12-23,3415,3545,3400,3470,62400,0.011661807580174877
2020-12-24,3490,3535,3415,3460,33102,-0.0028818443804035088
2020-12-28,3460,3520,3415,3430,21778,-0.00867052023121384
2020-12-29,3440,3440,3320,3395,17830,-0.010204081632653073
2020-12-30,3365,4100,3345,3530,530426,0.0397643593519883
2021-01-04,3545,3610,3510,3510,103832,-0.005665722379603388
2021-01-05,3570,3570,3505,3515,61228,0.0014245014245013454
2021-01-06,3520,3560,3485,3535,36017,0.005689900426742556
2021-01-07,3535,3665,3525,3560,56796,0.007072135785006983
2021-01-08,3585,3960,3570,3960,224016,0.1123595505617978
2021-01-11,3900,3925,3700,3900,139382,-0.015151515151515138
2021-01-12,3900,3900,3600,3800,54415,-0.02564102564102566
2021-01-13,3800,4040,3750,3905,162626,0.02763157894736845
2021-01-14,3970,3990,3890,3910,72829,0.001280409731113874
2021-01-15,3910,3970,3755,3815,38398,-0.024296675191815886
2021-01-18,3815,3815,3575,3575,95825,-0.0629095674967235
2021-01-19,3620,3685,3515,3550,70117,-0.006993006993006978
2021-01-20,3655,3780,3540,3750,70963,0.05633802816901401
2021-01-21,3765,3960,3695,3870,85967,0.03200000000000003
2021-01-22,3875,4800,3840,4255,1444596,0.09948320413436695
2021-01-25,4325,4440,4155,4360,269672,0.024676850763807323
2021-01-26,4360,5000,4360,4655,577864,0.06766055045871555
2021-01-27,4585,4685,4320,4345,220097,-0.06659505907626206
2021-01-28,4115,4330,4100,4105,87734,-0.05523590333716921
2021-01-29,4115,4170,3795,3900,89813,-0.049939098660170544
2021-02-01,3865,4170,3800,4090,99531,0.04871794871794877
2021-02-02,4240,4240,3970,3995,56241,-0.023227383863080653
2021-02-03,4100,4445,4025,4225,183420,0.05757196495619521
2021-02-04,4345,4430,4230,4320,114226,0.022485207100591653
2021-02-05,4300,4320,4160,4180,49359,-0.03240740740740744
2021-02-08,4140,4140,3930,3970,47896,-0.05023923444976075
2021-02-09,3970,4065,3880,3895,28687,-0.018891687657430767
2021-02-10,3895,4065,3880,4000,22153,0.02695763799743256
2021-02-15,4000,4090,3800,4010,38606,0.0024999999999999467
2021-02-16,4010,4025,3850,3960,45089,-0.012468827930174564
2021-02-17,3965,3995,3860,3865,38025,-0.023989898989899006
2021-02-18,3865,3935,3785,3840,39029,-0.0064683053040103244
2021-02-19,3800,3805,3690,3770,40236,-0.01822916666666663
2021-02-22,3770,3945,3700,3700,39729,-0.018567639257294433
2021-02-23,3670,3770,3670,3710,32058,0.002702702702702675
2021-02-24,3715,3790,3540,3585,58258,-0.03369272237196763
2021-02-25,3585,3770,3585,3630,34988,0.012552301255230214
2021-02-26,3590,3620,3450,3540,56792,-0.024793388429752095
2021-03-02,3540,4300,3540,3775,161598,0.06638418079096042
2021-03-03,3800,3880,3735,3880,30120,0.027814569536423805
2021-03-04,3860,3875,3710,3875,12494,-0.0012886597938144284
2021-03-05,3840,3860,3700,3815,24267,-0.015483870967741953
2021-03-08,3915,3915,3740,3740,72452,-0.019659239842726106
2021-03-09,3705,3790,3605,3790,54063,0.013368983957219305
2021-03-10,3780,3880,3630,3630,25032,-0.04221635883905017
2021-03-11,3630,3735,3560,3705,20827,0.02066115702479343
2021-03-12,3715,3805,3705,3760,14822,0.014844804318488558
2021-03-15,3760,3895,3700,3735,22785,-0.0066489361702127825
2021-03-16,3745,3775,3700,3755,22965,0.0053547523427042165
2021-03-17,3755,3850,3710,3770,21351,0.003994673768308976
2021-03-18,3800,3800,3740,3780,8000,0.0026525198938991412
2021-03-19,3765,3785,3715,3725,27569,-0.014550264550264536
2021-03-22,3735,3750,3715,3725,10698,0.0
2021-03-23,3765,3770,3700,3720,23214,-0.0013422818791946067
2021-03-24,3685,3780,3650,3690,10991,-0.008064516129032251
2021-03-25,3725,3725,3600,3675,39818,-0.004065040650406471
2021-03-26,3775,3775,3590,3635,23235,-0.010884353741496544
2021-03-29,3625,3630,3580,3630,42143,-0.0013755158184318717
2021-03-30,3630,3685,3605,3635,15326,0.0013774104683195176
2021-03-31,3640,3640,3600,3630,13517,-0.0013755158184318717
2021-04-01,3630,3685,3610,3685,12480,0.015151515151515138
2021-04-02,3685,3745,3685,3710,17211,0.006784260515603879
2021-04-05,3720,3840,3650,3700,30478,-0.0026954177897574594
2021-04-06,3705,3770,3700,3735,24731,0.009459459459459474
2021-04-07,3735,3770,3680,3685,38690,-0.01338688085676043
2021-04-08,3720,3750,3700,3735,14007,0.013568521031207537
2021-04-09,3735,3865,3735,3850,64898,0.0307898259705488
2021-04-12,3850,4115,3850,4095,183282,0.06363636363636371
2021-04-13,4105,4120,4000,4080,45179,-0.00366300366300365
2021-04-14,4080,4080,3910,4000,28015,-0.019607843137254943
2021-04-15,4000,4000,3920,3970,34066,-0.007499999999999951
2021-04-16,3935,4070,3935,4005,32176,0.00881612090680095
2021-04-19,4015,4080,4005,4040,24827,0.008739076154806513
2021-04-20,4040,4065,4020,4065,22572,0.006188118811881083
2021-04-21,4100,4150,4025,4050,40408,-0.0036900369003689537
2021-04-22,4050,4195,4050,4140,51134,0.022222222222222143
2021-04-23,4250,4320,4135,4200,69926,0.01449275362318847
2021-04-26,4215,4215,4130,4135,23654,-0.015476190476190421
2021-04-27,4135,4200,4105,4135,34670,0.0
2021-04-28,4135,4135,4005,4080,33799,-0.013301088270858519
2021-04-29,4040,4055,3960,4010,31815,-0.01715686274509809
2021-04-30,3985,4080,3965,4060,37334,0.012468827930174564
2021-05-03,4060,4170,4025,4130,25179,0.01724137931034475
2021-05-04,4130,4255,3920,4195,59736,0.0157384987893463
2021-05-06,4195,4260,4195,4240,29901,0.010727056019070424
2021-05-07,4310,4310,4170,4230,43233,-0.002358490566037763
2021-05-10,4235,4300,4190,4230,66023,0.0
2021-05-11,4650,4670,4245,4305,756968,0.01773049645390068
2021-05-12,4305,4380,4120,4150,106752,-0.03600464576074336
2021-05-13,4085,4250,4005,4135,59140,-0.0036144578313253017
2021-05-14,4135,4240,4130,4240,44079,0.025392986698911768
2021-05-17,4240,4285,4215,4240,29335,0.0
2021-05-18,4240,4300,4220,4285,36256,0.010613207547169878
2021-05-20,4285,4350,4285,4340,37796,0.012835472578763163
2021-05-21,4350,4420,4345,4350,51274,0.0023041474654377225
2021-05-24,4350,4460,4160,4345,55761,-0.0011494252873562871
2021-05-25,4345,4400,4245,4340,39308,-0.0011507479861909697
2021-05-26,4350,4400,4305,4355,22482,0.003456221198156584
2021-05-27,4360,4410,4300,4355,31475,0.0
2021-05-28,4360,4500,4350,4400,55942,0.010332950631458004
2021-05-31,4400,4480,4390,4445,39710,0.010227272727272751
2021-06-01,4445,4475,4430,4460,30155,0.003374578177727683
2021-06-02,4460,4460,4385,4460,32049,0.0
2021-06-03,4460,4460,4380,4385,24171,-0.01681614349775784
2021-06-04,4385,4395,4340,4375,25536,-0.0022805017103763037
2021-06-07,4420,4500,4385,4415,17604,0.00914285714285712
2021-06-08,4430,4435,4385,4410,40224,-0.0011325028312570984
2021-06-09,4410,4435,4380,4420,43147,0.0022675736961450532
2021-06-10,4380,4415,4375,4400,19578,-0.004524886877828038
2021-06-11,4405,5720,4405,5470,4030606,0.24318181818181817
2021-06-14,5360,5900,4930,5040,2959948,-0.07861060329067637
2021-06-15,5000,5090,4825,4825,349273,-0.04265873015873012
2021-06-16,4825,4960,4770,4960,203562,0.02797927461139893
2021-06-17,4900,5000,4875,5000,116242,0.008064516129032251
2021-06-18,5020,5020,4895,4965,104025,-0.007000000000000006
2021-06-21,4965,5030,4850,4935,110604,-0.0060422960725075026
2021-06-22,4970,4980,4880,4935,79493,0.0
2021-06-23,4950,5020,4930,5000,71220,0.01317122593718345
2021-06-24,5000,5030,4920,4960,52050,-0.008000000000000007
2021-06-25,4915,4985,4915,4930,37107,-0.006048387096774244
2021-06-28,4930,5010,4900,4945,52605,0.0030425963488844854
2021-06-29,4955,5150,4955,5090,151225,0.029322548028311468
2021-06-30,5090,5180,5060,5170,99583,0.015717092337917515
2021-07-01,5180,5220,5050,5120,73454,-0.009671179883945835
2021-07-02,5120,5130,5040,5050,46315,-0.013671875
2021-07-05,5050,5220,4990,5170,111014,0.023762376237623783
2021-07-06,5180,5250,5090,5250,85433,0.015473887814313247
2021-07-07,5250,5330,5170,5200,80680,-0.00952380952380949
2021-07-08,5200,5220,5000,5000,60292,-0.038461538461538436
2021-07-09,4965,4965,4765,4855,75095,-0.029000000000000026
2021-07-12,4815,4995,4810,4980,57798,0.025746652935118464
2021-07-13,4980,5100,4980,5100,27871,0.024096385542168752
2021-07-14,5110,5190,5040,5100,55406,0.0
2021-07-15,5110,5320,5100,5200,68929,0.019607843137254832
2021-07-16,5200,5230,5110,5230,41718,0.005769230769230749
2021-07-19,5220,5300,5070,5300,47527,0.013384321223709472
2021-07-20,5220,5220,4920,5030,47632,-0.05094339622641508
2021-07-21,5030,5210,5000,5090,44525,0.011928429423459175
2021-07-22,5090,5090,4960,5020,24748,-0.013752455795677854
2021-07-23,5020,5150,5020,5050,28950,0.005976095617529875
2021-07-26,5110,5170,5050,5090,23837,0.007920792079207928
2021-07-27,5050,5070,4970,4990,24485,-0.01964636542239684
2021-07-28,4915,4965,4845,4880,39674,-0.022044088176352727
2021-07-29,4860,4880,4810,4870,16792,-0.002049180327868827
2021-07-30,4870,4885,4795,4800,25046,-0.014373716632443578
2021-08-02,4745,4745,4680,4695,35330,-0.021874999999999978
2021-08-03,4695,4705,4600,4600,37947,-0.020234291799786974
2021-08-04,4590,4720,4575,4670,19996,0.01521739130434785
2021-08-05,4675,4850,4675,4775,22101,0.0224839400428265
2021-08-06,4775,4880,4775,4810,36033,0.00732984293193728
2021-08-09,4810,4950,4810,4810,23438,0.0
2021-08-10,4810,4845,4680,4685,24514,-0.02598752598752596
2021-08-11,4640,4720,4600,4600,23032,-0.018143009605122717
2021-08-12,4550,4620,4520,4610,18786,0.0021739130434783593
2021-08-13,4585,4595,4420,4480,47110,-0.02819956616052066
2021-08-17,4405,4455,4310,4315,49394,-0.036830357142857095
2021-08-18,4295,4500,3870,4445,90616,0.030127462340671984
2021-08-19,4445,4475,4255,4260,24336,-0.04161979752530931
2021-08-20,4245,4310,4010,4055,34820,-0.0481220657276995
2021-08-23,4070,4200,4035,4060,35698,0.0012330456226881115
2021-08-24,4060,4250,4060,4225,25177,0.04064039408866993
2021-08-25,4240,4500,4240,4450,40808,0.053254437869822535
2021-08-26,4485,4670,4485,4640,35011,0.04269662921348316
2021-08-27,4640,5770,4595,5150,1982563,0.10991379310344818
2021-08-30,5160,5670,5040,5510,1418268,0.06990291262135928
2021-08-31,5520,7060,5520,5850,3968447,0.061705989110707904
2021-09-01,5900,6010,5500,5690,502910,-0.027350427350427364
2021-09-02,5630,5740,5450,5500,292597,-0.033391915641476255
2021-09-03,5500,5570,5390,5430,149235,-0.012727272727272698
2021-09-06,5460,5540,5360,5540,183295,0.0202578268876612
2021-09-07,5480,5480,5150,5280,189229,-0.04693140794223827
2021-09-08,5280,5290,5120,5160,108259,-0.022727272727272707
2021-09-09,5100,5400,5050,5360,203319,0.03875968992248069
2021-09-10,5330,5360,5150,5250,71365,-0.020522388059701524
2021-09-13,5250,5280,5080,5090,61769,-0.030476190476190435
2021-09-14,5090,5340,5080,5260,78024,0.03339882121807469
2021-09-15,5270,5520,5230,5310,122485,0.009505703422053147
2021-09-16,5320,5500,5300,5380,104857,0.013182674199623268
2021-09-17,5380,5380,5210,5270,46454,-0.020446096654275103
2021-09-23,5270,5370,5060,5230,108652,-0.007590132827324458
2021-09-24,5650,5700,5060,5100,676450,-0.0248565965583174
2021-09-27,5100,5260,5000,5200,66423,0.019607843137254832
2021-09-28,5200,5250,5020,5100,51222,-0.019230769230769273
2021-09-29,5030,5300,4885,5260,98475,0.031372549019607954
2021-09-30,5260,5310,5180,5200,62224,-0.011406844106463865
2021-10-01,5230,5230,4970,5030,57142,-0.03269230769230769
2021-10-05,5030,5030,4795,4950,104875,-0.015904572564612307
2021-10-06,5030,5040,4600,4650,49853,-0.06060606060606055
2021-10-07,4715,5010,4715,4950,51134,0.06451612903225801
2021-10-08,5330,5540,4800,4875,442970,-0.015151515151515138
2021-10-12,4880,5140,4880,5060,102722,0.0379487179487179
2021-10-13,5010,5100,4890,5060,37632,0.0
2021-10-14,5070,5170,5070,5070,43297,0.0019762845849802257
2021-10-15,5110,5260,5110,5200,60009,0.02564102564102555
2021-10-18,5200,5310,5190,5310,81172,0.02115384615384608
2021-10-19,5310,5420,5270,5420,72949,0.020715630885122405
2021-10-20,5460,5460,5300,5390,68734,-0.005535055350553542
2021-10-21,5390,5390,5150,5160,55806,-0.042671614100185495
2021-10-22,5110,5330,5110,5200,59087,0.007751937984496138
2021-10-25,5200,5230,5140,5210,18183,0.0019230769230769162
2021-10-26,5200,5300,5150,5180,23319,-0.0057581573896353655
2021-10-27,5180,5210,5130,5180,30195,0.0
2021-10-28,5180,5190,5040,5100,36052,-0.015444015444015413
2021-10-29,5080,5090,4995,4995,26418,-0.020588235294117685
2021-11-01,4985,4995,4915,4995,19931,0.0
2021-11-02,4970,5050,4945,4995,31001,0.0
2021-11-03,4995,5090,4965,4990,23469,-0.0010010010010009784
2021-11-04,4990,5070,4930,4955,29975,-0.007014028056112176
2021-11-05,4955,4955,4780,4795,40863,-0.03229061553985868
2021-11-08,4750,4795,4615,4795,36263,0.0
2021-11-09,4795,4795,4700,4720,19614,-0.015641293013555768
2021-11-10,4720,4750,4670,4675,15029,-0.009533898305084776
2021-11-11,4610,4625,4495,4510,27864,-0.03529411764705881
2021-11-12,4465,4685,4465,4635,29622,0.027716186252771724
2021-11-15,4680,4780,4635,4635,24896,0.0
2021-11-16,4640,4685,4610,4625,14672,-0.0021574973031284195
2021-11-17,4625,4665,4505,4545,30048,-0.017297297297297343
2021-11-18,4545,4780,4200,4600,50362,0.012101210121012063
2021-11-19,4600,4725,4555,4700,18353,0.021739130434782705
2021-11-22,4660,4700,4535,4660,22822,-0.008510638297872353
2021-11-23,4660,4710,4400,4700,30565,0.008583690987124415
2021-11-24,4610,4655,4550,4570,17760,-0.02765957446808509
2021-11-25,4525,4620,4500,4615,34038,0.009846827133479286
2021-11-26,5100,5380,4650,4690,509211,0.01625135427952329
2021-11-29,4685,4685,4445,4495,29452,-0.041577825159914705
2021-11-30,4495,4930,4430,4430,67136,-0.014460511679644017
2021-12-01,4410,4500,4300,4435,29756,0.0011286681715576563
2021-12-02,4430,4430,4250,4380,18196,-0.012401352874859106
2021-12-03,4710,4710,4405,4550,26423,0.038812785388127935
2021-12-06,4550,4645,4550,4620,7670,0.01538461538461533
2021-12-07,4640,4690,4575,4650,11856,0.006493506493506551
2021-12-08,4650,4770,4605,4605,7921,-0.009677419354838679
2021-12-09,4605,4750,4600,4745,12585,0.030401737242128135
2021-12-10,4760,4760,4660,4710,9853,-0.00737618545837726
2021-12-13,4710,4860,4650,4735,25796,0.005307855626327074
2021-12-14,4660,4735,4620,4690,23570,-0.009503695881731833
2021-12-15,4645,4690,4595,4605,13845,-0.018123667377398678
2021-12-16,4605,4620,4555,4570,9166,-0.007600434310532034
2021-12-17,4495,4585,4495,4570,7178,0.0
2021-12-20,4525,4525,4470,4470,7630,-0.021881838074398252
2021-12-21,4460,4470,4410,4445,6644,-0.005592841163310935
2021-12-22,4445,4505,4445,4495,7384,0.011248593925759387
2021-12-23,4495,4580,4495,4545,7564,0.011123470522803158
2021-12-24,4545,4685,4545,4595,12660,0.011001100110010986
2021-12-27,4680,4730,4540,4615,17970,0.0043525571273121955
2021-12-28,4615,4635,4500,4555,17966,-0.013001083423618609
2021-12-29,4540,4540,4405,4500,17850,-0.01207464324917673
2021-12-30,4520,4700,4405,4460,6977,-0.008888888888888835
2022-01-03,4590,4590,4470,4515,3580,0.012331838565022402
2022-01-04,4470,4515,4460,4515,2747,0.0
2022-01-05,4520,4520,4195,4510,28556,-0.001107419712070845
2022-01-06,4510,4510,4430,4430,3079,-0.0177383592017738
2022-01-07,4430,4460,4360,4365,7509,-0.01467268623024831
2022-01-10,4365,4370,4250,4300,29533,-0.014891179839633395
2022-01-11,4260,4260,3980,4025,61597,-0.06395348837209303
2022-01-12,4000,4050,3970,3995,40750,-0.007453416149068359
2022-01-13,4010,4045,3970,4010,37040,0.003754693366708306
2022-01-14,3975,4045,3970,3990,9019,-0.004987531172069848
2022-01-17,3990,4000,3910,3945,19030,-0.011278195488721776
2022-01-18,3920,3995,3910,3955,13711,0.0025348542458809575
2022-01-19,3955,3955,3860,3900,9741,-0.013906447534766109
2022-01-20,3835,3985,3835,3985,5328,0.021794871794871717
2022-01-21,3985,3985,3915,3930,11934,-0.013801756587201952
2022-01-24,3930,4020,3780,3785,15633,-0.03689567430025442
2022-01-25,3785,3885,3515,3570,15440,-0.05680317040951122
2022-01-26,3570,3850,3390,3745,22725,0.0490196078431373
2022-01-27,3745,3850,3645,3650,16529,-0.025367156208277675
2022-01-28,3685,3755,3550,3700,9941,0.013698630136986356
2022-02-03,3665,3890,3660,3820,22118,0.03243243243243232
2022-02-04,3820,3900,3760,3825,3484,0.0013089005235602524
2022-02-07,3825,3835,3770,3800,3364,-0.006535947712418277
2022-02-08,3810,3850,3610,3640,17965,-0.04210526315789476
2022-02-09,3720,3785,3710,3750,9619,0.030219780219780112
2022-02-10,3765,3765,3710,3710,5400,-0.010666666666666713
2022-02-11,3710,3710,3650,3650,4218,-0.016172506738544423
2022-02-14,3615,3615,3465,3505,12810,-0.03972602739726028
2022-02-15,3450,3540,3450,3505,6786,0.0
2022-02-16,3745,3745,3540,3655,14809,0.042796005706134066
2022-02-17,3665,3760,3665,3675,11548,0.00547195622435015
2022-02-18,3675,3760,3675,3750,3841,0.020408163265306145
2022-02-21,3750,3750,3720,3745,5296,-0.0013333333333332975
2022-02-22,3745,3785,3705,3710,10551,-0.009345794392523366
2022-02-23,3675,3725,3645,3655,3603,-0.014824797843665749
2022-02-24,3670,3695,3525,3525,11300,-0.035567715458276306
2022-02-25,3530,3660,3530,3580,6783,0.015602836879432536
2022-02-28,3615,3770,3615,3625,10655,0.012569832402234526
2022-03-02,3690,3845,3670,3780,15468,0.04275862068965508
2022-03-03,3795,3935,3790,3835,14472,0.014550264550264647
2022-03-04,3835,3880,3800,3870,6579,0.009126466753585305
2022-03-07,3810,3870,3715,3855,4547,-0.003875968992248069
2022-03-08,3805,3815,3725,3785,6177,-0.01815823605706879
2022-03-10,3785,3880,3785,3820,7213,0.009247027741083214
2022-03-11,3825,3935,3770,3785,8586,-0.009162303664921434
2022-03-14,3830,3840,3670,3780,5624,-0.0013210039630119352
2022-03-15,3710,3750,3660,3690,4503,-0.023809523809523836
2022-03-16,3700,3780,3670,3740,10743,0.013550135501354976
2022-03-17,3760,3835,3740,3740,5916,0.0
2022-03-18,3770,4595,3740,3990,424950,0.0668449197860963
2022-03-21,4080,4085,3940,3940,51148,-0.01253132832080206
2022-03-22,4010,4550,3950,4080,226866,0.035532994923857864
2022-03-23,4150,4150,3910,4015,42228,-0.015931372549019662
2022-03-24,4015,4015,3940,4015,24111,0.0
2022-03-25,3990,4100,3955,3960,18227,-0.013698630136986356
2022-03-28,3975,4100,3910,3985,20192,0.0063131313131312705
2022-03-29,3995,4050,3950,4010,12139,0.006273525721455453
2022-03-30,4010,4350,3920,4350,119462,0.08478802992518708
2022-03-31,4090,4150,4050,4140,42801,-0.0482758620689655
2022-04-01,4270,4270,4070,4100,36457,-0.009661835748792313
2022-04-04,4100,4125,4045,4070,13151,-0.007317073170731714
2022-04-05,4070,4090,4005,4030,31482,-0.009828009828009798
2022-04-06,4030,4035,3990,4005,10732,-0.006203473945409432
2022-04-07,4010,4030,3910,3910,13499,-0.02372034956304614
2022-04-08,3890,3925,3860,3905,13503,-0.0012787723785165905
2022-04-11,3900,3955,3890,3915,12079,0.00256081946222797
2022-04-12,3865,3920,3850,3885,7799,-0.007662835249042099
2022-04-13,3885,3905,3850,3885,6202,0.0
2022-04-14,3890,3960,3850,3880,13749,-0.0012870012870013214
2022-04-15,3890,3890,3835,3865,7014,-0.0038659793814432852
2022-04-18,3865,3865,3830,3845,6563,-0.005174644243208237
2022-04-19,3845,3885,3835,3850,10451,0.0013003901170351995
2022-04-20,3890,3950,3875,3910,14210,0.01558441558441559
2022-04-21,3920,3975,3880,3940,10678,0.007672634271099765
2022-04-22,3940,3980,3840,3865,9322,-0.019035532994923887
2022-04-25,3785,3865,3785,3865,10638,0.0
2022-04-26,3825,3840,3780,3810,17962,-0.014230271668822736
2022-04-27,3795,3930,3695,3810,23990,0.0
2022-04-28,3845,3870,3720,3740,11155,-0.018372703412073532
2022-04-29,3675,3810,3665,3710,15906,-0.008021390374331583
2022-05-02,3710,3790,3680,3765,14637,0.014824797843665749
2022-05-03,3800,3835,3740,3770,13064,0.0013280212483399723
2022-05-04,3850,3890,3725,3725,10349,-0.011936339522546469
2022-05-06,3735,4195,3730,3815,297120,0.024161073825503365
2022-05-09,3815,4095,3780,3850,78011,0.00917431192660545
2022-05-10,3850,3855,3520,3730,23679,-0.03116883116883118
2022-05-11,3730,3850,3720,3790,5011,0.01608579088471851
2022-05-12,3800,3800,3665,3670,12093,-0.0316622691292876
2022-05-13,3690,3795,3645,3645,6152,-0.006811989100817484
2022-05-16,3680,3830,3675,3710,3909,0.017832647462277196
2022-05-17,3715,3905,3680,3685,10800,-0.006738544474393482
2022-05-18,3685,3780,3685,3755,7999,0.01899592944369055
2022-05-19,3700,3745,3625,3710,4707,-0.011984021304926817
2022-05-20,3705,3750,3625,3745,16845,0.009433962264151052
2022-05-23,3815,3815,3665,3680,12144,-0.01735647530040052
2022-05-24,3680,3690,3510,3520,69424,-0.04347826086956519
2022-05-25,3555,3700,3530,3595,11432,0.02130681818181812
2022-05-26,3595,3630,3545,3580,5570,-0.004172461752433909
2022-05-27,3615,3700,3580,3625,3374,0.012569832402234526
2022-05-30,3640,3695,3580,3635,3634,0.0027586206896552667
2022-05-31,3640,3650,3615,3620,8793,-0.004126547455295726
2022-06-02,3620,3665,3580,3620,17154,0.0
2022-06-03,3620,3735,3585,3620,16196,0.0
2022-06-07,3615,3860,3615,3805,43415,0.05110497237569067
2022-06-08,3750,3880,3725,3860,20961,0.014454664914586024
2022-06-09,3820,3825,3735,3760,2754,-0.025906735751295318
2022-06-10,3760,3760,3670,3690,1370,-0.018617021276595702
2022-06-13,3690,3690,3560,3560,8356,-0.035230352303523005
2022-06-14,3500,3845,3415,3460,50286,-0.028089887640449396
2022-06-15,3510,3580,3510,3510,9079,0.014450867052023142
2022-06-16,3535,3625,3515,3545,5444,0.009971509971509862
2022-06-17,3510,3645,3485,3535,14519,-0.0028208744710860323
2022-06-20,3555,3555,3300,3425,6027,-0.03111739745403108
2022-06-21,3335,3595,3335,3480,13240,0.016058394160583855
2022-06-22,3460,3590,3235,3350,10601,-0.03735632183908044
2022-06-23,3400,3400,3100,3100,17856,-0.07462686567164178
2022-06-24,3090,3260,3090,3205,3828,0.03387096774193554
2022-06-27,3420,3420,3205,3295,4990,0.02808112324492984
2022-06-28,3290,3340,3230,3330,2143,0.01062215477996964
2022-06-29,3330,3430,3245,3245,8734,-0.02552552552552556
2022-06-30,3200,3395,3195,3250,5358,0.0015408320493066618
2022-07-01,3250,3305,3105,3105,9554,-0.04461538461538461
2022-07-04,3080,3175,3000,3175,2381,0.02254428341384873
2022-07-05,3120,3275,3065,3250,7006,0.023622047244094446
2022-07-06,3270,3270,3215,3250,4164,0.0
2022-07-07,3250,3390,3240,3240,6042,-0.003076923076923088
2022-07-08,3265,3445,3260,3300,9956,0.0185185185185186
2022-07-11,3265,3375,3110,3210,7330,-0.027272727272727226
2022-07-12,3210,3210,3120,3165,3188,-0.014018691588784993
2022-07-13,3165,3200,3140,3180,3898,0.004739336492890933
2022-07-14,3180,3230,3110,3230,2756,0.01572327044025168
2022-07-15,3230,3385,3195,3300,1848,0.021671826625387025
2022-07-18,3300,3360,3205,3345,1220,0.013636363636363669
2022-07-19,3350,3455,3285,3285,2770,-0.017937219730941756
2022-07-20,3330,3365,3260,3270,2028,-0.004566210045662156
2022-07-21,3320,3320,3270,3310,4400,0.012232415902140747
2022-07-22,3310,4300,3300,4300,2192415,0.29909365558912393
2022-07-25,4620,4620,3965,3965,1475780,-0.07790697674418601
2022-07-26,3965,4015,3795,3930,263495,-0.008827238335435084
2022-07-27,3960,4150,3830,3900,408558,-0.007633587786259555
2022-07-28,3995,4105,3800,3880,187397,-0.00512820512820511
2022-07-29,3880,4040,3845,3875,127933,-0.0012886597938144284
2022-08-01,3900,3925,3805,3805,60947,-0.01806451612903226
2022-08-02,3845,3915,3770,3875,66460,0.018396846254927768
2022-08-03,3940,3940,3800,3800,49970,-0.01935483870967747
2022-08-04,3800,3840,3800,3800,24880,0.0
2022-08-05,3830,3835,3700,3750,47553,-0.013157894736842146
2022-08-08,3710,3780,3650,3780,27369,0.008000000000000007
2022-08-09,3770,3850,3680,3795,28560,0.003968253968253954
2022-08-10,3795,3795,3650,3650,59651,-0.03820816864295129
2022-08-11,3670,3795,3670,3795,47419,0.039726027397260166
2022-08-12,3795,3835,3695,3715,41823,-0.021080368906455815
2022-08-16,3725,3745,3650,3690,30564,-0.006729475100942128
2022-08-17,3655,3685,3550,3655,47944,-0.009485094850948506
2022-08-18,3610,3640,3550,3580,24293,-0.020519835841313228
2022-08-19,3580,3615,3515,3525,26201,-0.015363128491620137
2022-08-22,3500,3500,3365,3375,46049,-0.04255319148936165
2022-08-23,3290,3700,3285,3330,211273,-0.013333333333333308
2022-08-24,3415,4090,3355,3565,1409620,0.07057057057057059
2022-08-25,3635,3690,3480,3560,144817,-0.0014025245441795509
2022-08-26,3905,3910,3545,3575,229556,0.004213483146067398
2022-08-29,3545,3710,3400,3525,87290,-0.013986013986013957
2022-08-30,3545,3605,3430,3445,52317,-0.02269503546099294
2022-08-31,3495,3495,3435,3460,18914,0.004354136429608024
2022-09-01,3455,3455,3350,3365,49385,-0.027456647398843903
2022-09-02,3335,3390,3325,3350,29176,-0.004457652303120341
2022-09-05,3310,3345,3240,3260,45883,-0.0268656716417911
2022-09-06,3265,3440,3240,3410,62573,0.04601226993865026
2022-09-07,3410,3410,3300,3380,32656,-0.008797653958944274
2022-09-08,3325,3420,3290,3345,25824,-0.010355029585798814
2022-09-13,3380,3380,3350,3365,10986,0.005979073243647326
2022-09-14,3320,3355,3100,3315,14507,-0.014858841010401136
2022-09-15,3345,3345,3250,3325,11571,0.003016591251885359
2022-09-16,3255,3305,3225,3225,13576,-0.03007518796992481
2022-09-19,3225,3250,3115,3160,36718,-0.020155038759689936
2022-09-20,3160,3240,3160,3205,19614,0.014240506329114
2022-09-21,3235,3250,3105,3220,15971,0.004680187207488196
2022-09-22,3255,3410,3115,3275,41189,0.017080745341614856
2022-09-23,3200,3295,3160,3235,30332,-0.012213740458015265
2022-09-26,3265,3395,3015,3085,66977,-0.04636785162287482
2022-09-27,3050,3070,2935,3005,40877,-0.02593192868719607
2022-09-28,3035,3035,2850,2935,43030,-0.02329450915141429
2022-09-29,2910,3060,2910,2950,19317,0.005110732538330387
2022-09-30,2965,2995,2900,2905,27073,-0.015254237288135575
2022-10-04,2965,3015,2945,2975,15976,0.024096385542168752
2022-10-05,3005,3150,2950,2950,21096,-0.008403361344537785
2022-10-06,2930,3025,2930,3020,11022,0.023728813559322104
2022-10-07,3020,3080,2960,3070,16203,0.01655629139072845
2022-10-11,3030,3080,2920,2930,10802,-0.0456026058631922
2022-10-12,2880,3240,2860,2930,72072,0.0
2022-10-13,2930,2950,2830,2830,13539,-0.03412969283276446
2022-10-14,2890,3030,2890,2955,7202,0.044169611307420586
2022-10-17,2925,3105,2925,3100,6273,0.04906937394247035
2022-10-18,3100,3175,3040,3095,11884,-0.001612903225806428
2022-10-19,3095,3210,3030,3110,22460,0.004846526655896577
2022-10-20,3060,3200,3055,3100,9134,-0.003215434083601254
2022-10-21,3100,3100,2965,2965,13770,-0.04354838709677422
2022-10-24,2965,3080,2965,3020,24853,0.018549747048903775
2022-10-25,3080,3080,2965,2970,9196,-0.01655629139072845
2022-10-26,3105,3105,2935,3000,10447,0.010101010101010166
2022-10-27,3000,3030,2970,3015,6234,0.004999999999999893
2022-10-28,3015,3030,2850,2850,15238,-0.05472636815920395
2022-10-31,2910,3010,2870,2925,6212,0.026315789473684292
2022-11-01,2940,3570,2920,2990,548306,0.022222222222222143
2022-11-02,3080,3240,3010,3115,144077,0.041806020066889715
2022-11-03,3120,3205,3080,3170,48985,0.017656500802568198
2022-11-04,3135,3150,3065,3130,33238,-0.012618296529968487
2022-11-07,3130,3130,3060,3070,26982,-0.019169329073482455
2022-11-08,3085,3160,3075,3160,19672,0.02931596091205213
2022-11-09,3160,3230,3130,3170,73510,0.0031645569620253333
2022-11-10,3610,4120,3600,3900,5006534,0.2302839116719242
2022-11-11,3820,3885,3510,3795,821869,-0.02692307692307694
2022-11-14,3795,4890,3620,4500,3076213,0.18577075098814233
2022-11-15,4380,4470,4165,4330,973980,-0.0377777777777778
2022-11-16,4685,5530,4535,4900,5916730,0.13163972286374137
2022-11-17,4900,6120,4410,4900,8128393,0.0
2022-11-18,4750,5570,4550,4630,3797024,-0.055102040816326525
2022-11-21,4625,5270,4565,4740,5073178,0.023758099352051865
2022-11-22,4760,5040,4680,4690,1680585,-0.010548523206751037
2022-11-23,4640,4895,4640,4710,859641,0.004264392324093924
2022-11-24,4725,4850,4710,4780,547382,0.014861995753715496
2022-11-25,4800,5320,4755,4875,3237844,0.01987447698744771
2022-11-28,4875,5090,4825,4905,1013743,0.006153846153846176
2022-11-29,5370,5370,4965,4975,955238,0.014271151885830724
2022-11-30,4960,5170,4900,5010,580240,0.007035175879396949
2022-12-01,5010,5080,4980,5010,332192,0.0
2022-12-02,5110,5470,5100,5160,1479375,0.029940119760478945
2022-12-05,5190,5190,4620,4660,593663,-0.0968992248062015
2022-12-06,4650,4655,4240,4240,489935,-0.09012875536480691
2022-12-07,4320,4320,4125,4255,213087,0.0035377358490567
2022-12-08,4140,4225,3945,4025,288912,-0.05405405405405406
2022-12-09,4045,4100,3915,4080,198215,0.013664596273291973
2022-12-12,4140,4150,3835,3835,248558,-0.060049019607843146
2022-12-13,3925,4050,3800,3800,195984,-0.009126466753585416
2022-12-14,3810,3975,3750,3920,148670,0.03157894736842115
2022-12-15,3920,3975,3830,3880,94119,-0.010204081632653073
2022-12-16,3795,3855,3755,3810,86263,-0.01804123711340211
2022-12-19,3745,3870,3745,3840,63267,0.007874015748031482
2022-12-20,3840,3860,3685,3735,118332,-0.02734375
2022-12-21,3690,3980,3670,3715,158008,-0.0053547523427041055
2022-12-22,3790,3920,3755,3860,113567,0.03903095558546443
2022-12-23,3790,3895,3745,3770,78964,-0.023316062176165775
2022-12-26,3760,3805,3675,3675,67295,-0.025198938992042397
2022-12-27,3670,3840,3670,3800,78024,0.03401360544217691
2022-12-28,3795,3880,3725,3825,60568,0.006578947368421018
2022-12-29,3775,3820,3735,3750,56188,-0.019607843137254943
2023-01-02,3760,3805,3600,3600,67272,-0.040000000000000036
2023-01-03,3670,3670,3440,3530,70609,-0.019444444444444486
2023-01-04,3475,3615,3475,3585,39259,0.015580736543909346
2023-01-05,3600,3690,3550,3660,38006,0.02092050209205021
2023-01-06,3695,3840,3675,3765,119451,0.028688524590164022
2023-01-09,3860,3860,3765,3810,36422,0.01195219123505975
2023-01-10,3810,3860,3760,3820,40266,0.002624671916010568
2023-01-11,3860,4445,3810,4100,2111683,0.0732984293193717
2023-01-12,4195,4330,4075,4095,649129,-0.0012195121951219523
2023-01-13,4080,4175,3980,4035,123657,-0.0146520146520146
2023-01-16,4460,4460,4030,4035,522563,0.0
2023-01-17,4045,4160,3805,3860,370233,-0.043370508054522916
2023-01-18,3860,3860,3740,3740,107770,-0.031088082901554404
2023-01-19,3700,4185,3695,3755,1470015,0.00401069518716568
2023-01-20,3805,4050,3805,3915,334474,0.04260985352862856
2023-01-25,3950,3950,3750,3860,109557,-0.01404853128991057
2023-01-26,3860,4045,3860,3990,518171,0.033678756476683835
2023-01-27,4040,4055,3955,3960,266510,-0.007518796992481258
2023-01-30,4000,4005,3910,3965,107311,0.0012626262626262985
2023-01-31,3985,4150,3885,4060,354245,0.023959646910466592
2023-02-01,4070,4080,3960,4025,145194,-0.008620689655172376
2023-02-02,4040,4040,3965,4025,77198,0.0
2023-02-03,3990,4115,3985,4025,138763,0.0
2023-02-06,4005,4025,3910,4000,65438,-0.006211180124223614
2023-02-07,4000,4035,3920,3930,53230,-0.01749999999999996
2023-02-08,3965,3965,3925,3945,42422,0.003816793893129722
2023-02-09,3945,3980,3880,3960,50863,0.0038022813688212143
2023-02-10,3935,3950,3755,3755,83872,-0.051767676767676796
2023-02-13,3755,3760,3695,3745,35199,-0.0026631158455392434
2023-02-14,3760,3815,3740,3740,39154,-0.001335113484646211
2023-02-15,3705,3740,3615,3640,80338,-0.0267379679144385
2023-02-16,3620,3730,3585,3680,36801,0.01098901098901095
2023-02-17,3670,3770,3660,3705,40629,0.006793478260869623
2023-02-20,3820,3820,3645,3750,28934,0.012145748987854255
2023-02-21,3705,3750,3700,3725,24276,-0.00666666666666671
2023-02-22,3690,3705,3600,3610,26057,-0.03087248322147651
2023-02-23,3590,3700,3565,3605,19785,-0.0013850415512465242
2023-02-24,3680,3680,3495,3520,47610,-0.023578363384188616
2023-02-27,3435,3520,3425,3520,26612,0.0
2023-02-28,3470,3520,3470,3505,47489,-0.0042613636363636465
2023-03-02,3495,3600,3475,3530,40521,0.007132667617689048
2023-03-03,3565,3570,3505,3550,21583,0.0056657223796034994
2023-03-06,3605,3605,3500,3510,20738,-0.011267605633802802
2023-03-07,3490,3600,3435,3535,48972,0.007122507122507171
2023-03-08,3520,3560,3440,3445,21288,-0.02545968882602545
2023-03-09,3500,3950,3460,3950,412416,0.14658925979680704
2023-03-10,3650,3770,3635,3660,176193,-0.07341772151898729
2023-03-13,3585,3640,3450,3535,62349,-0.03415300546448086
2023-03-14,3500,3500,3285,3285,66734,-0.07072135785007072
2023-03-15,3330,3385,3320,3335,31388,0.015220700152207112
2023-03-16,3335,3340,3165,3300,27016,-0.010494752623688153
2023-03-17,3300,3540,3300,3455,41234,0.046969696969696884
2023-03-20,3455,3485,3430,3440,13777,-0.00434153400868309
2023-03-21,3440,3480,3370,3380,16387,-0.01744186046511631
2023-03-22,3415,3420,3345,3370,12629,-0.00295857988165682
2023-03-23,3355,3370,3295,3335,26664,-0.010385756676557834
