Date,Open,High,Low,Close,Volume,Change
2015-01-02,26400,26650,26150,26250,120179,-0.013157894736842146
2015-01-05,26250,26700,25700,26450,152718,0.007619047619047636
2015-01-06,26250,27100,26250,26750,236188,0.011342155009451904
2015-01-07,26650,27000,26300,26750,112533,0.0
2015-01-08,26950,27350,26350,26400,173494,-0.013084112149532756
2015-01-09,26700,27300,26400,27150,211927,0.02840909090909083
2015-01-12,27050,27800,26850,27500,230373,0.012891344383057168
2015-01-13,27400,27450,27000,27100,120582,-0.014545454545454528
2015-01-14,27000,27450,26950,27350,91502,0.009225092250922495
2015-01-15,27400,27900,27300,27900,123841,0.02010968921389389
2015-01-16,27650,27950,27300,27900,186493,0.0
2015-01-19,28050,28550,28050,28150,167063,0.008960573476702427
2015-01-20,28300,28400,27950,28300,107825,0.005328596802841812
2015-01-21,28350,28450,27850,28150,114141,-0.005300353356890497
2015-01-22,28350,28950,28050,28200,158312,0.001776198934280604
2015-01-23,28650,29150,28400,29150,228676,0.03368794326241131
2015-01-26,29100,29300,28650,28700,155764,-0.015437392795883409
2015-01-27,29000,30600,28950,30200,361078,0.05226480836236935
2015-01-28,29950,30450,29600,29750,204801,-0.01490066225165565
2015-01-29,29500,29950,29300,29600,142512,-0.005042016806722671
2015-01-30,29750,30350,29450,30250,164807,0.02195945945945943
2015-02-02,30300,30700,29700,29750,120081,-0.016528925619834656
2015-02-03,30050,31350,29150,31000,397822,0.04201680672268915
2015-02-04,31150,31650,30600,31250,263254,0.008064516129032251
2015-02-05,31050,31600,30850,31200,167461,-0.0016000000000000458
2015-02-06,31300,31500,30800,31400,135937,0.0064102564102563875
2015-02-09,31500,31500,30250,30500,161115,-0.0286624203821656
2015-02-10,30400,30850,30050,30550,122308,0.0016393442622950616
2015-02-11,30750,30750,30200,30350,65424,-0.006546644844517169
2015-02-12,30350,30600,30150,30400,104173,0.0016474464579900872
2015-02-13,31000,32800,30950,32450,404079,0.06743421052631571
2015-02-16,32750,33600,31950,32650,388229,0.006163328197226425
2015-02-17,32850,33000,32050,32300,168786,-0.01071975497702915
2015-02-23,32300,32700,32200,32550,141970,0.007739938080495445
2015-02-24,32550,34000,32550,33900,243794,0.041474654377880116
2015-02-25,33950,34500,33400,33500,219577,-0.01179941002949858
2015-02-26,33300,34000,33150,33400,134772,-0.0029850746268657025
2015-02-27,33500,34300,33300,33850,119892,0.013473053892215647
2015-03-02,33500,34800,33500,34500,172580,0.019202363367799125
2015-03-03,34350,34500,33300,33600,278735,-0.02608695652173909
2015-03-04,33300,33900,32500,32800,264285,-0.023809523809523836
2015-03-05,32550,33100,32500,32700,103525,-0.0030487804878048808
2015-03-06,32750,33450,32700,33000,151571,0.00917431192660545
2015-03-09,32500,33200,32450,32700,91758,-0.009090909090909038
2015-03-10,32800,33000,32250,32700,147981,0.0
2015-03-11,32150,32600,31400,31450,212996,-0.03822629969418956
2015-03-12,31450,32900,31200,32750,246458,0.04133545310015907
2015-03-13,32900,32900,31300,31600,243658,-0.03511450381679393
2015-03-16,31300,31450,30000,30850,328844,-0.02373417721518989
2015-03-17,31000,31200,30550,31200,187332,0.011345218800648205
2015-03-18,31800,33200,31750,32900,552150,0.054487179487179516
2015-03-19,33350,34400,32800,34300,434055,0.042553191489361764
2015-03-20,34050,34550,33500,34200,253644,-0.002915451895043719
2015-03-23,34250,36500,34250,35550,608657,0.03947368421052633
2015-03-24,35550,36400,35050,36300,420135,0.021097046413502074
2015-03-25,36200,36500,35800,36000,190866,-0.008264462809917328
2015-03-26,35350,36050,35250,35600,181133,-0.011111111111111072
2015-03-27,35950,35950,34900,35400,156185,-0.005617977528089901
2015-03-30,35250,36350,35050,36000,193395,0.016949152542372836
2015-03-31,35900,36900,35900,36100,235148,0.002777777777777768
2015-04-01,36100,37800,36050,37400,387677,0.03601108033241007
2015-04-02,37700,39550,37350,39150,382699,0.046791443850267456
2015-04-03,39100,39350,38500,38850,211824,-0.007662835249042099
2015-04-06,38550,38650,37800,37900,233689,-0.02445302445302444
2015-04-07,38000,38900,37650,38350,248269,0.01187335092348274
2015-04-08,38300,38350,36700,37450,448533,-0.023468057366362483
2015-04-09,37050,38300,36900,37350,185015,-0.002670226969292422
2015-04-10,38600,39300,37950,38850,333928,0.04016064257028118
2015-04-13,39100,39700,38400,38700,206657,-0.0038610038610038533
2015-04-14,39300,39850,37900,38100,199577,-0.015503875968992276
2015-04-15,38150,39200,37450,38150,186866,0.001312335958005173
2015-04-16,38800,39400,38000,38050,183852,-0.002621231979030192
2015-04-17,38600,38700,37650,38450,177469,0.010512483574244502
2015-04-20,38450,39750,38200,39500,302884,0.027308192457737412
2015-04-21,40000,40050,38600,39000,264194,-0.012658227848101222
2015-04-22,39250,41150,39050,40700,485332,0.04358974358974366
2015-04-23,42000,42700,39900,40700,625551,0.0
2015-04-24,40750,40750,39050,40200,496985,-0.012285012285012331
2015-04-27,40500,41000,39500,40600,321335,0.00995024875621886
2015-04-28,40950,42700,40750,42450,479984,0.04556650246305427
2015-04-29,42700,43000,41800,42900,361147,0.010600706713780994
2015-04-30,42300,42900,41750,42400,209550,-0.011655011655011704
2015-05-04,42100,42650,41250,42350,127114,-0.001179245283018826
2015-05-06,42550,42550,41250,41750,152899,-0.01416765053128688
2015-05-07,41400,41600,39600,40450,262782,-0.03113772455089825
2015-05-08,40450,41850,39800,41450,209015,0.024721878862793645
2015-05-11,41450,42400,41050,41700,131264,0.006031363088057962
2015-05-12,41750,42200,41150,41850,122279,0.003597122302158251
2015-05-13,42200,42200,41350,41600,116049,-0.005973715651135025
2015-05-14,41400,42200,41000,41100,140404,-0.012019230769230727
2015-05-15,41100,41550,40650,40900,110511,-0.0048661800486617945
2015-05-18,40900,41000,39500,39700,211341,-0.02933985330073352
2015-05-19,39300,41500,39300,41400,219802,0.04282115869017633
2015-05-20,40700,41200,39900,40750,169427,-0.0157004830917874
2015-05-21,39550,41250,39550,40600,123841,-0.0036809815950920033
2015-05-22,41000,42800,40500,41450,212082,0.020935960591133007
2015-05-26,41400,41600,40350,40550,143297,-0.021712907117008462
2015-05-27,40050,40350,38700,38900,185731,-0.04069050554870535
2015-05-28,39150,39400,38700,39100,127767,0.005141388174807249
2015-05-29,38900,40000,38650,39050,136182,-0.0012787723785165905
2015-06-01,39100,39350,38050,38300,136536,-0.01920614596670933
2015-06-02,38350,40850,38300,40050,377923,0.04569190600522188
2015-06-03,40200,41150,39150,39350,175059,-0.017478152309613026
2015-06-04,39500,40150,38850,39000,106721,-0.008894536213468918
2015-06-05,38500,39800,38150,38350,172601,-0.01666666666666672
2015-06-08,38600,38750,36450,36550,421612,-0.046936114732724854
2015-06-09,36800,37950,36700,37800,366801,0.03419972640218871
2015-06-10,38050,38100,35900,36500,293115,-0.03439153439153442
2015-06-11,36700,36950,35200,35600,373832,-0.024657534246575352
2015-06-12,35900,36300,35150,35500,249485,-0.002808988764044895
2015-06-15,35200,36850,35200,36000,176537,0.014084507042253502
2015-06-16,36250,36350,34150,34450,269101,-0.043055555555555514
2015-06-17,34800,34800,33100,34050,517175,-0.011611030478954953
2015-06-18,34400,34900,33850,34300,401807,0.007342143906020615
2015-06-19,34800,35950,34450,35600,415701,0.03790087463556846
2015-06-22,36400,36450,34800,35000,295278,-0.016853932584269704
2015-06-23,35450,36400,34950,36400,329825,0.040000000000000036
2015-06-24,36600,36950,36150,36500,271041,0.0027472527472527375
2015-06-25,36500,37650,36150,37600,282408,0.03013698630136985
2015-06-26,37800,38000,37100,37600,281171,0.0
2015-06-29,36650,37300,35450,35450,306623,-0.05718085106382975
2015-06-30,35300,37100,34750,36800,257113,0.038081805359661436
2015-07-01,37350,38900,37150,38650,315723,0.05027173913043481
2015-07-02,39050,39050,37950,38750,285110,0.002587322121604174
2015-07-03,38950,39150,38250,38500,194033,-0.006451612903225823
2015-07-06,38000,38150,36900,37350,199601,-0.029870129870129825
2015-07-07,37750,38200,36600,37800,262084,0.012048192771084265
2015-07-08,37850,38450,36500,36750,223959,-0.02777777777777779
2015-07-09,36000,36350,35300,36000,268659,-0.020408163265306145
2015-07-10,35800,37400,35750,36950,255025,0.026388888888888795
2015-07-13,36500,37750,36300,37700,136576,0.020297699594046037
2015-07-14,38000,38100,36700,36750,224135,-0.025198938992042397
2015-07-15,36950,37600,36600,36600,169726,-0.004081632653061273
2015-07-16,36850,39950,36600,39500,569203,0.0792349726775956
2015-07-17,39900,39900,38700,39500,340752,0.0
2015-07-20,39650,41750,39650,40100,364930,0.0151898734177216
2015-07-21,40500,40600,39550,40350,127161,0.006234413965087171
2015-07-22,39900,40350,39000,39000,165207,-0.03345724907063197
2015-07-23,39000,40150,37850,39350,170220,0.008974358974358942
2015-07-24,39000,39750,38300,39100,148419,-0.006353240152477735
2015-07-27,39300,39850,38800,39600,151025,0.01278772378516635
2015-07-28,39150,39300,37600,37800,196107,-0.045454545454545414
2015-07-29,38100,38700,37500,37700,121631,-0.002645502645502673
2015-07-30,37800,38350,36900,37300,110540,-0.010610079575596787
2015-07-31,37300,37650,35500,35650,261560,-0.0442359249329759
2015-08-03,35450,35550,33350,33350,425972,-0.06451612903225812
2015-08-04,33200,34200,33100,34100,203170,0.022488755622188883
2015-08-05,34050,34800,33400,34600,162478,0.014662756598240456
2015-08-06,34650,37100,34650,36200,319012,0.046242774566473965
2015-08-07,36150,37400,35250,36150,275558,-0.0013812154696132284
2015-08-10,36450,37400,36150,36600,190133,0.012448132780082943
2015-08-11,37150,37950,36800,37550,222578,0.025956284153005438
2015-08-12,37550,38000,35700,36200,197046,-0.03595206391478034
2015-08-13,36400,38950,36250,38600,228564,0.06629834254143652
2015-08-17,38600,38850,37850,38550,157296,-0.0012953367875647714
2015-08-18,38800,39400,37700,38950,203036,0.01037613488975353
2015-08-19,38250,38850,36150,36900,277740,-0.052631578947368474
2015-08-20,36550,36900,35450,35950,190039,-0.0257452574525745
2015-08-21,34700,35400,33850,34350,261666,-0.0445062586926287
2015-08-24,33600,35550,33600,35300,260869,0.02765647743813693
2015-08-25,35500,36350,34400,35500,162947,0.0056657223796034994
2015-08-26,35100,37300,35050,36900,154152,0.03943661971830981
2015-08-27,37050,37600,36450,36550,157645,-0.009485094850948506
2015-08-28,37400,38100,37200,37800,201590,0.03419972640218871
2015-08-31,37500,38450,37500,38350,133588,0.014550264550264647
2015-09-01,38000,38400,37400,37650,113640,-0.018252933507170832
2015-09-02,36900,38450,36650,37850,96977,0.005312084993359889
2015-09-03,37950,38150,37000,37350,98286,-0.013210039630118908
2015-09-04,37150,37600,35500,36000,183231,-0.03614457831325302
2015-09-07,35600,36700,35400,36350,102743,0.009722222222222188
2015-09-08,36600,37150,34550,35550,152817,-0.022008253094910613
2015-09-09,36000,36450,35250,36400,201417,0.02390998593530247
2015-09-10,35700,36900,35450,36900,176589,0.013736263736263687
2015-09-11,36500,37400,36450,37150,93956,0.006775067750677488
2015-09-14,37400,38150,37200,37500,114202,0.009421265141319024
2015-09-15,37550,38600,37550,38450,168798,0.02533333333333343
2015-09-16,38550,38700,37750,37750,236855,-0.01820546163849157
2015-09-17,38300,40450,37750,39050,344500,0.03443708609271523
2015-09-18,38900,39450,38350,38800,137446,-0.006402048655569814
2015-09-21,38050,39150,38000,38800,113136,0.0
2015-09-22,39000,39800,38650,38950,114533,0.0038659793814432852
2015-09-23,38300,39700,38200,39550,192423,0.015404364569961526
2015-09-24,39600,40000,38800,39350,194900,-0.005056890012642201
2015-09-25,39400,40150,39350,40000,134822,0.016518424396442244
2015-09-30,39200,39600,37600,38100,301206,-0.04749999999999999
2015-10-01,38300,38750,37650,38650,204022,0.014435695538057791
2015-10-02,38750,38750,37650,37850,147198,-0.02069857697283317
2015-10-05,38000,39200,38000,38800,162734,0.025099075297225992
2015-10-06,39200,39650,38250,38350,125003,-0.011597938144329856
2015-10-07,38350,38700,37750,37750,67852,-0.01564537157757495
2015-10-08,37900,38300,37600,38050,80336,0.007947019867549754
2015-10-12,38400,38450,37350,37650,160685,-0.010512483574244391
2015-10-13,37650,37800,36700,37000,138794,-0.01726427622841964
2015-10-14,36850,37450,36700,37200,81473,0.00540540540540535
2015-10-15,37200,37900,36900,37550,107042,0.009408602150537737
2015-10-16,37700,37900,37000,37000,97816,-0.01464713715046606
2015-10-19,37200,38150,37150,37350,110711,0.009459459459459474
2015-10-20,37450,37750,36350,36550,158410,-0.021419009370816644
2015-10-21,36550,37950,36400,37700,133954,0.03146374829001375
2015-10-22,37300,37700,36600,37150,124885,-0.01458885941644561
2015-10-23,37650,38600,37300,38200,171242,0.02826379542395685
2015-10-26,38500,38500,37750,37950,58805,-0.00654450261780104
2015-10-27,38000,38150,36900,36900,86428,-0.02766798418972327
2015-10-28,36950,37500,36700,37000,78939,0.0027100271002709064
2015-10-29,38050,38150,37300,37750,198262,0.020270270270270174
2015-10-30,37750,38650,37750,38450,180976,0.018543046357615944
2015-11-02,38650,39500,38500,39100,246543,0.016905071521456483
2015-11-03,39300,39500,38100,39300,204037,0.005115089514066584
2015-11-04,39400,39700,38950,39500,136699,0.0050890585241729624
2015-11-05,39250,39350,38500,38700,88766,-0.020253164556962022
2015-11-06,38600,39100,38500,38500,52057,-0.0051679586563307955
2015-11-09,38350,38450,37200,37300,82620,-0.03116883116883118
2015-11-10,36800,37300,36500,36650,83840,-0.017426273458445052
2015-11-11,36600,37050,36400,36650,59880,0.0
2015-11-12,36950,37050,36500,37050,38127,0.01091405184174632
2015-11-13,36700,36700,36000,36150,55950,-0.02429149797570851
2015-11-16,35650,36700,35600,36550,58247,0.011065006915629283
2015-11-17,36800,37450,36400,37150,62784,0.01641586867305067
2015-11-18,37300,37350,35600,35600,209447,-0.04172274562584122
2015-11-19,35950,36650,35900,36600,88768,0.028089887640449396
2015-11-20,36700,37050,36550,36750,44126,0.004098360655737654
2015-11-23,36600,37050,35850,36100,102680,-0.017687074829931926
2015-11-24,36000,36250,35550,36250,127669,0.0041551246537396835
2015-11-25,36000,36600,35800,36200,113170,-0.0013793103448276334
2015-11-26,36200,36750,36000,36750,105879,0.015193370165745845
2015-11-27,36750,36750,35750,35850,118054,-0.024489795918367308
2015-11-30,35600,35750,35050,35250,137020,-0.01673640167364021
2015-12-01,35300,35750,35250,35600,127877,0.0099290780141843
2015-12-02,35400,35500,34700,34750,213863,-0.023876404494381998
2015-12-03,34550,35150,34200,34900,135500,0.004316546762589857
2015-12-04,34650,35000,34200,34600,78372,-0.008595988538681931
2015-12-07,34700,35150,34300,34800,81785,0.005780346820809301
2015-12-08,34500,35000,34200,34300,54189,-0.014367816091954033
2015-12-09,34350,34850,34250,34800,75355,0.014577259475218707
2015-12-10,34800,34900,33450,33600,178345,-0.03448275862068961
2015-12-11,33700,34200,33700,34150,112594,0.016369047619047672
2015-12-14,33750,33800,32650,33050,133797,-0.03221083455344065
2015-12-15,32750,33300,32750,33150,59092,0.00302571860816947
2015-12-16,33550,34000,33300,33900,108368,0.02262443438914019
2015-12-17,34150,34200,33000,33550,151767,-0.010324483775811188
2015-12-18,33150,34100,33050,34100,128983,0.016393442622950838
2015-12-21,34050,34250,33500,33850,111393,-0.007331378299120228
2015-12-22,33800,34000,32850,33050,228847,-0.02363367799113736
2015-12-23,33150,33800,33000,33500,159564,0.013615733736762392
2015-12-24,33850,34100,33500,33800,92026,0.008955223880596996
2015-12-28,33550,33950,33400,33900,92233,0.002958579881656709
2015-12-29,33600,34100,33200,33750,81565,-0.004424778761061954
2015-12-30,33800,34350,33400,33800,90873,0.001481481481481417
2016-01-04,33550,34000,32750,32850,113224,-0.028106508875739622
2016-01-05,32550,32850,31150,31650,452752,-0.0365296803652968
2016-01-06,31700,31700,30650,31300,292454,-0.011058451816745696
2016-01-07,31250,32150,31050,31900,138389,0.019169329073482455
2016-01-08,31050,32200,31050,32000,103413,0.0031347962382444194
2016-01-11,31600,32350,31450,32250,86689,0.0078125
2016-01-12,32250,32550,32000,32050,84021,-0.006201550387596955
2016-01-13,32250,32650,32200,32450,72035,0.012480499219968744
2016-01-14,31850,32050,31300,31500,110865,-0.02927580893682591
2016-01-15,31750,31850,30850,31650,154959,0.004761904761904745
2016-01-18,31500,31500,30600,31050,103641,-0.018957345971563955
2016-01-19,30800,31200,30300,30900,115984,-0.004830917874396157
2016-01-20,30650,30850,29000,29750,174847,-0.03721682847896435
2016-01-21,29700,30150,29300,29700,79675,-0.001680672268907557
2016-01-22,29900,30300,29600,30250,132138,0.0185185185185186
2016-01-25,30600,31450,30550,31250,104520,0.03305785123966931
2016-01-26,31000,31150,30050,30350,110248,-0.028800000000000048
2016-01-27,30650,31500,30450,30900,179093,0.01812191103789118
2016-01-28,30650,31300,30600,31200,91099,0.009708737864077666
2016-01-29,31200,31300,30650,30850,73320,-0.011217948717948678
2016-02-01,31050,31450,30600,31350,143270,0.01620745542949753
2016-02-02,31000,31200,29200,29500,363511,-0.05901116427432218
2016-02-03,29050,29450,28650,29350,118842,-0.005084745762711895
2016-02-04,30150,30450,29800,29950,131716,0.020442930153321992
2016-02-05,30200,30550,29600,29900,153930,-0.0016694490818029983
2016-02-11,29000,29400,28650,29100,128455,-0.026755852842809347
2016-02-12,28750,29000,27800,27800,225023,-0.044673539518900296
2016-02-15,28200,29450,28150,29300,150069,0.05395683453237421
2016-02-16,29200,29750,29050,29450,93961,0.005119453924914641
2016-02-17,29300,30350,29050,30250,171701,0.02716468590831922
2016-02-18,30500,31000,30200,30500,158461,0.008264462809917328
2016-02-19,30600,31450,30200,31250,151779,0.024590163934426146
2016-02-22,31000,31150,30500,30850,111498,-0.012800000000000034
2016-02-23,31250,31300,30650,31150,125925,0.009724473257698651
2016-02-24,31100,31300,30750,31100,79404,-0.0016051364365970988
2016-02-25,31550,32100,31050,31750,189964,0.020900321543408262
2016-02-26,31900,31900,31100,31300,99602,-0.014173228346456734
2016-02-29,31300,31650,30750,31100,163713,-0.006389776357827448
2016-03-02,31400,31650,31050,31100,175244,0.0
2016-03-03,31100,31250,30700,31150,124797,0.001607717041800738
2016-03-04,31050,31550,30650,31350,174968,0.006420545746388395
2016-03-07,31300,31850,30700,31150,206602,-0.006379585326953707
2016-03-08,31000,31550,30650,31400,152962,0.008025682182985605
2016-03-09,31300,32400,31000,32250,242648,0.027070063694267565
2016-03-10,32500,32550,31800,32350,181216,0.0031007751937983663
2016-03-11,32050,32300,31450,31550,203401,-0.02472952086553326
2016-03-14,31550,31600,30350,30600,345691,-0.030110935023771823
2016-03-15,30550,30700,30000,30200,222739,-0.013071895424836555
2016-03-16,30250,30450,29600,29750,238950,-0.01490066225165565
2016-03-17,30000,30300,29800,30000,302693,0.008403361344537785
2016-03-18,30300,31000,30300,30850,386997,0.02833333333333332
2016-03-21,31100,31500,30400,30650,300128,-0.00648298217179899
2016-03-22,30650,31050,30550,30950,133644,0.00978792822185981
2016-03-23,31000,31250,30700,31050,152923,0.003231017770597644
2016-03-24,30950,31350,30800,31100,160020,0.0016103059581320522
2016-03-25,31100,31650,30900,31400,180389,0.009646302250803762
2016-03-28,31600,31700,31000,31300,117076,-0.0031847133757961776
2016-03-29,31300,31450,30800,31000,136987,-0.009584664536741228
2016-03-30,31100,32800,31050,32600,449431,0.05161290322580636
2016-03-31,32250,32400,31750,31800,252786,-0.024539877300613466
2016-04-01,31800,32000,29650,29950,656856,-0.05817610062893086
2016-04-04,29950,30350,29500,30200,278051,0.008347245409014992
2016-04-05,30050,30500,29400,29550,280975,-0.021523178807947074
2016-04-06,29450,29750,29250,29550,227658,0.0
2016-04-07,29700,29700,29300,29450,186126,-0.0033840947546531774
2016-04-08,29300,29950,29250,29800,187078,0.011884550084889645
2016-04-11,29950,29950,29150,29250,253803,-0.01845637583892612
2016-04-12,29250,29450,29150,29450,101420,0.006837606837606813
2016-04-14,29600,30250,29600,30250,230100,0.02716468590831922
2016-04-15,30150,30550,30100,30100,163579,-0.0049586776859503745
2016-04-18,29950,30600,29800,30050,185475,-0.0016611295681062677
2016-04-19,30150,30350,30050,30350,166667,0.009983361064891838
2016-04-20,30450,30650,30050,30200,190431,-0.0049423393739703725
2016-04-21,30300,30500,29950,30050,193270,-0.004966887417218513
2016-04-22,30150,30300,29950,30100,118940,0.0016638935108153063
2016-04-25,30150,30350,29950,30150,85466,0.0016611295681063787
2016-04-26,30400,30400,29500,29650,274156,-0.016583747927031545
2016-04-27,29550,29600,28950,29000,267284,-0.021922428330522714
2016-04-28,29150,29400,28200,28300,357086,-0.024137931034482807
2016-04-29,28250,28700,28000,28050,293698,-0.00883392226148405
2016-05-02,28050,28450,27750,28200,211851,0.005347593582887722
2016-05-03,28350,28600,28250,28400,255629,0.007092198581560183
2016-05-04,28150,28550,28050,28100,148318,-0.010563380281690127
2016-05-09,28200,28300,27150,27400,295608,-0.02491103202846978
2016-05-10,27300,27800,27250,27450,221696,0.0018248175182482562
2016-05-11,27850,29500,27800,29400,1350707,0.0710382513661203
2016-05-12,29000,29450,28600,29450,374879,0.001700680272108901
2016-05-13,29450,29500,28700,28900,242324,-0.018675721561969394
2016-05-16,28800,29200,28550,29050,167219,0.00519031141868509
2016-05-17,29400,29450,28600,28850,177391,-0.0068846815834767705
2016-05-18,28650,28700,28050,28300,242607,-0.01906412478336217
2016-05-19,28000,28200,27500,27950,284921,-0.012367491166077715
2016-05-20,27900,28350,27650,27800,183665,-0.00536672629695889
2016-05-23,28050,28050,27700,27850,167416,0.0017985611510791255
2016-05-24,27750,27950,27600,27700,152516,-0.0053859964093356805
2016-05-25,27900,28050,27700,27800,234878,0.0036101083032491488
2016-05-26,27950,28000,27750,27900,182229,0.003597122302158251
2016-05-27,27950,28200,27800,28000,297106,0.0035842293906809264
2016-05-30,28050,28150,27650,27650,120319,-0.012499999999999956
2016-05-31,27600,27800,27400,27750,171441,0.003616636528029016
2016-06-01,27850,28000,27600,27850,112079,0.003603603603603567
2016-06-02,27850,27900,27550,27650,93557,-0.007181328545781018
2016-06-03,27650,27900,27600,27800,117615,0.005424954792043302
2016-06-07,27950,28250,27800,28100,122330,0.010791366906474753
2016-06-08,28100,28950,28050,28900,242099,0.028469750889679624
2016-06-09,28900,29350,28750,29350,375873,0.015570934256055269
2016-06-10,29200,29250,28650,28800,199158,-0.01873935264054516
2016-06-13,28500,28600,27950,28000,207546,-0.02777777777777779
2016-06-14,27850,28000,27100,27200,277411,-0.02857142857142858
2016-06-15,27250,27550,27100,27450,112916,0.009191176470588314
2016-06-16,27450,27600,27000,27100,117788,-0.012750455373406244
2016-06-17,27300,27450,27150,27150,99861,0.0018450184501845879
2016-06-20,27250,28200,27250,28150,123793,0.036832412523020164
2016-06-21,28350,28350,28050,28250,124676,0.003552397868561208
2016-06-22,28150,28550,28050,28350,147001,0.003539823008849474
2016-06-23,28050,28300,27700,27850,149164,-0.01763668430335097
2016-06-24,28100,28250,25950,26300,473666,-0.055655296229802476
2016-06-27,25700,26550,25550,26550,196942,0.009505703422053147
2016-06-28,26150,26700,26000,26650,106303,0.0037664783427495685
2016-06-29,26850,27400,26600,26900,188843,0.009380863039399667
2016-06-30,27250,27350,27000,27050,120232,0.005576208178438735
2016-07-01,27200,27650,27150,27450,119675,0.014787430683918634
2016-07-04,27350,27800,27200,27450,168639,0.0
2016-07-05,27450,27700,27250,27450,101468,0.0
2016-07-06,27300,27450,26600,26850,148829,-0.021857923497267784
2016-07-07,27100,27450,26950,27250,131200,0.014897579143389184
2016-07-08,27150,27250,26550,26600,136771,-0.023853211009174258
2016-07-11,26900,27050,26550,26750,114415,0.005639097744360999
2016-07-12,26750,27200,26650,27150,117828,0.01495327102803734
2016-07-13,27250,27800,27250,27700,168687,0.0202578268876612
2016-07-14,27800,28300,27700,28150,174464,0.016245487364620947
2016-07-15,28200,28250,27850,27850,111121,-0.010657193605683846
2016-07-18,27900,28200,27750,27750,69650,-0.0035906642728904536
2016-07-19,27750,27850,27100,27100,181882,-0.023423423423423406
2016-07-20,27200,27300,27050,27200,87953,0.0036900369003689537
2016-07-21,27350,27850,27300,27750,144436,0.020220588235294157
2016-07-22,27750,27750,27300,27450,72795,-0.010810810810810811
2016-07-25,27550,28300,27550,27800,119540,0.012750455373406133
2016-07-26,28000,28300,27850,27950,151236,0.0053956834532373765
2016-07-27,28200,28950,28050,28850,362890,0.03220035778175312
2016-07-28,28950,29200,28500,28750,173095,-0.0034662045060658286
2016-07-29,29000,30350,29000,29900,732184,0.040000000000000036
2016-08-01,30150,30350,29900,30200,268596,0.010033444816053505
2016-08-02,30000,30850,29900,30300,337211,0.0033112582781456013
2016-08-03,30150,30800,29950,30650,299181,0.011551155115511635
2016-08-04,30550,30850,30100,30650,186498,0.0
2016-08-05,30650,31250,30450,31100,270382,0.014681892332789603
2016-08-08,31500,31600,30400,30450,281304,-0.020900321543408373
2016-08-09,30100,32150,29750,31750,951138,0.04269293924466333
2016-08-10,31750,32300,31200,31250,397521,-0.015748031496062964
2016-08-11,31200,31250,30000,30000,441543,-0.040000000000000036
2016-08-12,30100,30650,29850,30000,296462,0.0
2016-08-16,30050,30400,29450,29500,255505,-0.01666666666666672
2016-08-17,29300,29500,28900,29200,190027,-0.01016949152542368
2016-08-18,29350,29450,28750,28800,184358,-0.013698630136986356
2016-08-19,28850,29250,28350,28900,229080,0.003472222222222321
2016-08-22,28900,28900,28300,28350,185346,-0.01903114186851207
2016-08-23,28350,28700,28250,28500,155918,0.005291005291005346
2016-08-24,28500,28650,28000,28250,200976,-0.00877192982456143
2016-08-25,28250,28950,28150,28500,249142,0.008849557522123908
2016-08-26,28500,28750,28100,28250,210063,-0.00877192982456143
2016-08-29,28050,28200,27200,27250,388795,-0.03539823008849563
2016-08-30,27400,27900,27250,27500,184958,0.00917431192660545
2016-08-31,27350,27800,27350,27450,120770,-0.0018181818181818299
2016-09-01,27350,27450,26950,27200,217654,-0.00910746812386154
2016-09-02,27300,27800,26750,27650,184330,0.016544117647058876
2016-09-05,27750,28000,27650,28000,142675,0.012658227848101333
2016-09-06,28000,28000,27400,27450,129991,-0.019642857142857184
2016-09-07,27450,27800,27350,27450,117648,0.0
2016-09-08,27350,27600,26950,27050,175636,-0.014571948998178486
2016-09-09,27000,27250,26750,27250,104379,0.007393715341959428
2016-09-12,26950,27250,26600,26650,161067,-0.022018348623853212
2016-09-13,26950,27000,26250,26400,219314,-0.009380863039399667
2016-09-19,26200,27100,26000,27100,238235,0.026515151515151603
2016-09-20,27000,27300,26750,27100,143162,0.0
2016-09-21,27250,27800,26900,27650,273343,0.02029520295202958
2016-09-22,27650,27950,27600,27700,141002,0.001808318264014508
2016-09-23,27950,28050,27700,28000,130314,0.010830324909747224
2016-09-26,28000,28100,27750,27900,57330,-0.0035714285714285587
2016-09-27,27900,28700,27850,28650,215660,0.026881720430107503
2016-09-28,28600,28750,28000,28450,141445,-0.006980802792321161
2016-09-29,28450,28650,28400,28600,141678,0.005272407732864748
2016-09-30,28350,28500,28000,28300,126354,-0.010489510489510523
2016-10-04,28200,28800,28200,28700,208436,0.014134275618374659
2016-10-05,28400,28750,28200,28650,132199,-0.0017421602787456303
2016-10-06,28500,28550,27650,28050,231009,-0.020942408376963373
2016-10-07,28200,28250,27750,28150,109127,0.0035650623885918886
2016-10-10,28300,28350,27850,27950,101552,-0.007104795737122527
2016-10-11,28250,28300,27850,27900,90173,-0.0017889087656529634
2016-10-12,28000,28550,27900,28400,117852,0.017921146953405076
2016-10-13,28400,28400,27500,27550,176121,-0.029929577464788748
2016-10-14,27700,28600,27600,28600,207336,0.038112522686025496
2016-10-17,28550,28950,28400,28700,206496,0.0034965034965035446
2016-10-18,28750,29650,28750,29600,380828,0.03135888501742157
2016-10-19,29550,29600,29050,29450,200691,-0.0050675675675675436
2016-10-20,29450,29450,28650,28950,241430,-0.01697792869269954
2016-10-21,28700,29250,28700,29250,124552,0.010362694300518172
2016-10-24,29100,29450,28850,29000,128806,-0.008547008547008517
2016-10-25,29100,29100,28500,28600,129825,-0.01379310344827589
2016-10-26,28600,28650,27850,28050,159819,-0.019230769230769273
2016-10-27,27900,28400,27900,28300,77850,0.00891265597147961
2016-10-28,28250,28250,27550,27700,163677,-0.021201413427561877
2016-10-31,27500,27700,26900,27050,128205,-0.023465703971119134
2016-11-01,26650,27450,26650,27400,107810,0.012939001848428777
2016-11-02,27100,27400,26800,27250,157369,-0.005474452554744547
2016-11-03,27200,27500,27000,27500,81487,0.00917431192660545
2016-11-04,27600,27700,27350,27550,85931,0.0018181818181817189
2016-11-07,27850,27950,27500,27800,62067,0.00907441016333932
2016-11-08,27450,27800,27300,27450,130814,-0.01258992805755399
2016-11-09,27750,27750,26350,27250,304062,-0.007285974499089298
2016-11-10,27500,28650,27300,28650,305005,0.05137614678899083
2016-11-11,28400,29250,27950,29100,390258,0.015706806282722585
2016-11-14,29700,31650,29650,31100,1076972,0.06872852233676974
2016-11-15,30950,31200,30600,31050,298325,-0.001607717041800627
2016-11-16,31050,32000,30750,31800,450510,0.024154589371980784
2016-11-17,31750,32000,31450,31600,184898,-0.0062893081761006275
2016-11-18,31400,31700,30750,31600,262582,0.0
2016-11-21,31200,31950,31200,31450,303442,-0.004746835443038
2016-11-22,31400,31500,30850,31350,160357,-0.0031796502384737746
2016-11-23,31150,31450,30850,31150,208624,-0.006379585326953707
2016-11-24,31100,31900,30450,31000,426104,-0.0048154093097912964
2016-11-25,31100,31600,30600,31350,314026,0.011290322580645107
2016-11-28,31300,31500,30800,30900,106085,-0.014354066985645897
2016-11-29,30650,31000,30550,30850,113278,-0.0016181229773463146
2016-11-30,31000,31000,30100,30300,198009,-0.017828200972447306
2016-12-01,30300,31500,30300,31350,228956,0.034653465346534684
2016-12-02,31200,31450,30550,30550,185987,-0.02551834130781494
2016-12-05,30450,31000,30000,30100,174236,-0.014729950900163713
2016-12-06,30250,31000,30250,30650,157424,0.0182724252491695
2016-12-07,30650,31200,30500,31100,137573,0.014681892332789603
2016-12-08,31450,31850,30800,30950,232659,-0.004823151125401881
2016-12-09,31050,31800,30900,31300,203949,0.011308562197092087
2016-12-12,31750,32300,31450,32150,281308,0.02715654952076685
2016-12-13,32150,32450,31850,32150,226127,0.0
2016-12-14,32350,32400,31200,31200,238297,-0.029548989113530322
2016-12-15,30900,32650,30750,32300,308887,0.03525641025641035
2016-12-16,32200,32750,31950,32500,169891,0.006191950464396356
2016-12-19,32700,32750,32100,32200,126206,-0.009230769230769265
2016-12-20,32000,32650,32000,32000,109129,-0.006211180124223614
2016-12-21,32000,32800,31850,32750,134909,0.0234375
2016-12-22,32800,33250,32500,33050,253206,0.009160305343511421
2016-12-23,33050,33400,33000,33150,157375,0.00302571860816947
2016-12-26,33150,33650,32650,33550,156806,0.012066365007541435
2016-12-27,33550,33800,33100,33650,188778,0.0029806259314455463
2016-12-28,33200,33450,32750,33100,153023,-0.01634472511144136
2016-12-29,33100,33350,32500,33000,190754,-0.0030211480362537513
2017-01-02,33000,34350,32550,33600,178061,0.018181818181818077
2017-01-03,33600,34350,33300,33900,157876,0.008928571428571397
2017-01-04,34200,34200,32500,32600,327433,-0.03834808259587019
2017-01-05,32800,33400,32350,32550,282152,-0.0015337423312883347
2017-01-06,32500,33100,32150,32500,164119,-0.001536098310291889
2017-01-09,32550,32700,31450,31550,294467,-0.029230769230769282
2017-01-10,31500,32050,31350,31550,206685,0.0
2017-01-11,31500,32200,31500,32000,169287,0.014263074484944571
2017-01-12,32000,33050,32000,33000,157378,0.03125
2017-01-13,32950,33000,32050,32400,146412,-0.018181818181818188
2017-01-16,32300,32450,31550,31650,96322,-0.02314814814814814
2017-01-17,31600,32050,31500,31750,92165,0.003159557661927437
2017-01-18,31700,32000,31150,32000,80268,0.007874015748031482
2017-01-19,31950,31950,31250,31450,118650,-0.017187500000000022
2017-01-20,31450,32000,31200,31350,78671,-0.0031796502384737746
2017-01-23,31350,31600,31150,31300,91093,-0.0015948963317384823
2017-01-24,31500,31600,30950,31550,79002,0.007987220447284393
2017-01-25,31650,31800,30350,30650,203279,-0.02852614896988903
2017-01-26,30800,31450,30650,31300,68723,0.021207177814029254
2017-01-31,31100,31250,30600,31050,80460,-0.007987220447284393
2017-02-01,31050,31900,30950,31750,93198,0.02254428341384873
2017-02-02,31450,31900,31300,31400,129863,-0.011023622047244053
2017-02-03,31300,31700,31100,31350,107458,-0.0015923566878981443
2017-02-06,31600,32100,30900,31950,151732,0.019138755980861344
2017-02-07,32100,32150,31100,31500,143132,-0.014084507042253502
2017-02-08,31300,31450,30850,30850,90387,-0.020634920634920673
2017-02-09,30800,31550,30800,31200,78726,0.011345218800648205
2017-02-10,31500,33700,31350,33250,401664,0.0657051282051282
2017-02-13,33150,33950,33050,33750,161660,0.015037593984962516
2017-02-14,33850,33850,33100,33250,118921,-0.014814814814814836
2017-02-15,33400,33600,33050,33300,98769,0.0015037593984963404
2017-02-16,33350,33600,32400,32550,149464,-0.022522522522522515
2017-02-17,32500,33550,32200,33150,158150,0.018433179723502224
2017-02-20,32950,33150,32400,32600,100335,-0.016591251885369585
2017-02-21,32300,33400,32300,33400,139170,0.024539877300613577
2017-02-22,33600,33600,32600,32800,169616,-0.017964071856287456
2017-02-23,32850,33200,32650,32950,95038,0.004573170731707377
2017-02-24,33000,33000,32300,32750,102087,-0.006069802731411222
2017-02-27,32850,32900,31900,32050,112446,-0.021374045801526687
2017-02-28,32050,32050,31350,31450,146260,-0.018720748829953227
2017-03-02,31600,32000,31050,31150,117175,-0.009538950715421324
2017-03-03,31000,31350,30650,31100,83015,-0.0016051364365970988
2017-03-06,30850,30850,30100,30550,172695,-0.01768488745980712
2017-03-07,30650,31800,30600,31650,114918,0.036006546644844484
2017-03-08,31650,31650,30850,31050,111134,-0.018957345971563955
2017-03-09,30750,30900,29700,29900,461347,-0.03703703703703709
2017-03-10,30000,30600,29700,30550,151543,0.021739130434782705
2017-03-13,30650,30700,29900,30100,177884,-0.014729950900163713
2017-03-14,30100,30350,29900,29950,153070,-0.004983388704318914
2017-03-15,29950,30350,29900,30150,103589,0.006677796327211993
2017-03-16,30350,30800,30300,30450,111605,0.00995024875621886
2017-03-17,30800,30950,30300,30650,140537,0.006568144499178974
2017-03-20,30600,30600,30000,30350,96882,-0.009787928221859699
2017-03-21,30500,30800,30400,30500,86557,0.0049423393739702615
2017-03-22,30300,30500,30000,30200,101825,-0.00983606557377048
2017-03-23,30200,30650,30200,30350,95745,0.004966887417218624
2017-03-24,30450,30900,30400,30550,122629,0.006589785831960571
2017-03-27,30700,30700,30250,30400,59789,-0.004909983633387904
2017-03-28,30500,31300,30500,30900,145733,0.016447368421052655
2017-03-29,31050,31100,30450,30700,139924,-0.006472491909385147
2017-03-30,30700,30800,30450,30600,76126,-0.0032573289902280145
2017-03-31,30700,30900,30500,30800,86462,0.006535947712418277
2017-04-03,30800,31100,30650,30800,121406,0.0
2017-04-04,30850,30850,30250,30400,145002,-0.012987012987012991
2017-04-05,30300,30550,30100,30200,124216,-0.006578947368421018
2017-04-06,30150,30200,29950,30100,120552,-0.0033112582781457123
2017-04-07,30100,30350,29800,29900,289687,-0.006644518272425293
2017-04-10,30000,30000,28900,29200,267143,-0.02341137123745818
2017-04-11,29050,29600,29050,29250,127117,0.001712328767123239
2017-04-12,29250,29500,28750,28800,172569,-0.01538461538461533
2017-04-13,28700,29000,28500,28800,158492,0.0
2017-04-14,28600,28800,28500,28600,107794,-0.00694444444444442
2017-04-17,28550,28900,28350,28450,157637,-0.005244755244755206
2017-04-18,28600,28700,28250,28400,168815,-0.0017574692442882123
2017-04-19,28450,28850,28350,28650,141475,0.008802816901408494
2017-04-20,28700,28750,28300,28650,134058,0.0
2017-04-21,28750,28900,28600,28850,117055,0.00698080279232105
2017-04-24,28800,29150,28650,29100,125811,0.008665511265164572
2017-04-25,29200,29350,28750,29150,136119,0.0017182130584192379
2017-04-26,29150,29650,29150,29500,161633,0.012006861063464935
2017-04-27,29500,29700,29200,29450,95639,-0.0016949152542372614
2017-04-28,29200,29300,28600,28650,248857,-0.02716468590831922
2017-05-02,28650,28900,28550,28750,86332,0.003490401396160525
2017-05-04,28600,28950,28400,28600,145114,-0.00521739130434784
2017-05-08,28600,28900,28550,28850,146444,0.00874125874125875
2017-05-10,28900,29500,28800,28850,221192,0.0
2017-05-11,28950,29550,28850,29550,195857,0.024263431542461023
2017-05-12,29600,29600,29200,29300,137461,-0.008460236886632777
2017-05-15,29500,29550,29150,29250,85470,-0.0017064846416382506
2017-05-16,29300,29900,29200,29800,234470,0.018803418803418737
2017-05-17,29750,29900,28950,29200,299124,-0.020134228187919434
2017-05-18,28900,29100,28800,28850,182237,-0.011986301369863006
2017-05-19,28900,29200,28850,29150,115126,0.010398613518197486
2017-05-22,29300,29750,29200,29550,186709,0.013722126929674117
2017-05-23,29600,30850,29450,30600,572858,0.035532994923857864
2017-05-24,31000,31350,30750,30800,398211,0.006535947712418277
2017-05-25,30800,31600,30800,31250,394132,0.014610389610389518
2017-05-26,31450,31500,31000,31300,193411,0.0016000000000000458
2017-05-29,31550,31800,31250,31600,247085,0.009584664536741228
2017-05-30,31500,32050,31250,31850,256342,0.007911392405063333
2017-05-31,31850,32200,31450,31650,293836,-0.006279434850863463
2017-06-01,31500,31600,30950,31350,197700,-0.009478672985781977
2017-06-02,31550,31700,31150,31300,137741,-0.0015948963317384823
2017-06-05,31500,31500,31000,31050,710083,-0.007987220447284393
2017-06-07,30700,30850,30100,30200,612245,-0.027375201288244777
2017-06-08,30300,30400,29900,30000,361855,-0.0066225165562914245
2017-06-09,30100,31400,30100,31300,373150,0.043333333333333224
2017-06-12,31200,31800,30950,31050,163569,-0.007987220447284393
2017-06-13,31000,33850,31000,33800,1004550,0.08856682769726243
2017-06-14,34200,34400,33550,34400,732741,0.01775147928994092
2017-06-15,34200,34300,33250,33550,351120,-0.02470930232558144
2017-06-16,33550,34400,33300,33750,302082,0.005961251862891315
2017-06-19,33900,33950,33200,33400,189273,-0.010370370370370363
2017-06-20,33300,33800,33000,33200,177355,-0.005988023952095856
2017-06-21,33100,33200,32500,33150,147387,-0.001506024096385561
2017-06-22,33200,33550,32300,32550,251334,-0.018099547511312264
2017-06-23,32550,33850,32550,33100,204555,0.016897081413210335
2017-06-26,33000,33200,32550,32800,121366,-0.009063444108761365
2017-06-27,33150,34250,33150,33450,280624,0.01981707317073167
2017-06-28,33400,33950,32600,33750,276292,0.008968609865470878
2017-06-29,33900,33900,33200,33450,168963,-0.008888888888888835
2017-06-30,33000,33700,32850,33550,151998,0.002989536621823552
2017-07-03,33450,34050,33200,33600,120418,0.0014903129657228842
2017-07-04,33700,33900,32850,33100,149212,-0.014880952380952328
2017-07-05,32900,34000,32850,33850,145096,0.0226586102719033
2017-07-06,33800,35000,33450,34850,333365,0.02954209748892178
2017-07-07,34500,35200,34450,34950,276425,0.0028694404591105283
2017-07-10,34700,35200,34300,34750,186332,-0.005722460658083017
2017-07-11,34750,34900,33750,34350,312957,-0.01151079136690647
2017-07-12,34300,37500,34200,37500,1326254,0.09170305676855905
2017-07-13,37450,38200,36800,37500,610117,0.0
2017-07-14,37450,38500,37200,37450,400584,-0.0013333333333332975
2017-07-17,37250,38400,37250,37850,455660,0.010680907877169465
2017-07-18,37850,39150,37650,38350,577474,0.013210039630118908
2017-07-19,38350,38850,37800,38350,271420,0.0
2017-07-20,38300,38800,37150,37550,603547,-0.020860495436766602
2017-07-21,37150,37400,35900,36100,788678,-0.038615179760319585
2017-07-24,36050,37100,35900,36950,413660,0.023545706371191244
2017-07-25,36900,37400,36150,36600,380078,-0.009472259810554773
2017-07-26,36800,37350,36250,36900,215169,0.008196721311475308
2017-07-27,37150,37250,36600,37250,146497,0.009485094850948617
2017-07-28,37150,37300,35700,36000,278529,-0.03355704697986572
2017-07-31,35950,36500,35500,36250,126826,0.00694444444444442
2017-08-01,36350,38000,36250,37750,301182,0.04137931034482767
2017-08-02,37700,37750,37100,37350,150846,-0.01059602649006619
2017-08-03,37100,37350,35700,36550,197795,-0.021419009370816644
2017-08-04,36550,37850,36500,37650,176760,0.030095759233926156
2017-08-07,37900,37900,36300,36350,325033,-0.03452855245683928
2017-08-08,36700,36700,35050,36200,359303,-0.004126547455295726
2017-08-09,36100,38000,36100,37550,449747,0.037292817679557944
2017-08-10,37150,38500,37100,37950,224800,0.010652463382157196
2017-08-11,36900,37950,36800,37150,152279,-0.021080368906455815
2017-08-14,37350,38000,37300,37750,133210,0.016150740242261152
2017-08-16,38000,38500,37050,37400,158355,-0.009271523178807972
2017-08-17,37200,38100,37100,38100,147642,0.018716577540107027
2017-08-18,37600,37950,37400,37500,153613,-0.015748031496062964
2017-08-21,37600,37900,37100,37200,112481,-0.008000000000000007
2017-08-22,37200,37800,37000,37350,101433,0.0040322580645162365
2017-08-23,37350,38100,37300,37750,195780,0.010709504685408211
2017-08-24,38050,38200,36700,37200,197260,-0.014569536423841067
2017-08-25,36900,37700,36700,37500,107014,0.008064516129032251
2017-08-28,37250,37750,36850,37050,95081,-0.01200000000000001
2017-08-29,37050,37350,36300,37200,113688,0.004048582995951344
2017-08-30,37350,37450,36300,36800,148775,-0.010752688172043001
2017-08-31,36800,37150,36400,36900,97301,0.0027173913043478937
2017-09-01,36750,37050,36150,36300,109974,-0.016260162601625994
2017-09-04,35600,37000,35500,36450,121677,0.004132231404958775
2017-09-05,36650,36850,35650,35800,104341,-0.017832647462277085
2017-09-06,36100,37550,36000,37350,197572,0.0432960893854748
2017-09-07,37500,38300,37100,38100,229702,0.02008032128514059
2017-09-08,37900,38900,37900,38600,235682,0.013123359580052396
2017-09-11,39100,40250,38850,39850,395949,0.032383419689119064
2017-09-12,40150,40350,39250,39900,190706,0.0012547051442910462
2017-09-13,40100,41750,39800,41150,314481,0.03132832080200498
2017-09-14,41150,41800,40700,41550,202785,0.009720534629404698
2017-09-15,41000,41850,40800,41250,145723,-0.0072202166064981865
2017-09-18,41400,44700,41400,43400,552952,0.05212121212121201
2017-09-19,43500,44950,42900,43300,377933,-0.0023041474654378336
2017-09-20,43750,44450,42250,42550,197205,-0.01732101616628179
2017-09-21,42500,42800,41450,41850,242199,-0.016451233842538215
2017-09-22,41050,41650,39400,40450,323605,-0.03345280764635605
2017-09-25,40300,41400,39700,41050,164993,0.014833127317676054
2017-09-26,40950,42050,40950,41800,259439,0.018270401948842885
2017-09-27,42300,42300,40700,41050,167584,-0.01794258373205737
2017-09-28,41050,41850,40150,41750,125586,0.01705237515225333
2017-09-29,41900,42200,40900,41250,111303,-0.0119760479041916
2017-10-10,41300,41450,39800,40700,236182,-0.013333333333333308
2017-10-11,40900,41150,40250,40700,135991,0.0
2017-10-12,41000,42500,40750,41250,285803,0.013513513513513598
2017-10-13,41300,41350,39900,40350,149150,-0.021818181818181848
2017-10-16,40350,40500,39750,40200,113295,-0.0037174721189591198
2017-10-17,40150,40150,38900,39700,145452,-0.01243781094527363
2017-10-18,39600,39600,38650,39100,157611,-0.015113350125944613
2017-10-19,39100,39450,38750,39150,120788,0.0012787723785165905
2017-10-20,39200,39200,38400,38950,157588,-0.005108556832694733
2017-10-23,38950,40700,38950,40600,194652,0.042362002567394086
2017-10-24,40650,40700,40000,40150,114846,-0.011083743842364546
2017-10-25,40100,41500,39950,41500,169279,0.033623910336239016
2017-10-26,41500,41550,40400,40800,144113,-0.016867469879518038
2017-10-27,40800,41250,40600,40700,80702,-0.002450980392156854
2017-10-30,40700,40700,39200,39600,168782,-0.027027027027026973
2017-10-31,39600,39950,39100,39750,133016,0.0037878787878788955
2017-11-01,39600,40250,39200,39850,194156,0.002515723270440251
2017-11-02,39850,40100,39000,39350,169509,-0.012547051442910906
2017-11-03,39350,40700,38950,40350,219817,0.02541296060991116
2017-11-06,40350,41100,39600,40900,185520,0.013630731102850069
2017-11-07,41150,41150,39700,39800,166595,-0.02689486552567233
2017-11-08,39550,40100,39100,39650,150505,-0.0037688442211055717
2017-11-09,40200,41450,39700,40150,300736,0.01261034047919285
2017-11-10,40150,42100,40050,42000,336721,0.04607721046077207
2017-11-13,42000,42650,41700,42000,225959,0.0
2017-11-14,42150,43050,42050,42750,192467,0.017857142857142794
2017-11-15,42750,43000,41700,42800,195197,0.0011695906432749315
2017-11-16,42700,42750,42000,42400,136896,-0.009345794392523366
2017-11-17,42350,43800,41600,42000,171239,-0.009433962264150941
2017-11-20,41600,42250,41200,41900,117179,-0.0023809523809523725
2017-11-21,41900,43150,41650,42950,182933,0.02505966587112174
2017-11-22,43000,43600,42250,43500,214529,0.012805587892898762
2017-11-23,43250,43750,43000,43500,108486,0.0
2017-11-24,43500,43950,43000,43600,103829,0.0022988505747125743
2017-11-27,43750,44400,42300,42750,123184,-0.019495412844036664
2017-11-28,42450,43300,42150,42400,127531,-0.008187134502923965
2017-11-29,42400,42900,41650,42250,129445,-0.003537735849056589
2017-11-30,42250,42700,40600,41350,189572,-0.02130177514792897
2017-12-01,41600,41800,40700,40950,110300,-0.0096735187424426
2017-12-04,41800,42000,41000,41800,112460,0.020757020757020683
2017-12-05,41450,42600,41100,42300,105123,0.011961722488038173
2017-12-06,42500,42500,40700,40800,110177,-0.03546099290780147
2017-12-07,40900,41200,39350,40050,147860,-0.018382352941176516
2017-12-08,40500,40750,39650,40550,116976,0.012484394506866447
2017-12-11,40150,42650,40150,42600,152480,0.05055487053020968
2017-12-12,42450,42750,41750,42100,83495,-0.011737089201877882
2017-12-13,41550,43650,41550,43450,162435,0.03206650831353919
2017-12-14,43450,44850,42650,42650,276637,-0.018411967779056404
2017-12-15,43000,45000,43000,44850,253793,0.05158264947245028
2017-12-18,44850,45900,44300,44450,177190,-0.00891861761426982
2017-12-19,44500,45400,42600,42600,235861,-0.04161979752530931
2017-12-20,42800,44700,42650,43750,155569,0.02699530516431925
2017-12-21,43350,43900,42850,43100,68493,-0.014857142857142902
2017-12-22,43400,44500,42900,44050,126835,0.022041763341067222
2017-12-26,43600,44950,43100,44750,228669,0.015891032917139558
2017-12-27,44300,45250,43550,43850,109049,-0.020111731843575398
2017-12-28,45300,50600,44900,47000,857606,0.07183580387685295
2018-01-02,47650,48600,46200,46500,390326,-0.010638297872340385
2018-01-03,46800,50400,46550,49000,416954,0.053763440860215006
2018-01-04,49300,49750,48000,48000,202333,-0.020408163265306145
2018-01-05,48000,48500,46500,46950,272162,-0.021874999999999978
2018-01-08,47100,48500,46200,48500,290887,0.03301384451544198
2018-01-09,48200,49200,46200,46500,323663,-0.04123711340206182
2018-01-10,46500,47450,45550,45800,173791,-0.01505376344086018
2018-01-11,45700,46100,43700,44550,396741,-0.02729257641921401
2018-01-12,44800,45900,44600,45450,195762,0.02020202020202011
2018-01-15,45400,46050,45000,45750,146171,0.0066006600660066805
2018-01-16,45750,46000,44800,44950,161874,-0.01748633879781425
2018-01-17,44850,44900,43500,43800,198298,-0.025583982202447175
2018-01-18,43900,44900,43800,43800,150880,0.0
2018-01-19,43650,44700,43450,44150,140501,0.007990867579908745
2018-01-22,44600,44700,42750,43300,151557,-0.01925254813137034
2018-01-23,43150,44150,43150,43950,135694,0.01501154734411081
2018-01-24,44050,45300,43950,45250,216723,0.029579067121729308
2018-01-25,45300,45300,44400,44800,141763,-0.009944751381215422
2018-01-26,44300,45100,44250,44450,111465,-0.0078125
2018-01-29,44900,45650,44650,45300,170612,0.01912260967379087
2018-01-30,45500,46250,44400,44850,185550,-0.009933774834437137
2018-01-31,44300,45800,43550,45300,141630,0.010033444816053505
2018-02-01,45650,45700,44550,44650,103146,-0.014348785871964642
2018-02-02,44500,44850,42850,43450,176532,-0.026875699888017968
2018-02-05,42500,42700,40900,41350,253242,-0.04833141542002306
2018-02-06,40000,40350,37100,39800,835782,-0.037484885126964906
2018-02-07,40350,40350,37650,37950,453620,-0.04648241206030146
2018-02-08,38000,38500,37250,37600,325821,-0.00922266139657446
2018-02-09,36100,37150,36100,36500,346092,-0.0292553191489362
2018-02-12,36600,37500,36250,37150,190944,0.017808219178082174
2018-02-13,37550,37650,36250,36300,232357,-0.02288021534320328
2018-02-14,36400,37000,35950,36400,153843,0.0027548209366390353
2018-02-19,37250,38100,36900,37850,192615,0.039835164835164916
2018-02-20,37900,38550,37500,37750,143754,-0.0026420079260237594
2018-02-21,37750,37900,37250,37550,126626,-0.005298013245033095
2018-02-22,37250,37500,36650,37450,103891,-0.0026631158455392434
2018-02-23,37600,38200,37000,38200,160922,0.020026702269692942
2018-02-26,38550,39150,38300,38700,172248,0.01308900523560208
2018-02-27,39100,39500,38600,38850,158288,0.003875968992248069
2018-02-28,38400,39450,38250,39250,216952,0.01029601029601035
2018-03-02,38500,39050,37700,38550,189710,-0.017834394904458595
2018-03-05,38250,38650,37850,38250,84250,-0.0077821011673151474
2018-03-06,38550,39850,38300,39450,157368,0.031372549019607954
2018-03-07,39150,39450,38500,38550,128808,-0.02281368821292773
2018-03-08,38850,39150,38200,39150,114439,0.015564202334630295
2018-03-09,39250,40150,38750,39400,125727,0.0063856960408683605
2018-03-12,39600,40700,39100,40400,216249,0.025380710659898442
2018-03-13,40050,40750,39600,40300,116492,-0.0024752475247524774
2018-03-14,39900,40350,39500,40250,73608,-0.001240694789081842
2018-03-15,40350,40350,39550,40300,69141,0.001242236024844745
2018-03-16,40050,40250,39600,39850,87748,-0.011166253101737023
2018-03-19,39750,39850,39250,39500,49385,-0.008782936010037656
2018-03-20,39200,39400,38700,38900,72351,-0.015189873417721489
2018-03-21,38800,39300,38250,39050,97754,0.003856041131105492
2018-03-22,38950,39900,38700,39150,104047,0.00256081946222797
2018-03-23,38300,38450,36950,36950,171075,-0.056194125159642394
2018-03-26,36500,37800,36250,37500,141702,0.014884979702300516
2018-03-27,37800,38500,37550,38200,81513,0.01866666666666661
2018-03-28,37950,38900,37900,38200,100023,0.0
2018-03-29,38100,38250,37450,38200,62974,0.0
2018-03-30,38350,38400,37800,38250,92794,0.0013089005235602524
2018-04-02,37950,38250,36450,36650,259054,-0.04183006535947709
2018-04-03,36400,38000,35850,38000,224482,0.03683492496589369
2018-04-04,37650,37900,36350,36600,158711,-0.0368421052631579
2018-04-05,36700,37450,36600,36800,85105,0.005464480874316946
2018-04-06,36800,36850,36050,36650,85050,-0.0040760869565217295
2018-04-09,36250,36450,36000,36300,94145,-0.009549795361528002
2018-04-10,36000,36200,35550,35600,97634,-0.019283746556473802
2018-04-11,35700,36950,35650,36800,136016,0.03370786516853941
2018-04-12,36650,38050,36500,37750,168099,0.025815217391304435
2018-04-13,38000,38150,37250,37400,75799,-0.009271523178807972
2018-04-16,37700,37750,37000,37250,71489,-0.004010695187165791
2018-04-17,37250,38000,37000,37950,71094,0.01879194630872494
2018-04-18,37700,38650,37650,38200,87591,0.006587615283267567
2018-04-19,37950,38100,37150,37600,111021,-0.015706806282722474
2018-04-20,37350,38000,37150,37400,58955,-0.005319148936170248
2018-04-23,37200,39300,36800,38900,189637,0.04010695187165769
2018-04-24,38700,39300,38200,38650,91953,-0.006426735218509005
2018-04-25,38550,38550,37550,37550,73904,-0.028460543337645583
2018-04-26,37650,38750,37300,38300,95565,0.01997336884154466
2018-04-27,37950,38500,37250,37600,108538,-0.018276762402088753
2018-04-30,37800,38300,37200,38100,58835,0.013297872340425565
2018-05-02,37700,38400,37500,37500,55145,-0.015748031496062964
2018-05-03,37500,37900,37350,37650,35868,0.0040000000000000036
2018-05-04,38200,40150,37850,40000,341699,0.062416998671978696
2018-05-08,40350,40350,39200,39350,128790,-0.016249999999999987
2018-05-09,39500,40000,38800,39900,113145,0.013977128335451061
2018-05-10,39750,40200,39000,39400,110842,-0.01253132832080206
2018-05-11,39400,39900,39050,39750,93100,0.008883248730964466
2018-05-14,40100,40800,39950,39950,90029,0.005031446540880502
2018-05-15,39950,40500,39000,39850,77104,-0.0025031289111389077
2018-05-16,39950,39950,38900,39150,61991,-0.017565872020075313
2018-05-17,39150,39850,38800,39050,91888,-0.0025542784163473664
2018-05-18,39050,40250,39050,40250,121576,0.030729833546734975
2018-05-21,40250,40300,39000,39450,115826,-0.019875776397515477
2018-05-23,39550,39700,38550,38850,149134,-0.01520912547528519
2018-05-24,39200,39200,38100,38800,119007,-0.0012870012870013214
2018-05-25,38500,39500,38300,38900,104846,0.002577319587628857
2018-05-28,38700,39150,38550,39100,69232,0.005141388174807249
2018-05-29,39050,40150,38650,39750,146117,0.01662404092071612
2018-05-30,39550,39700,37900,38600,186076,-0.028930817610062887
2018-05-31,38750,39300,38200,38650,98012,0.0012953367875647714
2018-06-01,38500,39450,38500,38950,125874,0.0077619663648125226
2018-06-04,38950,39450,38550,39300,77953,0.00898587933247752
2018-06-05,39250,41200,39150,40900,337335,0.040712468193384144
2018-06-07,40900,41550,40550,41350,141798,0.011002444987775029
2018-06-08,41500,41550,40350,40550,76797,-0.019347037484885088
2018-06-11,40550,41300,40250,40800,79913,0.006165228113440113
2018-06-12,41150,42600,41150,42300,259280,0.03676470588235303
2018-06-14,42300,43100,40800,40800,287053,-0.03546099290780147
2018-06-15,41300,41650,40550,41150,175328,0.008578431372548989
2018-06-18,41300,42100,40250,40850,201903,-0.007290400972053468
2018-06-19,40600,41100,40050,40050,144580,-0.019583843329253336
2018-06-20,40350,44500,40200,44100,544091,0.101123595505618
2018-06-21,43900,46300,43850,45450,621916,0.030612244897959107
2018-06-22,45100,45650,43950,45550,251225,0.002200220022002153
2018-06-25,45400,45950,44200,45200,167494,-0.007683863885839748
2018-06-26,44150,45000,43450,44450,168746,-0.0165929203539823
2018-06-27,44100,44450,43100,43800,282767,-0.01462317210348707
2018-06-28,43500,44000,42750,43850,134728,0.0011415525114155667
2018-06-29,44200,44350,42400,43150,186781,-0.015963511972634015
2018-07-02,43350,44200,42300,42650,127427,-0.011587485515643148
2018-07-03,42700,42700,38550,41600,726020,-0.024618991793669442
2018-07-04,41450,41750,40900,41150,103572,-0.01081730769230771
2018-07-05,41150,42800,41150,42000,151153,0.020656136087484844
2018-07-06,42000,43400,42000,43150,165494,0.027380952380952284
2018-07-09,43150,44200,42800,43400,110133,0.005793742757821629
2018-07-10,43400,43700,42400,42600,114803,-0.018433179723502335
2018-07-11,42100,43400,41150,43300,136765,0.016431924882629012
2018-07-12,43350,43750,42550,43400,81579,0.002309468822170979
2018-07-13,43600,44600,43400,43700,83142,0.00691244239631339
2018-07-16,43350,43650,42000,42200,101882,-0.034324942791762014
2018-07-17,42200,42850,41400,42650,55688,0.010663507109004655
2018-07-18,42700,43150,42000,42350,57683,-0.007033997655334079
2018-07-19,42000,42850,41850,41950,49476,-0.009445100354191216
2018-07-20,42000,42800,41900,42550,50063,0.014302741358760418
2018-07-23,42550,43000,41500,41600,69588,-0.022326674500587562
2018-07-24,42000,42200,41650,42000,45923,0.009615384615384581
2018-07-25,42000,43700,42000,42800,117629,0.01904761904761898
2018-07-26,42950,43650,42650,43000,40985,0.004672897196261738
2018-07-27,43450,44200,43050,44100,64509,0.0255813953488373
2018-07-30,43800,44400,43500,44050,58453,-0.0011337868480725266
2018-07-31,44050,44200,42550,42900,73476,-0.026106696935300766
2018-08-01,43350,44800,43000,43700,167663,0.018648018648018683
2018-08-02,43500,44100,43100,43300,55063,-0.009153318077803174
2018-08-03,43500,43550,42450,43450,125138,0.0034642032332563577
2018-08-06,43100,43850,42550,42750,90925,-0.016110471806674354
2018-08-07,43600,44400,43450,43900,264926,0.026900584795321647
2018-08-08,43900,45000,43850,44250,168331,0.007972665148063829
2018-08-09,44250,44900,44250,44550,111401,0.006779661016949046
2018-08-10,44450,45750,44450,45250,177554,0.015712682379348974
2018-08-13,45100,45350,44300,44650,122989,-0.013259668508287303
2018-08-14,45250,45600,44600,45550,83793,0.02015677491601342
2018-08-16,44800,45200,44400,45050,96431,-0.010976948408342513
2018-08-17,44800,45150,44200,44650,76621,-0.008879023307436174
2018-08-20,44700,46800,44700,46400,243006,0.03919372900335949
2018-08-21,46300,47050,45900,46350,170026,-0.0010775862068965747
2018-08-22,45900,46550,45200,45400,126103,-0.02049622437971954
2018-08-23,45550,46050,44300,45050,108997,-0.00770925110132159
2018-08-24,44750,45900,44550,45750,104114,0.015538290788013276
2018-08-27,45850,46400,45000,45900,76628,0.003278688524590123
2018-08-28,45800,46450,45400,46150,75033,0.005446623093681824
2018-08-29,46050,47750,46000,47350,204951,0.026002166847237218
2018-08-30,47350,47500,46350,47000,134253,-0.007391763463569179
2018-08-31,46700,47400,46050,47050,89934,0.0010638297872340718
2018-09-03,46650,46900,45750,45900,110974,-0.02444208289054195
2018-09-04,46050,46700,45800,46550,77241,0.014161220043573008
2018-09-05,46550,47050,45850,46450,84092,-0.002148227712137518
2018-09-06,46500,47200,46300,46900,73640,0.009687836383207804
2018-09-07,47200,47250,46400,47000,72952,0.002132196162046851
2018-09-10,46600,48000,46600,47000,104422,0.0
2018-09-11,47000,47500,46450,47100,73737,0.0021276595744681437
2018-09-12,46650,46800,45300,46700,220017,-0.00849256900212314
2018-09-13,46900,46900,45750,46700,111571,0.0
2018-09-14,47000,47550,46200,46950,96755,0.005353319057815886
2018-09-17,46900,46900,45600,46050,117549,-0.019169329073482455
2018-09-18,45600,46300,45300,46050,79126,0.0
2018-09-19,46000,46150,45050,45300,93850,-0.016286644951140072
2018-09-20,45050,45100,42850,44200,367540,-0.02428256070640178
2018-09-21,44700,44900,42850,43050,293455,-0.02601809954751133
2018-09-27,43050,43500,42500,42700,148292,-0.008130081300813052
2018-09-28,43000,43100,42350,42650,128057,-0.0011709601873536313
2018-10-01,42650,42950,41750,42150,162361,-0.011723329425556872
2018-10-02,42150,42300,40850,41800,165091,-0.008303677342823224
2018-10-04,41900,42000,41000,41650,133281,-0.0035885167464114742
2018-10-05,41500,42300,40700,42050,138374,0.009603841536614643
2018-10-08,41600,41600,40550,41200,219218,-0.02021403091557672
2018-10-10,40800,41550,40500,40900,122904,-0.007281553398058249
2018-10-11,39500,41550,38650,38700,229665,-0.05378973105134477
2018-10-12,38600,39350,38300,39150,109796,0.011627906976744207
2018-10-15,38900,39200,38100,38350,116584,-0.020434227330779042
2018-10-16,38150,38650,37950,38050,70921,-0.007822685788787531
2018-10-17,38550,38800,37300,37500,149255,-0.014454664914586024
2018-10-18,37700,38250,37450,37700,137428,0.005333333333333412
2018-10-19,37100,37650,36400,37400,138693,-0.007957559681697646
2018-10-22,37000,37850,36800,37800,63712,0.010695187165775444
2018-10-23,37800,37850,35200,35750,201755,-0.05423280423280419
2018-10-24,36200,36450,34700,35000,209389,-0.020979020979020935
2018-10-25,34300,34700,33650,34350,227203,-0.018571428571428572
2018-10-26,34350,34400,32650,33750,234576,-0.017467248908296984
2018-10-29,33750,33900,32250,32250,179320,-0.0444444444444444
2018-10-30,32000,32750,31300,32500,204030,0.007751937984496138
2018-10-31,33050,33550,32000,33150,164278,0.020000000000000018
2018-11-01,33400,34150,32950,33000,152120,-0.004524886877828038
2018-11-02,33250,34850,33250,34650,167238,0.050000000000000044
2018-11-05,34250,34350,33400,33750,133460,-0.025974025974025983
2018-11-06,34000,34150,33250,33700,110135,-0.001481481481481528
2018-11-07,33900,34150,32600,32850,170401,-0.02522255192878342
2018-11-08,33600,35600,33500,34000,296864,0.035007610350076046
2018-11-09,34600,36100,34250,35000,206999,0.02941176470588225
2018-11-12,35100,36650,35100,35700,185417,0.020000000000000018
2018-11-13,35000,35300,34250,35100,163852,-0.01680672268907568
2018-11-14,35300,35700,34600,35050,89106,-0.0014245014245014564
2018-11-15,34800,35400,34100,35100,98353,0.0014265335235377208
2018-11-16,35200,35350,34450,35000,117373,-0.002849002849002802
2018-11-19,35000,35800,34700,35500,123036,0.014285714285714235
2018-11-20,34850,35550,34550,35000,94994,-0.014084507042253502
2018-11-21,34500,35450,33400,35250,230357,0.0071428571428571175
2018-11-22,35050,35150,34400,34750,82392,-0.014184397163120588
2018-11-23,34700,34950,34250,34450,51503,-0.008633093525179825
2018-11-26,34700,35050,34350,34650,53493,0.005805515239477588
2018-11-27,34850,35000,34350,34750,63902,0.0028860028860029363
2018-11-28,34950,35300,34500,34650,129968,-0.0028776978417266452
2018-11-29,35200,36200,35150,35550,186827,0.025974025974025983
2018-11-30,35800,36650,35500,36500,142630,0.026722925457102642
2018-12-03,36700,37400,36550,36800,106311,0.008219178082191858
2018-12-04,36800,36900,36050,36200,75553,-0.016304347826086918
2018-12-05,35500,36700,35450,36300,81179,0.0027624309392264568
2018-12-06,36600,36600,35500,35750,56285,-0.015151515151515138
2018-12-07,36000,36400,35100,35650,59316,-0.002797202797202747
2018-12-10,35150,35550,34750,35150,70857,-0.014025245441795287
2018-12-11,35350,35350,34400,34500,71549,-0.01849217638691325
2018-12-12,34500,34800,33950,34400,159054,-0.0028985507246376274
2018-12-13,34650,35950,34400,35950,157744,0.04505813953488369
2018-12-14,35550,36000,34950,35050,83717,-0.025034770514603566
2018-12-17,35200,35850,35200,35450,70554,0.011412268188302432
2018-12-18,35300,35600,34450,35100,107618,-0.009873060648801113
2018-12-19,35100,35450,34800,35200,90827,0.002849002849002913
2018-12-20,35200,35550,34500,35250,67120,0.0014204545454545858
2018-12-21,35350,36500,35350,36300,114338,0.029787234042553123
2018-12-24,36300,36850,35850,36000,104783,-0.008264462809917328
2018-12-26,35250,36400,34750,36300,160453,0.008333333333333304
2018-12-27,35850,35950,35150,35400,97844,-0.024793388429752095
2018-12-28,35350,36350,35350,35800,109729,0.011299435028248483
2019-01-02,35950,36000,35150,35450,66989,-0.009776536312849138
2019-01-03,35200,35800,34950,34950,67150,-0.014104372355430161
2019-01-04,34650,35450,34500,35150,63167,0.005722460658083017
2019-01-07,35850,37700,35600,37300,127528,0.06116642958748231
2019-01-08,37500,37550,36650,36950,70041,-0.009383378016085797
2019-01-09,37000,38250,37000,37950,107958,0.02706359945872805
2019-01-10,37500,38350,37350,37800,74618,-0.0039525691699604515
2019-01-11,37850,38950,37550,38300,121490,0.013227513227513255
2019-01-14,38500,38800,38050,38200,97778,-0.0026109660574412663
2019-01-15,38700,38700,38000,38300,82965,0.002617801047120505
2019-01-16,38050,39050,38050,38850,80258,0.01436031331592691
2019-01-17,39100,39450,38550,39000,85735,0.0038610038610038533
2019-01-18,39450,39500,38550,38700,69314,-0.007692307692307665
2019-01-21,39200,39650,38900,39300,78448,0.015503875968992276
2019-01-22,39300,39300,38300,38400,60889,-0.022900763358778664
2019-01-23,38350,39050,38100,38900,58726,0.01302083333333326
2019-01-24,38550,39000,37850,37950,95375,-0.024421593830334154
2019-01-25,37950,38900,37950,38750,83285,0.021080368906455815
2019-01-28,38550,39450,38500,38700,72243,-0.001290322580645209
2019-01-29,38800,39100,38200,38500,68692,-0.0051679586563307955
2019-01-30,38450,39350,38400,39300,57349,0.020779220779220786
2019-01-31,39800,39800,38550,38700,66135,-0.01526717557251911
2019-02-01,38700,39250,38150,38400,61732,-0.007751937984496138
2019-02-07,38450,39950,38300,39900,105514,0.0390625
2019-02-08,39900,39900,38900,39100,71437,-0.020050125313283207
2019-02-11,39300,39900,38800,39700,89317,0.01534526854219953
2019-02-12,39700,40500,39400,40250,103099,0.01385390428211597
2019-02-13,40250,41300,40100,41000,96458,0.01863354037267073
2019-02-14,40550,41100,39850,41100,154249,0.0024390243902439046
2019-02-15,40650,41450,40550,41250,114943,0.0036496350364962904
2019-02-18,41550,42900,41550,42100,196810,0.020606060606060517
2019-02-19,40800,40850,39500,39600,448190,-0.05938242280285033
2019-02-20,39750,40550,39750,40400,192873,0.02020202020202011
2019-02-21,40600,40800,39700,39750,95703,-0.016089108910891103
2019-02-22,39800,40250,39600,39750,87763,0.0
2019-02-25,39600,40350,39150,39350,100647,-0.010062893081761004
2019-02-26,39150,39750,39050,39250,60259,-0.0025412960609910717
2019-02-27,39300,39450,38850,39100,66209,-0.003821656050955413
2019-02-28,39350,39350,38700,38700,87086,-0.010230179028132946
2019-03-04,38650,39700,38600,39350,70016,0.01679586563307489
2019-03-05,39100,39150,38300,38750,75129,-0.015247776365946653
2019-03-06,38500,38750,38200,38250,70815,-0.012903225806451646
2019-03-07,38400,38400,37350,37900,108291,-0.009150326797385588
2019-03-08,37550,37850,36700,36900,96746,-0.02638522427440637
2019-03-11,36750,37850,36600,37650,88191,0.020325203252032464
2019-03-12,37900,38600,37550,37800,115663,0.003984063745019917
2019-03-13,37800,38100,37450,37950,55395,0.003968253968253954
2019-03-14,38300,38300,37900,38300,61359,0.00922266139657446
2019-03-15,38300,39100,38250,39100,116489,0.02088772845953013
2019-03-18,39350,39350,37900,38050,86450,-0.026854219948849067
2019-03-19,38200,38300,37550,37550,68663,-0.013140604467805517
2019-03-20,37450,37700,36350,37100,99820,-0.011984021304926817
2019-03-21,36650,37500,36200,36300,112484,-0.021563342318059342
2019-03-22,36250,36600,36050,36150,81573,-0.004132231404958664
2019-03-25,35500,36050,35250,35300,72151,-0.023513139695712337
2019-03-26,35300,36400,35300,36050,70778,0.021246458923512845
2019-03-27,36600,36600,35850,36150,56949,0.00277392510402219
2019-03-28,35850,36350,35700,35950,27677,-0.0055325034578146415
2019-03-29,36300,36450,35900,36150,35062,0.0055632823365785455
2019-04-01,36100,36950,36100,36600,63042,0.012448132780082943
2019-04-02,36600,36800,36250,36500,58716,-0.002732240437158473
2019-04-03,36150,36500,36050,36450,62934,-0.00136986301369868
2019-04-04,36500,37000,36500,36800,51922,0.009602194787379892
2019-04-05,37050,37100,36200,36500,40511,-0.008152173913043459
2019-04-08,36700,36750,36150,36150,45844,-0.009589041095890427
2019-04-09,36000,36450,35900,35950,72906,-0.0055325034578146415
2019-04-10,35700,36300,35700,36000,64739,0.0013908205841446364
2019-04-11,36500,36500,35550,35750,101257,-0.00694444444444442
2019-04-12,35650,35950,35250,35750,111080,0.0
2019-04-15,35800,36400,35800,36350,83362,0.016783216783216703
2019-04-16,36350,36950,36250,36750,75467,0.011004126547455195
2019-04-17,36900,37550,36800,37300,83847,0.014965986394557929
2019-04-18,37150,37450,36650,37000,93905,-0.008042895442359255
2019-04-19,37450,37450,36850,37050,46387,0.0013513513513514486
2019-04-22,37100,37100,36350,36950,76830,-0.0026990553306343035
2019-04-23,36950,36950,36050,36250,93265,-0.018944519621109657
2019-04-24,36250,36500,35850,36150,72010,-0.0027586206896551557
2019-04-25,36250,36300,35600,35900,73089,-0.006915629322268302
2019-04-26,35800,36450,35050,36200,157763,0.008356545961002881
2019-04-29,36200,36350,35650,36350,46460,0.004143646408839796
2019-04-30,36300,36300,35350,35750,74652,-0.016506189821182904
2019-05-02,35500,36450,35500,36300,55715,0.01538461538461533
2019-05-03,36500,36750,36000,36400,65669,0.0027548209366390353
2019-05-07,35700,35900,35500,35800,69939,-0.016483516483516536
2019-05-08,35200,36150,35200,35600,36763,-0.005586592178770999
2019-05-09,35600,35700,34650,34650,90162,-0.026685393258427004
2019-05-10,34600,35250,34500,34900,70785,0.00721500721500723
2019-05-13,34500,34550,32150,32250,241494,-0.0759312320916905
2019-05-14,31800,33200,31550,32450,107866,0.006201550387596955
2019-05-15,32450,33900,31950,33150,126729,0.02157164869029282
2019-05-16,32950,33050,32200,32400,78852,-0.022624434389140302
2019-05-17,33000,33000,32000,32000,37791,-0.012345679012345734
2019-05-20,32050,32450,31200,31350,77063,-0.020312499999999956
2019-05-21,31000,31700,31000,31500,78266,0.004784688995215225
2019-05-22,31600,32350,31300,31500,62113,0.0
2019-05-23,31300,31500,31050,31050,54583,-0.014285714285714235
2019-05-24,30800,31600,30700,31350,61463,0.009661835748792313
2019-05-27,31200,32000,31100,31200,37331,-0.004784688995215336
2019-05-28,31200,31850,31200,31650,60866,0.014423076923076872
2019-05-29,31850,31900,30500,30550,82686,-0.034755134281200584
2019-05-30,30500,30800,30150,30400,83229,-0.004909983633387904
2019-05-31,30400,30650,30050,30450,88226,0.00164473684210531
2019-06-03,30200,30500,29950,30500,162494,0.0016420361247948545
2019-06-04,30500,30800,30450,30800,121988,0.009836065573770592
2019-06-05,31100,31200,30750,30800,116135,0.0
2019-06-07,31000,31750,30700,31300,133653,0.016233766233766156
2019-06-10,31600,32200,31250,31800,131005,0.015974440894568787
2019-06-11,32150,33850,32050,32950,269083,0.036163522012578664
2019-06-12,33500,35450,33500,35200,504668,0.06828528072837625
2019-06-13,35300,38800,34250,36150,1590250,0.026988636363636465
2019-06-14,37200,39200,36150,37800,1513448,0.045643153526971014
2019-06-17,37650,38150,36350,36450,503657,-0.0357142857142857
2019-06-18,36500,37750,36200,36650,341757,0.005486968449931462
2019-06-19,36700,37100,36050,36400,258754,-0.006821282401091366
2019-06-20,36250,36850,35600,36650,251749,0.006868131868131844
2019-06-21,36400,36600,35000,35500,373847,-0.03137789904502042
2019-06-24,35550,35850,34450,35500,185946,0.0
2019-06-25,35850,37350,35600,36900,434561,0.03943661971830981
2019-06-26,36650,36950,35800,36300,234713,-0.016260162601625994
2019-06-27,36200,36800,35750,36800,168826,0.01377410468319562
2019-06-28,36800,39650,36600,39600,513524,0.07608695652173902
2019-07-01,39700,41100,38100,39100,466775,-0.012626262626262652
2019-07-02,38950,38950,37600,38400,233433,-0.01790281329923271
2019-07-03,38700,39600,37550,38550,262051,0.00390625
2019-07-04,39650,39650,38350,39150,227491,0.015564202334630295
2019-07-05,39150,39400,38000,38350,182462,-0.020434227330779042
2019-07-08,38100,39100,37500,38000,308713,-0.009126466753585416
2019-07-09,38900,40250,38700,39350,598570,0.03552631578947363
2019-07-10,39400,41600,39150,40300,478613,0.02414231257941557
2019-07-11,40700,41400,40000,40650,223206,0.008684863523573227
2019-07-12,41300,42050,40500,41750,304073,0.027060270602706105
2019-07-15,42400,43650,42400,43200,446005,0.03473053892215572
2019-07-16,43200,43250,42050,42950,240704,-0.0057870370370370905
2019-07-17,42700,43600,42350,42850,175882,-0.002328288707799775
2019-07-18,45650,46700,43000,44000,858560,0.02683780630105015
2019-07-19,44050,44250,43300,43600,205587,-0.009090909090909038
2019-07-22,43450,43450,42450,43000,220335,-0.013761467889908285
2019-07-23,42900,44200,42600,44100,193885,0.0255813953488373
2019-07-24,43900,44300,43050,43400,145039,-0.015873015873015928
2019-07-25,43150,43150,40850,41800,502894,-0.03686635944700456
2019-07-26,42000,42100,40550,41650,259817,-0.0035885167464114742
2019-07-29,41400,42100,40650,41300,200310,-0.008403361344537785
2019-07-30,41250,41600,40500,40900,102710,-0.009685230024213065
2019-07-31,40600,42550,39800,42300,233381,0.03422982885085579
2019-08-01,41900,42600,41300,41750,136503,-0.013002364066193817
2019-08-02,40850,42400,40700,42250,163544,0.011976047904191711
2019-08-05,42600,43400,41200,41800,317587,-0.010650887573964485
2019-08-06,41000,41850,40100,41000,246658,-0.019138755980861233
2019-08-07,41350,43350,40700,42500,316158,0.03658536585365857
2019-08-08,43950,43950,42200,43850,396097,0.03176470588235292
2019-08-09,43900,44000,42350,42850,297024,-0.022805017103762815
2019-08-12,42800,42800,40900,41000,329159,-0.043173862310385114
2019-08-13,40650,41000,39650,40150,283440,-0.02073170731707319
2019-08-14,40300,41350,40050,40900,206208,0.018679950186799577
2019-08-16,41300,43000,40550,42700,291842,0.044009779951100336
2019-08-19,42750,42750,41600,41750,128177,-0.022248243559718994
2019-08-20,41700,42200,41150,41900,128102,0.00359281437125758
2019-08-21,41500,42700,41500,42450,146229,0.013126491646778149
2019-08-22,42700,43950,42650,43450,255953,0.02355712603062421
2019-08-23,43150,45250,43100,44750,341641,0.029919447640966546
2019-08-26,43900,45200,43450,44650,239192,-0.0022346368715083775
2019-08-27,45350,46850,44950,45050,273653,0.008958566629339249
2019-08-28,45450,48000,45200,46900,440153,0.04106548279689237
2019-08-29,47300,47500,46050,46750,223564,-0.0031982942430703876
2019-08-30,46900,47300,45150,46000,393085,-0.016042780748663055
2019-09-02,45300,45650,44150,45450,284835,-0.011956521739130421
2019-09-03,45700,46350,45150,45500,176885,0.0011001100110010764
2019-09-04,45400,46300,45200,45550,132715,0.001098901098901095
2019-09-05,45650,47350,45300,46050,250906,0.010976948408342402
2019-09-06,46150,46900,44800,44900,226889,-0.02497285559174811
2019-09-09,44700,45850,43750,44350,337933,-0.012249443207126953
2019-09-10,44600,44600,43300,44100,212772,-0.005636978579481422
2019-09-11,44450,44800,43650,44650,219911,0.012471655328798237
2019-09-16,44350,44550,43450,43850,236329,-0.017917133258678608
2019-09-17,44000,44450,43300,43300,157310,-0.012542759407069504
2019-09-18,43350,44250,43350,43650,108308,0.008083140877598094
2019-09-19,43700,43850,43200,43200,165641,-0.010309278350515427
2019-09-20,43000,44050,42850,44050,126961,0.01967592592592582
2019-09-23,44000,44000,42250,42250,285822,-0.04086265607264472
2019-09-24,42050,42800,41550,42500,152686,0.00591715976331364
2019-09-25,42450,42450,39250,39850,717814,-0.06235294117647061
2019-09-26,39950,40350,38850,39500,386675,-0.008782936010037656
2019-09-27,39600,39900,38950,39350,173491,-0.0037974683544304
2019-09-30,39050,40150,39050,39800,195520,0.011435832274459878
2019-10-01,40100,40600,39600,39900,190913,0.002512562814070307
2019-10-02,39400,40800,39400,39700,203641,-0.005012531328320802
2019-10-04,39750,40050,39350,39400,125957,-0.007556675062972307
2019-10-07,39800,41500,39700,40800,262783,0.035532994923857864
2019-10-08,40800,41650,40200,41000,174242,0.004901960784313708
2019-10-10,40550,40750,39850,40250,145692,-0.018292682926829285
2019-10-11,40600,41400,40150,40600,139447,0.008695652173912993
2019-10-14,41150,42000,41150,41700,134724,0.027093596059113212
2019-10-15,41700,41700,41100,41200,75972,-0.011990407673860948
2019-10-16,41200,42350,41100,41750,155276,0.013349514563106846
2019-10-17,41750,42200,41700,41900,90395,0.00359281437125758
2019-10-18,41800,42900,41650,42150,180615,0.005966587112171906
2019-10-21,42100,42400,41350,41700,89747,-0.010676156583629859
2019-10-22,41800,42600,41550,42050,141041,0.008393285371702586
2019-10-23,42100,42500,41600,41600,101084,-0.010701545778834753
2019-10-24,41700,42400,41350,42000,102412,0.009615384615384581
2019-10-25,42050,42150,40700,41100,155177,-0.021428571428571463
2019-10-28,41400,44800,41400,44800,547251,0.09002433090024331
2019-10-29,45100,45650,43750,44250,243532,-0.012276785714285698
2019-10-30,44250,44600,43450,44150,113904,-0.002259887005649719
2019-10-31,44100,45100,43800,44350,178896,0.0045300113250283935
2019-11-01,44350,45000,43900,44750,211139,0.00901916572717032
2019-11-04,45050,47800,44900,47100,367117,0.052513966480446816
2019-11-05,46950,47050,45850,46000,200922,-0.023354564755838636
2019-11-06,45950,46250,44550,44700,200934,-0.02826086956521734
2019-11-07,44700,45100,43550,44100,163325,-0.01342281879194629
2019-11-08,44350,46200,43950,46050,239015,0.04421768707482987
2019-11-11,45700,47550,45450,47150,275868,0.023887079261672106
2019-11-12,46850,47350,45200,45400,228872,-0.03711558854718977
2019-11-13,45400,45600,44400,45200,155613,-0.004405286343612369
2019-11-14,45200,45600,44700,45450,149116,0.005530973451327359
2019-11-15,45600,45750,45000,45250,142152,-0.004400440044004417
2019-11-18,45550,45550,44550,44950,140572,-0.006629834254143652
2019-11-19,44950,46500,44800,45800,162009,0.018909899888765347
2019-11-20,45400,45950,44750,45050,126292,-0.01637554585152834
2019-11-21,45300,45700,44600,45100,152987,0.0011098779134295356
2019-11-22,45700,46400,44800,46050,159101,0.021064301552106368
2019-11-25,46050,47250,46050,46450,134857,0.008686210640608039
2019-11-26,46850,47100,45800,45950,152370,-0.01076426264800856
2019-11-27,45950,47300,45800,46300,258111,0.007616974972796564
2019-11-28,45400,46350,45300,46050,81355,-0.005399568034557212
2019-11-29,46400,48350,46250,47450,319749,0.030401737242128135
2019-12-02,47850,49700,47850,48500,249358,0.02212855637513167
2019-12-03,47700,47850,46900,47650,139616,-0.017525773195876337
2019-12-04,47200,47500,45000,46100,267092,-0.03252885624344182
2019-12-05,46100,46350,45000,46150,203750,0.0010845986984815426
2019-12-06,46450,46650,45150,45350,253411,-0.017334777898158182
2019-12-09,45400,46000,44500,44850,259125,-0.011025358324145529
2019-12-10,44550,45450,44550,45350,111285,0.011148272017837302
2019-12-11,45500,45950,45300,45700,107997,0.007717750826901959
2019-12-12,45700,46400,45700,46250,160544,0.012035010940919078
2019-12-13,46900,48400,46600,47100,427598,0.018378378378378413
2019-12-16,47250,48650,47050,47450,154455,0.007430997876857859
2019-12-17,47450,49000,47400,48800,259037,0.028451001053740876
2019-12-18,49100,49100,47400,47400,261511,-0.02868852459016391
2019-12-19,47400,48400,47200,48200,95760,0.016877637130801704
2019-12-20,48500,49500,48350,49250,156431,0.02178423236514515
2019-12-23,49350,50100,49000,49300,189795,0.0010152284263960087
2019-12-24,49550,50000,49250,49900,252669,0.012170385395537497
2019-12-26,49900,49900,49000,49750,160917,-0.0030060120240480437
2019-12-27,49850,51400,49800,50500,202830,0.015075376884422065
2019-12-30,50400,51200,50000,51000,144005,0.00990099009900991
2020-01-02,51300,51600,50500,50600,115259,-0.007843137254901933
2020-01-03,51000,51000,49500,49850,207507,-0.014822134387351804
2020-01-06,49100,51000,49100,50700,198063,0.01705115346038122
2020-01-07,51000,53400,50900,52200,402497,0.029585798816567976
2020-01-08,51600,52400,50800,51300,296180,-0.017241379310344862
2020-01-09,52300,52500,50300,51800,269120,0.00974658869395717
2020-01-10,51000,53100,50000,51200,564427,-0.01158301158301156
2020-01-13,50900,53400,50300,52300,367430,0.021484375
2020-01-14,52900,53800,52100,52300,262909,0.0
2020-01-15,52500,52500,50700,51300,254079,-0.019120458891013437
2020-01-16,51400,51800,50800,51600,244576,0.005847953216374213
2020-01-17,51600,51700,50600,50600,230592,-0.019379844961240345
2020-01-20,50800,52600,50500,51400,332006,0.015810276679841806
2020-01-21,51400,52500,51200,52100,179244,0.013618677042801508
2020-01-22,52400,55000,51900,54600,426653,0.04798464491362764
2020-01-23,54600,56000,53900,54500,235510,-0.001831501831501825
2020-01-28,52500,53600,51400,53400,408343,-0.020183486238532056
2020-01-29,53500,53600,51900,52300,296593,-0.02059925093632964
2020-01-30,52900,55900,52800,53700,555348,0.026768642447418722
2020-01-31,54100,54500,51300,52100,348212,-0.029795158286778367
2020-02-03,50700,54000,50700,53900,297291,0.03454894433781197
2020-02-04,55600,59500,55100,58000,815230,0.07606679035250474
2020-02-05,59500,60500,57700,58900,575097,0.01551724137931032
2020-02-06,58000,58500,56100,57300,742261,-0.02716468590831922
2020-02-07,57400,58600,55700,56400,643554,-0.015706806282722474
2020-02-10,55400,56800,55000,55900,365829,-0.00886524822695034
2020-02-11,56400,59900,56200,58900,775403,0.05366726296958846
2020-02-12,58200,58600,55900,56200,712465,-0.04584040747028861
2020-02-13,56400,57100,55400,56000,462709,-0.003558718861209953
2020-02-14,56000,57200,55500,57000,352583,0.017857142857142794
2020-02-17,55800,56700,55100,55900,337511,-0.019298245614035037
2020-02-18,55800,57300,55300,56200,345741,0.005366726296958779
2020-02-19,57100,57100,54900,55800,265384,-0.007117437722419906
2020-02-20,55800,58200,55100,57500,468177,0.03046594982078843
2020-02-21,56300,57200,55500,55500,322483,-0.034782608695652195
2020-02-24,54000,55600,53300,54400,459792,-0.01981981981981984
2020-02-25,54700,56400,53700,56400,291296,0.03676470588235303
2020-02-26,55100,56100,54800,55300,204904,-0.019503546099290725
2020-02-27,55200,55400,53100,53700,299195,-0.02893309222423146
2020-02-28,52000,53000,51000,51400,505688,-0.04283054003724396
2020-03-02,52000,52900,51200,52400,324614,0.01945525291828787
2020-03-03,53900,54100,52300,52500,254935,0.001908396946564972
2020-03-04,52500,54800,52500,54400,270159,0.036190476190476106
2020-03-05,55200,55300,54000,54400,258237,0.0
2020-03-06,53700,54700,53000,53500,248282,-0.016544117647058876
2020-03-09,51600,51900,50000,50200,387088,-0.06168224299065417
2020-03-10,49500,51200,49250,50300,401809,0.0019920318725099584
2020-03-11,50400,50400,47950,48850,379854,-0.02882703777335982
2020-03-12,47700,48450,45300,45850,576175,-0.06141248720573178
2020-03-13,41700,43900,39500,43250,655249,-0.0567066521264995
2020-03-16,43250,43950,39750,39750,339291,-0.08092485549132944
2020-03-17,37000,40200,37000,39300,457338,-0.01132075471698113
2020-03-18,39500,39750,34700,34700,571181,-0.11704834605597969
2020-03-19,35500,36000,27700,28050,962144,-0.19164265129683
2020-03-20,29600,32750,28300,32100,725893,0.14438502673796783
2020-03-23,28800,31600,28650,30250,510875,-0.05763239875389403
2020-03-24,31550,33700,30800,33700,514471,0.11404958677685961
2020-03-25,35250,36800,34150,36450,611397,0.08160237388724045
2020-03-26,36450,39600,35100,37550,638681,0.030178326474622708
2020-03-27,40000,40100,37450,38500,462923,0.025299600532623145
2020-03-30,36950,38700,36450,38500,302625,0.0
2020-03-31,38900,39450,36100,37200,522849,-0.03376623376623378
2020-04-01,37150,39500,36300,37600,520751,0.010752688172043001
2020-04-02,37950,38500,36050,37400,440826,-0.005319148936170248
2020-04-03,38600,38900,36300,36900,404732,-0.013368983957219305
2020-04-06,37300,39000,37050,38900,394806,0.05420054200542013
2020-04-07,40000,40500,38300,39450,485043,0.014138817480719768
2020-04-08,39250,42850,38700,41550,804422,0.05323193916349811
2020-04-09,42250,43300,42150,43200,443603,0.03971119133573997
2020-04-10,43250,44150,42050,43750,380159,0.0127314814814814
2020-04-13,43450,43450,41000,41100,378340,-0.06057142857142861
2020-04-14,42400,44300,42250,43750,464781,0.06447688564476883
2020-04-16,43750,47200,43650,46550,530645,0.06400000000000006
2020-04-17,48000,52700,48000,50200,745410,0.07841031149301836
2020-04-20,51100,52700,50200,50800,496748,0.01195219123505975
2020-04-21,51300,54000,48550,53800,990195,0.059055118110236116
2020-04-22,52600,53600,51800,53000,514539,-0.014869888475836479
2020-04-23,53400,53900,51800,52100,406022,-0.016981132075471694
2020-04-24,50900,51500,49250,49650,674208,-0.04702495201535506
2020-04-27,50400,51200,49350,50200,333210,0.011077542799597273
2020-04-28,50900,51400,49500,49600,311063,-0.01195219123505975
2020-04-29,49400,50300,49250,49550,311220,-0.0010080645161290036
2020-05-04,48500,49350,48250,48550,269777,-0.020181634712411745
2020-05-06,49350,49750,48050,48750,262215,0.004119464469618972
2020-05-07,48700,50600,48450,50100,335789,0.027692307692307683
2020-05-08,49900,50700,49600,50600,349840,0.009980039920159722
2020-05-11,50600,50600,49700,49900,229346,-0.013833992094861691
2020-05-12,49900,49950,48200,48600,277710,-0.02605210420841686
2020-05-13,47700,52100,47600,51100,758424,0.05144032921810693
2020-05-14,50500,51500,49650,50100,307043,-0.019569471624266144
2020-05-15,50600,51700,49650,51000,289483,0.017964071856287456
2020-05-18,51200,53300,50200,53200,519478,0.04313725490196085
2020-05-19,54300,54900,53200,53800,404243,0.011278195488721776
2020-05-20,53500,54300,53100,54100,256772,0.005576208178438735
2020-05-21,54500,55800,53900,54400,411507,0.005545286506469571
2020-05-22,54800,55000,51900,52700,446969,-0.03125
2020-05-25,52900,54800,52300,54600,381372,0.036053130929791344
2020-05-26,55600,58900,55200,58900,859136,0.0787545787545787
2020-05-27,58900,58900,56000,56900,627068,-0.03395585738539897
2020-05-28,58300,61900,56100,58500,1841375,0.02811950790861162
2020-05-29,57500,58300,56200,57100,445098,-0.023931623931623958
2020-06-01,57500,59200,57500,58800,360233,0.02977232924693518
2020-06-02,60000,60300,58100,58800,314631,0.0
2020-06-03,58900,59300,56200,56600,616111,-0.0374149659863946
2020-06-04,56800,58200,56800,57900,375942,0.0229681978798586
2020-06-05,57900,59100,57600,58600,317413,0.012089810017271052
2020-06-08,59300,59600,58200,58400,313532,-0.0034129692832765013
2020-06-09,59700,62300,59200,60400,866550,0.03424657534246567
2020-06-10,60400,62000,60100,61000,422131,0.009933774834437026
2020-06-11,61400,61500,59300,59700,512501,-0.021311475409836023
2020-06-12,56000,58500,56000,58200,675903,-0.025125628140703515
2020-06-15,57000,57400,53200,53200,648329,-0.08591065292096223
2020-06-16,54900,57300,54900,57200,432090,0.07518796992481214
2020-06-17,57000,58700,56400,58200,465774,0.0174825174825175
2020-06-18,57600,58900,57500,57900,269511,-0.005154639175257714
2020-06-19,59400,60200,58300,59000,460031,0.01899827288428324
2020-06-22,59400,62200,59000,62200,903177,0.05423728813559325
2020-06-23,63800,64900,61800,62700,903736,0.008038585209003246
2020-06-24,63000,63200,61400,62800,347497,0.0015948963317384823
2020-06-25,61900,64500,61800,63300,616368,0.0079617834394905
2020-06-26,65100,65600,62400,63400,590635,0.0015797788309637184
2020-06-29,62400,62800,60800,61200,405174,-0.034700315457413256
2020-06-30,62300,62400,60100,61000,346041,-0.0032679738562091387
2020-07-01,61800,62700,60300,60600,247981,-0.006557377049180357
2020-07-02,61400,62300,60200,62300,263966,0.028052805280528004
2020-07-03,63100,63500,61300,61700,326376,-0.009630818619582704
2020-07-06,62600,64500,61700,64500,448329,0.04538087520259326
2020-07-07,65500,66100,64300,64900,513374,0.006201550387596955
2020-07-08,65300,65900,63700,65200,268791,0.0046224961479199855
2020-07-09,65300,69900,64300,69600,751267,0.06748466257668717
2020-07-10,69800,72100,68500,70400,542130,0.011494252873563315
2020-07-13,71700,72400,70700,71400,253700,0.014204545454545414
2020-07-14,70100,70500,68700,69600,384989,-0.025210084033613467
2020-07-15,70000,70300,67700,68800,388865,-0.011494252873563204
2020-07-16,68800,69300,67300,67700,256648,-0.015988372093023284
2020-07-17,67500,68300,66500,67600,246623,-0.001477104874446078
2020-07-20,67800,68400,66100,67000,279173,-0.00887573964497046
2020-07-21,68500,69500,67400,68200,368390,0.017910447761193993
2020-07-22,67700,68400,66800,67400,282110,-0.011730205278592365
2020-07-23,68000,70700,67200,70500,422996,0.04599406528189909
2020-07-24,69400,71600,67700,69200,423266,-0.018439716312056764
2020-07-27,68400,70300,68400,69300,227485,0.0014450867052022698
2020-07-28,70000,70800,69700,70400,275240,0.015873015873015817
2020-07-29,69700,70400,69300,70400,179696,0.0
2020-07-30,70300,70700,68800,69500,253257,-0.01278409090909094
2020-07-31,69600,71100,69100,69900,393356,0.0057553956834532904
2020-08-03,69900,77500,69700,77000,952558,0.10157367668097272
2020-08-04,78000,78100,74900,75400,423808,-0.020779220779220786
2020-08-05,75800,80500,74700,78900,716819,0.04641909814323597
2020-08-06,78600,85000,78100,82600,743012,0.04689480354879594
2020-08-07,82900,89500,82800,86800,983407,0.05084745762711873
2020-08-10,88300,88300,84400,87000,822402,0.0023041474654377225
2020-08-11,87100,90500,86100,87800,610649,0.009195402298850519
2020-08-12,93000,104500,89400,91000,2760791,0.036446469248291535
2020-08-13,93500,94100,88300,89500,815655,-0.016483516483516536
2020-08-14,88500,88500,83800,84500,813931,-0.05586592178770955
2020-08-18,83400,87600,81500,82600,643158,-0.022485207100591764
2020-08-19,83600,85100,82100,84400,363718,0.021791767554479424
2020-08-20,83700,85500,79900,80200,474352,-0.049763033175355464
2020-08-21,81400,90000,81200,88100,1079569,0.09850374064837908
2020-08-24,88500,96000,86600,94900,1060520,0.0771850170261068
2020-08-25,95900,96700,92500,94800,545603,-0.0010537407797681642
2020-08-26,94800,98000,91800,97000,610472,0.02320675105485237
2020-08-27,96500,98700,95100,95200,515294,-0.01855670103092788
2020-08-28,95200,96400,93300,95200,404157,0.0
2020-08-31,95200,96300,90200,92500,634202,-0.028361344537815136
2020-09-01,91800,93300,90100,92700,324424,0.00216216216216214
2020-09-02,92800,92900,90000,91600,381790,-0.011866235167206085
2020-09-03,92000,93300,90800,91400,288245,-0.0021834061135370675
2020-09-04,87000,93900,86900,93300,514280,0.020787746170678245
2020-09-07,93700,93700,89400,90100,488446,-0.03429796355841375
2020-09-08,90700,91300,87300,88700,484662,-0.015538290788013276
2020-09-09,86700,87500,85500,86000,435661,-0.030439684329199523
2020-09-10,87700,89200,85600,89200,381712,0.037209302325581506
2020-09-11,88400,88700,86100,87400,264434,-0.020179372197309364
2020-09-14,87400,89500,86100,89000,313878,0.01830663615560635
2020-09-15,89300,89300,87500,88400,250379,-0.006741573033707815
2020-09-16,89200,90600,88000,88600,284220,0.002262443438914019
2020-09-17,88000,88600,85300,86000,415546,-0.02934537246049662
2020-09-18,86000,89900,86000,88700,507791,0.0313953488372094
2020-09-21,89300,91700,88200,89100,514774,0.004509582863585049
2020-09-22,89600,90400,86500,87200,290127,-0.021324354657688005
2020-09-23,89200,89400,80500,85600,474710,-0.01834862385321101
2020-09-24,83000,84200,77400,78100,707403,-0.08761682242990654
2020-09-25,78700,79600,75500,77600,389384,-0.006402048655569814
2020-09-28,78500,81000,77200,81000,241127,0.04381443298969079
2020-09-29,82600,83300,81300,83000,241639,0.024691358024691468
2020-10-05,82800,84000,80800,83800,275630,0.009638554216867545
2020-10-06,84000,84600,82700,83000,175283,-0.009546539379474916
2020-10-07,81700,82800,81700,82300,150540,-0.008433734939759074
2020-10-08,83100,84000,82200,83500,257322,0.014580801944106936
2020-10-12,84100,84400,82000,82100,189262,-0.016766467065868262
2020-10-13,82500,82600,79100,79300,336501,-0.03410475030450666
2020-10-14,79300,81400,78500,80100,281288,0.010088272383354413
2020-10-15,80000,80700,78300,78700,289241,-0.017478152309613026
2020-10-16,79300,79800,76000,78200,298708,-0.006353240152477735
2020-10-19,77800,78200,72600,72900,647889,-0.06777493606138107
2020-10-20,71600,75000,71600,74300,339076,0.019204389574760006
2020-10-21,74400,75300,73300,73700,172239,-0.008075370121130576
2020-10-22,73900,75700,73500,73700,335953,0.0
2020-10-23,74500,74500,73000,73700,183729,0.0
2020-10-26,72600,73200,70400,70900,349080,-0.037991858887381325
2020-10-27,69800,73700,69600,71500,313618,0.008462623413258097
2020-10-28,71300,73900,71200,73900,225829,0.03356643356643363
2020-10-29,72500,74300,72100,74300,209868,0.005412719891745521
2020-10-30,74300,75600,72800,73200,262078,-0.014804845222072704
2020-11-02,73500,74000,72300,73900,132813,0.0095628415300546
2020-11-03,74300,81700,74300,80400,909163,0.08795669824086594
2020-11-04,81900,82100,79700,81500,421096,0.013681592039801016
2020-11-05,83000,85300,82000,84700,394794,0.03926380368098159
2020-11-06,85300,86800,83300,83600,322849,-0.012987012987012991
2020-11-09,86100,86600,84400,85200,319102,0.019138755980861344
2020-11-10,85500,85900,82400,83200,329799,-0.023474178403755874
2020-11-11,82800,82900,80700,82100,220797,-0.013221153846153855
2020-11-12,82600,82800,81900,82300,135843,0.0024360535931791105
2020-11-13,81500,82200,79700,81800,209953,-0.0060753341433779084
2020-11-16,80500,81100,79700,81100,232319,-0.008557457212713948
2020-11-17,81600,82500,81100,81200,182022,0.0012330456226881115
2020-11-18,81200,83500,80900,83300,215481,0.02586206896551735
2020-11-19,83300,84800,82300,83300,202375,0.0
2020-11-20,83900,84000,82500,82900,156602,-0.004801920768307322
2020-11-23,83900,84400,83400,83800,212157,0.010856453558504287
2020-11-24,84500,84600,83500,84200,223633,0.004773269689737569
2020-11-25,85400,85500,82200,82500,361883,-0.020190023752969077
2020-11-26,82500,82800,81600,82400,182072,-0.00121212121212122
2020-11-27,83500,89100,83400,88600,1250995,0.07524271844660202
2020-11-30,89800,90500,87800,89700,614056,0.01241534988713311
2020-12-01,89900,90400,88100,88900,339019,-0.00891861761426982
2020-12-02,89000,89100,87700,88900,289253,0.0
2020-12-03,88900,89500,87900,88300,240573,-0.006749156355455588
2020-12-04,88700,88800,85900,86600,445721,-0.01925254813137034
2020-12-07,86600,86600,83800,84200,316254,-0.02771362586605086
2020-12-08,84200,87400,84200,85100,333032,0.010688836104512989
2020-12-09,86100,88400,85600,87900,388399,0.03290246768507643
2020-12-10,87100,87600,85300,87200,310353,-0.007963594994311762
2020-12-11,87800,87900,86600,87500,184554,0.0034403669724769603
2020-12-14,86600,86900,85200,86000,255519,-0.017142857142857126
2020-12-15,86500,86500,84800,85900,159345,-0.0011627906976744429
2020-12-16,86500,89600,85900,88500,453470,0.030267753201397074
2020-12-17,89000,93000,88700,91600,796719,0.03502824858757059
2020-12-18,93900,94900,91000,91800,491884,0.0021834061135370675
2020-12-21,91900,94100,89800,93700,505215,0.020697167755991286
2020-12-22,93400,93500,89700,90000,424790,-0.039487726787620026
2020-12-23,89600,91500,88100,90900,296034,0.010000000000000009
2020-12-24,90900,92500,89900,91600,292107,0.007700770077007757
2020-12-28,92000,92200,90500,91700,248044,0.0010917030567685337
2020-12-29,92000,93400,90500,93400,362230,0.018538713195201728
2020-12-30,94000,94100,92600,94000,315760,0.0064239828693790635
2021-01-04,95800,102500,94000,101500,1004073,0.07978723404255317
2021-01-05,100500,104000,99100,102500,535864,0.009852216748768461
2021-01-06,104000,107000,100500,102000,633921,-0.004878048780487809
2021-01-07,103000,105000,101000,102000,454619,0.0
2021-01-08,104500,110000,102000,106500,756952,0.044117647058823595
2021-01-11,108500,110000,99900,103000,964841,-0.032863849765258246
2021-01-12,101000,101500,97200,100500,626246,-0.024271844660194164
2021-01-13,100500,101500,98500,99300,378084,-0.011940298507462699
2021-01-14,101500,105000,99800,105000,435318,0.05740181268882183
2021-01-15,106000,107000,102000,104000,351697,-0.00952380952380949
2021-01-18,102000,104000,99800,101000,311133,-0.028846153846153855
2021-01-19,104500,112000,104000,110000,1108463,0.08910891089108919
2021-01-20,112000,112500,107000,111500,456460,0.013636363636363669
2021-01-21,111500,119000,110000,118500,613499,0.06278026905829592
2021-01-22,118500,125000,117000,121500,901526,0.025316455696202445
2021-01-25,122500,130000,121000,125500,709263,0.03292181069958855
2021-01-26,126500,130000,123000,130000,572105,0.03585657370517925
2021-01-27,130500,133500,122000,127500,686850,-0.019230769230769273
2021-01-28,122000,126500,121000,123500,571812,-0.03137254901960784
2021-01-29,125500,125500,115000,121000,678971,-0.020242914979757054
2021-02-01,122000,124500,118000,124500,513469,0.02892561983471076
2021-02-02,126500,139000,124000,135000,1291196,0.0843373493975903
2021-02-03,137000,137500,133000,136500,486004,0.011111111111111072
2021-02-04,135500,137500,130000,132000,402331,-0.03296703296703296
2021-02-05,133500,135500,128500,130500,450527,-0.011363636363636354
2021-02-08,130000,130000,123500,125500,611461,-0.03831417624521072
2021-02-09,127000,129500,123000,124000,520670,-0.01195219123505975
2021-02-10,125000,132500,124000,131000,680105,0.056451612903225756
2021-02-15,128000,138500,128000,136500,652023,0.041984732824427384
2021-02-16,138000,138000,133500,136500,345827,0.0
2021-02-17,135500,139000,133000,138000,346999,0.01098901098901095
2021-02-18,137500,143000,136500,138000,410092,0.0
2021-02-19,137000,139500,132500,137500,407922,-0.0036231884057971175
2021-02-22,137500,138500,130500,132000,405858,-0.040000000000000036
2021-02-23,127000,131500,126000,127000,461857,-0.037878787878787845
2021-02-24,127000,128500,118500,120500,713869,-0.051181102362204745
2021-02-25,124000,125500,119500,121000,455643,0.004149377593360981
2021-02-26,117000,118500,114500,117500,485222,-0.02892561983471076
2021-03-02,121500,122000,115500,116500,410375,-0.008510638297872353
2021-03-03,116000,121000,113500,120500,303989,0.03433476394849788
2021-03-04,118000,122500,116500,118000,302881,-0.020746887966805017
2021-03-05,115500,117000,112000,114000,398414,-0.03389830508474578
2021-03-08,0,0,0,114000,0,0.0
2021-03-09,0,0,0,114000,0,0.0
2021-03-10,0,0,0,114000,0,0.0
2021-03-11,0,0,0,114000,0,0.0
2021-03-12,0,0,0,114000,0,0.0
2021-03-15,0,0,0,114000,0,0.0
2021-03-16,0,0,0,114000,0,0.0
2021-03-17,0,0,0,114000,0,0.0
2021-03-18,0,0,0,114000,0,0.0
2021-03-19,0,0,0,114000,0,0.0
2021-03-22,0,0,0,114000,0,0.0
2021-03-23,116000,119000,105500,107000,1266374,-0.06140350877192979
2021-03-24,105500,114000,104500,112500,592142,0.051401869158878455
2021-03-25,113000,121000,112500,121000,614029,0.0755555555555556
2021-03-26,124000,125000,119500,122000,385174,0.008264462809917328
2021-03-29,122500,125000,120000,122500,268417,0.004098360655737654
2021-03-30,124500,129500,124000,129000,407194,0.05306122448979589
2021-03-31,129000,130500,126500,128500,220423,-0.003875968992248069
2021-04-01,130500,133500,129500,133500,341648,0.03891050583657596
2021-04-02,134500,136000,131500,133500,262406,0.0
2021-04-05,134000,134500,129000,134000,198750,0.0037453183520599342
2021-04-06,134000,135000,130500,131000,215589,-0.02238805970149249
2021-04-07,131500,135000,131000,133500,220547,0.01908396946564883
2021-04-08,134500,139000,132500,133500,562425,0.0
2021-04-09,135000,138000,133500,136500,281761,0.022471910112359605
2021-04-12,146000,150500,142000,144000,1062066,0.05494505494505497
2021-04-13,145000,147000,142500,145000,319626,0.00694444444444442
2021-04-14,146000,150000,143500,149000,419103,0.02758620689655178
2021-04-15,147500,151000,145000,147000,339991,-0.01342281879194629
2021-04-16,147500,150000,145000,148500,298369,0.010204081632652962
2021-04-19,148500,149500,143500,144000,387932,-0.030303030303030276
2021-04-20,142000,144500,137000,143000,582214,-0.00694444444444442
2021-04-21,143000,145000,140500,142000,196529,-0.006993006993006978
2021-04-22,144500,149000,143000,145500,406492,0.02464788732394374
2021-04-23,144500,147500,143500,146000,225415,0.0034364261168384758
2021-04-26,146000,146500,142000,142500,295977,-0.023972602739726012
2021-04-27,142500,145000,140000,141000,233227,-0.010526315789473717
2021-04-28,139500,139500,133500,135500,469418,-0.03900709219858156
2021-04-29,135000,144000,132000,142000,471127,0.047970479704797064
2021-04-30,143000,144000,133500,135000,538661,-0.04929577464788737
2021-05-03,132500,135000,129500,132000,392350,-0.022222222222222254
2021-05-04,132000,136500,132000,136000,379306,0.030303030303030276
2021-05-06,136500,141000,136000,138000,295632,0.014705882352941124
2021-05-07,139500,143000,137500,142500,254677,0.032608695652173836
2021-05-10,145000,147500,142000,143000,375281,0.0035087719298245723
2021-05-11,141000,142000,138000,140000,319654,-0.020979020979020935
2021-05-12,141000,142500,133000,136500,529696,-0.025000000000000022
2021-05-13,132500,134500,126000,128500,659609,-0.05860805860805862
2021-05-14,130000,131500,128000,129000,287567,0.0038910505836575737
2021-05-17,130500,133500,125000,128000,371782,-0.007751937984496138
2021-05-18,128500,130000,127500,129000,195864,0.0078125
2021-05-20,128500,132500,127500,130500,282435,0.011627906976744207
2021-05-21,132000,134000,128500,131000,343535,0.003831417624521105
2021-05-24,131000,132500,129000,130000,243795,-0.007633587786259555
2021-05-25,131500,131500,130000,131500,162405,0.011538461538461497
2021-05-26,132000,135000,131500,134000,289733,0.019011406844106515
2021-05-27,135500,136000,129500,132500,1934014,-0.011194029850746245
2021-05-28,131500,132000,129000,130000,300073,-0.018867924528301883
2021-05-31,129500,130000,126000,127500,270690,-0.019230769230769273
2021-06-01,128500,133000,126500,133000,337279,0.04313725490196085
2021-06-02,133500,138000,132500,133500,315318,0.003759398496240518
2021-06-03,133500,134000,131000,134000,152088,0.0037453183520599342
2021-06-04,135500,136500,132500,134000,217191,0.0
2021-06-07,135000,135500,133500,134500,144948,0.003731343283582156
2021-06-08,134500,135000,131000,132500,197034,-0.014869888475836479
2021-06-09,132500,133000,131000,132000,155305,-0.0037735849056603765
2021-06-10,131500,131500,128500,130500,276215,-0.011363636363636354
2021-06-11,131500,140000,131500,140000,891712,0.07279693486590033
2021-06-14,140500,142500,137500,140500,332265,0.0035714285714285587
2021-06-15,141500,144500,139500,140500,237754,0.0
2021-06-16,139500,141000,137500,138000,165428,-0.017793594306049876
2021-06-17,138000,146000,137500,145000,598212,0.050724637681159424
2021-06-18,145000,149000,143500,145500,406829,0.0034482758620688614
2021-06-21,144500,146500,141500,144500,302612,-0.0068728522336769515
2021-06-22,145500,146500,142000,143000,201977,-0.01038062283737029
2021-06-23,143500,156000,142500,153500,952071,0.07342657342657333
2021-06-24,153500,157500,150500,151500,442418,-0.013029315960912058
2021-06-25,154500,158500,153000,155000,435100,0.02310231023102305
2021-06-28,156000,159500,153500,154500,286316,-0.003225806451612856
2021-06-29,156000,159500,154500,158500,355785,0.025889967637540368
2021-06-30,158500,161000,157000,158500,311038,0.0
2021-07-01,158500,161000,153000,156000,423123,-0.01577287066246058
2021-07-02,156500,159000,153000,155000,230412,-0.0064102564102563875
2021-07-05,155000,157000,153500,154500,119731,-0.003225806451612856
2021-07-06,155500,157000,154000,154500,164588,0.0
2021-07-07,155000,163000,152000,160500,524957,0.03883495145631066
2021-07-08,160000,162000,154000,158000,458399,-0.015576323987538943
2021-07-09,156000,161500,152000,160000,373846,0.012658227848101333
2021-07-12,162000,162500,157000,159500,202630,-0.0031250000000000444
2021-07-13,161000,165500,158000,161000,367199,0.00940438871473348
2021-07-14,160000,164000,157500,159500,412902,-0.009316770186335366
2021-07-15,161000,169500,159500,167500,576523,0.050156739811912265
2021-07-16,168500,171500,164000,168000,329015,0.0029850746268655914
2021-07-19,165000,169500,164500,166500,224191,-0.008928571428571397
2021-07-20,164000,169000,156500,161500,461592,-0.03003003003003002
2021-07-21,162500,163000,156500,158000,310219,-0.021671826625387025
2021-07-22,160500,161500,155500,158000,280775,0.0
2021-07-23,157500,161500,157500,159500,195935,0.009493670886076
2021-07-26,159500,163000,157500,161000,249892,0.00940438871473348
2021-07-27,162000,165500,160000,164000,247565,0.01863354037267073
2021-07-28,162500,164500,157000,159500,260631,-0.027439024390243927
2021-07-29,159500,162000,158000,161500,169954,0.012539184952978122
2021-07-30,160500,163000,159500,161500,219441,0.0
2021-08-02,162500,164000,158000,160000,171897,-0.009287925696594423
2021-08-03,159000,162000,158500,159500,122404,-0.0031250000000000444
2021-08-04,161000,163000,158000,162000,275733,0.01567398119122254
2021-08-05,163500,168000,162000,163500,419495,0.0092592592592593
2021-08-06,165000,165500,160000,161000,210305,-0.015290519877675823
2021-08-09,161500,168500,160000,166500,470208,0.03416149068322971
2021-08-10,167000,167000,162000,163500,242431,-0.018018018018018056
2021-08-11,163500,164000,159500,160000,211870,-0.021406727828746197
2021-08-12,161000,166000,159500,164000,287794,0.02499999999999991
2021-08-13,165000,168000,161000,163500,307999,-0.0030487804878048808
2021-08-17,162000,163500,152000,153500,478133,-0.061162079510703404
2021-08-18,152500,160000,150000,160000,295007,0.04234527687296419
2021-08-19,157500,169000,155000,163500,652462,0.02187500000000009
2021-08-20,166000,178000,162000,172000,1090655,0.051987767584097844
2021-08-23,175000,175000,155500,157500,1318534,-0.08430232558139539
2021-08-24,159500,164000,147000,149500,1190615,-0.050793650793650835
2021-08-25,151500,153500,148000,152500,505443,0.02006688963210701
2021-08-26,156500,158000,151500,152500,544270,0.0
2021-08-27,151500,153500,150000,151000,236222,-0.00983606557377048
2021-08-30,151500,152000,139500,147500,1213175,-0.023178807947019875
2021-08-31,154000,160000,151000,159500,904084,0.08135593220338988
2021-09-01,159500,160000,155000,156000,295119,-0.021943573667711602
2021-09-02,150000,150500,143000,144500,1091165,-0.07371794871794868
2021-09-03,147000,150500,145000,150500,463182,0.04152249134948094
2021-09-06,149500,154000,148500,151000,256545,0.0033222591362125353
2021-09-07,153000,157500,151000,154500,398087,0.023178807947019875
2021-09-08,155000,157500,152500,157500,363601,0.01941747572815533
2021-09-09,163000,176000,159500,165000,1684968,0.04761904761904767
2021-09-10,165000,173500,163500,173500,720840,0.051515151515151514
2021-09-13,173500,184000,172500,175500,918454,0.011527377521613813
2021-09-14,178000,180000,170000,177500,509563,0.01139601139601143
2021-09-15,178500,180000,173500,176500,317053,-0.005633802816901401
2021-09-16,176500,179500,172000,174500,378732,-0.011331444759206777
2021-09-17,173000,177500,169500,175500,329971,0.005730659025787954
2021-09-23,172000,177500,172000,174500,309712,-0.005698005698005715
2021-09-24,177500,183000,166000,176000,997770,0.008595988538681931
2021-09-27,179000,194000,179000,191000,1166657,0.08522727272727271
2021-09-28,191500,196000,184500,192500,742259,0.007853403141361293
2021-09-29,188000,201000,186000,199000,822244,0.033766233766233666
2021-09-30,180000,184000,168500,169000,2952554,-0.1507537688442211
2021-10-01,168000,172500,164500,165000,772692,-0.023668639053254448
2021-10-05,162000,169000,161500,167000,525753,0.0121212121212122
2021-10-06,169000,171000,149500,153000,1217442,-0.08383233532934131
2021-10-07,154500,156000,147000,154500,703401,0.009803921568627416
2021-10-08,158000,162000,155500,157500,532336,0.01941747572815533
2021-10-12,152500,155500,149000,153000,465781,-0.02857142857142858
2021-10-13,152500,160000,152000,157500,405536,0.02941176470588225
2021-10-14,160000,161500,157000,157000,423842,-0.0031746031746031633
2021-10-15,159000,162000,157500,158500,264960,0.009554140127388644
2021-10-18,158500,167500,157500,164000,472057,0.034700315457413256
2021-10-19,167000,172000,165500,168000,425443,0.024390243902439046
2021-10-20,167500,167500,160500,166500,436585,-0.008928571428571397
2021-10-21,170500,175000,164000,169000,757052,0.01501501501501501
2021-10-22,170500,175500,169500,175500,479475,0.03846153846153855
2021-10-25,176000,176500,170000,175500,342081,0.0
2021-10-26,177500,178000,174000,176000,230551,0.002849002849002913
2021-10-27,174000,177000,168500,175000,580715,-0.005681818181818232
2021-10-28,176000,176000,171000,171500,258417,-0.020000000000000018
2021-10-29,175000,180000,172000,178000,623262,0.03790087463556846
2021-11-01,181500,182500,167500,168000,797197,-0.0561797752808989
2021-11-02,170000,171500,166500,170500,340741,0.014880952380952328
2021-11-03,172000,178500,172000,175500,412309,0.029325513196480912
2021-11-04,176500,177500,174000,175500,234645,0.0
2021-11-05,177000,177000,174000,174500,264815,-0.005698005698005715
2021-11-08,174500,176000,169000,172000,218366,-0.014326647564469885
2021-11-09,173000,179500,171000,179000,409614,0.04069767441860472
2021-11-10,177500,182000,173500,174500,326928,-0.025139664804469275
2021-11-11,172000,178500,171500,177500,261426,0.017191977077363862
2021-11-12,180000,180500,175000,176500,273213,-0.005633802816901401
2021-11-15,176500,177000,172000,173000,293820,-0.019830028328611915
2021-11-16,173000,175000,169000,170000,318389,-0.017341040462427793
2021-11-17,171000,173000,168500,169500,222482,-0.002941176470588225
2021-11-18,170000,183000,167000,181500,803063,0.07079646017699126
2021-11-19,187500,194500,182000,188000,927111,0.03581267217630857
2021-11-22,191000,195500,183000,189500,633702,0.007978723404255428
2021-11-23,186500,194000,186000,187500,291596,-0.01055408970976257
2021-11-24,186500,199000,186500,196000,514829,0.045333333333333226
2021-11-25,202000,208000,197000,199000,778705,0.015306122448979664
2021-11-26,197500,207500,197000,199500,444262,0.002512562814070307
2021-11-29,194000,202500,190500,199000,391666,-0.0025062656641604564
2021-11-30,203000,207500,193000,198000,613822,-0.005025125628140725
2021-12-01,200000,200500,184000,193000,597427,-0.025252525252525304
2021-12-02,189000,192500,182000,184500,535968,-0.04404145077720212
2021-12-03,186000,189000,183500,188500,248130,0.021680216802167918
2021-12-06,185500,187500,182000,185500,238454,-0.01591511936339518
2021-12-07,187000,189500,180000,181500,284635,-0.021563342318059342
2021-12-08,183000,188000,182500,184500,245027,0.016528925619834656
2021-12-09,186000,188500,184500,185500,219916,0.005420054200542035
2021-12-10,183500,185000,181500,181500,135540,-0.021563342318059342
2021-12-13,181000,183000,179000,179500,174946,-0.011019283746556474
2021-12-14,178500,181500,176500,181000,206006,0.008356545961002881
2021-12-15,180000,180500,174500,178500,227618,-0.013812154696132617
2021-12-16,180000,182000,177000,179000,160706,0.0028011204481792618
2021-12-17,174500,177500,174500,176000,150501,-0.016759776536312887
2021-12-20,174500,176500,171500,172500,153724,-0.019886363636363646
2021-12-21,172500,173500,165000,170500,239697,-0.011594202898550732
2021-12-22,172000,174000,166000,168500,224992,-0.011730205278592365
2021-12-23,171000,175000,170000,171000,265821,0.014836795252225476
2021-12-24,172000,173000,169500,170500,169987,-0.0029239766081871066
2021-12-27,170000,170500,167000,167000,150716,-0.02052785923753664
2021-12-28,167000,174500,166500,174500,290215,0.04491017964071853
2021-12-29,175000,179000,172500,173000,215853,-0.008595988538681931
2021-12-30,173000,175500,170500,174500,147928,0.00867052023121384
2022-01-03,174500,175000,168000,169500,209756,-0.028653295128939882
2022-01-04,172000,174500,169000,170000,187522,0.002949852507374562
2022-01-05,170500,170500,162500,163500,326600,-0.038235294117647034
2022-01-06,159500,166000,159500,160000,205646,-0.021406727828746197
2022-01-07,160500,163500,159000,162000,136714,0.012499999999999956
2022-01-10,161000,163000,158000,160000,158147,-0.012345679012345734
2022-01-11,159000,160000,154500,155500,218780,-0.028124999999999956
2022-01-12,158000,161000,158000,160500,215921,0.03215434083601276
2022-01-13,162000,165500,160500,162000,221780,0.009345794392523255
2022-01-14,159500,160000,157000,157000,171092,-0.030864197530864224
2022-01-17,157000,160500,155500,156000,146334,-0.006369426751592355
2022-01-18,156000,159000,154500,156000,139767,0.0
2022-01-19,153000,155500,150500,153000,227976,-0.019230769230769273
2022-01-20,153000,162500,152500,162000,196449,0.05882352941176472
2022-01-21,159500,161500,153500,155500,212281,-0.04012345679012341
2022-01-24,154000,155500,148000,149500,226342,-0.03858520900321538
2022-01-25,150000,150500,144000,146000,238861,-0.02341137123745818
2022-01-26,147000,152500,145500,147500,206389,0.010273972602739656
2022-01-27,149500,150500,140500,142000,254659,-0.037288135593220306
2022-01-28,141500,143000,135000,140000,340211,-0.014084507042253502
2022-02-03,143500,144000,140000,140500,151316,0.0035714285714285587
2022-02-04,138000,144000,137500,143500,137442,0.021352313167259718
2022-02-07,142500,142500,136500,138000,243650,-0.0383275261324042
2022-02-08,139000,144000,138000,141500,209771,0.0253623188405796
2022-02-09,143000,144000,140000,142000,145758,0.0035335689045936647
2022-02-10,142500,143000,137500,139000,190607,-0.021126760563380254
2022-02-11,136500,138500,134500,136500,163017,-0.017985611510791366
2022-02-14,133500,137000,133500,134000,178242,-0.01831501831501836
2022-02-15,134000,135500,129000,131000,262950,-0.02238805970149249
2022-02-16,133000,135000,132000,134000,127991,0.022900763358778553
2022-02-17,137000,139500,132000,134500,229780,0.003731343283582156
2022-02-18,131500,136500,131000,136000,101876,0.011152416356877248
2022-02-21,133000,135000,131500,134500,63591,-0.011029411764705843
2022-02-22,131000,133500,131000,132500,107616,-0.014869888475836479
2022-02-23,134000,136000,131000,132500,111945,0.0
2022-02-24,131000,137000,128500,128500,239363,-0.030188679245283012
2022-02-25,131000,137000,131000,135500,248722,0.054474708171206254
2022-02-28,134000,139000,133000,137500,165951,0.014760147601476037
2022-03-02,138000,141500,137000,139000,157180,0.01090909090909098
2022-03-03,142000,142000,139000,140500,143126,0.010791366906474753
2022-03-04,140000,140000,135500,136000,114444,-0.03202846975088969
2022-03-07,133000,134500,131000,132000,101177,-0.02941176470588236
2022-03-08,129000,132000,129000,129500,120698,-0.018939393939393923
2022-03-10,133000,135500,129000,130500,227545,0.007722007722007707
2022-03-11,131000,136000,130000,131000,173324,0.003831417624521105
2022-03-14,130500,131000,123000,126000,238834,-0.03816793893129766
2022-03-15,125500,128500,124500,125000,97544,-0.007936507936507908
2022-03-16,126500,129000,125000,129000,97978,0.03200000000000003
2022-03-17,132500,135500,132000,135000,148423,0.04651162790697683
2022-03-18,135500,137500,134000,135500,117429,0.0037037037037037646
2022-03-21,137000,144000,135500,141500,279576,0.04428044280442811
2022-03-22,142000,143500,140000,141000,99066,-0.0035335689045936647
2022-03-23,142500,143500,140000,142000,124526,0.007092198581560183
2022-03-24,140000,142500,138000,142500,101871,0.0035211267605634866
2022-03-25,142500,146500,142500,145000,158914,0.01754385964912286
2022-03-28,143000,145000,141000,144500,84823,-0.0034482758620689724
2022-03-29,146000,149000,145500,146500,120829,0.01384083044982698
2022-03-30,149000,149000,144500,146500,144925,0.0
2022-03-31,145500,154500,145500,154500,306192,0.05460750853242313
2022-04-01,152500,155500,151000,154500,198155,0.0
2022-04-04,154500,159500,153000,159000,294451,0.029126213592232997
2022-04-05,161000,162000,157500,160000,249095,0.0062893081761006275
2022-04-06,158000,161500,156500,158500,193313,-0.009375000000000022
2022-04-07,156500,160000,155500,159000,202724,0.003154574132492094
2022-04-08,160000,168000,159000,166500,430337,0.04716981132075482
2022-04-11,165000,166500,158500,159500,239009,-0.042042042042042094
2022-04-12,155000,159000,152500,157000,315569,-0.01567398119122254
2022-04-13,157500,158500,153000,156000,242800,-0.006369426751592355
2022-04-14,158000,161000,156000,158500,316876,0.01602564102564097
2022-04-15,156500,158000,155500,156500,107414,-0.012618296529968487
2022-04-18,155000,156000,148000,148500,313852,-0.051118210862619806
2022-04-19,149500,153500,149000,152500,140128,0.026936026936027035
2022-04-20,153000,153500,150000,152000,83025,-0.003278688524590123
2022-04-21,153500,161000,152500,156000,254207,0.026315789473684292
2022-04-22,153000,155000,152000,152500,95995,-0.022435897435897467
2022-04-25,149000,151000,145500,149000,144426,-0.022950819672131195
2022-04-26,150000,154000,148500,150500,115213,0.010067114093959662
2022-04-27,145500,152000,145000,150000,131951,-0.0033222591362126463
2022-04-28,151500,153500,149000,153500,124679,0.023333333333333428
2022-04-29,153000,154000,150500,151500,150808,-0.013029315960912058
2022-05-02,148500,153500,148500,153000,120043,0.00990099009900991
2022-05-03,153000,156500,152500,153500,104236,0.0032679738562091387
2022-05-04,153500,155000,153000,154000,74692,0.0032573289902280145
2022-05-06,151000,152500,149500,152000,76238,-0.012987012987012991
2022-05-09,150500,152000,146500,147000,108721,-0.03289473684210531
2022-05-10,143500,150000,141000,148000,237136,0.006802721088435382
2022-05-11,147500,149500,145000,148000,144832,0.0
2022-05-12,145000,145500,139000,140000,263681,-0.05405405405405406
2022-05-13,141500,144500,140500,143500,125829,0.02499999999999991
2022-05-16,145000,147000,141000,141500,101292,-0.013937282229965153
2022-05-17,140500,145000,140500,142500,140999,0.007067137809187329
2022-05-18,144000,149500,144000,148000,237566,0.03859649122807007
2022-05-19,144000,154500,143000,153000,331118,0.03378378378378377
2022-05-20,153000,158000,152000,156000,175461,0.019607843137254832
2022-05-23,156500,157000,152500,154500,120855,-0.009615384615384581
2022-05-24,153000,154000,148500,149000,145488,-0.035598705501618144
2022-05-25,150000,150500,145000,149000,160835,0.0
2022-05-26,149500,153500,148500,149500,102648,0.003355704697986628
2022-05-27,152000,156500,152000,154000,196467,0.030100334448160515
2022-05-30,155000,156000,153500,154000,125350,0.0
2022-05-31,154500,162000,154000,161000,353404,0.045454545454545414
2022-06-02,158500,162500,158500,159000,169803,-0.012422360248447228
2022-06-03,162500,166500,159500,165500,493901,0.04088050314465419
2022-06-07,165500,165500,152000,153500,429153,-0.07250755287009059
2022-06-08,155500,157500,153500,157500,164137,0.026058631921824116
2022-06-09,157000,161500,156000,160000,251205,0.015873015873015817
2022-06-10,158000,163000,157000,163000,217080,0.018750000000000044
2022-06-13,158000,159500,155000,155000,242567,-0.049079754601227044
2022-06-14,152000,161000,152000,159000,275915,0.02580645161290329
2022-06-15,157500,160000,151500,153500,183057,-0.03459119496855345
2022-06-16,158000,164500,157000,160500,306924,0.0456026058631922
2022-06-17,157500,167500,157000,166500,435704,0.03738317757009346
2022-06-20,167500,168500,162500,164500,244933,-0.012012012012011963
2022-06-21,165500,167500,158000,161000,289116,-0.021276595744680882
2022-06-22,162000,163000,155000,155000,250205,-0.037267080745341574
2022-06-23,154500,156500,145500,146000,366027,-0.058064516129032295
2022-06-24,147500,154000,145000,151500,277533,0.03767123287671237
2022-06-27,152500,155500,151000,153500,155898,0.013201320132013139
2022-06-28,153000,158000,152500,156500,120782,0.019543973941368087
2022-06-29,154000,155000,146500,147500,342847,-0.057507987220447254
2022-06-30,147000,148500,131000,133000,682743,-0.09830508474576272
2022-07-01,134000,135500,129000,130500,421228,-0.018796992481203034
2022-07-04,131000,132000,124500,128000,291434,-0.019157088122605415
2022-07-05,128000,132500,126500,131500,252812,0.02734375
2022-07-06,130500,134000,128000,128500,214968,-0.02281368821292773
2022-07-07,130500,134000,128000,131500,173512,0.023346303501945442
2022-07-08,133000,137000,132000,132000,177663,0.0038022813688212143
2022-07-11,132000,133000,129000,130000,128916,-0.015151515151515138
2022-07-12,128500,129000,124000,125000,238384,-0.038461538461538436
2022-07-13,124500,127000,122500,126000,185884,0.008000000000000007
2022-07-14,125500,129500,124000,128000,237941,0.015873015873015817
2022-07-15,128500,128500,123500,125000,191972,-0.0234375
2022-07-18,126500,127000,123000,127000,170211,0.016000000000000014
2022-07-19,126000,128500,124500,126000,114464,-0.007874015748031482
2022-07-20,129000,130000,127500,128500,143205,0.01984126984126977
2022-07-21,129000,130500,127000,130000,179632,0.011673151750972721
2022-07-22,131000,136000,131000,132000,268630,0.01538461538461533
2022-07-25,132000,133000,130500,132000,87778,0.0
2022-07-26,131500,134000,129500,132500,110880,0.0037878787878788955
2022-07-27,132500,133000,129500,131000,99697,-0.01132075471698113
2022-07-28,132500,137500,132000,135500,229210,0.03435114503816794
2022-07-29,137500,139000,135000,136000,117964,0.0036900369003689537
2022-08-01,137000,141500,135500,140500,143727,0.03308823529411775
2022-08-02,141000,141000,136000,137500,156833,-0.02135231316725983
2022-08-03,137500,140000,136500,139000,128218,0.01090909090909098
2022-08-04,141000,141500,137500,138000,121929,-0.007194244604316502
2022-08-05,138500,141500,138000,139000,114220,0.007246376811594235
2022-08-08,137500,141500,135500,139000,187732,0.0
2022-08-09,137500,138000,128500,131500,659234,-0.0539568345323741
2022-08-10,131000,134000,130500,131500,229697,0.0
2022-08-11,133500,135000,131000,133000,309345,0.011406844106463865
2022-08-12,132000,140000,132000,138000,356640,0.03759398496240607
2022-08-16,139500,139500,136500,137000,170996,-0.007246376811594235
2022-08-17,137000,138000,134000,134500,132822,-0.018248175182481785
2022-08-18,134000,134000,131000,132500,151981,-0.014869888475836479
2022-08-19,133500,133500,127500,128000,248511,-0.03396226415094339
2022-08-22,126000,130000,125000,128000,145342,0.0
2022-08-23,127500,128000,123000,124500,240404,-0.02734375
2022-08-24,126000,127000,124000,126500,123901,0.016064257028112428
2022-08-25,126500,130000,126000,127000,145122,0.0039525691699604515
2022-08-26,128000,128500,124500,125500,162457,-0.011811023622047223
2022-08-29,120000,122500,119500,121000,312168,-0.03585657370517925
2022-08-30,120500,122000,116000,118500,529711,-0.02066115702479343
2022-08-31,117000,121500,116500,121500,288226,0.025316455696202445
2022-09-01,119500,120000,113000,114000,406153,-0.06172839506172845
2022-09-02,115000,116500,112500,115000,186736,0.00877192982456143
2022-09-05,113500,115000,111000,112000,315716,-0.02608695652173909
2022-09-06,111500,114500,111500,112500,154254,0.0044642857142858094
2022-09-07,111500,112500,109000,111000,214137,-0.013333333333333308
2022-09-08,112000,113500,110500,111000,210660,0.0
2022-09-13,113000,117500,113000,115500,279102,0.04054054054054057
2022-09-14,111000,112500,109500,110000,326821,-0.04761904761904767
2022-09-15,111000,114000,110000,111000,230498,0.009090909090909038
2022-09-16,110000,112500,107000,108500,200759,-0.022522522522522515
2022-09-19,108500,109000,104500,106000,239440,-0.02304147465437789
2022-09-20,106500,107500,102500,105000,321699,-0.009433962264150941
2022-09-21,103500,104000,101500,103000,273041,-0.01904761904761909
2022-09-22,100500,101500,98700,101500,480377,-0.014563106796116498
2022-09-23,101500,101500,96600,97600,313094,-0.03842364532019704
2022-09-26,94500,96300,93600,93600,325519,-0.040983606557377095
2022-09-27,93000,94300,90900,92800,238187,-0.008547008547008517
2022-09-28,92000,92400,86500,88500,613461,-0.04633620689655171
2022-09-29,89500,90700,86000,86000,352591,-0.02824858757062143
2022-09-30,84700,87200,83400,83900,401487,-0.024418604651162745
2022-10-04,84400,87800,84400,87600,209299,0.0441001191895114
2022-10-05,89400,89400,85100,85200,197209,-0.0273972602739726
2022-10-06,86000,88300,86000,87800,163827,0.030516431924882736
2022-10-07,86700,93400,85800,92600,501121,0.0546697038724373
2022-10-11,92300,92400,83800,84000,644657,-0.09287257019438444
2022-10-12,85000,92800,84200,92600,536807,0.10238095238095246
2022-10-13,92200,95700,92000,92500,557411,-0.001079913606911398
2022-10-14,95000,102000,94600,99200,597232,0.07243243243243236
2022-10-17,97700,103500,96900,100500,378244,0.013104838709677491
2022-10-18,102000,103000,97600,99000,366439,-0.014925373134328401
2022-10-19,100500,104000,98900,100000,410446,0.010101010101010166
2022-10-20,99700,99700,95200,97500,361810,-0.025000000000000022
2022-10-21,96300,99200,96000,97600,206043,0.0010256410256410664
2022-10-24,99200,102000,98300,100500,326485,0.029713114754098324
2022-10-25,100500,100500,96700,97300,250715,-0.03184079601990053
2022-10-26,98500,101000,96000,96500,435380,-0.008221993833504637
2022-10-27,97500,103500,97500,103000,449950,0.06735751295336789
2022-10-28,103000,106500,101500,104000,342321,0.009708737864077666
2022-10-31,106000,106500,102500,103500,216129,-0.004807692307692291
2022-11-01,104000,107500,102500,104500,213285,0.009661835748792313
2022-11-02,104000,107000,102000,103500,220421,-0.009569377990430672
2022-11-03,101500,108500,101000,107000,300682,0.033816425120772875
2022-11-04,106500,109000,105500,107000,183441,0.0
2022-11-07,106000,106500,103500,105500,154470,-0.014018691588784993
2022-11-08,106000,107000,102000,106000,180915,0.004739336492890933
2022-11-09,106500,107000,105000,106500,150982,0.004716981132075526
2022-11-10,104500,109500,102500,106000,453604,-0.0046948356807511304
2022-11-11,110000,111500,107000,111000,462760,0.04716981132075482
2022-11-14,114000,117500,113000,114500,435080,0.03153153153153143
2022-11-15,114500,115500,113000,115500,193702,0.008733624454148492
2022-11-16,115500,115500,111500,112500,226225,-0.025974025974025983
2022-11-17,112000,113000,111000,112000,125935,-0.004444444444444473
2022-11-18,112000,113000,108000,108500,253905,-0.03125
2022-11-21,109000,109500,104500,106500,183283,-0.018433179723502335
2022-11-22,105500,106500,101500,102000,326613,-0.04225352112676062
2022-11-23,103000,107500,102000,105500,286994,0.03431372549019618
2022-11-24,106500,110500,106000,110000,149055,0.042654028436019065
2022-11-25,109500,112500,108500,110500,148031,0.00454545454545463
2022-11-28,110000,111500,108000,109000,114618,-0.013574660633484115
2022-11-29,109000,111500,107000,109500,130574,0.004587155963302836
2022-11-30,108500,113000,108000,112000,175407,0.022831050228310446
2022-12-01,113500,114500,111500,113500,162816,0.013392857142857206
2022-12-02,113500,113500,110000,111000,145125,-0.022026431718061623
2022-12-05,111000,112500,109500,112000,120813,0.009009009009008917
2022-12-06,110500,111500,106500,107000,204457,-0.044642857142857095
2022-12-07,106000,108000,106000,107000,160265,0.0
2022-12-08,107500,108000,103500,105500,218054,-0.014018691588784993
2022-12-09,105000,105500,97900,98100,477073,-0.07014218009478668
2022-12-12,98200,101000,97000,100500,260524,0.024464831804281273
2022-12-13,100500,101500,99300,101500,153078,0.00995024875621886
2022-12-14,101500,104500,100500,104000,106930,0.024630541871921263
2022-12-15,102500,104500,100000,102000,175249,-0.019230769230769273
2022-12-16,100000,102000,99700,101500,115883,-0.004901960784313708
2022-12-19,100500,101500,99200,99900,176036,-0.015763546798029604
2022-12-20,100000,100500,95900,96300,217186,-0.036036036036036
2022-12-21,97200,97600,93500,93700,192063,-0.02699896157840087
2022-12-22,94200,97000,93800,96400,136961,0.028815368196371427
2022-12-23,94900,95900,92200,92400,146808,-0.04149377593360992
2022-12-26,92400,93200,91400,92800,119402,0.0043290043290042934
2022-12-27,93700,94300,92300,92900,109614,0.0010775862068965747
2022-12-28,91500,91600,88800,89400,181192,-0.03767491926803013
2022-12-29,88500,90200,87800,88500,116511,-0.010067114093959773
2023-01-02,89800,91200,87400,88100,100660,-0.004519774011299438
2023-01-03,88100,88400,85900,87900,257299,-0.002270147559591429
2023-01-04,86300,88400,84800,88100,188074,0.0022753128555177415
2023-01-05,88900,89800,87100,88000,184038,-0.0011350737797957144
2023-01-06,88000,91900,87000,91100,139455,0.03522727272727266
2023-01-09,91800,94300,90600,94100,129592,0.03293084522502743
2023-01-10,93600,94800,92300,92700,142643,-0.014877789585547307
2023-01-11,93000,94900,92800,93500,147115,0.008629989212513456
2023-01-12,94300,94300,91800,93000,246842,-0.005347593582887722
2023-01-13,93900,95400,93200,93800,172413,0.008602150537634357
2023-01-16,94100,95400,93000,94700,109709,0.009594882729211163
2023-01-17,95200,95300,93900,94200,87722,-0.0052798310454065245
2023-01-18,95300,95300,92700,94500,80886,0.0031847133757962887
2023-01-19,93100,93600,92200,92300,98417,-0.023280423280423235
2023-01-20,92000,93300,91800,93100,81766,0.008667388949079147
2023-01-25,93500,95500,93300,95500,117002,0.025778732545649774
2023-01-26,95600,98900,94100,98400,196473,0.030366492146596924
2023-01-27,99200,99300,96800,97900,210326,-0.005081300813008172
2023-01-30,97800,98200,95000,95100,221133,-0.02860061287027582
2023-01-31,94800,96900,93500,95200,190207,0.001051524710830698
2023-02-01,95300,97500,95300,97400,152090,0.02310924369747891
2023-02-02,98800,100400,98100,98700,190765,0.013347022587268942
2023-02-03,99000,99400,97200,98200,116128,-0.005065856129685908
2023-02-06,97200,99200,96100,96200,146110,-0.020366598778004064
2023-02-07,95100,101200,93400,100100,410816,0.04054054054054057
2023-02-08,100800,101000,95700,95800,428511,-0.042957042957042946
2023-02-09,95800,97000,94800,96100,212405,0.0031315240083507057
2023-02-10,95600,95700,92000,93100,299799,-0.031217481789802326
2023-02-13,92700,93300,90900,91800,189457,-0.013963480128893702
2023-02-14,92300,93200,91600,92600,154766,0.008714596949890963
2023-02-15,92800,93500,89400,89700,295097,-0.03131749460043198
2023-02-16,90200,92200,90000,92000,258709,0.02564102564102555
2023-02-17,90600,91100,89300,90900,268808,-0.011956521739130421
2023-02-20,94300,99700,93500,97300,844650,0.07040704070407044
2023-02-21,96600,102300,95500,100700,552430,0.0349434737923946
2023-02-22,97800,98000,94300,94400,556966,-0.06256206554121146
2023-02-23,94700,95400,92800,94100,210258,-0.0031779661016949623
2023-02-24,94900,94900,92200,93200,227020,-0.009564293304994642
2023-02-27,92100,92800,90200,91500,176528,-0.018240343347639465
2023-02-28,92000,100000,92000,98000,596975,0.0710382513661203
2023-03-02,98000,104400,96500,103000,611718,0.05102040816326525
2023-03-03,104200,112700,104200,112300,843665,0.09029126213592242
2023-03-06,114100,114900,109200,110300,613865,-0.0178094390026714
2023-03-07,110300,116400,106100,114900,896781,0.04170444242973703
2023-03-08,112400,113500,108200,108600,508762,-0.05483028720626637
2023-03-09,109500,109900,104500,104800,389528,-0.03499079189686927
2023-03-10,102100,105800,101900,103500,259019,-0.012404580152671763
2023-03-13,103500,107500,102100,107400,285056,0.037681159420289934
2023-03-14,105500,105500,101200,103400,315114,-0.03724394785847296
2023-03-15,105400,107400,102100,103000,253760,-0.003868471953578312
2023-03-16,101500,103100,100000,101100,235831,-0.01844660194174752
2023-03-17,103200,104000,99000,99800,296532,-0.01285855588526208
2023-03-20,100000,102500,98200,100100,166001,0.0030060120240480437
2023-03-21,100600,103100,99000,102500,203194,0.023976023976024052
2023-03-22,103900,109000,102300,108100,427861,0.05463414634146346
2023-03-23,106800,108300,104000,105800,421800,-0.021276595744680882
