Date,Open,High,Low,Close,Volume,Change
2015-01-02,23750,23800,22900,23100,508406,-0.03144654088050314
2015-01-05,23150,23150,21950,22150,919879,-0.04112554112554112
2015-01-06,21800,21950,21350,21450,876308,-0.03160270880361171
2015-01-07,21400,21750,21250,21400,588158,-0.002331002331002363
2015-01-08,21550,21750,21250,21300,501716,-0.004672897196261627
2015-01-09,21550,23900,21400,22700,1559577,0.06572769953051649
2015-01-12,22900,23650,22650,22800,514764,0.004405286343612369
2015-01-13,23150,23650,22850,23150,668574,0.015350877192982448
2015-01-14,23250,23400,22250,22350,496838,-0.03455723542116629
2015-01-15,22250,22850,22100,22550,410770,0.008948545861297452
2015-01-16,22300,22500,21400,21550,466267,-0.04434589800443456
2015-01-19,21850,23000,21750,22850,696691,0.06032482598607891
2015-01-20,23300,23700,22450,22450,640260,-0.017505470459518557
2015-01-21,22650,22650,21650,21750,502292,-0.031180400890868598
2015-01-22,22000,22500,21900,22250,419826,0.02298850574712641
2015-01-23,22550,22700,21900,22000,392083,-0.011235955056179803
2015-01-26,21950,22050,21400,21550,389681,-0.020454545454545503
2015-01-27,21650,22150,21450,22000,395356,0.02088167053364276
2015-01-28,21950,23900,21850,23850,1397599,0.084090909090909
2015-01-29,23250,23650,22750,22950,1053330,-0.037735849056603765
2015-01-30,23250,23300,22200,22950,666169,0.0
2015-02-02,22800,23550,22650,23450,688535,0.02178649237472774
2015-02-03,23750,25100,23400,23950,1626840,0.021321961620469176
2015-02-04,24150,24400,23850,23850,654940,-0.0041753653444676075
2015-02-05,24000,24100,23150,23300,478495,-0.023060796645702264
2015-02-06,23300,23800,23050,23500,459359,0.008583690987124415
2015-02-09,23500,24050,23450,23550,407106,0.0021276595744681437
2015-02-10,23500,23700,22550,22750,623368,-0.03397027600849256
2015-02-11,22850,23850,22600,23850,507474,0.0483516483516484
2015-02-12,23900,24550,23750,24050,570286,0.008385744234800763
2015-02-13,24400,24450,23850,24300,443712,0.01039501039501034
2015-02-16,24350,24700,24100,24550,345981,0.010288065843621297
2015-02-17,24550,25800,24400,25500,974254,0.0386965376782078
2015-02-23,25800,25900,25150,25850,556230,0.013725490196078383
2015-02-24,25900,26000,25500,25900,374709,0.0019342359767891004
2015-02-25,25950,26500,25800,26200,510128,0.01158301158301156
2015-02-26,26250,26250,25350,25650,624814,-0.020992366412213692
2015-02-27,25550,25600,24900,24900,515271,-0.0292397660818714
2015-03-02,25000,26000,24750,25800,536570,0.03614457831325302
2015-03-03,25650,26100,25150,25800,425227,0.0
2015-03-04,25900,26500,25750,26150,471232,0.013565891472868241
2015-03-05,26400,26400,25850,25900,261265,-0.009560229445506718
2015-03-06,26000,26650,25200,25400,646164,-0.019305019305019266
2015-03-09,25000,25400,24750,25000,370892,-0.015748031496062964
2015-03-10,25400,25600,24750,24800,307035,-0.008000000000000007
2015-03-11,24500,25200,24450,24600,316917,-0.008064516129032251
2015-03-12,24700,24850,23850,23850,583405,-0.030487804878048808
2015-03-13,24000,24250,23600,23850,469715,0.0
2015-03-16,23800,23800,22800,23000,599422,-0.03563941299790352
2015-03-17,23150,23450,23050,23200,666034,0.008695652173912993
2015-03-18,23450,23700,23200,23200,328229,0.0
2015-03-19,23500,23550,22750,22850,672763,-0.015086206896551713
2015-03-20,22850,23150,22550,23000,527817,0.006564551422319376
2015-03-23,23250,24250,22950,24150,721047,0.050000000000000044
2015-03-24,24100,24150,23700,23900,329139,-0.010351966873705987
2015-03-25,24100,24750,24000,24450,605275,0.023012552301255207
2015-03-26,24250,24750,24000,24200,385377,-0.010224948875255602
2015-03-27,24250,24300,23700,23850,350552,-0.01446280991735538
2015-03-30,23650,23950,23450,23550,389675,-0.012578616352201255
2015-03-31,23500,24150,23500,23700,390564,0.006369426751592355
2015-04-01,23700,23800,22850,23000,497035,-0.029535864978902926
2015-04-02,23000,23250,22800,23200,300662,0.008695652173912993
2015-04-03,23100,24650,23000,24400,708813,0.051724137931034475
2015-04-06,24400,25200,24100,24300,733825,-0.004098360655737654
2015-04-07,24650,25400,24500,24900,628366,0.024691358024691468
2015-04-08,25000,25250,24500,25150,533320,0.010040160642570184
2015-04-09,25300,25350,24800,24900,382997,-0.00994035785288272
2015-04-10,24950,25300,24600,25150,545334,0.010040160642570184
2015-04-13,25450,27400,25100,27300,1737270,0.08548707753479134
2015-04-14,27350,29150,27300,28150,2250948,0.031135531135531025
2015-04-15,28350,28450,27600,28300,830927,0.005328596802841812
2015-04-16,28550,28550,27700,27800,542032,-0.017667844522968212
2015-04-17,27600,27800,26650,27450,765118,-0.01258992805755399
2015-04-20,26950,27650,26650,27350,560984,-0.0036429872495445936
2015-04-21,27700,28750,27500,28050,848016,0.025594149908592323
2015-04-22,28200,28350,26500,27100,885913,-0.033868092691622054
2015-04-23,27200,27500,26700,27300,532667,0.007380073800737907
2015-04-24,27050,27350,26350,26400,550870,-0.03296703296703296
2015-04-27,26400,27000,26100,26650,386001,0.009469696969697017
2015-04-28,26950,27200,26200,26350,402166,-0.011257035647279534
2015-04-29,27800,28950,27250,28750,2099445,0.09108159392789372
2015-04-30,28400,28700,27650,27700,717483,-0.03652173913043477
2015-05-04,28200,29300,27850,28900,1008740,0.04332129963898912
2015-05-06,28900,30250,28300,29300,1393672,0.01384083044982698
2015-05-07,29200,29250,27900,28100,854698,-0.04095563139931746
2015-05-08,28250,29000,27700,27700,654385,-0.014234875444839812
2015-05-11,28050,28350,27000,27000,759830,-0.02527075812274371
2015-05-12,27050,27250,26300,26650,710174,-0.012962962962962954
2015-05-13,26500,27100,26500,26600,414033,-0.0018761726078799779
2015-05-14,26600,27100,26600,26700,404599,0.003759398496240518
2015-05-15,26850,26950,25800,26000,683233,-0.02621722846441943
2015-05-18,26150,26400,25800,26000,422029,0.0
2015-05-19,26400,26850,26000,26100,459828,0.0038461538461538325
2015-05-20,26150,26650,25950,26100,404525,0.0
2015-05-21,26250,26250,25100,25100,774869,-0.03831417624521072
2015-05-22,25300,26100,25250,25800,415735,0.027888446215139417
2015-05-26,26100,26100,25550,25650,297852,-0.005813953488372103
2015-05-27,25550,26050,25000,25950,447527,0.011695906432748648
2015-05-28,26050,26200,25400,25650,533992,-0.011560693641618491
2015-05-29,25350,26900,25300,26850,770785,0.04678362573099415
2015-06-01,26850,29050,26600,28450,1761897,0.059590316573556734
2015-06-02,28550,31000,28050,29650,2566257,0.04217926186291732
2015-06-03,30000,31350,29700,30650,1705697,0.033726812816188945
2015-06-04,30950,31600,30100,30150,865152,-0.01631321370309946
2015-06-05,30000,31500,29800,30600,748832,0.014925373134328401
2015-06-08,30600,32900,30350,32800,1152023,0.07189542483660127
2015-06-09,33050,33400,31600,32000,1066006,-0.024390243902439046
2015-06-10,32250,33500,31600,33500,817178,0.046875
2015-06-11,33600,34900,33250,33800,1407468,0.008955223880596996
2015-06-12,34100,34700,33300,34150,662046,0.010355029585798814
2015-06-15,34200,34850,33850,34250,553071,0.002928257686676483
2015-06-16,34050,34250,29600,29600,2620330,-0.1357664233576642
2015-06-17,30500,32700,30200,31200,1911721,0.054054054054053946
2015-06-18,32300,33500,32000,32500,971389,0.04166666666666674
2015-06-19,32800,33100,31000,31950,529646,-0.01692307692307693
2015-06-22,31850,31850,30900,31300,352426,-0.020344287949921713
2015-06-23,31600,32700,30900,32700,526688,0.04472843450479225
2015-06-24,32700,33400,31000,31150,782265,-0.04740061162079512
2015-06-25,30950,30950,29650,30050,939213,-0.035313001605136396
2015-06-26,30000,30700,29300,30550,664279,0.016638935108153063
2015-06-29,30000,30350,29100,29250,595272,-0.04255319148936165
2015-06-30,29150,30150,29000,29300,612734,0.0017094017094017033
2015-07-01,29750,36600,29650,35300,2771218,0.20477815699658697
2015-07-02,35600,37200,34150,35700,1936099,0.011331444759206777
2015-07-03,36550,36800,35550,36100,970455,0.011204481792717047
2015-07-06,35550,41850,35400,39000,2633028,0.08033240997229907
2015-07-07,40250,40800,37750,38600,1245285,-0.01025641025641022
2015-07-08,38900,40850,37850,38000,1037754,-0.015544041450777257
2015-07-09,37500,37850,35900,37850,843590,-0.003947368421052588
2015-07-10,38800,39750,38050,38450,877998,0.01585204755614278
2015-07-13,39000,39350,37700,38550,467003,0.002600780234070177
2015-07-14,38600,40550,38250,40150,1091787,0.04150453955901434
2015-07-15,40350,40700,39100,39650,527911,-0.012453300124533051
2015-07-16,39400,40300,38700,39300,458424,-0.008827238335435084
2015-07-17,39650,40250,39050,39100,383840,-0.0050890585241730735
2015-07-20,38800,39050,37350,37500,559782,-0.04092071611253201
2015-07-21,37800,40300,37600,39500,677994,0.05333333333333323
2015-07-22,39750,40250,39400,39400,426795,-0.0025316455696202667
2015-07-23,39500,39700,37450,37500,551610,-0.048223350253807085
2015-07-24,37200,37300,34450,35150,1055142,-0.06266666666666665
2015-07-27,34350,35150,33800,34550,496294,-0.017069701280227556
2015-07-28,34500,36200,34150,35400,586249,0.02460202604920414
2015-07-29,35700,36950,35100,35700,526970,0.008474576271186418
2015-07-30,35700,38900,35350,38700,1048666,0.08403361344537807
2015-07-31,38900,39900,37800,38100,721356,-0.015503875968992276
2015-08-03,38750,40450,38500,39700,929993,0.04199475065616798
2015-08-04,39550,40350,39050,39400,544924,-0.007556675062972307
2015-08-05,37800,40000,37000,39600,827437,0.0050761421319796
2015-08-06,39950,40300,38500,39150,406082,-0.011363636363636354
2015-08-07,38650,39400,38050,38600,343074,-0.01404853128991057
2015-08-10,38250,38500,36000,36300,624560,-0.059585492227979264
2015-08-11,36900,37850,36250,36500,457588,0.005509641873278293
2015-08-12,36500,36800,33100,34200,958090,-0.06301369863013695
2015-08-13,34000,35350,33550,34900,489522,0.020467836257309857
2015-08-17,34850,35650,33800,34300,358875,-0.017191977077363862
2015-08-18,34250,34500,31700,31800,693814,-0.07288629737609331
2015-08-19,31100,32350,30650,32000,510945,0.0062893081761006275
2015-08-20,31400,31900,30700,30800,369871,-0.03749999999999998
2015-08-21,30200,32000,28700,29900,1185442,-0.02922077922077926
2015-08-24,29200,30450,29200,30250,619167,0.0117056856187292
2015-08-25,30550,30600,29350,30000,554656,-0.008264462809917328
2015-08-26,30000,31600,29550,31100,689405,0.036666666666666625
2015-08-27,31600,31800,30550,30750,552675,-0.0112540192926045
2015-08-28,31000,32150,30900,32000,641012,0.04065040650406515
2015-08-31,31700,31900,31000,31300,421852,-0.021874999999999978
2015-09-01,31200,31900,31100,31100,323302,-0.006389776357827448
2015-09-02,30300,30950,30150,30650,327550,-0.014469453376205754
2015-09-03,30900,31350,30650,30700,260899,0.0016313213703098572
2015-09-04,30750,32400,30700,31500,694966,0.026058631921824116
2015-09-07,31500,32150,31200,31350,310556,-0.004761904761904745
2015-09-08,31600,31700,30950,31400,219273,0.0015948963317384823
2015-09-09,32000,32650,31700,32600,351326,0.03821656050955413
2015-09-10,32200,33800,32050,33650,448243,0.03220858895705514
2015-09-11,33650,34150,33350,33850,281132,0.005943536404160454
2015-09-14,34000,34150,32550,32700,257648,-0.033973412112260015
2015-09-15,32950,34400,32850,33900,343521,0.03669724770642202
2015-09-16,34300,34650,33700,33950,334554,0.001474926253687281
2015-09-17,34350,36700,34200,35900,813689,0.05743740795287189
2015-09-18,35950,36800,35550,35850,409339,-0.0013927576601671099
2015-09-21,35550,35650,34450,35350,331797,-0.013947001394700176
2015-09-22,35550,36600,35550,36400,426414,0.02970297029702973
2015-09-23,35800,36150,34700,34700,295876,-0.04670329670329665
2015-09-24,35000,35150,33100,33600,559935,-0.03170028818443804
2015-09-25,33300,34050,31550,32050,912250,-0.04613095238095233
2015-09-30,31300,31700,30850,30900,518092,-0.03588143525741028
2015-10-01,31200,31850,31050,31350,555458,0.014563106796116498
2015-10-02,31500,32300,31450,31450,486616,0.0031897926634769647
2015-10-05,31700,31950,30900,31150,397126,-0.009538950715421324
2015-10-06,31350,31950,31050,31550,283307,0.01284109149277679
2015-10-07,31150,31550,30450,30650,416766,-0.02852614896988903
2015-10-08,30900,31500,30550,31500,255420,0.027732463295269127
2015-10-12,31300,32200,31300,31900,292769,0.012698412698412653
2015-10-13,31800,32100,31100,31250,239199,-0.020376175548589393
2015-10-14,31700,32000,31150,31250,215734,0.0
2015-10-15,31250,32150,31250,32100,218170,0.02719999999999989
2015-10-16,32200,32250,31400,31400,278215,-0.02180685358255452
2015-10-19,31400,32150,31350,31750,161734,0.011146496815286566
2015-10-20,31800,32050,31150,31350,203216,-0.012598425196850394
2015-10-21,31200,31200,30150,30450,584562,-0.028708133971291905
2015-10-22,30350,30650,29900,30100,252127,-0.011494252873563204
2015-10-23,30450,31200,30300,31150,252368,0.03488372093023262
2015-10-26,31550,31600,30650,31350,212966,0.006420545746388395
2015-10-27,31200,34950,30700,34650,1557714,0.10526315789473695
2015-10-28,34650,36200,34600,35550,999292,0.025974025974025983
2015-10-29,35600,36500,35500,36250,815181,0.019690576652601877
2015-10-30,35950,38000,35950,37300,1048189,0.028965517241379413
2015-11-02,37300,38500,37150,38350,728516,0.02815013404825728
2015-11-03,38450,39000,37500,37900,650264,-0.011734028683181186
2015-11-04,38250,39000,37600,38100,499381,0.005277044854881341
2015-11-05,38300,38400,36650,36750,549516,-0.03543307086614178
2015-11-06,36550,37300,36450,37150,278520,0.010884353741496655
2015-11-09,36800,37000,35850,36150,297837,-0.026917900403768513
2015-11-10,35700,36750,35350,35500,373040,-0.017980636237897696
2015-11-11,35600,36400,35250,35500,236369,0.0
2015-11-12,35250,35600,34500,34800,360729,-0.019718309859154903
2015-11-13,34450,35300,34100,35000,242693,0.005747126436781658
2015-11-16,34800,35700,34200,34250,248979,-0.021428571428571463
2015-11-17,34650,36600,34650,36300,471963,0.05985401459854023
2015-11-18,36400,36600,35450,36000,309472,-0.008264462809917328
2015-11-19,36400,37150,35750,36200,354195,0.005555555555555536
2015-11-20,36350,36800,35950,36400,294923,0.005524861878453136
2015-11-23,36600,36950,35950,36250,234413,-0.004120879120879106
2015-11-24,36250,36350,34850,35000,356160,-0.03448275862068961
2015-11-25,34600,35350,33750,35150,568739,0.004285714285714226
2015-11-26,35000,36800,35000,36750,306967,0.045519203413940224
2015-11-27,36750,37400,35600,36050,304279,-0.01904761904761909
2015-11-30,36000,36400,35500,36050,253587,0.0
2015-12-01,36050,37400,36050,36250,404647,0.00554785020804438
2015-12-02,36500,37000,36100,36100,258448,-0.004137931034482789
2015-12-03,36200,36650,35450,35700,211963,-0.011080332409972304
2015-12-04,35100,35600,35000,35200,104340,-0.014005602240896309
2015-12-07,35650,36100,35300,35450,133306,0.007102272727272707
2015-12-08,35250,35500,34450,34600,168780,-0.023977433004231274
2015-12-09,34300,36000,33350,35750,380807,0.03323699421965309
2015-12-10,35650,36300,34600,34800,243668,-0.02657342657342654
2015-12-11,34600,34800,33900,34000,215628,-0.02298850574712641
2015-12-14,33200,33850,33200,33750,167192,-0.007352941176470562
2015-12-15,33900,34150,33200,33700,141460,-0.001481481481481528
2015-12-16,33900,34750,33900,34250,155799,0.016320474777448135
2015-12-17,34550,34550,33350,33450,278596,-0.023357664233576658
2015-12-18,33500,35150,33500,35000,312190,0.046337817638266054
2015-12-21,34400,36800,34200,35700,389829,0.020000000000000018
2015-12-22,36350,36550,35050,36000,388619,0.008403361344537785
2015-12-23,36000,36300,35300,35800,262881,-0.005555555555555536
2015-12-24,36050,36400,35550,35550,231407,-0.006983240223463638
2015-12-28,35750,35950,34900,35150,160738,-0.011251758087201136
2015-12-29,35250,35900,34550,35400,212189,0.007112375533428139
2015-12-30,35850,36200,35450,35550,188166,0.004237288135593209
2016-01-04,35550,35900,35150,35250,227803,-0.008438818565400852
2016-01-05,34850,35500,34700,35050,226217,-0.005673758865248235
2016-01-06,36400,37200,33450,33800,1192279,-0.03566333808844513
2016-01-07,33800,34300,32350,32950,526932,-0.025147928994082802
2016-01-08,32500,33850,31950,33200,379355,0.007587253414264028
2016-01-11,32650,33700,32350,32950,192171,-0.0075301204819276935
2016-01-12,33050,33350,32200,32450,166744,-0.015174506828528056
2016-01-13,32700,33850,32550,33650,176911,0.036979969183358996
2016-01-14,32950,33800,32200,33500,289502,-0.004457652303120341
2016-01-15,33950,34000,32600,32750,223822,-0.02238805970149249
2016-01-18,32400,33050,32300,32650,143658,-0.003053435114503844
2016-01-19,32750,32850,31750,31800,220646,-0.026033690658499253
2016-01-20,32000,32150,30600,31000,228439,-0.02515723270440251
2016-01-21,31000,31650,30450,31200,198267,0.006451612903225712
2016-01-22,31450,32150,31200,31500,171459,0.009615384615384581
2016-01-25,32000,33100,31600,32650,171525,0.0365079365079366
2016-01-26,32400,33100,32200,32350,155217,-0.009188361408882129
2016-01-27,32900,33000,32650,33000,137088,0.020092735703245657
2016-01-28,32800,33250,32400,33000,135299,0.0
2016-01-29,33400,33400,32250,32300,157274,-0.021212121212121238
2016-02-01,32450,33900,32450,33850,247432,0.04798761609907132
2016-02-02,33800,33900,33200,33500,128532,-0.010339734121122546
2016-02-03,33350,33400,32250,32650,178437,-0.025373134328358193
2016-02-04,33000,33250,32400,32850,140202,0.006125574272588086
2016-02-05,32850,33750,32850,33600,175626,0.022831050228310446
2016-02-11,33000,33500,32100,32100,223793,-0.044642857142857095
2016-02-12,31800,32600,31000,32200,288401,0.0031152647975076775
2016-02-15,32300,33450,32250,33200,250641,0.03105590062111796
2016-02-16,33300,33700,33150,33300,159663,0.003012048192771122
2016-02-17,33550,34250,33100,33850,295087,0.016516516516516422
2016-02-18,34150,34450,33650,34000,195721,0.004431314623338345
2016-02-19,33650,34150,33600,33950,214773,-0.0014705882352941124
2016-02-22,34800,37800,34750,36900,1079368,0.08689248895434454
2016-02-23,37550,37700,36800,37300,540443,0.01084010840108407
2016-02-24,37100,38350,37100,38050,560342,0.020107238605898026
2016-02-25,38150,38300,37450,38000,347210,-0.0013140604467805073
2016-02-26,38200,39250,38000,39150,494845,0.03026315789473677
2016-02-29,39150,39400,38900,39200,362632,0.0012771392081736277
2016-03-02,39300,40000,39300,39900,383847,0.017857142857142794
2016-03-03,39900,39950,38400,38950,509285,-0.023809523809523836
2016-03-04,38950,39800,38900,39700,316271,0.019255455712451797
2016-03-07,39650,39850,38700,39250,305326,-0.01133501259445846
2016-03-08,39000,39150,38000,39050,291814,-0.005095541401273884
2016-03-09,38800,39200,38200,38300,208658,-0.01920614596670933
2016-03-10,38750,41000,38550,40650,953341,0.06135770234986948
2016-03-11,40650,40850,39550,40000,364293,-0.01599015990159902
2016-03-14,40200,40200,38850,39300,250897,-0.01749999999999996
2016-03-15,39250,39550,38800,39300,182914,0.0
2016-03-16,39300,39350,38100,38200,283933,-0.027989821882951627
2016-03-17,38300,39300,38150,38450,354266,0.00654450261780104
2016-03-18,38600,38950,37700,37750,309197,-0.01820546163849157
2016-03-21,38000,38000,37000,37000,285148,-0.019867549668874163
2016-03-22,37350,37900,36900,36950,348501,-0.0013513513513513375
2016-03-23,37300,37350,36350,36750,407957,-0.005412719891745632
2016-03-24,36500,37000,36450,36550,194081,-0.0054421768707483276
2016-03-25,36950,37250,36400,36550,214371,0.0
2016-03-28,36700,37100,36100,36900,271643,0.009575923392612928
2016-03-29,36750,37650,36650,36900,274969,0.0
2016-03-30,38100,38750,37000,37400,650513,0.013550135501354976
2016-03-31,37900,40600,37400,40350,977846,0.07887700534759357
2016-04-01,40350,40900,39100,39950,640804,-0.009913258983890949
2016-04-04,40000,40800,39450,40000,408697,0.0012515644555695093
2016-04-05,40500,41500,39800,40200,508387,0.004999999999999893
2016-04-06,40050,40250,39200,39350,256315,-0.021144278606965217
2016-04-07,39250,39750,38700,39550,217386,0.0050825921219821435
2016-04-08,39250,39550,38600,39150,224845,-0.010113780025284402
2016-04-11,39200,39250,38200,38350,188575,-0.020434227330779042
2016-04-12,38200,40100,38150,40100,336927,0.04563233376792697
2016-04-14,39900,41200,39900,41000,486861,0.02244389027431426
2016-04-15,41050,42400,41050,41800,596003,0.019512195121951237
2016-04-18,41900,42050,41000,41350,300980,-0.010765550239234423
2016-04-19,41500,41700,40900,41450,191954,0.002418379685610539
2016-04-20,41550,43400,41400,42200,519337,0.018094089264173663
2016-04-21,43450,44900,42200,42700,1040696,0.011848341232227444
2016-04-22,42700,42700,41700,42050,375635,-0.015222482435597207
2016-04-25,42000,42600,41600,42000,205365,-0.0011890606420927874
2016-04-26,41900,43450,41850,43200,356787,0.02857142857142847
2016-04-27,43250,43250,42300,42500,203637,-0.01620370370370372
2016-04-28,42250,42450,41100,41750,332409,-0.01764705882352946
2016-04-29,41500,41900,41000,41700,182784,-0.0011976047904191933
2016-05-02,42000,43800,41350,43500,499021,0.043165467625899234
2016-05-03,44000,45000,43100,44800,616151,0.029885057471264354
2016-05-04,44500,45150,44350,44600,380416,-0.004464285714285698
2016-05-09,44600,46450,44350,46450,588373,0.041479820627802644
2016-05-10,46600,46600,44950,45100,436676,-0.0290635091496233
2016-05-11,45200,45700,44300,45650,342524,0.012195121951219523
2016-05-12,45400,46100,45000,45600,262485,-0.0010952902519167917
2016-05-13,45500,47350,45500,47200,461135,0.03508771929824572
2016-05-16,47200,47750,46050,46400,278851,-0.016949152542372836
2016-05-17,46400,46900,45350,46600,310762,0.004310344827586299
2016-05-18,46500,46550,45700,46300,210130,-0.006437768240343367
2016-05-19,46400,47100,43950,44600,493486,-0.036717062634989195
2016-05-20,44200,45500,44000,45500,286515,0.020179372197309364
2016-05-23,45500,45800,43600,44500,386808,-0.02197802197802201
2016-05-24,43850,44900,43500,44700,288838,0.004494382022471877
2016-05-25,44750,45400,44400,44700,251922,0.0
2016-05-26,44700,47450,44700,47000,605603,0.05145413870246096
2016-05-27,47100,47300,45750,45850,262114,-0.024468085106382986
2016-05-30,45750,45750,44000,44550,359863,-0.028353326063249695
2016-05-31,44550,44950,43750,44500,346677,-0.001122334455667784
2016-06-01,44550,45900,43850,44550,441526,0.0011235955056179137
2016-06-02,44550,44700,43950,44100,233524,-0.010101010101010055
2016-06-03,44300,46700,44300,46450,459488,0.05328798185941053
2016-06-07,46250,46950,45450,46050,352573,-0.008611410118406937
2016-06-08,46050,48500,46050,47700,618898,0.03583061889250816
2016-06-09,47850,48350,46750,47350,364375,-0.007337526205450695
2016-06-10,47000,47900,46750,47550,227913,0.004223864836325308
2016-06-13,47250,48950,47250,48700,478952,0.024185068349106276
2016-06-14,48150,48700,47400,47650,370588,-0.021560574948665256
2016-06-15,47600,48200,46950,47000,270331,-0.01364113326337879
2016-06-16,47400,48500,47300,47700,383331,0.014893617021276562
2016-06-17,48000,48250,46450,47400,420370,-0.0062893081761006275
2016-06-20,47600,48300,47050,47900,146319,0.010548523206751037
2016-06-21,48850,48900,47600,47750,270350,-0.0031315240083507057
2016-06-22,48000,48600,47700,47950,153193,0.004188481675392763
2016-06-23,47800,48350,47100,47550,211141,-0.008342022940563076
2016-06-24,47750,48450,45050,45850,578908,-0.035751840168243953
2016-06-27,44050,47350,44050,47200,473740,0.029443838604144013
2016-06-28,47200,47750,46600,47400,274359,0.004237288135593209
2016-06-29,47650,49100,47450,48000,428887,0.012658227848101333
2016-06-30,48350,48900,47850,48600,257681,0.012499999999999956
2016-07-01,48650,49250,47600,47650,437975,-0.019547325102880708
2016-07-04,48150,49000,48000,48950,489709,0.02728226652675758
2016-07-05,49200,51400,48450,51300,1067068,0.04800817160367732
2016-07-06,51000,52500,50600,52200,763973,0.01754385964912286
2016-07-07,52600,53200,51900,52500,398413,0.005747126436781658
2016-07-08,52400,53000,52000,52700,311405,0.003809523809523707
2016-07-11,53700,56000,53600,54800,711633,0.03984819734345346
2016-07-12,54900,54900,53600,54900,418612,0.0018248175182482562
2016-07-13,55000,55100,53600,53800,394820,-0.02003642987249543
2016-07-14,54100,55100,54000,54900,249952,0.020446096654274992
2016-07-15,54800,54800,53600,53800,262231,-0.02003642987249543
2016-07-18,53600,53600,52500,52900,330327,-0.016728624535315983
2016-07-19,52900,53600,52600,52800,146654,-0.001890359168241984
2016-07-20,52700,54700,52200,54300,286911,0.02840909090909083
2016-07-21,54300,54800,53800,54400,211346,0.0018416206261511192
2016-07-22,54100,54300,53300,53800,222312,-0.011029411764705843
2016-07-25,53500,54200,53300,53500,117188,-0.005576208178438624
2016-07-26,53200,54600,53100,54000,187332,0.009345794392523255
2016-07-27,54100,54300,53300,53700,168135,-0.005555555555555536
2016-07-28,54500,54600,53400,53800,273768,0.0018621973929235924
2016-07-29,53900,54400,52700,54100,257463,0.005576208178438735
2016-08-01,55900,59000,55400,58000,1072210,0.07208872458410354
2016-08-02,58200,58500,57300,58100,460841,0.0017241379310344307
2016-08-03,57600,59700,57300,59400,428177,0.022375215146299476
2016-08-04,58900,60400,58200,59200,676901,-0.0033670033670033517
2016-08-05,59500,61800,59200,61500,648297,0.038851351351351315
2016-08-08,62000,63000,60600,62300,502310,0.01300813008130075
2016-08-09,62400,62400,61300,61600,379792,-0.011235955056179803
2016-08-10,61300,62100,60100,60400,473710,-0.01948051948051943
2016-08-11,60600,61300,59700,61300,316326,0.01490066225165565
2016-08-12,61200,61200,60200,61000,281928,-0.004893964110929905
2016-08-16,61100,61200,59600,59800,320317,-0.01967213114754096
2016-08-17,59400,60200,58400,60200,287155,0.006688963210702337
2016-08-18,60100,60400,58900,60100,258749,-0.0016611295681062677
2016-08-19,59900,60000,58300,58500,442123,-0.0266222961730449
2016-08-22,58800,60200,58800,59800,309308,0.022222222222222143
2016-08-23,60200,60200,58500,59200,251891,-0.010033444816053505
2016-08-24,59200,59600,57600,58900,259181,-0.0050675675675675436
2016-08-25,59400,59500,58200,58300,154772,-0.01018675721561968
2016-08-26,58000,58200,56000,56700,494098,-0.027444253859348233
2016-08-29,56500,59300,55900,59100,413749,0.042328042328042326
2016-08-30,59000,61500,58900,61100,529534,0.03384094754653133
2016-08-31,61200,61700,60600,61600,332202,0.008183306055646433
2016-09-01,61600,62100,60300,61700,322279,0.0016233766233766378
2016-09-02,62100,63500,61300,62800,394953,0.017828200972447306
2016-09-05,63200,64300,63200,63700,346916,0.014331210191082855
2016-09-06,63300,64000,62500,62800,305844,-0.014128728414442682
2016-09-07,62800,62900,60600,61200,430534,-0.02547770700636942
2016-09-08,61500,62000,60500,60900,276598,-0.004901960784313708
2016-09-09,60700,61700,59300,60200,399233,-0.011494252873563204
2016-09-12,59100,60500,58900,59300,193256,-0.014950166112956853
2016-09-13,60700,61400,59600,60400,276561,0.018549747048903775
2016-09-19,60900,62500,60600,61800,412626,0.023178807947019875
2016-09-20,61900,62000,60000,61600,324449,-0.003236245954692518
2016-09-21,61200,61700,60500,61500,181767,-0.0016233766233766378
2016-09-22,61900,62300,61100,61900,293185,0.006504065040650486
2016-09-23,63400,64900,63100,63400,532485,0.024232633279483107
2016-09-26,63600,64000,62500,62800,205676,-0.009463722397476393
2016-09-27,62400,63500,61800,63500,292795,0.011146496815286566
2016-09-28,63500,63500,62500,63000,163221,-0.007874015748031482
2016-09-29,63200,63500,62500,63100,191206,0.0015873015873015817
2016-09-30,63000,64000,62500,63600,245355,0.007923930269413626
2016-10-04,63900,65400,62000,65400,457293,0.028301886792452935
2016-10-05,65500,65900,64500,65700,265928,0.004587155963302836
2016-10-06,65200,65900,64900,65600,179363,-0.0015220700152207556
2016-10-07,65400,65500,64000,64800,290419,-0.012195121951219523
2016-10-10,64400,66100,64400,65400,203591,0.0092592592592593
2016-10-11,65700,65900,64600,65400,201040,0.0
2016-10-12,65400,65900,64900,65700,265099,0.004587155963302836
2016-10-13,65500,65600,63800,63900,291334,-0.0273972602739726
2016-10-14,64400,65900,63500,65600,336471,0.026604068857589924
2016-10-17,66000,66000,64300,65700,348807,0.0015243902439023849
2016-10-18,65200,67300,64900,67300,460114,0.0243531202435312
2016-10-19,67800,68600,66900,67400,310797,0.0014858841010401136
2016-10-20,67500,68200,67000,67700,203240,0.004451038575667754
2016-10-21,67300,67900,66900,67200,155735,-0.00738552437223039
2016-10-24,66600,67100,64000,64500,480686,-0.0401785714285714
2016-10-25,64900,66000,63800,64600,444031,0.0015503875968991832
2016-10-26,65000,65900,64000,65000,327774,0.006191950464396356
2016-10-27,65000,65400,63800,63900,305783,-0.01692307692307693
2016-10-28,64000,65300,63200,64100,230454,0.003129890453834161
2016-10-31,64000,64800,63400,63800,214695,-0.004680187207488307
2016-11-01,61500,61600,49750,50300,4064546,-0.21159874608150475
2016-11-02,50100,50100,45900,48500,3349890,-0.035785288270377746
2016-11-03,48400,50500,47650,49800,1092670,0.02680412371134011
2016-11-04,49600,50400,46700,48200,975945,-0.032128514056224855
2016-11-07,48500,49150,47650,48050,555126,-0.003112033195020736
2016-11-08,48250,48450,46100,46550,1078224,-0.031217481789802326
2016-11-09,46700,54900,45700,48500,5754038,0.04189044038668088
2016-11-10,49600,52200,48800,50900,1741500,0.04948453608247427
2016-11-11,52100,52500,50000,51900,976565,0.01964636542239684
2016-11-14,50900,54400,50700,54000,949513,0.040462427745664664
2016-11-15,54300,56200,52900,53600,1175763,-0.007407407407407418
2016-11-16,54300,55700,54000,55200,759344,0.029850746268656803
2016-11-17,55600,56000,54400,55400,499550,0.0036231884057971175
2016-11-18,55500,55600,53700,55300,696937,-0.0018050541516245744
2016-11-21,54700,55600,53700,53800,369262,-0.027124773960216952
2016-11-22,54000,54600,52500,53800,500822,0.0
2016-11-23,53900,54100,52200,53000,457677,-0.014869888475836479
2016-11-24,52500,53000,49500,50500,959877,-0.047169811320754707
2016-11-25,50200,52600,50200,52100,519835,0.03168316831683171
2016-11-28,52700,52800,51000,52100,448756,0.0
2016-11-29,52100,52200,49800,50700,660058,-0.026871401151631447
2016-11-30,50700,50800,47500,47850,4339688,-0.056213017751479244
2016-12-01,48200,48250,45550,46050,963023,-0.037617554858934144
2016-12-02,45900,45950,42150,42650,2013516,-0.07383279044516833
2016-12-05,42100,43100,40650,41650,1173860,-0.023446658851113744
2016-12-06,41800,42950,41800,42400,835998,0.01800720288115243
2016-12-07,42100,42750,41750,42450,401379,0.001179245283018826
2016-12-08,43000,43050,41950,42350,652146,-0.002355712603062443
2016-12-09,42500,42700,42050,42600,365561,0.005903187721369552
2016-12-12,43050,44750,42550,44700,888893,0.04929577464788726
2016-12-13,44700,45000,43400,43750,712562,-0.021252796420581643
2016-12-14,44150,45250,43950,44700,690546,0.021714285714285797
2016-12-15,45300,46150,44750,45700,733743,0.02237136465324374
2016-12-16,46000,46300,45100,45500,627086,-0.004376367614879695
2016-12-19,45800,45800,44200,44400,435056,-0.0241758241758242
2016-12-20,44650,45800,44500,44550,526094,0.0033783783783782884
2016-12-21,44700,45100,44650,44900,249180,0.007856341189674598
2016-12-22,44650,44900,43300,43350,491255,-0.034521158129176
2016-12-23,43350,44150,43050,43700,242211,0.008073817762399127
2016-12-26,44300,44300,42700,42750,354235,-0.021739130434782594
2016-12-27,42400,43250,42250,42950,283809,0.004678362573099504
2016-12-28,42900,43700,42750,43000,270629,0.0011641443538998875
2016-12-29,43350,43600,42750,43450,198142,0.010465116279069875
2017-01-02,43850,44850,43750,44750,333831,0.029919447640966546
2017-01-03,44650,47550,44600,46950,977418,0.049162011173184306
2017-01-04,47250,48500,46600,46700,797712,-0.005324813631522929
2017-01-05,47200,47250,46250,47200,343584,0.010706638115631772
2017-01-06,46950,48400,46650,48250,445549,0.022245762711864403
2017-01-09,48250,48350,46650,46950,393611,-0.02694300518134718
2017-01-10,46550,46750,45350,46400,370770,-0.011714589989350377
2017-01-11,46700,47800,46650,47500,317594,0.0237068965517242
2017-01-12,47500,48300,47400,47500,335679,0.0
2017-01-13,47250,47850,46550,47150,322657,-0.00736842105263158
2017-01-16,47150,47350,46100,46100,262764,-0.022269353128313907
2017-01-17,45900,45950,44450,44500,772049,-0.03470715835141003
2017-01-18,44800,45200,44500,44800,284749,0.006741573033707926
2017-01-19,44500,45150,44050,44100,310914,-0.015625
2017-01-20,43700,43950,43000,43400,404126,-0.015873015873015928
2017-01-23,43600,44450,43500,44050,192357,0.01497695852534564
2017-01-24,43900,44050,43000,43100,270301,-0.02156640181611802
2017-01-25,43400,43400,41650,41700,458905,-0.0324825986078886
2017-01-26,41850,42300,41200,41900,264416,0.004796163069544335
2017-01-31,41750,42300,41300,41700,295705,-0.004773269689737458
2017-02-01,41700,43700,41700,43700,548913,0.04796163069544357
2017-02-02,44250,44250,42750,42900,346659,-0.01830663615560646
2017-02-03,42950,42950,41500,41650,536765,-0.029137529137529095
2017-02-06,41800,42350,41800,42250,329810,0.014405762304922076
2017-02-07,42050,42950,41350,42900,324006,0.01538461538461533
2017-02-08,43000,43050,41700,41700,316865,-0.027972027972028024
2017-02-09,41700,42000,41300,41350,348659,-0.008393285371702586
2017-02-10,41500,41700,39900,40000,760896,-0.03264812575574361
2017-02-13,40000,41100,39200,40750,513395,0.018750000000000044
2017-02-14,40800,41450,40250,41050,474070,0.007361963190184007
2017-02-15,41450,42100,41300,41800,377396,0.018270401948842885
2017-02-16,41550,41700,40900,41100,288213,-0.01674641148325362
2017-02-17,41050,41800,40800,41150,296471,0.0012165450121655041
2017-02-20,42500,42650,41400,41450,581260,0.007290400972053357
2017-02-21,41600,42250,41150,41650,402457,0.004825090470446325
2017-02-22,41600,44000,41600,44000,1054394,0.056422569027611
2017-02-23,44100,45400,43300,44850,833621,0.01931818181818179
2017-02-24,44850,44900,43800,44900,515130,0.0011148272017837968
2017-02-27,44900,45000,43850,44350,326994,-0.012249443207126953
2017-02-28,44400,44500,43450,43900,469193,-0.01014656144306647
2017-03-02,44000,44950,43600,44950,549015,0.023917995444191265
2017-03-03,45450,45450,43800,44000,548544,-0.021134593993325956
2017-03-06,44300,44500,43750,44150,311638,0.003409090909090917
2017-03-07,43950,45450,43750,45400,494780,0.028312570781426905
2017-03-08,45650,46250,44550,44850,440576,-0.01211453744493396
2017-03-09,44800,45000,44400,44500,315485,-0.0078037904124860225
2017-03-10,44600,45350,43600,44250,442987,-0.005617977528089901
2017-03-13,44400,46000,44300,45900,623544,0.03728813559322042
2017-03-14,45800,45900,44950,45000,357772,-0.019607843137254943
2017-03-15,44850,44950,44100,44600,235982,-0.008888888888888835
2017-03-16,45100,45900,44600,45750,581886,0.02578475336322872
2017-03-17,46000,46700,45700,46300,459995,0.012021857923497192
2017-03-20,46500,46800,45500,45800,365485,-0.010799136069114423
2017-03-21,46050,46150,45400,45450,368015,-0.007641921397379958
2017-03-22,45400,46550,45400,46000,639512,0.012101210121012063
2017-03-23,46200,48400,45700,48250,1064249,0.048913043478260976
2017-03-24,48600,49450,47800,48200,710585,-0.0010362694300518616
2017-03-27,48000,48050,46700,47150,525370,-0.021784232365145262
2017-03-28,47450,47950,47150,47700,368823,0.01166489925768821
2017-03-29,47700,47750,46300,46850,602527,-0.017819706498951815
2017-03-30,46700,47000,46050,46750,346240,-0.002134471718249764
2017-03-31,46800,48100,46800,47100,417463,0.007486631016042855
2017-04-03,48600,49300,47850,48050,632675,0.02016985138004257
2017-04-04,47750,48450,47150,47900,324687,-0.003121748178980255
2017-04-05,48100,48100,46800,47000,497342,-0.018789144050104345
2017-04-06,46700,48300,46650,47500,473741,0.010638297872340496
2017-04-07,47100,47750,47100,47550,277215,0.001052631578947416
2017-04-10,47900,49100,47700,48800,722173,0.02628811777076767
2017-04-11,48900,48900,47550,48600,495700,-0.004098360655737654
2017-04-12,48650,48850,47650,47700,345617,-0.01851851851851849
2017-04-13,47550,47750,47250,47650,404699,-0.0010482180293500676
2017-04-14,47800,48450,47450,47500,329403,-0.0031479538300105414
2017-04-17,47300,47450,46650,47000,331294,-0.010526315789473717
2017-04-18,47000,47850,46700,47700,336998,0.014893617021276562
2017-04-19,47750,49450,47550,49200,968153,0.03144654088050314
2017-04-20,49450,50500,49000,49450,652523,0.005081300813008172
2017-04-21,49900,49900,48600,48950,438941,-0.010111223458038388
2017-04-24,49000,51200,49000,50100,1013855,0.023493360572012234
2017-04-25,50100,50800,49800,50700,437456,0.011976047904191711
2017-04-26,50600,51600,50300,51300,466017,0.01183431952662728
2017-04-27,51300,53700,50900,53100,1176212,0.03508771929824572
2017-04-28,53400,53400,51300,52000,586370,-0.020715630885122405
2017-05-02,51900,52000,50300,50700,408017,-0.025000000000000022
2017-05-04,50500,51600,50500,50900,282040,0.0039447731755424265
2017-05-08,51000,51600,50600,51600,385081,0.013752455795677854
2017-05-10,51800,52800,50700,50700,504628,-0.01744186046511631
2017-05-11,51100,51700,50700,51300,341201,0.01183431952662728
2017-05-12,50900,51700,50700,51500,187155,0.003898635477582957
2017-05-15,51800,51900,50900,51300,140334,-0.003883495145631022
2017-05-16,51100,51200,49800,50500,346122,-0.015594541910331383
2017-05-17,50100,50200,47600,48500,869418,-0.03960396039603964
2017-05-18,47900,49100,47800,48500,294375,0.0
2017-05-19,48600,49700,48400,49400,291521,0.01855670103092777
2017-05-22,49750,49850,48500,48650,271241,-0.015182186234817818
2017-05-23,48850,48900,47700,47850,460675,-0.016443987667009274
2017-05-24,48050,48700,47850,47950,380046,0.002089864158829613
2017-05-25,48350,49300,48100,49250,501364,0.027111574556829998
2017-05-26,49450,50900,48700,50800,537594,0.03147208121827405
2017-05-29,51300,51300,49500,49700,337742,-0.021653543307086576
2017-05-30,50100,50600,49650,50400,229333,0.014084507042253502
2017-05-31,50000,50400,49750,49950,266449,-0.008928571428571397
2017-06-01,49600,50100,48850,49200,299933,-0.01501501501501501
2017-06-02,49050,49250,48500,49200,403667,0.0
2017-06-05,49400,49700,48600,49550,291183,0.007113821138211351
2017-06-07,49050,49200,48650,48700,317232,-0.017154389505549927
2017-06-08,49000,49000,47850,48250,501919,-0.00924024640657084
2017-06-09,48300,48400,46650,46750,879422,-0.031088082901554404
2017-06-12,47050,47050,45400,46150,746547,-0.012834224598930466
2017-06-13,46150,47350,46100,46600,471711,0.009750812567713929
2017-06-14,46600,47000,46050,46150,365730,-0.00965665236051505
2017-06-15,46200,46200,44550,45000,482680,-0.024918743228602436
2017-06-16,45200,45650,44900,45150,236249,0.0033333333333334103
2017-06-19,45200,45450,44200,44300,328558,-0.018826135105204922
2017-06-20,44200,44500,43000,43100,465219,-0.02708803611738153
2017-06-21,42900,45200,42900,44700,538212,0.037122969837587005
2017-06-22,44850,44850,43600,44500,282728,-0.004474272930648726
2017-06-23,44300,45450,44300,45400,246877,0.020224719101123556
2017-06-26,45450,45500,44400,44900,196271,-0.011013215859030812
2017-06-27,45000,46200,44700,45800,308688,0.020044543429844186
2017-06-28,45800,45850,45050,45400,151702,-0.008733624454148492
2017-06-29,45900,45900,45300,45450,158279,0.0011013215859030367
2017-06-30,45400,45400,44350,44500,229175,-0.020902090209020896
2017-07-03,44950,44950,44000,44600,142789,0.0022471910112360494
2017-07-04,44600,44950,43500,43550,368674,-0.023542600896861
2017-07-05,43550,44550,43550,44300,284449,0.01722158438576349
2017-07-06,44600,45200,44350,44800,239696,0.011286681715575675
2017-07-07,44550,44650,43800,44000,223990,-0.017857142857142905
2017-07-10,44100,44700,43350,43450,187268,-0.012499999999999956
2017-07-11,43200,43550,42600,43100,261720,-0.008055235903337121
2017-07-12,43050,43750,42500,42700,226086,-0.009280742459396807
2017-07-13,42700,43250,42650,42950,192552,0.005854800936768045
2017-07-14,42800,43150,39500,40200,844068,-0.06402793946449359
2017-07-17,39300,40000,38200,39300,808191,-0.02238805970149249
2017-07-18,39100,39750,38650,38700,477914,-0.01526717557251911
2017-07-19,39200,40100,39150,39650,607878,0.02454780361757103
2017-07-20,39900,40400,39250,39400,430159,-0.006305170239596425
2017-07-21,39450,39800,39050,39650,352058,0.006345177664974555
2017-07-24,39800,39850,39300,39700,233842,0.0012610340479193294
2017-07-25,39900,40250,39850,40000,298750,0.007556675062972307
2017-07-26,40400,40850,39700,39950,516323,-0.0012499999999999734
2017-07-27,40250,40450,39800,40400,252200,0.01126408010012514
2017-07-28,40050,40400,39800,39800,319449,-0.014851485148514865
2017-07-31,40300,40650,39600,39900,282658,0.002512562814070307
2017-08-01,39900,40100,39650,39950,234189,0.0012531328320801727
2017-08-02,40050,40150,37900,38400,649849,-0.038798498122653347
2017-08-03,38400,38650,35550,35900,1436086,-0.06510416666666663
2017-08-04,35950,37900,35800,37650,843214,0.04874651810584951
2017-08-07,37900,39550,37900,39050,550962,0.03718459495351922
2017-08-08,39100,39400,38150,39000,451376,-0.001280409731113985
2017-08-09,39200,39500,38500,39300,407674,0.007692307692307665
2017-08-10,39550,40200,38900,39600,575299,0.007633587786259444
2017-08-11,39600,40200,38600,38900,410962,-0.017676767676767624
2017-08-14,38600,38950,37100,38000,447467,-0.023136246786632397
2017-08-16,38850,40150,38850,39500,634333,0.03947368421052633
2017-08-17,39050,39350,38600,39050,343263,-0.011392405063291089
2017-08-18,39500,41500,39350,40850,1062198,0.04609475032010235
2017-08-21,39450,40400,38200,38550,1290666,-0.05630354957160344
2017-08-22,38900,39050,38200,38950,348528,0.01037613488975353
2017-08-23,39150,39700,38650,39300,335919,0.00898587933247752
2017-08-24,39000,39200,38500,38600,312523,-0.01781170483460559
2017-08-25,37600,38450,37200,38100,591592,-0.012953367875647714
2017-08-28,38500,39250,38300,39200,319708,0.028871391076115582
2017-08-29,39650,39850,38700,38900,383267,-0.007653061224489832
2017-08-30,39000,39550,38900,39000,255351,0.0025706940874035134
2017-08-31,39000,39200,38800,38800,282681,-0.00512820512820511
2017-09-01,38800,39500,38550,38650,249067,-0.0038659793814432852
2017-09-04,39150,39600,38000,38000,466120,-0.01681759379042691
2017-09-05,38400,38400,37500,37900,243642,-0.0026315789473684292
2017-09-06,37850,38050,36600,36850,445667,-0.02770448548812665
2017-09-07,36800,37800,36750,37700,293106,0.023066485753052923
2017-09-08,37550,38050,37400,37850,226293,0.003978779840848823
2017-09-11,37900,38600,37900,38200,253576,0.009247027741083214
2017-09-12,38300,38500,37600,38050,186200,-0.003926701570680646
2017-09-13,37800,37950,37250,37500,244151,-0.014454664914586024
2017-09-14,37600,37950,37500,37950,193969,0.01200000000000001
2017-09-15,38100,38400,37500,37600,226356,-0.00922266139657446
2017-09-18,37500,37650,37050,37150,238888,-0.01196808510638303
2017-09-19,37150,37600,37100,37450,218988,0.008075370121130465
2017-09-20,37200,37450,36500,36650,362313,-0.021361815754339153
2017-09-21,36250,37300,35800,35850,434080,-0.021828103683492528
2017-09-22,35900,36000,33850,34000,812491,-0.051603905160390484
2017-09-25,34300,34350,32700,32750,582199,-0.03676470588235292
2017-09-26,32200,33700,32200,33200,336458,0.013740458015267132
2017-09-27,33000,33300,32500,33000,270490,-0.0060240963855421326
2017-09-28,32750,33050,32400,32750,244577,-0.007575757575757569
2017-09-29,32750,33750,32700,33200,297000,0.013740458015267132
2017-10-10,33650,34300,33000,34150,420019,0.028614457831325213
2017-10-11,34250,34600,33600,34350,365205,0.005856515373352744
2017-10-12,34400,34550,33550,33950,462673,-0.011644832605531286
2017-10-13,33600,33700,32850,33150,409256,-0.02356406480117823
2017-10-16,32900,33450,32900,33350,233607,0.006033182503770718
2017-10-17,33300,33650,33200,33450,247027,0.0029985007496251548
2017-10-18,33450,34450,33350,34050,379100,0.017937219730941756
2017-10-19,34950,38100,34850,38050,1461571,0.11747430249632895
2017-10-20,38050,38100,37000,37200,677077,-0.0223390275952694
2017-10-23,37450,37450,35800,36050,467993,-0.03091397849462363
2017-10-24,36250,36550,35600,36250,365264,0.00554785020804438
2017-10-25,36350,36950,35600,36650,366298,0.011034482758620623
2017-10-26,36500,37800,36500,37200,410114,0.01500682128240105
2017-10-27,37250,39750,37250,39250,1168692,0.05510752688172049
2017-10-30,38550,38950,38200,38650,457028,-0.015286624203821653
2017-10-31,38400,39700,38250,38400,550975,-0.0064683053040103244
2017-11-01,38700,39450,38450,39200,583147,0.02083333333333326
2017-11-02,39200,39200,38550,38950,262099,-0.0063775510204081565
2017-11-03,38900,39400,38600,39100,385734,0.0038510911424902705
2017-11-06,38400,40250,38250,40150,951212,0.026854219948849067
2017-11-07,40150,40400,39450,40150,518205,0.0
2017-11-08,40900,41650,40200,40500,764618,0.008717310087173136
2017-11-09,40950,41500,40100,40100,447269,-0.00987654320987652
2017-11-10,39800,39800,37950,38550,739093,-0.03865336658354113
2017-11-13,38600,38600,37100,37400,518468,-0.02983138780804151
2017-11-14,37300,37500,36400,37300,597865,-0.002673796791443861
2017-11-15,37500,37550,36150,36250,446910,-0.02815013404825739
2017-11-16,36750,37250,36500,37000,318627,0.020689655172413834
2017-11-17,37300,37300,36400,36800,329902,-0.00540540540540535
2017-11-20,37500,37950,36900,36950,430264,0.0040760869565217295
2017-11-21,37000,37250,35800,35850,485061,-0.02976995940460081
2017-11-22,35950,36350,35250,35950,353301,0.002789400278939924
2017-11-23,36000,36450,35950,36150,181624,0.0055632823365785455
2017-11-24,36400,36450,35900,36150,202447,0.0
2017-11-27,35950,36500,35600,35700,254566,-0.012448132780082943
2017-11-28,35800,35850,35200,35300,301804,-0.011204481792717047
2017-11-29,35750,35750,35150,35150,174425,-0.004249291784702569
2017-11-30,35300,35300,34850,35250,307222,0.002844950213371167
2017-12-01,35250,35250,34000,34050,644233,-0.03404255319148941
2017-12-04,34150,34200,33700,34200,247231,0.004405286343612369
2017-12-05,34200,34800,33800,34650,352559,0.013157894736842035
2017-12-06,34650,34800,34000,34050,419195,-0.017316017316017285
2017-12-07,34250,34300,33550,34000,300872,-0.001468428781204123
2017-12-08,34000,34100,33500,33550,229389,-0.013235294117647012
2017-12-11,33400,34650,33400,34250,227028,0.02086438152011927
2017-12-12,34150,36150,34150,35600,747666,0.039416058394160514
2017-12-13,36000,36200,35500,35950,298846,0.00983146067415741
2017-12-14,35850,36000,35300,35300,341805,-0.018080667593880384
2017-12-15,35450,35900,35250,35700,301120,0.011331444759206777
2017-12-18,35700,35900,35250,35700,220400,0.0
2017-12-19,35700,36000,34500,34750,309084,-0.026610644257703098
2017-12-20,34800,35450,34650,34900,223563,0.004316546762589857
2017-12-21,35450,36150,35000,35250,380472,0.01002865329512903
2017-12-22,35350,35450,34100,34200,315675,-0.029787234042553234
2017-12-26,34450,34450,34000,34250,216434,0.0014619883040936088
2017-12-27,34100,34250,33600,34250,183464,0.0
2017-12-28,34250,35750,34250,35550,369665,0.03795620437956204
2018-01-02,36000,36550,35600,36500,355321,0.026722925457102642
2018-01-03,36600,36700,36100,36500,289206,0.0
2018-01-04,36600,36600,36100,36450,235820,-0.00136986301369868
2018-01-05,36700,37200,35600,35850,341107,-0.016460905349794275
2018-01-08,35850,36050,34900,35050,357572,-0.02231520223152017
2018-01-09,35100,35750,34800,35350,359861,0.008559201141226769
2018-01-10,35450,35800,34850,34900,507824,-0.012729844413012725
2018-01-11,35000,35100,34450,34700,384651,-0.005730659025787954
2018-01-12,34650,35000,33750,33800,736323,-0.025936599423631135
2018-01-15,33700,34100,33050,33250,555007,-0.016272189349112454
2018-01-16,33000,33500,32600,33500,685049,0.007518796992481258
2018-01-17,33350,33550,32950,33150,498867,-0.010447761194029903
2018-01-18,33100,33800,33100,33700,429901,0.016591251885369473
2018-01-19,33700,33800,33200,33400,280690,-0.008902077151335286
2018-01-22,33600,33600,32900,33050,504928,-0.010479041916167664
2018-01-23,33150,33500,33000,33400,333963,0.010590015128593144
2018-01-24,33050,33500,33000,33400,385312,0.0
2018-01-25,33350,33350,32950,33150,456517,-0.007485029940119792
2018-01-26,33200,34300,33150,34100,795631,0.02865761689291091
2018-01-29,34500,34550,34100,34200,482834,0.0029325513196480912
2018-01-30,34300,34600,33800,33950,468615,-0.007309941520467822
2018-01-31,34000,34250,33400,33650,458790,-0.008836524300441795
2018-02-01,33750,33900,33300,33650,276191,0.0
2018-02-02,33600,34600,32850,32950,1220615,-0.0208023774145617
2018-02-05,32500,32600,31400,31400,1027684,-0.047040971168436974
2018-02-06,30200,30700,29800,30350,777109,-0.03343949044585992
2018-02-07,30700,30950,29850,29850,509283,-0.016474464579901205
2018-02-08,29850,30250,29150,29300,603054,-0.018425460636515956
2018-02-09,28500,28750,28150,28250,574014,-0.03583617747440271
2018-02-12,28150,28300,26800,27400,1058450,-0.030088495575221197
2018-02-13,27500,28250,27150,27250,547971,-0.005474452554744547
2018-02-14,27250,27700,27150,27650,296452,0.014678899082568808
2018-02-19,27950,28900,27950,28800,378145,0.041591320072332794
2018-02-20,28800,28950,28250,28350,252219,-0.015625
2018-02-21,28650,28650,28050,28450,188609,0.003527336860670305
2018-02-22,28400,28900,27950,28150,311543,-0.010544815465729385
2018-02-23,28400,28650,28150,28250,237389,0.003552397868561208
2018-02-26,28750,30150,28650,29550,813890,0.046017699115044275
2018-02-27,29800,29800,28750,28900,514798,-0.021996615905245376
2018-02-28,28700,29600,28500,29150,378355,0.00865051903114189
2018-03-02,29000,29000,27700,27900,633606,-0.04288164665523153
2018-03-05,27850,28250,27450,27500,229404,-0.014336917562724039
2018-03-06,27750,27850,27350,27750,236378,0.009090909090909038
2018-03-07,27700,28100,27150,27950,494937,0.007207207207207134
2018-03-08,27950,28600,27950,28550,447250,0.02146690518783534
2018-03-09,28450,28900,28050,28300,356524,-0.008756567425569184
2018-03-12,28550,29500,28150,29300,470965,0.035335689045936425
2018-03-13,29300,29700,28900,29600,362988,0.010238907849829282
2018-03-14,29400,29450,28950,29150,243322,-0.015202702702702742
2018-03-15,29000,29650,28550,29450,234732,0.010291595197255532
2018-03-16,29500,29700,29100,29250,220727,-0.006791171477079749
2018-03-19,29250,29450,28800,29200,225666,-0.0017094017094017033
2018-03-20,28750,29200,28750,29050,277404,-0.005136986301369828
2018-03-21,28800,30600,28800,30300,738960,0.04302925989672968
2018-03-22,30350,30400,29650,30050,363871,-0.008250825082508295
2018-03-23,29400,29850,29000,29050,388752,-0.03327787021630613
2018-03-26,29000,29400,28400,28550,206570,-0.01721170395869187
2018-03-27,28750,29650,28650,29100,382796,0.019264448336252293
2018-03-28,28600,29000,28600,28700,231646,-0.013745704467353903
2018-03-29,28600,29000,28400,28900,240419,0.006968641114982521
2018-03-30,28950,29650,28850,29600,205642,0.02422145328719716
2018-04-02,29450,29800,28500,28650,369249,-0.03209459459459463
2018-04-03,28300,29000,28200,28500,278451,-0.005235602094240788
2018-04-04,28650,28700,27400,27500,516091,-0.03508771929824561
2018-04-05,27700,27950,27500,27600,199131,0.0036363636363636598
2018-04-06,27600,27900,27450,27600,184514,0.0
2018-04-09,27500,28050,27500,27650,180262,0.0018115942028984477
2018-04-10,27550,27600,26750,26900,381925,-0.027124773960216952
2018-04-11,26950,27300,26850,26900,291300,0.0
2018-04-12,26950,27300,26800,27300,384785,0.014869888475836479
2018-04-13,27200,27450,26900,26950,224184,-0.012820512820512775
2018-04-16,27150,27300,26350,26500,373180,-0.016697588126159513
2018-04-17,26500,26750,26350,26450,210351,-0.0018867924528301883
2018-04-18,26450,26900,26450,26650,294200,0.007561436672967936
2018-04-19,26550,26600,25650,26100,621991,-0.0206378986866792
2018-04-20,25850,26350,25500,26200,375064,0.003831417624521105
2018-04-23,26000,26150,25150,25200,600196,-0.03816793893129766
2018-04-24,25150,25450,24600,25400,457651,0.007936507936507908
2018-04-25,25250,25550,24950,25050,313729,-0.013779527559055094
2018-04-26,25100,26350,24900,26150,467908,0.043912175648702645
2018-04-27,26200,26450,25800,26100,377099,-0.0019120458891013214
2018-04-30,25750,25800,23950,24100,1121364,-0.07662835249042144
2018-05-02,23850,23850,22950,23350,845260,-0.03112033195020747
2018-05-03,23250,24200,23200,23900,560785,0.023554603854389677
2018-05-04,23800,26000,23450,25950,1440785,0.08577405857740583
2018-05-08,26000,28450,26000,27650,1681071,0.06551059730250475
2018-05-09,27250,29350,26400,29050,1509889,0.05063291139240511
2018-05-10,28750,30450,28450,29500,1253322,0.015490533562822817
2018-05-11,29500,29950,28800,29100,674959,-0.013559322033898313
2018-05-14,29100,29450,28600,28700,391680,-0.013745704467353903
2018-05-15,28600,29100,27800,28100,921520,-0.020905923344947785
2018-05-16,28350,29000,27650,28100,566452,0.0
2018-05-17,27950,28550,27700,27950,347725,-0.005338078291814985
2018-05-18,28250,29300,28150,29250,531265,0.04651162790697683
2018-05-21,29550,29550,28300,28500,388190,-0.02564102564102566
2018-05-23,28250,28700,27400,28350,334641,-0.0052631578947368585
2018-05-24,28200,28900,27800,28900,387616,0.01940035273368612
2018-05-25,30250,30800,27900,28600,1590239,-0.01038062283737029
2018-05-28,27850,29650,27550,29350,757969,0.02622377622377625
2018-05-29,29350,33300,29100,32900,2925895,0.12095400340715501
2018-05-30,32550,33150,31850,31900,977654,-0.03039513677811545
2018-05-31,31900,34150,31600,33150,4729153,0.03918495297805635
2018-06-01,33550,33600,32350,33450,877997,0.009049773755656076
2018-06-04,33250,34100,32300,32300,786228,-0.034379671150971625
2018-06-05,32350,32800,31300,31500,504871,-0.024767801857585092
2018-06-07,31650,32950,31150,31850,619275,0.011111111111111072
2018-06-08,32000,32750,31600,32050,440342,0.006279434850863463
2018-06-11,31900,32100,30400,30400,556540,-0.05148205928237126
2018-06-12,30700,31400,30500,30800,372493,0.013157894736842035
2018-06-14,31450,31450,29450,29450,607834,-0.043831168831168776
2018-06-15,29200,31050,29200,30600,446080,0.039049235993208864
2018-06-18,30700,30850,28600,28800,435627,-0.05882352941176472
2018-06-19,28800,29300,28350,28350,229203,-0.015625
2018-06-20,28100,28600,27150,27300,486790,-0.03703703703703709
2018-06-21,27300,27500,25750,26250,555543,-0.038461538461538436
2018-06-22,25850,26400,25150,25600,400186,-0.024761904761904763
2018-06-25,25900,26200,25150,25600,362172,0.0
2018-06-26,25250,25800,24950,25300,244065,-0.01171875
2018-06-27,25100,25600,24250,24300,520973,-0.03952569169960474
2018-06-28,24100,24250,23250,23450,697811,-0.034979423868312765
2018-06-29,23550,23700,23050,23450,315039,0.0
2018-07-02,23750,23750,22050,22500,498775,-0.04051172707889128
2018-07-03,22500,23100,22100,22450,280506,-0.0022222222222222365
2018-07-04,22400,23000,22200,22600,152827,0.006681514476614803
2018-07-05,22400,22500,21250,21600,632066,-0.04424778761061943
2018-07-06,21650,22150,21500,22150,301115,0.02546296296296302
2018-07-09,22350,23150,22100,23050,340864,0.040632054176072296
2018-07-10,23200,23250,22800,23100,222075,0.002169197396963085
2018-07-11,23200,23800,22700,22800,359640,-0.012987012987012991
2018-07-12,23000,23150,22200,22250,432217,-0.02412280701754388
2018-07-13,22350,22850,22000,22400,354861,0.006741573033707926
2018-07-16,22400,23300,22400,23050,334453,0.029017857142857206
2018-07-17,23100,23700,22800,23250,290859,0.008676789587852562
2018-07-18,22900,23750,22850,23100,366506,-0.006451612903225823
2018-07-19,23150,23200,22000,22100,339881,-0.04329004329004327
2018-07-20,21800,24050,21700,23400,613095,0.05882352941176472
2018-07-23,23550,24500,22850,23000,548741,-0.017094017094017144
2018-07-24,23100,23400,22750,23150,260857,0.006521739130434856
2018-07-25,23200,23300,22600,22800,192534,-0.015118790496760237
2018-07-26,23000,23000,22400,22450,242070,-0.015350877192982448
2018-07-27,22650,22650,21900,22400,291437,-0.00222717149220486
2018-07-30,22300,23050,22250,22850,208036,0.02008928571428581
2018-07-31,22850,22900,22200,22550,312591,-0.013129102844638973
2018-08-01,22750,23400,22500,23350,353951,0.0354767184035476
2018-08-02,23300,23300,22500,22600,234049,-0.032119914346895095
2018-08-03,22700,23250,22650,23250,235723,0.028761061946902755
2018-08-06,23200,23450,22600,22750,274551,-0.021505376344086002
2018-08-07,22600,22750,22350,22650,129078,-0.00439560439560438
2018-08-08,22550,22900,22500,22700,160499,0.002207505518763808
2018-08-09,22500,22650,22200,22300,252881,-0.017621145374449365
2018-08-10,22350,22550,22200,22500,125197,0.008968609865470878
2018-08-13,22800,23600,22350,22350,439384,-0.00666666666666671
2018-08-14,22400,23550,22400,23500,370767,0.05145413870246096
2018-08-16,23250,23550,22750,23050,283656,-0.019148936170212738
2018-08-17,23100,23450,23000,23050,159036,0.0
2018-08-20,23350,24350,23300,23650,464538,0.026030368763557465
2018-08-21,23750,24100,23550,24050,227116,0.016913319238900604
2018-08-22,23950,25000,23800,24650,431107,0.02494802494802495
2018-08-23,24650,24800,23750,23850,283159,-0.032454361054766734
2018-08-24,23900,24550,23550,24450,272423,0.02515723270440251
2018-08-27,24500,24750,24050,24100,186970,-0.014314928425357865
2018-08-28,24200,25450,24150,25400,525817,0.053941908713692976
2018-08-29,25550,26400,25300,25850,462213,0.017716535433070835
2018-08-30,25950,26350,25500,25900,315157,0.0019342359767891004
2018-08-31,25900,25900,24900,25000,370427,-0.03474903474903479
2018-09-03,25050,25750,24800,25600,318324,0.02400000000000002
2018-09-04,25600,25850,25150,25450,219324,-0.005859375
2018-09-05,25300,25750,25000,25150,269166,-0.011787819253438081
2018-09-06,25200,25750,25050,25500,261996,0.013916500994035852
2018-09-07,25800,26950,25500,26900,562949,0.05490196078431375
2018-09-10,27000,27500,26550,27000,364024,0.0037174721189590088
2018-09-11,26900,27250,26350,27050,257134,0.0018518518518517713
2018-09-12,27000,27100,26200,26450,294428,-0.02218114602587795
2018-09-13,26450,26750,26300,26550,198425,0.003780718336483968
2018-09-14,26850,27050,26500,26600,173828,0.0018832391713747842
2018-09-17,26600,27150,26200,26950,209850,0.013157894736842035
2018-09-18,26800,27150,26550,26700,162058,-0.00927643784786647
2018-09-19,26550,26900,25450,25800,309181,-0.0337078651685393
2018-09-20,25750,26700,25450,26500,286782,0.027131782945736482
2018-09-21,26750,26950,26250,26250,250506,-0.009433962264150941
2018-09-27,26650,28850,26600,28700,935114,0.09333333333333327
2018-09-28,26500,27000,24950,25400,1476297,-0.1149825783972126
2018-10-01,25450,25650,24950,25050,280350,-0.013779527559055094
2018-10-02,25050,26500,25050,26300,599394,0.04990019960079839
2018-10-04,26500,28000,26300,28000,618480,0.06463878326996197
2018-10-05,27550,29050,27400,28950,663404,0.03392857142857153
2018-10-08,28900,29450,28500,28950,436911,0.0
2018-10-10,29100,29550,28050,28700,351751,-0.008635578583765069
2018-10-11,27550,28800,27100,27650,455010,-0.03658536585365857
2018-10-12,27200,28400,27150,27650,418951,0.0
2018-10-15,27400,29100,27400,28100,522116,0.016274864376130127
2018-10-16,28400,28800,28050,28350,280850,0.008896797153024938
2018-10-17,28650,28950,28250,28800,225817,0.015873015873015817
2018-10-18,28650,30250,28250,28500,717578,-0.01041666666666663
2018-10-19,28250,29300,28200,29050,244108,0.019298245614035148
2018-10-22,29000,29500,28250,29500,307988,0.015490533562822817
2018-10-23,29500,29700,28700,29050,326026,-0.015254237288135575
2018-10-24,29300,30400,29150,29800,598831,0.025817555938037806
2018-10-25,29250,30400,28800,30300,540432,0.016778523489932917
2018-10-26,30500,30550,29250,29450,382981,-0.028052805280528004
2018-10-29,29650,30450,28600,28700,471982,-0.025466893039049254
2018-10-30,28100,29000,27100,28350,535011,-0.012195121951219523
2018-10-31,28400,28850,27650,28450,384275,0.003527336860670305
2018-11-01,28550,28600,26700,27200,620250,-0.04393673110720564
2018-11-02,27450,29100,27250,28850,354398,0.06066176470588225
2018-11-05,28800,30400,28450,30300,445425,0.05025996533795496
2018-11-06,30500,32000,30450,31700,686053,0.0462046204620461
2018-11-07,31800,32400,30350,30700,528073,-0.03154574132492116
2018-11-08,31200,31850,31050,31500,388356,0.026058631921824116
2018-11-09,31250,32250,31250,31550,319270,0.0015873015873015817
2018-11-12,31750,32450,31450,32100,258687,0.017432646592709933
2018-11-13,31800,32850,31400,32800,461276,0.02180685358255441
2018-11-14,32500,34800,32500,34700,1125375,0.05792682926829262
2018-11-15,34700,34700,32100,32300,992402,-0.06916426512968299
2018-11-16,32450,33350,32350,32700,383623,0.01238390092879249
2018-11-19,32700,33650,32450,33600,303657,0.02752293577981657
2018-11-20,33150,33900,32900,33900,308213,0.008928571428571397
2018-11-21,33400,33700,32900,33650,216029,-0.007374631268436627
2018-11-22,33650,33900,31800,32900,409238,-0.022288261515601815
2018-11-23,32700,32900,31750,32200,281667,-0.021276595744680882
2018-11-26,32300,34200,32300,34000,344704,0.05590062111801242
2018-11-27,34000,34150,32700,32750,320446,-0.03676470588235292
2018-11-28,33100,34400,33100,33700,575964,0.02900763358778624
2018-11-29,34050,34100,32600,32650,378538,-0.03115727002967361
2018-11-30,32750,33200,32200,32450,247472,-0.006125574272588086
2018-12-03,32500,32800,31550,31800,414766,-0.02003081664098616
2018-12-04,31800,32500,31800,32100,204448,0.009433962264151052
2018-12-05,31800,32450,31500,32150,141703,0.0015576323987538387
2018-12-06,32000,33250,32000,33050,448825,0.027993779160186527
2018-12-07,33050,33300,31750,32200,258458,-0.02571860816944027
2018-12-10,31600,32500,31550,31650,168028,-0.017080745341614856
2018-12-11,31650,32250,31200,31750,138544,0.003159557661927437
2018-12-12,31800,31950,31400,31700,187094,-0.0015748031496063408
2018-12-13,31700,32400,31500,31950,299709,0.007886435331230235
2018-12-14,32000,32250,31400,31800,152161,-0.0046948356807511304
2018-12-17,31850,32200,31450,31750,158070,-0.0015723270440252124
2018-12-18,31900,34000,31900,33000,532329,0.03937007874015741
2018-12-19,33250,33250,32200,32550,241770,-0.013636363636363669
2018-12-20,32600,33650,32050,33100,215400,0.016897081413210335
2018-12-21,33200,33400,32300,33400,250037,0.009063444108761365
2018-12-24,33100,33450,32700,32750,162534,-0.019461077844311392
2018-12-26,32350,32750,30850,31600,345878,-0.03511450381679393
2018-12-27,32000,32650,31650,32500,177620,0.028481012658227778
2018-12-28,32550,33100,32300,32500,168609,0.0
2019-01-02,32400,33100,32400,32950,140721,0.013846153846153841
2019-01-03,32700,34550,32650,33950,633226,0.030349013657056112
2019-01-04,34200,35200,33450,35050,583826,0.032400589101620136
2019-01-07,34950,34950,33400,34250,459892,-0.022824536376604865
2019-01-08,34450,34650,33700,33850,197742,-0.011678832116788329
2019-01-09,33900,34300,33400,33650,243687,-0.005908419497784312
2019-01-10,33400,33600,33100,33100,275341,-0.01634472511144136
2019-01-11,33050,33200,31950,32800,347098,-0.009063444108761365
2019-01-14,32900,32900,32050,32150,216251,-0.01981707317073167
2019-01-15,31900,33100,31900,32750,218390,0.018662519440124425
2019-01-16,32700,33500,32650,33250,172877,0.01526717557251911
2019-01-17,33150,33300,32050,32050,243492,-0.03609022556390973
2019-01-18,32200,32400,30100,30600,736861,-0.04524180967238689
2019-01-21,30700,31550,30600,31450,267858,0.02777777777777768
2019-01-22,31400,31600,30800,31100,139765,-0.011128775834658211
2019-01-23,31200,32050,31200,31950,231000,0.027331189710610992
2019-01-24,32450,32450,31000,31050,247586,-0.028169014084507005
2019-01-25,30900,31750,30900,31250,190615,0.006441223832528209
2019-01-28,31200,31250,30700,31050,196829,-0.006399999999999961
2019-01-29,31050,31200,30600,30900,152750,-0.004830917874396157
2019-01-30,31300,31300,30650,31250,150190,0.01132686084142387
2019-01-31,31450,31700,31050,31400,186620,0.0047999999999999154
2019-02-01,31250,31400,30700,30750,217639,-0.02070063694267521
2019-02-07,30800,31650,30650,31500,198626,0.024390243902439046
2019-02-08,31550,31850,31050,31750,167729,0.007936507936507908
2019-02-11,31800,32600,31750,32350,190237,0.018897637795275646
2019-02-12,32400,32400,31350,31700,212293,-0.020092735703245768
2019-02-13,32050,32550,31850,32500,173792,0.025236593059936974
2019-02-14,32700,32700,32100,32400,171896,-0.003076923076923088
2019-02-15,32300,32900,32050,32350,165919,-0.0015432098765432167
2019-02-18,32550,33150,32500,33150,196439,0.02472952086553315
2019-02-19,33250,33350,32850,32900,124460,-0.007541478129713397
2019-02-20,32900,33150,32100,32650,163862,-0.0075987841945288626
2019-02-21,33350,34400,32700,33300,527469,0.019908116385911168
2019-02-22,33100,33900,33100,33350,250874,0.0015015015015014122
2019-02-25,33350,33800,33200,33250,161650,-0.0029985007496251548
2019-02-26,33150,33650,33050,33200,136629,-0.0015037593984962294
2019-02-27,33350,34000,32950,33650,228436,0.013554216867469826
2019-02-28,33850,33850,32700,32950,194292,-0.0208023774145617
2019-03-04,33250,34200,33250,33350,218251,0.012139605462822445
2019-03-05,33100,34350,33100,34100,314538,0.022488755622188883
2019-03-06,34100,34100,33100,33450,210026,-0.019061583577712593
2019-03-07,33550,33950,33200,33500,139241,0.001494768310911887
2019-03-08,33400,33400,32250,32500,190212,-0.02985074626865669
2019-03-11,32400,32950,31800,32750,153631,0.007692307692307665
2019-03-12,32950,33000,32400,32550,119032,-0.006106870229007688
2019-03-13,32500,32850,32350,32500,114614,-0.001536098310291889
2019-03-14,32550,32700,32150,32500,232361,0.0
2019-03-15,32500,33800,32450,33750,363503,0.03846153846153855
2019-03-18,33900,35150,33550,35100,576039,0.040000000000000036
2019-03-19,35300,35400,34500,34800,201989,-0.008547008547008517
2019-03-20,34550,34650,33900,34450,193351,-0.010057471264367845
2019-03-21,34300,34700,33150,33150,303984,-0.037735849056603765
2019-03-22,33200,34300,32800,33950,245343,0.02413273001508287
2019-03-25,33850,34900,33500,34250,283154,0.008836524300441795
2019-03-26,34500,35150,34200,34350,199749,0.0029197080291971655
2019-03-27,34700,34700,33800,34150,140280,-0.005822416302765698
2019-03-28,34150,34300,33400,33950,157048,-0.005856515373352855
2019-03-29,33950,35050,33950,34400,191012,0.013254786450662692
2019-04-01,34800,35300,34450,35200,248924,0.023255813953488413
2019-04-02,35200,35200,34500,34650,141893,-0.015625
2019-04-03,34400,34600,33800,34000,258002,-0.018759018759018753
2019-04-04,34000,34400,33400,34050,177394,0.0014705882352941124
2019-04-05,34150,34400,33500,33700,161044,-0.01027900146842875
2019-04-08,34000,34000,33250,33300,139782,-0.011869436201780381
2019-04-09,33150,33550,32900,33050,133522,-0.007507507507507505
2019-04-10,33200,33250,31500,31800,578851,-0.03782148260211804
2019-04-11,31950,31950,31300,31500,402503,-0.009433962264150941
2019-04-12,31650,31650,31050,31150,292124,-0.011111111111111072
2019-04-15,31100,31450,30850,31200,298525,0.0016051364365972098
2019-04-16,31300,31400,30800,31300,199769,0.0032051282051281937
2019-04-17,31350,31350,30850,31000,188532,-0.009584664536741228
2019-04-18,31050,31300,30800,31000,224829,0.0
2019-04-19,31050,31100,30800,30850,131839,-0.004838709677419395
2019-04-22,31350,31750,30900,30950,197134,0.0032414910858995505
2019-04-23,30950,31050,30500,30950,192915,0.0
2019-04-24,30950,31500,30600,30950,250059,0.0
2019-04-25,30850,31100,30600,30750,100485,-0.00646203554119551
2019-04-26,30450,30900,30200,30400,150039,-0.011382113821138184
2019-04-29,30350,30800,30350,30750,112833,0.011513157894736947
2019-04-30,30900,31200,30550,30900,141251,0.004878048780487809
2019-05-02,30650,31300,30350,31200,157656,0.009708737864077666
2019-05-03,30900,31150,30800,30850,134717,-0.011217948717948678
2019-05-07,30950,31200,30250,30400,197504,-0.014586709886547866
2019-05-08,29900,31200,29850,31050,194030,0.021381578947368363
2019-05-09,31200,31500,30700,30700,361234,-0.011272141706924366
2019-05-10,30800,31150,30300,30650,225042,-0.0016286644951140072
2019-05-13,30700,31000,30050,30400,123494,-0.00815660685154973
2019-05-14,30000,30800,29950,30500,180197,0.00328947368421062
2019-05-15,30300,30850,29850,30350,212708,-0.004918032786885296
2019-05-16,30100,30400,29950,30200,131418,-0.0049423393739703725
2019-05-17,30200,30600,29700,29800,199614,-0.013245033112582738
2019-05-20,29900,30100,29550,29850,104255,0.001677852348993314
2019-05-21,29800,30050,28550,29650,179678,-0.00670016750418756
2019-05-22,29750,31900,29050,31650,436100,0.06745362563237767
2019-05-23,31650,32200,31100,31850,299414,0.006319115323854652
2019-05-24,31800,32150,31150,31350,197223,-0.015698587127158548
2019-05-27,31350,31650,30850,31050,120950,-0.009569377990430672
2019-05-28,30900,31250,30700,30900,139221,-0.004830917874396157
2019-05-29,31000,31050,30000,30300,152670,-0.01941747572815533
2019-05-30,30200,30950,29650,29750,239071,-0.018151815181518205
2019-05-31,29850,30050,29550,29900,106327,0.005042016806722671
2019-06-03,30000,30750,29550,30600,147246,0.02341137123745818
2019-06-04,30800,31150,30500,31050,116719,0.014705882352941124
2019-06-05,30950,31550,30750,31400,113952,0.011272141706924366
2019-06-07,31600,31600,30950,31400,114223,0.0
2019-06-10,31950,32850,31650,32600,326837,0.03821656050955413
2019-06-11,32800,32850,31900,32500,157662,-0.0030674846625766694
2019-06-12,32200,32500,32100,32200,104679,-0.009230769230769265
2019-06-13,32250,32750,32200,32750,215730,0.017080745341614856
2019-06-14,32800,33050,32250,32300,158212,-0.013740458015267132
2019-06-17,32550,33050,32050,32100,226306,-0.006191950464396245
2019-06-18,32150,32900,31500,32800,169702,0.02180685358255441
2019-06-19,32900,33000,32050,32150,169885,-0.01981707317073167
2019-06-20,32250,32500,31650,31700,142125,-0.013996889580093264
2019-06-21,31700,32500,31650,32400,200206,0.02208201892744488
2019-06-24,32150,32750,31950,32600,91356,0.006172839506172867
2019-06-25,32650,32800,32100,32200,108640,-0.012269938650306789
2019-06-26,32200,32350,31700,31850,120392,-0.010869565217391353
2019-06-27,31750,32550,31750,32250,124945,0.012558869701726927
2019-06-28,32500,33800,32350,33250,426977,0.03100775193798455
2019-07-01,33250,33400,32100,32200,166124,-0.03157894736842104
2019-07-02,32200,32900,31900,32650,119872,0.013975155279503104
2019-07-03,32750,32850,32300,32650,111992,0.0
2019-07-04,32650,33450,32300,33000,153117,0.010719754977029039
2019-07-05,33250,33350,32450,32550,106850,-0.013636363636363669
2019-07-08,32350,32450,31200,31250,141733,-0.03993855606758834
2019-07-09,31300,31350,30550,30700,86689,-0.01759999999999995
2019-07-10,30750,31300,30200,30600,124715,-0.0032573289902280145
2019-07-11,30600,31200,30500,30650,193419,0.0016339869281045694
2019-07-12,30700,31500,30700,31500,71137,0.027732463295269127
2019-07-15,31350,31700,31200,31700,93647,0.006349206349206327
2019-07-16,31750,32450,31250,32000,139301,0.009463722397476282
2019-07-17,31650,32350,31650,32150,93479,0.004687499999999956
2019-07-18,32050,33150,31850,32900,255171,0.023328149300155587
2019-07-19,33150,33500,32800,33100,114680,0.006079027355623046
2019-07-22,33050,33300,32850,33000,90143,-0.0030211480362537513
2019-07-23,33000,33550,33000,33400,144206,0.0121212121212122
2019-07-24,33550,33700,32900,33400,137543,0.0
2019-07-25,33350,33400,32300,32450,193296,-0.02844311377245512
2019-07-26,32150,32950,32150,32700,86660,0.007704160246533087
2019-07-29,33200,33200,31600,31950,126083,-0.022935779816513735
2019-07-30,31800,32600,30800,31700,197630,-0.007824726134585291
2019-07-31,32000,32200,31350,32200,126465,0.01577287066246047
2019-08-01,31950,32300,31050,31400,118254,-0.024844720496894457
2019-08-02,30850,31800,30450,30700,171925,-0.022292993630573243
2019-08-05,30550,31050,29300,29950,236171,-0.02442996742671011
2019-08-06,29550,31000,28600,29800,248805,-0.005008347245408995
2019-08-07,29500,30200,28600,28750,185751,-0.03523489932885904
2019-08-08,29000,29650,28800,29400,185532,0.022608695652173827
2019-08-09,29600,30600,29250,30400,162305,0.03401360544217691
2019-08-12,30300,31300,30300,30700,167793,0.009868421052631637
2019-08-13,33400,36100,33250,35800,2869361,0.16612377850162874
2019-08-14,35600,37250,35550,36850,1133812,0.029329608938547524
2019-08-16,36700,37900,36400,37200,733664,0.009497964721845387
2019-08-19,37500,38450,36550,38400,710164,0.032258064516129004
2019-08-20,38450,38900,38050,38400,456889,0.0
2019-08-21,38400,39300,38300,38950,387100,0.01432291666666674
2019-08-22,38950,39000,37500,37750,471212,-0.03080872913992294
2019-08-23,38200,38850,37450,38500,323352,0.019867549668874274
2019-08-26,37800,39150,37800,38600,312611,0.0025974025974024872
2019-08-27,39450,39450,38300,38700,279162,0.002590673575129543
2019-08-28,38900,39250,38500,39150,289805,0.011627906976744207
2019-08-29,39150,39350,38850,39000,117863,-0.003831417624521105
2019-08-30,39150,39550,38650,38900,291911,-0.002564102564102555
2019-09-02,38550,39250,38350,38950,163088,0.0012853470437017567
2019-09-03,38850,40550,38850,40450,484800,0.038510911424903815
2019-09-04,40700,42600,40250,42500,743263,0.050679851668726794
2019-09-05,42450,42650,41100,41350,511419,-0.027058823529411802
2019-09-06,41550,43150,41450,42700,492859,0.03264812575574361
2019-09-09,43150,43550,42200,42400,469481,-0.007025761124121788
2019-09-10,42750,42900,42200,42550,316522,0.0035377358490567
2019-09-11,42900,42950,41250,42200,628516,-0.008225616921269108
2019-09-16,41800,42150,40200,41200,662753,-0.023696682464455
2019-09-17,41200,42200,41000,41600,347057,0.009708737864077666
2019-09-18,41550,42400,41200,41600,273458,0.0
2019-09-19,41900,42400,41500,42250,275117,0.015625
2019-09-20,42250,42500,41500,41900,346218,-0.008284023668639007
2019-09-23,41900,42800,41750,42200,211696,0.007159904534606243
2019-09-24,42000,42900,42000,42800,313934,0.014218009478673022
2019-09-25,42900,43000,42200,42300,249303,-0.011682242990654235
2019-09-26,42800,44800,42400,42850,590330,0.013002364066193817
2019-09-27,43250,43250,40850,40950,349971,-0.04434072345390894
2019-09-30,40900,42300,40500,42150,303428,0.0293040293040292
2019-10-01,42500,43050,42050,42700,220588,0.013048635824436605
2019-10-02,42300,43100,42000,42400,215819,-0.007025761124121788
2019-10-04,42900,42950,42100,42800,186790,0.009433962264151052
2019-10-07,43100,43150,40200,40500,502641,-0.053738317757009324
2019-10-08,40250,42600,39600,42300,483555,0.04444444444444451
2019-10-10,43200,43600,41800,42350,334172,0.0011820330969267712
2019-10-11,42800,42850,41100,41300,219775,-0.024793388429752095
2019-10-14,41550,42200,41250,41600,185138,0.007263922518159882
2019-10-15,41950,41950,40850,41300,231573,-0.007211538461538436
2019-10-16,41400,42000,40800,41300,228402,0.0
2019-10-17,41500,42550,41350,41800,313759,0.012106537530266248
2019-10-18,42250,42250,41450,41650,190201,-0.0035885167464114742
2019-10-21,41900,41900,40300,40650,320261,-0.02400960384153661
2019-10-22,40600,40950,40200,40500,204196,-0.0036900369003689537
2019-10-23,40400,40600,39450,39850,330657,-0.016049382716049387
2019-10-24,39450,40500,39450,39900,144667,0.0012547051442910462
2019-10-25,39900,40250,39300,39650,132796,-0.006265664160400974
2019-10-28,39400,40600,39400,39850,206465,0.0050441361916770955
2019-10-29,39500,40150,38600,38950,274274,-0.02258469259723961
2019-10-30,38950,39250,37400,37650,316522,-0.033376123234916566
2019-10-31,37750,38300,37500,37800,185112,0.003984063745019917
2019-11-01,37800,37950,36650,36800,292282,-0.02645502645502651
2019-11-04,37150,38500,37050,37700,267645,0.024456521739130377
2019-11-05,37700,38150,37150,37350,223956,-0.009283819628647216
2019-11-06,37450,38350,37100,38000,376556,0.01740294511378848
2019-11-07,41000,41050,36950,37100,1093160,-0.023684210526315752
2019-11-08,37150,37450,36650,36700,261990,-0.010781671159029615
2019-11-11,36650,37100,35750,36250,317913,-0.012261580381471404
2019-11-12,37600,38000,36200,37700,741215,0.040000000000000036
2019-11-13,37700,38200,37100,37850,374891,0.003978779840848823
2019-11-14,38000,38150,37600,38000,280427,0.003963011889035695
2019-11-15,38300,38500,37800,38250,238819,0.006578947368421018
2019-11-18,39000,39000,38100,38900,241425,0.01699346405228752
2019-11-19,39100,39750,38500,39400,337488,0.01285347043701801
2019-11-20,39250,39450,38250,38500,231894,-0.022842639593908642
2019-11-21,38700,39500,38150,38450,333748,-0.0012987012987012436
2019-11-22,38500,39450,38500,39400,293615,0.024707412223667014
2019-11-25,39250,39300,38250,39150,192684,-0.006345177664974666
2019-11-26,39150,39750,39100,39650,191050,0.012771392081736943
2019-11-27,39950,40350,39400,39800,203747,0.003783102143757988
2019-11-28,39400,39550,38500,38550,194845,-0.031407035175879394
2019-11-29,38850,39150,38100,38450,176941,-0.0025940337224383825
2019-12-02,38300,38750,37850,38050,113546,-0.01040312093628093
2019-12-03,37450,38350,37100,37950,143082,-0.0026281208935611255
2019-12-04,37700,38850,37600,38000,231912,0.0013175230566535578
2019-12-05,38050,38500,37700,38400,207803,0.010526315789473717
2019-12-06,38250,38600,37700,37900,146269,-0.01302083333333337
2019-12-09,38100,38100,37050,37100,208553,-0.02110817941952503
2019-12-10,37000,37650,36850,37250,135151,0.0040431266846361336
2019-12-11,37400,37400,36850,37100,137437,-0.004026845637583931
2019-12-12,37250,37550,37050,37150,301681,0.0013477088948787852
2019-12-13,37350,37750,36800,37000,315711,-0.004037685060565233
2019-12-16,37200,37200,35700,36100,400635,-0.024324324324324298
2019-12-17,36200,36600,35700,36150,206338,0.0013850415512466352
2019-12-18,36150,36250,35100,35300,338525,-0.023513139695712337
2019-12-19,35300,35400,34900,35050,154437,-0.007082152974504208
2019-12-20,35050,35400,34850,35350,183924,0.008559201141226769
2019-12-23,35450,35450,34850,35000,165195,-0.00990099009900991
2019-12-24,34850,35150,34350,34750,209353,-0.0071428571428571175
2019-12-26,34750,35000,34250,34400,156785,-0.010071942446043147
2019-12-27,34300,35150,34150,34900,176411,0.014534883720930258
2019-12-30,34850,35450,34400,35050,229919,0.004297994269341077
2020-01-02,35300,35300,34650,34700,163331,-0.0099857346647646
2020-01-03,34700,35050,34450,34850,206894,0.004322766570605152
2020-01-06,35000,36000,34850,35150,375881,0.008608321377331363
2020-01-07,35200,35250,34450,34650,163170,-0.014224751066856278
2020-01-08,34900,36450,33550,34100,1092390,-0.015873015873015928
2020-01-09,33600,34350,33600,34300,298343,0.0058651026392961825
2020-01-10,34050,34400,33800,34200,242405,-0.002915451895043719
2020-01-13,33950,34900,33950,34350,188416,0.004385964912280604
2020-01-14,34350,35600,34350,35500,376440,0.033478893740902516
2020-01-15,35500,35550,34950,35350,261361,-0.004225352112676051
2020-01-16,35600,35700,35000,35100,143302,-0.007072135785007094
2020-01-17,35250,35650,34800,34800,163866,-0.008547008547008517
2020-01-20,34800,35750,34800,34950,176245,0.004310344827586299
2020-01-21,35250,36000,35050,35600,331462,0.01859799713876975
2020-01-22,35950,36200,35000,35300,201531,-0.008426966292134797
2020-01-23,35100,35650,34900,35150,158842,-0.004249291784702569
2020-01-28,34150,34900,32900,33000,295585,-0.061166429587482196
2020-01-29,33100,33950,33100,33700,160097,0.021212121212121238
2020-01-30,33750,34200,32800,33150,164020,-0.016320474777448024
2020-01-31,33100,33550,32350,32500,152678,-0.019607843137254943
2020-02-03,31900,33150,31700,32400,240432,-0.003076923076923088
2020-02-04,32150,33250,32150,32700,160356,0.0092592592592593
2020-02-05,32750,33650,32700,33050,166290,0.010703363914372988
2020-02-06,33350,34450,33350,34250,167347,0.036308623298033194
2020-02-07,33950,34450,33600,33900,125092,-0.010218978102189746
2020-02-10,33850,34050,33450,33950,97356,0.001474926253687281
2020-02-11,34100,34550,33600,33700,148186,-0.007363770250368162
2020-02-12,33350,34000,33350,33850,130367,0.004451038575667754
2020-02-13,33850,34000,33300,33550,197267,-0.008862629246676468
2020-02-14,33300,33750,32900,33300,160314,-0.007451564828613977
2020-02-17,33150,33400,32650,33100,117465,-0.006006006006005982
2020-02-18,32950,33150,32500,32600,152373,-0.015105740181268867
2020-02-19,33000,33250,32200,32750,174877,0.004601226993865115
2020-02-20,32500,32950,32150,32150,156018,-0.018320610687022953
2020-02-21,31850,32700,31300,32300,313991,0.004665629860031162
2020-02-24,31700,31800,28850,29200,680532,-0.09597523219814241
2020-02-25,28700,30200,28650,30000,325895,0.027397260273972712
2020-02-26,29450,29800,29050,29200,263901,-0.026666666666666616
2020-02-27,29250,29950,29050,29100,194583,-0.003424657534246589
2020-02-28,28500,29050,27250,27500,498985,-0.054982817869415834
2020-03-02,27200,28050,27200,27750,257513,0.009090909090909038
2020-03-03,28100,28550,27550,27750,241573,0.0
2020-03-04,27500,28750,27450,28400,204105,0.023423423423423406
2020-03-05,28550,29350,28450,28950,221897,0.01936619718309851
2020-03-06,28650,28900,27950,28200,215917,-0.025906735751295318
2020-03-09,27550,27700,26500,26750,358557,-0.0514184397163121
2020-03-10,26250,27200,26100,26350,319286,-0.01495327102803734
2020-03-11,26350,26600,25400,25500,259603,-0.032258064516129004
2020-03-12,25200,25400,23550,23850,476674,-0.06470588235294117
2020-03-13,21150,22600,20450,22050,797717,-0.07547169811320753
2020-03-16,22250,22900,21000,21000,326383,-0.04761904761904767
2020-03-17,19350,21150,19350,20200,378303,-0.03809523809523807
2020-03-18,20150,20500,18450,18450,369689,-0.0866336633663366
2020-03-19,18500,18950,15450,15700,706180,-0.14905149051490518
2020-03-20,15700,16750,15050,16750,717128,0.06687898089171984
2020-03-23,15100,15600,14850,15000,462930,-0.10447761194029848
2020-03-24,15300,16650,15100,16650,465924,0.1100000000000001
2020-03-25,17850,19100,17550,18200,654279,0.0930930930930931
2020-03-26,18750,19900,18000,19250,662070,0.05769230769230771
2020-03-27,20500,20800,18800,19800,536289,0.02857142857142847
2020-03-30,18800,20150,18650,20150,339888,0.017676767676767735
2020-03-31,20500,21050,20200,20550,367761,0.01985111662531014
2020-04-01,20150,20800,19700,19950,356431,-0.029197080291970767
2020-04-02,19600,20050,19250,19950,297199,0.0
2020-04-03,19900,19900,19250,19500,289842,-0.022556390977443663
2020-04-06,19600,20200,19400,20150,259943,0.03333333333333344
2020-04-07,21150,23500,20800,22300,837639,0.10669975186104219
2020-04-08,22250,23750,21600,22950,504879,0.029147982062780242
2020-04-09,23500,24050,23000,23350,370615,0.017429193899782147
2020-04-10,23400,23700,22900,23250,262357,-0.004282655246252709
2020-04-13,23250,23400,21950,21950,299188,-0.05591397849462365
2020-04-14,22150,22950,22100,22950,317221,0.04555808656036442
2020-04-16,22250,22600,21850,22550,268872,-0.017429193899782147
2020-04-17,22950,23450,22750,23150,302962,0.026607538802660757
2020-04-20,23350,24100,23050,23400,312201,0.010799136069114423
2020-04-21,23400,29500,22500,24650,5908661,0.05341880341880345
2020-04-22,24200,24750,23400,24150,1206783,-0.020283975659229236
2020-04-23,24150,24500,24000,24250,607632,0.0041407867494824835
2020-04-24,24650,27100,24600,25700,2860903,0.0597938144329897
2020-04-27,25400,26500,25200,26050,969445,0.013618677042801508
2020-04-28,26150,28450,25650,27400,2733936,0.051823416506717956
2020-04-29,27250,27900,26550,26900,803064,-0.018248175182481785
2020-05-04,25050,25550,24350,24350,791292,-0.09479553903345728
2020-05-06,24500,24850,24450,24600,379897,0.010266940451745477
2020-05-07,24400,25250,24350,25150,301319,0.022357723577235866
2020-05-08,25250,25400,24900,25000,271047,-0.005964214711729587
2020-05-11,25000,25200,24450,24450,386417,-0.02200000000000002
2020-05-12,24700,24750,23400,23650,477651,-0.03271983640081799
2020-05-13,23650,24500,23650,24300,384461,0.02748414376321362
2020-05-14,24200,24200,23100,23250,495053,-0.043209876543209846
2020-05-15,23300,23600,23000,23450,345914,0.008602150537634357
2020-05-18,23700,23700,22900,23100,220870,-0.014925373134328401
2020-05-19,23550,23950,23400,23750,401700,0.02813852813852824
2020-05-20,23650,23900,23450,23800,242377,0.002105263157894832
2020-05-21,23900,24350,23650,23900,343767,0.004201680672268893
2020-05-22,24000,24000,22950,23200,415653,-0.029288702928870314
2020-05-25,23500,23500,22850,23050,274742,-0.006465517241379337
2020-05-26,23000,23700,23000,23500,330081,0.01952277657266821
2020-05-27,23500,24600,23500,24500,642701,0.042553191489361764
2020-05-28,24750,25250,23750,24000,790000,-0.020408163265306145
2020-05-29,24300,24450,23800,24300,447332,0.012499999999999956
2020-06-01,24800,24850,24200,24500,354132,0.008230452674897082
2020-06-02,24250,24600,24100,24500,302240,0.0
2020-06-03,24650,25600,24500,25150,716294,0.026530612244898055
2020-06-04,26250,26250,24950,25300,777983,0.005964214711729587
2020-06-05,25200,25450,24750,25450,317687,0.005928853754940677
2020-06-08,25750,25800,25200,25300,474793,-0.005893909626719096
2020-06-09,25850,26650,25200,25500,1098364,0.007905138339920903
2020-06-10,25600,25650,24800,25050,393279,-0.01764705882352946
2020-06-11,25100,25150,24500,25150,494127,0.003992015968063978
2020-06-12,24100,24700,23900,24500,476050,-0.025844930417495027
2020-06-15,25050,28200,25000,26150,3745454,0.06734693877551012
2020-06-16,25700,26600,25050,26250,1982075,0.003824091778202643
2020-06-17,28700,31100,26750,29850,11721235,0.13714285714285723
2020-06-18,29100,30700,28400,29200,4839770,-0.021775544388609736
2020-06-19,29250,29650,26550,26650,3757564,-0.08732876712328763
2020-06-22,26150,27300,25600,26350,1136631,-0.011257035647279534
2020-06-23,26350,27100,25950,26100,817265,-0.009487666034155628
2020-06-24,25100,25500,24500,24650,1057966,-0.05555555555555558
2020-06-25,24650,24650,24100,24100,400601,-0.022312373225152116
2020-06-26,24300,25450,24250,25150,564237,0.043568464730290524
2020-06-29,25450,25450,24400,24600,314328,-0.021868787276341894
2020-06-30,25450,25450,24600,24600,414303,0.0
2020-07-01,24700,25150,24500,24700,319211,0.004065040650406582
2020-07-02,24700,25000,24550,24650,261005,-0.002024291497975672
2020-07-03,24650,24700,24200,24450,285011,-0.008113590263691739
2020-07-06,24500,24750,24350,24650,228287,0.008179959100204526
2020-07-07,24800,24900,24350,24350,324098,-0.012170385395537497
2020-07-08,24300,24500,24000,24300,283339,-0.002053388090349051
2020-07-09,24500,24500,24050,24050,294485,-0.010288065843621408
2020-07-10,24100,24100,23350,23400,332612,-0.027027027027026973
2020-07-13,23600,24050,23500,23800,199234,0.017094017094017033
2020-07-14,23600,23950,23500,23950,174615,0.006302521008403339
2020-07-15,24050,24450,24000,24350,255083,0.016701461377870652
2020-07-16,24200,24600,24000,24100,214962,-0.010266940451745366
2020-07-17,23850,24150,23850,23850,183090,-0.010373443983402453
2020-07-20,24200,24250,23900,24000,183075,0.0062893081761006275
2020-07-21,23950,24400,23950,24200,258062,0.008333333333333304
2020-07-22,24050,24800,24050,24600,346033,0.016528925619834656
2020-07-23,24600,24700,24100,24300,208999,-0.012195121951219523
2020-07-24,24000,24200,23900,23900,242089,-0.016460905349794275
2020-07-27,25850,26650,24750,25000,1351751,0.046025104602510414
2020-07-28,25000,26000,24500,25600,886977,0.02400000000000002
2020-07-29,27250,28500,25900,25900,2136279,0.01171875
2020-07-30,25900,25950,24850,24950,734928,-0.03667953667953672
2020-07-31,24900,25000,24300,24300,484757,-0.02605210420841686
2020-08-03,24200,24800,24150,24500,301738,0.008230452674897082
2020-08-04,24500,25300,24500,25200,317390,0.02857142857142847
2020-08-05,25250,25900,24900,25800,615252,0.023809523809523725
2020-08-06,25800,26150,25400,25400,418552,-0.015503875968992276
2020-08-07,25350,25550,24950,25550,403003,0.0059055118110236116
2020-08-10,25550,27150,25150,26850,1199916,0.050880626223092085
2020-08-11,27250,27600,26600,27400,742071,0.020484171322160183
2020-08-12,27750,27750,26250,26950,1072899,-0.01642335766423353
2020-08-13,27200,27350,26400,27100,765699,0.005565862708719838
2020-08-14,27100,27800,26850,27100,691182,0.0
2020-08-18,27200,27450,25700,25750,659799,-0.04981549815498154
2020-08-19,25950,26150,25350,25700,386669,-0.001941747572815511
2020-08-20,25850,26100,24650,24800,799075,-0.035019455252918275
2020-08-21,25650,26250,25150,25700,776698,0.03629032258064524
2020-08-24,25500,25950,24900,25600,304220,-0.0038910505836575737
2020-08-25,25750,26450,25700,26300,384050,0.02734375
2020-08-26,26600,26800,26050,26300,392912,0.0
2020-08-27,26350,26400,25500,25500,355900,-0.03041825095057038
2020-08-28,25300,25950,25300,25600,265309,0.0039215686274509665
2020-08-31,25650,26100,25600,25800,297703,0.0078125
2020-09-01,25600,26950,25600,26700,612603,0.03488372093023262
2020-09-02,27000,27050,26500,26800,349153,0.0037453183520599342
2020-09-03,27650,29600,27100,29250,2721162,0.09141791044776126
2020-09-04,28500,31000,28350,29150,2118062,-0.0034188034188034067
2020-09-07,29500,30200,28650,28800,993760,-0.012006861063464824
2020-09-08,29400,29750,29050,29200,679513,0.01388888888888884
2020-09-09,29000,29450,28150,28150,682021,-0.03595890410958902
2020-09-10,28300,28550,27750,28350,479004,0.007104795737122638
2020-09-11,28200,28200,27350,27600,387384,-0.02645502645502651
2020-09-14,27400,28150,27250,28150,383368,0.019927536231884035
2020-09-15,28200,28200,27350,27600,490726,-0.019538188277087087
2020-09-16,28400,28600,27000,27100,984418,-0.018115942028985477
2020-09-17,27050,27050,26250,26700,475004,-0.014760147601476037
2020-09-18,26700,27000,26450,27000,281855,0.011235955056179803
2020-09-21,26700,26900,26250,26300,359052,-0.025925925925925908
2020-09-22,26000,26100,25250,25350,462899,-0.03612167300380231
2020-09-23,25500,25750,24850,25600,262133,0.009861932938856066
2020-09-24,25000,26300,24950,25550,433197,-0.001953125
2020-09-25,25950,25950,24750,25000,323872,-0.021526418786692814
2020-09-28,25200,25300,24950,25050,207220,0.0020000000000000018
2020-09-29,25300,25500,25050,25400,197643,0.013972055888223478
2020-10-05,25650,26500,25450,26400,247192,0.03937007874015741
2020-10-06,26300,26650,26100,26350,176788,-0.0018939393939394478
2020-10-07,26500,27000,26050,26850,246593,0.018975332068311257
2020-10-08,27000,27000,26500,26500,218525,-0.013035381750465591
2020-10-12,26500,26950,26250,26900,233198,0.015094339622641506
2020-10-13,27000,27000,26500,26800,233401,-0.0037174721189591198
2020-10-14,26900,26950,26250,26250,184423,-0.020522388059701524
2020-10-15,26200,26400,25650,25750,184764,-0.01904761904761909
2020-10-16,25900,25950,25500,25850,149135,0.003883495145631022
2020-10-19,26100,26600,25950,26000,289871,0.005802707930367523
2020-10-20,25950,26200,25500,25750,216584,-0.009615384615384581
2020-10-21,25750,26350,25750,26250,188902,0.01941747572815533
2020-10-22,26250,26400,25900,25950,135130,-0.011428571428571455
2020-10-23,26200,27150,26100,27100,585770,0.044315992292870865
2020-10-26,27100,27500,26400,26600,372419,-0.01845018450184499
2020-10-27,26200,26300,25800,25950,299745,-0.024436090225563922
2020-10-28,25700,26150,25600,26150,189656,0.007707129094412402
2020-10-29,25600,25750,25300,25600,292385,-0.021032504780114758
2020-10-30,25500,25550,25000,25100,235735,-0.01953125
2020-11-02,25100,25450,25000,25400,108742,0.01195219123505975
2020-11-03,25350,25800,25350,25750,122177,0.013779527559055094
2020-11-04,25900,26150,25350,25550,264858,-0.007766990291262155
2020-11-05,25750,26100,25550,26100,272611,0.021526418786692814
2020-11-06,26050,26150,25750,25800,146702,-0.011494252873563204
2020-11-09,26100,26500,26000,26350,275847,0.02131782945736438
2020-11-10,26950,27700,26550,27500,789689,0.0436432637571158
2020-11-11,27650,28500,27100,28500,881518,0.036363636363636376
2020-11-12,28600,28600,27300,27400,832583,-0.038596491228070184
2020-11-13,27400,27800,26850,27050,330577,-0.012773722627737238
2020-11-16,27400,27900,27150,27600,431589,0.020332717190388205
2020-11-17,27750,27900,27050,27450,329823,-0.005434782608695676
2020-11-18,27450,27650,26900,27050,323754,-0.014571948998178486
2020-11-19,27000,27150,26550,26700,246963,-0.012939001848428888
2020-11-20,26600,26950,26500,26850,250829,0.00561797752808979
2020-11-23,26850,27650,26700,27400,389699,0.020484171322160183
2020-11-24,27500,27650,26950,27300,471216,-0.0036496350364964014
2020-11-25,27600,27750,26850,27100,496629,-0.0073260073260073
2020-11-26,26950,27250,26700,27250,286161,0.005535055350553542
2020-11-27,27000,27200,26850,26900,185516,-0.012844036697247652
2020-11-30,27000,27050,26350,26400,376411,-0.018587360594795488
2020-12-01,26750,26750,26350,26350,235531,-0.0018939393939394478
2020-12-02,26450,26600,26250,26550,264247,0.007590132827324458
2020-12-03,26550,27000,26250,26850,267825,0.011299435028248483
2020-12-04,27050,27100,26700,26900,263615,0.0018621973929235924
2020-12-07,26950,27000,26100,26200,395467,-0.026022304832713727
2020-12-08,26150,26300,25850,25950,402499,-0.009541984732824416
2020-12-09,26100,26450,25800,26450,351162,0.019267822736030782
2020-12-10,26350,27100,26050,27050,517033,0.022684310018903586
2020-12-11,27050,27800,27050,27150,558211,0.003696857670979714
2020-12-14,27150,27200,26900,27150,264516,0.0
2020-12-15,27450,28150,27350,28050,884240,0.03314917127071815
2020-12-16,28200,29100,28000,29100,957560,0.03743315508021383
2020-12-17,29100,29150,28100,28600,588422,-0.01718213058419249
2020-12-18,28500,29400,28500,29050,574274,0.01573426573426584
2020-12-21,29150,29200,28250,28700,326975,-0.012048192771084376
2020-12-22,28300,28450,27500,27650,451522,-0.03658536585365857
2020-12-23,27850,28050,26900,27700,401352,0.001808318264014508
2020-12-24,27750,28400,27600,28000,299556,0.010830324909747224
2020-12-28,28050,28750,27900,28400,435452,0.014285714285714235
2020-12-29,28450,28750,28000,28200,304860,-0.007042253521126751
2020-12-30,28200,28700,27950,28500,320361,0.010638297872340496
2021-01-04,28900,29900,28500,29800,908760,0.04561403508771922
2021-01-05,29800,30800,29150,30700,895327,0.030201342281879207
2021-01-06,31150,31350,30150,30350,781170,-0.01140065146579805
2021-01-07,30700,30850,30350,30800,552883,0.014827018121911006
2021-01-08,31050,33700,30650,32750,2066290,0.06331168831168821
2021-01-11,32950,33750,30700,31800,1621108,-0.02900763358778624
2021-01-12,31500,33900,30650,33550,2251689,0.055031446540880546
2021-01-13,34300,34300,32750,33050,1224200,-0.014903129657228065
2021-01-14,33100,33400,31950,32500,527806,-0.016641452344931973
2021-01-15,32850,36250,32650,35950,3417300,0.10615384615384604
2021-01-18,36200,39700,35250,38700,4354287,0.07649513212795545
2021-01-19,39750,40000,37500,39150,1855204,0.011627906976744207
2021-01-20,39450,42000,38450,41100,2832400,0.04980842911877392
2021-01-21,41800,43450,40300,42100,2440809,0.024330900243308973
2021-01-22,42400,42400,39800,39900,1300089,-0.052256532066508266
2021-01-25,39900,43750,39650,43050,1797615,0.07894736842105265
2021-01-26,43400,46650,42200,44600,2067691,0.03600464576074325
2021-01-27,45400,46650,42250,42600,1361488,-0.04484304932735428
2021-01-28,41350,42350,40450,40550,1182716,-0.0481220657276995
2021-01-29,41000,42700,38950,40650,2115936,0.002466091245376001
2021-02-01,40250,41250,39000,40900,969024,0.006150061500614923
2021-02-02,42500,44200,41000,41700,1569950,0.019559902200489088
2021-02-03,41800,42350,41100,42300,667465,0.014388489208633004
2021-02-04,42650,45700,41500,44250,2641000,0.046099290780141855
2021-02-05,44200,44700,42650,43550,945828,-0.015819209039548032
2021-02-08,43500,44000,42300,42400,602992,-0.02640642939150406
2021-02-09,42700,43150,40700,40850,812088,-0.03655660377358494
2021-02-10,41300,43900,40950,43300,1351918,0.059975520195838516
2021-02-15,44400,45150,43300,44400,911115,0.025404157043879882
2021-02-16,44600,44650,42650,42900,643550,-0.03378378378378377
2021-02-17,42700,42700,41400,41600,631326,-0.030303030303030276
2021-02-18,41700,44100,41700,42450,928139,0.02043269230769229
2021-02-19,43000,43850,40750,41850,798665,-0.014134275618374548
2021-02-22,42200,43300,41100,41550,501385,-0.007168458781361964
2021-02-23,41050,41500,40350,40400,437091,-0.0276774969915764
2021-02-24,40400,40750,37950,38100,1010963,-0.05693069306930698
2021-02-25,38950,39250,38300,38900,481891,0.0209973753280841
2021-02-26,37500,37600,36100,36900,1013867,-0.05141388174807193
2021-03-02,38750,39300,37050,37600,740979,0.01897018970189701
2021-03-03,37500,38850,37100,38350,554328,0.019946808510638236
2021-03-04,37900,38600,37400,37750,365926,-0.01564537157757495
2021-03-05,37200,37300,36350,37000,469599,-0.019867549668874163
2021-03-08,37800,38950,37300,37400,724952,0.0108108108108107
2021-03-09,37600,38000,36000,36900,399715,-0.013368983957219305
2021-03-10,37800,38150,36700,37050,339697,0.004065040650406582
2021-03-11,37350,42150,37250,41250,1940345,0.11336032388663964
2021-03-12,41300,41750,40500,41250,763609,0.0
2021-03-15,41200,41800,40700,41300,470214,0.00121212121212122
2021-03-16,41700,41800,40600,40700,460886,-0.014527845036319653
2021-03-17,40800,41350,39700,41250,563386,0.013513513513513598
2021-03-18,41700,42350,41100,41850,601872,0.014545454545454639
2021-03-19,41000,42100,40450,41650,534895,-0.004778972520907976
2021-03-22,41850,42000,40700,40800,444340,-0.020408163265306145
2021-03-23,41200,41500,38900,39250,670885,-0.03799019607843135
2021-03-24,39250,39600,38600,39250,338616,0.0
2021-03-25,39350,39700,38800,39100,363911,-0.003821656050955413
2021-03-26,39150,41250,39150,40000,868923,0.023017902813299296
2021-03-29,40500,41800,40100,40850,926982,0.02124999999999999
2021-03-30,41700,41950,38950,39700,1135292,-0.028151774785801664
2021-03-31,39700,41650,39250,40900,933510,0.030226700251889227
2021-04-01,40900,41250,40000,40250,365316,-0.0158924205378973
2021-04-02,40400,40600,39850,39900,293435,-0.008695652173912993
2021-04-05,40000,41300,39900,40950,472086,0.026315789473684292
2021-04-06,41050,41300,39900,40300,295003,-0.015873015873015928
2021-04-07,40300,40700,39850,39900,303302,-0.00992555831265507
2021-04-08,40250,40300,39700,39700,359071,-0.005012531328320802
2021-04-09,40000,40350,39900,40050,291491,0.00881612090680095
2021-04-12,40250,40400,39700,39900,379774,-0.0037453183520599342
2021-04-13,40000,40400,39800,40400,355221,0.012531328320801949
2021-04-14,41300,42650,40750,41300,1408478,0.022277227722772297
2021-04-15,41300,41350,40600,40700,304566,-0.014527845036319653
2021-04-16,40850,41000,40150,40450,318655,-0.00614250614250611
2021-04-19,40300,40550,39950,40350,387789,-0.0024721878862793423
2021-04-20,40450,40750,40300,40700,299498,0.00867410161090465
2021-04-21,40700,40800,39300,39450,700217,-0.03071253071253066
2021-04-22,39700,40100,39500,40050,351193,0.015209125475285079
2021-04-23,40050,40150,39500,39900,394646,-0.0037453183520599342
2021-04-26,39950,40150,39650,39700,249971,-0.005012531328320802
2021-04-27,39700,39700,38650,38850,479467,-0.021410579345088165
2021-04-28,38850,39650,38000,38000,422904,-0.02187902187902191
2021-04-29,38200,38700,37550,37950,208436,-0.001315789473684159
2021-04-30,38000,38950,37900,38600,198989,0.017127799736495364
2021-05-03,38750,38800,37200,37450,322868,-0.029792746113989632
2021-05-04,37400,37400,36200,37250,391579,-0.005340453938584733
2021-05-06,37050,39500,36800,39150,540969,0.051006711409395944
2021-05-07,39600,40600,39100,40250,556561,0.02809706257982114
2021-05-10,40750,41000,40150,40500,424796,0.006211180124223503
2021-05-11,40350,40950,39700,40400,844385,-0.0024691358024691024
2021-05-12,41000,41750,39650,40750,1201996,0.00866336633663356
2021-05-13,39950,43000,39700,42250,1919085,0.036809815950920255
2021-05-14,42700,43750,41700,43250,1074285,0.023668639053254337
2021-05-17,43700,44050,42200,42400,704076,-0.01965317919075149
2021-05-18,42800,44700,42500,44050,1124351,0.03891509433962259
2021-05-20,43700,43700,42100,42550,534695,-0.034052213393870656
2021-05-21,43000,43600,42000,42700,491061,0.003525264394829586
2021-05-24,45000,45300,42900,43500,1621726,0.0187353629976581
2021-05-25,43900,49300,43500,48950,5914845,0.12528735632183907
2021-05-26,49200,49750,47700,49050,1815223,0.0020429009193054792
2021-05-27,49050,49400,47200,47250,995945,-0.03669724770642202
2021-05-28,47550,48450,47100,47350,722955,0.002116402116402183
2021-05-31,47400,48150,46200,46800,709999,-0.011615628299894376
2021-06-01,46550,48850,46150,48650,1080436,0.03952991452991461
2021-06-02,48650,48650,47300,47600,717322,-0.021582733812949617
2021-06-03,47650,47750,46350,46900,481000,-0.014705882352941124
2021-06-04,46650,47150,45900,46550,475892,-0.007462686567164201
2021-06-07,47000,48100,46550,47600,676758,0.022556390977443552
2021-06-08,48000,51300,47800,49450,2103538,0.03886554621848748
2021-06-09,49650,50800,48600,50100,744822,0.013144590495449915
2021-06-10,50500,50700,48750,48800,733034,-0.02594810379241519
2021-06-11,48600,49400,48150,49000,419246,0.004098360655737654
2021-06-14,49100,49650,48000,48200,365346,-0.01632653061224487
2021-06-15,48250,48850,47750,48050,316197,-0.003112033195020736
2021-06-16,47900,48750,47700,47950,334755,-0.002081165452653466
2021-06-17,47800,47950,46000,46350,803155,-0.033368091762252305
2021-06-18,46550,48900,46300,48600,848713,0.04854368932038833
2021-06-21,48100,48500,46600,46950,535869,-0.03395061728395066
2021-06-22,47500,48250,47150,47450,288624,0.010649627263045858
2021-06-23,47550,47700,46150,46500,479845,-0.02002107481559534
2021-06-24,46750,47350,46550,46800,261332,0.006451612903225712
2021-06-25,46900,47000,46300,46450,389400,-0.007478632478632452
2021-06-28,47050,48700,46500,46550,627181,0.0021528525296017342
2021-06-29,46600,47800,46350,47350,413058,0.017185821697099923
2021-06-30,47450,47500,46550,47000,330414,-0.007391763463569179
2021-07-01,46900,47850,46450,47150,394173,0.0031914893617022155
2021-07-02,47900,49750,47900,48450,801538,0.0275715800636267
2021-07-05,48900,54500,48600,53500,3222660,0.10423116615067074
2021-07-06,53500,55300,52900,54300,1281141,0.01495327102803734
2021-07-07,54000,55200,53400,54500,770984,0.0036832412523020164
2021-07-08,54500,55100,50800,50800,1334065,-0.06788990825688068
2021-07-09,51000,52400,50400,51300,887239,0.009842519685039353
2021-07-12,52200,52700,51000,51200,558211,-0.0019493177387914784
2021-07-13,50500,51500,49950,51500,480067,0.005859375
2021-07-14,51000,51200,50100,50400,337693,-0.021359223300970842
2021-07-15,50700,51800,50500,50700,440628,0.005952380952380931
2021-07-16,51000,52500,50700,51500,525029,0.015779092702169706
2021-07-19,52500,53100,51000,51600,614031,0.001941747572815622
2021-07-20,50600,52200,50500,51600,392436,0.0
2021-07-21,52400,52400,50700,50900,499557,-0.013565891472868241
2021-07-22,51100,52800,50700,52200,473246,0.025540275049115824
2021-07-23,52300,53000,51600,51800,358425,-0.007662835249042099
2021-07-26,52100,52100,50900,50900,301964,-0.01737451737451734
2021-07-27,51000,52200,50600,50900,290167,0.0
2021-07-28,50800,51200,49500,50100,357762,-0.015717092337917515
2021-07-29,50800,52700,50700,51600,652656,0.029940119760478945
2021-07-30,51700,51800,50900,51800,293562,0.003875968992248069
2021-08-02,52000,54900,51600,54000,1043751,0.042471042471042386
2021-08-03,54100,54600,52700,54000,641290,0.0
2021-08-04,53800,56600,53500,55100,896818,0.020370370370370372
2021-08-05,55200,55800,52900,53500,696466,-0.029038112522686066
2021-08-06,53700,53900,51800,52300,918379,-0.02242990654205612
2021-08-09,52200,52300,51400,51600,427149,-0.013384321223709361
2021-08-10,51800,52100,51100,52000,299776,0.007751937984496138
2021-08-11,51800,53100,50200,50500,891252,-0.028846153846153855
2021-08-12,50600,52700,50100,51700,770397,0.023762376237623783
2021-08-13,52100,52100,50500,51400,386210,-0.005802707930367523
2021-08-17,51700,51900,49900,50000,447115,-0.027237354085603127
2021-08-18,49850,51100,49750,50400,364130,0.008000000000000007
2021-08-19,50000,50100,47800,47850,733559,-0.05059523809523814
2021-08-20,47850,48650,47000,47350,451123,-0.010449320794148398
2021-08-23,47400,48650,47200,47800,354888,0.009503695881731833
2021-08-24,48000,48800,47900,48300,285392,0.010460251046025215
2021-08-25,48400,49000,48100,48450,246621,0.0031055900621117516
2021-08-26,48450,48750,47550,47950,325876,-0.01031991744066052
2021-08-27,47900,48600,47500,48300,230653,0.007299270072992803
2021-08-30,49000,50700,48650,50200,548437,0.039337474120082705
2021-08-31,50600,51200,49800,50900,395493,0.013944223107569709
2021-09-01,50700,51300,50200,50400,218966,-0.00982318271119842
2021-09-02,50600,52500,50300,51700,565736,0.025793650793650702
2021-09-03,51700,51900,50500,50900,351169,-0.015473887814313358
2021-09-06,51000,51300,50500,51200,182584,0.005893909626718985
2021-09-07,51000,51700,50500,50800,170546,-0.0078125
2021-09-08,50600,51200,50300,50800,202801,0.0
2021-09-09,50500,51300,49700,49750,356211,-0.02066929133858264
2021-09-10,49950,50500,49000,49800,234746,0.0010050251256281673
2021-09-13,50100,50600,49100,49250,212817,-0.011044176706827336
2021-09-14,49500,50600,49400,50500,216719,0.025380710659898442
2021-09-15,50100,50600,49650,50600,189727,0.001980198019801982
2021-09-16,50700,51000,49950,50200,202528,-0.007905138339920903
2021-09-17,50200,51500,49750,51100,494019,0.017928286852589626
2021-09-23,50600,52000,50200,51900,544004,0.015655577299412915
2021-09-24,52200,52700,51100,51600,427538,-0.005780346820809301
2021-09-27,51600,51900,50700,51400,317621,-0.003875968992248069
2021-09-28,51700,52300,50300,50600,446012,-0.015564202334630295
2021-09-29,49600,50100,47850,48400,829121,-0.04347826086956519
2021-09-30,48100,50400,48100,50200,501866,0.037190082644628086
2021-10-01,49900,53300,49900,52000,1081652,0.03585657370517925
2021-10-05,51600,52500,50900,52200,631860,0.0038461538461538325
2021-10-06,52700,52900,48000,48150,1137503,-0.07758620689655171
2021-10-07,49200,50100,48200,49700,468311,0.03219106957424711
2021-10-08,49750,50000,48450,48800,350867,-0.01810865191146882
2021-10-12,48800,51300,48800,50600,501625,0.03688524590163933
2021-10-13,50900,51700,50200,50700,312863,0.0019762845849802257
2021-10-14,51000,51400,49850,50300,441435,-0.007889546351084853
2021-10-15,50700,51000,49500,50100,528181,-0.003976143141153132
2021-10-18,50800,51400,50000,51400,572656,0.02594810379241519
2021-10-19,52000,52100,50500,50900,584916,-0.009727626459143934
2021-10-20,51200,51200,48050,48100,1618118,-0.05500982318271119
2021-10-21,48650,50100,48400,49300,2005355,0.02494802494802495
2021-10-22,49200,49200,46800,47100,1952569,-0.04462474645030423
2021-10-25,46800,47350,46400,46650,504461,-0.009554140127388533
2021-10-26,46650,46950,46100,46400,462761,-0.005359056806002127
2021-10-27,46450,46700,44700,44900,805609,-0.032327586206896575
2021-10-28,44900,46550,44650,45350,516830,0.010022271714922093
2021-10-29,45400,45650,44300,45000,318144,-0.007717750826901848
2021-11-01,44800,45200,43850,43850,380977,-0.025555555555555554
2021-11-02,43900,44550,43850,44050,197087,0.004561003420752607
2021-11-03,44100,44200,42750,43050,431283,-0.022701475595913734
2021-11-04,43400,43550,42050,42300,656518,-0.017421602787456414
2021-11-05,42400,42650,41600,42150,349928,-0.0035460992907800915
2021-11-08,41900,42650,41400,42450,287861,0.007117437722419906
2021-11-09,42400,43000,42400,42550,236449,0.002355712603062443
2021-11-10,42150,42350,40900,40900,444742,-0.03877790834312578
2021-11-11,40300,40900,40150,40450,444836,-0.011002444987775029
2021-11-12,40350,41400,40350,41050,323854,0.014833127317676054
2021-11-15,41250,42150,40950,41950,401058,0.02192448233861155
2021-11-16,41650,42950,41600,42000,489371,0.0011918951132301459
2021-11-17,42150,43250,41450,42800,481822,0.01904761904761898
2021-11-18,43400,45250,43300,43450,818133,0.015186915887850372
2021-11-19,43450,44250,43250,43800,311657,0.008055235903337232
2021-11-22,43800,43850,42600,42900,379024,-0.020547945205479423
2021-11-23,42800,44400,42400,44200,324042,0.030303030303030276
2021-11-24,44650,44650,43200,43900,320531,-0.006787330316742057
2021-11-25,44050,44850,43850,44400,277182,0.011389521640091216
2021-11-26,44400,44600,42800,43050,294702,-0.030405405405405372
2021-11-29,41500,43050,41400,42300,287946,-0.017421602787456414
2021-11-30,42350,43200,40200,40650,407988,-0.03900709219858156
2021-12-01,40500,42100,40300,41850,267985,0.029520295202952074
2021-12-02,41250,43450,40950,43250,296098,0.03345280764635605
2021-12-03,43250,43750,42850,43250,202607,0.0
2021-12-06,43100,44450,42450,44100,319817,0.01965317919075149
2021-12-07,44350,44900,43900,44800,308462,0.015873015873015817
2021-12-08,45100,45750,44200,44350,403990,-0.010044642857142905
2021-12-09,44600,47500,44550,47250,920806,0.06538895152198432
2021-12-10,47300,49250,46500,46900,926139,-0.007407407407407418
2021-12-13,47350,48900,46950,47400,1119799,0.010660980810234477
2021-12-14,48000,48050,46300,46350,536079,-0.022151898734177222
2021-12-15,46300,46850,45500,46050,308255,-0.006472491909385147
2021-12-16,46350,47000,45450,45750,349337,-0.006514657980456029
2021-12-17,45400,47150,45400,47150,403496,0.030601092896174853
2021-12-20,46950,46950,46000,46000,237372,-0.024390243902439046
2021-12-21,46150,46500,45450,45900,193315,-0.0021739130434782483
2021-12-22,46150,46300,45550,45800,169752,-0.002178649237472796
2021-12-23,45900,46350,45500,46100,219129,0.0065502183406114245
2021-12-24,46150,47000,46150,46750,260628,0.014099783080260275
2021-12-27,46600,47600,46600,46950,283732,0.004278074866310266
2021-12-28,47200,47250,46400,47000,282248,0.0010649627263046302
2021-12-29,47000,48700,46400,48250,563177,0.02659574468085113
2021-12-30,48350,48550,47350,48000,359366,-0.005181347150259086
2022-01-03,48300,49850,47900,49600,578220,0.03333333333333344
2022-01-04,49950,50900,49500,50400,632043,0.016129032258064502
2022-01-05,50300,51200,49900,50900,668999,0.009920634920634885
2022-01-06,49950,51200,49400,49400,555801,-0.029469548133595258
2022-01-07,49500,50800,49200,50100,359538,0.014170040485830038
2022-01-10,50500,51700,50100,51100,564438,0.019960079840319445
2022-01-11,51500,51700,49850,50200,413774,-0.017612524461839585
2022-01-12,50300,51200,50300,50400,235496,0.003984063745019917
2022-01-13,50800,53200,50600,52500,1065501,0.04166666666666674
2022-01-14,52400,53200,51800,52900,465242,0.007619047619047636
2022-01-17,54000,54100,52100,52500,765922,-0.007561436672967825
2022-01-18,52700,53600,51400,52000,519773,-0.00952380952380949
2022-01-19,51000,52900,50800,51500,392397,-0.009615384615384581
2022-01-20,52200,54500,52000,53800,875377,0.044660194174757306
2022-01-21,53100,54000,52000,53500,568060,-0.005576208178438624
2022-01-24,52300,52800,48150,48350,1507727,-0.0962616822429907
2022-01-25,48350,49350,47800,48500,662948,0.0031023784901758056
2022-01-26,48250,49550,48250,48600,428020,0.0020618556701030855
2022-01-27,49050,49200,46400,46850,519480,-0.03600823045267487
2022-01-28,46850,48450,46250,47800,502887,0.02027748132337237
2022-02-03,50900,51100,47500,47550,1091999,-0.005230125523012608
2022-02-04,47500,48350,47050,48150,380710,0.012618296529968376
2022-02-07,49000,51700,48750,50400,1077438,0.04672897196261672
2022-02-08,50500,51000,49500,50100,396527,-0.005952380952380931
2022-02-09,50500,50700,49000,49150,316511,-0.01896207584830334
2022-02-10,49350,49500,47900,48800,314648,-0.007121057985757906
2022-02-11,48500,48800,47650,47700,300611,-0.02254098360655743
2022-02-14,47700,48500,45700,46400,441320,-0.027253668763102756
2022-02-15,46200,46850,45100,45400,290883,-0.02155172413793105
2022-02-16,45900,46400,45550,45950,234414,0.012114537444933848
2022-02-17,46200,47750,45950,47300,453172,0.029379760609357986
2022-02-18,46800,47500,46450,47250,234375,-0.0010570824524313016
2022-02-21,47150,47500,46050,47150,210958,-0.002116402116402072
2022-02-22,46850,46900,45050,45300,454955,-0.03923647932131491
2022-02-23,45800,46650,45600,46300,215068,0.02207505518763786
2022-02-24,46100,46550,45300,45600,330904,-0.015118790496760237
2022-02-25,46250,49200,46000,48900,635559,0.07236842105263164
2022-02-28,50100,54100,49550,52000,2058846,0.0633946830265848
2022-03-02,53300,55400,53000,54500,1605467,0.04807692307692313
2022-03-03,53600,54700,52300,53900,779569,-0.011009174311926606
2022-03-04,53600,56800,53200,56300,1301563,0.04452690166975892
2022-03-07,57700,58500,54800,55100,1223811,-0.02131438721136769
2022-03-08,55800,56000,52900,53300,826184,-0.03266787658802173
2022-03-10,53600,54200,50800,53900,813778,0.011257035647279645
2022-03-11,53600,55300,53500,54800,535147,0.016697588126159513
2022-03-14,55300,56200,54400,54700,478887,-0.0018248175182481452
2022-03-15,54400,54500,51700,52100,538688,-0.04753199268738573
2022-03-16,52300,52500,51000,52200,549103,0.0019193857965451588
2022-03-17,51300,52000,49550,50600,1201187,-0.03065134099616862
2022-03-18,50600,51500,49800,51400,706241,0.015810276679841806
2022-03-21,51700,52800,51300,51800,497847,0.0077821011673151474
2022-03-22,51900,55300,51700,53700,1150941,0.03667953667953672
2022-03-23,53800,54300,52900,53600,418202,-0.0018621973929237035
2022-03-24,53700,54900,53000,54400,367468,0.014925373134328401
2022-03-25,55000,56200,54700,55500,787298,0.020220588235294157
2022-03-28,55900,56400,55100,55500,362933,0.0
2022-03-29,55600,55600,51500,52000,910095,-0.06306306306306309
2022-03-30,51500,53600,51200,53400,448079,0.026923076923076827
2022-03-31,54100,54500,52000,52200,481655,-0.022471910112359605
2022-04-01,52400,53100,51600,52200,394553,0.0
2022-04-04,52300,53000,51600,52700,190850,0.009578544061302763
2022-04-05,52800,52800,50900,51300,497255,-0.026565464895635715
2022-04-06,50900,52200,50800,51900,437053,0.011695906432748648
2022-04-07,51300,51800,50100,50400,394221,-0.028901734104046284
2022-04-08,51000,51500,50200,50700,222959,0.005952380952380931
2022-04-11,50800,51600,50700,51000,164691,0.00591715976331364
2022-04-12,50500,51400,50300,50800,171110,-0.0039215686274509665
2022-04-13,50900,52700,50900,52500,451359,0.0334645669291338
2022-04-14,52600,52900,51900,52000,221942,-0.00952380952380949
2022-04-15,51800,53800,51200,53200,437778,0.023076923076922995
2022-04-18,53300,54400,53200,54200,342106,0.018796992481203034
2022-04-19,54200,54300,53200,54000,246301,-0.0036900369003689537
2022-04-20,53600,53600,52300,52800,285558,-0.022222222222222254
2022-04-21,52800,53400,52500,53000,177180,0.0037878787878788955
2022-04-22,52300,52700,52100,52400,196428,-0.01132075471698113
2022-04-25,51200,52700,51100,51700,243310,-0.013358778625954248
2022-04-26,52200,53000,51600,52500,268312,0.015473887814313247
2022-04-27,51400,52700,51200,52400,301816,-0.0019047619047618536
2022-04-28,52700,53000,51700,53000,267937,0.011450381679389388
2022-04-29,53000,53400,52300,53300,370676,0.005660377358490676
2022-05-02,52900,55900,52900,54500,842732,0.022514071294559068
2022-05-03,54900,56400,54200,56000,642321,0.02752293577981657
2022-05-04,56300,57600,55500,57000,631523,0.017857142857142794
2022-05-06,56300,57500,56000,57000,347886,0.0
2022-05-09,57000,57500,55700,56100,391359,-0.015789473684210575
2022-05-10,55000,55900,53800,55400,430475,-0.012477718360071277
2022-05-11,55400,55400,52600,52600,500438,-0.05054151624548742
2022-05-12,52400,53400,52100,52200,341501,-0.0076045627376425395
2022-05-13,52400,53000,51800,52900,187482,0.013409961685823646
2022-05-16,53600,53700,52200,52300,240844,-0.011342155009451793
2022-05-17,52300,53000,51700,52300,209257,0.0
2022-05-18,52700,52700,51500,51600,263538,-0.013384321223709361
2022-05-19,50400,51100,50300,50800,276183,-0.015503875968992276
2022-05-20,51000,51700,50700,51200,250916,0.007874015748031482
2022-05-23,52300,52900,51500,52100,249769,0.017578125
2022-05-24,52000,52500,50800,51000,218440,-0.021113243761996192
2022-05-25,51400,52200,51000,51600,315018,0.0117647058823529
2022-05-26,52200,53600,51800,53200,433697,0.03100775193798455
2022-05-27,53600,53700,52200,52300,249195,-0.016917293233082664
2022-05-30,52800,54300,52700,53800,309950,0.028680688336520044
2022-05-31,53800,53900,53300,53900,232963,0.0018587360594795044
2022-06-02,54200,56200,53900,55900,683977,0.03710575139146566
2022-06-03,56100,56300,54900,56100,320556,0.003577817531305927
2022-06-07,56300,57800,56200,57000,682014,0.016042780748663166
2022-06-08,57700,57700,55600,57200,398697,0.0035087719298245723
2022-06-09,57000,59400,56500,59200,883960,0.034965034965035
2022-06-10,58800,60800,58500,59100,860969,-0.0016891891891891442
2022-06-13,58300,59500,57600,57700,685394,-0.02368866328257191
2022-06-14,56900,57400,55300,56900,609292,-0.013864818024263426
2022-06-15,57400,57700,53100,53500,852936,-0.05975395430579966
2022-06-16,52400,53800,51400,52400,821477,-0.020560747663551426
2022-06-17,51000,52000,50600,51200,552035,-0.022900763358778664
2022-06-20,53100,53200,50200,51300,649828,0.001953125
2022-06-21,51600,52100,49350,51700,910551,0.007797270955165692
2022-06-22,52200,52300,46800,46800,1220522,-0.09477756286266925
2022-06-23,46600,47650,44800,44900,784053,-0.040598290598290565
2022-06-24,44800,47600,44800,46950,616447,0.04565701559020052
2022-06-27,47550,48350,46950,47800,336936,0.018104366347177825
2022-06-28,47800,49550,47800,49350,392637,0.03242677824267792
2022-06-29,48650,51000,48250,49500,441974,0.003039513677811634
2022-06-30,49550,50300,48700,48700,281000,-0.016161616161616155
2022-07-01,49550,51600,49450,50400,555430,0.03490759753593431
2022-07-04,50600,50700,46150,46950,549775,-0.06845238095238093
2022-07-05,46950,46950,43800,46000,771438,-0.020234291799786974
2022-07-06,45450,46500,44000,44050,553024,-0.04239130434782612
2022-07-07,44350,44750,43250,44600,324830,0.012485811577752637
2022-07-08,45250,45400,44250,44600,318899,0.0
2022-07-11,44750,44800,43800,44100,259194,-0.011210762331838597
2022-07-12,43850,43950,42050,42350,363531,-0.03968253968253965
2022-07-13,42000,42400,40850,41650,432486,-0.016528925619834656
2022-07-14,41050,43750,40950,43300,497899,0.03961584633853543
2022-07-15,43800,43850,42050,43250,389913,-0.0011547344110854896
2022-07-18,43400,44700,43400,44300,321448,0.024277456647398887
2022-07-19,45350,46750,44850,45750,700998,0.03273137697516937
2022-07-20,46900,46900,44550,45800,512724,0.0010928961748633004
2022-07-21,45850,46200,45350,45650,235261,-0.0032751091703057122
2022-07-22,46100,50200,46100,49900,1310106,0.09309967141292441
2022-07-25,50100,52500,49500,51700,1069319,0.03607214428857719
2022-07-26,51700,53400,51200,51500,633686,-0.003868471953578312
2022-07-27,52100,52800,50100,52200,586458,0.013592233009708687
2022-07-28,52300,55000,52000,53700,973288,0.028735632183908066
2022-07-29,54100,66500,53800,64400,10621218,0.1992551210428306
2022-08-01,63800,65600,63600,64500,2559350,0.0015527950310558758
2022-08-02,64600,68600,63600,63600,4150358,-0.013953488372092981
2022-08-03,63600,65800,62200,62800,1857296,-0.012578616352201255
2022-08-04,63700,64100,61300,61800,1465209,-0.015923566878980888
2022-08-05,62100,64700,60500,63800,1887280,0.032362459546925626
2022-08-08,64800,70600,64000,69600,4022027,0.09090909090909083
2022-08-09,69200,73800,68200,70000,3047766,0.005747126436781658
2022-08-10,69100,72500,69000,70700,1449301,0.010000000000000009
2022-08-11,71400,71600,69200,70700,1127454,0.0
2022-08-12,70300,72300,69900,70300,914963,-0.005657708628005631
2022-08-16,70700,74000,70100,70700,1390747,0.005689900426742556
2022-08-17,70700,71100,68100,69200,1157545,-0.021216407355021172
2022-08-18,69700,72500,68700,71400,1434595,0.03179190751445082
2022-08-19,71700,72700,70600,70600,716173,-0.011204481792717047
2022-08-22,70100,72300,69900,70300,861239,-0.004249291784702569
2022-08-23,71000,75200,70600,72400,2106988,0.029871977240398362
2022-08-24,73400,77500,72400,75800,3025058,0.046961325966850875
2022-08-25,75800,75800,73000,74300,1430236,-0.01978891820580475
2022-08-26,75900,78600,74100,78400,2356739,0.05518169582772536
2022-08-29,77400,80200,77300,79600,2153833,0.015306122448979664
2022-08-30,80200,80900,76200,76900,1450691,-0.0339195979899497
2022-08-31,77000,82000,75200,81400,2717530,0.05851755526657998
2022-09-01,82200,84400,79600,79800,2187478,-0.019656019656019708
2022-09-02,80500,81900,77800,80600,1398395,0.010025062656641603
2022-09-05,81200,85100,79800,84100,2064514,0.043424317617865915
2022-09-06,84700,86400,83700,85400,1392242,0.015457788347205792
2022-09-07,84800,86800,80700,82400,2114471,-0.03512880562060894
2022-09-08,82800,83200,78900,81600,1964275,-0.009708737864077666
2022-09-13,81900,82000,73800,77600,3494121,-0.0490196078431373
2022-09-14,75500,79400,74500,78500,1771651,0.011597938144329856
2022-09-15,78900,81900,77200,78700,1778517,0.002547770700636942
2022-09-16,77700,79000,74200,74400,1978351,-0.054637865311308764
2022-09-19,74800,76300,72600,73800,1421060,-0.008064516129032251
2022-09-20,74100,75800,73500,74600,1116913,0.01084010840108407
2022-09-21,74300,74700,71700,73800,1212837,-0.01072386058981234
2022-09-22,75300,77200,72200,76400,1994729,0.035230352303523116
2022-09-23,76800,77600,73600,74100,1112540,-0.030104712041884807
2022-09-26,73300,74200,65600,66100,3885979,-0.10796221322537114
2022-09-27,66300,67200,63300,65000,2682368,-0.016641452344931973
2022-09-28,65100,67700,62200,62600,2176600,-0.03692307692307695
2022-09-29,63500,65300,61800,61800,1594055,-0.012779552715655007
2022-09-30,61000,63500,59500,61500,1612367,-0.004854368932038833
2022-10-04,62700,65000,60400,62800,2276954,0.021138211382113914
2022-10-05,64200,64300,60500,62000,1359336,-0.01273885350318471
2022-10-06,62000,62400,60800,61700,823700,-0.004838709677419395
2022-10-07,61000,61400,57700,59400,2281500,-0.037277147487844386
2022-10-11,60200,60600,57200,57700,1437076,-0.028619528619528656
2022-10-12,57300,58400,55400,57500,1322981,-0.0034662045060658286
2022-10-13,56500,56800,52600,52600,1942250,-0.0852173913043478
2022-10-14,54100,57900,53800,56700,1761648,0.07794676806083656
2022-10-17,57100,58500,53800,57200,1719886,0.008818342151675429
2022-10-18,58500,60500,57900,59400,1544420,0.03846153846153855
2022-10-19,60500,61300,58700,59400,1652256,0.0
2022-10-20,60900,61700,59500,60100,1690101,0.011784511784511675
2022-10-21,60100,60400,58500,59000,711201,-0.01830282861896837
2022-10-24,60100,62900,60100,61500,1464771,0.04237288135593231
2022-10-25,62200,62600,60500,61000,893093,-0.008130081300813052
2022-10-26,61300,62600,61000,61700,876927,0.011475409836065653
2022-10-27,61800,62700,61600,62700,896108,0.01620745542949753
2022-10-28,62800,65200,62300,63800,1156731,0.01754385964912286
2022-10-31,64800,67000,60400,66300,1816945,0.03918495297805635
2022-11-01,66500,68600,65500,68200,1045708,0.02865761689291091
2022-11-02,68200,72200,67700,70600,1808495,0.035190615835777095
2022-11-03,70400,72600,69600,71900,1075909,0.018413597733710985
2022-11-04,71900,75700,71900,75000,1432538,0.04311543810848395
2022-11-07,78000,79200,70400,71000,2786174,-0.053333333333333344
2022-11-08,71400,74100,70500,73800,1198628,0.03943661971830981
2022-11-09,74500,74800,72400,73100,809273,-0.009485094850948506
2022-11-10,72000,74100,72000,73100,719026,0.0
2022-11-11,74000,75000,72100,73100,1071094,0.0
2022-11-14,72800,72800,70000,70900,913079,-0.030095759233926156
2022-11-15,71400,71400,69200,70700,716538,-0.0028208744710860323
2022-11-16,72200,72700,69300,70000,1045645,-0.00990099009900991
2022-11-17,70100,70700,68000,68300,810312,-0.024285714285714244
2022-11-18,68400,72400,66700,71400,1419034,0.04538799414348471
2022-11-21,71700,74000,70800,72100,1191531,0.009803921568627416
2022-11-22,72200,73300,71800,72800,692379,0.009708737864077666
2022-11-23,72900,73000,70200,71000,814210,-0.02472527472527475
2022-11-24,71300,72200,70700,72100,530390,0.015492957746478853
2022-11-25,72300,72400,71000,71500,421334,-0.00832177531206657
2022-11-28,72600,74200,71300,71500,860117,0.0
2022-11-29,71300,74600,70800,73400,1057825,0.02657342657342654
2022-11-30,74000,74000,71800,72600,708960,-0.010899182561307952
2022-12-01,73200,73400,71500,72200,523488,-0.0055096418732781816
2022-12-02,72500,73400,70800,72000,797796,-0.0027700831024930483
2022-12-05,72100,72600,67900,68600,1017644,-0.047222222222222276
2022-12-06,67600,69100,67500,68100,540990,-0.007288629737609353
2022-12-07,67600,68200,66300,67100,516079,-0.014684287812041119
2022-12-08,66600,67000,65000,66500,579570,-0.008941877794336861
2022-12-09,66500,67000,65300,66300,534920,-0.003007518796992459
2022-12-12,66300,68600,65800,68100,559388,0.02714932126696823
2022-12-13,68400,70000,68400,69600,501199,0.022026431718061623
2022-12-14,69700,70300,68900,70000,294877,0.005747126436781658
2022-12-15,70100,72600,70000,71300,632162,0.01857142857142846
2022-12-16,70600,72500,70100,70500,497343,-0.011220196353436185
2022-12-19,70700,72100,70200,71700,436310,0.017021276595744705
2022-12-20,71700,73400,71600,72300,684724,0.008368200836819994
2022-12-21,72800,73000,71600,72300,388354,0.0
2022-12-22,72500,72700,70700,71700,483549,-0.008298755186721962
2022-12-23,70900,72100,69900,70200,539145,-0.02092050209205021
2022-12-26,70200,72000,69200,71900,489408,0.024216524216524205
2022-12-27,71900,74900,71500,74800,945462,0.04033379694019468
2022-12-28,74200,75000,72200,72900,705219,-0.025401069518716568
2022-12-29,72600,74500,72200,73600,591938,0.009602194787379892
2023-01-02,74000,76000,72500,73600,691041,0.0
2023-01-03,73600,74400,70000,71400,851220,-0.029891304347826053
2023-01-04,71600,72100,69200,71800,555372,0.0056022408963585235
2023-01-05,71900,72400,65600,66800,1516452,-0.0696378830083565
2023-01-06,66000,68200,65800,67000,528494,0.0029940119760478723
2023-01-09,67700,68700,67100,68000,525011,0.014925373134328401
2023-01-10,68300,69500,67200,68000,509002,0.0
2023-01-11,68800,73800,68700,73600,1645058,0.08235294117647052
2023-01-12,74200,78700,73600,78700,1783257,0.06929347826086962
2023-01-13,78700,80400,77700,80200,1261374,0.019059720457433205
2023-01-16,80000,82300,78500,80800,1240773,0.007481296758104827
2023-01-17,80700,83200,80000,80900,1104856,0.0012376237623761277
2023-01-18,80700,81200,76600,77200,1094588,-0.04573547589616811
2023-01-19,76600,78000,75100,75500,765210,-0.022020725388601003
2023-01-20,75500,76600,74400,76100,723686,0.007947019867549754
2023-01-25,76700,77200,74100,74600,849026,-0.019710906701708275
2023-01-26,74600,78200,74300,77600,904656,0.04021447721179627
2023-01-27,77800,78200,76500,77500,628559,-0.0012886597938144284
2023-01-30,77500,81200,75800,77100,1138773,-0.005161290322580614
2023-01-31,77100,80800,76500,80400,978439,0.04280155642023353
2023-02-01,81200,81900,80000,80800,770969,0.004975124378109541
2023-02-02,81100,81600,79500,80500,633973,-0.003712871287128716
2023-02-03,80200,82300,79600,81400,698632,0.011180124223602483
2023-02-06,80300,84400,79000,83400,1067542,0.024570024570024662
2023-02-07,84000,85000,82400,83400,776864,0.0
2023-02-08,84100,84800,83100,83900,444883,0.005995203836930418
2023-02-09,83800,85600,83500,84600,677743,0.008343265792610355
2023-02-10,83700,89000,83700,87900,1247021,0.03900709219858145
2023-02-13,88200,89300,86900,87500,687968,-0.004550625711035261
2023-02-14,87600,90200,87100,89000,775412,0.017142857142857126
2023-02-15,89100,89800,86000,87100,647806,-0.02134831460674158
2023-02-16,87000,88900,86100,87700,581021,0.006888633754305484
2023-02-17,86700,89100,85100,88200,463264,0.005701254275940704
2023-02-20,88500,89800,86400,87400,540262,-0.009070294784580546
2023-02-21,87100,88500,86500,87800,458648,0.004576659038901587
2023-02-22,87100,91300,86100,86600,1063145,-0.013667425968109326
2023-02-23,87000,89400,86200,89000,503174,0.02771362586605086
2023-02-24,89000,92500,88800,92200,959293,0.035955056179775235
2023-02-27,93000,93000,87100,89000,1224091,-0.03470715835141003
2023-02-28,89400,91900,88500,90000,693508,0.011235955056179803
2023-03-02,90400,91500,88300,90900,581801,0.010000000000000009
2023-03-03,91200,93900,90700,93700,736845,0.030803080308030806
2023-03-06,94200,97900,94100,96400,727745,0.028815368196371427
2023-03-07,96400,98100,95900,97300,484358,0.009336099585062207
2023-03-08,96100,98500,95600,96300,475960,-0.010277492291880796
2023-03-09,96600,97600,95200,97200,478336,0.009345794392523255
2023-03-10,96400,97800,94700,95600,443432,-0.016460905349794275
2023-03-13,94600,95900,91700,95600,609113,0.0
2023-03-14,96000,97600,94200,95000,602698,-0.006276150627615107
2023-03-15,96700,100000,95800,99300,741996,0.045263157894736894
2023-03-16,99300,99700,94000,95800,795177,-0.035246727089627394
2023-03-17,96600,99100,94400,95100,828993,-0.007306889352818424
2023-03-20,94700,98400,94600,95700,540229,0.006309148264984188
2023-03-21,96800,98000,96400,97400,493406,0.017763845350052154
2023-03-22,97900,97900,88800,90900,2152452,-0.06673511293634493
2023-03-23,90900,93300,90000,92100,872325,0.013201320132013139
