Date,Open,High,Low,Close,Volume,Change
2015-01-02,24250,25550,24250,24600,10017,0.022869022869022926
2015-01-05,25150,25500,24050,24500,12815,-0.004065040650406471
2015-01-06,24550,24550,23700,23850,23222,-0.026530612244897944
2015-01-07,24200,24200,22700,22900,36622,-0.03983228511530401
2015-01-08,23200,23700,22550,22800,21722,-0.004366812227074246
2015-01-09,23500,23500,22750,22900,19771,0.004385964912280604
2015-01-12,22900,23300,22500,23000,18052,0.004366812227074135
2015-01-13,23150,23150,22600,22800,19720,-0.008695652173912993
2015-01-14,23000,23000,22400,22500,9797,-0.013157894736842146
2015-01-15,22500,22550,21900,22200,16455,-0.013333333333333308
2015-01-16,22200,24400,21700,23600,29913,0.06306306306306309
2015-01-19,24050,24050,23100,23600,11383,0.0
2015-01-20,24000,24000,23200,23350,7488,-0.010593220338983023
2015-01-21,23050,23750,22900,22900,9123,-0.01927194860813708
2015-01-22,23400,23400,22600,22600,5992,-0.013100436681222738
2015-01-23,22200,23350,22050,22600,17104,0.0
2015-01-26,22600,23400,22500,23100,10458,0.022123893805309658
2015-01-27,23400,24650,23250,24100,24041,0.04329004329004338
2015-01-28,24300,24600,23500,23650,5470,-0.018672199170124526
2015-01-29,23500,24000,23350,23650,10379,0.0
2015-01-30,24100,24100,23250,23450,6575,-0.008456659619450302
2015-02-02,23450,23500,22850,23000,13463,-0.019189765458422214
2015-02-03,23450,23900,23000,23100,13336,0.004347826086956497
2015-02-04,23700,23700,23100,23100,10400,0.0
2015-02-05,23400,23800,22850,23250,12849,0.006493506493506551
2015-02-06,23250,24600,23100,24200,28418,0.04086021505376336
2015-02-09,24450,24700,23800,24100,11412,-0.004132231404958664
2015-02-10,24000,25200,23350,24500,22562,0.016597510373443924
2015-02-11,25200,25500,24200,24500,19743,0.0
2015-02-12,24800,24800,23800,23950,9419,-0.022448979591836782
2015-02-13,23950,24650,23400,23500,14995,-0.018789144050104345
2015-02-16,24050,24050,22950,22950,10669,-0.023404255319148914
2015-02-17,22950,23450,22900,23150,7169,0.008714596949890963
2015-02-23,23150,23900,22700,23750,14898,0.02591792656587466
2015-02-24,23400,25500,23400,24500,34225,0.03157894736842115
2015-02-25,25150,28150,24650,27800,107897,0.13469387755102047
2015-02-26,28400,29600,27500,28000,63679,0.007194244604316502
2015-02-27,28000,29000,26800,27700,37298,-0.010714285714285676
2015-03-02,27750,29200,27150,28600,41635,0.032490974729241895
2015-03-03,29900,30000,29000,29250,62715,0.022727272727272707
2015-03-04,29300,29300,28350,28750,27388,-0.017094017094017144
2015-03-05,28800,28800,27400,27500,32075,-0.04347826086956519
2015-03-06,27950,28150,27350,27850,14859,0.012727272727272698
2015-03-09,27900,28050,26750,27000,28552,-0.030520646319569078
2015-03-10,27050,27500,26200,27500,25073,0.0185185185185186
2015-03-11,27000,27850,26850,27000,15392,-0.018181818181818188
2015-03-12,26700,27500,26500,27500,19158,0.0185185185185186
2015-03-13,27350,28450,27050,28100,26680,0.021818181818181737
2015-03-16,28100,32300,28000,32250,306549,0.14768683274021344
2015-03-17,33300,34000,32150,32350,103606,0.0031007751937983663
2015-03-18,32850,34750,32000,33200,101711,0.026275115919629055
2015-03-19,33550,33950,32150,32550,43415,-0.01957831325301207
2015-03-20,32000,34850,32000,32600,116077,0.001536098310291889
2015-03-23,33600,34500,32900,34200,62370,0.04907975460122693
2015-03-24,34300,36000,34300,35650,88379,0.042397660818713545
2015-03-25,35650,36400,35250,36000,47792,0.009817671809256634
2015-03-26,35900,36000,33900,34800,35231,-0.033333333333333326
2015-03-27,34850,35200,33350,33400,42440,-0.04022988505747127
2015-03-30,33450,37850,33450,37000,76302,0.10778443113772451
2015-03-31,37450,38400,36650,37200,38234,0.00540540540540535
2015-04-01,37200,38850,36250,37700,45455,0.013440860215053752
2015-04-02,37100,39450,37100,38550,58360,0.022546419098143256
2015-04-03,38600,40900,38600,39700,66540,0.0298313878080414
2015-04-06,39950,40600,39000,39450,25116,-0.006297229219143552
2015-04-07,40050,41600,38950,41300,39953,0.04689480354879594
2015-04-08,41500,41750,40300,41200,31250,-0.002421307506053294
2015-04-09,42000,42000,41000,41550,23948,0.008495145631068013
2015-04-10,41550,42000,40100,41500,40432,-0.001203369434416346
2015-04-13,42000,42000,40600,40600,30577,-0.02168674698795181
2015-04-14,40100,41400,39150,39700,34286,-0.022167487684729092
2015-04-15,39700,42750,39350,41000,57615,0.032745591939546514
2015-04-16,41000,41800,40600,41200,23959,0.004878048780487809
2015-04-17,41600,41600,40300,40900,31221,-0.007281553398058249
2015-04-20,40850,40850,39600,39900,32113,-0.02444987775061125
2015-04-21,39600,41300,39600,40650,30578,0.018796992481203034
2015-04-22,41300,45400,41300,44300,117036,0.08979089790897898
2015-04-23,45000,47400,44900,47400,108803,0.06997742663656892
2015-04-24,47800,49550,45050,46600,87561,-0.016877637130801704
2015-04-27,46650,47300,46400,46700,34816,0.0021459227467810482
2015-04-28,47000,50200,46750,49800,69169,0.06638115631691655
2015-04-29,49350,52700,49350,51900,86098,0.04216867469879526
2015-04-30,52000,54000,51200,53600,72137,0.032755298651252485
2015-05-04,53600,59600,52600,59200,79179,0.10447761194029859
2015-05-06,59800,64600,53200,58000,207611,-0.020270270270270285
2015-05-07,58900,58900,51300,52300,146781,-0.09827586206896555
2015-05-08,52900,59000,51100,58800,116383,0.124282982791587
2015-05-11,60000,60400,55800,57500,93088,-0.022108843537414935
2015-05-12,56500,60900,56500,58100,63125,0.01043478260869568
2015-05-13,59200,62000,57700,61300,45434,0.055077452667814164
2015-05-14,61300,64300,61300,63400,52262,0.034257748776509
2015-05-15,64000,64000,61500,63500,37287,0.001577287066246047
2015-05-18,65200,70000,64800,68900,77103,0.08503937007874018
2015-05-19,70500,73200,68700,73000,101204,0.05950653120464433
2015-05-20,73000,74300,68000,71600,73630,-0.019178082191780854
2015-05-21,72400,75100,71600,74000,70317,0.033519553072625774
2015-05-22,74900,76000,73500,74400,46202,0.00540540540540535
2015-05-26,74400,74400,71500,71700,42018,-0.03629032258064513
2015-05-27,70100,74900,69600,73200,57005,0.02092050209205021
2015-05-28,74500,78100,71600,77400,92967,0.05737704918032782
2015-05-29,79500,82200,77500,82000,91160,0.05943152454780365
2015-06-01,82500,85100,80400,82400,72929,0.004878048780487809
2015-06-02,83600,84000,80200,81600,43517,-0.009708737864077666
2015-06-03,80200,83000,78200,79700,56680,-0.023284313725490224
2015-06-04,79000,80800,74500,76200,82784,-0.04391468005018817
2015-06-05,76200,82300,74600,82000,83042,0.07611548556430447
2015-06-08,83500,84600,79500,82000,44579,0.0
2015-06-09,82200,82500,80300,81300,26982,-0.008536585365853666
2015-06-10,81500,83800,79900,81100,42207,-0.002460024600245969
2015-06-11,81100,83000,80200,81300,114841,0.002466091245376001
2015-06-12,80500,83700,80500,82400,39388,0.013530135301353052
2015-06-15,83800,88000,82700,87700,74813,0.06432038834951448
2015-06-16,88500,89900,83000,86700,52032,-0.011402508551881407
2015-06-17,86800,87100,83400,83400,28986,-0.03806228373702425
2015-06-18,82100,87800,81500,85200,39235,0.021582733812949728
2015-06-19,86200,86900,83700,85500,25423,0.0035211267605634866
2015-06-22,85500,86100,83300,84800,20707,-0.008187134502923965
2015-06-23,85800,86100,84000,86000,23376,0.014150943396226356
2015-06-24,85800,86700,83500,85800,28734,-0.0023255813953488857
2015-06-25,85200,85300,84000,84000,26421,-0.020979020979020935
2015-06-26,84700,85900,83500,84000,37252,0.0
2015-06-29,81400,83800,79500,81500,54979,-0.029761904761904767
2015-06-30,80200,82800,79500,82000,39454,0.006134969325153339
2015-07-01,82300,87100,82300,86700,43343,0.05731707317073176
2015-07-02,89000,92700,87000,90500,91097,0.04382929642445221
2015-07-03,91500,100000,91500,98400,96942,0.08729281767955799
2015-07-06,97000,102500,96400,98000,68463,-0.004065040650406471
2015-07-07,102000,103500,98000,101000,81460,0.030612244897959107
2015-07-08,103000,107000,100500,106500,76032,0.054455445544554504
2015-07-09,108000,108000,97500,103000,89953,-0.032863849765258246
2015-07-10,103500,106500,101000,106000,53014,0.029126213592232997
2015-07-13,105500,112000,105000,111000,62993,0.04716981132075482
2015-07-14,112000,114500,108500,113500,44469,0.022522522522522515
2015-07-15,114000,131500,113500,129000,120110,0.13656387665198233
2015-07-16,132000,133500,119000,128500,93859,-0.003875968992248069
2015-07-17,128500,134500,128000,132000,55125,0.027237354085603016
2015-07-20,133000,133500,127000,129500,37278,-0.018939393939393923
2015-07-21,131000,132000,122000,128000,34232,-0.01158301158301156
2015-07-22,128500,128500,122500,122500,36466,-0.04296875
2015-07-23,120000,131500,120000,127500,31949,0.04081632653061229
2015-07-24,125500,129000,125000,126000,14933,-0.0117647058823529
2015-07-27,126000,126500,115500,121500,54751,-0.0357142857142857
2015-07-28,119500,119500,105500,108500,109483,-0.10699588477366251
2015-07-29,111000,123000,110000,116500,88688,0.07373271889400912
2015-07-30,120000,121500,106000,108000,52900,-0.07296137339055797
2015-07-31,107000,115500,102000,115000,50553,0.06481481481481488
2015-08-03,115500,125500,115000,123000,49100,0.06956521739130439
2015-08-04,123000,123500,118000,120000,39838,-0.024390243902439046
2015-08-05,119000,122000,118000,120000,28633,0.0
2015-08-06,120500,124500,118000,121000,33830,0.008333333333333304
2015-08-07,121000,122000,118500,120000,17468,-0.008264462809917328
2015-08-10,120500,126000,119500,121500,49691,0.012499999999999956
2015-08-11,123000,124500,114000,114000,54968,-0.06172839506172845
2015-08-12,116000,121000,109000,114500,55849,0.004385964912280604
2015-08-13,112000,118000,111000,116000,56529,0.013100436681222627
2015-08-17,115500,116500,112500,115000,22836,-0.008620689655172376
2015-08-18,115000,116500,110000,115500,44676,0.004347826086956497
2015-08-19,113000,115000,104000,107500,46399,-0.06926406926406925
2015-08-20,107000,111500,99700,107500,51100,0.0
2015-08-21,100000,104500,98800,98800,60979,-0.08093023255813958
2015-08-24,95800,104000,95800,99500,69820,0.007085020242914908
2015-08-25,99500,103000,97200,99600,60287,0.0010050251256281673
2015-08-26,99500,102500,98200,102500,41320,0.029116465863453733
2015-08-27,104000,105000,98000,99900,62227,-0.025365853658536608
2015-08-28,102500,102500,98700,100000,40866,0.0010010010010010895
2015-08-31,99500,99600,93000,95600,54238,-0.04400000000000004
2015-09-01,95600,95600,89600,90000,79940,-0.05857740585774063
2015-09-02,87400,90700,83400,86900,128480,-0.0344444444444445
2015-09-03,88700,100000,88600,97500,130033,0.12197928653624857
2015-09-04,98000,101500,90000,91700,49600,-0.05948717948717952
2015-09-07,89900,96400,85700,92200,33109,0.005452562704471031
2015-09-08,93000,94500,87500,88600,27577,-0.0390455531453362
2015-09-09,91700,96100,91000,94200,47289,0.06320541760722342
2015-09-10,93900,96800,92500,96200,25103,0.02123142250530785
2015-09-11,98300,102500,96500,100000,71290,0.03950103950103956
2015-09-14,101500,101500,94100,94700,48544,-0.05300000000000005
2015-09-15,92600,95000,92500,94900,25613,0.002111932418162654
2015-09-16,96000,96600,93000,93300,23366,-0.01685985247629085
2015-09-17,95300,95300,93000,93200,18295,-0.001071811361200381
2015-09-18,96600,101500,94900,100500,54169,0.07832618025751081
2015-09-21,99500,99500,93900,95200,38340,-0.052736318407960225
2015-09-22,95300,96300,93500,94500,17033,-0.007352941176470562
2015-09-23,93200,94800,91500,92000,27810,-0.02645502645502651
2015-09-24,92900,95400,91700,92000,14938,0.0
2015-09-25,93800,94900,91700,94000,26420,0.021739130434782705
2015-09-30,92000,93100,88300,89800,38207,-0.044680851063829796
2015-10-01,89900,92500,89900,90700,22817,0.010022271714922093
2015-10-02,90800,92500,90800,91400,9586,0.007717750826901959
2015-10-05,91700,92800,90900,91000,15310,-0.004376367614879695
2015-10-06,91200,93500,89500,90000,16758,-0.01098901098901095
2015-10-07,89100,90900,89000,89500,19296,-0.005555555555555536
2015-10-08,90000,91000,81300,87200,74663,-0.025698324022346397
2015-10-12,83900,85400,81900,82300,46603,-0.056192660550458684
2015-10-13,83700,89200,83700,87200,56779,0.05953827460510319
2015-10-14,87300,87300,84200,85600,29942,-0.01834862385321101
2015-10-15,83700,88500,83700,87600,29352,0.02336448598130847
2015-10-16,87600,90500,87600,88200,19602,0.006849315068493178
2015-10-19,89100,90500,85200,85400,20945,-0.031746031746031744
2015-10-20,85400,87600,85100,85200,18248,-0.0023419203747072626
2015-10-21,86500,87300,85200,85800,12840,0.007042253521126751
2015-10-22,85900,86000,83200,83200,15881,-0.030303030303030276
2015-10-23,82700,86200,82700,83800,20318,0.007211538461538547
2015-10-26,85800,86500,83900,85200,9713,0.01670644391408116
2015-10-27,84900,86800,84300,85000,8707,-0.0023474178403756207
2015-10-28,86500,86700,84300,84300,11844,-0.008235294117647007
2015-10-29,84600,85700,82900,84100,9745,-0.0023724792408066353
2015-10-30,84100,85100,78600,79500,38560,-0.05469678953626633
2015-11-02,77200,80700,75600,79800,36898,0.0037735849056603765
2015-11-03,81000,81000,75600,76400,28537,-0.04260651629072687
2015-11-04,75000,79700,74000,78700,47324,0.030104712041884918
2015-11-05,78000,79900,77700,78600,13600,-0.0012706480304955914
2015-11-06,78400,79400,76800,77100,16465,-0.01908396946564883
2015-11-09,77000,78500,73000,74700,35047,-0.0311284046692607
2015-11-10,73100,76700,72000,75400,31551,0.009370816599732157
2015-11-11,76000,79700,73500,76300,22166,0.011936339522546469
2015-11-12,76400,78800,75500,77100,23965,0.010484927916120546
2015-11-13,77100,77800,74000,74100,21115,-0.03891050583657585
2015-11-16,72000,73900,70900,71000,32757,-0.04183535762483126
2015-11-17,71200,73800,71200,72900,21436,0.026760563380281654
2015-11-18,73000,73700,69600,69600,28548,-0.04526748971193417
2015-11-19,70800,72000,69700,70800,25432,0.01724137931034475
2015-11-20,71000,72300,69800,70700,20103,-0.0014124293785310327
2015-11-23,71900,75000,70500,73800,35536,0.04384724186704392
2015-11-24,74900,86900,73800,83200,120398,0.12737127371273704
2015-11-25,84200,89400,80300,83000,87338,-0.0024038461538461453
2015-11-26,82700,84400,80000,82600,27748,-0.004819277108433773
2015-11-27,81500,83900,81500,82800,15157,0.002421307506053294
2015-11-30,82800,83400,80000,82600,26648,-0.0024154589371980784
2015-12-01,83000,83900,80900,81400,10080,-0.014527845036319653
2015-12-02,82100,83100,81300,81400,15352,0.0
2015-12-03,80300,84000,79900,83500,27764,0.025798525798525818
2015-12-04,83100,83300,81200,82100,21147,-0.016766467065868262
2015-12-07,82800,84400,81200,82300,24821,0.0024360535931791105
2015-12-08,81800,83100,80300,80500,25506,-0.021871202916160404
2015-12-09,80000,81500,78500,79100,18135,-0.017391304347826098
2015-12-10,79400,79700,77300,77800,24606,-0.01643489254108721
2015-12-11,77100,79300,76700,77800,22891,0.0
2015-12-14,75500,77400,70800,74100,34999,-0.04755784061696655
2015-12-15,72500,75900,72500,74000,18290,-0.0013495276653171517
2015-12-16,75700,76800,73800,73900,18080,-0.0013513513513513375
2015-12-17,74800,77200,73800,76900,46145,0.040595399188092074
2015-12-18,76900,79300,75600,77700,51010,0.01040312093628093
2015-12-21,77700,81500,77700,79400,44217,0.02187902187902191
2015-12-22,79800,80500,78600,79000,19400,-0.005037783375314908
2015-12-23,80000,80100,78200,78600,13296,-0.005063291139240533
2015-12-24,80000,81000,78700,79500,27867,0.011450381679389388
2015-12-28,79500,80000,75800,75900,44813,-0.04528301886792452
2015-12-29,77900,83900,76600,83300,53438,0.0974967061923584
2015-12-30,83300,89800,83200,88200,53722,0.05882352941176472
2016-01-04,88300,91300,86500,88600,41497,0.0045351473922903285
2016-01-05,87000,90600,86600,89800,34859,0.013544018058690765
2016-01-06,89900,90400,88000,89200,23394,-0.006681514476614692
2016-01-07,89200,90800,88500,90100,26256,0.010089686098654793
2016-01-08,88200,90400,87400,90100,27603,0.0
2016-01-11,89500,92300,88200,90900,21221,0.008879023307436285
2016-01-12,90100,94800,90100,94800,52366,0.04290429042904287
2016-01-13,95500,97100,93800,94700,38556,-0.0010548523206751481
2016-01-14,93700,95100,91200,92200,26392,-0.026399155227032733
2016-01-15,94400,94400,90500,90900,17256,-0.014099783080260275
2016-01-18,90900,91900,89000,89400,18571,-0.01650165016501648
2016-01-19,89500,89900,84600,86200,33522,-0.03579418344519014
2016-01-20,86300,86900,79200,80400,61298,-0.06728538283062646
2016-01-21,81200,82800,77900,79400,42298,-0.01243781094527363
2016-01-22,78800,81500,77100,81500,40355,0.026448362720403074
2016-01-25,82400,85300,80800,81300,32892,-0.0024539877300613355
2016-01-26,81400,83100,81300,81700,21975,0.004920049200491938
2016-01-27,83000,83000,79300,80600,23679,-0.01346389228886169
2016-01-28,80500,81000,78000,79600,42251,-0.012406947890818865
2016-01-29,78800,81500,78000,79800,28991,0.002512562814070307
2016-02-01,80000,81000,76200,78200,46571,-0.020050125313283207
2016-02-02,78200,78300,74900,76000,41255,-0.02813299232736577
2016-02-03,76000,76000,72800,74900,48542,-0.014473684210526305
2016-02-04,75000,79700,73500,78600,36228,0.04939919893190914
2016-02-05,79400,82000,77200,80600,33500,0.025445292620865034
2016-02-11,78500,79500,72800,74100,39996,-0.08064516129032262
2016-02-12,72200,72200,65000,69400,91876,-0.06342780026990558
2016-02-15,69400,72100,67500,71800,29320,0.03458213256484144
2016-02-16,72400,73900,70600,70900,21149,-0.012534818941504211
2016-02-17,69500,70900,67900,69500,34946,-0.019746121297602226
2016-02-18,70500,71900,69500,70200,27815,0.010071942446043147
2016-02-19,70300,75000,70300,74000,19701,0.054131054131054235
2016-02-22,74000,74000,71400,72100,15599,-0.025675675675675635
2016-02-23,72300,73500,71200,72600,14113,0.006934812760055475
2016-02-24,73700,74900,71300,71400,37935,-0.016528925619834656
2016-02-25,72200,72200,68200,68600,54085,-0.039215686274509776
2016-02-26,69600,72100,69300,69800,46111,0.017492711370262315
2016-02-29,69700,70700,69000,70200,23382,0.005730659025787954
2016-03-02,70600,73500,70000,72600,38745,0.03418803418803429
2016-03-03,73500,73800,71600,72700,10635,0.0013774104683195176
2016-03-04,73200,73900,71000,72600,30564,-0.0013755158184318717
2016-03-07,72100,73900,71600,71600,20303,-0.01377410468319562
2016-03-08,71600,73200,70800,70900,69354,-0.009776536312849138
2016-03-09,70400,75800,70100,74900,57362,0.056417489421720646
2016-03-10,75700,78800,75700,78300,55356,0.04539385847797073
2016-03-11,78500,79400,75700,79000,45605,0.008939974457215838
2016-03-14,79000,79800,77000,78400,26066,-0.0075949367088608
2016-03-15,78500,79800,77800,78100,26458,-0.003826530612244916
2016-03-16,79700,80900,77600,80500,32447,0.030729833546734975
2016-03-17,80600,81800,79000,79200,24614,-0.016149068322981353
2016-03-18,78800,79800,77300,77300,32400,-0.023989898989899006
2016-03-21,77400,77900,74600,74900,32152,-0.031047865459249646
2016-03-22,75700,78200,75000,77100,31179,0.029372496662216196
2016-03-23,77900,79800,77400,77400,22194,0.0038910505836575737
2016-03-24,79700,79700,76700,78200,32735,0.010335917312661591
2016-03-25,78700,79800,78300,78800,21049,0.007672634271099765
2016-03-28,79800,80000,77200,77800,17137,-0.012690355329949221
2016-03-29,79000,79000,74600,74600,47831,-0.041131105398457546
2016-03-30,75100,76400,75000,75800,15839,0.01608579088471851
2016-03-31,76700,76700,74800,75500,17847,-0.00395778364116095
2016-04-01,75500,76500,74000,74900,26333,-0.007947019867549643
2016-04-04,75000,76000,73800,74500,22348,-0.005340453938584733
2016-04-05,74000,74600,71600,72400,27144,-0.028187919463087296
2016-04-06,72400,74100,70000,72000,37554,-0.0055248618784530246
2016-04-07,72500,77800,72000,77400,60307,0.07499999999999996
2016-04-08,78000,79000,75500,78700,39121,0.01679586563307489
2016-04-11,78700,80300,77800,77800,23528,-0.01143583227445999
2016-04-12,77500,82000,77400,79900,38428,0.02699228791773778
2016-04-14,78400,82400,78400,80700,26571,0.01001251564455563
2016-04-15,80200,82000,80200,81400,25713,0.00867410161090465
2016-04-18,81400,81900,78500,80000,29315,-0.017199017199017175
2016-04-19,80000,81900,79000,81600,24254,0.020000000000000018
2016-04-20,81600,83000,79800,80000,30384,-0.019607843137254943
2016-04-21,80400,80800,78000,80800,18570,0.010000000000000009
2016-04-22,79600,80800,78600,79800,15172,-0.012376237623762387
2016-04-25,78700,80800,78700,79600,18583,-0.0025062656641604564
2016-04-26,80500,80500,79200,79300,13325,-0.0037688442211055717
2016-04-27,79300,79400,78100,78800,12701,-0.006305170239596425
2016-04-28,78800,79600,77000,77600,12270,-0.015228426395939132
2016-04-29,77600,79800,76000,78900,19820,0.01675257731958757
2016-05-02,78100,79000,77100,77600,13013,-0.016476552598225558
2016-05-03,77200,77700,76300,76500,15461,-0.014175257731958713
2016-05-04,76700,78900,76000,76700,20891,0.002614379084967311
2016-05-09,78500,83000,78000,80700,89422,0.052151238591916504
2016-05-10,81400,81400,78600,78900,22130,-0.022304832713754608
2016-05-11,79200,79500,76400,77000,30989,-0.02408111533586821
2016-05-12,76100,76600,75000,75800,18517,-0.01558441558441559
2016-05-13,75400,77300,75300,76300,16031,0.006596306068601621
2016-05-16,76300,76900,72900,73500,41293,-0.03669724770642202
2016-05-17,73500,75100,73100,75100,27670,0.021768707482993088
2016-05-18,75200,75200,72800,72800,21641,-0.030625832223701743
2016-05-19,72200,74000,72000,72600,15023,-0.0027472527472527375
2016-05-20,72500,73800,71000,71000,31797,-0.02203856749311295
2016-05-23,70300,72400,70300,71800,24027,0.011267605633802802
2016-05-24,71900,73400,71600,73000,13891,0.01671309192200554
2016-05-25,73200,73500,71600,72000,27821,-0.013698630136986356
2016-05-26,71800,72400,71200,71300,12700,-0.009722222222222188
2016-05-27,70900,71800,69600,71500,28112,0.0028050490883591017
2016-05-30,71600,72700,70500,70500,20169,-0.013986013986013957
2016-05-31,70300,71200,69900,70000,20786,-0.007092198581560294
2016-06-01,70000,71000,69700,70800,21553,0.011428571428571344
2016-06-02,70400,71400,70300,71000,24873,0.0028248587570620654
2016-06-03,70400,73500,70400,73200,22115,0.030985915492957705
2016-06-07,72000,73800,72000,73500,14479,0.004098360655737654
2016-06-08,73000,73800,72000,72400,20004,-0.014965986394557818
2016-06-09,72500,73500,71000,71900,28021,-0.006906077348066253
2016-06-10,71900,72400,71100,71700,17920,-0.0027816411682892728
2016-06-13,71700,71700,69500,70000,24998,-0.023709902370990243
2016-06-14,69000,70200,67100,67800,55598,-0.03142857142857147
2016-06-15,66600,69800,66600,68800,22020,0.014749262536873253
2016-06-16,69100,69800,64600,65500,53988,-0.04796511627906974
2016-06-17,65500,67200,64400,64700,30278,-0.012213740458015265
2016-06-20,63800,64800,62300,63400,51091,-0.020092735703245768
2016-06-21,63300,64400,63000,64000,14874,0.009463722397476282
2016-06-22,64000,65400,63300,65100,18798,0.01718749999999991
2016-06-23,65200,66700,64600,65700,18845,0.009216589861751112
2016-06-24,65200,66700,61500,63800,59246,-0.028919330289193357
2016-06-27,61100,63900,61100,63700,39686,-0.0015673981191222097
2016-06-28,62300,64000,62100,64000,23411,0.0047095761381474865
2016-06-29,63600,66300,63500,66200,16932,0.034375000000000044
2016-06-30,67000,67000,65900,65900,15412,-0.004531722054380682
2016-07-01,65100,66300,64800,65000,18458,-0.01365705614567525
2016-07-04,65500,65800,63800,64100,17177,-0.013846153846153841
2016-07-05,63700,64000,62200,62800,35950,-0.020280811232449292
2016-07-06,63200,63600,61700,62300,30366,-0.0079617834394905
2016-07-07,62300,62700,61400,61600,26655,-0.011235955056179803
2016-07-08,61600,64400,61300,63900,31116,0.03733766233766245
2016-07-11,63800,66600,63600,66100,28492,0.03442879499217533
2016-07-12,65700,68200,65700,66300,27017,0.00302571860816947
2016-07-13,66100,67600,66000,67200,20089,0.013574660633484115
2016-07-14,67500,68400,66200,66200,13405,-0.014880952380952328
2016-07-15,66000,66800,65000,65500,14104,-0.010574018126888185
2016-07-18,65000,67900,65000,66500,17885,0.01526717557251911
2016-07-19,65900,66900,65600,66500,12839,0.0
2016-07-20,65900,66700,65600,66300,8986,-0.003007518796992459
2016-07-21,66300,66700,64500,65100,20616,-0.018099547511312264
2016-07-22,65200,66700,64300,65700,12246,0.009216589861751112
2016-07-25,66000,66800,64000,64000,12518,-0.025875190258751957
2016-07-26,64900,64900,62300,63600,18305,-0.006249999999999978
2016-07-27,62500,64600,62400,63800,11625,0.003144654088050425
2016-07-28,63800,64200,62900,62900,13255,-0.014106583072100332
2016-07-29,62900,63800,62500,62900,13034,0.0
2016-08-01,62700,63300,61800,62100,12644,-0.012718600953895098
2016-08-02,61900,63300,61700,62100,5471,0.0
2016-08-03,62300,63000,62100,62200,11174,0.0016103059581320522
2016-08-04,62200,62900,61900,62900,8467,0.0112540192926045
2016-08-05,62800,63000,61200,62500,24470,-0.006359300476947549
2016-08-08,62100,62900,61100,61500,18172,-0.016000000000000014
2016-08-09,62000,62300,60600,61000,31042,-0.008130081300813052
2016-08-10,61500,62700,60900,62100,16334,0.0180327868852459
2016-08-11,62100,63800,61500,63500,23975,0.02254428341384873
2016-08-12,62800,66900,62800,66100,43199,0.04094488188976375
2016-08-16,66500,67900,65600,65800,24926,-0.004538577912254205
2016-08-17,66000,66600,64400,65000,13098,-0.012158054711246202
2016-08-18,65000,65400,63700,64300,9441,-0.010769230769230753
2016-08-19,65200,65700,61800,63300,17613,-0.015552099533437058
2016-08-22,62500,63600,61800,61800,15735,-0.023696682464455
2016-08-23,61000,64300,61000,63900,17604,0.03398058252427183
2016-08-24,63600,65000,62800,63000,12665,-0.014084507042253502
2016-08-25,63500,64400,62000,63200,13101,0.0031746031746031633
2016-08-26,64100,64100,62100,62900,6856,-0.004746835443038
2016-08-29,63900,63900,61600,62300,12089,-0.009538950715421324
2016-08-30,63000,63000,61500,61600,10224,-0.011235955056179803
2016-08-31,61400,62200,58800,59300,38862,-0.037337662337662336
2016-09-01,59000,59700,57800,58300,26218,-0.016863406408094472
2016-09-02,57800,58800,57700,58100,13457,-0.0034305317324184736
2016-09-05,57800,60000,57800,58500,16598,0.0068846815834766595
2016-09-06,58300,58800,55300,56200,62739,-0.03931623931623929
2016-09-07,56000,56100,52500,52800,66369,-0.06049822064056942
2016-09-08,52800,54300,51700,52300,38381,-0.009469696969697017
2016-09-09,51700,52100,49850,51900,62784,-0.007648183556405397
2016-09-12,51500,54000,50400,53900,40959,0.038535645472061564
2016-09-13,53900,54200,52600,53200,16177,-0.012987012987012991
2016-09-19,53200,53800,52000,53300,8418,0.001879699248120259
2016-09-20,52500,53800,52300,53200,9530,-0.0018761726078799779
2016-09-21,53800,56500,53300,56000,24782,0.05263157894736836
2016-09-22,56000,58200,55300,57000,26409,0.017857142857142794
2016-09-23,57800,57900,55700,56800,13658,-0.0035087719298245723
2016-09-26,56400,60000,56400,59200,38961,0.04225352112676051
2016-09-27,59600,60000,57300,58900,18751,-0.0050675675675675436
2016-09-28,58900,59600,58600,59200,10242,0.005093378607809784
2016-09-29,59600,59900,58700,59500,10689,0.0050675675675675436
2016-09-30,59900,60000,58800,59400,19827,-0.001680672268907557
2016-10-04,59000,61900,58600,58700,23702,-0.011784511784511786
2016-10-05,58300,60000,58300,58800,11231,0.0017035775127767216
2016-10-06,58800,59400,56700,56800,18840,-0.03401360544217691
2016-10-07,56800,58900,56800,57400,14191,0.010563380281690238
2016-10-10,58800,60000,57700,58500,14310,0.019163763066202044
2016-10-11,59700,60200,58700,60000,22309,0.02564102564102555
2016-10-12,60000,60500,59300,59400,9847,-0.010000000000000009
2016-10-13,59100,59800,58400,58400,8006,-0.01683501683501687
2016-10-14,59800,59800,58000,58200,9703,-0.003424657534246589
2016-10-17,59400,59400,57200,57300,7924,-0.015463917525773141
2016-10-18,58300,58400,56100,57300,11308,0.0
2016-10-19,58800,58800,55900,56000,10366,-0.022687609075043635
2016-10-20,55100,56500,55000,55300,12655,-0.012499999999999956
2016-10-21,54900,55900,54600,55200,10355,-0.001808318264014508
2016-10-24,55500,56600,54800,55600,9249,0.007246376811594235
2016-10-25,55100,56100,55000,55500,10062,-0.0017985611510791255
2016-10-26,55500,56300,54900,55800,11111,0.00540540540540535
2016-10-27,55600,56100,55200,56000,5911,0.0035842293906809264
2016-10-28,56000,56700,55500,56700,7454,0.012499999999999956
2016-10-31,55700,56800,55700,55900,9035,-0.014109347442680775
2016-11-01,57300,60500,56600,59800,48253,0.06976744186046502
2016-11-02,60000,62600,59900,62100,60180,0.03846153846153855
2016-11-03,61300,65300,61300,63500,56135,0.02254428341384873
2016-11-04,64700,65000,62500,63200,31171,-0.0047244094488189115
2016-11-07,64000,64000,62300,62600,16119,-0.009493670886076
2016-11-08,65300,65300,62900,64400,17888,0.028753993610223683
2016-11-09,65000,65100,59900,64000,35097,-0.006211180124223614
2016-11-10,64600,66600,64000,65200,22356,0.018750000000000044
2016-11-11,65200,65400,63300,64700,15155,-0.0076687116564416735
2016-11-14,65000,65900,64300,64900,16805,0.0030911901081915882
2016-11-15,65300,68800,64000,68500,56675,0.055469953775038494
2016-11-16,68500,71100,68500,71000,46163,0.03649635036496357
2016-11-17,71300,72100,69600,71600,27985,0.008450704225352101
2016-11-18,71100,72300,70600,71600,18222,0.0
2016-11-21,71600,71900,69300,69800,14813,-0.025139664804469275
2016-11-22,68800,70300,66700,66900,39480,-0.04154727793696278
2016-11-23,67100,67600,65200,66000,26270,-0.013452914798206317
2016-11-24,66700,67300,64700,65100,16111,-0.013636363636363669
2016-11-25,64600,66400,63500,64200,18162,-0.01382488479262678
2016-11-28,64300,64300,62100,62100,27324,-0.032710280373831724
2016-11-29,61800,65500,61800,64000,25887,0.03059581320450877
2016-11-30,65000,65000,62300,64100,20703,0.0015624999999999112
2016-12-01,64000,64700,62800,63800,24508,-0.004680187207488307
2016-12-02,64200,64200,62100,63000,23054,-0.01253918495297801
2016-12-05,62300,64000,61300,63000,18455,0.0
2016-12-06,64300,65200,63300,65200,23746,0.03492063492063502
2016-12-07,65200,65200,63300,64500,14039,-0.010736196319018454
2016-12-08,64500,66000,64200,66000,17309,0.023255813953488413
2016-12-09,65500,66500,64000,64600,14649,-0.021212121212121238
2016-12-12,65500,65500,64100,64100,17462,-0.007739938080495334
2016-12-13,65200,65500,63300,65400,21181,0.020280811232449292
2016-12-14,65400,66200,64100,65400,16333,0.0
2016-12-15,65700,66900,64800,66200,15628,0.012232415902140747
2016-12-16,65600,66700,64700,66100,12237,-0.0015105740181269312
2016-12-19,66300,66300,65000,65300,9120,-0.012102874432677768
2016-12-20,65300,65700,63700,64600,21401,-0.01071975497702915
2016-12-21,64900,64900,63600,64600,19745,0.0
2016-12-22,64100,64500,62300,62900,26973,-0.02631578947368418
2016-12-23,63700,63700,62500,63600,13773,0.0111287758346581
2016-12-26,63600,64200,61300,61300,23022,-0.036163522012578664
2016-12-27,61300,62000,60400,62000,29393,0.011419249592169667
2016-12-28,61200,62400,60500,60800,22047,-0.01935483870967747
2016-12-29,60500,60900,59600,59700,23200,-0.018092105263157854
2017-01-02,59700,61000,58700,58900,18250,-0.01340033500837523
2017-01-03,59800,59800,58000,58600,21074,-0.005093378607809895
2017-01-04,58200,59900,57800,59600,22780,0.017064846416382284
2017-01-05,59100,59900,58600,58800,15022,-0.01342281879194629
2017-01-06,58800,59300,58400,59000,13554,0.00340136054421758
2017-01-09,58400,59500,57400,57500,17479,-0.025423728813559365
2017-01-10,57000,58000,56100,57500,14128,0.0
2017-01-11,57000,57700,56700,57100,8979,-0.006956521739130417
2017-01-12,58500,59300,57800,58800,15496,0.02977232924693518
2017-01-13,59400,61500,58100,61200,24085,0.04081632653061229
2017-01-16,61200,61300,59100,60900,13154,-0.004901960784313708
2017-01-17,61500,64800,61100,64600,49094,0.06075533661740562
2017-01-18,64800,65000,64000,64700,18271,0.001547987616099089
2017-01-19,64000,64700,63300,64200,11457,-0.007727975270479082
2017-01-20,63300,65100,63300,64200,17142,0.0
2017-01-23,64900,67000,64200,65300,34578,0.017133956386292892
2017-01-24,64600,66700,64600,65200,19832,-0.0015313935681470214
2017-01-25,66100,66100,64500,65000,10749,-0.0030674846625766694
2017-01-26,64600,65600,63200,64000,15100,-0.01538461538461533
2017-01-31,62900,67000,62900,66400,26608,0.03750000000000009
2017-02-01,67100,67200,65100,65600,12615,-0.012048192771084376
2017-02-02,65100,65800,63500,63600,17353,-0.030487804878048808
2017-02-03,63900,64900,63200,64200,9779,0.009433962264151052
2017-02-06,65000,66700,64200,66300,19382,0.032710280373831724
2017-02-07,66600,66600,64500,65800,15016,-0.007541478129713397
2017-02-08,65900,66400,64500,64900,13279,-0.01367781155015202
2017-02-09,64100,65100,63900,64100,16701,-0.012326656394452962
2017-02-10,64300,67500,62700,67200,61455,0.04836193447737913
2017-02-13,67600,69100,66900,67400,21146,0.0029761904761904656
2017-02-14,67400,68100,66600,67800,10142,0.005934718100890191
2017-02-15,66700,68100,66700,67800,14983,0.0
2017-02-16,67800,68000,66000,66400,18759,-0.020648967551622377
2017-02-17,65500,67100,65500,67000,10881,0.009036144578313143
2017-02-20,67200,67500,65200,66700,14587,-0.004477611940298498
2017-02-21,67800,67800,65700,65700,8698,-0.014992503748125885
2017-02-22,66200,66500,65300,65600,11310,-0.0015220700152207556
2017-02-23,66400,66400,64700,64900,10851,-0.010670731707317027
2017-02-24,65000,65000,62400,64300,32366,-0.009244992295839749
2017-02-27,63600,65400,63600,64700,17411,0.0062208398133747345
2017-02-28,65300,65300,63600,63700,15666,-0.015455950540958274
2017-03-02,63700,65100,61500,61500,23336,-0.03453689167974883
2017-03-03,61800,62600,60200,60700,17524,-0.013008130081300862
2017-03-06,59700,60700,58300,58900,24977,-0.029654036243822124
2017-03-07,58500,59800,58000,59200,15836,0.005093378607809784
2017-03-08,58600,59700,58000,58900,23786,-0.0050675675675675436
2017-03-09,58900,59500,58200,59200,14026,0.005093378607809784
2017-03-10,59000,59400,57700,58100,19975,-0.01858108108108103
2017-03-13,58500,59300,58100,59100,11238,0.01721170395869187
2017-03-14,58600,59700,58100,58200,18366,-0.015228426395939132
2017-03-15,58200,58900,56900,57600,22895,-0.010309278350515427
2017-03-16,58000,58400,57300,57700,11249,0.0017361111111111605
2017-03-17,58600,58800,57300,58600,11887,0.015597920277296451
2017-03-20,58500,58700,57700,58500,10656,-0.0017064846416382506
2017-03-21,57800,58800,57300,57600,13942,-0.01538461538461533
2017-03-22,58000,59800,56600,56900,36286,-0.01215277777777779
2017-03-23,57400,59000,57200,58700,12881,0.03163444639718804
2017-03-24,59400,62400,58600,62100,30695,0.05792163543441231
2017-03-27,62400,63600,61500,62800,24267,0.011272141706924366
2017-03-28,62000,62900,61900,62200,9806,-0.009554140127388533
2017-03-29,63000,63100,60500,61100,17274,-0.01768488745980712
2017-03-30,61800,61800,60000,60400,8475,-0.011456628477905073
2017-03-31,60800,61600,60500,61500,9307,0.01821192052980125
2017-04-03,61600,61600,60000,60200,10537,-0.021138211382113803
2017-04-04,60200,61000,59400,59500,9182,-0.011627906976744207
2017-04-05,59300,60500,59300,59600,6415,0.001680672268907557
2017-04-06,59200,59600,58000,58800,10963,-0.01342281879194629
2017-04-07,59100,59400,58100,58600,7149,-0.003401360544217691
2017-04-10,58600,58700,57300,57800,10671,-0.013651877133105783
2017-04-11,57900,59000,57600,58300,7913,0.00865051903114189
2017-04-12,57800,59000,57300,57700,11119,-0.010291595197255532
2017-04-13,57700,58600,57500,58600,7383,0.015597920277296451
2017-04-14,58000,58200,57500,57600,7657,-0.017064846416382284
2017-04-17,57300,57700,56900,57400,9320,-0.00347222222222221
2017-04-18,57600,58600,57300,58200,14897,0.013937282229965264
2017-04-19,57600,58500,57500,57900,6545,-0.005154639175257714
2017-04-20,57800,59200,57600,58800,13616,0.015544041450777257
2017-04-21,59200,59400,58600,59000,7578,0.00340136054421758
2017-04-24,58800,58800,57700,58000,7840,-0.016949152542372836
2017-04-25,57900,58600,57300,57600,10036,-0.006896551724137945
2017-04-26,57900,59000,57700,57900,9731,0.005208333333333259
2017-04-27,58600,58600,57200,57600,10787,-0.005181347150259086
2017-04-28,57000,57700,56200,57500,18855,-0.0017361111111111605
2017-05-02,57000,57700,56500,56800,11004,-0.012173913043478257
2017-05-04,56100,57100,56100,56600,8538,-0.0035211267605633756
2017-05-08,56200,57000,55700,56700,29103,0.0017667844522968323
2017-05-10,57200,58700,56500,57400,48586,0.012345679012345734
2017-05-11,57400,57900,56600,57700,20855,0.005226480836237002
2017-05-12,57300,57600,56200,56300,24278,-0.024263431542461023
2017-05-15,56300,56400,54500,55300,15964,-0.017761989342806372
2017-05-16,55300,56000,54700,55700,19106,0.00723327305605781
2017-05-17,55200,56200,54500,54900,25106,-0.014362657091561926
2017-05-18,55000,57700,54900,57000,45142,0.03825136612021862
2017-05-19,57100,57700,55700,56200,19261,-0.01403508771929829
2017-05-22,56900,56900,55100,55300,14861,-0.016014234875444844
2017-05-23,55000,56100,54700,55400,13402,0.001808318264014508
2017-05-24,56500,56500,54600,55200,21254,-0.0036101083032491488
2017-05-25,55300,55600,54600,54600,22506,-0.010869565217391353
2017-05-26,55100,55200,54500,54600,16354,0.0
2017-05-29,54800,55200,54600,55100,18457,0.009157509157509125
2017-05-30,55100,55500,54900,55200,7257,0.001814882032667775
2017-05-31,55200,56700,54900,56300,25152,0.019927536231884035
2017-06-01,56100,56700,55500,55600,13484,-0.01243339253996445
2017-06-02,55200,55800,54700,54700,19512,-0.01618705035971224
2017-06-05,55500,55500,54100,54300,20048,-0.007312614259597838
2017-06-07,54100,54400,53900,54000,16588,-0.0055248618784530246
2017-06-08,53800,54100,53000,53000,34253,-0.01851851851851849
2017-06-09,53900,54800,53100,53700,16535,0.013207547169811429
2017-06-12,54400,54400,52700,53400,18140,-0.005586592178770999
2017-06-13,53300,53700,52700,53100,17195,-0.005617977528089901
2017-06-14,53000,53500,52600,52900,17027,-0.0037664783427495685
2017-06-15,52600,53000,52000,52700,17882,-0.003780718336483968
2017-06-16,52700,54700,52700,54400,22281,0.032258064516129004
2017-06-19,54400,55700,54100,55100,27911,0.012867647058823595
2017-06-20,54700,55000,54100,54900,13523,-0.003629764065335772
2017-06-21,55100,55100,53600,54900,12596,0.0
2017-06-22,54300,55000,53800,54700,13934,-0.0036429872495445936
2017-06-23,54700,54800,54000,54300,15015,-0.007312614259597838
2017-06-26,54300,54700,53600,54200,6755,-0.0018416206261510082
2017-06-27,53800,55300,53600,54800,20128,0.011070110701107083
2017-06-28,54300,55000,54100,54100,8888,-0.012773722627737238
2017-06-29,53900,55700,53400,55500,22669,0.025878003696857776
2017-06-30,54800,55400,54400,54900,9347,-0.010810810810810811
2017-07-03,55400,55400,54100,54500,9194,-0.007285974499089298
2017-07-04,54500,54900,54000,54900,9456,0.007339449541284404
2017-07-05,54200,54900,54200,54200,5723,-0.012750455373406244
2017-07-06,53700,55000,53700,54700,11422,0.009225092250922495
2017-07-07,54700,58300,54500,57500,84001,0.051188299817184646
2017-07-10,57900,58400,56500,57000,22293,-0.008695652173912993
2017-07-11,57000,58700,57000,57600,33768,0.010526315789473717
2017-07-12,57500,58100,56200,56200,19957,-0.02430555555555558
2017-07-13,56000,57600,55700,56300,19687,0.001779359430605032
2017-07-14,56300,57500,55800,56800,20853,0.008880994671403242
2017-07-17,57600,57700,55800,55900,11753,-0.015845070422535246
2017-07-18,56400,56400,54400,55300,11188,-0.01073345259391767
2017-07-19,56000,56000,54500,55100,12880,-0.003616636528028905
2017-07-20,55100,55200,54500,54700,10288,-0.007259528130671544
2017-07-21,54400,55300,54100,54100,12372,-0.010968921389396757
2017-07-24,54500,54500,53800,53800,10905,-0.00554528650646946
2017-07-25,53500,54400,53300,53400,19149,-0.0074349442379182396
2017-07-26,54100,54300,53300,53600,11146,0.0037453183520599342
2017-07-27,53400,54300,53400,54100,12158,0.009328358208955168
2017-07-28,53700,54500,53200,53300,14808,-0.014787430683918634
2017-07-31,53300,54300,53100,53200,11124,-0.0018761726078799779
2017-08-01,53100,53700,52700,52700,10795,-0.009398496240601517
2017-08-02,52900,53600,52800,52900,8821,0.00379506641366234
2017-08-03,51900,52600,51500,51700,20257,-0.022684310018903586
2017-08-04,51800,53400,51700,51900,8285,0.003868471953578423
2017-08-07,52300,53000,51700,51700,10390,-0.003853564547206201
2017-08-08,51700,52300,51100,51200,11866,-0.009671179883945835
2017-08-09,51200,53100,51200,52800,16748,0.03125
2017-08-10,52500,53800,52500,53200,14319,0.007575757575757569
2017-08-11,52500,53100,51500,52100,12161,-0.020676691729323293
2017-08-14,52200,53200,52000,52100,7017,0.0
2017-08-16,52400,52700,51500,51500,24531,-0.01151631477927062
2017-08-17,51300,51900,50800,50900,14872,-0.011650485436893177
2017-08-18,50700,51500,50700,51100,4972,0.003929273084479323
2017-08-21,51100,51400,50900,51000,9834,-0.00195694716242667
2017-08-22,51100,51800,50600,50800,10843,-0.0039215686274509665
2017-08-23,50700,50900,50200,50500,17636,-0.0059055118110236116
2017-08-24,50500,51400,50400,50500,15363,0.0
2017-08-25,50700,51400,50500,50600,8064,0.001980198019801982
2017-08-28,50600,53000,50600,52300,18604,0.03359683794466406
2017-08-29,52100,52800,51500,52400,14856,0.0019120458891013214
2017-08-30,52800,53700,51900,53500,17012,0.020992366412213803
2017-08-31,53100,53800,53000,53300,8444,-0.0037383177570093906
2017-09-01,53000,55000,53000,54000,18377,0.013133208255159401
2017-09-04,54000,54600,53500,53800,8863,-0.0037037037037036535
2017-09-05,53800,54500,53800,54300,5666,0.009293680297397744
2017-09-06,54800,56500,54300,55000,17622,0.012891344383057168
2017-09-07,55800,55800,54000,54000,9152,-0.018181818181818188
2017-09-08,53700,55200,53700,54300,10703,0.005555555555555536
2017-09-11,54300,56000,54200,54500,9743,0.0036832412523020164
2017-09-12,54200,54600,53700,54100,7407,-0.007339449541284404
2017-09-13,53600,54400,53000,53000,16118,-0.020332717190388205
2017-09-14,53000,54300,52200,54300,24445,0.02452830188679256
2017-09-15,54300,54300,53200,53400,9578,-0.016574585635359074
2017-09-18,53100,54200,52600,52800,7821,-0.011235955056179803
2017-09-19,53500,54100,52700,53900,10966,0.02083333333333326
2017-09-20,53900,54400,53100,53200,6590,-0.012987012987012991
2017-09-21,52600,53700,52600,53500,6682,0.005639097744360999
2017-09-22,53000,53500,52700,52700,10648,-0.01495327102803734
2017-09-25,53300,53300,51200,51200,10737,-0.028462998102466774
2017-09-26,51200,52800,51000,52200,10232,0.01953125
2017-09-27,51800,53100,51800,51800,8203,-0.007662835249042099
2017-09-28,52900,52900,51200,51200,13759,-0.01158301158301156
2017-09-29,51000,53200,50900,52300,20075,0.021484375
2017-10-10,51900,53900,51900,52500,17680,0.003824091778202643
2017-10-11,52000,52700,51500,51700,13636,-0.015238095238095273
2017-10-12,51700,52200,51200,51900,16779,0.003868471953578423
2017-10-13,51900,52000,50500,51000,26866,-0.017341040462427793
2017-10-16,51400,51400,50200,50800,20756,-0.0039215686274509665
2017-10-17,50900,51000,50100,50300,20063,-0.009842519685039353
2017-10-18,50300,50300,49100,49150,35058,-0.022862823061630233
2017-10-19,49100,49700,49100,49150,18071,0.0
2017-10-20,49200,49500,48900,48900,17566,-0.0050864699898270915
2017-10-23,48800,48850,47100,47200,57222,-0.03476482617586907
2017-10-24,46700,48200,46700,47200,28677,0.0
2017-10-25,47250,47600,46950,47200,14692,0.0
2017-10-26,47150,47650,46450,46850,21805,-0.007415254237288171
2017-10-27,47550,48650,47050,48000,25493,0.0245464247598719
2017-10-30,48050,48650,47300,47850,23272,-0.0031250000000000444
2017-10-31,47550,48950,47400,48400,21566,0.011494252873563315
2017-11-01,47800,48500,47800,48400,14134,0.0
2017-11-02,48050,48500,47750,48150,21482,-0.005165289256198302
2017-11-03,48150,49900,48150,48750,20522,0.012461059190031154
2017-11-06,48750,48750,46750,47000,38236,-0.03589743589743588
2017-11-07,46900,47250,46000,46900,37014,-0.0021276595744680327
2017-11-08,46550,46800,45950,46800,23479,-0.002132196162046962
2017-11-09,46850,47400,46450,47050,20855,0.005341880341880323
2017-11-10,47650,47650,46350,46600,26417,-0.009564293304994642
2017-11-13,46550,47250,46150,47250,28632,0.013948497854077146
2017-11-14,47250,47400,46900,47400,25887,0.0031746031746031633
2017-11-15,47450,47450,46450,46650,25776,-0.015822784810126556
2017-11-16,46350,47450,46000,46900,36917,0.005359056806002238
2017-11-17,46600,47250,46600,46800,15643,-0.002132196162046962
2017-11-20,46550,46950,46000,46100,26272,-0.014957264957264904
2017-11-21,46100,46350,45050,45050,58669,-0.022776572668112838
2017-11-22,45100,45600,44000,44200,33539,-0.018867924528301883
2017-11-23,43950,44900,43700,44450,28698,0.005656108597285048
2017-11-24,44400,47200,44250,47000,54734,0.057367829021372385
2017-11-27,47050,51800,47050,50900,153302,0.08297872340425538
2017-11-28,50900,51600,50000,50700,43015,-0.003929273084479323
2017-11-29,51000,51000,49200,49250,27435,-0.02859960552268248
2017-11-30,49900,49900,47850,48800,37554,-0.009137055837563413
2017-12-01,49100,49100,47250,47550,23207,-0.02561475409836067
2017-12-04,47900,48650,46950,48050,21251,0.01051524710830698
2017-12-05,47950,48500,47700,48050,13434,0.0
2017-12-06,48300,48450,47550,48100,17566,0.0010405827263266776
2017-12-07,48400,48400,46800,47850,19054,-0.00519750519750517
2017-12-08,47350,47700,46950,47050,10643,-0.01671891327063746
2017-12-11,46950,47400,46100,46700,10581,-0.007438894792773598
2017-12-12,46550,47500,46200,46900,6867,0.004282655246252709
2017-12-13,46700,47300,46300,46850,16710,-0.0010660980810234255
2017-12-14,47350,49650,47300,49600,86352,0.05869797225186768
2017-12-15,50000,50000,48300,49100,32685,-0.01008064516129037
2017-12-18,49100,49600,48500,49100,26911,0.0
2017-12-19,49100,49450,48400,49000,29182,-0.0020366598778004397
2017-12-20,48700,49100,48150,48400,15895,-0.01224489795918371
2017-12-21,48100,48850,46750,47200,37131,-0.024793388429752095
2017-12-22,46950,47400,46600,46600,18451,-0.012711864406779627
2017-12-26,46650,47550,45800,45800,32401,-0.01716738197424894
2017-12-27,45850,46650,45450,46200,15487,0.008733624454148492
2017-12-28,46150,47300,46100,47000,17466,0.017316017316017396
2018-01-02,47000,47400,46750,47150,11874,0.0031914893617022155
2018-01-03,46650,47650,46500,47400,20296,0.005302226935312904
2018-01-04,47050,47900,46700,46700,11417,-0.014767932489451518
2018-01-05,47800,47800,46350,47000,24574,0.0064239828693790635
2018-01-08,47500,47500,46050,46850,18472,-0.0031914893617021045
2018-01-09,46550,47200,46250,46850,16973,0.0
2018-01-10,46850,47150,45650,46150,24634,-0.014941302027748127
2018-01-11,46400,46400,45500,46000,14517,-0.00325027085590468
2018-01-12,46300,46300,45500,45650,20401,-0.007608695652173925
2018-01-15,45600,46000,45000,45150,24561,-0.010952902519167584
2018-01-16,45400,46550,44950,46150,28620,0.02214839424141757
2018-01-17,46000,46400,45200,45750,25881,-0.008667388949079036
2018-01-18,45500,46750,45500,46700,22290,0.02076502732240426
2018-01-19,47350,49300,46300,48700,45937,0.04282655246252687
2018-01-22,48700,49050,48000,48800,25812,0.002053388090349051
2018-01-23,48800,51300,48650,50500,45650,0.0348360655737705
2018-01-24,50700,54100,50500,53800,92804,0.0653465346534654
2018-01-25,54100,54100,52600,53300,40580,-0.009293680297397744
2018-01-26,52800,54700,52800,53800,34793,0.009380863039399667
2018-01-29,54700,54700,52600,52600,26581,-0.022304832713754608
2018-01-30,53300,53500,51300,52200,29610,-0.0076045627376425395
2018-01-31,52500,52500,50300,52200,23317,0.0
2018-02-01,51600,52700,51300,51900,11554,-0.005747126436781658
2018-02-02,51700,52400,50700,51400,14249,-0.009633911368015391
2018-02-05,50500,51400,49750,49800,15553,-0.0311284046692607
2018-02-06,49050,51500,49000,51100,35500,0.026104417670682833
2018-02-07,51200,52000,50100,50500,30581,-0.011741682974559686
2018-02-08,50600,51000,49950,50200,23564,-0.005940594059405946
2018-02-09,48950,52700,48950,52700,63060,0.04980079681274896
2018-02-12,53300,53300,51200,51800,28688,-0.017077798861480087
2018-02-13,51700,52100,50700,51400,15140,-0.007722007722007707
2018-02-14,51000,51800,50000,50700,15742,-0.013618677042801508
2018-02-19,51100,52600,50800,52500,16485,0.035502958579881616
2018-02-20,52500,52700,51300,51300,10490,-0.02285714285714291
2018-02-21,51600,51800,50700,51400,12618,0.0019493177387914784
2018-02-22,51100,51400,50200,50600,8665,-0.015564202334630295
2018-02-23,50300,51400,50300,51200,6612,0.011857707509881354
2018-02-26,51400,51400,50300,50600,14074,-0.01171875
2018-02-27,50600,50800,49300,49300,21156,-0.025691699604743046
2018-02-28,49500,49900,48350,48600,16550,-0.014198782961460488
2018-03-02,48000,49450,47300,47600,18719,-0.020576131687242816
2018-03-05,47650,48350,45950,46000,24598,-0.03361344537815125
2018-03-06,46500,47650,46100,47200,12476,0.026086956521739202
2018-03-07,47200,47250,46100,46800,17859,-0.008474576271186418
2018-03-08,46100,47300,46100,47250,14221,0.009615384615384581
2018-03-09,47100,47700,46400,46400,20632,-0.017989417989418
2018-03-12,46400,46850,46250,46650,14862,0.005387931034482651
2018-03-13,46350,46600,45500,46250,31747,-0.008574490889603381
2018-03-14,46100,46550,45400,46350,18766,0.00216216216216214
2018-03-15,45700,47100,45550,46700,25237,0.007551240560949246
2018-03-16,46800,46850,46050,46400,11532,-0.0064239828693790635
2018-03-19,46800,46800,45600,46050,15991,-0.007543103448275912
2018-03-20,46050,46800,45800,46500,16007,0.009771986970684043
2018-03-21,46400,46900,45900,46200,13016,-0.006451612903225823
2018-03-22,46050,46600,45650,46000,16816,-0.0043290043290042934
2018-03-23,45600,46000,44300,44300,32104,-0.036956521739130443
2018-03-26,44000,46650,44000,46200,33096,0.04288939051918739
2018-03-27,46400,47100,45750,46750,17885,0.011904761904761862
2018-03-28,46600,47100,46200,47000,19011,0.005347593582887722
2018-03-29,47000,47150,45700,46300,16075,-0.014893617021276562
2018-03-30,46500,46750,46000,46200,10632,-0.002159827213822907
2018-04-02,46800,47800,46000,46050,17795,-0.0032467532467532756
2018-04-03,45900,46800,45550,46400,9749,0.007600434310532034
2018-04-04,46100,46550,45500,45750,19615,-0.014008620689655138
2018-04-05,46300,46350,45500,45500,7482,-0.005464480874316946
2018-04-06,45500,45750,44800,45200,13025,-0.00659340659340657
2018-04-09,44900,45950,44250,45150,14267,-0.0011061946902655162
2018-04-10,44650,45500,44600,45450,10471,0.006644518272425293
2018-04-11,45500,45500,44600,44900,13779,-0.012101210121012063
2018-04-12,44700,45300,44600,44950,13334,0.00111358574610243
2018-04-13,44700,44800,44250,44400,19987,-0.012235817575083408
2018-04-16,44500,45700,44000,45250,22758,0.019144144144144226
2018-04-17,45100,45750,44400,45250,15899,0.0
2018-04-18,45000,45600,44750,45000,11267,-0.0055248618784530246
2018-04-19,44750,44950,44450,44450,11477,-0.012222222222222245
2018-04-20,44250,44850,44200,44700,12981,0.0056242969628796935
2018-04-23,44700,45000,44200,44350,14695,-0.007829977628635354
2018-04-24,44250,45450,44050,45300,21510,0.021420518602029315
2018-04-25,45350,45350,43850,45050,11893,-0.0055187637969095205
2018-04-26,45050,45550,44650,45200,14363,0.0033296337402886067
2018-04-27,45000,46950,45000,46550,31135,0.02986725663716805
2018-04-30,47000,47000,44800,45050,18639,-0.03222341568206233
2018-05-02,44350,45200,44250,45000,17641,-0.0011098779134295356
2018-05-03,44800,45200,44100,44500,26243,-0.011111111111111072
2018-05-04,44500,44500,43200,43800,35992,-0.01573033707865168
2018-05-08,44000,44000,42800,42900,26859,-0.020547945205479423
2018-05-09,42600,43750,42100,42750,26197,-0.0034965034965035446
2018-05-10,42550,42900,41850,42500,37745,-0.005847953216374324
2018-05-11,42300,42550,41750,41950,29707,-0.012941176470588234
2018-05-14,41750,42600,41200,42600,40276,0.015494636471990564
2018-05-15,42200,42250,41250,41250,34599,-0.03169014084507038
2018-05-16,41200,41300,39250,39400,67554,-0.044848484848484804
2018-05-17,39400,40000,39150,39200,39428,-0.005076142131979711
2018-05-18,39650,39750,38600,39000,40717,-0.005102040816326481
2018-05-21,39000,39400,38600,38800,28872,-0.00512820512820511
2018-05-23,38400,38500,37050,37300,67109,-0.03865979381443296
2018-05-24,37250,37650,36800,37300,30298,0.0
2018-05-25,37300,37500,35150,35400,78404,-0.05093833780160861
2018-05-28,34900,38050,34500,38050,58029,0.07485875706214684
2018-05-29,37950,38400,37550,37950,27695,-0.0026281208935611255
2018-05-30,37800,38000,36600,37500,30446,-0.011857707509881465
2018-05-31,37500,37500,36200,36650,24932,-0.022666666666666613
2018-06-01,36900,36900,35800,36100,26667,-0.01500682128240105
2018-06-04,36350,36850,36050,36300,14715,0.005540166204986097
2018-06-05,36700,38250,36700,37100,21318,0.02203856749311295
2018-06-07,36800,37800,36800,37300,19504,0.005390835579514919
2018-06-08,37150,37850,36900,36900,14392,-0.01072386058981234
2018-06-11,37000,38250,37000,38150,22250,0.03387533875338744
2018-06-12,38200,38200,37350,37700,16943,-0.011795543905635641
2018-06-14,37350,38200,37100,38200,25635,0.013262599469495928
2018-06-15,37700,38100,37350,38100,19826,-0.002617801047120394
2018-06-18,38350,38400,36650,36650,18981,-0.03805774278215224
2018-06-19,36200,37650,36200,37100,21171,0.012278308321964637
2018-06-20,36500,37300,36400,36550,16100,-0.014824797843665749
2018-06-21,36300,36650,36100,36250,14733,-0.008207934336525335
2018-06-22,36100,36550,35200,35300,27510,-0.026206896551724146
2018-06-25,35150,35800,35150,35500,11821,0.0056657223796034994
2018-06-26,35850,36050,34650,34900,15966,-0.016901408450704203
2018-06-27,34700,34950,34250,34250,16965,-0.01862464183381085
2018-06-28,34400,34600,33400,33450,20461,-0.023357664233576658
2018-06-29,34100,34700,33000,33750,20920,0.008968609865470878
2018-07-02,33400,34400,32800,33400,14661,-0.010370370370370363
2018-07-03,32850,33550,32200,32400,19586,-0.029940119760479056
2018-07-04,32000,32700,31650,32300,22937,-0.0030864197530864335
2018-07-05,32400,34200,32300,34150,18044,0.05727554179566563
2018-07-06,34200,38500,34100,34800,164856,0.019033674963396807
2018-07-09,34600,35300,33550,34450,36472,-0.010057471264367845
2018-07-10,34450,38650,34050,37800,81998,0.0972423802612481
2018-07-11,37750,38450,36500,36500,50128,-0.03439153439153442
2018-07-12,36500,39900,36400,38650,98922,0.05890410958904102
2018-07-13,38650,39450,37600,37700,32524,-0.02457956015523932
2018-07-16,37500,37550,36550,36850,17841,-0.022546419098143256
2018-07-17,36750,42500,35800,41050,339853,0.11397557666214375
2018-07-18,44500,48800,35400,36000,1116276,-0.12302070645554197
2018-07-19,36200,36400,33800,34250,212625,-0.04861111111111116
2018-07-20,33600,34700,32100,32350,212645,-0.05547445255474448
2018-07-23,31600,32700,31500,31500,79568,-0.026275115919629055
2018-07-24,31200,32650,31200,31800,44418,0.00952380952380949
2018-07-25,31800,32400,31150,31600,40453,-0.0062893081761006275
2018-07-26,31500,32750,31500,32150,37015,0.017405063291139333
2018-07-27,32250,33500,31750,33200,43335,0.03265940902021769
2018-07-30,32700,33600,32700,32800,23978,-0.012048192771084376
2018-07-31,32600,34100,32600,33550,35309,0.02286585365853666
2018-08-01,33750,33950,33100,33700,23448,0.0044709388971684305
2018-08-02,33450,33750,32950,32950,20816,-0.022255192878338326
2018-08-03,32950,33500,32700,33200,11086,0.007587253414264028
2018-08-06,33200,33500,32700,32800,22728,-0.012048192771084376
2018-08-07,32650,32950,32350,32400,21451,-0.012195121951219523
2018-08-08,32250,32850,31950,32050,23519,-0.010802469135802517
2018-08-09,31950,32450,31900,32250,15601,0.006240249609984483
2018-08-10,32250,33150,32100,32900,27001,0.020155038759689825
2018-08-13,32800,32800,31800,32300,23530,-0.018237082066869248
2018-08-14,32250,32950,32050,32050,15891,-0.007739938080495334
2018-08-16,32150,32700,31550,31950,16334,-0.0031201248049922414
2018-08-17,31900,32250,31600,31600,25131,-0.010954616588419452
2018-08-20,31450,32050,31400,31650,15340,0.0015822784810126667
2018-08-21,31550,32350,31400,32050,14187,0.012638230647709303
2018-08-22,32050,32550,31550,31600,29150,-0.01404056162246492
2018-08-23,31850,32150,31700,31900,20798,0.009493670886076
2018-08-24,31700,32850,31700,32700,29167,0.02507836990595602
2018-08-27,32800,32800,32050,32300,16029,-0.012232415902140636
2018-08-28,32300,32550,32150,32250,12992,-0.001547987616099089
2018-08-29,32500,32800,32200,32250,17780,0.0
2018-08-30,32250,32700,32100,32200,21056,-0.0015503875968991832
2018-08-31,32400,32600,32200,32350,14568,0.004658385093167627
2018-09-03,32350,32550,31900,32050,12135,-0.009273570324574987
2018-09-04,32100,32150,31500,31650,24746,-0.012480499219968744
2018-09-05,31600,31700,31350,31400,17551,-0.00789889415481837
2018-09-06,31550,31550,30500,30700,31830,-0.022292993630573243
2018-09-07,30750,31100,30500,30900,21653,0.006514657980456029
2018-09-10,31100,32000,30600,31900,24860,0.032362459546925626
2018-09-11,31950,32500,31600,32300,24740,0.012539184952978122
2018-09-12,32300,33150,32250,32800,32962,0.015479876160990669
2018-09-13,33100,33100,32600,32900,19200,0.0030487804878047697
2018-09-14,33000,33750,32900,33550,27279,0.019756838905775176
2018-09-17,33500,33650,32400,32400,20893,-0.03427719821162445
2018-09-18,32400,32400,31550,32100,20473,-0.0092592592592593
2018-09-19,32100,32100,31000,31000,28870,-0.034267912772585674
2018-09-20,31000,31650,30800,30900,18738,-0.003225806451612856
2018-09-21,31350,31350,30600,30600,24944,-0.009708737864077666
2018-09-27,30600,31500,30600,31150,21325,0.017973856209150263
2018-09-28,31550,31550,31000,31150,10075,0.0
2018-10-01,31450,31500,30750,31250,18829,0.0032102728731941976
2018-10-02,30850,31350,30800,31100,14010,-0.0048000000000000265
2018-10-04,31550,31550,30600,30700,18444,-0.012861736334405127
2018-10-05,30100,30950,30100,30600,14849,-0.0032573289902280145
2018-10-08,30500,30750,30300,30600,16265,0.0
2018-10-10,30200,30700,29550,29950,38583,-0.021241830065359513
2018-10-11,28200,29450,28000,28450,57580,-0.05008347245409017
2018-10-12,27450,29200,27450,28850,33559,0.014059753954305698
2018-10-15,28550,28950,28200,28550,16423,-0.010398613518197597
2018-10-16,28550,29000,28250,28950,12017,0.014010507880910739
2018-10-17,29600,29800,28400,29400,17265,0.015544041450777257
2018-10-18,29000,31450,29000,31450,44140,0.0697278911564625
2018-10-19,31200,31550,29550,29650,42161,-0.05723370429252783
2018-10-22,29100,29650,28450,28700,25506,-0.03204047217537942
2018-10-23,28350,28700,27550,27900,43053,-0.027874564459930307
2018-10-24,27900,28450,27600,27850,18663,-0.0017921146953404632
2018-10-25,27850,28450,27100,27600,20455,-0.008976660682226245
2018-10-26,27350,28650,26550,26900,20644,-0.025362318840579712
2018-10-29,26300,27500,25300,25500,26886,-0.052044609665427455
2018-10-30,23000,25700,23000,25300,62742,-0.007843137254901933
2018-10-31,25300,26800,24900,26600,20664,0.05138339920948609
2018-11-01,26450,27150,26100,26250,12427,-0.013157894736842146
2018-11-02,26200,26950,26050,26850,11760,0.02285714285714291
2018-11-05,26500,27150,26300,27150,20397,0.011173184357541999
2018-11-06,27200,27500,26800,27300,9857,0.005524861878453136
2018-11-07,27050,28350,27050,27250,21621,-0.001831501831501825
2018-11-08,27500,28250,27300,27300,16124,0.0018348623853210455
2018-11-09,27900,28300,27050,27300,18862,0.0
2018-11-12,26600,27400,26300,26500,14706,-0.02930402930402931
2018-11-13,26450,26850,25750,26300,16928,-0.007547169811320753
2018-11-14,26950,26950,25300,25750,29984,-0.020912547528517123
2018-11-15,25800,27200,25800,27200,16758,0.056310679611650594
2018-11-16,27250,27600,26500,27250,20471,0.0018382352941177516
2018-11-19,27250,28400,27050,27900,15081,0.023853211009174258
2018-11-20,27700,28200,27350,27650,20511,-0.008960573476702538
2018-11-21,27950,28400,27300,28250,13623,0.02169981916817365
2018-11-22,27950,28200,27350,27650,9234,-0.0212389380530974
2018-11-23,27600,28000,27250,28000,11981,0.012658227848101333
2018-11-26,28600,28950,28200,28700,25895,0.02499999999999991
2018-11-27,28650,29100,28650,28900,17237,0.006968641114982521
2018-11-28,29450,29900,29050,29700,22625,0.02768166089965396
2018-11-29,29700,30500,29700,29750,37635,0.0016835016835017313
2018-11-30,29450,29950,28800,29900,22752,0.005042016806722671
2018-12-03,29950,30400,29200,30200,21583,0.010033444816053505
2018-12-04,30400,30450,29250,29250,11343,-0.0314569536423841
2018-12-05,29250,29500,28500,29200,13301,-0.0017094017094017033
2018-12-06,29900,29900,28700,28750,6464,-0.015410958904109595
2018-12-07,28750,29750,28500,28650,7831,-0.003478260869565264
2018-12-10,28050,29250,28000,28650,14214,0.0
2018-12-11,28650,34100,28650,30300,149620,0.05759162303664911
2018-12-12,30300,30850,30000,30650,19032,0.011551155115511635
2018-12-13,30650,30950,29050,29050,53662,-0.05220228384991843
2018-12-14,29150,30600,29150,30300,29817,0.04302925989672968
2018-12-17,30350,30900,29500,29800,15426,-0.01650165016501648
2018-12-18,29850,29950,28750,28800,21289,-0.03355704697986572
2018-12-19,28800,30050,28500,29800,9749,0.03472222222222232
2018-12-20,30300,30300,28950,29550,6571,-0.008389261744966459
2018-12-21,29500,29550,28600,29200,15052,-0.011844331641285955
2018-12-24,28900,29450,28350,28350,11995,-0.02910958904109584
2018-12-26,27550,28600,27100,27400,24350,-0.0335097001763669
2018-12-27,27450,28500,27000,27200,20150,-0.007299270072992692
2018-12-28,26950,28050,26950,27350,8194,0.005514705882353033
2019-01-02,27100,27500,26750,27250,19929,-0.003656307129798919
2019-01-03,27050,28600,26800,28000,20499,0.02752293577981657
2019-01-04,28400,29200,28000,28900,17471,0.03214285714285725
2019-01-07,29050,29950,28550,29700,20666,0.02768166089965396
2019-01-08,30150,30150,29250,29750,11678,0.0016835016835017313
2019-01-09,29350,30550,29350,30000,18779,0.008403361344537785
2019-01-10,29600,30300,29600,29650,8584,-0.011666666666666714
2019-01-11,29600,30300,29050,29700,9575,0.001686340640809414
2019-01-14,29500,30200,28900,28950,15487,-0.025252525252525304
2019-01-15,29500,29650,28500,28500,18057,-0.015544041450777257
2019-01-16,28500,28950,28500,28500,17922,0.0
2019-01-17,28350,28550,27800,28050,19152,-0.015789473684210575
2019-01-18,28050,28650,27500,28550,23817,0.017825311942959
2019-01-21,29000,29000,28250,28650,12913,0.003502626970227629
2019-01-22,28650,29200,28100,28650,15916,0.0
2019-01-23,28950,30200,28650,29350,19907,0.024432809773123898
2019-01-24,29600,29950,29300,29400,13839,0.0017035775127767216
2019-01-25,29100,30350,29050,30100,28201,0.023809523809523725
2019-01-28,30150,30150,29350,29600,23559,-0.01661129568106312
2019-01-29,29700,29700,28950,29100,14303,-0.016891891891891886
2019-01-30,28800,29500,28800,29250,13882,0.005154639175257714
2019-01-31,29250,29800,29050,29650,16626,0.013675213675213627
2019-02-01,29850,30000,29400,29500,13039,-0.005059021922428353
2019-02-07,29850,29850,29050,29200,10920,-0.01016949152542368
2019-02-08,29000,29800,28950,29300,11096,0.003424657534246478
2019-02-11,29450,30000,29100,29750,18126,0.015358361774743923
2019-02-12,29500,30800,29500,30050,18054,0.010084033613445342
2019-02-13,30100,30600,30000,30350,14621,0.009983361064891838
2019-02-14,30300,30800,29900,30800,19931,0.014827018121911006
2019-02-15,30500,30900,30350,30450,9822,-0.011363636363636354
2019-02-18,30300,30650,30200,30450,15518,0.0
2019-02-19,30400,30600,29850,30600,21114,0.0049261083743843415
2019-02-20,30600,30800,30450,30550,15269,-0.0016339869281045694
2019-02-21,30450,30700,30250,30250,9887,-0.009819967266775809
2019-02-22,30550,30850,30150,30150,17439,-0.0033057851239669533
2019-02-25,30450,30450,30200,30250,11296,0.0033167495854062867
2019-02-26,30300,30500,29950,30050,13270,-0.006611570247933907
2019-02-27,30050,30450,29900,30350,9938,0.009983361064891838
2019-02-28,30400,30450,29850,29900,16957,-0.014827018121911006
2019-03-04,29650,30500,29600,30000,14682,0.0033444816053511683
2019-03-05,29800,30300,29650,30100,11227,0.0033333333333334103
2019-03-06,30300,30300,29200,29550,33048,-0.01827242524916939
2019-03-07,29550,29750,28550,28650,25058,-0.030456852791878153
2019-03-08,28400,28650,28050,28350,13249,-0.010471204188481686
2019-03-11,27850,28750,27750,28400,17051,0.0017636684303350414
2019-03-12,28450,28650,28050,28350,14604,-0.0017605633802817433
2019-03-13,28200,28900,27950,28850,14861,0.01763668430335108
2019-03-14,29250,29850,28350,29850,33671,0.03466204506065851
2019-03-15,29950,30350,29200,29450,17559,-0.01340033500837523
2019-03-18,30150,30150,29500,30000,17357,0.018675721561969505
2019-03-19,29900,30500,29550,30450,26951,0.014999999999999902
2019-03-20,30500,30750,30000,30400,13612,-0.0016420361247947435
2019-03-21,30250,30650,30100,30400,21045,0.0
2019-03-22,30200,35750,30200,33350,543102,0.09703947368421062
2019-03-25,33050,33450,32150,33000,78399,-0.010494752623688153
2019-03-26,32850,33600,32200,32850,59414,-0.004545454545454519
2019-03-27,32600,33850,32500,33400,69501,0.016742770167427645
2019-03-28,33800,35800,33550,35050,124077,0.04940119760479034
2019-03-29,35650,36550,34100,35500,88382,0.012838801711840153
2019-04-01,35600,36300,34450,34700,58916,-0.022535211267605604
2019-04-02,34550,35300,33650,35200,40497,0.014409221902017322
2019-04-03,35000,35300,34300,34600,36383,-0.017045454545454586
2019-04-04,34400,34850,33400,33400,46511,-0.034682080924855474
2019-04-05,33450,34400,33350,33500,32898,0.0029940119760478723
2019-04-08,33500,34200,33000,33850,31300,0.010447761194029903
2019-04-09,33850,34500,33250,33300,21422,-0.01624815361890697
2019-04-10,33300,33600,33050,33200,19726,-0.0030030030030030463
2019-04-11,33200,34000,33150,34000,26798,0.024096385542168752
2019-04-12,34400,34400,33400,33650,26967,-0.010294117647058787
2019-04-15,33650,34450,33450,33450,16791,-0.005943536404160454
2019-04-16,33250,33450,32500,32700,20501,-0.022421524663677084
2019-04-17,32800,33250,31800,33200,32859,0.015290519877675823
2019-04-18,33250,42900,33250,39250,1736155,0.18222891566265065
2019-04-19,41800,42650,36650,36850,672599,-0.06114649681528661
2019-04-22,37800,39100,36950,38300,305145,0.03934871099050197
2019-04-23,37200,37600,36450,36900,160982,-0.036553524804177506
2019-04-24,37300,37400,35300,35800,112403,-0.02981029810298108
2019-04-25,36500,36500,35100,35250,63151,-0.015363128491620137
2019-04-26,35000,36200,35000,35400,54062,0.004255319148936065
2019-04-29,35450,36200,35200,35950,50502,0.015536723163841915
2019-04-30,35650,35950,34950,35600,39598,-0.009735744089012566
2019-05-02,35550,36200,35350,35700,53067,0.002808988764045006
2019-05-03,35700,35700,34950,35300,51532,-0.011204481792717047
2019-05-07,34500,35000,34150,34500,59590,-0.022662889518413554
2019-05-08,33650,34500,33600,34100,50263,-0.011594202898550732
2019-05-09,34000,34900,33450,33450,50258,-0.019061583577712593
2019-05-10,33500,34400,33350,33750,41970,0.008968609865470878
2019-05-13,33400,34200,33300,33700,25909,-0.001481481481481528
2019-05-14,33800,35400,32950,35400,68502,0.05044510385756684
2019-05-15,35500,36000,34550,36000,52088,0.016949152542372836
2019-05-16,36000,36450,35100,36000,46474,0.0
2019-05-17,36000,36650,35650,36050,32789,0.001388888888888884
2019-05-20,36100,36450,35000,35250,28043,-0.02219140083217752
2019-05-21,34850,36450,34850,35950,34431,0.019858156028368823
2019-05-22,35750,36650,35550,35650,29880,-0.008344923504867818
2019-05-23,35700,36000,35200,35700,18750,0.0014025245441795509
2019-05-24,35600,35750,34200,34850,34788,-0.023809523809523836
2019-05-27,34950,37000,34950,37000,90558,0.06169296987087525
2019-05-28,37300,38750,36500,37900,148857,0.024324324324324298
2019-05-29,37900,38500,36500,37500,88635,-0.01055408970976257
2019-05-30,37500,38000,36500,36550,47834,-0.02533333333333332
2019-05-31,36400,37400,36100,36800,44544,0.0068399452804377425
2019-06-03,36400,37400,36300,37250,26870,0.012228260869565188
2019-06-04,36900,37700,36400,36700,39360,-0.014765100671140896
2019-06-05,36750,37800,36700,37450,36427,0.02043596730245234
2019-06-07,37700,40350,37600,39450,148328,0.05340453938584777
2019-06-10,39900,40000,38650,39500,56758,0.0012674271229404788
2019-06-11,39450,40050,39200,39650,34420,0.0037974683544304
2019-06-12,39650,41750,39200,39800,103296,0.003783102143757988
2019-06-13,39550,41050,39550,40750,74582,0.023869346733668362
2019-06-14,40750,40900,39500,39850,32350,-0.02208588957055213
2019-06-17,40200,40200,39050,39700,31005,-0.0037641154328732496
2019-06-18,39500,39900,39150,39250,21527,-0.01133501259445846
2019-06-19,39300,40200,39300,39950,30129,0.017834394904458595
2019-06-20,40000,41800,39850,41750,79126,0.04505632040050056
2019-06-21,41500,41700,40400,40500,36952,-0.029940119760479056
2019-06-24,40600,41800,40200,41500,46821,0.024691358024691468
2019-06-25,41200,42550,41150,41800,58740,0.0072289156626506035
2019-06-26,41800,43100,41400,42900,75916,0.026315789473684292
2019-06-27,43050,44200,42300,43900,74922,0.02331002331002341
2019-06-28,44000,44250,42950,43050,62534,-0.019362186788154934
2019-07-01,43100,44100,43100,43350,46163,0.006968641114982521
2019-07-02,43500,45300,43100,44150,89064,0.018454440599769306
2019-07-03,44500,45050,44000,44700,33088,0.01245753114382775
2019-07-04,44700,45100,43200,43850,51321,-0.019015659955257225
2019-07-05,44150,44500,43350,44050,36539,0.004561003420752607
2019-07-08,44450,44450,42400,42500,41967,-0.03518728717366626
2019-07-09,42500,44100,42050,43150,49866,0.015294117647058902
2019-07-10,43150,43800,42750,43600,19872,0.010428736964078755
2019-07-11,43650,44200,43300,44000,18508,0.00917431192660545
2019-07-12,43800,44100,42450,42550,46447,-0.03295454545454546
2019-07-15,42400,43700,42400,43450,30714,0.021151586368977737
2019-07-16,43550,43950,42650,43000,27206,-0.010356731875719172
2019-07-17,42800,43000,40850,41950,61241,-0.024418604651162745
2019-07-18,41700,42500,41000,41350,24798,-0.014302741358760418
2019-07-19,41750,42100,41100,41100,23909,-0.006045949214026569
2019-07-22,41300,41300,40100,40600,39250,-0.012165450121654486
2019-07-23,40300,41200,39850,39850,29821,-0.018472906403940836
2019-07-24,39850,40350,39300,39900,28774,0.0012547051442910462
2019-07-25,39700,41000,39300,41000,54773,0.027568922305764465
2019-07-26,40600,40850,37750,38600,39455,-0.05853658536585371
2019-07-29,38600,39050,36750,37450,75572,-0.029792746113989632
2019-07-30,38050,38050,37150,37250,22212,-0.005340453938584733
2019-07-31,37250,37950,36050,37800,36069,0.014765100671140896
2019-08-01,37400,38050,36750,36900,20252,-0.023809523809523836
2019-08-02,36900,37100,36000,36450,22207,-0.012195121951219523
2019-08-05,35900,36450,34350,34900,64826,-0.04252400548696844
2019-08-06,34000,36100,33500,33850,54304,-0.03008595988538687
2019-08-07,33150,35000,33150,34800,41949,0.028064992614475592
2019-08-08,35050,35900,34800,35100,41668,0.008620689655172376
2019-08-09,35300,35800,34750,35300,24112,0.005698005698005604
2019-08-12,35300,35300,34700,35050,11350,-0.007082152974504208
2019-08-13,34500,35400,34450,34800,18543,-0.007132667617689048
2019-08-14,34950,35250,34550,34700,25783,-0.002873563218390829
2019-08-16,34300,34800,33950,34600,16197,-0.0028818443804035088
2019-08-19,34600,34750,33800,34600,10612,0.0
2019-08-20,34450,35600,34250,35300,25641,0.020231213872832443
2019-08-21,35300,35450,34800,35350,11847,0.0014164305949009304
2019-08-22,35800,35850,34750,34950,20840,-0.011315417256011262
2019-08-23,34700,34950,34150,34300,13775,-0.01859799713876964
2019-08-26,34150,35200,33350,34550,31708,0.007288629737609353
2019-08-27,35700,35700,34800,35500,22514,0.02749638205499272
2019-08-28,35500,38500,35100,38050,43527,0.07183098591549286
2019-08-29,38000,38550,37300,38250,24604,0.005256241787122251
2019-08-30,37850,39000,37850,38550,18312,0.007843137254901933
2019-09-02,38150,39100,38100,38700,13424,0.0038910505836575737
2019-09-03,38500,39200,38000,38800,17401,0.0025839793281654533
2019-09-04,38450,40300,38450,39650,31882,0.021907216494845283
2019-09-05,39300,39950,39100,39300,19185,-0.008827238335435084
2019-09-06,39250,39500,38700,39100,17656,-0.0050890585241730735
2019-09-09,38700,39950,38700,39650,26571,0.01406649616368294
2019-09-10,39900,40850,39550,40400,28313,0.018915510718789497
2019-09-11,40800,40800,39500,40150,25153,-0.006188118811881194
2019-09-16,40400,40900,40000,40400,15100,0.0062266500622665255
2019-09-17,41000,41050,40250,40350,13457,-0.0012376237623762387
2019-09-18,40350,40700,39400,39400,22526,-0.023543990086741018
2019-09-19,39400,39850,39000,39300,19131,-0.0025380710659898
2019-09-20,39050,39850,39050,39850,12342,0.013994910941475869
2019-09-23,39550,40300,39350,39950,17348,0.0025094102885820924
2019-09-24,40100,40400,39800,40000,9797,0.0012515644555695093
2019-09-25,40300,40500,38350,38350,14640,-0.04125000000000001
2019-09-26,38100,38900,37750,38400,27237,0.0013037809647979959
2019-09-27,38950,39300,38050,38400,11658,0.0
2019-09-30,38500,39450,37850,39400,19428,0.02604166666666674
2019-10-01,38850,39650,38050,39100,16465,-0.0076142131979695105
2019-10-02,38700,39400,38350,38800,15119,-0.007672634271099765
2019-10-04,38800,38800,37850,37900,13366,-0.023195876288659822
2019-10-07,37900,38350,36150,37100,39303,-0.02110817941952503
2019-10-08,36900,37450,36550,37050,22634,-0.0013477088948786742
2019-10-10,36500,36950,35900,36000,29662,-0.028340080971659964
2019-10-11,36750,36750,35050,35200,28914,-0.022222222222222254
2019-10-14,35500,37250,35200,36350,27478,0.032670454545454586
2019-10-15,35750,36300,35550,35750,28814,-0.016506189821182904
2019-10-16,35850,36500,35500,36250,16770,0.013986013986013957
2019-10-17,36400,36550,35700,36150,13377,-0.0027586206896551557
2019-10-18,36800,36800,35350,35400,17940,-0.020746887966805017
2019-10-21,35400,35400,34300,34900,30046,-0.01412429378531077
2019-10-22,34950,35700,34150,34150,35055,-0.021489971346704828
2019-10-23,34350,35400,34150,34700,28895,0.016105417276720324
2019-10-24,34400,34850,34100,34250,25706,-0.012968299711815567
2019-10-25,34300,35800,34300,35450,30860,0.035036496350364876
2019-10-28,35500,35700,34500,34900,17126,-0.015514809590973178
2019-10-29,34600,35450,34600,34950,12905,0.0014326647564470996
2019-10-30,35100,36100,34600,34750,13469,-0.005722460658083017
2019-10-31,34800,35150,34450,34450,20798,-0.008633093525179825
2019-11-01,34400,34550,33800,33950,20196,-0.014513788098693747
2019-11-04,33750,34250,32950,33450,46169,-0.014727540500736325
2019-11-05,33150,33500,31550,31950,90342,-0.04484304932735428
2019-11-06,31950,32450,31550,32000,46148,0.0015649452269170805
2019-11-07,31900,32250,31650,31850,23454,-0.004687499999999956
2019-11-08,31900,32350,31900,32100,19618,0.007849293563579218
2019-11-11,31900,32450,31000,31550,30757,-0.01713395638629278
2019-11-12,31900,32600,31250,31800,63355,0.007923930269413626
2019-11-13,31850,31900,31100,31300,21113,-0.01572327044025157
2019-11-14,31300,31350,30400,31000,34884,-0.009584664536741228
2019-11-15,30350,30900,30300,30700,48258,-0.009677419354838679
2019-11-18,30700,30800,30200,30450,25951,-0.008143322475570036
2019-11-19,30450,31100,30100,30900,23578,0.014778325123152802
2019-11-20,30600,30950,29900,30100,33040,-0.02588996763754048
2019-11-21,30350,30350,29150,29250,29082,-0.028239202657807327
2019-11-22,29850,29850,29150,29700,16327,0.01538461538461533
2019-11-25,29600,30350,29300,29850,21655,0.005050505050504972
2019-11-26,29800,30300,29550,30300,21465,0.015075376884422065
2019-11-27,30750,30750,29800,30050,26089,-0.008250825082508295
2019-11-28,29750,30300,29600,29950,9698,-0.0033277870216306127
2019-11-29,30200,30250,29150,29300,19785,-0.02170283806343909
2019-12-02,29350,29800,29350,29750,8677,0.015358361774743923
2019-12-03,29600,29650,29200,29550,10833,-0.006722689075630228
2019-12-04,29300,29350,28950,29050,17789,-0.016920473773265665
2019-12-05,28900,29350,27950,28350,30397,-0.02409638554216864
2019-12-06,28350,28850,28250,28750,10527,0.014109347442680775
2019-12-09,28750,30750,28200,28700,71026,-0.0017391304347825765
2019-12-10,29000,29000,28050,28300,23213,-0.013937282229965153
2019-12-11,28400,28800,28100,28450,11424,0.005300353356890497
2019-12-12,28650,29100,28500,28900,31944,0.01581722319859402
2019-12-13,28950,29650,28900,29350,20625,0.015570934256055269
2019-12-16,29750,29750,28950,29500,23543,0.005110732538330387
2019-12-17,29700,29950,29150,29550,14530,0.0016949152542373724
2019-12-18,29400,29900,29200,29300,11163,-0.008460236886632777
2019-12-19,29250,29700,28900,29250,14928,-0.0017064846416382506
2019-12-20,29200,29550,28750,29100,18709,-0.00512820512820511
2019-12-23,29450,29450,28650,29100,18261,0.0
2019-12-24,29500,29500,28800,29000,14110,-0.0034364261168384758
2019-12-26,29300,29700,28900,29500,22765,0.01724137931034475
2019-12-27,29100,29700,28800,29550,12796,0.0016949152542373724
2019-12-30,29200,29800,29150,29400,9745,-0.005076142131979711
2020-01-02,29500,29500,28650,28650,39771,-0.025510204081632626
2020-01-03,28500,29000,27950,28450,29362,-0.006980802792321161
2020-01-06,28100,28450,27700,28150,21678,-0.010544815465729385
2020-01-07,28150,28800,27850,28200,22044,0.001776198934280604
2020-01-08,28250,28250,27100,27100,36311,-0.03900709219858156
2020-01-09,28000,28050,27150,27700,28179,0.022140221402213944
2020-01-10,27450,27800,27200,27450,18128,-0.009025270758122761
2020-01-13,27300,27650,27050,27200,24556,-0.00910746812386154
2020-01-14,27150,27900,27150,27700,37910,0.018382352941176405
2020-01-15,28000,28000,27550,27750,13512,0.0018050541516245744
2020-01-16,27950,28200,27650,28000,17184,0.009009009009008917
2020-01-17,27700,28650,27700,27750,12829,-0.008928571428571397
2020-01-20,27550,28250,27550,27800,22579,0.0018018018018017834
2020-01-21,27900,28000,27500,27600,10956,-0.007194244604316502
2020-01-22,27600,27750,27450,27600,10241,0.0
2020-01-23,27500,27750,27150,27600,24193,0.0
2020-01-28,27000,27500,26250,26800,28029,-0.02898550724637683
2020-01-29,26600,26900,26250,26300,23606,-0.018656716417910446
2020-01-30,26300,26950,25150,25500,39064,-0.03041825095057038
2020-01-31,25650,26000,25100,25300,24896,-0.007843137254901933
2020-02-03,25000,25400,24650,25150,15969,-0.005928853754940677
2020-02-04,25150,25550,24950,25300,22176,0.005964214711729587
2020-02-05,25300,25450,24850,25150,18498,-0.005928853754940677
2020-02-06,25400,26500,25150,26350,28560,0.04771371769383692
2020-02-07,26100,26600,26000,26100,12769,-0.009487666034155628
2020-02-10,25700,26550,25650,26350,15800,0.009578544061302763
2020-02-11,26500,27200,26500,26750,19545,0.015180265654648917
2020-02-12,26350,26650,25450,25700,50807,-0.03925233644859816
2020-02-13,25700,25700,24950,25050,50383,-0.02529182879377434
2020-02-14,25100,25500,24850,25250,32382,0.007984031936127733
2020-02-17,25250,25850,25050,25600,19205,0.013861386138613874
2020-02-18,25550,25600,25050,25150,29554,-0.017578125
2020-02-19,25500,25500,25000,25100,18299,-0.001988071570576566
2020-02-20,25050,25600,24550,24750,44235,-0.013944223107569709
2020-02-21,24400,24650,23850,23900,35495,-0.03434343434343434
2020-02-24,23100,23900,22850,22900,42880,-0.04184100418410042
2020-02-25,22500,23650,22500,23300,26723,0.017467248908296984
2020-02-26,23300,23500,22900,23050,11912,-0.010729613733905574
2020-02-27,22850,23300,22550,22850,27085,-0.008676789587852451
2020-02-28,22500,22700,21550,22100,43516,-0.03282275711159732
2020-03-02,21750,22700,21750,22150,57614,0.002262443438914019
2020-03-03,22450,22500,21950,22350,18227,0.009029345372460584
2020-03-04,22450,22850,21950,22250,19137,-0.004474272930648726
2020-03-05,22250,22900,22150,22800,30531,0.024719101123595433
2020-03-06,23050,23250,22650,23250,23982,0.019736842105263053
2020-03-09,23200,23200,21400,22100,29141,-0.04946236559139783
2020-03-10,21800,22850,21600,22650,35465,0.02488687782805421
2020-03-11,22300,23550,22300,22700,32065,0.002207505518763808
2020-03-12,22150,22900,21150,21400,49219,-0.05726872246696035
2020-03-13,20200,21000,18800,20000,65089,-0.06542056074766356
2020-03-16,20500,20500,19000,19000,43002,-0.050000000000000044
2020-03-17,16750,19000,16750,18500,42873,-0.02631578947368418
2020-03-18,18550,18650,17600,17600,31203,-0.048648648648648596
2020-03-19,17950,18300,14500,15250,87788,-0.1335227272727273
2020-03-20,14900,16000,14850,15450,72524,0.013114754098360715
2020-03-23,14200,14900,13100,13200,81151,-0.1456310679611651
2020-03-24,13450,14300,13250,14300,62755,0.08333333333333326
2020-03-25,14800,16000,14500,15900,74900,0.11188811188811187
2020-03-26,15950,18200,15900,17300,96632,0.08805031446540879
2020-03-27,17650,18550,16700,17500,65518,0.011560693641618602
2020-03-30,17000,18700,16300,18600,41182,0.06285714285714294
2020-03-31,18600,20050,18500,19350,57554,0.040322580645161255
2020-04-01,19100,21300,19000,20200,68402,0.043927648578811374
2020-04-02,19900,20850,19500,20400,37137,0.00990099009900991
2020-04-03,20550,21000,20100,21000,31711,0.02941176470588225
2020-04-06,21400,22000,21050,21350,25299,0.016666666666666607
2020-04-07,21350,22600,20850,22350,43936,0.04683840749414525
2020-04-08,22000,22550,21900,21950,28601,-0.017897091722595126
2020-04-09,22100,22800,21850,22600,30545,0.029612756264236983
2020-04-10,22350,22650,21700,21700,34839,-0.03982300884955747
2020-04-13,21700,21850,21000,21400,20339,-0.01382488479262678
2020-04-14,21100,22400,21100,22100,17634,0.032710280373831724
2020-04-16,21650,22050,21150,21900,18832,-0.009049773755656076
2020-04-17,21750,22350,21700,21700,23803,-0.0091324200913242
2020-04-20,21600,21900,21500,21600,21899,-0.004608294930875556
2020-04-21,21500,21900,20600,21050,28854,-0.02546296296296291
2020-04-22,21050,21250,20350,21050,22507,0.0
2020-04-23,20900,21500,20800,21200,29227,0.0071258907363420665
2020-04-24,21200,21250,20750,20950,12613,-0.011792452830188704
2020-04-27,20950,22350,20950,22300,62816,0.06443914081145574
2020-04-28,22350,22550,21650,21850,29163,-0.020179372197309364
2020-04-29,22200,22550,21800,22100,34369,0.011441647597254079
2020-05-04,21800,21800,21200,21450,30612,-0.02941176470588236
2020-05-06,21800,22000,21400,22000,19412,0.02564102564102555
2020-05-07,22000,23750,21800,23200,41728,0.05454545454545445
2020-05-08,23350,24150,23250,24000,32925,0.034482758620689724
2020-05-11,24000,24850,23700,24500,48786,0.02083333333333326
2020-05-12,24550,24900,23750,23850,27164,-0.026530612244897944
2020-05-13,23650,24000,23300,23850,17096,0.0
2020-05-14,24100,24100,22900,23150,26997,-0.02935010482180289
2020-05-15,23500,23700,23000,23700,16458,0.023758099352051865
2020-05-18,23800,23950,23300,23850,18754,0.006329113924050667
2020-05-19,23900,25150,23850,25000,41926,0.048218029350104885
2020-05-20,25000,25100,24600,24800,15156,-0.008000000000000007
2020-05-21,24700,25200,24650,24900,23958,0.0040322580645162365
2020-05-22,25300,25300,23950,24000,23314,-0.03614457831325302
2020-05-25,24350,24350,23500,23800,14750,-0.008333333333333304
2020-05-26,23600,26100,23600,25450,66959,0.06932773109243695
2020-05-27,25300,25800,25000,25200,26813,-0.00982318271119842
2020-05-28,25050,25450,24100,24300,39443,-0.0357142857142857
2020-05-29,24400,24550,23800,24000,20491,-0.012345679012345734
2020-06-01,24200,24450,23650,24150,16700,0.006250000000000089
2020-06-02,23900,24450,23850,24450,17684,0.012422360248447228
2020-06-03,24550,25050,24450,24700,38274,0.010224948875255713
2020-06-04,25200,25200,24500,24600,39341,-0.004048582995951455
2020-06-05,24600,25150,24400,24750,34542,0.0060975609756097615
2020-06-08,24750,25050,24700,24800,22961,0.002020202020202033
2020-06-09,24800,25350,24000,24350,43862,-0.01814516129032262
2020-06-10,24200,24600,23950,24050,32115,-0.012320328542094416
2020-06-11,24000,24050,23150,23300,42426,-0.03118503118503113
2020-06-12,22500,22700,22000,22600,36621,-0.030042918454935674
2020-06-15,22150,22550,21050,21050,34956,-0.06858407079646023
2020-06-16,21100,22600,21100,22550,18019,0.07125890736342044
2020-06-17,22550,22750,21650,21850,23360,-0.03104212860310418
2020-06-18,21650,22150,21450,21900,16246,0.0022883295194509046
2020-06-19,22000,22100,21350,21500,18553,-0.0182648401826484
2020-06-22,21250,21550,20900,20950,21621,-0.025581395348837188
2020-06-23,20950,21500,20800,21050,15684,0.004773269689737569
2020-06-24,21050,21300,20850,21050,12008,0.0
2020-06-25,21000,21300,20100,20550,23365,-0.02375296912114011
2020-06-26,20400,21000,20400,20900,14973,0.017031630170316392
2020-06-29,20300,20900,20000,20650,13527,-0.011961722488038284
2020-06-30,20550,21300,20550,21050,11127,0.01937046004842613
2020-07-01,21100,21350,20900,21300,8713,0.01187648456057011
2020-07-02,21000,22350,21000,21850,17265,0.025821596244131495
2020-07-03,21850,21950,21250,21600,26026,-0.011441647597253968
2020-07-06,21800,22400,21450,22300,19510,0.03240740740740744
2020-07-07,22700,22950,21750,22500,23947,0.008968609865470878
2020-07-08,22950,22950,22200,22350,9280,-0.00666666666666671
2020-07-09,22350,22600,21850,21850,16209,-0.022371364653243853
2020-07-10,21850,22300,21100,21250,24309,-0.027459954233409634
2020-07-13,21250,21750,21100,21500,11343,0.0117647058823529
2020-07-14,21500,21600,21100,21600,10596,0.0046511627906977715
2020-07-15,21600,22450,21600,22100,30081,0.02314814814814814
2020-07-16,22100,22600,22100,22100,17669,0.0
2020-07-17,22050,22550,21650,22200,11343,0.004524886877828038
2020-07-20,22300,22300,21550,21650,19572,-0.024774774774774744
2020-07-21,21650,22050,21550,22000,23345,0.01616628175519641
2020-07-22,21850,22150,21750,21900,19519,-0.004545454545454519
2020-07-23,21850,21850,21400,21500,22003,-0.0182648401826484
2020-07-24,21450,21500,20800,21000,34538,-0.023255813953488413
2020-07-27,21100,21600,20900,21450,16786,0.021428571428571352
2020-07-28,21450,21950,21150,21200,19092,-0.011655011655011704
2020-07-29,21100,21400,20950,21050,20861,-0.007075471698113178
2020-07-30,21050,21400,20900,21050,25048,0.0
2020-07-31,20950,22200,20900,21150,39653,0.004750593824228044
2020-08-03,21600,22950,21350,22800,91456,0.07801418439716312
2020-08-04,22900,23950,22750,23150,87853,0.015350877192982448
2020-08-05,23150,23400,22600,22700,34430,-0.01943844492440605
2020-08-06,22700,23400,22650,22650,40460,-0.0022026431718061845
2020-08-07,22700,23000,21950,22200,46395,-0.019867549668874163
2020-08-10,22150,22400,21900,22350,23315,0.006756756756756799
2020-08-11,22200,22950,22200,22950,42369,0.02684563758389258
2020-08-12,22850,23750,22200,23600,85143,0.028322440087146017
2020-08-13,23650,24650,23200,23650,85150,0.0021186440677967155
2020-08-14,23350,23900,23350,23700,31296,0.0021141649048626032
2020-08-18,23800,23900,22850,22850,50322,-0.03586497890295359
2020-08-19,22600,23150,22100,22450,45802,-0.017505470459518557
2020-08-20,22200,22450,21200,21450,53883,-0.04454342984409798
2020-08-21,21350,21850,21350,21500,16933,0.002331002331002363
2020-08-24,21450,21800,21000,21550,30791,0.0023255813953488857
2020-08-25,21450,22000,21450,21750,27221,0.009280742459396807
2020-08-26,21650,21900,21250,21650,27797,-0.0045977011494252595
2020-08-27,21550,21650,20950,21100,26979,-0.025404157043879882
2020-08-28,21250,21600,21100,21400,16588,0.014218009478673022
2020-08-31,21600,22400,21550,22000,47259,0.028037383177569986
2020-09-01,21950,22100,21550,21950,17067,-0.002272727272727315
2020-09-02,22000,22850,21850,22400,32087,0.0205011389521641
2020-09-03,22800,22800,22300,22400,37212,0.0
2020-09-04,22150,22250,21700,21850,42130,-0.024553571428571397
2020-09-07,21800,22300,21650,22000,21734,0.006864988558352492
2020-09-08,21900,25000,21900,24100,294091,0.09545454545454546
2020-09-09,23550,24200,23250,24000,71017,-0.004149377593360981
2020-09-10,24000,24750,23200,23250,103839,-0.03125
2020-09-11,23250,23900,23000,23750,46596,0.021505376344086002
2020-09-14,23750,24950,23550,24150,93434,0.01684210526315799
2020-09-15,24200,24850,23850,24500,83827,0.01449275362318847
2020-09-16,24900,25100,23900,24200,64907,-0.01224489795918371
2020-09-17,24300,24300,23650,23650,38749,-0.022727272727272707
2020-09-18,23650,24150,23400,23500,25559,-0.006342494714587699
2020-09-21,23450,23850,23150,23200,36961,-0.012765957446808529
2020-09-22,23000,24200,22800,23700,86868,0.02155172413793105
2020-09-23,23850,24050,23300,23550,38151,-0.006329113924050667
2020-09-24,23550,23700,23000,23250,42178,-0.01273885350318471
2020-09-25,23250,23600,22900,23000,22795,-0.010752688172043001
2020-09-28,23000,23550,23000,23300,23256,0.01304347826086949
2020-09-29,23600,23600,23000,23400,16930,0.0042918454935623185
2020-10-05,23450,23950,23250,23950,21301,0.02350427350427342
2020-10-06,23900,24100,23650,23850,19715,-0.0041753653444676075
2020-10-07,23900,23950,23550,23750,19576,-0.004192872117400381
2020-10-08,23750,24500,23700,24100,42208,0.01473684210526316
2020-10-12,24400,24400,23800,23800,21572,-0.012448132780082943
2020-10-13,23800,24050,23500,23650,16041,-0.006302521008403339
2020-10-14,23600,23850,23350,23350,12918,-0.012684989429175508
2020-10-15,23300,23850,22800,22950,18766,-0.017130620985010725
2020-10-16,23450,23450,22400,22500,29509,-0.019607843137254943
2020-10-19,22600,23100,22400,22750,26833,0.011111111111111072
2020-10-20,23200,23200,22450,22650,19300,-0.00439560439560438
2020-10-21,22700,23200,22500,23150,14118,0.02207505518763786
2020-10-22,23100,23100,22700,22750,10424,-0.017278617710583144
2020-10-23,22950,23550,22550,23550,19974,0.03516483516483526
2020-10-26,23400,23550,23050,23100,21847,-0.019108280254777066
2020-10-27,23050,23200,22700,22850,13081,-0.010822510822510845
2020-10-28,22850,22850,22500,22600,16065,-0.01094091903719907
2020-10-29,22000,22550,21900,22150,50556,-0.019911504424778736
2020-10-30,23200,23200,22200,22700,43059,0.02483069977426644
2020-11-02,23600,25300,23550,24950,229712,0.09911894273127753
2020-11-03,25150,27650,24700,27150,295189,0.08817635270541091
2020-11-04,27700,27950,26600,26850,111117,-0.011049723756906049
2020-11-05,26950,28700,26200,28700,224306,0.06890130353817514
2020-11-06,29050,37100,28900,31250,968093,0.08885017421602792
2020-11-09,31950,34950,30950,34350,386138,0.09919999999999995
2020-11-10,33750,34350,32550,33400,118519,-0.027656477438136817
2020-11-11,33100,34450,32750,33050,74444,-0.010479041916167664
2020-11-12,32900,33100,31850,32250,64320,-0.024205748865355536
2020-11-13,32100,32100,30950,31250,101918,-0.03100775193798455
2020-11-16,31250,32000,30750,30900,89546,-0.011199999999999988
2020-11-17,30900,31750,30550,31250,61969,0.01132686084142387
2020-11-18,31200,33800,31100,32100,122109,0.02719999999999989
2020-11-19,32000,32000,30850,30900,65473,-0.03738317757009346
2020-11-20,30850,31150,30200,31050,58899,0.004854368932038833
2020-11-23,31050,32100,30800,31450,70095,0.012882447665056418
2020-11-24,31500,32750,31350,32600,63601,0.0365659777424483
2020-11-25,33100,33100,30300,30900,117641,-0.05214723926380371
2020-11-26,30900,31350,30300,30550,69549,-0.01132686084142398
2020-11-27,30600,30950,29500,30300,81656,-0.008183306055646433
2020-11-30,30200,30800,30000,30300,49167,0.0
2020-12-01,30400,30700,30150,30350,29506,0.0016501650165017256
2020-12-02,30400,30650,29700,29700,57907,-0.021416803953871466
2020-12-03,30000,30600,29700,30550,52401,0.028619528619528545
2020-12-04,30300,30700,29700,29700,48402,-0.02782324058919805
2020-12-07,29850,30000,28400,28600,68514,-0.03703703703703709
2020-12-08,28900,29500,28500,28800,39686,0.006993006993007089
2020-12-09,28700,30000,28700,29500,44408,0.02430555555555558
2020-12-10,29500,29900,28900,29800,52689,0.01016949152542379
2020-12-11,29800,30250,29600,29850,43905,0.001677852348993314
2020-12-14,29850,29850,28850,28900,45088,-0.031825795644891075
2020-12-15,28900,29450,28550,29350,28941,0.015570934256055269
2020-12-16,29950,30000,29500,29800,45480,0.015332197614991383
2020-12-17,29800,32550,29600,32450,191539,0.0889261744966443
2020-12-18,32600,33050,31950,32150,105672,-0.009244992295839749
2020-12-21,32050,32300,31100,31600,75301,-0.017107309486780742
2020-12-22,31200,32500,30850,30900,76475,-0.022151898734177222
2020-12-23,31400,31750,30650,31100,67671,0.006472491909385036
2020-12-24,31050,39900,31050,33050,608333,0.06270096463022501
2020-12-28,33450,35200,32800,32950,221380,-0.00302571860816947
2020-12-29,32900,36650,32550,34450,218448,0.04552352048558417
2020-12-30,34200,36250,34000,35700,140093,0.036284470246734424
2021-01-04,36050,38200,35400,37450,175266,0.0490196078431373
2021-01-05,36800,37450,35950,36750,101259,-0.01869158878504673
2021-01-06,36750,37350,35700,36450,75466,-0.008163265306122436
2021-01-07,36450,37100,36200,36450,68572,0.0
2021-01-08,36600,38600,35800,37650,193107,0.03292181069958855
2021-01-11,38300,41900,38300,40250,355338,0.06905710491367856
2021-01-12,40700,40900,37550,38950,162278,-0.032298136645962705
2021-01-13,38850,39900,38350,38500,62531,-0.011553273427471145
2021-01-14,38650,39700,36550,37200,120843,-0.03376623376623378
2021-01-15,37200,37450,35450,35600,96775,-0.043010752688172005
2021-01-18,35500,36450,35000,35700,81805,0.002808988764045006
2021-01-19,36100,36600,35850,36500,54444,0.022408963585434094
2021-01-20,36550,36600,34750,35150,98501,-0.03698630136986303
2021-01-21,35250,36800,35200,36600,63591,0.04125177809388325
2021-01-22,36600,37550,35800,36850,83565,0.006830601092896238
2021-01-25,37800,42500,37400,42000,471985,0.13975576662143818
2021-01-26,42000,43250,41150,41550,190335,-0.010714285714285676
2021-01-27,41750,54000,41650,50500,1882220,0.21540312876052958
2021-01-28,49500,52800,48700,49150,527345,-0.026732673267326756
2021-01-29,49850,50000,44100,45000,311835,-0.08443540183112919
2021-02-01,45000,53000,44900,52100,456466,0.1577777777777778
2021-02-02,51700,53700,50500,51100,221960,-0.019193857965451033
2021-02-03,51800,54300,51000,51900,209262,0.015655577299412915
2021-02-04,51300,61000,50200,54600,615355,0.052023121387283267
2021-02-05,55400,59200,54700,57900,351085,0.06043956043956045
2021-02-08,58300,63200,58300,62500,348756,0.07944732297063894
2021-02-09,63000,63400,57800,57900,339855,-0.0736
2021-02-10,57900,60100,55000,58200,221827,0.005181347150259086
2021-02-15,58300,58600,56200,56300,133480,-0.03264604810996563
2021-02-16,56400,57600,55300,57300,130818,0.017761989342806483
2021-02-17,57000,57600,55700,55800,86220,-0.02617801047120416
2021-02-18,55800,55800,52400,53100,187326,-0.048387096774193505
2021-02-19,53100,56700,52200,55600,176342,0.04708097928436916
2021-02-22,55300,59500,54900,57600,164535,0.03597122302158273
2021-02-23,57700,59200,56000,56400,102635,-0.02083333333333337
2021-02-24,56700,57100,50500,50500,214421,-0.10460992907801414
2021-02-25,52100,53400,51100,52200,89402,0.03366336633663369
2021-02-26,49500,50800,48850,50100,154720,-0.04022988505747127
2021-03-02,51800,52000,48800,49850,84984,-0.004990019960079861
2021-03-03,49850,50400,48600,49450,56328,-0.008024072216649913
2021-03-04,49700,49700,46750,47900,97697,-0.03134479271991908
2021-03-05,47800,48250,45850,47500,73169,-0.008350730688935326
2021-03-08,47600,47800,45350,45500,75732,-0.04210526315789476
2021-03-09,45350,46150,43450,45400,131932,-0.00219780219780219
2021-03-10,46550,46550,44100,44450,52665,-0.020925110132158586
2021-03-11,44500,48900,44450,47950,110587,0.07874015748031504
2021-03-12,48900,50600,48700,49800,91881,0.03858185610010434
2021-03-15,52300,52300,49050,50500,65061,0.014056224899598346
2021-03-16,50700,51600,48350,48750,63443,-0.034653465346534684
2021-03-17,48750,49000,47150,47900,35901,-0.017435897435897463
2021-03-18,48450,50200,48100,48650,47360,0.01565762004175375
2021-03-19,48200,48450,46050,47050,58707,-0.03288797533401855
2021-03-22,47100,49800,47050,48650,55980,0.0340063761955367
2021-03-23,49800,49850,48350,48450,41596,-0.004110996916752319
2021-03-24,49000,53500,49000,53400,306253,0.10216718266253877
2021-03-25,55200,56900,48500,49300,353956,-0.07677902621722843
2021-03-26,49850,51000,48500,49800,84238,0.010141987829614507
2021-03-29,49650,50000,48500,49050,49973,-0.015060240963855387
2021-03-30,48900,49550,47900,48000,56732,-0.021406727828746197
2021-03-31,47800,48750,47150,48450,37676,0.009374999999999911
2021-04-01,48800,49900,48300,49050,46686,0.01238390092879249
2021-04-02,49100,49400,48750,49150,28812,0.0020387359836901986
2021-04-05,49300,49400,48100,48600,35469,-0.011190233977619535
2021-04-06,48600,48900,47900,48000,32404,-0.012345679012345734
2021-04-07,47800,48100,46750,46800,69138,-0.025000000000000022
2021-04-08,46800,47300,46150,46700,33995,-0.002136752136752129
2021-04-09,46700,48750,46400,47700,66231,0.021413276231263323
2021-04-12,48250,49650,47800,48400,47706,0.01467505241090139
2021-04-13,48400,49350,48050,49300,52821,0.018595041322314154
2021-04-14,49600,49750,48400,49050,41040,-0.005070993914807254
2021-04-15,49000,49200,48100,48200,29860,-0.01732925586136591
2021-04-16,48000,48600,47800,48200,31163,0.0
2021-04-19,48250,48400,47550,47600,43349,-0.012448132780082943
2021-04-20,47850,47850,47100,47350,38942,-0.005252100840336116
2021-04-21,47350,47350,46200,46300,54062,-0.022175290390707536
2021-04-22,46400,47800,46350,47500,46365,0.02591792656587466
2021-04-23,47550,47700,46500,47000,39713,-0.010526315789473717
2021-04-26,47500,47750,46650,46800,40354,-0.004255319148936176
2021-04-27,47350,47350,45850,46800,56042,0.0
2021-04-28,46800,46950,45050,45050,54904,-0.03739316239316237
2021-04-29,45050,45800,43050,43800,119852,-0.027746947835738056
2021-04-30,43800,43950,42800,43350,36794,-0.010273972602739767
2021-05-03,43350,44500,42350,43600,39662,0.005767012687427853
2021-05-04,42950,43600,41550,43050,54125,-0.012614678899082521
2021-05-06,43350,44600,42650,44450,42712,0.03252032520325199
2021-05-07,45000,46200,44400,45300,68293,0.01912260967379087
2021-05-10,45300,46350,44750,46100,47276,0.017660044150110465
2021-05-11,45900,46150,44300,44500,56189,-0.03470715835141003
2021-05-12,44500,44650,42950,43400,36022,-0.024719101123595544
2021-05-13,42750,43800,42500,43200,41104,-0.004608294930875556
2021-05-14,43000,43500,42000,43250,35182,0.0011574074074074403
2021-05-17,43850,44000,42450,42650,29736,-0.01387283236994219
2021-05-18,43350,44500,42800,44300,33994,0.0386869871043376
2021-05-20,43700,44150,42950,43250,23884,-0.023702031602708784
2021-05-21,43850,43900,43050,43350,23935,0.0023121387283238093
2021-05-24,43500,43500,42300,42450,27604,-0.02076124567474047
2021-05-25,42500,43800,42500,42950,36298,0.011778563015312216
2021-05-26,42950,45250,42950,45000,79806,0.047729918509895164
2021-05-27,45450,45450,43600,44350,51257,-0.014444444444444482
2021-05-28,43900,45000,43900,44900,31502,0.012401352874858995
2021-05-31,44950,45000,44050,44550,36241,-0.007795100222717122
2021-06-01,44900,46100,44850,46050,74048,0.03367003367003374
2021-06-02,46350,46350,44800,44800,51984,-0.02714440825190012
2021-06-03,44750,45450,44250,45150,36207,0.0078125
2021-06-04,44600,44850,44000,44400,39596,-0.01661129568106312
2021-06-07,44400,45500,44350,45300,33257,0.020270270270270174
2021-06-08,45150,45750,44300,44400,31486,-0.019867549668874163
2021-06-09,44450,44700,43500,44200,37538,-0.0045045045045044585
2021-06-10,44300,44550,43650,44100,24936,-0.002262443438914019
2021-06-11,43900,45650,43900,45450,45802,0.030612244897959107
2021-06-14,45000,45850,45000,45450,28833,0.0
2021-06-15,45450,45750,44650,44900,33286,-0.012101210121012063
2021-06-16,44900,45600,44550,45250,21421,0.007795100222717233
2021-06-17,45050,45500,44550,45250,23976,0.0
2021-06-18,45200,47150,44700,47150,93829,0.041988950276243164
2021-06-21,46600,47250,45000,45200,65388,-0.04135737009544005
2021-06-22,45400,46500,45400,46350,29259,0.025442477876106206
2021-06-23,46050,47050,45800,46050,30750,-0.006472491909385147
2021-06-24,46000,46650,45400,45400,28493,-0.014115092290988063
2021-06-25,46100,46400,45350,45350,22215,-0.0011013215859030367
2021-06-28,45350,46100,45350,45800,18317,0.009922822491730932
2021-06-29,46450,46600,45400,45400,39962,-0.008733624454148492
2021-06-30,45400,45850,44800,44800,34840,-0.013215859030836996
2021-07-01,44700,44750,43650,43650,69109,-0.025669642857142905
2021-07-02,43650,43850,43400,43650,20305,0.0
2021-07-05,43650,44050,43350,43650,26308,0.0
2021-07-06,43550,44000,43500,43850,23510,0.004581901489117968
2021-07-07,43850,43850,43350,43650,22392,-0.004561003420752607
2021-07-08,43650,44100,42400,42400,51843,-0.02863688430698741
2021-07-09,42600,42800,41550,42700,42147,0.007075471698113178
2021-07-12,42700,45550,42700,45450,112873,0.06440281030444961
2021-07-13,46000,49650,46000,48450,341257,0.06600660066006592
2021-07-14,48500,48700,47250,47550,90589,-0.018575851393188847
2021-07-15,47550,47650,45400,45450,108042,-0.04416403785488954
2021-07-16,45500,46450,44600,46050,74478,0.013201320132013139
2021-07-19,45700,45700,44750,45150,29798,-0.019543973941368087
2021-07-20,44400,45050,44100,44600,39975,-0.01218161683277963
2021-07-21,44600,45550,44150,45550,32295,0.02130044843049328
2021-07-22,46000,46300,44800,45100,35500,-0.009879253567508184
2021-07-23,45200,45700,45050,45450,20708,0.0077605321507761005
2021-07-26,45550,45650,44850,44850,17132,-0.01320132013201325
2021-07-27,44550,45600,44100,44250,27378,-0.013377926421404673
2021-07-28,44100,44900,43700,43900,21254,-0.00790960451977396
2021-07-29,44350,44700,43550,43550,21733,-0.007972665148063829
2021-07-30,43500,44000,42900,43150,25823,-0.009184845005740572
2021-08-02,43550,44200,42850,43250,12628,0.002317497103128563
2021-08-03,43000,44100,42900,43900,18946,0.015028901734104094
2021-08-04,43900,44350,43300,44050,16094,0.003416856492027387
2021-08-05,44450,44450,43600,44000,20839,-0.0011350737797957144
2021-08-06,43800,44550,43750,44200,16643,0.00454545454545463
2021-08-09,44150,44150,43100,43750,24420,-0.010180995475113086
2021-08-10,44150,44250,43050,43300,22398,-0.010285714285714231
2021-08-11,43600,43600,42750,43200,16726,-0.002309468822170868
2021-08-12,43300,44150,42950,43300,21795,0.0023148148148148806
2021-08-13,43700,43700,42350,42400,23982,-0.020785219399538146
2021-08-17,42600,42900,41150,41750,22094,-0.015330188679245293
2021-08-18,41750,42500,41450,41750,17325,0.0
2021-08-19,43400,45700,42750,44050,172555,0.05508982035928134
2021-08-20,44150,49850,42950,47950,570278,0.0885357548240635
2021-08-23,48350,51700,47700,49900,351369,0.04066736183524511
2021-08-24,50600,55000,49900,52400,423544,0.05010020040080154
2021-08-25,52900,53900,49600,50400,192115,-0.03816793893129766
2021-08-26,49800,50900,49450,50400,115357,0.0
2021-08-27,49900,54600,49450,54400,271915,0.0793650793650793
2021-08-30,54500,56600,53100,56100,229006,0.03125
2021-08-31,55800,57100,53600,56700,164730,0.010695187165775444
2021-09-01,56300,59700,56000,58200,220693,0.02645502645502651
2021-09-02,58200,58200,56000,56800,114732,-0.02405498281786944
2021-09-03,56800,57400,55200,56100,89258,-0.01232394366197187
2021-09-06,56100,60500,55800,60100,173879,0.071301247771836
2021-09-07,60700,68800,58900,67500,459566,0.12312811980033267
2021-09-08,67600,69400,66000,66800,222163,-0.010370370370370363
2021-09-09,66300,68600,62400,65700,262396,-0.01646706586826352
2021-09-10,68500,68500,65800,67400,140456,0.025875190258751957
2021-09-13,67400,71900,67400,68600,396800,0.017804154302670572
2021-09-14,69200,69200,65900,68300,145772,-0.004373177842565634
2021-09-15,68200,69800,66500,67200,74863,-0.016105417276720324
2021-09-16,67800,71200,67100,70500,176045,0.049107142857142794
2021-09-17,70600,71000,68000,68000,99564,-0.03546099290780147
2021-09-23,67000,67600,65000,65500,82904,-0.03676470588235292
2021-09-24,65800,67500,64100,65800,77271,0.004580152671755711
2021-09-27,65500,67300,64000,64900,65206,-0.01367781155015202
2021-09-28,64900,67600,64000,65500,78398,0.009244992295839749
2021-09-29,64000,65100,62300,64400,74797,-0.016793893129770976
2021-09-30,64700,64700,61500,63200,65775,-0.018633540372670843
2021-10-01,62500,62900,58800,59600,145788,-0.05696202531645567
2021-10-05,58800,60400,58200,58800,93436,-0.01342281879194629
2021-10-06,60000,60000,55700,56700,109610,-0.0357142857142857
2021-10-07,57800,61200,57500,60700,122296,0.07054673721340388
2021-10-08,60800,62700,58500,60700,99366,0.0
2021-10-12,61700,62000,58200,58200,62484,-0.041186161449752845
2021-10-13,57500,59400,57100,57700,58340,-0.00859106529209619
2021-10-14,59900,63500,59900,62300,134222,0.07972270363951472
2021-10-15,62800,63600,60300,62100,82606,-0.0032102728731941976
2021-10-18,61500,64100,61300,62800,77105,0.011272141706924366
2021-10-19,63900,64100,61800,62000,46048,-0.01273885350318471
2021-10-20,63200,66500,63000,64200,188731,0.03548387096774186
2021-10-21,64900,64900,58200,58200,220071,-0.09345794392523366
2021-10-22,58200,59500,57400,58100,66313,-0.0017182130584192379
2021-10-25,58300,58300,56000,57100,61110,-0.01721170395869187
2021-10-26,57300,58700,56500,57200,44793,0.0017513134851139256
2021-10-27,57400,57400,54000,54800,102533,-0.04195804195804198
2021-10-28,54500,55200,53200,53300,66501,-0.027372262773722622
2021-10-29,53100,53600,51900,52100,55538,-0.022514071294559068
2021-11-01,52100,53700,51100,51200,46995,-0.017274472168905985
2021-11-02,51500,54000,51500,52700,70935,0.029296875
2021-11-03,53400,53700,51500,52200,33974,-0.009487666034155628
2021-11-04,52500,53100,51400,51700,26946,-0.009578544061302652
2021-11-05,51900,52600,49900,50000,55189,-0.03288201160541582
2021-11-08,49600,50300,48550,49850,69722,-0.0030000000000000027
2021-11-09,50300,51300,49950,50700,36436,0.01705115346038122
2021-11-10,50700,50700,48500,49400,47012,-0.02564102564102566
2021-11-11,49350,49500,47750,48400,53952,-0.020242914979757054
2021-11-12,48800,52100,48500,51400,75536,0.06198347107438007
2021-11-15,52100,52100,50300,51100,45438,-0.005836575875486361
2021-11-16,50500,50600,49300,50100,40345,-0.019569471624266144
2021-11-17,50000,50500,49300,49650,37216,-0.008982035928143728
2021-11-18,50400,55700,49950,54600,150837,0.09969788519637457
2021-11-19,57200,63400,55100,58000,541536,0.06227106227106227
2021-11-22,58200,59700,53400,56200,193483,-0.03103448275862064
2021-11-23,55800,56700,53200,53400,105059,-0.04982206405693945
2021-11-24,53400,57500,52700,55700,139321,0.04307116104868913
2021-11-25,56500,58000,55200,56200,95540,0.008976660682226134
2021-11-26,56200,57200,54200,55000,79894,-0.02135231316725983
2021-11-29,53500,54700,52800,53600,84769,-0.025454545454545507
2021-11-30,54600,55000,51600,51800,84901,-0.03358208955223885
2021-12-01,51500,52500,49750,52300,65949,0.009652509652509744
2021-12-02,51200,51600,50000,50700,59749,-0.030592734225621365
2021-12-03,51000,52500,50500,51500,42140,0.015779092702169706
2021-12-06,51500,51500,50100,50100,46723,-0.027184466019417486
2021-12-07,50500,51000,49950,50300,42743,0.003992015968063978
2021-12-08,50700,55000,50700,53500,113515,0.06361829025844923
2021-12-09,53800,54600,52700,53900,60295,0.007476635514018781
2021-12-10,53300,53700,52100,52400,42360,-0.0278293135435993
2021-12-13,52400,52700,51100,51500,30291,-0.01717557251908397
2021-12-14,51100,52100,50700,51700,21329,0.003883495145631022
2021-12-15,52100,52200,51000,51400,17226,-0.005802707930367523
2021-12-16,51800,52900,51300,52500,36219,0.021400778210116655
2021-12-17,51500,52800,51500,52000,26104,-0.00952380952380949
2021-12-20,52000,53700,51500,51800,48141,-0.0038461538461538325
2021-12-21,51700,52700,50800,52400,36742,0.01158301158301156
2021-12-22,52300,52800,51400,51600,34114,-0.01526717557251911
2021-12-23,51900,52700,51700,52300,30818,0.013565891472868241
2021-12-24,52100,52800,52100,52400,27964,0.0019120458891013214
2021-12-27,52600,53100,51600,51700,22805,-0.013358778625954248
2021-12-28,51800,52100,50700,51900,33972,0.003868471953578423
2021-12-29,51900,51900,50700,51000,35665,-0.017341040462427793
2021-12-30,51100,51300,50100,51200,33610,0.0039215686274509665
2022-01-03,50900,51500,50000,50300,49309,-0.017578125
2022-01-04,50700,51200,49800,50000,37579,-0.005964214711729587
2022-01-05,49900,54000,49600,52400,160101,0.04800000000000004
2022-01-06,52000,52800,51200,51600,68931,-0.01526717557251911
2022-01-07,51400,52200,50200,51600,39839,0.0
2022-01-10,51200,53400,50500,52900,65496,0.025193798449612448
2022-01-11,53300,53400,51400,51900,36436,-0.018903591682419618
2022-01-12,51900,54600,50800,54000,72515,0.040462427745664664
2022-01-13,54800,56300,53700,54900,94507,0.016666666666666607
2022-01-14,54300,55800,53900,54800,59606,-0.0018214936247723523
2022-01-17,54800,58000,54700,56900,135108,0.038321167883211604
2022-01-18,57300,58000,56200,57400,80545,0.008787346221441172
2022-01-19,56600,57800,55700,57500,54456,0.0017421602787457413
2022-01-20,57400,57700,55500,56100,50399,-0.024347826086956514
2022-01-21,55700,57200,54800,55000,53163,-0.019607843137254943
2022-01-24,54400,55600,52300,54900,40942,-0.0018181818181818299
2022-01-25,54400,55000,52100,53700,55290,-0.021857923497267784
2022-01-26,53700,54400,52800,52800,31195,-0.016759776536312887
2022-01-27,52500,53200,50500,50500,45034,-0.04356060606060608
2022-01-28,51000,52200,49800,52000,35930,0.02970297029702973
2022-02-03,53000,55200,52700,54500,39410,0.04807692307692313
2022-02-04,54200,57800,54200,57600,113001,0.05688073394495419
2022-02-07,59600,62800,58600,61800,264149,0.07291666666666674
2022-02-08,61800,63300,57100,59500,176746,-0.03721682847896435
2022-02-09,60000,63000,58500,62300,120399,0.04705882352941182
2022-02-10,62400,65700,61500,63800,209571,0.024077046548956593
2022-02-11,63300,64300,59400,59800,116878,-0.06269592476489028
2022-02-14,58400,59600,57200,57800,74808,-0.03344481605351168
2022-02-15,58100,58300,54300,55000,70350,-0.04844290657439443
2022-02-16,56500,57300,55600,56400,41541,0.025454545454545396
2022-02-17,56400,58200,53100,55900,57808,-0.00886524822695034
2022-02-18,54500,56100,54400,55400,39377,-0.008944543828264706
2022-02-21,54100,54700,53600,54100,49152,-0.023465703971119134
2022-02-22,52800,53800,51700,52300,55712,-0.03327171903881698
2022-02-23,52800,54300,52400,53700,30809,0.026768642447418722
2022-02-24,52900,53000,51200,51300,44646,-0.04469273743016755
2022-02-25,52700,54800,52600,53200,42187,0.03703703703703698
2022-02-28,52100,53500,51300,53000,64501,-0.003759398496240629
2022-03-02,53100,55000,52700,54400,40516,0.026415094339622636
2022-03-03,55200,56300,54700,56300,35559,0.03492647058823528
2022-03-04,56300,58100,55400,57200,73966,0.015985790408525657
2022-03-07,56600,57400,54000,57000,55283,-0.0034965034965035446
2022-03-08,56300,57800,55300,55600,46815,-0.024561403508771895
2022-03-10,56400,59600,55700,58700,103125,0.055755395683453335
2022-03-11,58600,59300,57700,58100,32556,-0.010221465076660996
2022-03-14,57800,57800,53400,53700,72873,-0.07573149741824436
2022-03-15,53700,54700,52500,53900,33745,0.003724394785847407
2022-03-16,54700,55100,53900,54500,39012,0.011131725417439675
2022-03-17,55400,56800,55300,56300,40545,0.03302752293577971
2022-03-18,56400,56900,55700,56400,20691,0.001776198934280604
2022-03-21,56500,57000,55300,55600,21362,-0.014184397163120588
2022-03-22,55200,56100,55100,55400,13480,-0.003597122302158251
2022-03-23,56200,56900,54900,56100,28313,0.012635379061371799
2022-03-24,55400,56100,54100,55000,28054,-0.019607843137254943
2022-03-25,55100,55800,54600,55000,21621,0.0
2022-03-28,55000,59300,54200,58700,89882,0.06727272727272737
2022-03-29,59300,59600,58200,58600,49595,-0.0017035775127768327
2022-03-30,59700,59700,57400,58300,25323,-0.005119453924914641
2022-03-31,58000,59700,58000,58900,35837,0.010291595197255532
2022-04-01,58400,58500,57200,57300,24448,-0.02716468590831922
2022-04-04,57400,58900,56500,57800,16489,0.008726003490401313
2022-04-05,57900,60300,57900,60200,71930,0.04152249134948094
2022-04-06,59500,59500,58000,58600,36894,-0.02657807308970095
2022-04-07,58000,58300,57000,57400,22209,-0.020477815699658675
2022-04-08,57800,60100,57700,59800,66547,0.04181184668989557
2022-04-11,60400,61000,57800,57800,60237,-0.03344481605351168
2022-04-12,57500,59200,57000,58900,29068,0.01903114186851207
2022-04-13,59400,59400,58400,59200,24916,0.005093378607809784
2022-04-14,59000,59500,58500,59400,20141,0.0033783783783782884
2022-04-15,58800,60100,58600,60100,31093,0.011784511784511675
2022-04-18,59900,60100,58200,59000,32139,-0.01830282861896837
2022-04-19,60100,62200,59300,61000,170516,0.03389830508474567
2022-04-20,61700,61700,59700,60200,52765,-0.013114754098360604
2022-04-21,60100,61000,59600,60400,32858,0.0033222591362125353
2022-04-22,60100,60400,59200,60100,36764,-0.004966887417218513
2022-04-25,59100,59500,58100,58200,30351,-0.03161397670549082
2022-04-26,58500,60700,58200,60000,37696,0.030927835051546282
2022-04-27,58300,59900,58200,59700,19212,-0.0050000000000000044
2022-04-28,59300,59800,58500,59100,28124,-0.01005025125628145
2022-04-29,59100,61100,58300,59400,37746,0.0050761421319796
2022-05-02,58500,59300,57300,59000,36745,-0.006734006734006703
2022-05-03,58700,59300,57100,57400,41927,-0.027118644067796627
2022-05-04,57800,58100,57100,58000,25553,0.010452961672473782
2022-05-06,57200,57400,55500,55500,45757,-0.0431034482758621
2022-05-09,55600,56000,55100,55700,31685,0.003603603603603567
2022-05-10,55200,56000,53900,55700,27536,0.0
2022-05-11,55300,56700,55100,56400,16271,0.012567324955116588
2022-05-12,55700,56100,54700,54700,31499,-0.03014184397163122
2022-05-13,55200,57300,55000,56900,29867,0.040219378427788
2022-05-16,56900,57800,56200,57200,25550,0.005272407732864748
2022-05-17,57200,57700,57200,57300,15983,0.0017482517482516613
2022-05-18,57500,57900,56800,57000,18413,-0.005235602094240788
2022-05-19,56600,56600,55300,55700,22449,-0.02280701754385961
2022-05-20,55800,57700,55800,56800,25223,0.019748653500897717
2022-05-23,57100,58400,55800,56100,31969,-0.01232394366197187
2022-05-24,56100,56400,55100,55100,27047,-0.017825311942959
2022-05-25,55800,56600,55300,56100,17524,0.01814882032667886
2022-05-26,55700,56600,55300,55400,17731,-0.012477718360071277
2022-05-27,56100,56300,55700,56300,14231,0.016245487364620947
2022-05-30,56700,57300,54900,55200,35381,-0.019538188277087087
2022-05-31,55200,55600,55000,55000,16246,-0.0036231884057971175
2022-06-02,54600,55200,54100,54600,15256,-0.0072727272727273196
2022-06-03,55300,55400,54600,55200,16397,0.01098901098901095
2022-06-07,55100,55100,54300,54400,13986,-0.01449275362318836
2022-06-08,54400,55000,54100,54400,12327,0.0
2022-06-09,53700,54300,53500,54200,24641,-0.003676470588235281
2022-06-10,53600,54200,52100,53300,28041,-0.016605166051660514
2022-06-13,51800,53100,51600,51800,45092,-0.02814258911819889
2022-06-14,50800,52600,50800,51900,26873,0.0019305019305020377
2022-06-15,52400,52600,50500,51300,26711,-0.011560693641618491
2022-06-16,51600,53200,50500,50500,20255,-0.015594541910331383
2022-06-17,49500,52600,49500,52000,23541,0.02970297029702973
2022-06-20,51600,52900,49750,49850,27947,-0.04134615384615381
2022-06-21,50900,50900,50000,50700,17177,0.01705115346038122
2022-06-22,51000,51400,49700,49700,22464,-0.01972386587771202
2022-06-23,49700,50700,49450,50200,33419,0.010060362173038184
2022-06-24,49800,52800,49800,52400,26073,0.043824701195219085
2022-06-27,52600,53300,51800,52900,15570,0.009541984732824416
2022-06-28,52900,54400,52700,54400,26882,0.02835538752362954
2022-06-29,54000,55400,53400,54000,23453,-0.007352941176470562
2022-06-30,54000,54800,53300,54000,16122,0.0
2022-07-01,55000,55000,53000,54600,25499,0.011111111111111072
2022-07-04,55400,55400,53000,53200,20125,-0.02564102564102566
2022-07-05,54200,54900,53400,53800,17550,0.011278195488721776
2022-07-06,54300,54400,52100,52100,22627,-0.03159851301115246
2022-07-07,53000,53200,52000,52900,12989,0.015355086372360827
2022-07-08,53200,53700,51900,51900,19847,-0.018903591682419618
2022-07-11,51800,51900,49950,50000,36223,-0.036608863198458574
2022-07-12,49950,51000,49200,50800,23849,0.016000000000000014
2022-07-13,50800,51400,50100,51000,9693,0.003937007874015741
2022-07-14,51000,52000,50200,51200,18139,0.0039215686274509665
2022-07-15,51500,53300,50400,52500,28420,0.025390625
2022-07-18,53200,53200,51700,52200,22790,-0.005714285714285672
2022-07-19,52000,53200,51600,52200,10308,0.0
2022-07-20,52300,52900,52100,52800,11422,0.011494252873563315
2022-07-21,52300,53100,52000,52500,14324,-0.005681818181818232
2022-07-22,52200,54700,52200,53900,35556,0.026666666666666616
2022-07-25,53900,56200,53600,56200,47267,0.042671614100185495
2022-07-26,56300,56800,55200,55400,18450,-0.014234875444839812
2022-07-27,55300,55400,54500,54700,13102,-0.012635379061371799
2022-07-28,54900,56400,54900,55500,20534,0.014625228519195677
2022-07-29,56200,56500,54200,54400,22157,-0.01981981981981984
2022-08-01,54400,55400,54000,55300,11647,0.016544117647058876
2022-08-02,54600,55000,53700,54500,15441,-0.01446654611211573
2022-08-03,54000,58300,54000,57600,83723,0.05688073394495419
2022-08-04,58400,59800,57200,58500,91580,0.015625
2022-08-05,58900,58900,57100,57100,29311,-0.023931623931623958
2022-08-08,57200,57500,56500,57300,24896,0.003502626970227629
2022-08-09,57100,57900,56300,56400,27998,-0.015706806282722474
2022-08-10,56600,57100,56100,56400,18454,0.0
2022-08-11,56500,58300,56500,57900,34965,0.02659574468085113
2022-08-12,57900,59300,57200,58500,27783,0.010362694300518172
2022-08-16,58500,60000,58200,59800,50932,0.022222222222222143
2022-08-17,60000,60400,58400,58700,27300,-0.018394648829431426
2022-08-18,58700,59000,57700,58200,13695,-0.008517887563884163
2022-08-19,58600,58700,57500,57900,15285,-0.005154639175257714
2022-08-22,56800,57700,56700,56900,10929,-0.01727115716753025
2022-08-23,56000,56800,55700,55800,13990,-0.019332161687170446
2022-08-24,55800,56700,55300,56600,13943,0.014336917562723928
2022-08-25,56600,57000,56200,56700,9568,0.0017667844522968323
2022-08-26,56600,56900,55600,55600,14127,-0.01940035273368612
2022-08-29,54400,54800,53200,54200,15767,-0.025179856115107868
2022-08-30,53800,55300,53800,54500,6455,0.005535055350553542
2022-08-31,54300,54800,53500,54100,9278,-0.007339449541284404
2022-09-01,53700,54000,50500,51000,65290,-0.05730129390018479
2022-09-02,51000,52000,50700,50900,21169,-0.0019607843137254832
2022-09-05,50600,51600,50200,51200,13857,0.005893909626718985
2022-09-06,51600,51800,50800,51100,9264,-0.001953125
2022-09-07,51100,51100,50300,50700,13286,-0.007827788649706457
2022-09-08,51500,51500,50700,51000,9951,0.00591715976331364
2022-09-13,51400,52900,51400,52900,14511,0.0372549019607844
2022-09-14,51000,51900,51000,51500,16080,-0.026465028355387554
2022-09-15,52400,52400,51100,51600,9155,0.001941747572815622
2022-09-16,50900,51600,50700,50700,10863,-0.01744186046511631
2022-09-19,50700,51300,50100,50700,10489,0.0
2022-09-20,51300,51300,50100,50500,11470,-0.0039447731755424265
2022-09-21,49800,50800,49800,50800,17467,0.005940594059405946
2022-09-22,49650,50600,49650,50000,13803,-0.015748031496062964
2022-09-23,50100,50500,48600,48700,20944,-0.026000000000000023
2022-09-26,48600,49100,44950,45300,35111,-0.06981519507186862
2022-09-27,45100,46900,45000,46200,19599,0.019867549668874274
2022-09-28,45650,46450,44300,44950,20622,-0.02705627705627711
2022-09-29,45150,46350,44450,44450,13580,-0.011123470522803158
2022-09-30,43500,46650,43500,45800,26321,0.030371203599550034
2022-10-04,45900,47100,44900,46700,11984,0.01965065502183405
2022-10-05,46700,46850,45100,45200,15200,-0.032119914346895095
2022-10-06,45400,47050,45400,47050,10761,0.04092920353982299
2022-10-07,46350,48050,46250,47450,9461,0.008501594048884176
2022-10-11,47000,47450,44100,44750,15606,-0.05690200210748153
2022-10-12,44050,45100,43750,44950,8958,0.004469273743016755
2022-10-13,44600,45300,43000,43000,17613,-0.04338153503893216
2022-10-14,44000,44750,43600,44750,10985,0.04069767441860472
2022-10-17,44200,44750,43200,43400,12388,-0.030167597765363152
2022-10-18,44000,44250,42700,43850,11328,0.010368663594469973
2022-10-19,43900,45150,43650,44100,11554,0.005701254275940704
2022-10-20,43750,45000,43700,44800,13019,0.015873015873015817
2022-10-21,44800,45100,44000,44650,8267,-0.0033482142857143016
2022-10-24,44750,46250,44750,45750,8893,0.024636058230683044
2022-10-25,46050,46100,44500,45150,10099,-0.013114754098360604
2022-10-26,44800,45300,44550,44950,6287,-0.0044296788482834915
2022-10-27,45600,46200,45000,46050,12048,0.024471635150166815
2022-10-28,46050,46650,45800,46000,8959,-0.0010857763300760048
2022-10-31,46050,46900,45950,45950,7219,-0.0010869565217391797
2022-11-01,46400,46400,45600,46350,5744,0.008705114254624613
2022-11-02,46000,46600,45700,46000,9499,-0.007551240560949246
2022-11-03,45550,47050,44600,46850,23779,0.018478260869565277
2022-11-04,46900,47650,46400,47350,9053,0.01067235859124871
2022-11-07,47100,48300,46950,47450,12012,0.002111932418162654
2022-11-08,48000,48000,46600,46850,16343,-0.012644889357218081
2022-11-09,47900,47900,46550,46600,9607,-0.005336179295624355
2022-11-10,46400,47000,45950,46200,10078,-0.008583690987124415
2022-11-11,47050,47650,46600,47400,16343,0.025974025974025983
2022-11-14,47550,48650,47550,47850,12388,0.009493670886076
2022-11-15,48500,48500,47800,48100,7544,0.0052246603970742544
2022-11-16,48500,49850,46950,48500,16497,0.008316008316008316
2022-11-17,49450,51100,47850,50700,33952,0.0453608247422681
2022-11-18,50700,50800,49150,49550,17184,-0.02268244575936884
2022-11-21,49600,49950,48600,48900,19557,-0.013118062563067578
2022-11-22,48900,48950,47100,47150,15389,-0.03578732106339466
2022-11-23,47300,47300,46350,47100,18858,-0.0010604453870625141
2022-11-24,47200,47400,46750,46800,10066,-0.006369426751592355
2022-11-25,46800,48300,46650,47850,13823,0.022435897435897356
2022-11-28,47800,52600,47400,52600,86286,0.09926854754440972
2022-11-29,52600,53100,51600,52200,48582,-0.0076045627376425395
2022-11-30,52500,53200,50700,50700,38923,-0.028735632183908066
2022-12-01,51600,51900,50300,50500,26326,-0.0039447731755424265
2022-12-02,50500,50500,48750,48800,29072,-0.03366336633663369
2022-12-05,48850,49400,48700,48800,15466,0.0
2022-12-06,48650,48950,47800,48650,17942,-0.0030737704918032405
2022-12-07,48350,48450,47900,48100,10836,-0.01130524152106882
2022-12-08,48100,48400,47100,48400,19547,0.006237006237006293
2022-12-09,48900,48950,46650,46900,22765,-0.030991735537190035
2022-12-12,46650,48000,46650,47200,15960,0.006396588486140775
2022-12-13,47400,48100,45300,45650,32104,-0.032838983050847426
2022-12-14,46150,46150,45200,45800,27260,0.0032858707557503752
2022-12-15,45950,46150,45300,45500,19464,-0.0065502183406113135
2022-12-16,45000,45300,44400,44400,24401,-0.0241758241758242
2022-12-19,44400,45650,44000,45400,11392,0.022522522522522515
2022-12-20,45000,45850,44400,45000,24782,-0.008810572687224627
2022-12-21,45400,45400,44600,44850,15726,-0.0033333333333332993
2022-12-22,45100,45400,44550,44900,16068,0.0011148272017837968
2022-12-23,44600,44600,42300,42550,42720,-0.0523385300668151
2022-12-26,42150,42900,42100,42250,27508,-0.007050528789659172
2022-12-27,42250,43300,42150,43000,29992,0.01775147928994092
2022-12-28,42400,42700,42000,42600,16496,-0.009302325581395321
2022-12-29,41950,42150,40450,40600,32130,-0.04694835680751175
2023-01-02,40400,40600,38500,38750,29400,-0.04556650246305416
2023-01-03,38350,39250,37150,39250,33172,0.012903225806451646
2023-01-04,38950,40300,38250,40000,14658,0.019108280254777066
2023-01-05,40050,40400,38850,38850,17118,-0.028750000000000053
2023-01-06,38500,39500,38350,38900,16178,0.0012870012870012104
2023-01-09,39400,40150,38750,40000,22579,0.028277634961439535
2023-01-10,40000,40550,39650,40300,18443,0.007500000000000062
2023-01-11,40300,40500,39900,40250,13679,-0.001240694789081842
2023-01-12,40350,40600,40100,40300,12937,0.001242236024844745
2023-01-13,40700,41350,40250,40250,15667,-0.001240694789081842
2023-01-16,40350,42350,39800,41700,27818,0.03602484472049694
2023-01-17,41750,41850,41000,41100,16722,-0.014388489208633115
2023-01-18,41100,41700,40550,40700,20604,-0.009732360097323589
2023-01-19,40700,41400,40250,41000,11358,0.0073710073710073765
2023-01-20,40600,41250,40600,41150,11390,0.003658536585365857
2023-01-25,41150,41650,40900,41150,16253,0.0
2023-01-26,41150,42100,41050,41750,16943,0.014580801944106936
2023-01-27,42100,42200,41400,41950,16070,0.004790419161676551
2023-01-30,42300,42850,41800,41800,19363,-0.0035756853396901045
2023-01-31,42500,44200,42400,43750,59326,0.046650717703349276
2023-02-01,44200,44200,42800,42950,26637,-0.01828571428571424
2023-02-02,43450,43550,42600,42650,24735,-0.006984866123399325
2023-02-03,42600,43250,42450,43000,17087,0.008206330597889888
2023-02-06,43000,43250,42100,43250,18020,0.005813953488372103
2023-02-07,42900,44100,42900,43600,25105,0.008092485549132888
2023-02-08,43600,43750,43050,43050,22007,-0.012614678899082521
2023-02-09,42900,43450,42700,43250,20643,0.004645760743321681
2023-02-10,44150,44400,43050,43350,29103,0.0023121387283238093
2023-02-13,43100,43100,42100,42100,23171,-0.028835063437139596
2023-02-14,42250,42600,41800,42100,20088,0.0
2023-02-15,42150,42700,40400,40600,30264,-0.03562945368171022
2023-02-16,40800,41700,40450,41650,21358,0.02586206896551735
2023-02-17,41050,41550,40500,40650,22794,-0.02400960384153661
2023-02-20,40650,41550,40100,41250,23099,0.014760147601476037
2023-02-21,41250,41450,40650,40850,14632,-0.009696969696969648
2023-02-22,40200,40400,39500,39700,35452,-0.028151774785801664
2023-02-23,39700,40100,39450,39850,16339,0.0037783375314861534
2023-02-24,39600,39900,38250,38550,54365,-0.03262233375156842
2023-02-27,38400,39800,37400,39700,59249,0.0298313878080414
2023-02-28,39900,40250,39450,39600,24900,-0.0025188916876573986
2023-03-02,39800,40450,38200,38550,87208,-0.02651515151515149
2023-03-03,38600,42450,38600,42450,154366,0.10116731517509736
2023-03-06,45200,45300,42750,43300,199791,0.020023557126030544
2023-03-07,43300,43800,41950,41950,96102,-0.03117782909930711
2023-03-08,41800,42150,40450,40750,68510,-0.028605482717520836
2023-03-09,40800,40800,38800,39400,91584,-0.03312883435582825
2023-03-10,38500,40250,38500,39700,47159,0.0076142131979695105
2023-03-13,39350,39900,38600,39400,37055,-0.007556675062972307
2023-03-14,39350,39350,37850,37950,41808,-0.03680203045685282
2023-03-15,38900,42400,38250,42250,135689,0.1133069828722002
2023-03-16,41600,43300,40700,41150,91488,-0.026035502958579926
2023-03-17,41550,41600,39300,39300,58066,-0.04495747266099637
2023-03-20,39350,39900,38900,39550,49666,0.006361323155216203
2023-03-21,39700,43300,39700,42900,171122,0.08470290771175737
2023-03-22,43800,43800,42000,42950,115761,0.0011655011655011815
2023-03-23,42800,45100,42200,43350,187309,0.0093131548311991
