Date,Open,High,Low,Close,Volume,Change
2015-01-02,2450,2480,2350,2350,2269228,0.023965141612200425
2015-01-05,2300,2405,2295,2390,935594,0.017021276595744705
2015-01-06,2385,2390,2340,2370,519701,-0.008368200836820106
2015-01-07,2330,2410,2330,2410,457656,0.016877637130801704
2015-01-08,2395,2440,2360,2440,698406,0.012448132780082943
2015-01-09,2450,2455,2400,2440,388472,0.0
2015-01-12,2435,2435,2315,2315,1300447,-0.05122950819672134
2015-01-13,2335,2355,2310,2320,346248,0.002159827213822796
2015-01-14,2330,2355,2315,2340,242591,0.008620689655172376
2015-01-15,2325,2360,2320,2325,366903,-0.0064102564102563875
2015-01-16,2320,2350,2280,2290,469217,-0.01505376344086018
2015-01-19,2325,2365,2300,2340,477539,0.02183406113537112
2015-01-20,2340,2375,2305,2325,470401,-0.0064102564102563875
2015-01-21,2355,2380,2340,2360,636401,0.01505376344086029
2015-01-22,2375,2385,2325,2380,681800,0.008474576271186418
2015-01-23,2415,2590,2405,2410,3621745,0.012605042016806678
2015-01-26,2410,2410,2335,2345,1052460,-0.026970954356846488
2015-01-27,2350,2355,2305,2305,718171,-0.017057569296375252
2015-01-28,2305,2375,2305,2355,531210,0.021691973969631295
2015-01-29,2360,2375,2330,2340,391726,-0.006369426751592355
2015-01-30,2345,2400,2330,2385,672289,0.019230769230769162
2015-02-02,2360,2375,2330,2355,449324,-0.012578616352201255
2015-02-03,2375,2395,2350,2355,465259,0.0
2015-02-04,2370,2380,2345,2370,524267,0.006369426751592355
2015-02-05,2370,2390,2345,2355,288871,-0.006329113924050667
2015-02-06,2350,2385,2335,2360,501889,0.002123142250530785
2015-02-09,2370,2395,2355,2355,557405,-0.0021186440677966045
2015-02-10,2355,2370,2335,2345,265298,-0.00424628450106157
2015-02-11,2350,2360,2325,2330,463206,-0.006396588486140775
2015-02-12,2325,2340,2315,2335,308259,0.0021459227467810482
2015-02-13,2325,2350,2315,2335,243348,0.0
2015-02-16,2335,2355,2315,2325,379628,-0.004282655246252709
2015-02-17,2340,2380,2320,2375,426764,0.021505376344086002
2015-02-23,2370,2400,2350,2380,594372,0.002105263157894832
2015-02-24,2380,2445,2370,2440,978130,0.025210084033613356
2015-02-25,2455,2455,2390,2390,716095,-0.020491803278688492
2015-02-26,2405,2425,2375,2390,397926,0.0
2015-02-27,2395,2450,2395,2405,718978,0.006276150627614996
2015-03-02,2385,2390,2335,2345,1096250,-0.02494802494802495
2015-03-03,2345,2400,2340,2400,1104305,0.023454157782516027
2015-03-04,2405,2425,2380,2405,852452,0.002083333333333437
2015-03-05,2410,2430,2395,2400,579303,-0.0020790020790020236
2015-03-06,2420,2440,2390,2415,466752,0.006250000000000089
2015-03-09,2415,2415,2375,2385,446780,-0.012422360248447228
2015-03-10,2400,2410,2345,2375,602015,-0.004192872117400381
2015-03-11,2355,2370,2345,2365,283030,-0.004210526315789442
2015-03-12,2360,2390,2360,2385,331003,0.008456659619450413
2015-03-13,2390,2405,2375,2390,300150,0.002096436058700135
2015-03-16,2390,2395,2365,2370,418093,-0.008368200836820106
2015-03-17,2370,2380,2355,2375,423985,0.0021097046413502962
2015-03-18,2370,2415,2370,2405,687927,0.012631578947368327
2015-03-19,2410,2435,2390,2430,779694,0.01039501039501034
2015-03-20,2435,2435,2400,2420,470816,-0.004115226337448541
2015-03-23,2410,2435,2405,2415,744219,-0.0020661157024793875
2015-03-24,2425,2500,2415,2485,1907209,0.02898550724637672
2015-03-25,2490,2510,2455,2475,759918,-0.004024144869215318
2015-03-26,2470,2535,2460,2500,1235250,0.010101010101010166
2015-03-27,2560,2565,2430,2450,1291780,-0.020000000000000018
2015-03-30,2440,2465,2410,2460,584041,0.004081632653061273
2015-03-31,2475,2505,2450,2500,604435,0.016260162601626105
2015-04-01,2500,2520,2480,2510,475487,0.0040000000000000036
2015-04-02,2520,2545,2485,2495,804167,-0.005976095617529875
2015-04-03,2505,2520,2465,2495,645289,0.0
2015-04-06,2495,2555,2490,2550,1088334,0.022044088176352616
2015-04-07,2550,2575,2530,2575,845344,0.009803921568627416
2015-04-08,2565,2600,2545,2550,854098,-0.009708737864077666
2015-04-09,2555,2575,2540,2560,607208,0.0039215686274509665
2015-04-10,2560,2645,2550,2565,1301265,0.001953125
2015-04-13,2570,2570,2510,2550,937393,-0.005847953216374324
2015-04-14,2540,2565,2500,2525,810483,-0.009803921568627416
2015-04-15,2540,2585,2535,2565,770169,0.015841584158415856
2015-04-16,2575,2665,2565,2630,1506309,0.025341130604288553
2015-04-17,2635,2650,2590,2640,709908,0.0038022813688212143
2015-04-20,2610,2610,2570,2610,641219,-0.011363636363636354
2015-04-21,2610,2640,2570,2640,655875,0.011494252873563315
2015-04-22,2640,2690,2400,2575,1110532,-0.024621212121212155
2015-04-23,2550,2600,2500,2530,960932,-0.01747572815533982
2015-04-24,2540,2605,2530,2590,955212,0.02371541501976293
2015-04-27,2610,2625,2580,2600,612398,0.0038610038610038533
2015-04-28,2620,2720,2590,2655,2476085,0.02115384615384608
2015-04-29,2665,2690,2560,2605,819340,-0.01883239171374762
2015-04-30,2610,2610,2545,2585,868916,-0.007677543186180413
2015-05-04,2560,2570,2490,2520,718469,-0.025145067698259194
2015-05-06,2525,2535,2450,2485,737241,-0.01388888888888884
2015-05-07,2475,2500,2425,2490,405371,0.002012072434607548
2015-05-08,2505,2550,2495,2535,538283,0.01807228915662651
2015-05-11,2540,2550,2510,2535,383923,0.0
2015-05-12,2530,2550,2500,2520,320661,-0.00591715976331364
2015-05-13,2510,2530,2495,2505,354361,-0.005952380952380931
2015-05-14,2505,2515,2465,2480,512794,-0.009980039920159722
2015-05-15,2480,2500,2455,2475,289754,-0.0020161290322581182
2015-05-18,2465,2475,2400,2430,615028,-0.018181818181818188
2015-05-19,2420,2470,2410,2465,263957,0.014403292181069949
2015-05-20,2505,2545,2415,2425,815861,-0.016227180527383367
2015-05-21,2410,2425,2370,2385,541121,-0.016494845360824795
2015-05-22,2390,2425,2380,2415,338616,0.012578616352201255
2015-05-26,2415,2465,2385,2390,417434,-0.010351966873705987
2015-05-27,2390,2405,2360,2395,285565,0.0020920502092049986
2015-05-28,2400,2435,2380,2430,376605,0.014613778705636848
2015-05-29,2420,2440,2400,2415,435309,-0.006172839506172867
2015-06-01,2415,2425,2370,2375,407896,-0.0165631469979296
2015-06-02,2370,2380,2300,2320,651371,-0.023157894736842155
2015-06-03,2310,2340,2280,2330,413431,0.004310344827586299
2015-06-04,2330,2335,2295,2320,310367,-0.0042918454935622075
2015-06-05,2295,2320,2270,2295,395679,-0.010775862068965525
2015-06-08,2285,2315,2265,2310,382017,0.006535947712418277
2015-06-09,2310,2345,2300,2320,282092,0.0043290043290042934
2015-06-10,2330,2350,2320,2345,258728,0.010775862068965525
2015-06-11,2345,2360,2310,2330,374773,-0.006396588486140775
2015-06-12,2310,2335,2285,2300,254752,-0.012875536480686733
2015-06-15,2300,2400,2275,2380,450705,0.034782608695652195
2015-06-16,2360,2405,2305,2365,495684,-0.006302521008403339
2015-06-17,2365,2390,2325,2360,328896,-0.0021141649048626032
2015-06-18,2365,2370,2325,2350,301359,-0.004237288135593209
2015-06-19,2350,2370,2325,2345,229689,-0.0021276595744680327
2015-06-22,2335,2365,2310,2315,316324,-0.01279317697228144
2015-06-23,2320,2365,2310,2355,372913,0.017278617710583255
2015-06-24,2355,2380,2355,2370,255962,0.006369426751592355
2015-06-25,2365,2380,2350,2370,269947,0.0
2015-06-26,2360,2410,2345,2380,508193,0.00421940928270037
2015-06-29,2350,2365,2305,2320,419893,-0.025210084033613467
2015-06-30,2335,2355,2280,2335,251304,0.006465517241379226
2015-07-01,2330,2385,2320,2370,324313,0.01498929336188426
2015-07-02,2360,2395,2360,2370,236204,0.0
2015-07-03,2380,2395,2355,2390,238461,0.00843881856540074
2015-07-06,2365,2420,2360,2380,411261,-0.004184100418409997
2015-07-07,2400,2415,2345,2355,388939,-0.010504201680672232
2015-07-08,2360,2410,2350,2370,413389,0.006369426751592355
2015-07-09,2355,2390,2330,2380,569331,0.00421940928270037
2015-07-10,2425,2485,2385,2400,1826635,0.008403361344537785
2015-07-13,2415,2475,2400,2450,708490,0.02083333333333326
2015-07-14,2515,2520,2455,2485,651020,0.014285714285714235
2015-07-15,2525,2530,2460,2495,556064,0.004024144869215318
2015-07-16,2495,2575,2465,2575,963698,0.03206412825651306
2015-07-17,2550,2570,2505,2525,733811,-0.01941747572815533
2015-07-20,2545,2545,2500,2525,530879,0.0
2015-07-21,2520,2550,2505,2530,404673,0.001980198019801982
2015-07-22,2545,2545,2490,2530,446998,0.0
2015-07-23,2505,2640,2505,2540,924480,0.0039525691699604515
2015-07-24,2540,2545,2480,2505,603521,-0.013779527559055094
2015-07-27,2500,2520,2480,2480,360021,-0.009980039920159722
2015-07-28,2455,2470,2385,2455,429799,-0.01008064516129037
2015-07-29,2460,2460,2410,2410,196770,-0.018329938900203624
2015-07-30,2415,2445,2370,2395,236797,-0.006224066390041472
2015-07-31,2375,2420,2370,2375,202894,-0.008350730688935326
2015-08-03,2390,2410,2370,2410,188224,0.01473684210526316
2015-08-04,2450,2535,2435,2510,985294,0.04149377593361003
2015-08-05,2600,2620,2490,2550,1625920,0.015936254980079667
2015-08-06,2555,2555,2485,2510,923400,-0.015686274509803977
2015-08-07,2500,2530,2455,2455,603869,-0.021912350597609542
2015-08-10,2410,2420,2340,2340,831455,-0.046843177189409335
2015-08-11,2340,2380,2335,2345,489244,0.002136752136752129
2015-08-12,2305,2345,2230,2270,628718,-0.031982942430703654
2015-08-13,2255,2350,2255,2335,234438,0.028634361233480066
2015-08-17,2335,2350,2290,2315,385976,-0.008565310492505307
2015-08-18,2315,2320,2265,2270,285397,-0.01943844492440605
2015-08-19,2255,2260,2115,2180,690296,-0.03964757709251099
2015-08-20,2160,2205,2145,2185,288913,0.002293577981651307
2015-08-21,2000,2120,2000,2110,859149,-0.034324942791762014
2015-08-24,2260,2445,2195,2320,4519880,0.09952606635071093
2015-08-25,2395,2430,2245,2275,2100084,-0.0193965517241379
2015-08-26,2300,2430,2275,2335,2729635,0.02637362637362628
2015-08-27,2355,2495,2340,2365,2810329,0.012847965738758127
2015-08-28,2420,2435,2370,2390,974356,0.010570824524312794
2015-08-31,2465,2495,2400,2400,1178527,0.004184100418409997
2015-09-01,2405,2480,2390,2465,953716,0.027083333333333348
2015-09-02,2440,2470,2400,2445,677989,-0.008113590263691739
2015-09-03,2445,2495,2420,2495,698237,0.020449897750511203
2015-09-04,2500,2520,2390,2415,868611,-0.03206412825651306
2015-09-07,2430,2430,2350,2365,300961,-0.020703933747411973
2015-09-08,2370,2435,2325,2350,434525,-0.006342494714587699
2015-09-09,2370,2390,2345,2370,292570,0.008510638297872353
2015-09-10,2365,2390,2350,2375,275378,0.0021097046413502962
2015-09-11,2385,2415,2350,2410,390177,0.01473684210526316
2015-09-14,2420,2430,2370,2430,335530,0.008298755186721962
2015-09-15,2390,2425,2375,2380,276203,-0.020576131687242816
2015-09-16,2385,2395,2355,2395,353008,0.006302521008403339
2015-09-17,2395,2400,2335,2335,373277,-0.025052192066805867
2015-09-18,2345,2385,2340,2360,238362,0.010706638115631772
2015-09-21,2345,2395,2330,2380,268687,0.008474576271186418
2015-09-22,2390,2395,2355,2365,158496,-0.006302521008403339
2015-09-23,2365,2385,2345,2345,322239,-0.008456659619450302
2015-09-24,2360,2370,2315,2350,177891,0.002132196162046851
2015-09-25,2350,2370,2300,2365,251275,0.006382978723404209
2015-09-30,2365,2365,2305,2330,117074,-0.014799154334038
2015-10-01,2335,2380,2330,2375,179071,0.0193133047210301
2015-10-02,2380,2450,2360,2420,531964,0.0189473684210526
2015-10-05,2465,2465,2420,2445,301038,0.010330578512396604
2015-10-06,2450,2505,2450,2475,499264,0.012269938650306678
2015-10-07,2480,2485,2450,2465,275375,-0.004040404040404066
2015-10-08,2475,2490,2455,2490,366065,0.010141987829614507
2015-10-12,2535,2580,2490,2545,1001328,0.02208835341365467
2015-10-13,2560,2560,2500,2550,395054,0.0019646365422396617
2015-10-14,2530,2550,2470,2550,610268,0.0
2015-10-15,2550,2665,2540,2590,1206308,0.015686274509803866
2015-10-16,2570,2600,2555,2580,316144,-0.0038610038610038533
2015-10-19,2630,2630,2555,2570,364577,-0.003875968992248069
2015-10-20,2555,2615,2550,2565,700018,-0.0019455252918287869
2015-10-21,2565,2595,2500,2525,441211,-0.015594541910331383
2015-10-22,2525,2540,2455,2485,442205,-0.015841584158415856
2015-10-23,2505,2570,2495,2505,533387,0.008048289738430636
2015-10-26,2500,2550,2500,2535,249000,0.011976047904191711
2015-10-27,2530,2625,2530,2590,674391,0.021696252465483346
2015-10-28,2590,2635,2540,2600,554452,0.0038610038610038533
2015-10-29,2620,2620,2565,2570,232995,-0.011538461538461497
2015-10-30,2570,2590,2495,2495,411250,-0.029182879377431914
2015-11-02,2500,2520,2450,2490,239915,-0.002004008016032066
2015-11-03,2480,2525,2475,2480,224865,-0.004016064257028162
2015-11-04,2485,2500,2450,2500,221503,0.008064516129032251
2015-11-05,2490,2565,2485,2540,300208,0.016000000000000014
2015-11-06,2550,2550,2445,2475,403891,-0.025590551181102317
2015-11-09,2475,2500,2415,2415,360385,-0.024242424242424288
2015-11-10,2405,2410,2325,2370,461383,-0.018633540372670843
2015-11-11,2375,2395,2355,2360,157248,-0.00421940928270037
2015-11-12,2365,2390,2345,2375,124112,0.006355932203389925
2015-11-13,2360,2415,2340,2415,217269,0.01684210526315799
2015-11-16,2415,2440,2400,2420,388381,0.0020703933747412417
2015-11-17,2440,2455,2415,2440,217481,0.008264462809917328
2015-11-18,2425,2510,2410,2475,632325,0.014344262295082011
2015-11-19,2480,2510,2465,2500,384188,0.010101010101010166
2015-11-20,2510,2630,2465,2600,1505326,0.040000000000000036
2015-11-23,2615,2615,2550,2560,893882,-0.01538461538461533
2015-11-24,2565,2595,2530,2565,406458,0.001953125
2015-11-25,2555,2580,2535,2560,336117,-0.0019493177387914784
2015-11-26,2560,2580,2520,2540,552866,-0.0078125
2015-11-27,2550,2555,2470,2475,407465,-0.025590551181102317
2015-11-30,2475,2510,2440,2500,254645,0.010101010101010166
2015-12-01,2515,2530,2475,2505,312111,0.0020000000000000018
2015-12-02,2515,2525,2470,2490,266565,-0.005988023952095856
2015-12-03,2485,2485,2425,2470,278949,-0.008032128514056214
2015-12-04,2450,2470,2425,2465,214809,-0.002024291497975672
2015-12-07,2480,2510,2470,2500,372325,0.014198782961460488
2015-12-08,2505,2510,2420,2440,408084,-0.02400000000000002
2015-12-09,2440,2465,2425,2430,234695,-0.004098360655737654
2015-12-10,2410,2450,2390,2425,224087,-0.002057613168724326
2015-12-11,2435,2450,2395,2395,229533,-0.012371134020618513
2015-12-14,2340,2340,2240,2240,957695,-0.06471816283924847
2015-12-15,2250,2300,2250,2265,340560,0.01116071428571419
2015-12-16,2310,2325,2290,2310,212214,0.019867549668874274
2015-12-17,2330,2370,2310,2330,212315,0.008658008658008587
2015-12-18,2315,2370,2300,2355,181966,0.010729613733905685
2015-12-21,2350,2360,2315,2350,274623,-0.002123142250530785
2015-12-22,2340,2365,2320,2325,154787,-0.010638297872340385
2015-12-23,2330,2365,2315,2335,248063,0.004301075268817289
2015-12-24,2340,2355,2315,2350,261352,0.0064239828693790635
2015-12-28,2350,2360,2335,2355,147359,0.0021276595744681437
2015-12-29,2355,2365,2335,2360,153810,0.002123142250530785
2015-12-30,2360,2365,2320,2360,237498,0.0
2016-01-04,2355,2375,2305,2305,370650,-0.02330508474576276
2016-01-05,2310,2350,2275,2345,289716,0.017353579175704903
2016-01-06,2360,2360,2280,2300,491283,-0.019189765458422214
2016-01-07,2285,2310,2225,2280,629415,-0.008695652173912993
2016-01-08,2215,2245,2135,2220,712943,-0.02631578947368418
2016-01-11,2200,2235,2185,2185,182818,-0.015765765765765716
2016-01-12,2170,2210,2170,2200,161457,0.006864988558352492
2016-01-13,2200,2255,2190,2240,260317,0.018181818181818077
2016-01-14,2230,2230,2170,2200,182048,-0.017857142857142905
2016-01-15,2210,2235,2185,2200,241454,0.0
2016-01-18,2175,2230,2165,2230,145468,0.013636363636363669
2016-01-19,2210,2225,2165,2170,244243,-0.026905829596412523
2016-01-20,2170,2190,2070,2085,621917,-0.03917050691244239
2016-01-21,2075,2165,2075,2080,320087,-0.0023980815347721673
2016-01-22,2105,2130,2090,2115,122968,0.016826923076923128
2016-01-25,2130,2155,2125,2140,145178,0.011820330969267046
2016-01-26,2140,2145,2075,2095,262629,-0.0210280373831776
2016-01-27,2110,2140,2095,2110,128267,0.007159904534606243
2016-01-28,2115,2130,2070,2130,171092,0.009478672985782088
2016-01-29,2130,2140,2105,2130,189859,0.0
2016-02-01,2150,2160,2125,2135,78883,0.0023474178403755097
2016-02-02,2135,2140,2100,2135,224636,0.0
2016-02-03,2140,2160,2020,2100,323371,-0.016393442622950838
2016-02-04,2100,2110,2050,2095,263373,-0.0023809523809523725
2016-02-05,2095,2155,2090,2130,263218,0.01670644391408116
2016-02-11,1990,2030,1935,1945,1421869,-0.08685446009389675
2016-02-12,1930,1945,1640,1755,1957574,-0.09768637532133673
2016-02-15,1795,1835,1745,1810,703534,0.031339031339031376
2016-02-16,1845,1905,1830,1870,541134,0.03314917127071815
2016-02-17,1880,1920,1875,1910,423266,0.021390374331550888
2016-02-18,1920,1955,1910,1950,250742,0.020942408376963373
2016-02-19,1945,1975,1935,1970,233038,0.01025641025641022
2016-02-22,1970,1980,1950,1960,113146,-0.005076142131979711
2016-02-23,1960,1995,1955,1970,186596,0.005102040816326481
2016-02-24,1960,1990,1955,1955,144842,-0.0076142131979695105
2016-02-25,1970,1990,1955,1975,108380,0.010230179028132946
2016-02-26,1975,2040,1975,2020,328103,0.022784810126582178
2016-02-29,2040,2040,2000,2005,181834,-0.007425742574257432
2016-03-02,2010,2070,2010,2050,184129,0.02244389027431426
2016-03-03,2065,2080,2025,2040,158245,-0.004878048780487809
2016-03-04,2030,2055,2025,2050,131039,0.004901960784313708
2016-03-07,2025,2065,2025,2040,190504,-0.004878048780487809
2016-03-08,2030,2060,2025,2045,190148,0.002450980392156854
2016-03-09,2030,2080,2030,2075,169290,0.014669926650366705
2016-03-10,2075,2100,2055,2090,255708,0.0072289156626506035
2016-03-11,2090,2095,2055,2070,163924,-0.009569377990430672
2016-03-14,2060,2080,2060,2075,135135,0.0024154589371980784
2016-03-15,2060,2070,2045,2055,204113,-0.009638554216867434
2016-03-16,2055,2070,2045,2060,173302,0.0024330900243310083
2016-03-17,2055,2080,2055,2065,106896,0.0024271844660195274
2016-03-18,2075,2105,2065,2100,260245,0.016949152542372836
2016-03-21,2110,2120,2080,2100,79003,0.0
2016-03-22,2125,2125,2075,2080,101840,-0.00952380952380949
2016-03-23,2090,2115,2070,2085,122416,0.0024038461538462563
2016-03-24,2065,2115,2065,2095,162340,0.004796163069544335
2016-03-25,2100,2110,2075,2075,126589,-0.009546539379474916
2016-03-28,2075,2105,2070,2075,105185,0.0
2016-03-29,2075,2100,2070,2075,195254,0.0
2016-03-30,2080,2105,2080,2095,110811,0.009638554216867545
2016-03-31,2090,2235,2085,2155,757517,0.02863961813842475
2016-04-01,2135,2190,2125,2145,157178,-0.004640371229698403
2016-04-04,2150,2150,2100,2125,196463,-0.009324009324009341
2016-04-05,2130,2130,2110,2125,159585,0.0
2016-04-06,2110,2125,2100,2115,185507,-0.004705882352941226
2016-04-07,2105,2135,2105,2125,182546,0.004728132387706863
2016-04-08,2140,2155,2115,2155,127520,0.014117647058823568
2016-04-11,2155,2165,2145,2145,97866,-0.004640371229698403
2016-04-12,2155,2195,2150,2175,180457,0.013986013986013957
2016-04-14,2190,2235,2165,2220,337713,0.020689655172413834
2016-04-15,2220,2230,2175,2190,199803,-0.013513513513513487
2016-04-18,2175,2185,2135,2150,183668,-0.0182648401826484
2016-04-19,2150,2175,2130,2145,137172,-0.0023255813953488857
2016-04-20,2145,2175,2145,2150,176584,0.002331002331002363
2016-04-21,2150,2210,2145,2200,249977,0.023255813953488413
2016-04-22,2210,2270,2180,2205,556495,0.002272727272727204
2016-04-25,2210,2265,2200,2230,293580,0.01133786848072571
2016-04-26,2235,2235,2195,2200,159234,-0.013452914798206317
2016-04-27,2200,2260,2200,2210,261048,0.00454545454545463
2016-04-28,2230,2260,2215,2220,198173,0.004524886877828038
2016-04-29,2220,2230,2195,2210,157195,-0.0045045045045044585
2016-05-02,2210,2230,2205,2225,114205,0.006787330316742057
2016-05-03,2225,2270,2225,2240,193780,0.006741573033707926
2016-05-04,2240,2250,2210,2215,163875,-0.011160714285714302
2016-05-09,2235,2240,2160,2170,214636,-0.020316027088036148
2016-05-10,2185,2195,2155,2170,127009,0.0
2016-05-11,2195,2195,2140,2145,206450,-0.011520737327188946
2016-05-12,2135,2170,2130,2160,132045,0.006993006993007089
2016-05-13,2150,2165,2135,2155,99748,-0.0023148148148147696
2016-05-16,2150,2155,2125,2155,160253,0.0
2016-05-17,2155,2185,2140,2180,133723,0.011600928074245953
2016-05-18,2180,2185,2145,2180,120046,0.0
2016-05-19,2155,2180,2120,2160,188850,-0.00917431192660545
2016-05-20,2160,2285,2140,2225,831083,0.03009259259259256
2016-05-23,2245,2320,2200,2320,619767,0.04269662921348316
2016-05-24,2285,2435,2275,2350,1327319,0.012931034482758674
2016-05-25,2350,2420,2320,2350,451126,0.0
2016-05-26,2375,2455,2355,2400,1331486,0.02127659574468077
2016-05-27,2415,2465,2350,2450,1066368,0.02083333333333326
2016-05-30,2470,2505,2390,2390,576891,-0.024489795918367308
2016-05-31,2365,2455,2350,2440,627860,0.02092050209205021
2016-06-01,2450,2765,2400,2585,10344672,0.05942622950819665
2016-06-02,2560,2580,2450,2480,1685630,-0.04061895551257255
2016-06-03,2505,2510,2455,2480,479240,0.0
2016-06-07,2480,2490,2420,2450,515120,-0.012096774193548376
2016-06-08,2450,2475,2415,2415,491235,-0.014285714285714235
2016-06-09,2430,2435,2380,2390,360071,-0.010351966873705987
2016-06-10,2400,2465,2395,2430,267320,0.01673640167364021
2016-06-13,2410,2465,2390,2440,226051,0.004115226337448652
2016-06-14,2425,2575,2405,2520,1007971,0.032786885245901676
2016-06-15,2520,2590,2500,2545,736400,0.009920634920634885
2016-06-16,2575,2575,2470,2540,512653,-0.0019646365422396617
2016-06-17,2550,2600,2520,2600,917503,0.023622047244094446
2016-06-20,2645,2905,2625,2785,9456787,0.07115384615384612
2016-06-21,2800,2800,2585,2595,2326038,-0.06822262118491917
2016-06-22,2630,3020,2630,2750,7222899,0.05973025048169567
2016-06-23,2790,2985,2700,2815,6758566,0.023636363636363678
2016-06-24,2890,2970,2465,2580,8053627,-0.08348134991119005
2016-06-27,2475,2620,2460,2565,1282268,-0.005813953488372103
2016-06-28,2545,2715,2545,2670,1328709,0.040935672514619936
2016-06-29,2700,2800,2670,2775,1666731,0.0393258426966292
2016-06-30,2800,2835,2720,2805,1059307,0.0108108108108107
2016-07-01,2890,2890,2775,2840,1365738,0.012477718360071277
2016-07-04,2850,2895,2715,2720,2536297,-0.04225352112676062
2016-07-05,2720,2740,2650,2720,1033794,0.0
2016-07-06,2720,2735,2620,2640,935374,-0.02941176470588236
2016-07-07,2665,2725,2665,2685,572358,0.017045454545454586
2016-07-08,2685,2690,2565,2615,947305,-0.02607076350093107
2016-07-11,2615,2690,2600,2620,673151,0.0019120458891013214
2016-07-12,2625,2705,2605,2620,582435,0.0
2016-07-13,2620,2635,2550,2560,822810,-0.022900763358778664
2016-07-14,2585,2585,2500,2520,542209,-0.015625
2016-07-15,2530,2705,2505,2630,1719925,0.04365079365079372
2016-07-18,2645,2685,2565,2580,647602,-0.019011406844106515
2016-07-19,2595,2640,2570,2575,449205,-0.0019379844961240345
2016-07-20,2570,2605,2520,2540,360093,-0.013592233009708687
2016-07-21,2580,2745,2525,2560,2064241,0.007874015748031482
2016-07-22,2545,2600,2515,2540,507612,-0.0078125
2016-07-25,2540,2600,2505,2565,361805,0.009842519685039353
2016-07-26,2570,2585,2530,2530,334401,-0.013645224171540016
2016-07-27,2550,2555,2475,2475,715344,-0.021739130434782594
2016-07-28,2460,2520,2460,2505,320527,0.0121212121212122
2016-07-29,2495,2535,2485,2500,209281,-0.001996007984031989
2016-08-01,2500,2560,2490,2525,319523,0.010000000000000009
2016-08-02,2515,2535,2490,2515,203364,-0.003960396039603964
2016-08-03,2510,2550,2455,2510,365848,-0.001988071570576566
2016-08-04,2535,2560,2505,2520,281048,0.003984063745019917
2016-08-05,2540,2565,2505,2550,367798,0.011904761904761862
2016-08-08,2575,2635,2555,2570,778416,0.007843137254901933
2016-08-09,2560,2575,2535,2555,303952,-0.005836575875486361
2016-08-10,2585,2585,2535,2540,245782,-0.005870841487279899
2016-08-11,2540,2555,2480,2495,405189,-0.017716535433070835
2016-08-12,2530,2600,2505,2530,597500,0.014028056112224352
2016-08-16,2540,2595,2490,2565,423210,0.01383399209486158
2016-08-17,2600,2620,2530,2545,375524,-0.007797270955165692
2016-08-18,2555,2670,2550,2650,1542277,0.04125736738703334
2016-08-19,2650,2690,2595,2610,580980,-0.015094339622641506
2016-08-22,2590,2665,2545,2545,504092,-0.02490421455938696
2016-08-23,2545,2605,2545,2575,282056,0.011787819253438192
2016-08-24,2575,2695,2565,2610,1964027,0.013592233009708687
2016-08-25,2620,2690,2600,2670,848091,0.02298850574712641
2016-08-26,2665,2665,2580,2600,515021,-0.02621722846441943
2016-08-29,2560,2595,2410,2420,1494062,-0.0692307692307692
2016-08-30,2425,2485,2425,2440,378108,0.008264462809917328
2016-08-31,2440,2475,2380,2420,594798,-0.008196721311475419
2016-09-01,2420,2515,2410,2515,453995,0.03925619834710736
2016-09-02,2520,2580,2485,2555,652874,0.015904572564612307
2016-09-05,2555,2735,2530,2650,3681613,0.03718199608610573
2016-09-06,2675,2715,2625,2705,1989435,0.020754716981132182
2016-09-07,2705,2750,2645,2670,1233217,-0.012939001848428888
2016-09-08,2720,2750,2545,2630,1368734,-0.014981273408239737
2016-09-09,2620,2740,2605,2650,1583962,0.0076045627376426506
2016-09-12,2585,2705,2570,2620,813668,-0.01132075471698113
2016-09-13,2680,2780,2665,2740,2578137,0.04580152671755733
2016-09-19,2855,2970,2740,2875,6041784,0.0492700729927007
2016-09-20,2870,3020,2820,2930,3091522,0.019130434782608674
2016-09-21,3020,3805,2995,3805,17707305,0.2986348122866893
2016-09-22,4020,4045,3515,3705,23838998,-0.026281208935611033
2016-09-23,3790,3830,3505,3680,15136846,-0.006747638326585648
2016-09-26,3620,4080,3520,3875,20939495,0.052989130434782705
2016-09-27,3855,3980,3715,3890,9468006,0.003870967741935516
2016-09-28,3850,4230,3760,4075,15058427,0.04755784061696655
2016-09-29,4060,4390,3995,4105,15637674,0.007361963190184007
2016-09-30,4075,4265,4015,4095,6933389,-0.0024360535931789995
2016-10-04,4095,4180,3820,3935,5764798,-0.039072039072039044
2016-10-05,3940,4075,3805,3870,4090808,-0.016518424396442133
2016-10-06,4030,4075,3865,3880,3896670,0.0025839793281654533
2016-10-07,3885,4080,3720,3750,4798775,-0.03350515463917525
2016-10-10,3765,3865,3705,3855,1715862,0.028000000000000025
2016-10-11,3810,3865,3615,3625,2483230,-0.05966277561608302
2016-10-12,3570,3715,3570,3605,1431640,-0.0055172413793103114
2016-10-13,3630,3685,3465,3480,2052530,-0.03467406380027738
2016-10-14,3510,3530,3335,3405,1456895,-0.02155172413793105
2016-10-17,3425,3465,3320,3420,1013380,0.004405286343612369
2016-10-18,3420,3535,3395,3405,1102586,-0.004385964912280715
2016-10-19,3465,3465,3310,3345,817940,-0.017621145374449365
2016-10-20,3350,3405,3220,3310,1092441,-0.010463378176382654
2016-10-21,3330,3400,3275,3285,939802,-0.007552870090634434
2016-10-24,3470,3625,3340,3360,3046555,0.022831050228310446
2016-10-25,3360,3375,3160,3215,1536141,-0.04315476190476186
2016-10-26,3160,3470,3120,3400,1838646,0.05754276827371685
2016-10-27,3350,3460,3335,3380,920358,-0.00588235294117645
2016-10-28,3390,3495,3320,3425,1774336,0.013313609467455523
2016-10-31,3335,3375,3165,3200,960346,-0.06569343065693434
2016-11-01,3180,3340,3180,3245,771439,0.014062500000000089
2016-11-02,3200,3270,3000,3000,1048832,-0.07550077041602465
2016-11-03,2955,3115,2955,3050,866922,0.016666666666666607
2016-11-04,3020,3085,3000,3030,381440,-0.006557377049180357
2016-11-07,3085,3200,3060,3160,745966,0.04290429042904287
2016-11-08,3160,3210,3100,3135,411053,-0.007911392405063333
2016-11-09,3150,3240,2780,2955,1905912,-0.0574162679425837
2016-11-10,3050,3150,3020,3140,628017,0.06260575296108284
2016-11-11,3115,3440,3090,3350,3275059,0.06687898089171984
2016-11-14,3330,3375,3255,3325,895915,-0.007462686567164201
2016-11-15,3310,3415,3250,3270,1042916,-0.016541353383458635
2016-11-16,3280,3375,3280,3365,814953,0.02905198776758411
2016-11-17,3400,3425,3280,3325,928940,-0.011887072808320909
2016-11-18,3320,3320,3135,3135,913352,-0.05714285714285716
2016-11-21,3080,3180,3010,3145,678707,0.0031897926634769647
2016-11-22,3185,3205,3080,3140,459499,-0.0015898251192368873
2016-11-23,3140,3155,2965,2965,774075,-0.055732484076433164
2016-11-24,2965,3040,2885,2995,777114,0.010118043844856706
2016-11-25,2995,3035,2960,3035,450162,0.013355592654423987
2016-11-28,3035,3095,2970,2970,514992,-0.021416803953871466
2016-11-29,2970,3020,2845,2890,921868,-0.026936026936026924
2016-11-30,2895,3045,2875,2895,1018847,0.0017301038062282892
2016-12-01,2895,2920,2730,2745,1040814,-0.051813471502590636
2016-12-02,2730,2780,2670,2675,671862,-0.025500910746812377
2016-12-05,2610,2675,2560,2570,830542,-0.03925233644859816
2016-12-06,2630,2715,2600,2710,557780,0.054474708171206254
2016-12-07,2725,2755,2570,2630,555290,-0.029520295202952074
2016-12-08,2680,2690,2630,2660,372903,0.011406844106463865
2016-12-09,2680,2860,2650,2830,1280754,0.06390977443609014
2016-12-12,2820,3010,2795,2930,1789422,0.035335689045936425
2016-12-13,2930,2955,2860,2895,563446,-0.011945392491467532
2016-12-14,2905,2960,2875,2925,512755,0.010362694300518172
2016-12-15,2890,3005,2880,2950,657594,0.008547008547008517
2016-12-16,2950,2990,2925,2935,615975,-0.005084745762711895
2016-12-19,2965,3385,2950,3200,6849594,0.09028960817717202
2016-12-20,3220,3245,3145,3180,1584037,-0.006249999999999978
2016-12-21,3220,3315,3125,3250,1754529,0.022012578616352307
2016-12-22,3250,3260,3205,3210,666752,-0.012307692307692353
2016-12-23,3245,3340,3225,3270,1674855,0.01869158878504673
2016-12-26,3310,3425,3100,3105,3496665,-0.050458715596330306
2016-12-27,3100,3255,3100,3195,967876,0.02898550724637672
2016-12-28,3150,3310,3150,3270,895610,0.023474178403755763
2016-12-29,3225,3305,3215,3260,385378,-0.003058103975535187
2017-01-02,3285,3350,3235,3335,736352,0.02300613496932513
2017-01-03,3325,3435,3320,3350,1624931,0.004497751124437732
2017-01-04,3370,3370,3280,3320,608057,-0.008955223880596996
2017-01-05,3300,3330,3220,3245,768748,-0.02259036144578308
2017-01-06,3250,3305,3220,3300,606246,0.016949152542372836
2017-01-09,3320,3325,3235,3240,704797,-0.018181818181818188
2017-01-10,3225,3315,3215,3235,967640,-0.0015432098765432167
2017-01-11,3235,3280,3230,3260,447334,0.007727975270479082
2017-01-12,3260,3295,3135,3160,901206,-0.030674846625766916
2017-01-13,3165,3220,3055,3085,721495,-0.02373417721518989
2017-01-16,3105,3110,2955,3015,626254,-0.02269043760129663
2017-01-17,3015,3050,2940,2940,495487,-0.02487562189054726
2017-01-18,2940,3065,2915,3025,530851,0.028911564625850428
2017-01-19,3025,3045,2880,2900,589874,-0.04132231404958675
2017-01-20,2880,2915,2830,2830,582541,-0.024137931034482807
2017-01-23,2800,2890,2750,2750,502480,-0.028268551236749095
2017-01-24,2720,2820,2715,2790,356701,0.014545454545454639
2017-01-25,2865,2865,2765,2775,374866,-0.005376344086021501
2017-01-26,2770,3150,2770,2925,2588846,0.054054054054053946
2017-01-31,2890,2945,2875,2945,423976,0.006837606837606813
2017-02-01,2915,2985,2910,2985,856430,0.013582342954159499
2017-02-02,2775,2890,2775,2850,1250865,-0.045226130653266305
2017-02-03,2825,2885,2780,2820,419520,-0.010526315789473717
2017-02-06,2815,2865,2800,2850,297277,0.010638297872340496
2017-02-07,2830,2845,2770,2775,362488,-0.02631578947368418
2017-02-08,2800,2980,2775,2855,2121701,0.028828828828828756
2017-02-09,2825,2895,2820,2890,550183,0.012259194395796813
2017-02-10,3090,3180,2885,2910,3410388,0.006920415224913601
2017-02-13,2885,2955,2845,2945,644275,0.012027491408934665
2017-02-14,2945,3015,2910,2915,759451,-0.01018675721561968
2017-02-15,2940,2985,2905,2920,441036,0.0017152658662091813
2017-02-16,2920,2935,2880,2890,397930,-0.010273972602739767
2017-02-17,2890,2985,2890,2970,643743,0.02768166089965396
2017-02-20,2950,3000,2915,2950,445205,-0.006734006734006703
2017-02-21,2990,2990,2925,2955,342210,0.0016949152542373724
2017-02-22,2960,2970,2935,2950,308710,-0.0016920473773265332
2017-02-23,2950,2965,2890,2890,321337,-0.02033898305084747
2017-02-24,2870,2900,2825,2835,347482,-0.01903114186851207
2017-02-27,2835,2845,2775,2775,300002,-0.021164021164021163
2017-02-28,2775,2825,2770,2800,231683,0.009009009009008917
2017-03-02,2805,2830,2740,2765,339081,-0.012499999999999956
2017-03-03,2750,2765,2630,2660,501436,-0.03797468354430378
2017-03-06,2650,2735,2595,2705,493235,0.016917293233082775
2017-03-07,2675,2770,2675,2740,178792,0.012939001848428777
2017-03-08,2725,2875,2720,2745,997617,0.0018248175182482562
2017-03-09,2775,2870,2750,2865,769970,0.04371584699453557
2017-03-10,2865,2980,2720,2910,1920082,0.015706806282722585
2017-03-13,2930,2990,2850,2970,849454,0.020618556701030855
2017-03-14,2975,2975,2915,2965,327588,-0.0016835016835017313
2017-03-15,2990,3020,2900,2950,932563,-0.005059021922428353
2017-03-16,2950,2965,2885,2920,429318,-0.01016949152542368
2017-03-17,2940,2955,2880,2900,342311,-0.006849315068493178
2017-03-20,2855,2890,2800,2800,469672,-0.03448275862068961
2017-03-21,2800,2870,2800,2820,240472,0.0071428571428571175
2017-03-22,2820,2900,2805,2810,317488,-0.0035460992907800915
2017-03-23,2810,2840,2720,2750,399704,-0.02135231316725983
2017-03-24,2750,2825,2730,2810,334471,0.021818181818181737
2017-03-27,2805,2835,2760,2790,390644,-0.007117437722419906
2017-03-28,2810,3185,2790,2975,7372607,0.06630824372759858
2017-03-29,2995,2995,2910,2980,1102005,0.001680672268907557
2017-03-30,2990,2995,2910,2915,754899,-0.021812080536912748
2017-03-31,2880,3035,2880,2985,1101784,0.02401372212692965
2017-04-03,2985,3105,2970,3050,1378160,0.021775544388609624
2017-04-04,3080,3080,2890,2905,1187879,-0.04754098360655734
2017-04-05,2920,2970,2900,2920,633139,0.005163511187607606
2017-04-06,2940,2945,2805,2830,631412,-0.03082191780821919
2017-04-07,2840,2850,2815,2850,247955,0.007067137809187329
2017-04-10,2800,2800,2665,2705,1198700,-0.05087719298245619
2017-04-11,2715,2850,2685,2750,1476420,0.01663585951940849
2017-04-12,2740,3010,2725,2825,4493551,0.027272727272727337
2017-04-13,2855,2865,2760,2810,962446,-0.005309734513274322
2017-04-14,2780,2885,2775,2870,1013243,0.021352313167259718
2017-04-17,2870,2995,2870,2920,1688206,0.017421602787456525
2017-04-18,2945,2965,2880,2945,555752,0.008561643835616417
2017-04-19,2935,2950,2890,2930,419544,-0.005093378607809895
2017-04-20,2930,3025,2895,2960,1688650,0.010238907849829282
2017-04-21,2965,2995,2940,2955,548545,-0.0016891891891891442
2017-04-24,2945,3090,2930,3015,2575306,0.020304568527918843
2017-04-25,3045,3145,2940,2985,3749282,-0.00995024875621886
2017-04-26,3005,3020,2945,2960,820650,-0.008375209380234505
2017-04-27,2975,3000,2930,2985,718406,0.008445945945946054
2017-04-28,2985,3015,2915,2945,680281,-0.01340033500837523
2017-05-02,2990,3090,2955,3025,2480326,0.02716468590831922
2017-05-04,2995,3160,2995,3155,1728323,0.04297520661157028
2017-05-08,3200,3245,3090,3195,2232997,0.01267828843106189
2017-05-10,3240,3540,3055,3140,11152446,-0.017214397496087663
2017-05-11,3225,3390,3170,3210,5863003,0.022292993630573354
2017-05-12,3185,3185,3100,3105,1707974,-0.032710280373831724
2017-05-15,3040,3055,2995,3015,1086408,-0.02898550724637683
2017-05-16,3015,3055,2950,2960,1073135,-0.018242122719734688
2017-05-17,2995,3055,2975,3005,757074,0.01520270270270263
2017-05-18,2990,3030,2960,3025,564024,0.006655574043261225
2017-05-19,3010,3075,2990,3070,806179,0.014876033057851235
2017-05-22,3035,3100,3030,3070,805375,0.0
2017-05-23,3125,3160,3080,3080,1386892,0.0032573289902280145
2017-05-24,3085,3110,3035,3040,603632,-0.012987012987012991
2017-05-25,3050,3130,3030,3130,682063,0.02960526315789469
2017-05-26,3155,3170,3100,3125,708776,-0.0015974440894568342
2017-05-29,3085,3110,3035,3040,707382,-0.027200000000000002
2017-05-30,3030,3095,3020,3095,623215,0.018092105263157965
2017-05-31,3050,3090,3025,3070,674202,-0.008077544426494332
2017-06-01,3075,3080,3040,3055,272770,-0.004885993485342022
2017-06-02,3065,3070,3025,3055,565491,0.0
2017-06-05,3050,3075,3020,3070,432840,0.004909983633387904
2017-06-07,3055,3070,3025,3030,496045,-0.013029315960912058
2017-06-08,3010,3015,2965,2980,547467,-0.01650165016501648
2017-06-09,2970,2990,2935,2945,534147,-0.011744966442952975
2017-06-12,2940,2940,2855,2875,619188,-0.02376910016977929
2017-06-13,2880,2920,2865,2870,279689,-0.0017391304347825765
2017-06-14,2880,2915,2870,2905,337846,0.012195121951219523
2017-06-15,2910,2910,2865,2870,259239,-0.012048192771084376
2017-06-16,2895,2910,2860,2865,294344,-0.0017421602787456303
2017-06-19,2865,2885,2845,2875,287285,0.003490401396160525
2017-06-20,2870,2875,2780,2780,710212,-0.03304347826086962
2017-06-21,2800,2805,2730,2775,364699,-0.0017985611510791255
2017-06-22,2780,2865,2760,2840,455362,0.023423423423423406
2017-06-23,2840,2855,2815,2840,174548,0.0
2017-06-26,2855,2860,2785,2785,317442,-0.01936619718309862
2017-06-27,2785,2820,2775,2815,191218,0.010771992818671361
2017-06-28,2800,2810,2775,2775,205310,-0.014209591474245165
2017-06-29,2780,2815,2775,2795,199830,0.007207207207207134
2017-06-30,2785,2830,2770,2785,232448,-0.003577817531305927
2017-07-03,2845,2950,2820,2870,1766640,0.030520646319569078
2017-07-04,2890,2890,2785,2820,663962,-0.017421602787456414
2017-07-05,2790,2835,2785,2815,299254,-0.0017730496453900457
2017-07-06,2800,2830,2795,2815,195299,0.0
2017-07-07,2850,2850,2805,2810,289192,-0.001776198934280604
2017-07-10,2795,2805,2725,2750,381581,-0.02135231316725983
2017-07-11,2735,2750,2715,2720,217719,-0.010909090909090868
2017-07-12,2715,2750,2715,2715,194024,-0.0018382352941176405
2017-07-13,2715,2735,2700,2730,258873,0.005524861878453136
2017-07-14,2705,2730,2665,2675,347158,-0.020146520146520186
2017-07-17,2710,2805,2695,2780,767849,0.03925233644859816
2017-07-18,2785,2805,2765,2805,299224,0.008992805755395628
2017-07-19,2805,2835,2775,2820,272384,0.005347593582887722
2017-07-20,2810,2815,2770,2775,282210,-0.015957446808510634
2017-07-21,2770,2795,2750,2780,170536,0.0018018018018017834
2017-07-24,2755,2775,2700,2700,323204,-0.02877697841726623
2017-07-25,2700,2735,2700,2710,197397,0.0037037037037037646
2017-07-26,2700,2725,2655,2670,295945,-0.014760147601476037
2017-07-27,2670,2750,2650,2670,332958,0.0
2017-07-28,2670,2685,2595,2600,343667,-0.02621722846441943
2017-07-31,2525,2560,2450,2485,585456,-0.044230769230769185
2017-08-01,2470,2550,2470,2530,191330,0.01810865191146882
2017-08-02,2550,2580,2545,2575,183420,0.01778656126482203
2017-08-03,2540,2570,2480,2485,314163,-0.03495145631067964
2017-08-04,2485,2525,2485,2525,158974,0.016096579476861272
2017-08-07,2525,2590,2500,2590,281704,0.025742574257425765
2017-08-08,2575,2590,2540,2560,137529,-0.01158301158301156
2017-08-09,2535,2580,2515,2525,126055,-0.013671875
2017-08-10,2530,2580,2510,2545,260734,0.007920792079207928
2017-08-11,2510,2585,2500,2530,270100,-0.005893909626719096
2017-08-14,2560,2600,2550,2590,319859,0.02371541501976293
2017-08-16,2590,2630,2580,2580,318840,-0.0038610038610038533
2017-08-17,2585,2655,2580,2645,303770,0.025193798449612448
2017-08-18,2625,2665,2610,2640,109156,-0.001890359168241984
2017-08-21,2640,2640,2590,2615,174038,-0.009469696969697017
2017-08-22,2605,2675,2605,2665,119921,0.019120458891013437
2017-08-23,2685,2690,2640,2670,191446,0.0018761726078799779
2017-08-24,2685,2770,2670,2690,409032,0.0074906367041198685
2017-08-25,2680,2715,2675,2715,103605,0.009293680297397744
2017-08-28,2710,2725,2685,2700,141561,-0.0055248618784530246
2017-08-29,2660,2695,2625,2655,257974,-0.01666666666666672
2017-08-30,2635,2690,2635,2675,151711,0.007532956685499137
2017-08-31,2675,2685,2645,2650,137383,-0.009345794392523366
2017-09-01,2650,2675,2640,2665,116811,0.005660377358490676
2017-09-04,2470,2625,2470,2600,331759,-0.024390243902439046
2017-09-05,2585,2615,2540,2570,278472,-0.011538461538461497
2017-09-06,2560,2605,2560,2565,101345,-0.0019455252918287869
2017-09-07,2570,2600,2560,2590,82781,0.00974658869395717
2017-09-08,2595,2595,2535,2555,232382,-0.013513513513513487
2017-09-11,2555,2570,2500,2500,197039,-0.021526418786692814
2017-09-12,2540,2540,2500,2520,164462,0.008000000000000007
2017-09-13,2515,2530,2485,2495,149585,-0.009920634920634885
2017-09-14,2460,2675,2460,2520,1103433,0.01002004008016022
2017-09-15,2510,2530,2480,2525,197275,0.001984126984126977
2017-09-18,2505,2545,2500,2505,213040,-0.007920792079207928
2017-09-19,2505,2530,2505,2505,109823,0.0
2017-09-20,2510,2515,2485,2500,193726,-0.001996007984031989
2017-09-21,2490,2560,2470,2475,319692,-0.010000000000000009
2017-09-22,2455,2485,2420,2430,398753,-0.018181818181818188
2017-09-25,2415,2500,2360,2365,309619,-0.026748971193415683
2017-09-26,2300,2410,2300,2390,158589,0.010570824524312794
2017-09-27,2375,2470,2375,2425,111895,0.014644351464435212
2017-09-28,2430,2450,2405,2405,106217,-0.008247422680412342
2017-09-29,2415,2515,2415,2500,194953,0.03950103950103956
2017-10-10,2480,2505,2440,2440,145011,-0.02400000000000002
2017-10-11,2430,2505,2430,2495,90114,0.02254098360655732
2017-10-12,2500,2540,2475,2540,124588,0.018036072144288484
2017-10-13,2515,2540,2460,2480,110580,-0.023622047244094446
2017-10-16,2485,2515,2460,2515,124464,0.014112903225806495
2017-10-17,2515,2540,2505,2520,114687,0.001988071570576455
2017-10-18,2530,2530,2480,2520,103160,0.0
2017-10-19,2505,2530,2500,2530,156132,0.003968253968253954
2017-10-20,2525,2595,2510,2550,280072,0.007905138339920903
2017-10-23,2530,2550,2505,2515,126153,-0.013725490196078383
2017-10-24,2550,2570,2535,2535,125873,0.007952286282306265
2017-10-25,2535,2585,2520,2550,156249,0.00591715976331364
2017-10-26,2550,2570,2530,2530,89373,-0.007843137254901933
2017-10-27,2570,2600,2550,2600,165869,0.027667984189723382
2017-10-30,2615,2640,2585,2620,184461,0.007692307692307665
2017-10-31,2630,2675,2610,2645,172442,0.009541984732824416
2017-11-01,2645,2665,2590,2600,121488,-0.017013232514177745
2017-11-02,2620,2635,2570,2570,75643,-0.011538461538461497
2017-11-03,2575,2600,2560,2565,121226,-0.0019455252918287869
2017-11-06,2570,2605,2545,2570,102067,0.0019493177387914784
2017-11-07,2580,2610,2575,2580,84588,0.0038910505836575737
2017-11-08,2570,2605,2565,2590,76535,0.003875968992248069
2017-11-09,2595,2620,2580,2610,87427,0.007722007722007707
2017-11-10,2610,2870,2610,2665,2036504,0.021072796934865856
2017-11-13,2660,2755,2660,2680,626435,0.0056285178236397115
2017-11-14,2680,2715,2625,2635,331275,-0.016791044776119368
2017-11-15,2645,2670,2605,2630,262175,-0.00189753320683117
2017-11-16,2650,2730,2620,2650,320208,0.0076045627376426506
2017-11-17,2650,2715,2635,2700,291366,0.018867924528301883
2017-11-20,2720,2790,2715,2765,460025,0.024074074074074137
2017-11-21,2745,2745,2595,2595,609117,-0.061482820976491825
2017-11-22,2595,2645,2485,2490,476295,-0.040462427745664775
2017-11-23,2515,2545,2505,2515,215510,0.010040160642570184
2017-11-24,2520,2605,2520,2560,166780,0.017892644135188762
2017-11-27,2585,2620,2540,2560,140871,0.0
2017-11-28,2560,2610,2540,2550,257251,-0.00390625
2017-11-29,2525,2565,2510,2555,112438,0.0019607843137254832
2017-11-30,2540,2555,2520,2525,145505,-0.011741682974559686
2017-12-01,2525,2540,2510,2520,111434,-0.001980198019801982
2017-12-04,2520,2545,2500,2520,137872,0.0
2017-12-05,2510,2545,2510,2535,158051,0.005952380952380931
2017-12-06,2535,2585,2535,2580,268873,0.01775147928994092
2017-12-07,2585,2630,2560,2580,386717,0.0
2017-12-08,2585,2585,2515,2535,182802,-0.01744186046511631
2017-12-11,2535,2575,2520,2555,160676,0.007889546351084853
2017-12-12,2580,2585,2530,2540,156831,-0.005870841487279899
2017-12-13,2560,2610,2545,2600,415336,0.023622047244094446
2017-12-14,2615,2655,2580,2610,458415,0.0038461538461538325
2017-12-15,2610,2610,2550,2590,192458,-0.007662835249042099
2017-12-18,2560,2580,2550,2565,167696,-0.009652509652509633
2017-12-19,2560,2570,2505,2535,232580,-0.011695906432748537
2017-12-20,2540,2560,2510,2510,192851,-0.009861932938856066
2017-12-21,2515,2530,2410,2430,284688,-0.031872509960159334
2017-12-22,2410,2465,2400,2450,202245,0.008230452674897082
2017-12-26,2445,2495,2435,2470,175611,0.008163265306122547
2017-12-27,2480,2530,2400,2520,248848,0.020242914979757165
2017-12-28,2525,2595,2520,2590,215553,0.02777777777777768
2018-01-02,2920,2920,2700,2760,3167033,0.06563706563706573
2018-01-03,2770,3025,2720,2875,4465846,0.04166666666666674
2018-01-04,2905,2910,2805,2825,1151842,-0.017391304347826098
2018-01-05,2840,2940,2785,2800,1487494,-0.008849557522123908
2018-01-08,2895,2900,2840,2870,1062709,0.02499999999999991
2018-01-09,2870,2885,2725,2780,861729,-0.03135888501742157
2018-01-10,2790,2800,2635,2695,761630,-0.030575539568345356
2018-01-11,2705,2720,2660,2695,424402,0.0
2018-01-12,2695,2715,2625,2660,472664,-0.012987012987012991
2018-01-15,2650,2680,2630,2650,413656,-0.003759398496240629
2018-01-16,2650,2675,2590,2595,479058,-0.02075471698113207
2018-01-17,2610,2720,2590,2715,818070,0.046242774566473965
2018-01-18,2715,2725,2670,2725,275129,0.0036832412523020164
2018-01-19,2740,2820,2685,2785,1090673,0.022018348623853212
2018-01-22,2820,2870,2740,2785,448717,0.0
2018-01-23,2800,2800,2750,2785,313242,0.0
2018-01-24,2785,2795,2740,2740,342475,-0.016157989228007152
2018-01-25,2740,2795,2740,2785,374406,0.01642335766423364
2018-01-26,2795,2850,2775,2790,865715,0.0017953321364452268
2018-01-29,2795,2825,2760,2795,518555,0.0017921146953405742
2018-01-30,2765,2780,2670,2695,1062084,-0.035778175313059046
2018-01-31,2685,2690,2640,2650,325433,-0.016697588126159513
2018-02-01,2660,2690,2645,2665,302651,0.005660377358490676
2018-02-02,2670,2675,2605,2630,426722,-0.013133208255159512
2018-02-05,2630,2630,2555,2585,286409,-0.017110266159695797
2018-02-06,2510,2560,2450,2560,535959,-0.009671179883945835
2018-02-07,2585,2620,2545,2550,365325,-0.00390625
2018-02-08,2700,2775,2595,2650,1863277,0.03921568627450989
2018-02-09,2555,2695,2555,2670,743720,0.007547169811320753
2018-02-12,2670,2715,2625,2670,860837,0.0
2018-02-13,2680,2855,2640,2745,2112680,0.028089887640449396
2018-02-14,2745,2805,2695,2795,1016126,0.01821493624772308
2018-02-19,2740,2770,2695,2710,632000,-0.030411449016100156
2018-02-20,2710,2770,2685,2695,267096,-0.005535055350553542
2018-02-21,2695,2725,2675,2715,248757,0.007421150278293043
2018-02-22,2705,2765,2660,2760,734300,0.016574585635359185
2018-02-23,2770,2780,2700,2700,565287,-0.021739130434782594
2018-02-26,2745,2815,2705,2740,807022,0.014814814814814836
2018-02-27,2710,2740,2660,2685,315992,-0.02007299270072993
2018-02-28,2665,2675,2570,2570,438888,-0.04283054003724396
2018-03-02,2600,2695,2595,2650,458044,0.03112840466926059
2018-03-05,2730,2825,2690,2780,1890333,0.049056603773584895
2018-03-06,2850,2855,2705,2755,1004607,-0.008992805755395739
2018-03-07,3150,3475,3080,3280,20163462,0.19056261343012704
2018-03-08,3150,3270,3005,3080,7293949,-0.060975609756097615
2018-03-09,3585,3700,3280,3285,26529588,0.06655844155844148
2018-03-12,3390,3420,3305,3365,2767334,0.0243531202435312
2018-03-13,3310,3310,3160,3210,2371955,-0.04606240713224363
2018-03-14,3180,3255,3160,3160,1338140,-0.015576323987538943
2018-03-15,3160,3185,3070,3155,1575962,-0.0015822784810126667
2018-03-16,3180,3365,3130,3210,5728149,0.017432646592709933
2018-03-19,3350,3520,3335,3410,8094402,0.06230529595015577
2018-03-20,3345,3500,3275,3500,2285562,0.02639296187683282
2018-03-21,3480,3610,3405,3425,5512527,-0.021428571428571463
2018-03-22,3445,3460,3335,3360,1752125,-0.01897810218978102
2018-03-23,3230,3525,3230,3345,3455989,-0.004464285714285698
2018-03-26,3320,3435,3255,3400,1474922,0.01644245142002987
2018-03-27,3480,3530,3410,3470,2536362,0.020588235294117574
2018-03-28,3460,4090,3435,3870,19959491,0.11527377521613835
2018-03-29,3870,3890,3660,3665,4031420,-0.05297157622739013
2018-03-30,3670,3770,3600,3760,2690963,0.02592087312414737
2018-04-02,3745,3745,3485,3485,2210779,-0.07313829787234039
2018-04-03,3435,3720,3435,3520,3120066,0.010043041606886627
2018-04-04,3570,3745,3530,3580,2531377,0.017045454545454586
2018-04-05,3580,3655,3435,3510,1680632,-0.019553072625698276
2018-04-06,3520,3580,3400,3475,1149596,-0.009971509971509973
2018-04-09,3530,3570,3420,3485,1092557,0.0028776978417266452
2018-04-10,3520,3550,3355,3510,1381597,0.007173601147776099
2018-04-11,3535,3555,3425,3490,1041932,-0.005698005698005715
2018-04-12,3490,3500,3385,3430,783791,-0.017191977077363862
2018-04-13,3490,3680,3460,3580,3074816,0.0437317784256559
2018-04-16,3620,3685,3605,3670,1318279,0.025139664804469275
2018-04-17,3705,3825,3550,3590,3316493,-0.021798365122615793
2018-04-18,3695,3895,3565,3810,5560845,0.06128133704735372
2018-04-19,3930,4890,3850,4790,19533347,0.2572178477690288
2018-04-20,4805,5160,4325,4845,13920834,0.01148225469728592
2018-04-23,5030,5500,4520,4630,10431344,-0.044375644994840036
2018-04-24,4690,4730,4175,4270,5311990,-0.0777537796976242
2018-04-25,4150,4390,4005,4125,3990093,-0.03395784543325531
2018-04-26,4120,4200,3980,3980,2286114,-0.035151515151515156
2018-04-27,4125,4155,3850,3990,4557677,0.002512562814070307
2018-04-30,4210,4875,4130,4490,11503061,0.12531328320802015
2018-05-02,4720,4845,4375,4470,7512614,-0.0044543429844098315
2018-05-03,4455,4455,4050,4130,3356577,-0.07606263982102912
2018-05-04,4100,4390,4065,4360,3155658,0.0556900726392251
2018-05-08,4235,4310,4065,4120,1612099,-0.05504587155963303
2018-05-09,4160,4250,3850,4120,2064043,0.0
2018-05-10,4300,4320,4085,4170,1607768,0.012135922330097193
2018-05-11,4175,4245,3960,4155,2246735,-0.003597122302158251
2018-05-14,4440,4440,4270,4295,2981430,0.03369434416365835
2018-05-15,4380,5000,4275,4875,17921968,0.1350407450523865
2018-05-16,4240,4605,4185,4185,7200763,-0.1415384615384615
2018-05-17,4290,4770,4245,4475,9713771,0.06929510155316598
2018-05-18,4475,4535,4305,4460,3328929,-0.003351955307262622
2018-05-21,4435,4490,4330,4410,1691093,-0.011210762331838597
2018-05-23,4355,4720,4130,4490,6192307,0.018140589569161092
2018-05-24,4585,4700,4310,4445,3836010,-0.010022271714922093
2018-05-25,3500,3880,3500,3670,4827898,-0.17435320584926883
2018-05-28,4410,4770,4350,4770,6933929,0.2997275204359673
2018-05-29,4700,4860,4430,4625,6731481,-0.03039832285115307
2018-05-30,4700,4770,4465,4570,3565773,-0.011891891891891881
2018-05-31,4530,4730,4460,4540,2600799,-0.006564551422319487
2018-06-01,4700,4700,4250,4310,3080793,-0.0506607929515418
2018-06-04,4450,4460,4125,4130,1851822,-0.04176334106728541
2018-06-05,4075,4220,3930,4220,1625717,0.021791767554479424
2018-06-07,4250,4280,4135,4135,1125128,-0.020142180094786744
2018-06-08,4200,4235,4025,4110,1260334,-0.006045949214026569
2018-06-11,4160,4265,4095,4265,1171276,0.03771289537712885
2018-06-12,4270,4320,3845,4035,2627357,-0.05392731535756157
2018-06-14,3855,3890,3470,3510,2100007,-0.13011152416356875
2018-06-15,3480,3660,3480,3560,1425234,0.014245014245014342
2018-06-18,3580,3690,3485,3550,1250499,-0.002808988764044895
2018-06-19,3620,3860,3515,3525,3932946,-0.007042253521126751
2018-06-20,3500,3680,3400,3660,1130424,0.038297872340425476
2018-06-21,3705,3720,3510,3550,907788,-0.030054644808743203
2018-06-22,3565,3600,3250,3390,1341847,-0.04507042253521132
2018-06-25,3360,3465,3275,3415,790486,0.007374631268436627
2018-06-26,3365,3445,3250,3255,902622,-0.04685212298682284
2018-06-27,3260,3350,3055,3100,1244288,-0.04761904761904767
2018-06-28,3065,3185,3005,3005,1011255,-0.030645161290322576
2018-06-29,3070,3225,3030,3180,913775,0.05823627287853572
2018-07-02,3160,3190,2950,2970,846664,-0.06603773584905659
2018-07-03,2985,3090,2910,3075,782838,0.03535353535353525
2018-07-04,3025,3145,3025,3045,387524,-0.009756097560975618
2018-07-05,3060,3075,2900,2925,488188,-0.039408866995073843
2018-07-06,2930,3100,2875,3055,475898,0.04444444444444451
2018-07-09,2930,2970,2720,2720,1240264,-0.10965630114566283
2018-07-10,2750,2870,2750,2790,538876,0.025735294117646967
2018-07-11,2770,2975,2770,2890,947453,0.03584229390680993
2018-07-12,2935,2965,2850,2855,520464,-0.01211072664359858
2018-07-13,2905,3015,2885,2955,667487,0.035026269702276736
2018-07-16,3000,3020,2925,2925,390011,-0.010152284263959421
2018-07-17,2930,3005,2900,2920,362852,-0.0017094017094017033
2018-07-18,2940,2940,2765,2775,538662,-0.049657534246575374
2018-07-19,2770,2860,2735,2780,377896,0.0018018018018017834
2018-07-20,2790,2820,2735,2755,318130,-0.008992805755395739
2018-07-23,2755,2755,2600,2610,452030,-0.052631578947368474
2018-07-24,2635,2850,2635,2775,953948,0.06321839080459779
2018-07-25,2830,2830,2720,2740,668234,-0.012612612612612595
2018-07-26,2775,2945,2755,2900,885793,0.058394160583941535
2018-07-27,2920,2955,2855,2915,487785,0.005172413793103514
2018-07-30,2940,2965,2905,2915,410686,0.0
2018-07-31,2955,2955,2790,2860,515440,-0.018867924528301883
2018-08-01,2885,2965,2865,2945,384010,0.029720279720279796
2018-08-02,2945,2990,2895,2985,474492,0.013582342954159499
2018-08-03,3015,3030,2960,2970,285384,-0.005025125628140725
2018-08-06,2955,2955,2890,2900,274559,-0.023569023569023573
2018-08-07,2915,2935,2865,2890,191255,-0.0034482758620689724
2018-08-08,2920,2975,2875,2900,408035,0.0034602076124568004
2018-08-09,2885,2910,2865,2875,187682,-0.008620689655172376
2018-08-10,2965,3030,2910,3005,1083139,0.045217391304347876
2018-08-13,3045,3115,2750,2820,1550359,-0.061564059900166335
2018-08-14,2830,2930,2820,2905,392438,0.03014184397163122
2018-08-16,3070,3190,2940,3140,2144828,0.08089500860585197
2018-08-17,3080,3180,3075,3165,644741,0.0079617834394905
2018-08-20,3205,3220,3125,3135,609387,-0.009478672985781977
2018-08-21,3160,3210,3140,3155,385096,0.006379585326953707
2018-08-22,3160,3235,3050,3190,979040,0.011093502377178988
2018-08-23,3180,3275,3150,3190,528808,0.0
2018-08-24,3230,3230,3165,3200,318821,0.0031347962382444194
2018-08-27,2950,3035,2925,2935,786271,-0.08281249999999996
2018-08-28,2935,2975,2800,2840,766521,-0.03236797274275982
2018-08-29,2830,2860,2790,2845,292598,0.0017605633802817433
2018-08-30,2855,2970,2855,2900,423507,0.019332161687170446
2018-08-31,2870,2920,2835,2895,207761,-0.0017241379310344307
2018-09-03,2965,2975,2910,2970,350006,0.02590673575129543
2018-09-04,2965,3065,2945,3050,580636,0.026936026936027035
2018-09-05,3080,3105,3030,3070,385975,0.006557377049180246
2018-09-06,3150,3370,3035,3200,4405584,0.04234527687296419
2018-09-07,3200,3290,3150,3280,1625189,0.02499999999999991
2018-09-10,3330,3455,3310,3440,1989998,0.04878048780487809
2018-09-11,3490,3510,3355,3390,809825,-0.014534883720930258
2018-09-12,3405,3450,3290,3450,839206,0.017699115044247815
2018-09-13,3450,3470,3380,3385,499113,-0.018840579710144967
2018-09-14,3385,3420,3305,3400,480406,0.004431314623338345
2018-09-17,3450,3465,3315,3405,922873,0.0014705882352941124
2018-09-18,3405,3430,3200,3210,940725,-0.05726872246696035
2018-09-19,3220,3270,3090,3090,942900,-0.03738317757009346
2018-09-20,3190,3200,3070,3095,419323,0.0016181229773462036
2018-09-21,3070,3275,3060,3270,710602,0.056542810985460434
2018-09-27,3330,3335,3185,3200,346036,-0.021406727828746197
2018-09-28,3170,3195,3100,3145,362002,-0.017187500000000022
2018-10-01,3145,3235,3130,3145,291686,0.0
2018-10-02,3130,3195,3090,3095,325672,-0.015898251192368873
2018-10-04,3205,3330,3165,3300,771357,0.06623586429725359
2018-10-05,3230,3280,3150,3255,475886,-0.013636363636363669
2018-10-08,3230,3270,3155,3160,414389,-0.029185867895545337
2018-10-10,3150,3150,2795,2800,1053324,-0.11392405063291144
2018-10-11,2560,2785,2550,2640,1094008,-0.05714285714285716
2018-10-12,2570,2750,2570,2720,431968,0.030303030303030276
2018-10-15,2720,2805,2660,2725,274518,0.0018382352941177516
2018-10-16,2710,2860,2710,2790,273176,0.023853211009174258
2018-10-17,2820,2895,2800,2840,240139,0.017921146953405076
2018-10-18,2825,2915,2800,2830,270255,-0.0035211267605633756
2018-10-19,2830,2870,2750,2840,268044,0.0035335689045936647
2018-10-22,2800,2800,2695,2705,279747,-0.047535211267605626
2018-10-23,2710,2750,2600,2625,301444,-0.02957486136783738
2018-10-24,2640,2685,2480,2490,549254,-0.05142857142857138
2018-10-25,2390,2530,2390,2505,475774,0.006024096385542244
2018-10-26,2510,2590,2385,2470,614896,-0.013972055888223589
2018-10-29,2425,2490,2165,2225,1049304,-0.09919028340080971
2018-10-30,2130,2385,2130,2350,887438,0.05617977528089879
2018-10-31,2390,2400,2320,2380,304277,0.012765957446808418
2018-11-01,2440,2500,2430,2450,230012,0.02941176470588225
2018-11-02,2490,2610,2485,2580,312429,0.05306122448979589
2018-11-05,2600,2655,2530,2575,222582,-0.0019379844961240345
2018-11-06,2610,2620,2520,2575,282330,0.0
2018-11-07,2595,2660,2400,2455,506042,-0.04660194174757282
2018-11-08,2500,2585,2490,2550,309180,0.0386965376782078
2018-11-09,2570,2575,2470,2500,254434,-0.019607843137254943
2018-11-12,2450,2505,2410,2460,124015,-0.016000000000000014
2018-11-13,2390,2455,2365,2425,225327,-0.014227642276422814
2018-11-14,2470,2470,2405,2405,155255,-0.008247422680412342
2018-11-15,2415,2500,2410,2500,148593,0.03950103950103956
2018-11-16,2505,2580,2495,2540,252902,0.016000000000000014
2018-11-19,2585,2640,2575,2620,214747,0.03149606299212593
2018-11-20,2585,2620,2565,2605,148016,-0.005725190839694694
2018-11-21,2575,2650,2550,2620,254009,0.0057581573896352545
2018-11-22,2645,2645,2590,2615,148415,-0.001908396946564861
2018-11-23,2625,2710,2520,2555,440559,-0.02294455066921608
2018-11-26,2640,2655,2600,2630,238440,0.02935420743639927
2018-11-27,2630,2660,2595,2630,135993,0.0
2018-11-28,2670,2690,2610,2615,210479,-0.005703422053231932
2018-11-29,2635,2840,2630,2660,1165378,0.017208413001912115
2018-11-30,2675,2690,2620,2690,170021,0.011278195488721776
2018-12-03,2750,2810,2715,2770,438651,0.029739776951672958
2018-12-04,2770,2910,2760,2890,677828,0.04332129963898912
2018-12-05,2835,2915,2810,2880,378913,-0.0034602076124568004
2018-12-06,2855,2890,2730,2760,307975,-0.04166666666666663
2018-12-07,2830,2910,2805,2900,553295,0.050724637681159424
2018-12-10,2810,2850,2730,2780,287388,-0.04137931034482756
2018-12-11,2775,2795,2665,2725,183690,-0.01978417266187049
2018-12-12,2680,2735,2630,2665,242401,-0.022018348623853212
2018-12-13,2650,2775,2645,2740,251527,0.02814258911819878
2018-12-14,2740,2765,2685,2725,146181,-0.005474452554744547
2018-12-17,2695,2695,2565,2600,256410,-0.04587155963302747
2018-12-18,2550,2640,2515,2515,207016,-0.03269230769230769
2018-12-19,2520,2550,2515,2540,177822,0.00994035785288272
2018-12-20,2540,2605,2535,2540,131335,0.0
2018-12-21,2540,2605,2540,2585,139901,0.017716535433070835
2018-12-24,2575,2685,2545,2655,332993,0.027079303675048294
2018-12-26,2580,2655,2500,2520,296051,-0.05084745762711862
2018-12-27,2535,2615,2535,2575,210944,0.021825396825396748
2018-12-28,2575,2630,2560,2620,148615,0.01747572815533971
2019-01-02,2730,2730,2575,2580,325319,-0.01526717557251911
2019-01-03,2605,2790,2580,2735,777448,0.06007751937984507
2019-01-04,2730,2730,2660,2730,316372,-0.001828153564899404
2019-01-07,2875,2880,2770,2790,617455,0.0219780219780219
2019-01-08,2820,2940,2800,2870,878124,0.028673835125448077
2019-01-09,2910,3110,2900,2995,1963991,0.04355400696864109
2019-01-10,3010,3035,2925,2930,469538,-0.02170283806343909
2019-01-11,2940,3060,2935,3055,560695,0.04266211604095571
2019-01-14,3090,3100,3035,3060,518886,0.0016366612111293755
2019-01-15,3075,3075,3010,3070,359497,0.0032679738562091387
2019-01-16,3130,3130,3040,3090,531681,0.006514657980456029
2019-01-17,3125,3125,3000,3025,331303,-0.021035598705501646
2019-01-18,3030,3100,2995,3070,344529,0.014876033057851235
2019-01-21,3110,3110,3005,3015,326243,-0.01791530944625408
2019-01-22,3020,3150,3005,3065,577998,0.016583747927031434
2019-01-23,3055,3110,3025,3090,198472,0.00815660685154973
2019-01-24,3150,3160,3085,3095,379392,0.0016181229773462036
2019-01-25,3085,3135,3075,3095,254701,0.0
2019-01-28,3100,3100,3065,3070,180064,-0.008077544426494332
2019-01-29,3050,3080,2945,2965,462971,-0.03420195439739415
2019-01-30,3005,3130,3000,3045,595029,0.026981450252951067
2019-01-31,3060,3070,2990,3030,136911,-0.0049261083743842304
2019-02-01,3060,3195,3030,3170,975624,0.0462046204620461
2019-02-07,3290,3380,3250,3330,1359300,0.050473186119873725
2019-02-08,3300,3365,3215,3365,854082,0.010510510510510551
2019-02-11,3395,3405,3255,3300,652482,-0.019316493313521588
2019-02-12,3300,3350,3250,3270,428049,-0.009090909090909038
2019-02-13,3300,3335,3250,3275,251501,0.001529051987767538
2019-02-14,3300,3300,3150,3245,501052,-0.009160305343511421
2019-02-15,3210,3265,3145,3215,412872,-0.009244992295839749
2019-02-18,3265,3300,3195,3275,378919,0.018662519440124425
2019-02-19,3260,3340,3260,3285,418231,0.003053435114503733
2019-02-20,3305,3325,3175,3200,360912,-0.025875190258751957
2019-02-21,3210,3215,3045,3100,408968,-0.03125
2019-02-22,3055,3145,3040,3130,262257,0.00967741935483879
2019-02-25,3130,3150,3055,3085,370538,-0.014376996805111841
2019-02-26,3065,3185,3065,3140,453597,0.017828200972447306
2019-02-27,3140,3165,3095,3145,249398,0.0015923566878981443
2019-02-28,3160,3165,2705,2705,1093155,-0.13990461049284575
2019-03-04,2610,2735,2585,2625,879527,-0.02957486136783738
2019-03-05,2640,2700,2620,2675,322552,0.01904761904761898
2019-03-06,2665,2700,2585,2615,441627,-0.02242990654205612
2019-03-07,2590,2615,2535,2540,443712,-0.028680688336520044
2019-03-08,2500,2580,2485,2540,384047,0.0
2019-03-11,2505,2530,2465,2505,268046,-0.013779527559055094
2019-03-12,2515,2560,2500,2540,237912,0.013972055888223478
2019-03-13,2550,2565,2465,2500,289639,-0.015748031496062964
2019-03-14,2500,2555,2500,2545,142481,0.018000000000000016
2019-03-15,2545,2550,2375,2420,603731,-0.0491159135559921
2019-03-18,2460,2520,2450,2515,265313,0.03925619834710736
2019-03-19,2515,2555,2510,2530,151569,0.005964214711729587
2019-03-20,2530,2530,2460,2500,135214,-0.011857707509881465
2019-03-21,2500,2510,2465,2475,123489,-0.010000000000000009
2019-03-22,2470,2485,2435,2470,136323,-0.002020202020202033
2019-03-25,2435,2470,2420,2470,245467,0.0
2019-03-26,2480,2490,2450,2470,118891,0.0
2019-03-27,2455,2515,2450,2460,177455,-0.004048582995951455
2019-03-28,2460,2480,2440,2445,102407,-0.0060975609756097615
2019-03-29,2415,2535,2405,2525,532878,0.0327198364008181
2019-04-01,2560,2570,2530,2560,288736,0.013861386138613874
2019-04-02,2565,2575,2520,2550,155219,-0.00390625
2019-04-03,2550,2590,2540,2580,272009,0.0117647058823529
2019-04-04,2580,2585,2545,2565,164091,-0.005813953488372103
2019-04-05,2565,2660,2560,2630,530263,0.025341130604288553
2019-04-08,2670,2675,2595,2615,266818,-0.005703422053231932
2019-04-09,2610,2620,2570,2610,217559,-0.0019120458891013214
2019-04-10,2600,2625,2590,2615,190239,0.0019157088122605526
2019-04-11,2600,2660,2600,2640,322801,0.009560229445506607
2019-04-12,2600,2605,2570,2585,237671,-0.02083333333333337
2019-04-15,2620,2625,2570,2580,166339,-0.0019342359767892114
2019-04-16,2585,2610,2535,2580,204286,0.0
2019-04-17,2580,2590,2555,2565,151971,-0.005813953488372103
2019-04-18,2575,2620,2560,2565,331631,0.0
2019-04-19,2570,2590,2555,2580,129796,0.005847953216374213
2019-04-22,2595,2620,2575,2590,155554,0.003875968992248069
2019-04-23,2580,2605,2560,2565,134562,-0.009652509652509633
2019-04-24,2565,2575,2525,2535,131018,-0.011695906432748537
2019-04-25,2535,2540,2480,2485,191362,-0.01972386587771202
2019-04-26,2510,2520,2470,2480,105331,-0.002012072434607659
2019-04-29,2490,2500,2430,2435,160969,-0.01814516129032262
2019-04-30,2455,2480,2425,2470,178833,0.014373716632443578
2019-05-02,2450,2515,2450,2515,139989,0.018218623481781382
2019-05-03,2520,2530,2500,2520,107017,0.001988071570576455
2019-05-07,2430,2475,2430,2455,224440,-0.025793650793650813
2019-05-08,2455,2485,2445,2455,161162,0.0
2019-05-09,2470,2470,2360,2380,283073,-0.03054989816700615
2019-05-10,2380,2400,2305,2320,315418,-0.025210084033613467
2019-05-13,2300,2380,2295,2300,200445,-0.008620689655172376
2019-05-14,2280,2320,2260,2290,198367,-0.004347826086956497
2019-05-15,2295,2350,2290,2340,106968,0.02183406113537112
2019-05-16,2350,2405,2350,2370,158974,0.012820512820512775
2019-05-17,2360,2500,2360,2450,510432,0.03375527426160341
2019-05-20,2500,2525,2450,2450,380580,0.0
2019-05-21,2445,2490,2420,2425,105963,-0.010204081632653073
2019-05-22,2410,2470,2410,2445,111625,0.008247422680412342
2019-05-23,2420,2510,2420,2485,379321,0.01635991820040905
2019-05-24,2450,2475,2400,2435,161078,-0.02012072434607648
2019-05-27,2425,2460,2395,2410,78845,-0.010266940451745366
2019-05-28,2400,2460,2400,2445,104740,0.014522821576763434
2019-05-29,2460,2460,2380,2410,121383,-0.014314928425357865
2019-05-30,2390,2415,2365,2365,124538,-0.018672199170124526
2019-05-31,2370,2400,2360,2390,75389,0.010570824524312794
2019-06-03,2380,2405,2355,2380,83560,-0.004184100418409997
2019-06-04,2380,2420,2375,2415,121044,0.014705882352941124
2019-06-05,2430,2470,2410,2470,197819,0.022774327122153215
2019-06-07,2475,2485,2460,2485,109940,0.006072874493927127
2019-06-10,2500,2540,2480,2505,358023,0.008048289738430636
2019-06-11,2505,2550,2495,2550,254509,0.017964071856287456
2019-06-12,2595,2615,2540,2560,347887,0.0039215686274509665
2019-06-13,2565,2590,2550,2585,155374,0.009765625
2019-06-14,2585,2595,2555,2590,121783,0.0019342359767891004
2019-06-17,2580,2600,2535,2555,104488,-0.013513513513513487
2019-06-18,2555,2580,2535,2555,161028,0.0
2019-06-19,2565,2635,2565,2620,338917,0.02544031311154593
2019-06-20,2665,2665,2590,2615,120086,-0.001908396946564861
2019-06-21,2630,2635,2570,2575,134921,-0.015296367112810683
2019-06-24,2630,2645,2620,2645,347561,0.027184466019417375
2019-06-25,2640,2650,2535,2560,258242,-0.032136105860113395
2019-06-26,2575,2595,2540,2575,117006,0.005859375
2019-06-27,2600,2610,2510,2535,123557,-0.01553398058252431
2019-06-28,2535,2555,2460,2500,148726,-0.013806706114398382
2019-07-01,2635,2640,2540,2585,374421,0.03400000000000003
2019-07-02,2570,2620,2565,2605,244098,0.007736943907156624
2019-07-03,2595,2620,2500,2500,238952,-0.040307101727447225
2019-07-04,2515,2540,2455,2515,136149,0.006000000000000005
2019-07-05,2515,2555,2515,2545,196640,0.011928429423459175
2019-07-08,2545,2545,2380,2380,219059,-0.06483300589390961
2019-07-09,2435,2435,2310,2340,191829,-0.01680672268907568
2019-07-10,2310,2405,2310,2365,158441,0.010683760683760646
2019-07-11,2395,2460,2375,2450,125711,0.03594080338266381
2019-07-12,2435,2460,2415,2450,110219,0.0
2019-07-15,2450,2455,2425,2430,49860,-0.008163265306122436
2019-07-16,2420,2440,2390,2410,85633,-0.008230452674897082
2019-07-17,2375,2420,2340,2355,175500,-0.022821576763485507
2019-07-18,2360,2375,2320,2320,133913,-0.014861995753715496
2019-07-19,2330,2375,2330,2355,77451,0.015086206896551824
2019-07-22,2335,2385,2335,2380,76242,0.010615711252653925
2019-07-23,2365,2395,2355,2360,62545,-0.008403361344537785
2019-07-24,2375,2375,2325,2330,132339,-0.012711864406779627
2019-07-25,2305,2345,2230,2250,189010,-0.03433476394849788
2019-07-26,2245,2270,2180,2220,178138,-0.013333333333333308
2019-07-29,2200,2215,2065,2210,487563,-0.0045045045045044585
2019-07-30,2145,2185,2125,2155,167529,-0.02488687782805432
2019-07-31,2125,2175,2075,2170,133181,0.006960556844547661
2019-08-01,2160,2170,2105,2105,124719,-0.02995391705069128
2019-08-02,2060,2135,2045,2100,125440,-0.002375296912114022
2019-08-05,2085,2115,1815,1865,532542,-0.11190476190476195
2019-08-06,1760,1940,1725,1725,1131781,-0.07506702412868638
2019-08-07,1720,1810,1720,1805,564344,0.04637681159420293
2019-08-08,1820,1930,1820,1905,278258,0.05540166204986141
2019-08-09,1930,1995,1920,1980,175778,0.03937007874015741
2019-08-12,2000,2050,1960,2040,234202,0.030303030303030276
2019-08-13,2010,2100,1995,2035,106460,-0.002450980392156854
2019-08-14,2065,2090,2045,2080,122141,0.02211302211302213
2019-08-16,2020,2075,2005,2040,165597,-0.019230769230769273
2019-08-19,2070,2125,2065,2090,154206,0.02450980392156854
2019-08-20,2100,2120,2075,2115,104334,0.011961722488038173
2019-08-21,2090,2125,2090,2110,98748,-0.0023640661938534313
2019-08-22,2120,2120,2035,2075,211688,-0.016587677725118488
2019-08-23,2075,2090,2040,2040,159442,-0.016867469879518038
2019-08-26,2005,2025,1975,1990,164042,-0.02450980392156865
2019-08-27,2030,2105,2030,2035,140566,0.022613065326633208
2019-08-28,2050,2080,2040,2065,76031,0.014742014742014753
2019-08-29,2080,2080,2025,2055,71994,-0.004842615012106588
2019-08-30,2060,2110,2060,2105,92025,0.024330900243308973
2019-09-02,2080,2115,2070,2110,80837,0.002375296912114022
2019-09-03,2085,2125,2085,2115,94150,0.0023696682464455776
2019-09-04,2110,2125,2085,2120,82159,0.0023640661938533203
2019-09-05,2120,2135,2110,2115,84740,-0.002358490566037763
2019-09-06,2115,2135,2090,2110,61156,-0.0023640661938534313
2019-09-09,2120,2120,2085,2085,50324,-0.011848341232227444
2019-09-10,2140,2525,2125,2260,8931298,0.0839328537170263
2019-09-11,2300,2305,2230,2290,968990,0.01327433628318575
2019-09-16,2350,2490,2310,2400,1724189,0.048034934497816595
2019-09-17,2380,2425,2340,2405,482893,0.002083333333333437
2019-09-18,2405,2505,2370,2490,530446,0.03534303534303529
2019-09-19,2540,2540,2460,2470,434241,-0.008032128514056214
2019-09-20,2505,2520,2465,2520,298111,0.020242914979757165
2019-09-23,2570,2575,2490,2515,302508,-0.001984126984126977
2019-09-24,2490,2515,2445,2455,281669,-0.02385685884691846
2019-09-25,2485,2485,2325,2330,334836,-0.050916496945010215
2019-09-26,2390,2450,2325,2450,352737,0.05150214592274671
2019-09-27,2390,2460,2390,2420,149681,-0.01224489795918371
2019-09-30,2385,2490,2345,2425,267406,0.0020661157024792765
2019-10-01,2425,2450,2380,2425,83567,0.0
2019-10-02,2505,2550,2430,2470,1103285,0.01855670103092777
2019-10-04,2500,2505,2415,2455,240408,-0.006072874493927127
2019-10-07,2250,2260,2100,2125,907151,-0.1344195519348269
2019-10-08,2150,2185,2135,2165,201715,0.018823529411764683
2019-10-10,2130,2330,2130,2290,273667,0.05773672055427248
2019-10-11,2275,2325,2240,2325,161887,0.015283842794759916
2019-10-14,2325,2400,2295,2370,266643,0.019354838709677358
2019-10-15,2350,2380,2335,2355,77058,-0.006329113924050667
2019-10-16,2340,2385,2325,2360,144891,0.002123142250530785
2019-10-17,2365,2365,2285,2310,118973,-0.021186440677966156
2019-10-18,2300,2335,2275,2275,79862,-0.015151515151515138
2019-10-21,2270,2330,2190,2290,284243,0.00659340659340657
2019-10-22,2250,2380,2250,2350,192635,0.026200873362445476
2019-10-23,2270,2390,2240,2250,333169,-0.04255319148936165
2019-10-24,2235,2315,2230,2300,176222,0.022222222222222143
2019-10-25,2280,2315,2235,2255,142824,-0.019565217391304346
2019-10-28,2270,2280,2235,2240,93954,-0.006651884700665134
2019-10-29,2235,2255,2215,2250,88327,0.0044642857142858094
2019-10-30,2230,2230,2160,2200,208945,-0.022222222222222254
2019-10-31,2185,2220,2160,2170,151648,-0.013636363636363669
2019-11-01,2165,2205,2145,2180,111207,0.004608294930875667
2019-11-04,2185,2245,2180,2245,129641,0.029816513761467878
2019-11-05,2280,2290,2250,2250,144763,0.00222717149220486
2019-11-06,2285,2310,2240,2290,126514,0.01777777777777767
2019-11-07,2290,2295,2250,2270,65795,-0.008733624454148492
2019-11-08,2280,2295,2270,2285,51494,0.0066079295154184425
2019-11-11,2295,2300,2240,2260,79123,-0.01094091903719907
2019-11-12,2260,2285,2260,2285,84062,0.01106194690265494
2019-11-13,2315,2335,2260,2280,308199,-0.002188183807439792
2019-11-14,2290,2315,2250,2265,154900,-0.006578947368421018
2019-11-15,2295,2300,2255,2285,117725,0.008830022075055233
2019-11-18,2320,2350,2305,2310,263850,0.010940919037199182
2019-11-19,2300,2310,2275,2300,141797,-0.0043290043290042934
2019-11-20,2290,2300,2210,2220,149404,-0.034782608695652195
2019-11-21,2230,2250,2150,2155,159792,-0.029279279279279313
2019-11-22,2145,2175,2145,2155,122908,0.0
2019-11-25,2155,2200,2155,2165,95381,0.004640371229698292
2019-11-26,2160,2190,2160,2185,129832,0.009237875288683695
2019-11-27,2175,2215,2160,2165,100605,-0.009153318077803174
2019-11-28,2155,2185,2155,2165,105723,0.0
2019-11-29,2160,2190,2095,2170,343561,0.002309468822170979
2019-12-02,2170,2175,2120,2165,134677,-0.0023041474654378336
2019-12-03,2125,2180,2110,2145,190288,-0.009237875288683584
2019-12-04,2120,2155,2105,2145,159239,0.0
2019-12-05,2140,2160,2110,2160,103853,0.006993006993007089
2019-12-06,2130,2195,2125,2170,114081,0.004629629629629539
2019-12-09,2155,2165,2140,2140,58548,-0.01382488479262678
2019-12-10,2125,2165,2125,2140,52896,0.0
2019-12-11,2165,2185,2150,2155,70317,0.007009345794392496
2019-12-12,2180,2200,2100,2190,102428,0.016241299303944245
2019-12-13,2200,2215,2175,2210,119008,0.009132420091324311
2019-12-16,2210,2220,2180,2210,83853,0.0
2019-12-17,2225,2235,2200,2230,183674,0.009049773755656076
2019-12-18,2225,2260,2215,2250,124362,0.008968609865470878
2019-12-19,2250,2265,2230,2235,87391,-0.00666666666666671
2019-12-20,2235,2275,2220,2270,99081,0.015659955257270708
2019-12-23,2265,2275,2240,2270,106756,0.0
2019-12-24,2240,2300,2240,2270,348645,0.0
2019-12-26,2270,2315,2260,2310,234870,0.017621145374449254
2019-12-27,2310,2320,2155,2320,126036,0.0043290043290042934
2019-12-30,2300,2375,2260,2280,54612,-0.017241379310344862
2020-01-02,2300,2310,2245,2295,78565,0.006578947368421018
2020-01-03,2285,2295,2235,2235,72682,-0.02614379084967322
2020-01-06,2235,2270,2145,2230,168060,-0.0022371364653244186
2020-01-07,2200,2225,2165,2190,112272,-0.017937219730941756
2020-01-08,2170,2170,2085,2090,170854,-0.045662100456621
2020-01-09,2130,2205,2130,2200,111467,0.05263157894736836
2020-01-10,2180,2215,2175,2200,125484,0.0
2020-01-13,2180,2250,2170,2225,113809,0.011363636363636465
2020-01-14,2230,2240,2200,2225,56190,0.0
2020-01-15,2230,2270,2215,2260,110828,0.01573033707865168
2020-01-16,2260,2270,2240,2260,79966,0.0
2020-01-17,2270,2270,2225,2250,114628,-0.004424778761061954
2020-01-20,2250,2270,2210,2240,147758,-0.004444444444444473
2020-01-21,2240,2270,2210,2210,107901,-0.013392857142857095
2020-01-22,2200,2250,2195,2230,83386,0.009049773755656076
2020-01-23,2230,2275,2200,2240,128904,0.004484304932735439
2020-01-28,2225,2225,2130,2130,211167,-0.049107142857142905
2020-01-29,2165,2200,2135,2185,70801,0.025821596244131495
2020-01-30,2200,2200,2115,2170,112965,-0.006864988558352381
2020-01-31,2135,2275,2120,2140,186712,-0.01382488479262678
2020-02-03,2110,2160,2010,2120,157842,-0.009345794392523366
2020-02-04,2130,2170,2125,2155,95023,0.01650943396226423
2020-02-05,2145,2270,2130,2230,141281,0.03480278422273786
2020-02-06,2215,2235,2210,2230,97415,0.0
2020-02-07,2230,2250,2190,2225,82456,-0.0022421524663677195
2020-02-10,2230,2230,2190,2220,59730,-0.0022471910112359383
2020-02-11,2215,2225,2180,2195,162420,-0.011261261261261257
2020-02-12,2195,2205,2170,2195,157028,0.0
2020-02-13,2195,2230,2170,2195,159575,0.0
2020-02-14,2195,2250,2165,2215,432757,0.009111617312072884
2020-02-17,2220,2230,2185,2200,145380,-0.006772009029345383
2020-02-18,2210,2245,2170,2205,166366,0.002272727272727204
2020-02-19,2205,2220,2150,2175,100832,-0.013605442176870763
2020-02-20,2165,2185,2110,2185,145251,0.0045977011494253706
2020-02-21,2170,2180,2120,2175,150306,-0.004576659038901587
2020-02-24,2135,2145,2000,2075,396681,-0.04597701149425293
2020-02-25,2000,2095,2000,2065,328511,-0.004819277108433773
2020-02-26,2050,2070,2020,2065,90053,0.0
2020-02-27,2070,2070,1980,1980,297094,-0.041162227602905554
2020-02-28,1950,1965,1850,1860,473555,-0.06060606060606055
2020-03-02,1855,1915,1815,1900,199840,0.021505376344086002
2020-03-03,1930,1970,1920,1930,211476,0.015789473684210575
2020-03-04,1910,1960,1895,1960,157186,0.015544041450777257
2020-03-05,1985,2000,1950,1970,129218,0.005102040816326481
2020-03-06,2000,2005,1920,1945,190532,-0.012690355329949221
2020-03-09,1885,1910,1815,1855,293165,-0.046272493573264795
2020-03-10,1800,1845,1785,1840,269429,-0.008086253369272267
2020-03-11,1855,1860,1755,1755,252797,-0.04619565217391308
2020-03-12,1705,1735,1575,1700,635347,-0.031339031339031376
2020-03-13,1515,1580,1370,1520,929502,-0.10588235294117643
2020-03-16,1565,1585,1410,1490,743745,-0.019736842105263164
2020-03-17,1360,1520,1360,1500,459731,0.006711409395973256
2020-03-18,1500,1550,1445,1525,599408,0.016666666666666607
2020-03-19,1510,1525,1085,1130,1037370,-0.25901639344262295
2020-03-20,1130,1240,1100,1200,2838260,0.06194690265486735
2020-03-23,1075,1145,1050,1080,1108179,-0.09999999999999998
2020-03-24,1110,1170,1100,1160,509850,0.07407407407407418
2020-03-25,1220,1280,1200,1260,547419,0.0862068965517242
2020-03-26,1280,1365,1245,1325,766191,0.051587301587301626
2020-03-27,1400,1405,1295,1340,477130,0.01132075471698113
2020-03-30,1275,1355,1265,1355,307797,0.011194029850746245
2020-03-31,1395,1600,1380,1495,1602236,0.10332103321033204
2020-04-01,1495,1560,1430,1435,938061,-0.04013377926421402
2020-04-02,1465,1470,1405,1460,312208,0.017421602787456525
2020-04-03,1475,1505,1460,1475,298638,0.010273972602739656
2020-04-06,1480,1565,1480,1565,699314,0.0610169491525423
2020-04-07,1615,1690,1555,1650,960169,0.054313099041533475
2020-04-08,1680,1710,1600,1675,594405,0.015151515151515138
2020-04-09,1710,1730,1665,1685,514362,0.005970149253731405
2020-04-10,1700,1755,1640,1750,607657,0.03857566765578646
2020-04-13,1755,1770,1700,1735,363693,-0.008571428571428563
2020-04-14,1745,2140,1745,1920,7274004,0.10662824207492805
2020-04-16,1960,2065,1865,2050,1961205,0.06770833333333326
2020-04-17,2050,2060,1990,2020,788996,-0.014634146341463428
2020-04-20,2060,2185,2035,2085,1603718,0.03217821782178221
2020-04-21,2100,2160,1885,2020,1652139,-0.031175059952038398
2020-04-22,1940,2060,1930,2060,721532,0.01980198019801982
2020-04-23,2070,2160,2035,2090,1169461,0.014563106796116498
2020-04-24,2090,2145,2030,2045,473875,-0.021531100478468845
2020-04-27,2055,2120,2040,2065,291318,0.009779951100244544
2020-04-28,2090,2105,2015,2055,272573,-0.004842615012106588
2020-04-29,2045,2100,2045,2060,238679,0.0024330900243310083
2020-05-04,2100,2100,2050,2055,281542,-0.0024271844660194164
2020-05-06,2090,2115,2070,2085,366451,0.014598540145985384
2020-05-07,2100,2160,2085,2125,396281,0.01918465227817756
2020-05-08,2155,2190,2135,2165,574922,0.018823529411764683
2020-05-11,2170,2170,2055,2075,512989,-0.04157043879907618
2020-05-12,2090,2095,2005,2035,492013,-0.01927710843373498
2020-05-13,2015,2045,2005,2045,166873,0.004914004914004844
2020-05-14,2035,2045,1955,1980,536412,-0.0317848410757946
2020-05-15,2000,2015,1975,2015,237993,0.017676767676767735
2020-05-18,2010,2035,1980,2005,143179,-0.00496277915632759
2020-05-19,2040,2050,2010,2040,237060,0.0174563591022443
2020-05-20,2020,2045,2020,2045,115905,0.002450980392156854
2020-05-21,2050,2080,2025,2060,369742,0.007334963325183352
2020-05-22,2110,2130,2045,2050,536057,-0.004854368932038833
2020-05-25,2050,2055,2025,2045,212511,-0.0024390243902439046
2020-05-26,2075,2140,2045,2105,576549,0.02933985330073341
2020-05-27,2115,2140,2075,2110,414928,0.002375296912114022
2020-05-28,2140,2480,2110,2230,5641528,0.056872037914691864
2020-05-29,2175,2205,2140,2190,663849,-0.017937219730941756
2020-06-01,2210,2235,2180,2180,417411,-0.004566210045662156
2020-06-02,2180,2235,2160,2195,385079,0.006880733944954143
2020-06-03,2225,2225,2160,2175,425421,-0.009111617312072884
2020-06-04,2170,2195,2140,2165,336016,-0.0045977011494252595
2020-06-05,2170,2195,2160,2190,330989,0.011547344110854452
2020-06-08,2165,2190,2125,2155,502257,-0.01598173515981738
2020-06-09,2125,2150,2095,2100,478189,-0.025522041763341052
2020-06-10,2115,2145,2085,2130,215103,0.014285714285714235
2020-06-11,2140,2140,2055,2060,335538,-0.032863849765258246
2020-06-12,1970,2010,1940,2010,520205,-0.024271844660194164
2020-06-15,1980,1995,1815,1870,610784,-0.06965174129353235
2020-06-16,1905,1975,1905,1975,398842,0.05614973262032086
2020-06-17,1925,1945,1875,1885,340816,-0.04556962025316458
2020-06-18,1885,1905,1860,1900,195267,0.007957559681697646
2020-06-19,1905,2000,1890,1935,352272,0.018421052631578894
2020-06-22,1945,1955,1890,1905,138771,-0.015503875968992276
2020-06-23,1900,1920,1850,1870,212115,-0.018372703412073532
2020-06-24,1980,1985,1905,1945,762606,0.04010695187165769
2020-06-25,1910,1925,1870,1900,181401,-0.023136246786632397
2020-06-26,1920,1940,1870,1895,151055,-0.0026315789473684292
2020-06-29,1885,1885,1830,1845,210581,-0.02638522427440637
2020-06-30,1860,1890,1850,1875,124895,0.016260162601626105
2020-07-01,1895,1905,1855,1870,270143,-0.002666666666666706
2020-07-02,1895,1905,1885,1905,171153,0.018716577540107027
2020-07-03,1910,1950,1900,1950,238442,0.023622047244094446
2020-07-06,1965,1970,1930,1960,211780,0.00512820512820511
2020-07-07,1955,1960,1915,1920,152514,-0.020408163265306145
2020-07-08,1905,1955,1905,1915,174049,-0.0026041666666666297
2020-07-09,1930,1950,1900,1905,188820,-0.005221932114882533
2020-07-10,1930,1930,1810,1825,477224,-0.04199475065616798
2020-07-13,1830,1905,1820,1900,271093,0.041095890410958846
2020-07-14,1900,1905,1865,1890,106884,-0.0052631578947368585
2020-07-15,1905,1920,1895,1905,84836,0.007936507936507908
2020-07-16,1915,1920,1885,1900,136426,-0.002624671916010457
2020-07-17,1900,1935,1900,1915,199572,0.007894736842105177
2020-07-20,1935,1935,1885,1910,194222,-0.0026109660574412663
2020-07-21,1920,1930,1900,1925,165828,0.007853403141361293
2020-07-22,1930,1970,1915,1960,393802,0.018181818181818077
2020-07-23,1965,1965,1905,1910,275994,-0.025510204081632626
2020-07-24,1910,1910,1880,1905,145375,-0.002617801047120394
2020-07-27,1880,1920,1860,1905,235610,0.0
2020-07-28,1900,1925,1885,1900,249710,-0.002624671916010457
2020-07-29,1900,1910,1875,1905,183476,0.002631578947368318
2020-07-30,1905,1915,1880,1905,254873,0.0
2020-07-31,1900,1910,1890,1890,139922,-0.007874015748031482
2020-08-03,1890,1900,1860,1890,168506,0.0
2020-08-04,1880,1920,1880,1905,162055,0.007936507936507908
2020-08-05,1915,1915,1880,1900,129009,-0.002624671916010457
2020-08-06,1905,1910,1885,1900,153050,0.0
2020-08-07,1905,1910,1855,1880,256996,-0.010526315789473717
2020-08-10,1875,1880,1850,1860,178555,-0.010638297872340385
2020-08-11,1865,1895,1865,1870,206498,0.005376344086021501
2020-08-12,1865,1870,1840,1860,159403,-0.005347593582887722
2020-08-13,1865,1880,1840,1860,145127,0.0
2020-08-14,1870,1870,1830,1845,259015,-0.008064516129032251
2020-08-18,1820,1840,1715,1730,390173,-0.06233062330623307
2020-08-19,1725,1765,1725,1740,129912,0.005780346820809301
2020-08-20,1710,1740,1630,1635,493638,-0.06034482758620685
2020-08-21,1645,1685,1625,1660,134966,0.015290519877675823
2020-08-24,1645,1680,1620,1670,166050,0.006024096385542244
2020-08-25,1670,1730,1670,1725,137850,0.03293413173652704
2020-08-26,1725,1750,1695,1730,136777,0.0028985507246377384
2020-08-27,1715,1735,1680,1695,192695,-0.020231213872832332
2020-08-28,1700,1730,1700,1710,113792,0.008849557522123908
2020-08-31,1700,1720,1700,1715,119364,0.0029239766081872176
2020-09-01,1710,1725,1705,1715,101745,0.0
2020-09-02,1720,1755,1715,1745,203926,0.017492711370262315
2020-09-03,1760,1765,1740,1745,140433,0.0
2020-09-04,1690,1735,1690,1725,236822,-0.011461318051575908
2020-09-07,1725,1810,1705,1790,455003,0.037681159420289934
2020-09-08,1810,1815,1770,1790,146282,0.0
2020-09-09,1765,1930,1760,1870,1966722,0.04469273743016755
2020-09-10,1915,1915,1850,1875,679209,0.002673796791443861
2020-09-11,1895,1895,1855,1885,391928,0.005333333333333412
2020-09-14,1890,1920,1870,1895,279418,0.0053050397877985045
2020-09-15,1900,1905,1880,1890,203856,-0.0026385224274406704
2020-09-16,1895,1930,1870,1890,352269,0.0
2020-09-17,1900,1900,1855,1890,223939,0.0
2020-09-18,1890,2050,1875,1905,4059187,0.007936507936507908
2020-09-21,1915,1920,1845,1850,389707,-0.02887139107611547
2020-09-22,1840,1850,1790,1810,298306,-0.021621621621621623
2020-09-23,1835,1840,1760,1790,255766,-0.011049723756906049
2020-09-24,1760,1790,1710,1715,316387,-0.04189944134078216
2020-09-25,1705,1790,1680,1790,337613,0.0437317784256559
2020-09-28,1785,1820,1785,1810,140287,0.011173184357541999
2020-09-29,1810,1870,1810,1870,244575,0.03314917127071815
2020-10-05,1860,1860,1830,1860,127534,-0.005347593582887722
2020-10-06,1870,1870,1830,1840,138791,-0.010752688172043001
2020-10-07,1840,1865,1825,1840,160293,0.0
2020-10-08,1845,1860,1840,1850,147321,0.005434782608695565
2020-10-12,1890,1920,1865,1875,187052,0.013513513513513598
2020-10-13,1875,1940,1865,1920,572002,0.02400000000000002
2020-10-14,1930,2090,1905,2080,3382083,0.08333333333333326
2020-10-15,2320,2325,2025,2120,5413510,0.019230769230769162
2020-10-16,2250,2270,2115,2255,4467454,0.06367924528301883
2020-10-19,2250,2250,2150,2160,1317228,-0.04212860310421285
2020-10-20,2130,2150,2020,2050,1032435,-0.05092592592592593
2020-10-21,2085,2085,2015,2070,432764,0.009756097560975618
2020-10-22,2040,2050,1995,2030,433776,-0.019323671497584516
2020-10-23,2050,2140,2040,2090,844113,0.029556650246305383
2020-10-26,2070,2085,1990,2000,434581,-0.0430622009569378
2020-10-27,1980,2025,1925,1970,325577,-0.015000000000000013
2020-10-28,1970,2030,1950,2025,260101,0.027918781725888353
2020-10-29,1965,2000,1940,1985,398545,-0.01975308641975304
2020-10-30,1985,2000,1910,1925,318670,-0.030226700251889116
2020-11-02,1935,1970,1920,1970,244304,0.023376623376623273
2020-11-03,1995,1995,1960,1995,304593,0.012690355329949332
2020-11-04,2005,2035,1965,2020,555749,0.012531328320801949
2020-11-05,1995,2010,1970,2000,355999,-0.00990099009900991
2020-11-06,2010,2045,2000,2000,431983,0.0
2020-11-09,2025,2085,2005,2075,529020,0.03750000000000009
2020-11-10,2080,2090,2010,2065,292746,-0.004819277108433773
2020-11-11,2075,2085,2045,2060,167254,-0.002421307506053294
2020-11-12,2065,2125,2055,2090,479560,0.014563106796116498
2020-11-13,2070,2105,2055,2085,280650,-0.0023923444976076125
2020-11-16,2085,2090,2040,2045,271279,-0.01918465227817745
2020-11-17,2040,2065,2035,2045,218911,0.0
2020-11-18,2045,2065,2035,2045,255859,0.0
2020-11-19,2040,2050,2015,2020,195340,-0.012224938875305624
2020-11-20,2020,2055,2020,2040,239577,0.00990099009900991
2020-11-23,2035,2045,2010,2015,269462,-0.01225490196078427
2020-11-24,2025,2225,2015,2100,1870832,0.042183622828784184
2020-11-25,2115,2125,2025,2045,392718,-0.02619047619047621
2020-11-26,2055,2060,2035,2040,166690,-0.0024449877750610804
2020-11-27,2040,2075,2015,2040,264121,0.0
2020-11-30,2040,2060,2015,2025,315056,-0.007352941176470562
2020-12-01,2030,2045,2025,2040,181675,0.007407407407407307
2020-12-02,2055,2060,2040,2060,230501,0.009803921568627416
2020-12-03,2060,2070,2040,2045,156182,-0.007281553398058249
2020-12-04,2040,2060,2010,2010,416832,-0.017114914425427896
2020-12-07,2030,2030,1970,2000,330494,-0.00497512437810943
2020-12-08,1990,2015,1985,2000,167149,0.0
2020-12-09,1995,2030,1985,2000,315592,0.0
2020-12-10,2000,2020,1985,2010,181242,0.004999999999999893
2020-12-11,2020,2050,2015,2035,219051,0.01243781094527363
2020-12-14,2045,2045,2000,2005,172664,-0.014742014742014753
2020-12-15,1995,2015,1965,1995,327224,-0.004987531172069848
2020-12-16,2005,2015,2000,2005,212154,0.005012531328320913
2020-12-17,2005,2160,2005,2045,2175630,0.01995012468827939
2020-12-18,2060,2110,2045,2080,597970,0.017114914425427896
2020-12-21,2080,2100,2040,2060,490528,-0.009615384615384581
2020-12-22,2060,2100,2010,2040,687581,-0.009708737864077666
2020-12-23,2040,2050,1955,1975,666214,-0.031862745098039214
2020-12-24,1980,2000,1960,1975,324075,0.0
2020-12-28,1995,1995,1920,1920,498840,-0.027848101265822822
2020-12-29,1930,1970,1925,1970,184273,0.02604166666666674
2020-12-30,1970,2015,1970,2010,272997,0.020304568527918843
2021-01-04,2010,2035,1980,2030,401097,0.00995024875621886
2021-01-05,2030,2110,2015,2085,816359,0.027093596059113212
2021-01-06,2095,2095,2055,2070,395172,-0.007194244604316502
2021-01-07,2085,2110,2060,2085,462367,0.007246376811594235
2021-01-08,2120,2120,2070,2080,621834,-0.0023980815347721673
2021-01-11,2105,2105,2020,2040,625227,-0.019230769230769273
2021-01-12,2040,2175,2040,2165,1836699,0.06127450980392157
2021-01-13,2185,2190,2130,2145,1078622,-0.009237875288683584
2021-01-14,2145,2270,2130,2210,2605049,0.030303030303030276
2021-01-15,2240,2320,2180,2215,2449762,0.002262443438914019
2021-01-18,2190,2195,2100,2115,900169,-0.04514672686230248
2021-01-19,2120,2155,2090,2145,477261,0.014184397163120588
2021-01-20,2165,2300,2130,2180,1983021,0.01631701631701632
2021-01-21,2205,2210,2165,2190,568885,0.004587155963302836
2021-01-22,2190,2250,2190,2205,729033,0.006849315068493178
2021-01-25,2225,2225,2185,2195,438844,-0.0045351473922902175
2021-01-26,2210,2285,2175,2175,777834,-0.009111617312072884
2021-01-27,2200,2205,2160,2170,173794,-0.0022988505747126853
2021-01-28,2135,2145,2085,2085,462606,-0.03917050691244239
2021-01-29,2110,2135,1995,2020,586317,-0.031175059952038398
2021-02-01,2020,2125,1975,2110,466781,0.044554455445544594
2021-02-02,2115,2175,2105,2145,508539,0.016587677725118377
2021-02-03,2150,2225,2145,2190,599167,0.020979020979021046
2021-02-04,2200,2265,2165,2215,1022927,0.011415525114155223
2021-02-05,2235,2275,2195,2235,899567,0.009029345372460584
2021-02-08,2235,2270,2215,2240,394822,0.0022371364653244186
2021-02-09,2250,2260,2180,2190,390330,-0.022321428571428603
2021-02-10,2190,2280,2180,2225,418431,0.015981735159817267
2021-02-15,2245,2250,2205,2245,397583,0.008988764044943753
2021-02-16,2245,2265,2215,2255,358385,0.00445434298440972
2021-02-17,2260,2380,2230,2300,1992062,0.019955654101995624
2021-02-18,2680,2990,2440,2495,47223893,0.08478260869565224
2021-02-19,2430,2650,2310,2430,8609628,-0.02605210420841686
2021-02-22,2450,2550,2400,2420,4530950,-0.004115226337448541
2021-02-23,2390,2460,2345,2355,2370193,-0.02685950413223137
2021-02-24,2575,2695,2260,2275,13735500,-0.03397027600849256
2021-02-25,2335,2480,2280,2390,3568103,0.05054945054945059
2021-02-26,2330,2360,2265,2290,1684025,-0.04184100418410042
2021-03-02,2350,2460,2325,2390,2707073,0.04366812227074246
2021-03-03,2385,2510,2385,2505,1698058,0.04811715481171541
2021-03-04,2515,2595,2435,2520,2312511,0.0059880239520957446
2021-03-05,2470,2630,2455,2555,2527905,0.01388888888888884
2021-03-08,2605,2605,2455,2455,1478475,-0.03913894324853229
2021-03-09,2425,2445,2325,2440,1201070,-0.006109979633401208
2021-03-10,2465,2480,2400,2400,578413,-0.016393442622950838
2021-03-11,2380,2495,2380,2425,837224,0.01041666666666674
2021-03-12,2460,2480,2435,2480,605093,0.02268041237113394
2021-03-15,2495,2530,2440,2520,695447,0.016129032258064502
2021-03-16,2515,2520,2470,2475,536041,-0.017857142857142905
2021-03-17,2485,2715,2470,2630,5126250,0.06262626262626259
2021-03-18,2820,2825,2595,2615,3793082,-0.005703422053231932
2021-03-19,2575,2830,2540,2715,7791123,0.03824091778202687
2021-03-22,2740,2760,2640,2680,1719780,-0.012891344383057057
2021-03-23,2670,2695,2550,2590,2076295,-0.03358208955223885
2021-03-24,2575,2625,2530,2540,781842,-0.019305019305019266
2021-03-25,2520,2575,2415,2485,1276216,-0.021653543307086576
2021-03-26,2485,2485,2415,2450,728508,-0.014084507042253502
2021-03-29,2470,2480,2370,2400,635489,-0.020408163265306145
2021-03-30,2420,2440,2390,2435,491036,0.014583333333333393
2021-03-31,2450,2450,2400,2405,337450,-0.012320328542094416
2021-04-01,2440,2450,2395,2425,377848,0.008316008316008316
2021-04-02,2430,2445,2410,2425,288017,0.0
2021-04-05,2440,2640,2420,2530,2006157,0.04329896907216502
2021-04-06,2500,2580,2500,2540,870103,0.0039525691699604515
2021-04-07,2590,2625,2560,2600,1611873,0.023622047244094446
2021-04-08,2640,2655,2545,2570,921965,-0.011538461538461497
2021-04-09,2555,2590,2530,2550,527076,-0.0077821011673151474
2021-04-12,2565,2565,2495,2515,644927,-0.013725490196078383
2021-04-13,2520,2560,2500,2550,455556,0.013916500994035852
2021-04-14,2555,2555,2520,2545,315591,-0.0019607843137254832
2021-04-15,2550,2690,2530,2590,1442673,0.017681728880157177
2021-04-16,2775,2850,2615,2630,7001782,0.015444015444015413
2021-04-19,2660,2745,2630,2690,2073654,0.02281368821292773
2021-04-20,2690,2695,2625,2660,869137,-0.01115241635687736
2021-04-21,2675,2675,2605,2615,734220,-0.016917293233082664
2021-04-22,2615,2655,2610,2645,390597,0.011472275334607929
2021-04-23,2635,2670,2610,2665,401915,0.007561436672967936
2021-04-26,2670,2675,2630,2645,409868,-0.007504690431519689
2021-04-27,2645,2670,2585,2670,637633,0.00945179584120992
2021-04-28,2715,2715,2595,2595,558585,-0.028089887640449396
2021-04-29,2620,2670,2560,2630,674180,0.01348747591522148
2021-04-30,2645,2755,2635,2730,2189391,0.03802281368821303
2021-05-03,2735,2840,2695,2780,2646967,0.01831501831501825
2021-05-04,2785,2930,2695,2905,5554520,0.04496402877697836
2021-05-06,3130,3250,2825,2825,9042916,-0.027538726333907082
2021-05-07,2850,2995,2845,2865,4767825,0.014159292035398341
2021-05-10,2870,2915,2800,2810,1661619,-0.01919720767888311
2021-05-11,2790,2835,2730,2780,1478211,-0.010676156583629859
2021-05-12,2785,2820,2700,2705,1266315,-0.026978417266187105
2021-05-13,2640,2730,2640,2685,835638,-0.007393715341959317
2021-05-14,2710,2725,2670,2670,444802,-0.005586592178770999
2021-05-17,2690,2700,2575,2575,852500,-0.035580524344569264
2021-05-18,2580,2715,2580,2620,600038,0.01747572815533971
2021-05-20,2625,2660,2610,2640,318044,0.007633587786259444
2021-05-21,2665,2735,2640,2650,828903,0.0037878787878788955
2021-05-24,2665,2675,2595,2605,539736,-0.016981132075471694
2021-05-25,2625,2695,2600,2615,595582,0.0038387715930903177
2021-05-26,2620,2680,2620,2665,560506,0.019120458891013437
2021-05-27,2675,2690,2650,2685,520066,0.007504690431519689
2021-05-28,2695,2820,2670,2720,1617988,0.013035381750465591
2021-05-31,2710,2745,2690,2745,650234,0.009191176470588314
2021-06-01,2760,2780,2725,2745,572923,0.0
2021-06-02,2740,2935,2735,2860,4338306,0.041894353369763104
2021-06-03,2850,2880,2825,2865,979557,0.0017482517482516613
2021-06-04,2865,2945,2830,2900,3160858,0.01221640488656206
2021-06-07,2965,3350,2875,3235,37827105,0.11551724137931041
2021-06-08,3670,4035,3410,3525,79458999,0.08964451313755806
2021-06-09,3600,3940,3325,3380,20106232,-0.041134751773049594
2021-06-10,3380,3430,3135,3220,7183024,-0.047337278106508895
2021-06-11,3400,3720,3270,3270,31800427,0.01552795031055898
2021-06-14,3230,3530,3200,3490,7833955,0.06727828746177367
2021-06-15,3410,3435,3320,3360,3697962,-0.03724928366762181
2021-06-16,3320,3660,3280,3425,18325312,0.019345238095238138
2021-06-17,3415,3415,3305,3315,2851990,-0.03211678832116793
2021-06-18,3435,3450,3315,3335,3049391,0.006033182503770718
2021-06-21,3320,3460,3245,3250,3133280,-0.025487256371814038
2021-06-22,3295,3530,3240,3450,10774964,0.06153846153846154
2021-06-23,3620,3630,3245,3320,5967405,-0.03768115942028982
2021-06-24,3285,3420,3230,3325,2096368,0.001506024096385561
2021-06-25,3330,3470,3300,3385,3698119,0.018045112781954975
2021-06-28,3405,3445,3360,3365,1735938,-0.005908419497784312
2021-06-29,3365,3425,3320,3420,2148473,0.01634472511144125
2021-06-30,3535,3575,3445,3480,4745066,0.01754385964912286
2021-07-01,3480,3490,3375,3405,1377759,-0.02155172413793105
2021-07-02,3420,3760,3410,3665,13943429,0.07635829662261373
2021-07-05,3585,3700,3455,3690,6936715,0.006821282401091366
2021-07-06,3700,4200,3695,3755,31845575,0.017615176151761558
2021-07-07,3795,3795,3590,3590,3921184,-0.04394141145139818
2021-07-08,3570,3590,3405,3410,2716997,-0.05013927576601673
2021-07-09,3335,3660,3305,3465,5353058,0.016129032258064502
2021-07-12,3515,3900,3465,3605,17958668,0.04040404040404044
2021-07-13,3535,3815,3535,3705,10031763,0.0277392510402219
2021-07-14,3680,3700,3535,3570,3019510,-0.036437246963562764
2021-07-15,3570,3850,3535,3780,13710109,0.05882352941176472
2021-07-16,3755,4255,3700,4040,53207975,0.06878306878306883
2021-07-19,4045,4395,4015,4095,24328111,0.013613861386138515
2021-07-20,4070,4315,4035,4155,14963550,0.0146520146520146
2021-07-21,4380,4540,4010,4020,13746619,-0.032490974729241895
2021-07-22,4040,4095,3775,3800,4627986,-0.05472636815920395
2021-07-23,3815,3830,3700,3715,2125309,-0.022368421052631593
2021-07-26,3735,3750,3520,3530,2487749,-0.04979811574697168
2021-07-27,3530,3745,3530,3620,3176332,0.025495750708215192
2021-07-28,3635,3715,3490,3560,1897050,-0.016574585635359074
2021-07-29,3570,3635,3550,3560,806601,0.0
2021-07-30,3540,3550,3410,3485,1629824,-0.021067415730337102
2021-08-02,3465,3480,3350,3400,853159,-0.024390243902439046
2021-08-03,3385,3415,3275,3290,1164065,-0.032352941176470584
2021-08-04,3290,3385,3290,3340,892940,0.015197568389057725
2021-08-05,3415,3435,3330,3345,1113277,0.0014970059880239361
2021-08-06,3350,3435,3300,3345,1211797,0.0
2021-08-09,3345,3345,3200,3210,987181,-0.04035874439461884
2021-08-10,3190,3250,3110,3120,961543,-0.028037383177570097
2021-08-11,3075,3125,3030,3045,952298,-0.024038461538461564
2021-08-12,3050,3110,3000,3010,720213,-0.011494252873563204
2021-08-13,3010,3050,2860,2970,1155843,-0.013289036544850474
2021-08-17,2965,2975,2770,2785,1031780,-0.062289562289562284
2021-08-18,2780,2945,2770,2920,952441,0.04847396768402157
2021-08-19,2885,2955,2755,2755,742228,-0.05650684931506844
2021-08-20,2780,2865,2660,2725,805508,-0.010889292196007205
2021-08-23,2780,2820,2730,2785,601287,0.022018348623853212
2021-08-24,2800,2950,2800,2925,882839,0.050269299820466795
2021-08-25,2950,2955,2865,2930,482387,0.0017094017094017033
2021-08-26,2960,2960,2870,2905,498104,-0.008532423208191142
2021-08-27,2880,2930,2855,2890,536544,-0.005163511187607606
2021-08-30,2930,2970,2910,2965,498878,0.02595155709342567
2021-08-31,2965,2970,2850,2905,661101,-0.0202360876897133
2021-09-01,2905,3320,2895,3160,9541238,0.08777969018932885
2021-09-02,3185,3275,3105,3145,3952758,-0.004746835443038
2021-09-03,3175,3185,3080,3100,1044647,-0.014308426073131986
2021-09-06,3065,3140,3040,3115,715221,0.004838709677419395
2021-09-07,3120,3200,3090,3120,744978,0.0016051364365972098
2021-09-08,3145,3145,3030,3080,759795,-0.012820512820512775
2021-09-09,3080,3095,2995,3010,476775,-0.022727272727272707
2021-09-10,3010,3040,2940,3025,554518,0.004983388704318914
2021-09-13,2995,3075,2895,2925,663957,-0.03305785123966942
2021-09-14,2935,3005,2925,2950,539818,0.008547008547008517
2021-09-15,2965,3040,2925,2930,805380,-0.006779661016949157
2021-09-16,2955,3060,2925,3010,891446,0.027303754266211566
2021-09-17,3035,3035,2895,2910,625995,-0.03322259136212624
2021-09-23,2905,2905,2815,2830,500452,-0.027491408934707917
2021-09-24,2850,2915,2780,2890,895074,0.021201413427561766
2021-09-27,2975,3585,2975,3235,18487167,0.11937716262975773
2021-09-28,3150,3525,3145,3340,11752286,0.032457496136012454
2021-09-29,3210,3460,3185,3320,5144549,-0.005988023952095856
2021-09-30,3475,3740,3340,3375,17278461,0.016566265060240948
2021-10-01,3360,3615,3315,3460,11734531,0.0251851851851852
2021-10-05,3455,3460,3160,3180,2865523,-0.08092485549132944
2021-10-06,3225,3450,2910,2955,4372148,-0.07075471698113212
2021-10-07,2955,3035,2935,3025,1199702,0.02368866328257191
2021-10-08,3020,3085,2940,3000,1078958,-0.008264462809917328
2021-10-12,2965,3050,2935,2950,939222,-0.01666666666666672
2021-10-13,2945,3165,2945,3120,2026132,0.057627118644067776
2021-10-14,3135,3185,3110,3170,807486,0.01602564102564097
2021-10-15,3200,3495,3170,3290,7538750,0.03785488958990535
2021-10-18,3310,3395,3265,3290,1802175,0.0
2021-10-19,3340,3415,3250,3305,1259313,0.004559270516717229
2021-10-20,3335,3360,3255,3335,1094224,0.00907715582450841
2021-10-21,3340,3360,3215,3235,1362111,-0.02998500749625188
2021-10-22,3235,3305,3220,3275,745913,0.012364760432766575
2021-10-25,3295,3355,3255,3280,1976999,0.0015267175572519776
2021-10-26,3300,3330,3245,3320,1010501,0.012195121951219523
2021-10-27,3300,3305,3110,3130,1341162,-0.05722891566265065
2021-10-28,3110,3195,3070,3080,687766,-0.015974440894568676
2021-10-29,3095,3150,3050,3080,524868,0.0
2021-11-01,3080,3120,2980,3005,583877,-0.024350649350649345
2021-11-02,3010,3080,3005,3060,407581,0.01830282861896837
2021-11-03,3065,3085,2990,3000,403259,-0.019607843137254943
2021-11-04,3055,3160,3035,3065,1195942,0.021666666666666723
2021-11-05,3045,3045,2880,2920,1156961,-0.047308319738988636
2021-11-08,2910,2925,2835,2900,607187,-0.006849315068493178
2021-11-09,2900,2930,2825,2830,468552,-0.024137931034482807
2021-11-10,2810,2845,2705,2730,695788,-0.035335689045936425
2021-11-11,2670,2755,2650,2675,500839,-0.020146520146520186
2021-11-12,2710,2745,2695,2730,287512,0.020560747663551426
2021-11-15,2775,2815,2735,2800,308280,0.02564102564102555
2021-11-16,2845,2850,2765,2805,364854,0.0017857142857142794
2021-11-17,2805,2840,2730,2740,414657,-0.02317290552584672
2021-11-18,2740,2740,2665,2700,319542,-0.014598540145985384
2021-11-19,2675,2715,2665,2690,293852,-0.0037037037037036535
2021-11-22,2675,2700,2580,2635,469353,-0.020446096654275103
2021-11-23,2640,2790,2640,2710,1928855,0.028462998102466885
2021-11-24,2705,2725,2640,2685,326822,-0.009225092250922495
2021-11-25,2690,2700,2625,2645,244866,-0.014897579143389184
2021-11-26,2635,2660,2520,2520,437679,-0.047258979206049156
2021-11-29,2400,2490,2400,2475,553223,-0.017857142857142905
2021-11-30,2470,2500,2270,2295,752693,-0.07272727272727275
2021-12-01,2295,2400,2265,2395,399253,0.04357298474945526
2021-12-02,2370,2465,2345,2445,289967,0.02087682672233826
2021-12-03,2460,2525,2440,2500,305481,0.02249488752556239
2021-12-06,2485,2540,2455,2530,234647,0.01200000000000001
2021-12-07,2540,2560,2515,2550,172981,0.007905138339920903
2021-12-08,2560,2570,2505,2515,207641,-0.013725490196078383
2021-12-09,2520,2565,2520,2550,149111,0.013916500994035852
2021-12-10,2540,2585,2515,2560,136873,0.0039215686274509665
2021-12-13,2560,2570,2520,2550,122063,-0.00390625
2021-12-14,2525,2565,2500,2500,112264,-0.019607843137254943
2021-12-15,2505,2525,2470,2485,155409,-0.006000000000000005
2021-12-16,2500,2520,2470,2480,121941,-0.002012072434607659
2021-12-17,2500,2520,2470,2495,111728,0.006048387096774244
2021-12-20,2475,2490,2400,2435,277767,-0.024048096192384794
2021-12-21,2425,2445,2375,2405,188076,-0.012320328542094416
2021-12-22,2410,2460,2410,2440,138667,0.01455301455301461
2021-12-23,2490,2490,2430,2440,189341,0.0
2021-12-24,2440,2480,2430,2455,160669,0.006147540983606481
2021-12-27,2480,2570,2445,2505,260255,0.020366598778004175
2021-12-28,2490,2735,2480,2505,1785497,0.0
2021-12-29,2520,2585,2505,2555,437746,0.019960079840319445
2021-12-30,2555,2605,2540,2570,348677,0.005870841487279899
2022-01-03,2620,2630,2565,2585,250861,0.005836575875486361
2022-01-04,2590,2615,2555,2605,166135,0.007736943907156624
2022-01-05,2575,2595,2545,2560,234362,-0.017274472168905985
2022-01-06,2540,2580,2530,2560,258505,0.0
2022-01-07,2575,2630,2550,2610,255625,0.01953125
2022-01-10,2615,2795,2575,2670,1862816,0.02298850574712641
2022-01-11,2670,2675,2580,2590,379207,-0.029962546816479363
2022-01-12,2595,2650,2590,2630,146387,0.015444015444015413
2022-01-13,2610,2680,2610,2680,407465,0.019011406844106515
2022-01-14,2720,2720,2625,2635,324591,-0.016791044776119368
2022-01-17,2635,2635,2550,2560,215584,-0.028462998102466774
2022-01-18,2560,2600,2480,2480,240985,-0.03125
2022-01-19,2455,2510,2420,2430,211121,-0.020161290322580627
2022-01-20,2430,2470,2390,2470,186427,0.016460905349794164
2022-01-21,2465,2470,2415,2425,142603,-0.018218623481781382
2022-01-24,2425,2425,2305,2305,439119,-0.04948453608247427
2022-01-25,2305,2355,2150,2185,476942,-0.05206073752711493
2022-01-26,2190,2300,2185,2245,360921,0.027459954233409523
2022-01-27,2270,2365,2240,2290,696494,0.020044543429844186
2022-01-28,2330,2330,2190,2285,524951,-0.0021834061135370675
2022-02-03,2300,2390,2295,2370,304442,0.03719912472647713
2022-02-04,2305,2390,2305,2390,183837,0.00843881856540074
2022-02-07,2415,2485,2400,2470,329089,0.03347280334728042
2022-02-08,2485,2490,2400,2450,180977,-0.0080971659919028
2022-02-09,2460,2480,2445,2470,153580,0.008163265306122547
2022-02-10,2485,2485,2445,2450,152670,-0.0080971659919028
2022-02-11,2420,2445,2385,2390,154899,-0.024489795918367308
2022-02-14,2375,2375,2270,2270,220973,-0.05020920502092052
2022-02-15,2265,2300,2195,2195,237790,-0.033039647577092546
2022-02-16,2245,2325,2245,2305,202420,0.05011389521640086
2022-02-17,2305,2355,2265,2305,295630,0.0
2022-02-18,2285,2435,2260,2380,297691,0.03253796095444694
2022-02-21,2325,2370,2300,2360,135367,-0.008403361344537785
2022-02-22,2330,2360,2280,2300,183242,-0.025423728813559365
2022-02-23,2305,2340,2305,2330,115841,0.01304347826086949
2022-02-24,2305,2325,2235,2240,262976,-0.03862660944206009
2022-02-25,2300,2385,2280,2310,568781,0.03125
2022-02-28,2470,2700,2425,2465,8399576,0.0670995670995671
2022-03-02,2440,2535,2430,2480,950352,0.006085192697768749
2022-03-03,2540,2540,2465,2480,787947,0.0
2022-03-04,2460,2560,2460,2520,635183,0.016129032258064502
2022-03-07,2495,2545,2460,2465,435313,-0.02182539682539686
2022-03-08,2415,2495,2405,2485,453413,0.008113590263691739
2022-03-10,2600,2610,2475,2495,1103391,0.004024144869215318
2022-03-11,2515,2835,2505,2760,6274034,0.1062124248496994
2022-03-14,2780,2810,2700,2700,1739127,-0.021739130434782594
2022-03-15,2695,2900,2685,2760,3154260,0.022222222222222143
2022-03-16,2785,2845,2745,2770,1114254,0.0036231884057971175
2022-03-17,2780,2825,2740,2800,950126,0.010830324909747224
2022-03-18,2825,2825,2720,2755,634078,-0.016071428571428625
2022-03-21,2765,2790,2720,2725,644867,-0.010889292196007205
2022-03-22,2750,2765,2710,2750,327571,0.00917431192660545
2022-03-23,2750,2970,2720,2825,6070281,0.027272727272727337
2022-03-24,2820,3015,2760,2910,5479931,0.030088495575221197
2022-03-25,2910,2960,2820,2835,1299942,-0.02577319587628868
2022-03-28,2845,2900,2815,2830,528201,-0.0017636684303351524
2022-03-29,2825,2865,2740,2765,714439,-0.02296819787985871
2022-03-30,2770,2820,2755,2760,337033,-0.001808318264014508
2022-03-31,2755,2960,2750,2830,2808473,0.0253623188405796
2022-04-01,2875,2875,2770,2780,633017,-0.017667844522968212
2022-04-04,2785,2830,2750,2785,465965,0.0017985611510791255
2022-04-05,2785,2800,2745,2750,316383,-0.012567324955116699
2022-04-06,2755,2810,2730,2750,462299,0.0
2022-04-07,2740,2760,2680,2720,433737,-0.010909090909090868
2022-04-08,2725,2755,2685,2715,180101,-0.0018382352941176405
2022-04-11,2705,2705,2620,2625,322297,-0.03314917127071826
2022-04-12,2600,2655,2570,2615,261640,-0.003809523809523818
2022-04-13,2615,2660,2615,2660,192376,0.017208413001912115
2022-04-14,2660,2715,2650,2700,195312,0.015037593984962516
2022-04-15,2690,2720,2670,2690,138437,-0.0037037037037036535
2022-04-18,2690,2750,2665,2720,248747,0.011152416356877248
2022-04-19,2720,2750,2720,2740,210183,0.007352941176470562
2022-04-20,2745,2765,2720,2755,201241,0.005474452554744547
2022-04-21,2775,2940,2750,2865,3271289,0.03992740471869327
2022-04-22,2845,2850,2790,2800,460049,-0.022687609075043635
2022-04-25,2755,2840,2695,2735,669416,-0.023214285714285743
2022-04-26,2750,2830,2745,2815,370485,0.02925045703839113
2022-04-27,2770,2800,2740,2790,302316,-0.008880994671403242
2022-04-28,2780,2800,2740,2750,261974,-0.014336917562724039
2022-04-29,2765,2855,2760,2820,549807,0.025454545454545396
2022-05-02,2800,2855,2785,2835,393722,0.005319148936170137
2022-05-03,2835,2920,2825,2865,840320,0.010582010582010692
2022-05-04,2900,2940,2835,2845,721003,-0.006980802792321161
2022-05-06,2805,3000,2805,3000,3321766,0.054481546572934914
2022-05-09,3000,3115,2845,2850,3458351,-0.050000000000000044
2022-05-10,2790,2790,2665,2755,1229816,-0.033333333333333326
2022-05-11,2740,2780,2700,2725,785073,-0.010889292196007205
2022-05-12,3185,3290,2770,2805,12108726,0.029357798165137616
2022-05-13,2855,3645,2845,3645,66468717,0.2994652406417113
2022-05-16,3620,3695,3550,3645,25256433,0.0
2022-05-17,3830,4300,3735,3815,61202378,0.04663923182441709
2022-05-18,3850,3925,3770,3820,9473078,0.001310615989515096
2022-05-19,3610,3610,3485,3525,4152794,-0.07722513089005234
2022-05-20,3595,3635,3555,3635,2528189,0.031205673758865293
2022-05-23,3680,3765,3600,3600,3886029,-0.009628610729023435
2022-05-24,3550,3820,3400,3415,8501679,-0.05138888888888893
2022-05-25,3645,3650,3415,3505,11628922,0.026354319180087904
2022-05-26,3470,3490,3285,3330,3667497,-0.049928673323823114
2022-05-27,3370,3620,3310,3570,10991575,0.072072072072072
2022-05-30,3510,3710,3490,3580,5674454,0.0028011204481792618
2022-05-31,3590,3685,3545,3615,5124897,0.009776536312849249
2022-06-02,3630,3820,3585,3810,13681949,0.053941908713692976
2022-06-03,3825,4170,3750,3825,22222240,0.003937007874015741
2022-06-07,3775,3900,3650,3775,5092701,-0.013071895424836555
2022-06-08,3865,4350,3830,4050,59671139,0.07284768211920523
2022-06-09,3955,4035,3875,3950,6428349,-0.024691358024691357
2022-06-10,3870,3870,3635,3640,5125010,-0.07848101265822782
2022-06-13,3205,3370,3160,3270,6387391,-0.10164835164835162
2022-06-14,3190,3270,3070,3165,2809734,-0.032110091743119296
2022-06-15,3145,3210,3000,3060,2494061,-0.033175355450236976
2022-06-16,3125,3180,3065,3085,1885688,0.008169934640522847
2022-06-17,2980,3130,2945,3100,2441129,0.004862236628849326
2022-06-20,3200,3395,2915,2945,3971801,-0.050000000000000044
2022-06-21,2955,3060,2935,3050,1852710,0.035653650254668934
2022-06-22,3095,3100,2930,2930,1796276,-0.03934426229508192
2022-06-23,3005,3100,2755,2770,3220807,-0.05460750853242324
2022-06-24,2750,2880,2700,2865,1185485,0.03429602888086647
2022-06-27,2945,3070,2935,3070,1773854,0.07155322862129143
2022-06-28,3080,3225,3035,3200,2987963,0.04234527687296419
2022-06-29,3130,3235,3110,3200,1883257,0.0
2022-06-30,3255,3260,3150,3165,1711837,-0.010937500000000044
2022-07-01,3200,3225,3030,3070,1533123,-0.03001579778830965
2022-07-04,3120,3250,2940,2975,3586107,-0.030944625407166138
2022-07-05,2995,3065,2970,3065,1151650,0.030252100840336027
2022-07-06,3245,3365,3040,3040,9851723,-0.00815660685154973
2022-07-07,3130,3250,3105,3205,5615408,0.05427631578947367
2022-07-08,3230,3235,3170,3170,2057061,-0.010920436817472678
2022-07-11,3175,3190,3085,3095,1170911,-0.023659305993690816
2022-07-12,3070,3070,2935,3010,1495045,-0.02746365105008075
2022-07-13,2975,2980,2900,2945,950792,-0.021594684385382035
2022-07-14,2915,2990,2880,2970,1029033,0.008488964346349714
2022-07-15,2975,2980,2875,2895,681388,-0.025252525252525304
2022-07-18,2925,2955,2900,2945,618161,0.017271157167530138
2022-07-19,2945,2970,2900,2935,540746,-0.00339558573853993
2022-07-20,2970,2985,2940,2970,648711,0.011925042589437718
2022-07-21,2980,3010,2955,2970,813187,0.0
2022-07-22,2975,2980,2935,2940,644394,-0.010101010101010055
2022-07-25,2945,3030,2930,3020,857130,0.027210884353741527
2022-07-26,3025,3085,3000,3040,1533231,0.0066225165562914245
2022-07-27,3040,3075,3010,3060,643082,0.006578947368421018
2022-07-28,3095,3110,3055,3085,1362304,0.008169934640522847
2022-07-29,3090,3125,3055,3115,1011248,0.009724473257698651
2022-08-01,3115,3130,3085,3090,726573,-0.008025682182985605
2022-08-02,3100,3120,3025,3025,927617,-0.021035598705501646
2022-08-03,3025,3040,3000,3040,488715,0.0049586776859504855
2022-08-04,3045,3065,3025,3035,424755,-0.00164473684210531
2022-08-05,3030,3050,2975,2995,628900,-0.01317957166392092
2022-08-08,2990,2995,2920,2940,959485,-0.018363939899833093
2022-08-09,2950,2950,2900,2925,594608,-0.005102040816326481
2022-08-10,2920,2945,2865,2875,649622,-0.017094017094017144
2022-08-11,2910,2960,2910,2945,601805,0.024347826086956514
2022-08-12,2950,2975,2945,2950,622533,0.001697792869269854
2022-08-16,2975,2975,2910,2915,650186,-0.011864406779661052
2022-08-17,2895,2915,2775,2785,1365881,-0.044596912521440824
2022-08-18,2770,2815,2745,2800,397873,0.0053859964093356805
2022-08-19,2810,2830,2780,2785,326645,-0.005357142857142838
2022-08-22,2765,2790,2735,2735,324288,-0.01795332136445238
2022-08-23,2685,2790,2645,2740,681902,0.001828153564899404
2022-08-24,2745,3020,2745,2810,3849578,0.025547445255474477
2022-08-25,2820,2895,2820,2830,972068,0.007117437722419906
2022-08-26,2880,2950,2840,2895,2395136,0.0229681978798586
2022-08-29,2850,2950,2800,2895,1353324,0.0
2022-08-30,2905,2925,2825,2855,784863,-0.013816925734024155
2022-08-31,2855,2865,2825,2860,452823,0.0017513134851139256
2022-09-01,2860,2900,2760,2795,734728,-0.022727272727272707
2022-09-02,2780,2815,2745,2760,509917,-0.012522361359570633
2022-09-05,2720,2755,2665,2680,555996,-0.02898550724637683
2022-09-06,2680,2750,2680,2695,340848,0.005597014925373234
2022-09-07,2670,2695,2570,2580,595854,-0.042671614100185495
2022-09-08,2600,2620,2580,2590,294348,0.003875968992248069
2022-09-13,2610,2650,2610,2645,331298,0.021235521235521304
2022-09-14,2545,2610,2545,2565,340179,-0.03024574669187141
2022-09-15,2585,2630,2580,2585,337956,0.007797270955165692
2022-09-16,2580,2590,2460,2465,729835,-0.046421663442940075
2022-09-19,2460,2490,2375,2375,486710,-0.0365111561866126
2022-09-20,2390,2460,2390,2450,298715,0.03157894736842115
2022-09-21,2415,2485,2415,2430,206082,-0.008163265306122436
2022-09-22,2375,2445,2345,2430,360400,0.0
2022-09-23,2400,2410,2330,2335,328810,-0.039094650205761305
2022-09-26,2285,2300,2150,2165,866459,-0.0728051391862955
2022-09-27,2145,2210,2070,2175,473631,0.004618937644341736
2022-09-28,2150,2200,2020,2055,517690,-0.05517241379310345
2022-09-29,2085,2185,2060,2060,465029,0.0024330900243310083
2022-09-30,2040,2110,2020,2090,343985,0.014563106796116498
2022-10-04,2125,2160,2120,2150,207341,0.028708133971291794
2022-10-05,2210,2220,2100,2120,304527,-0.013953488372092981
2022-10-06,2125,2200,2125,2190,218228,0.03301886792452824
2022-10-07,2185,2200,2135,2145,187473,-0.020547945205479423
2022-10-11,2090,2110,1995,2015,456719,-0.06060606060606055
2022-10-12,2010,2020,1955,1995,420963,-0.00992555831265507
2022-10-13,1995,1995,1880,1895,457521,-0.05012531328320802
2022-10-14,1925,2005,1925,2000,347258,0.0554089709762533
2022-10-17,1975,2005,1940,2005,159526,0.0024999999999999467
2022-10-18,2030,2045,2015,2035,227460,0.014962593516209433
2022-10-19,2050,2100,2030,2035,297688,0.0
2022-10-20,2055,2115,2035,2085,513103,0.024570024570024662
2022-10-21,2065,2145,1995,2010,1238810,-0.03597122302158273
2022-10-24,2055,2115,2035,2075,456762,0.03233830845771135
2022-10-25,2075,2085,2035,2050,225006,-0.012048192771084376
2022-10-26,2070,2100,2030,2030,267668,-0.009756097560975618
2022-10-27,2040,2110,2040,2095,355055,0.03201970443349755
2022-10-28,2095,2135,2060,2080,334919,-0.007159904534606243
2022-10-31,2125,2125,2075,2105,155913,0.012019230769230838
2022-11-01,2190,2460,2140,2310,9830086,0.09738717339667469
2022-11-02,2290,2295,2220,2250,957943,-0.025974025974025983
2022-11-03,2170,2345,2170,2265,883470,0.006666666666666599
2022-11-04,2245,2290,2220,2275,419108,0.004415011037527616
2022-11-07,2275,2325,2265,2310,400853,0.01538461538461533
2022-11-08,2335,2335,2280,2320,436252,0.0043290043290042934
2022-11-09,2335,2355,2310,2315,494345,-0.0021551724137931494
2022-11-10,2295,2510,2260,2355,2107678,0.017278617710583255
2022-11-11,2430,2435,2370,2405,699971,0.02123142250530785
2022-11-14,2405,2415,2370,2405,461147,0.0
2022-11-15,2425,2440,2400,2425,360547,0.008316008316008316
2022-11-16,2450,2450,2385,2440,537473,0.006185567010309256
2022-11-17,2460,2705,2400,2535,5197165,0.03893442622950816
2022-11-18,2535,2555,2460,2470,868870,-0.02564102564102566
2022-11-21,2485,2495,2410,2425,399322,-0.018218623481781382
2022-11-22,2430,2510,2430,2485,691409,0.024742268041237025
2022-11-23,2500,2530,2460,2460,355148,-0.010060362173038184
2022-11-24,2470,2505,2465,2475,213355,0.0060975609756097615
2022-11-25,2500,2505,2435,2440,297771,-0.014141414141414121
2022-11-28,2460,2460,2380,2400,354913,-0.016393442622950838
2022-11-29,2375,2520,2370,2425,234855,0.01041666666666674
2022-11-30,2425,2470,2425,2445,153711,0.008247422680412342
2022-12-01,2470,2475,2440,2445,185247,0.0
2022-12-02,2445,2445,2365,2390,241904,-0.02249488752556239
2022-12-05,2405,2415,2365,2380,115293,-0.004184100418409997
2022-12-06,2335,2380,2295,2320,223546,-0.025210084033613467
2022-12-07,2265,2315,2260,2285,162719,-0.015086206896551713
2022-12-08,2265,2290,2230,2250,173153,-0.015317286652078765
2022-12-09,2245,2270,2230,2245,157876,-0.0022222222222222365
2022-12-12,2225,2265,2220,2230,123480,-0.006681514476614692
2022-12-13,2235,2315,2235,2275,167390,0.020179372197309364
2022-12-14,2260,2320,2260,2310,159004,0.01538461538461533
2022-12-15,2325,2360,2315,2315,197700,0.0021645021645022577
2022-12-16,2295,2300,2260,2265,115611,-0.021598272138228958
2022-12-19,2235,2280,2220,2245,79893,-0.008830022075055233
2022-12-20,2215,2275,2175,2195,142977,-0.022271714922049046
2022-12-21,2205,2225,2175,2175,137803,-0.009111617312072884
2022-12-22,2180,2240,2180,2195,237345,0.009195402298850519
2022-12-23,2190,2190,2105,2115,249043,-0.036446469248291535
2022-12-26,2115,2120,2075,2090,114474,-0.011820330969267157
2022-12-27,2090,2185,2090,2160,351336,0.03349282296650724
2022-12-28,2160,2210,2145,2170,277451,0.004629629629629539
2022-12-29,2175,2175,2075,2085,251163,-0.03917050691244239
2023-01-02,2085,2125,2000,2020,240683,-0.031175059952038398
2023-01-03,1995,2030,1920,2020,306193,0.0
2023-01-04,1990,2080,1990,2075,137217,0.027227722772277252
2023-01-05,2075,2165,2045,2165,1040925,0.04337349397590362
2023-01-06,2235,2295,2135,2135,1130842,-0.01385681293302543
2023-01-09,2150,2185,2140,2185,219647,0.023419203747072626
2023-01-10,2205,2210,2175,2190,253550,0.0022883295194509046
2023-01-11,2195,2635,2195,2475,13681226,0.13013698630136994
2023-01-12,2370,2380,2320,2355,2372602,-0.048484848484848464
2023-01-13,2360,2395,2295,2345,1823056,-0.00424628450106157
2023-01-16,2380,2380,2305,2305,658536,-0.017057569296375252
2023-01-17,2320,2340,2260,2270,520347,-0.015184381778741818
2023-01-18,2295,2300,2260,2270,380953,0.0
2023-01-19,2285,2335,2285,2300,663826,0.013215859030837107
2023-01-20,2290,2315,2275,2295,294380,-0.0021739130434782483
2023-01-25,2305,2315,2285,2300,289461,0.002178649237472685
2023-01-26,2305,2345,2305,2315,548830,0.006521739130434856
2023-01-27,2335,2350,2295,2320,466659,0.002159827213822796
2023-01-30,2330,2340,2290,2315,330617,-0.0021551724137931494
2023-01-31,2300,2335,2285,2330,287127,0.00647948164146861
2023-02-01,2335,2360,2315,2350,530355,0.008583690987124415
2023-02-02,2360,2375,2345,2370,455955,0.008510638297872353
2023-02-03,2380,2385,2340,2340,273897,-0.012658227848101222
2023-02-06,2330,2330,2290,2310,201173,-0.012820512820512775
2023-02-07,2335,2345,2310,2340,252292,0.01298701298701288
2023-02-08,2345,2365,2330,2340,308289,0.0
2023-02-09,2345,2380,2320,2355,337878,0.0064102564102563875
2023-02-10,2375,2405,2335,2335,719335,-0.00849256900212314
2023-02-13,2345,2420,2335,2410,936147,0.032119914346895095
2023-02-14,2425,2425,2380,2410,588433,0.0
2023-02-15,2440,2460,2315,2330,990043,-0.03319502074688796
2023-02-16,2355,2420,2335,2400,513510,0.030042918454935563
2023-02-17,2355,2425,2355,2400,549824,0.0
2023-02-20,2390,2420,2370,2405,316056,0.002083333333333437
2023-02-21,2405,2435,2395,2415,359323,0.004158004158004047
2023-02-22,2380,2410,2360,2375,408076,-0.0165631469979296
2023-02-23,2390,2425,2370,2400,330451,0.010526315789473717
2023-02-24,2400,2410,2310,2335,451657,-0.027083333333333348
2023-02-27,2320,2325,2275,2315,230749,-0.008565310492505307
2023-02-28,2335,2340,2305,2320,172017,0.002159827213822796
2023-03-02,2320,2365,2310,2355,276001,0.015086206896551824
2023-03-03,2365,2405,2360,2390,394795,0.014861995753715496
2023-03-06,2400,2435,2380,2430,439264,0.01673640167364021
2023-03-07,2415,2475,2400,2470,1245182,0.016460905349794164
2023-03-08,2595,2650,2475,2490,6381010,0.00809716599190291
2023-03-09,2525,2540,2440,2495,1098573,0.002008032128514081
2023-03-10,2445,2505,2435,2475,517941,-0.008016032064128265
2023-03-13,2450,2465,2360,2430,616843,-0.018181818181818188
2023-03-14,2400,2445,2325,2335,540763,-0.039094650205761305
2023-03-15,2370,2780,2370,2565,11704150,0.09850107066381164
2023-03-16,2545,2560,2470,2500,1288272,-0.025341130604288553
2023-03-17,2520,2550,2490,2500,879282,0.0
2023-03-20,2480,2580,2475,2580,1604519,0.03200000000000003
2023-03-21,2680,2685,2550,2550,2254675,-0.011627906976744207
2023-03-22,2580,2595,2510,2580,891670,0.0117647058823529
2023-03-23,2560,2615,2540,2585,810195,0.0019379844961240345
