Date,Open,High,Low,Close,Volume,Change
2015-01-02,1495,1525,1490,1490,165214,-0.01650165016501648
2015-01-05,1500,1530,1485,1530,192422,0.02684563758389258
2015-01-06,1530,1530,1490,1530,103123,0.0
2015-01-07,1525,1530,1505,1520,98083,-0.006535947712418277
2015-01-08,1510,1530,1500,1515,104713,-0.003289473684210509
2015-01-09,1515,1525,1495,1520,122085,0.0033003300330032292
2015-01-12,1535,1550,1500,1520,261652,0.0
2015-01-13,1515,1540,1500,1540,109914,0.013157894736842035
2015-01-14,1540,1555,1510,1550,195259,0.006493506493506551
2015-01-15,1535,1550,1510,1550,73190,0.0
2015-01-16,1535,1550,1510,1545,120078,-0.003225806451612856
2015-01-19,1535,1550,1510,1530,137230,-0.009708737864077666
2015-01-20,1515,1525,1490,1495,281836,-0.022875816993464082
2015-01-21,1490,1500,1465,1495,291917,0.0
2015-01-22,1495,1515,1465,1490,262370,-0.0033444816053511683
2015-01-23,1490,1530,1475,1490,272158,0.0
2015-01-26,1500,1505,1475,1495,170875,0.003355704697986628
2015-01-27,1500,1500,1470,1485,262227,-0.006688963210702337
2015-01-28,1480,1490,1460,1490,382280,0.0033670033670034627
2015-01-29,1485,1520,1475,1520,211668,0.020134228187919545
2015-01-30,1510,1525,1505,1520,103040,0.0
2015-02-02,1510,1535,1490,1530,273279,0.006578947368421018
2015-02-03,1520,1555,1505,1515,228385,-0.009803921568627416
2015-02-04,1515,1520,1495,1510,418062,-0.0033003300330033403
2015-02-05,1510,1525,1500,1525,96826,0.009933774834437026
2015-02-06,1525,1535,1505,1525,120281,0.0
2015-02-09,1520,1525,1505,1520,108610,-0.003278688524590123
2015-02-10,1515,1515,1490,1495,198532,-0.016447368421052655
2015-02-11,1490,1500,1475,1495,229883,0.0
2015-02-12,1495,1505,1475,1490,82756,-0.0033444816053511683
2015-02-13,1490,1490,1475,1490,146900,0.0
2015-02-16,1490,1490,1470,1470,191440,-0.01342281879194629
2015-02-17,1470,1480,1455,1455,250358,-0.010204081632653073
2015-02-23,1450,1470,1445,1450,115661,-0.0034364261168384758
2015-02-24,1450,1475,1450,1475,122545,0.01724137931034475
2015-02-25,1475,1485,1465,1475,73869,0.0
2015-02-26,1475,1475,1455,1465,156596,-0.006779661016949157
2015-02-27,1470,1470,1445,1460,205253,-0.0034129692832765013
2015-03-02,1500,1500,1455,1470,404874,0.006849315068493178
2015-03-03,1470,1475,1455,1470,276950,0.0
2015-03-04,1470,1485,1460,1485,296891,0.010204081632652962
2015-03-05,1490,1545,1480,1535,645841,0.03367003367003374
2015-03-06,1535,1670,1525,1575,1851891,0.026058631921824116
2015-03-09,1550,1575,1540,1570,554885,-0.0031746031746031633
2015-03-10,1575,1600,1540,1545,463468,-0.015923566878980888
2015-03-11,1520,1545,1515,1530,232142,-0.009708737864077666
2015-03-12,1530,1585,1530,1560,372773,0.019607843137254832
2015-03-13,1585,1590,1560,1580,317475,0.012820512820512775
2015-03-16,1590,1615,1560,1605,364724,0.015822784810126667
2015-03-17,1605,1620,1590,1615,307836,0.006230529595015577
2015-03-18,1615,1620,1575,1575,183937,-0.024767801857585092
2015-03-19,1590,1595,1555,1580,97950,0.0031746031746031633
2015-03-20,1565,1585,1550,1575,173905,-0.0031645569620253333
2015-03-23,1575,1590,1555,1575,109487,0.0
2015-03-24,1570,1595,1565,1585,111235,0.006349206349206327
2015-03-25,1585,1620,1585,1605,269993,0.012618296529968376
2015-03-26,1595,1625,1590,1600,173312,-0.0031152647975077885
2015-03-27,1600,1620,1565,1585,172332,-0.009375000000000022
2015-03-30,1580,1590,1570,1590,93783,0.003154574132492094
2015-03-31,1590,1645,1590,1640,324448,0.03144654088050314
2015-04-01,1640,1670,1615,1645,219297,0.0030487804878047697
2015-04-02,1660,1660,1615,1625,245842,-0.012158054711246202
2015-04-03,1625,1640,1615,1640,119863,0.009230769230769154
2015-04-06,1645,1660,1625,1645,130910,0.0030487804878047697
2015-04-07,1645,1650,1605,1610,286033,-0.021276595744680882
2015-04-08,1605,1620,1590,1605,278770,-0.0031055900621117516
2015-04-09,1615,1630,1600,1605,439437,0.0
2015-04-10,1615,1635,1600,1630,303559,0.015576323987538832
2015-04-13,1635,1700,1630,1675,642790,0.027607361963190247
2015-04-14,1670,1695,1645,1670,299609,-0.0029850746268657025
2015-04-15,1665,1685,1650,1680,235442,0.0059880239520957446
2015-04-16,1680,1690,1660,1685,144231,0.0029761904761904656
2015-04-17,1690,1715,1660,1690,399417,0.0029673590504450953
2015-04-20,1690,1765,1685,1725,950590,0.020710059171597628
2015-04-21,1725,1730,1675,1690,394562,-0.020289855072463725
2015-04-22,1690,1700,1550,1640,518298,-0.029585798816568087
2015-04-23,1640,1655,1610,1640,301533,0.0
2015-04-24,1640,1650,1585,1630,182159,-0.0060975609756097615
2015-04-27,1630,1640,1610,1635,139008,0.0030674846625766694
2015-04-28,1635,1645,1605,1625,150610,-0.006116207951070374
2015-04-29,1625,1645,1600,1610,213859,-0.009230769230769265
2015-04-30,1630,1695,1590,1625,450153,0.009316770186335477
2015-05-04,1650,1715,1620,1705,1507847,0.04923076923076919
2015-05-06,1715,1860,1665,1735,3518776,0.017595307917888547
2015-05-07,1740,1785,1680,1725,915332,-0.0057636887608069065
2015-05-08,1730,1755,1690,1720,425686,-0.0028985507246376274
2015-05-11,1725,1890,1725,1860,3133657,0.08139534883720922
2015-05-12,1850,1900,1800,1800,2185043,-0.032258064516129004
2015-05-13,1740,1790,1690,1780,1329104,-0.011111111111111072
2015-05-14,1800,2025,1790,1860,4069410,0.04494382022471921
2015-05-15,1870,1905,1825,1865,898368,0.0026881720430107503
2015-05-18,1900,1955,1790,1855,1791113,-0.00536193029490617
2015-05-19,1855,1860,1795,1860,557974,0.0026954177897573484
2015-05-20,1850,1910,1775,1795,1039576,-0.034946236559139754
2015-05-21,1775,1800,1730,1740,640274,-0.03064066852367686
2015-05-22,1735,1810,1735,1790,750298,0.028735632183908066
2015-05-26,1870,1890,1755,1790,1099418,0.0
2015-05-27,1770,1825,1745,1770,621090,-0.011173184357541888
2015-05-28,1770,1955,1770,1890,1912023,0.06779661016949157
2015-05-29,1875,1945,1840,1860,1064875,-0.015873015873015928
2015-06-01,1895,2050,1850,1975,2551773,0.06182795698924726
2015-06-02,2030,2065,1810,1845,2458888,-0.0658227848101266
2015-06-03,1815,1940,1780,1905,1890883,0.03252032520325199
2015-06-04,1945,1965,1845,1900,1627384,-0.002624671916010457
2015-06-05,1870,1965,1870,1920,1006536,0.010526315789473717
2015-06-08,1925,2005,1895,1955,1216559,0.01822916666666674
2015-06-09,1965,2220,1945,2150,5841272,0.09974424552429673
2015-06-10,2150,2190,2070,2140,2259349,-0.0046511627906976605
2015-06-11,2155,2175,1945,1990,2636053,-0.07009345794392519
2015-06-12,2000,2020,1900,1915,1242332,-0.03768844221105527
2015-06-15,1915,1915,1785,1825,1093231,-0.04699738903394257
2015-06-16,1820,1850,1730,1805,1014659,-0.010958904109588996
2015-06-17,1820,1840,1790,1835,643986,0.016620498614958512
2015-06-18,1845,1860,1780,1820,442626,-0.008174386920980936
2015-06-19,1820,1830,1790,1820,467189,0.0
2015-06-22,1820,1830,1785,1810,449644,-0.005494505494505475
2015-06-23,1810,1845,1790,1845,518810,0.01933701657458564
2015-06-24,1845,1950,1840,1925,945093,0.04336043360433606
2015-06-25,1935,1935,1865,1890,601377,-0.018181818181818188
2015-06-26,1885,1900,1830,1835,604996,-0.02910052910052907
2015-06-29,1790,1825,1730,1735,835657,-0.05449591280653954
2015-06-30,1705,1775,1690,1765,513258,0.01729106628242083
2015-07-01,1775,1835,1770,1825,346240,0.03399433427762033
2015-07-02,1820,1845,1790,1810,357861,-0.008219178082191747
2015-07-03,1790,1830,1770,1830,268620,0.011049723756906049
2015-07-06,1815,1845,1755,1800,618888,-0.016393442622950838
2015-07-07,1810,1840,1730,1790,733490,-0.005555555555555536
2015-07-08,1845,1845,1750,1800,406696,0.005586592178770999
2015-07-09,1760,1835,1715,1815,624647,0.008333333333333304
2015-07-10,1810,1825,1755,1805,525745,-0.0055096418732781816
2015-07-13,1820,1915,1815,1875,1139039,0.03878116343490312
2015-07-14,1925,1930,1855,1930,732188,0.029333333333333433
2015-07-15,1945,1980,1895,1910,736727,-0.010362694300518172
2015-07-16,1925,2070,1895,2020,2402127,0.05759162303664911
2015-07-17,2025,2045,1945,1975,913124,-0.022277227722772297
2015-07-20,2005,2565,2005,2565,11449012,0.2987341772151899
2015-07-21,2630,2710,2300,2310,8803840,-0.09941520467836262
2015-07-22,2345,2970,2340,2805,17795720,0.2142857142857142
2015-07-23,2730,2950,2665,2805,4996795,0.0
2015-07-24,2865,3130,2725,2730,6729114,-0.0267379679144385
2015-07-27,2780,2865,2500,2580,2413771,-0.05494505494505497
2015-07-28,2505,2750,2475,2560,2443942,-0.007751937984496138
2015-07-29,2550,2575,2365,2365,1908499,-0.076171875
2015-07-30,2365,3070,2350,3070,18342994,0.2980972515856237
2015-07-31,3350,3440,2695,2900,24352569,-0.055374592833876246
2015-08-03,2900,3100,2755,2795,11468763,-0.036206896551724155
2015-08-04,2845,3050,2820,2910,10396658,0.041144901610017826
2015-08-05,2920,2955,2815,2900,3384128,-0.0034364261168384758
2015-08-06,2890,3040,2830,2945,5485205,0.01551724137931032
2015-08-07,2920,2980,2825,2825,3670294,-0.04074702886247883
2015-08-10,2875,2925,2700,2800,2948492,-0.008849557522123908
2015-08-11,2800,2900,2600,2700,2032990,-0.0357142857142857
2015-08-12,2700,2900,2670,2820,5065038,0.04444444444444451
2015-08-13,2780,2885,2765,2850,2029222,0.010638297872340496
2015-08-17,2910,2955,2615,2625,2070029,-0.07894736842105265
2015-08-18,2635,2710,2510,2675,1746858,0.01904761904761898
2015-08-19,2690,2690,2395,2395,1936423,-0.10467289719626172
2015-08-20,2395,2500,2310,2350,1831404,-0.018789144050104345
2015-08-21,2200,2290,2040,2210,2198864,-0.05957446808510636
2015-08-24,2235,2315,2150,2150,1385876,-0.02714932126696834
2015-08-25,2250,2555,2150,2405,4377580,0.11860465116279073
2015-08-26,2405,2470,2355,2435,1596137,0.012474012474012364
2015-08-27,2525,2525,2390,2420,997939,-0.006160164271047264
2015-08-28,2445,2600,2440,2500,2051537,0.03305785123966931
2015-08-31,2520,2520,2435,2490,984268,-0.0040000000000000036
2015-09-01,2510,2580,2460,2460,1223584,-0.012048192771084376
2015-09-02,2395,2840,2365,2620,6964215,0.06504065040650397
2015-09-03,2670,2935,2630,2705,5174691,0.03244274809160297
2015-09-04,2755,2805,2630,2780,3554675,0.02772643253234741
2015-09-07,2795,2835,2655,2670,2226501,-0.03956834532374098
2015-09-08,2670,2735,2545,2735,2050953,0.02434456928838946
2015-09-09,2815,2940,2745,2850,4950168,0.042047531992687404
2015-09-10,2800,2835,2775,2790,1058067,-0.021052631578947323
2015-09-11,2665,2740,2600,2620,2127474,-0.06093189964157708
2015-09-14,2605,2650,2525,2540,1465881,-0.03053435114503822
2015-09-15,2545,2735,2535,2690,2350947,0.059055118110236116
2015-09-16,2705,2710,2550,2610,1342349,-0.029739776951672847
2015-09-17,2600,2610,2430,2465,2291140,-0.05555555555555558
2015-09-18,2515,2535,2470,2470,838417,0.0020283975659229903
2015-09-21,2435,2550,2430,2520,1038641,0.020242914979757165
2015-09-22,2570,2660,2535,2570,1522604,0.01984126984126977
2015-09-23,2535,2565,2440,2445,928699,-0.048638132295719894
2015-09-24,2460,2600,2445,2520,1162451,0.030674846625766916
2015-09-25,2545,2630,2495,2585,1229442,0.025793650793650702
2015-09-30,2540,2585,2490,2535,700294,-0.01934235976789167
2015-10-01,2550,2565,2455,2495,845230,-0.015779092702169595
2015-10-02,2500,2565,2500,2520,607796,0.01002004008016022
2015-10-05,2545,2600,2515,2535,853452,0.005952380952380931
2015-10-06,2590,2590,2435,2450,978699,-0.0335305719921104
2015-10-07,2430,2465,2355,2400,729119,-0.020408163265306145
2015-10-08,2420,2450,2385,2400,424210,0.0
2015-10-12,2405,2415,2335,2335,587022,-0.027083333333333348
2015-10-13,2370,2425,2335,2390,630909,0.023554603854389677
2015-10-14,2405,2405,2360,2375,275868,-0.006276150627615107
2015-10-15,2360,2435,2355,2380,606538,0.002105263157894832
2015-10-16,2405,2405,2370,2385,368984,0.0021008403361344463
2015-10-19,2370,2370,2255,2275,1052788,-0.04612159329140464
2015-10-20,2280,2325,2280,2315,406953,0.01758241758241752
2015-10-21,2335,2335,2285,2285,296081,-0.01295896328293733
2015-10-22,2270,2295,2220,2230,437452,-0.024070021881838044
2015-10-23,2235,2265,2205,2205,375243,-0.011210762331838597
2015-10-26,2210,2300,2190,2235,603993,0.013605442176870763
2015-10-27,2250,2280,2215,2250,278584,0.006711409395973256
2015-10-28,2250,2310,2235,2255,442995,0.0022222222222221255
2015-10-29,2305,2315,2210,2210,509752,-0.019955654101995512
2015-10-30,2210,2235,2065,2070,759428,-0.06334841628959276
2015-11-02,2065,2115,2035,2045,314998,-0.012077294685990392
2015-11-03,2045,2155,2040,2095,524639,0.02444987775061125
2015-11-04,2110,2185,2070,2150,536920,0.026252983293556076
2015-11-05,2140,2200,2140,2175,239263,0.011627906976744207
2015-11-06,2155,2175,2090,2100,224896,-0.03448275862068961
2015-11-09,2100,2145,2000,2015,412901,-0.04047619047619044
2015-11-10,1955,1990,1895,1985,494680,-0.01488833746898266
2015-11-11,2090,2090,2020,2040,293761,0.027707808564231717
2015-11-12,2040,2115,1995,2115,257928,0.03676470588235303
2015-11-13,2090,2390,2005,2190,2368849,0.03546099290780136
2015-11-16,2170,2290,2160,2270,891812,0.0365296803652968
2015-11-17,2275,2305,2245,2270,699878,0.0
2015-11-18,2270,2440,2260,2320,1023484,0.022026431718061623
2015-11-19,2350,2400,2300,2335,587624,0.006465517241379226
2015-11-20,2355,2375,2260,2280,362847,-0.023554603854389677
2015-11-23,2320,2330,2195,2205,564474,-0.03289473684210531
2015-11-24,2210,2295,2205,2260,641875,0.024943310657596474
2015-11-25,2250,2475,2250,2460,2288608,0.08849557522123885
2015-11-26,2500,2505,2405,2480,1099693,0.008130081300812941
2015-11-27,2485,2775,2455,2585,6770850,0.04233870967741926
2015-11-30,2595,2690,2545,2590,1698576,0.0019342359767891004
2015-12-01,2585,3365,2585,3365,27606391,0.2992277992277992
2015-12-02,3295,3470,2895,2995,24608124,-0.10995542347696885
2015-12-03,3005,3045,2905,2960,6325372,-0.011686143572620988
2015-12-04,2970,3045,2810,2825,4686758,-0.045608108108108114
2015-12-07,2820,2950,2815,2860,4013597,0.012389380530973382
2015-12-08,2785,2810,2635,2640,2542573,-0.07692307692307687
2015-12-09,2640,2725,2605,2645,2762129,0.0018939393939394478
2015-12-10,2625,2730,2585,2610,2579806,-0.013232514177693777
2015-12-11,2610,2680,2595,2665,1508777,0.021072796934865856
2015-12-14,2750,2890,2625,2625,6693292,-0.015009380863039379
2015-12-15,2670,2850,2620,2835,3595986,0.08000000000000007
2015-12-16,2825,2875,2760,2760,1841058,-0.02645502645502651
2015-12-17,2775,2850,2745,2810,1305205,0.018115942028985588
2015-12-18,2780,2870,2765,2820,1693178,0.003558718861210064
2015-12-21,2800,2800,2685,2690,1658755,-0.046099290780141855
2015-12-22,2715,2920,2710,2885,5079846,0.07249070631970267
2015-12-23,2875,2955,2805,2850,2396322,-0.012131715771230511
2015-12-24,2835,3115,2835,2910,8099748,0.021052631578947434
2015-12-28,2940,2940,2715,2770,1980410,-0.04810996563573888
2015-12-29,2770,2820,2690,2765,1070486,-0.0018050541516245744
2015-12-30,2780,2840,2740,2740,715872,-0.009041591320072317
2016-01-04,2680,2745,2605,2615,1289085,-0.04562043795620441
2016-01-05,2625,2685,2595,2620,828442,0.0019120458891013214
2016-01-06,2655,2700,2500,2600,1077459,-0.007633587786259555
2016-01-07,2585,2610,2480,2515,803923,-0.03269230769230769
2016-01-08,2440,2570,2415,2525,911279,0.003976143141153132
2016-01-11,2515,2675,2515,2540,593338,0.005940594059405946
2016-01-12,2570,2645,2505,2520,456820,-0.007874015748031482
2016-01-13,2530,2575,2525,2565,328473,0.017857142857142794
2016-01-14,2530,2550,2455,2500,695065,-0.025341130604288553
2016-01-15,2535,2575,2455,2455,877133,-0.018000000000000016
2016-01-18,2390,2445,2360,2375,679141,-0.03258655804480648
2016-01-19,2360,2395,2310,2370,624977,-0.002105263157894721
2016-01-20,2365,2395,2150,2200,1392092,-0.07172995780590719
2016-01-21,2195,2270,2190,2215,817217,0.006818181818181834
2016-01-22,2240,2415,2240,2350,1373721,0.060948081264108334
2016-01-25,2355,2405,2320,2375,466333,0.010638297872340496
2016-01-26,2345,2360,2255,2270,515002,-0.04421052631578948
2016-01-27,2290,2330,2180,2240,711081,-0.013215859030836996
2016-01-28,2220,2335,2200,2320,656464,0.03571428571428581
2016-01-29,2305,2335,2260,2310,310473,-0.004310344827586188
2016-02-01,2310,2335,2260,2260,459075,-0.02164502164502169
2016-02-02,2260,2295,2215,2275,431909,0.006637168141592875
2016-02-03,2245,2275,2220,2250,286232,-0.01098901098901095
2016-02-04,2260,2330,2250,2325,394343,0.03333333333333344
2016-02-05,2345,2380,2310,2345,383322,0.008602150537634357
2016-02-11,2280,2315,2120,2140,716516,-0.08742004264392322
2016-02-12,2095,2190,1920,2000,1065708,-0.06542056074766356
2016-02-15,2005,2100,1985,2050,728370,0.02499999999999991
2016-02-16,2055,2150,2055,2110,380570,0.029268292682926855
2016-02-17,2115,2175,2065,2075,322464,-0.016587677725118488
2016-02-18,2100,2425,2100,2255,2494097,0.08674698795180724
2016-02-19,2265,2330,2170,2305,664291,0.022172949002217335
2016-02-22,2390,2390,2250,2250,537343,-0.02386117136659438
2016-02-23,2280,2445,2260,2400,2276934,0.06666666666666665
2016-02-24,2390,2430,2355,2375,505571,-0.01041666666666663
2016-02-25,2380,2435,2320,2320,547607,-0.023157894736842155
2016-02-26,2320,2370,2285,2330,400130,0.004310344827586299
2016-02-29,2315,2460,2230,2260,1340747,-0.030042918454935674
2016-03-02,2320,2360,2280,2340,721176,0.03539823008849563
2016-03-03,2335,2360,2305,2350,369233,0.004273504273504258
2016-03-04,2325,2360,2290,2330,521023,-0.008510638297872353
2016-03-07,2320,2350,2270,2275,533306,-0.023605150214592308
2016-03-08,2285,2345,2235,2285,448806,0.00439560439560438
2016-03-09,2295,2325,2260,2275,439195,-0.004376367614879695
2016-03-10,2255,2315,2240,2240,702958,-0.01538461538461533
2016-03-11,2240,2270,2230,2250,354247,0.0044642857142858094
2016-03-14,2290,2380,2290,2345,1401024,0.04222222222222216
2016-03-15,2350,2355,2270,2300,415224,-0.019189765458422214
2016-03-16,2300,2335,2230,2285,1067555,-0.006521739130434745
2016-03-17,2285,2300,2250,2260,586220,-0.01094091903719907
2016-03-18,2245,2245,2085,2125,1835459,-0.05973451327433632
2016-03-21,2180,2210,2130,2155,807019,0.014117647058823568
2016-03-22,2155,2175,2120,2175,435295,0.009280742459396807
2016-03-23,2150,2185,2120,2150,396585,-0.011494252873563204
2016-03-24,2150,2175,2105,2125,476902,-0.011627906976744207
2016-03-25,2190,2200,2070,2070,1066645,-0.025882352941176467
2016-03-28,2080,2100,2000,2010,1027718,-0.02898550724637683
2016-03-29,2025,2110,2025,2090,970019,0.03980099502487566
2016-03-30,2090,2140,2070,2110,716434,0.009569377990430672
2016-03-31,2130,2170,2110,2135,878483,0.011848341232227444
2016-04-01,2135,2160,2105,2105,452692,-0.014051522248243575
2016-04-04,2120,2205,2105,2205,844031,0.04750593824228022
2016-04-05,2180,2235,2175,2220,511203,0.006802721088435382
2016-04-06,2225,2225,2170,2180,370567,-0.018018018018018056
2016-04-07,2170,2240,2165,2190,654050,0.004587155963302836
2016-04-08,2175,2190,2125,2140,458103,-0.022831050228310557
2016-04-11,2175,2265,2140,2225,1435929,0.03971962616822422
2016-04-12,2205,2230,2145,2200,657795,-0.011235955056179803
2016-04-14,1790,1955,1780,1910,2667192,-0.13181818181818183
2016-04-15,1915,1965,1915,1945,715595,0.018324607329842868
2016-04-18,1945,1975,1895,1905,578127,-0.020565552699228773
2016-04-19,1905,1930,1895,1900,468337,-0.002624671916010457
2016-04-20,1935,2160,1920,1960,5475182,0.03157894736842115
2016-04-21,1975,2010,1915,1940,853602,-0.010204081632653073
2016-04-22,1940,1950,1910,1910,677639,-0.015463917525773141
2016-04-25,1900,1910,1815,1815,1339976,-0.04973821989528793
2016-04-26,1840,1855,1785,1815,748654,0.0
2016-04-27,1820,1855,1820,1830,377886,0.008264462809917328
2016-04-28,1840,1875,1830,1840,506579,0.005464480874316946
2016-04-29,1830,1870,1815,1820,317562,-0.010869565217391353
2016-05-02,1825,1835,1775,1780,586315,-0.02197802197802201
2016-05-03,1785,1820,1775,1810,205547,0.016853932584269593
2016-05-04,1785,1810,1755,1755,577603,-0.03038674033149169
2016-05-09,1825,1900,1800,1825,1288052,0.03988603988603989
2016-05-10,1800,1830,1790,1810,389831,-0.008219178082191747
2016-05-11,1815,1865,1810,1865,421840,0.03038674033149169
2016-05-12,1860,2060,1840,1905,3875946,0.02144772117962468
2016-05-13,1915,1970,1900,1920,874384,0.007874015748031482
2016-05-16,1910,1965,1910,1935,744751,0.0078125
2016-05-17,1950,1955,1855,1865,753931,-0.036175710594315236
2016-05-18,1850,1945,1850,1910,722805,0.024128686327077764
2016-05-19,1920,1925,1880,1915,420366,0.002617801047120505
2016-05-20,1895,1940,1890,1925,555427,0.005221932114882533
2016-05-23,1930,1960,1915,1935,557003,0.0051948051948051965
2016-05-24,1965,1975,1920,1925,555149,-0.0051679586563307955
2016-05-25,1940,2045,1890,2005,2384246,0.04155844155844157
2016-05-26,1935,1965,1910,1930,1055506,-0.03740648379052369
2016-05-27,1940,1960,1915,1925,417948,-0.002590673575129543
2016-05-30,1925,1975,1910,1935,446109,0.0051948051948051965
2016-05-31,1930,1975,1930,1960,424839,0.012919896640826822
2016-06-01,1960,2005,1950,1990,660406,0.015306122448979664
2016-06-02,2025,2065,1990,1995,891244,0.002512562814070307
2016-06-03,2005,2030,1975,2015,556081,0.010025062656641603
2016-06-07,2035,2040,1990,1995,292528,-0.00992555831265507
2016-06-08,1990,2000,1960,1975,264778,-0.010025062656641603
2016-06-09,1970,1995,1950,1970,472193,-0.0025316455696202667
2016-06-10,1955,1985,1950,1955,359459,-0.0076142131979695105
2016-06-13,1950,1965,1915,1925,350059,-0.01534526854219953
2016-06-14,1925,1930,1870,1870,424930,-0.02857142857142858
2016-06-15,1870,1915,1865,1875,284659,0.002673796791443861
2016-06-16,1875,1905,1815,1835,334398,-0.021333333333333315
2016-06-17,1840,1890,1815,1830,220231,-0.0027247956403270157
2016-06-20,1835,1870,1835,1850,187186,0.010928961748633892
2016-06-21,1870,1885,1850,1865,166630,0.008108108108108025
2016-06-22,1870,1925,1865,1900,305542,0.018766756032171594
2016-06-23,1915,1915,1845,1860,274888,-0.021052631578947323
2016-06-24,1875,1910,1650,1760,1050242,-0.053763440860215006
2016-06-27,1660,1785,1660,1730,500984,-0.017045454545454586
2016-06-28,1715,1830,1705,1770,352180,0.023121387283236983
2016-06-29,1800,1840,1785,1810,337809,0.02259887005649719
2016-06-30,1830,1840,1790,1790,281636,-0.011049723756906049
2016-07-01,1975,2325,1950,2325,24748306,0.2988826815642458
2016-07-04,2335,2455,2205,2260,21903883,-0.027956989247311825
2016-07-05,2290,2310,2200,2250,5541158,-0.004424778761061954
2016-07-06,2255,2315,2195,2280,6083629,0.01333333333333342
2016-07-07,2300,2350,2225,2235,5075615,-0.019736842105263164
2016-07-08,2245,2245,2120,2140,2831669,-0.04250559284116329
2016-07-11,2155,2170,2105,2140,1287679,0.0
2016-07-12,2145,2180,2130,2165,1507860,0.011682242990654235
2016-07-13,2155,2215,2140,2155,1364147,-0.004618937644341847
2016-07-14,2175,2175,2110,2135,758265,-0.009280742459396807
2016-07-15,2200,2275,2160,2190,2515820,0.025761124121779888
2016-07-18,2190,2230,2135,2145,843142,-0.020547945205479423
2016-07-19,2145,2225,2145,2215,910538,0.03263403263403264
2016-07-20,2200,2230,2180,2195,588670,-0.009029345372460473
2016-07-21,2185,2225,2185,2195,668413,0.0
2016-07-22,2210,2245,2190,2235,916103,0.018223234624145768
2016-07-25,2210,2250,2190,2195,876788,-0.017897091722595126
2016-07-26,2195,2240,2190,2220,579971,0.011389521640091216
2016-07-27,2235,2440,2195,2280,6753796,0.027027027027026973
2016-07-28,2305,2325,2240,2255,1610334,-0.010964912280701733
2016-07-29,2240,2290,2190,2190,1054081,-0.02882483370288247
2016-08-01,2160,2230,2160,2175,750487,-0.006849315068493178
2016-08-02,2180,2230,2165,2210,547232,0.016091954022988464
2016-08-03,2210,2240,2180,2210,541716,0.0
2016-08-04,2230,2320,2220,2300,1443445,0.040723981900452566
2016-08-05,2300,2300,2230,2245,864159,-0.023913043478260843
2016-08-08,2270,2400,2245,2400,3485106,0.069042316258352
2016-08-09,2395,2415,2300,2335,2164356,-0.027083333333333348
2016-08-10,2255,2280,2130,2225,2023383,-0.047109207708779466
2016-08-11,2230,2270,2205,2235,728179,0.004494382022471877
2016-08-12,2245,2250,2210,2245,450755,0.004474272930648837
2016-08-16,2250,2270,2225,2235,244626,-0.0044543429844098315
2016-08-17,2220,2250,2150,2250,672665,0.006711409395973256
2016-08-18,2245,2255,2180,2215,352590,-0.015555555555555545
2016-08-19,2195,2225,2175,2185,307865,-0.013544018058690765
2016-08-22,2185,2200,2120,2145,380947,-0.01830663615560646
2016-08-23,2160,2160,2075,2110,369342,-0.01631701631701632
2016-08-24,2110,2150,2105,2130,287259,0.009478672985782088
2016-08-25,2130,2150,2065,2095,471873,-0.016431924882629123
2016-08-26,2090,2095,1990,2025,768730,-0.03341288782816232
2016-08-29,2055,2185,2030,2125,1145789,0.04938271604938271
2016-08-30,2125,2175,2110,2150,430637,0.0117647058823529
2016-08-31,2130,2230,2130,2180,825100,0.013953488372093092
2016-09-01,2180,2270,2155,2225,721895,0.020642201834862428
2016-09-02,2230,2255,2190,2220,299034,-0.0022471910112359383
2016-09-05,2240,2320,2215,2290,1103386,0.03153153153153143
2016-09-06,2290,2305,2240,2250,442966,-0.017467248908296984
2016-09-07,2285,2290,2240,2285,416992,0.015555555555555545
2016-09-08,2300,2395,2220,2335,1666019,0.02188183807439814
2016-09-09,2335,2340,2230,2230,705517,-0.04496788008565311
2016-09-12,2150,2265,2150,2235,563093,0.0022421524663676085
2016-09-13,2245,2300,2225,2290,493321,0.02460850111856816
2016-09-19,2305,2465,2300,2460,2443169,0.07423580786026207
2016-09-20,2520,2665,2440,2440,4091620,-0.008130081300813052
2016-09-21,2470,2580,2425,2520,2091549,0.032786885245901676
2016-09-22,2570,2585,2370,2450,1584253,-0.02777777777777779
2016-09-23,2470,2505,2395,2500,1003472,0.020408163265306145
2016-09-26,2460,2545,2430,2500,909133,0.0
2016-09-27,2500,2550,2450,2520,658717,0.008000000000000007
2016-09-28,2530,2555,2390,2460,1637562,-0.023809523809523836
2016-09-29,2475,2485,2400,2485,730094,0.010162601626016343
2016-09-30,2475,2480,2390,2390,663581,-0.0382293762575453
2016-10-04,2390,2435,2380,2405,484092,0.006276150627614996
2016-10-05,2395,2410,2320,2330,912990,-0.03118503118503113
2016-10-06,2330,2430,2330,2425,709396,0.04077253218884125
2016-10-07,2450,2450,2370,2435,675193,0.004123711340206171
2016-10-10,2430,2525,2410,2500,1735861,0.026694045174537884
2016-10-11,2510,2645,2275,2275,7660276,-0.08999999999999997
2016-10-12,2250,2260,2135,2150,2711939,-0.05494505494505497
2016-10-13,2165,2205,2060,2070,1539964,-0.037209302325581395
2016-10-14,2070,2135,2065,2080,833929,0.004830917874396157
2016-10-17,2080,2150,2065,2100,735625,0.009615384615384581
2016-10-18,2105,2140,2065,2075,446289,-0.011904761904761862
2016-10-19,2075,2095,2055,2075,481550,0.0
2016-10-20,2090,2145,2065,2070,641352,-0.002409638554216831
2016-10-21,2075,2080,2005,2010,615325,-0.02898550724637683
2016-10-24,2015,2120,2015,2075,902392,0.03233830845771135
2016-10-25,2075,2090,2005,2035,449834,-0.01927710843373498
2016-10-26,2020,2120,1970,2025,909447,-0.004914004914004955
2016-10-27,2015,2080,2015,2060,338742,0.01728395061728394
2016-10-28,2060,2075,2015,2015,409857,-0.021844660194174748
2016-10-31,2005,2140,1995,2045,1634909,0.014888337468982549
2016-11-01,2040,2095,2040,2055,565172,0.004889975550122161
2016-11-02,2025,2060,1875,1875,1085415,-0.08759124087591241
2016-11-03,1800,1895,1800,1865,538657,-0.005333333333333301
2016-11-04,1855,1910,1855,1905,314757,0.02144772117962468
2016-11-07,1895,1995,1895,1985,598957,0.04199475065616798
2016-11-08,2000,2005,1955,1965,218235,-0.010075566750629705
2016-11-09,1985,1990,1725,1820,1180917,-0.07379134860050895
2016-11-10,1850,1920,1850,1915,345750,0.052197802197802234
2016-11-11,1925,2010,1880,1990,402749,0.039164490861618884
2016-11-14,2030,2140,1990,2130,1554060,0.07035175879396993
2016-11-15,2195,2235,2070,2135,1611730,0.0023474178403755097
2016-11-16,2155,2180,2110,2150,459987,0.007025761124121788
2016-11-17,2100,2170,2090,2155,648334,0.0023255813953488857
2016-11-18,2135,2170,2090,2130,592091,-0.011600928074245953
2016-11-21,2130,2140,2025,2050,436159,-0.03755868544600938
2016-11-22,2060,2105,2035,2090,297896,0.019512195121951237
2016-11-23,2000,2000,1825,1920,2601968,-0.08133971291866027
2016-11-24,1920,1970,1900,1935,842550,0.0078125
2016-11-25,1910,1955,1895,1910,479710,-0.012919896640826822
2016-11-28,1895,1920,1800,1840,526259,-0.03664921465968585
2016-11-29,1840,1920,1840,1860,441270,0.010869565217391353
2016-11-30,1850,1895,1850,1885,205563,0.013440860215053752
2016-12-01,1885,1885,1845,1860,368879,-0.01326259946949604
2016-12-02,1860,1900,1860,1875,352815,0.008064516129032251
2016-12-05,1850,1900,1820,1895,374123,0.010666666666666602
2016-12-06,1900,1945,1890,1900,275811,0.0026385224274405594
2016-12-07,1890,1910,1835,1900,384148,0.0
2016-12-08,1985,1990,1900,1920,410925,0.010526315789473717
2016-12-09,1920,1960,1905,1955,305583,0.01822916666666674
2016-12-12,1975,1980,1920,1950,372299,-0.002557544757033292
2016-12-13,1970,2050,1960,2000,998629,0.02564102564102555
2016-12-14,2005,2015,1975,1980,211117,-0.010000000000000009
2016-12-15,2000,2005,1955,1980,357450,0.0
2016-12-16,2020,2020,1970,1975,252365,-0.002525252525252486
2016-12-19,1980,2035,1970,2010,349041,0.017721518987341867
2016-12-20,2025,2040,1995,2000,244933,-0.00497512437810943
2016-12-21,2015,2240,2010,2055,4123731,0.02750000000000008
2016-12-22,2045,2090,2020,2065,623000,0.0048661800486617945
2016-12-23,2065,2075,2040,2045,439437,-0.009685230024213065
2016-12-26,2060,2060,1995,1995,401137,-0.02444987775061125
2016-12-27,1985,2060,1980,2035,553011,0.020050125313283207
2016-12-28,2035,2105,2010,2025,1297524,-0.004914004914004955
2016-12-29,2030,2065,2015,2015,456627,-0.004938271604938316
2017-01-02,2015,2030,1995,2020,285051,0.002481389578163684
2017-01-03,2015,2060,2010,2045,416263,0.012376237623762387
2017-01-04,2065,2065,2040,2050,188704,0.0024449877750611915
2017-01-05,2050,2085,2050,2065,518605,0.007317073170731714
2017-01-06,2075,2100,2060,2075,322492,0.004842615012106588
2017-01-09,2075,2075,2050,2060,249786,-0.0072289156626506035
2017-01-10,2070,2070,2005,2005,466986,-0.02669902912621358
2017-01-11,2020,2035,2005,2035,251507,0.014962593516209433
2017-01-12,2040,2075,2020,2025,458627,-0.004914004914004955
2017-01-13,2035,2035,1955,1965,797320,-0.029629629629629672
2017-01-16,1965,1980,1915,1935,397593,-0.01526717557251911
2017-01-17,1930,1965,1905,1905,205237,-0.015503875968992276
2017-01-18,1910,1940,1910,1920,129595,0.007874015748031482
2017-01-19,1915,1950,1915,1930,130251,0.005208333333333259
2017-01-20,1930,1960,1915,1925,138560,-0.002590673575129543
2017-01-23,1925,1960,1850,1860,372276,-0.03376623376623378
2017-01-24,1840,1865,1830,1835,296098,-0.013440860215053752
2017-01-25,1845,1860,1835,1835,136784,0.0
2017-01-26,1835,1880,1830,1855,183666,0.01089918256130784
2017-01-31,1865,1905,1850,1900,108876,0.0242587601078168
2017-02-01,1880,1920,1880,1900,141204,0.0
2017-02-02,1900,1940,1880,1905,246598,0.002631578947368318
2017-02-03,1905,1980,1860,1905,528348,0.0
2017-02-06,1910,1945,1890,1940,202785,0.018372703412073532
2017-02-07,1955,1955,1910,1920,57303,-0.010309278350515427
2017-02-08,1925,1965,1895,1905,253704,-0.0078125
2017-02-09,1930,1935,1870,1900,225517,-0.002624671916010457
2017-02-10,1910,1910,1875,1880,156559,-0.010526315789473717
2017-02-13,1880,1915,1840,1900,301279,0.010638297872340496
2017-02-14,1895,1925,1890,1920,112100,0.010526315789473717
2017-02-15,1925,1935,1910,1925,120783,0.0026041666666667407
2017-02-16,1930,1935,1890,1915,90178,-0.0051948051948051965
2017-02-17,1925,1950,1910,1920,264152,0.0026109660574411553
2017-02-20,1935,1940,1915,1920,73075,0.0
2017-02-21,1925,1935,1905,1905,117269,-0.0078125
2017-02-22,1905,1935,1895,1915,103565,0.005249343832020914
2017-02-23,1920,1925,1890,1895,158606,-0.010443864229765065
2017-02-24,1890,1905,1880,1890,79036,-0.0026385224274406704
2017-02-27,1890,1900,1875,1885,64725,-0.002645502645502673
2017-02-28,1900,1920,1865,1920,235428,0.018567639257294433
2017-03-02,1920,1970,1900,1920,171102,0.0
2017-03-03,1920,1925,1870,1875,162172,-0.0234375
2017-03-06,1855,1890,1850,1890,98555,0.008000000000000007
2017-03-07,1885,1905,1870,1880,56719,-0.005291005291005346
2017-03-08,1880,1890,1870,1870,51362,-0.005319148936170248
2017-03-09,1850,1875,1845,1855,128922,-0.008021390374331583
2017-03-10,1855,1880,1810,1870,143963,0.008086253369272267
2017-03-13,1870,1885,1835,1875,137295,0.002673796791443861
2017-03-14,1870,1935,1870,1915,293860,0.021333333333333426
2017-03-15,1925,1925,1890,1900,152188,-0.007832898172323799
2017-03-16,1890,1980,1885,1945,569921,0.023684210526315752
2017-03-17,1960,1970,1930,1945,296119,0.0
2017-03-20,1945,1950,1890,1905,221422,-0.020565552699228773
2017-03-21,1895,1920,1880,1890,180539,-0.007874015748031482
2017-03-22,1875,1885,1865,1880,93708,-0.005291005291005346
2017-03-23,1880,1895,1845,1845,254363,-0.018617021276595702
2017-03-24,1830,1880,1830,1845,152631,0.0
2017-03-27,1825,1845,1810,1815,337114,-0.016260162601625994
2017-03-28,1805,1865,1800,1850,247151,0.019283746556473913
2017-03-29,1865,1865,1820,1840,132724,-0.00540540540540535
2017-03-30,1815,1835,1815,1825,107331,-0.008152173913043459
2017-03-31,1820,1850,1820,1850,101136,0.013698630136986356
2017-04-03,1850,1860,1800,1855,194867,0.002702702702702675
2017-04-04,1845,1860,1805,1825,241646,-0.016172506738544423
2017-04-05,1825,1840,1800,1810,226325,-0.008219178082191747
2017-04-06,1810,1820,1795,1810,157129,0.0
2017-04-07,1805,1815,1790,1795,157971,-0.008287292817679592
2017-04-10,1790,1800,1730,1730,273703,-0.03621169916434541
2017-04-11,1730,1760,1680,1720,137188,-0.005780346820809301
2017-04-12,1730,1750,1700,1740,126003,0.011627906976744207
2017-04-13,1755,1770,1730,1750,69207,0.005747126436781658
2017-04-14,1745,1755,1720,1720,88039,-0.017142857142857126
2017-04-17,1720,1765,1720,1760,59698,0.023255813953488413
2017-04-18,1790,1790,1745,1760,66118,0.0
2017-04-19,1775,1775,1720,1730,117424,-0.017045454545454586
2017-04-20,1730,1750,1730,1745,76181,0.00867052023121384
2017-04-21,1745,1770,1735,1750,70892,0.002865329512893977
2017-04-24,1770,1770,1720,1740,113241,-0.005714285714285672
2017-04-25,1750,1800,1745,1790,159821,0.028735632183908066
2017-04-26,1810,1810,1770,1790,73427,0.0
2017-04-27,1815,1815,1755,1775,63842,-0.008379888268156388
2017-04-28,1765,1790,1750,1760,42216,-0.008450704225352101
2017-05-02,1775,1775,1720,1750,101782,-0.005681818181818232
2017-05-04,1750,1750,1730,1735,84203,-0.008571428571428563
2017-05-08,1730,1750,1710,1725,109521,-0.0057636887608069065
2017-05-10,1730,1775,1730,1760,112053,0.020289855072463725
2017-05-11,1750,1785,1750,1770,62365,0.005681818181818121
2017-05-12,1770,1780,1755,1765,126386,-0.0028248587570621764
2017-05-15,1765,1880,1755,1800,483379,0.019830028328611915
2017-05-16,1800,1805,1770,1780,95235,-0.011111111111111072
2017-05-17,1800,1800,1765,1770,87579,-0.005617977528089901
2017-05-18,1760,1785,1740,1750,58566,-0.011299435028248594
2017-05-19,1755,1780,1745,1760,88929,0.005714285714285783
2017-05-22,1755,1790,1755,1790,125692,0.017045454545454586
2017-05-23,1805,1830,1795,1820,179816,0.016759776536312776
2017-05-24,1830,1835,1785,1790,95449,-0.016483516483516536
2017-05-25,1795,1810,1785,1800,89469,0.005586592178770999
2017-05-26,1805,1820,1785,1800,149608,0.0
2017-05-29,1820,1845,1800,1810,206373,0.005555555555555536
2017-05-30,1830,1845,1800,1840,172934,0.016574585635359185
2017-05-31,1845,1845,1815,1820,133303,-0.010869565217391353
2017-06-01,1810,1825,1810,1820,46987,0.0
2017-06-02,1815,1835,1800,1815,188510,-0.0027472527472527375
2017-06-05,1805,1865,1710,1740,1643904,-0.04132231404958675
2017-06-07,1760,1760,1720,1745,211256,0.002873563218390718
2017-06-08,1745,1745,1720,1735,201165,-0.005730659025787954
2017-06-09,1745,1760,1730,1740,160509,0.0028818443804035088
2017-06-12,1730,1745,1710,1715,152719,-0.014367816091954033
2017-06-13,1720,1745,1715,1745,88083,0.017492711370262315
2017-06-14,1740,1750,1715,1740,193889,-0.002865329512893977
2017-06-15,1745,1745,1720,1725,78936,-0.008620689655172376
2017-06-16,1730,1735,1720,1730,63813,0.0028985507246377384
2017-06-19,1730,1740,1720,1735,133303,0.0028901734104045396
2017-06-20,1725,1740,1715,1725,178869,-0.0057636887608069065
2017-06-21,1730,1735,1700,1700,278000,-0.01449275362318836
2017-06-22,1700,1715,1690,1695,89080,-0.002941176470588225
2017-06-23,1690,1710,1690,1690,55594,-0.002949852507374673
2017-06-26,1690,1710,1690,1690,106910,0.0
2017-06-27,1690,1715,1685,1690,110434,0.0
2017-06-28,1690,1710,1690,1690,76447,0.0
2017-06-29,1695,1710,1685,1690,76716,0.0
2017-06-30,1690,1705,1685,1690,72918,0.0
2017-07-03,1685,1715,1665,1665,274700,-0.014792899408283988
2017-07-04,1665,1680,1635,1645,191347,-0.012012012012011963
2017-07-05,1655,1655,1630,1645,167561,0.0
2017-07-06,1640,1660,1640,1655,62799,0.006079027355623046
2017-07-07,1650,1655,1635,1655,61275,0.0
2017-07-10,1650,1650,1600,1635,211753,-0.012084592145015116
2017-07-11,1615,1650,1615,1620,81957,-0.00917431192660545
2017-07-12,1640,1640,1600,1610,72450,-0.006172839506172867
2017-07-13,1610,1630,1605,1610,44713,0.0
2017-07-14,1630,1635,1555,1555,232999,-0.03416149068322982
2017-07-17,1560,1580,1550,1565,104694,0.006430868167202508
2017-07-18,1560,1580,1560,1575,72352,0.006389776357827559
2017-07-19,1575,1585,1565,1575,108766,0.0
2017-07-20,1580,1600,1580,1585,51016,0.006349206349206327
2017-07-21,1595,1620,1590,1610,68038,0.01577287066246047
2017-07-24,1605,1620,1590,1610,35167,0.0
2017-07-25,1615,1615,1575,1580,61355,-0.018633540372670843
2017-07-26,1605,1605,1550,1560,81234,-0.012658227848101222
2017-07-27,1560,1565,1535,1540,102898,-0.012820512820512775
2017-07-28,1545,1565,1480,1500,287707,-0.025974025974025983
2017-07-31,1500,1515,1440,1465,222225,-0.023333333333333317
2017-08-01,1445,1490,1445,1480,49069,0.010238907849829282
2017-08-02,1475,1510,1475,1505,64713,0.016891891891891886
2017-08-03,1515,1515,1475,1480,66355,-0.01661129568106312
2017-08-04,1480,1500,1475,1500,54037,0.013513513513513598
2017-08-07,1495,1545,1495,1515,68729,0.010000000000000009
2017-08-08,1535,1540,1500,1510,50060,-0.0033003300330033403
2017-08-09,1500,1510,1460,1470,147050,-0.026490066225165587
2017-08-10,1470,1485,1400,1425,136584,-0.030612244897959218
2017-08-11,1415,1420,1370,1375,185359,-0.03508771929824561
2017-08-14,1375,1405,1375,1400,74200,0.018181818181818077
2017-08-16,1405,1475,1405,1450,143910,0.03571428571428581
2017-08-17,1455,1500,1435,1485,87523,0.024137931034482696
2017-08-18,1485,1495,1450,1475,47014,-0.006734006734006703
2017-08-21,1500,1500,1450,1470,42603,-0.003389830508474523
2017-08-22,1485,1485,1445,1445,58006,-0.017006802721088454
2017-08-23,1450,1460,1435,1445,78088,0.0
2017-08-24,1445,1460,1425,1445,69577,0.0
2017-08-25,1455,1715,1445,1495,3705216,0.03460207612456756
2017-08-28,1505,1540,1475,1500,511491,0.0033444816053511683
2017-08-29,1520,1525,1455,1480,379502,-0.013333333333333308
2017-08-30,1485,1495,1475,1495,168270,0.010135135135135087
2017-08-31,1500,1505,1470,1480,172755,-0.010033444816053505
2017-09-01,1480,1505,1480,1500,160727,0.013513513513513598
2017-09-04,1460,1505,1455,1480,89856,-0.013333333333333308
2017-09-05,1485,1675,1475,1545,3223252,0.04391891891891886
2017-09-06,1550,1590,1540,1540,1063098,-0.003236245954692518
2017-09-07,1555,1660,1540,1590,1175934,0.032467532467532534
2017-09-08,1590,1605,1550,1555,289963,-0.022012578616352196
2017-09-11,1560,1600,1545,1555,313848,0.0
2017-09-12,1560,1570,1540,1550,158020,-0.003215434083601254
2017-09-13,1555,1625,1545,1570,536606,0.012903225806451646
2017-09-14,1580,1585,1535,1585,190053,0.009554140127388644
2017-09-15,1580,1630,1570,1615,496030,0.018927444794952786
2017-09-18,1630,1685,1620,1640,703885,0.015479876160990669
2017-09-19,1630,1640,1575,1595,499934,-0.027439024390243927
2017-09-20,1585,1590,1525,1540,242826,-0.03448275862068961
2017-09-21,1540,1550,1505,1505,168386,-0.022727272727272707
2017-09-22,1490,1530,1480,1510,164074,0.0033222591362125353
2017-09-25,1465,1510,1440,1440,136760,-0.04635761589403975
2017-09-26,1410,1465,1410,1450,105111,0.00694444444444442
2017-09-27,1435,1475,1435,1440,139265,-0.006896551724137945
2017-09-28,1455,1510,1455,1485,145589,0.03125
2017-09-29,1475,1525,1475,1500,128195,0.010101010101010166
2017-10-10,1500,1515,1485,1505,79051,0.0033333333333334103
2017-10-11,1500,1525,1495,1520,119845,0.009966777408637828
2017-10-12,1510,1540,1510,1525,101572,0.00328947368421062
2017-10-13,1520,1520,1470,1485,167511,-0.02622950819672132
2017-10-16,1485,1500,1460,1500,79714,0.010101010101010166
2017-10-17,1500,1510,1465,1500,227371,0.0
2017-10-18,1500,1500,1440,1475,359605,-0.01666666666666672
2017-10-19,1475,1485,1450,1480,209288,0.003389830508474523
2017-10-20,1465,1495,1460,1475,205881,-0.0033783783783783994
2017-10-23,1480,1485,1465,1480,51830,0.003389830508474523
2017-10-24,1475,1495,1470,1480,92144,0.0
2017-10-25,1490,1490,1460,1480,246124,0.0
2017-10-26,1475,1480,1465,1465,154131,-0.010135135135135087
2017-10-27,1465,1515,1460,1515,133468,0.03412969283276457
2017-10-30,1515,1545,1500,1535,112562,0.013201320132013139
2017-10-31,1535,1540,1510,1530,103718,-0.0032573289902280145
2017-11-01,1540,1540,1515,1520,124122,-0.006535947712418277
2017-11-02,1520,1525,1490,1500,131971,-0.013157894736842146
2017-11-03,1500,1510,1480,1500,84972,0.0
2017-11-06,1500,1505,1475,1495,76473,-0.0033333333333332993
2017-11-07,1495,1495,1470,1490,88212,-0.0033444816053511683
2017-11-08,1490,1505,1475,1500,67917,0.006711409395973256
2017-11-09,1500,1530,1490,1520,153847,0.01333333333333342
2017-11-10,1525,1590,1520,1530,495682,0.006578947368421018
2017-11-13,1540,1595,1515,1580,330412,0.03267973856209161
2017-11-14,1580,1605,1545,1565,308366,-0.009493670886076
2017-11-15,1560,1580,1515,1530,214933,-0.022364217252396124
2017-11-16,1530,1545,1515,1530,124815,0.0
2017-11-17,1535,1550,1520,1540,124978,0.006535947712418277
2017-11-20,1530,1550,1530,1545,181741,0.0032467532467532756
2017-11-21,1555,1555,1510,1510,160180,-0.02265372168284785
2017-11-22,1510,1520,1460,1470,290343,-0.026490066225165587
2017-11-23,1470,1495,1470,1495,125447,0.017006802721088343
2017-11-24,1505,1505,1490,1505,76134,0.006688963210702337
2017-11-27,1510,1520,1480,1500,82412,-0.0033222591362126463
2017-11-28,1510,1515,1495,1510,76516,0.006666666666666599
2017-11-29,1485,1515,1485,1495,70080,-0.009933774834437137
2017-11-30,1500,1500,1480,1485,71466,-0.006688963210702337
2017-12-01,1485,1495,1445,1470,217449,-0.010101010101010055
2017-12-04,1465,1480,1450,1470,73664,0.0
2017-12-05,1470,1500,1460,1485,50305,0.010204081632652962
2017-12-06,1500,1535,1490,1500,162254,0.010101010101010166
2017-12-07,1515,1515,1475,1485,98442,-0.010000000000000009
2017-12-08,1485,1495,1455,1455,68912,-0.02020202020202022
2017-12-11,1470,1475,1455,1455,71147,0.0
2017-12-12,1460,1465,1450,1460,81359,0.0034364261168384758
2017-12-13,1465,1485,1460,1480,64840,0.013698630136986356
2017-12-14,1475,1485,1465,1465,20815,-0.010135135135135087
2017-12-15,1465,1475,1445,1450,116932,-0.010238907849829393
2017-12-18,1450,1460,1430,1435,199657,-0.010344827586206917
2017-12-19,1435,1440,1380,1400,273517,-0.024390243902439046
2017-12-20,1405,1420,1385,1385,122398,-0.010714285714285676
2017-12-21,1385,1400,1355,1370,137770,-0.010830324909747335
2017-12-22,1370,1405,1355,1405,116313,0.025547445255474477
2017-12-26,1410,1415,1385,1390,110163,-0.010676156583629859
2017-12-27,1390,1400,1375,1390,56795,0.0
2017-12-28,1395,1410,1380,1410,37421,0.014388489208633004
2018-01-02,1405,1420,1390,1410,122102,0.0
2018-01-03,1420,1425,1400,1410,114193,0.0
2018-01-04,1410,1425,1400,1400,79697,-0.007092198581560294
2018-01-05,1405,1420,1390,1410,103480,0.0071428571428571175
2018-01-08,1410,1420,1375,1380,151492,-0.021276595744680882
2018-01-09,1380,1405,1375,1385,112731,0.0036231884057971175
2018-01-10,1380,1420,1380,1415,169486,0.02166064981949467
2018-01-11,1415,1425,1395,1400,117816,-0.010600706713780883
2018-01-12,1400,1415,1400,1410,89978,0.0071428571428571175
2018-01-15,1415,1435,1405,1435,124769,0.01773049645390068
2018-01-16,1435,1435,1365,1400,321231,-0.024390243902439046
2018-01-17,1400,1405,1375,1400,75034,0.0
2018-01-18,1400,1400,1385,1400,77145,0.0
2018-01-19,1400,1415,1395,1405,84967,0.0035714285714285587
2018-01-22,1415,1415,1395,1410,61589,0.003558718861210064
2018-01-23,1415,1415,1390,1410,61271,0.0
2018-01-24,1410,1440,1405,1440,161340,0.02127659574468077
2018-01-25,1450,1475,1435,1460,252629,0.01388888888888884
2018-01-26,1475,1490,1450,1490,189159,0.020547945205479534
2018-01-29,1500,1505,1475,1485,169173,-0.003355704697986628
2018-01-30,1495,1515,1455,1460,205119,-0.01683501683501687
2018-01-31,1450,1470,1435,1465,117067,0.003424657534246478
2018-02-01,1475,1490,1460,1485,97804,0.013651877133105783
2018-02-02,1485,1490,1455,1470,71495,-0.010101010101010055
2018-02-05,1435,1440,1390,1420,152806,-0.03401360544217691
2018-02-06,1380,1410,1355,1390,588896,-0.021126760563380254
2018-02-07,1405,1405,1370,1370,213111,-0.014388489208633115
2018-02-08,1380,1405,1375,1395,106687,0.018248175182481674
2018-02-09,1370,1380,1360,1375,176684,-0.014336917562724039
2018-02-12,1375,1395,1360,1385,180896,0.0072727272727273196
2018-02-13,1390,1400,1375,1400,134090,0.010830324909747224
2018-02-14,1400,1405,1380,1390,76921,-0.0071428571428571175
2018-02-19,1395,1410,1380,1395,76572,0.003597122302158251
2018-02-20,1395,1420,1395,1415,79972,0.014336917562723928
2018-02-21,1405,1425,1405,1420,30458,0.0035335689045936647
2018-02-22,1410,1440,1410,1420,79004,0.0
2018-02-23,1420,1435,1405,1420,107552,0.0
2018-02-26,1425,1455,1405,1415,93945,-0.0035211267605633756
2018-02-27,1410,1425,1395,1400,88876,-0.010600706713780883
2018-02-28,1400,1410,1375,1390,149816,-0.0071428571428571175
2018-03-02,1390,1390,1365,1385,101705,-0.003597122302158251
2018-03-05,1385,1390,1365,1365,66456,-0.014440433212996373
2018-03-06,1375,1405,1370,1390,101220,0.01831501831501825
2018-03-07,1395,1400,1360,1370,247152,-0.014388489208633115
2018-03-08,1370,1385,1365,1380,88648,0.007299270072992803
2018-03-09,1390,1415,1375,1415,323881,0.0253623188405796
2018-03-12,1430,1630,1430,1550,6696831,0.09540636042402828
2018-03-13,1560,1610,1525,1545,1622762,-0.003225806451612856
2018-03-14,1535,1565,1525,1550,638358,0.003236245954692629
2018-03-15,1540,1555,1480,1500,884809,-0.032258064516129004
2018-03-16,1505,1520,1485,1510,273955,0.006666666666666599
2018-03-19,1505,1545,1480,1510,1017847,0.0
2018-03-20,1495,1520,1490,1515,290581,0.0033112582781456013
2018-03-21,1520,1535,1500,1510,219194,-0.0033003300330033403
2018-03-22,1495,1520,1465,1500,340668,-0.0066225165562914245
2018-03-23,1490,1505,1440,1460,450192,-0.026666666666666616
2018-03-26,1465,1500,1425,1500,265909,0.027397260273972712
2018-03-27,1515,1515,1470,1500,145438,0.0
2018-03-28,1475,1505,1465,1480,153545,-0.013333333333333308
2018-03-29,1480,1505,1475,1495,280461,0.010135135135135087
2018-03-30,1500,1525,1480,1520,278087,0.01672240802675584
2018-04-02,1525,1545,1485,1505,291853,-0.009868421052631526
2018-04-03,1490,1500,1465,1490,180027,-0.009966777408637828
2018-04-04,1490,1515,1475,1495,211907,0.003355704697986628
2018-04-05,1500,1505,1475,1480,170770,-0.010033444816053505
2018-04-06,1485,1485,1450,1480,272914,0.0
2018-04-09,1480,1480,1450,1460,96077,-0.013513513513513487
2018-04-10,1470,1470,1425,1445,195267,-0.010273972602739767
2018-04-11,1440,1460,1440,1460,102398,0.01038062283737018
2018-04-12,1470,1480,1455,1475,139188,0.010273972602739656
2018-04-13,1490,1505,1470,1490,139748,0.01016949152542379
2018-04-16,1490,1505,1465,1495,215072,0.003355704697986628
2018-04-17,1500,1520,1485,1500,166607,0.0033444816053511683
2018-04-18,1515,1520,1485,1510,208343,0.006666666666666599
2018-04-19,1510,1645,1490,1605,2554574,0.0629139072847682
2018-04-20,1640,1650,1570,1595,1051890,-0.006230529595015577
2018-04-23,1685,2070,1685,2070,26921334,0.29780564263322895
2018-04-24,2080,2250,1960,2005,23523681,-0.03140096618357491
2018-04-25,1965,2240,1920,1995,17013552,-0.004987531172069848
2018-04-26,1970,2075,1915,1915,5881425,-0.040100250626566414
2018-04-27,1915,1945,1815,1850,3613097,-0.03394255874673624
2018-04-30,1910,2130,1895,2060,10544373,0.11351351351351346
2018-05-02,2170,2410,2075,2230,10789292,0.08252427184466016
2018-05-03,2180,2225,2075,2085,2669326,-0.06502242152466364
2018-05-04,2100,2460,2080,2250,11560167,0.07913669064748197
2018-05-08,2185,2335,2115,2135,4168095,-0.05111111111111111
2018-05-09,2200,2215,1990,2170,1932185,0.016393442622950838
2018-05-10,2250,2275,2130,2170,2174801,0.0
2018-05-11,2140,2200,2080,2155,1205916,-0.00691244239631339
2018-05-14,2245,2690,2230,2480,15553802,0.15081206496519717
2018-05-15,2465,2510,2410,2490,2926644,0.0040322580645162365
2018-05-16,2240,2325,2090,2110,5232248,-0.15261044176706828
2018-05-17,2110,2275,2105,2165,4327689,0.026066350710900466
2018-05-18,2180,2185,2110,2170,1161975,0.002309468822170979
2018-05-21,2165,2185,2110,2155,770609,-0.00691244239631339
2018-05-23,2080,2205,2030,2145,1332532,-0.004640371229698403
2018-05-24,2230,2230,2010,2065,1507752,-0.037296037296037254
2018-05-25,1695,1840,1690,1800,2386411,-0.12832929782082325
2018-05-28,2070,2230,2035,2180,4226148,0.21111111111111103
2018-05-29,2175,2175,2050,2080,1773960,-0.04587155963302747
2018-05-30,2100,2205,2030,2065,2167260,-0.007211538461538436
2018-05-31,2050,2180,2050,2100,1379304,0.016949152542372836
2018-06-01,2140,2140,1960,2005,1167859,-0.04523809523809519
2018-06-04,2080,2080,1975,2005,562440,0.0
2018-06-05,1975,2365,1970,2155,14315194,0.07481296758104738
2018-06-07,2140,2260,2105,2145,2662325,-0.004640371229698403
2018-06-08,2150,2245,2105,2165,2092693,0.00932400932400923
2018-06-11,2195,2240,2150,2190,1642622,0.011547344110854452
2018-06-12,2185,2205,2035,2085,1514825,-0.047945205479452024
2018-06-14,2030,2050,1855,1870,1319124,-0.10311750599520386
2018-06-15,1845,1915,1845,1900,903014,0.016042780748663166
2018-06-18,1875,1960,1850,1880,967262,-0.010526315789473717
2018-06-19,1870,1980,1795,1800,780800,-0.04255319148936165
2018-06-20,1790,1885,1785,1875,604171,0.04166666666666674
2018-06-21,1905,1940,1835,1850,655253,-0.013333333333333308
2018-06-22,1835,1860,1750,1775,510301,-0.04054054054054057
2018-06-25,1750,1840,1750,1810,279195,0.019718309859154903
2018-06-26,1810,1810,1730,1745,437350,-0.035911602209944715
2018-06-27,1740,1770,1650,1650,684487,-0.054441260744985676
2018-06-28,1640,2020,1640,1685,7794986,0.021212121212121238
2018-06-29,1695,1755,1660,1740,1414740,0.03264094955489605
2018-07-02,1735,1740,1570,1575,1027986,-0.09482758620689657
2018-07-03,1575,1625,1520,1580,848781,0.0031746031746031633
2018-07-04,1550,1665,1550,1575,923351,-0.0031645569620253333
2018-07-05,1580,1600,1535,1560,390255,-0.00952380952380949
2018-07-06,1565,1655,1560,1620,620827,0.03846153846153855
2018-07-09,1600,1600,1530,1555,731208,-0.04012345679012341
2018-07-10,1560,1630,1560,1620,348213,0.04180064308681675
2018-07-11,1615,1725,1600,1650,982918,0.0185185185185186
2018-07-12,1650,1695,1635,1650,348879,0.0
2018-07-13,1665,1715,1650,1675,422709,0.015151515151515138
2018-07-16,1700,1710,1650,1675,296680,0.0
2018-07-17,1685,1685,1625,1645,220418,-0.017910447761193993
2018-07-18,1640,1675,1590,1605,295075,-0.024316109422492405
2018-07-19,1605,1630,1500,1525,590837,-0.049844236760124616
2018-07-20,1515,1570,1515,1540,396386,0.009836065573770592
2018-07-23,1605,1910,1470,1470,9220488,-0.045454545454545414
2018-07-24,1440,1590,1440,1520,2518478,0.03401360544217691
2018-07-25,1520,1555,1490,1500,902689,-0.013157894736842146
2018-07-26,1500,1595,1500,1570,984931,0.046666666666666634
2018-07-27,1590,1600,1555,1600,530631,0.019108280254777066
2018-07-30,1615,1645,1585,1645,427237,0.028124999999999956
2018-07-31,1635,1650,1595,1615,425955,-0.018237082066869248
2018-08-01,1615,1650,1610,1625,244274,0.006191950464396356
2018-08-02,1620,1645,1595,1600,269522,-0.01538461538461533
2018-08-03,1615,1630,1590,1605,242525,0.0031250000000000444
2018-08-06,1600,1640,1590,1620,252197,0.009345794392523255
2018-08-07,1620,1665,1615,1645,289054,0.015432098765432167
2018-08-08,1640,1675,1630,1655,260019,0.006079027355623046
2018-08-09,1650,1655,1615,1615,177178,-0.024169184290030232
2018-08-10,1665,1690,1630,1665,481022,0.030959752321981338
2018-08-13,1700,1700,1590,1600,500742,-0.03903903903903905
2018-08-14,1600,1675,1600,1645,183115,0.028124999999999956
2018-08-16,1655,1675,1550,1640,557640,-0.003039513677811523
2018-08-17,1645,1700,1610,1690,553855,0.030487804878048808
2018-08-20,1690,1690,1645,1670,193318,-0.011834319526627168
2018-08-21,1660,1735,1645,1735,403262,0.038922155688622784
2018-08-22,1745,1745,1700,1710,361296,-0.014409221902017322
2018-08-23,1710,1790,1690,1730,775679,0.011695906432748648
2018-08-24,1725,1745,1680,1700,323269,-0.017341040462427793
2018-08-27,1630,1655,1550,1565,1121779,-0.0794117647058824
2018-08-28,1570,1580,1550,1555,368616,-0.006389776357827448
2018-08-29,1550,1570,1535,1555,167359,0.0
2018-08-30,1555,1605,1555,1570,314597,0.009646302250803762
2018-08-31,1575,1590,1555,1570,184105,0.0
2018-09-03,1590,1600,1570,1580,249667,0.006369426751592355
2018-09-04,1590,1600,1575,1580,262462,0.0
2018-09-05,1590,1600,1580,1585,283181,0.0031645569620253333
2018-09-06,1600,1640,1580,1590,686672,0.003154574132492094
2018-09-07,1590,1885,1590,1715,7903871,0.07861635220125796
2018-09-10,1705,1805,1680,1775,2127789,0.03498542274052485
2018-09-11,1840,2125,1780,1945,26606909,0.09577464788732404
2018-09-12,1945,1955,1810,1865,4300870,-0.041131105398457546
2018-09-13,1860,2040,1850,1965,9512597,0.0536193029490617
2018-09-14,1925,1975,1905,1920,2235398,-0.022900763358778664
2018-09-17,1955,2065,1910,2000,4800974,0.04166666666666674
2018-09-18,1980,2140,1900,1900,9999762,-0.050000000000000044
2018-09-19,1930,1980,1780,1785,3281007,-0.06052631578947365
2018-09-20,1830,1865,1725,1780,1774143,-0.0028011204481792618
2018-09-21,1755,1855,1750,1820,1403821,0.022471910112359605
2018-09-27,1865,1865,1780,1780,1320274,-0.02197802197802201
2018-09-28,1780,1790,1715,1745,666871,-0.0196629213483146
2018-10-01,1760,1845,1730,1830,1212211,0.04871060171919761
2018-10-02,1795,1870,1785,1795,1059025,-0.01912568306010931
2018-10-04,1860,1860,1795,1795,821254,0.0
2018-10-05,1770,1800,1700,1715,661187,-0.04456824512534818
2018-10-08,1705,1760,1705,1715,337081,0.0
2018-10-10,1715,1730,1520,1525,921491,-0.11078717201166177
2018-10-11,1440,1535,1410,1455,1133709,-0.04590163934426228
2018-10-12,1420,1560,1420,1525,782439,0.04810996563573888
2018-10-15,1530,1575,1510,1510,580836,-0.00983606557377048
2018-10-16,1870,1960,1840,1960,15501921,0.29801324503311255
2018-10-17,2025,2040,1800,1865,15576323,-0.04846938775510201
2018-10-18,1875,1940,1805,1865,6316409,0.0
2018-10-19,1950,2055,1800,1830,19842105,-0.018766756032171594
2018-10-22,1820,1825,1725,1740,2619382,-0.049180327868852514
2018-10-23,1735,1865,1710,1745,6204422,0.002873563218390718
2018-10-24,1805,1935,1730,1745,12168095,0.0
2018-10-25,1890,1940,1770,1840,9468593,0.054441260744985565
2018-10-26,1840,1860,1605,1685,5095634,-0.0842391304347826
2018-10-29,1670,1705,1400,1400,3298162,-0.16913946587537088
2018-10-30,1310,1510,1310,1490,2942075,0.06428571428571428
2018-10-31,1505,1545,1450,1515,2163055,0.016778523489932917
2018-11-01,1530,1665,1515,1585,4361805,0.0462046204620461
2018-11-02,1600,1635,1595,1615,1787981,0.018927444794952786
2018-11-05,1615,1620,1545,1580,1161303,-0.021671826625387025
2018-11-06,1590,1635,1565,1585,1437942,0.0031645569620253333
2018-11-07,1600,1630,1495,1515,1713926,-0.04416403785488954
2018-11-08,1540,1575,1535,1540,782575,0.01650165016501659
2018-11-09,1555,1560,1515,1545,632778,0.0032467532467532756
2018-11-12,1530,1560,1510,1510,466189,-0.02265372168284785
2018-11-13,1455,1520,1450,1520,708773,0.0066225165562914245
2018-11-14,1545,1550,1510,1510,827664,-0.006578947368421018
2018-11-15,1495,1525,1485,1510,550414,0.0
2018-11-16,1515,1555,1505,1520,692523,0.0066225165562914245
2018-11-19,1545,1580,1530,1545,730027,0.016447368421052655
2018-11-20,1520,1565,1520,1540,539084,-0.003236245954692518
2018-11-21,1540,1590,1495,1585,832919,0.02922077922077926
2018-11-22,1590,1590,1540,1545,437827,-0.025236593059936863
2018-11-23,1545,1610,1515,1535,732778,-0.006472491909385147
2018-11-26,1580,1585,1545,1550,455702,0.009771986970684043
2018-11-27,1565,1630,1540,1610,1114305,0.03870967741935494
2018-11-28,1615,1630,1585,1600,526853,-0.006211180124223614
2018-11-29,1610,1640,1585,1640,1165552,0.02499999999999991
2018-11-30,1750,1870,1605,1610,7407546,-0.018292682926829285
2018-12-03,1655,1690,1625,1665,1066051,0.03416149068322971
2018-12-04,1665,1725,1645,1720,2262713,0.033033033033033066
2018-12-05,1680,1745,1660,1725,1431106,0.0029069767441860517
2018-12-06,1735,1805,1700,1770,3594502,0.026086956521739202
2018-12-07,1785,1825,1735,1745,2228992,-0.01412429378531077
2018-12-10,1750,1785,1635,1635,2166682,-0.0630372492836676
2018-12-11,1640,1660,1535,1570,1166605,-0.03975535168195721
2018-12-12,1570,1615,1570,1605,853248,0.022292993630573354
2018-12-13,1605,1830,1600,1685,5910255,0.049844236760124616
2018-12-14,1690,1720,1650,1700,1581582,0.008902077151335286
2018-12-17,1700,1710,1650,1700,957449,0.0
2018-12-18,1690,1760,1670,1725,1447514,0.014705882352941124
2018-12-19,1755,1820,1710,1745,2934763,0.011594202898550732
2018-12-20,1880,1975,1710,1745,13627598,0.0
2018-12-21,1730,1745,1665,1700,2250326,-0.025787965616045794
2018-12-24,1725,1795,1655,1655,3074638,-0.026470588235294135
2018-12-26,1605,1685,1605,1630,928597,-0.015105740181268867
2018-12-27,1705,1710,1620,1630,949692,0.0
2018-12-28,1630,1670,1630,1650,631025,0.012269938650306678
2019-01-02,1675,1680,1610,1610,573526,-0.024242424242424288
2019-01-03,1625,1840,1600,1730,3930467,0.07453416149068315
2019-01-04,1715,1755,1690,1735,1435938,0.0028901734104045396
2019-01-07,1755,1805,1735,1790,1417697,0.03170028818443793
2019-01-08,1800,1835,1750,1800,1619403,0.005586592178770999
2019-01-09,1810,1845,1785,1795,1022307,-0.002777777777777768
2019-01-10,1790,1810,1750,1780,693100,-0.00835654596100277
2019-01-11,1770,1935,1765,1895,4608258,0.06460674157303381
2019-01-14,1880,1980,1875,1910,3755543,0.0079155672823219
2019-01-15,1910,1970,1870,1925,1598240,0.007853403141361293
2019-01-16,1945,1965,1900,1935,1124369,0.0051948051948051965
2019-01-17,1945,1970,1885,1925,1198916,-0.0051679586563307955
2019-01-18,1935,1960,1895,1930,727215,0.0025974025974024872
2019-01-21,1945,1955,1915,1925,634677,-0.002590673575129543
2019-01-22,1920,2060,1915,2050,5481349,0.06493506493506485
2019-01-23,2175,2315,2000,2005,14329788,-0.02195121951219514
2019-01-24,2020,2070,1980,2010,2440872,0.0024937655860348684
2019-01-25,2025,2060,1995,2005,1972537,-0.0024875621890547706
2019-01-28,2005,2050,1995,2020,2169610,0.007481296758104827
2019-01-29,2065,2100,1960,1975,2493386,-0.022277227722772297
2019-01-30,1985,2015,1960,1980,1094355,0.0025316455696202667
2019-01-31,1980,2000,1915,1930,1381073,-0.025252525252525304
2019-02-01,1925,1985,1860,1945,1518346,0.007772020725388629
2019-02-07,1970,1990,1915,1955,793920,0.005141388174807249
2019-02-08,1935,1980,1925,1975,945264,0.010230179028132946
2019-02-11,1995,2065,1980,2015,3222294,0.020253164556962133
2019-02-12,2050,2115,2015,2065,3812230,0.02481389578163773
2019-02-13,2070,2095,2040,2070,1188815,0.002421307506053294
2019-02-14,2070,2085,1990,2030,1296115,-0.019323671497584516
2019-02-15,2020,2040,1985,2015,863765,-0.007389162561576401
2019-02-18,2015,2030,1990,2005,481120,-0.00496277915632759
2019-02-19,2005,2020,1995,2020,529786,0.007481296758104827
2019-02-20,2020,2060,1995,2015,877486,-0.0024752475247524774
2019-02-21,2080,2085,2010,2030,1650845,0.007444168734491274
2019-02-22,2040,2045,2000,2015,760192,-0.007389162561576401
2019-02-25,2015,2080,1905,1940,1095200,-0.037220843672456594
2019-02-26,1945,1975,1915,1935,588402,-0.002577319587628857
2019-02-27,1940,1950,1900,1935,493199,0.0
2019-02-28,1935,1940,1665,1720,1412476,-0.11111111111111116
2019-03-04,1680,1755,1655,1695,1136356,-0.014534883720930258
2019-03-05,1705,1735,1685,1710,737806,0.008849557522123908
2019-03-06,1715,1730,1665,1680,503763,-0.01754385964912286
2019-03-07,1665,1675,1600,1635,596059,-0.0267857142857143
2019-03-08,1610,1630,1595,1620,806675,-0.00917431192660545
2019-03-11,1610,1640,1590,1620,391538,0.0
2019-03-12,1620,1670,1615,1625,518731,0.0030864197530864335
2019-03-13,1640,1640,1575,1580,588367,-0.027692307692307683
2019-03-14,1590,1655,1575,1630,712778,0.03164556962025311
2019-03-15,1615,1640,1540,1575,1063950,-0.033742331288343586
2019-03-18,1565,1610,1565,1595,225312,0.012698412698412653
2019-03-19,1595,1635,1590,1620,383419,0.01567398119122254
2019-03-20,1620,1640,1600,1615,266012,-0.0030864197530864335
2019-03-21,1610,1625,1585,1590,187703,-0.015479876160990669
2019-03-22,1595,1605,1580,1605,165497,0.009433962264151052
2019-03-25,1605,1605,1560,1575,244651,-0.01869158878504673
2019-03-26,1580,1590,1565,1580,186298,0.0031746031746031633
2019-03-27,1590,1590,1555,1565,222263,-0.009493670886076
2019-03-28,1555,1565,1530,1530,207760,-0.022364217252396124
2019-03-29,1520,1600,1505,1590,607456,0.03921568627450989
2019-04-01,1600,1615,1585,1605,247497,0.009433962264151052
2019-04-02,1615,1635,1595,1630,254497,0.015576323987538832
2019-04-03,1630,1720,1625,1655,1209631,0.015337423312883347
2019-04-04,1665,1665,1625,1635,242729,-0.012084592145015116
2019-04-05,1645,1660,1640,1640,236862,0.003058103975535076
2019-04-08,1645,1655,1630,1645,162917,0.0030487804878047697
2019-04-09,1645,1665,1640,1660,303157,0.00911854103343468
2019-04-10,1665,1665,1645,1660,186035,0.0
2019-04-11,1660,1695,1660,1680,327313,0.012048192771084265
2019-04-12,1665,1680,1645,1660,401832,-0.011904761904761862
2019-04-15,1660,1665,1640,1660,188290,0.0
2019-04-16,1660,1660,1620,1650,287835,-0.0060240963855421326
2019-04-17,1650,1655,1625,1645,217018,-0.00303030303030305
2019-04-18,1635,1655,1635,1640,145593,-0.003039513677811523
2019-04-19,1640,1655,1635,1640,168447,0.0
2019-04-22,1640,1665,1620,1665,320768,0.015243902439024293
2019-04-23,1665,1705,1660,1675,406094,0.006006006006006093
2019-04-24,1680,1685,1650,1655,253218,-0.011940298507462699
2019-04-25,1690,1690,1625,1635,254955,-0.012084592145015116
2019-04-26,1635,2080,1620,1915,43623115,0.17125382262996935
2019-04-29,1715,1740,1635,1660,5428475,-0.13315926892950392
2019-04-30,1650,1675,1600,1620,2474172,-0.02409638554216864
2019-05-02,1620,1635,1600,1625,1029481,0.0030864197530864335
2019-05-03,1620,1645,1610,1610,932616,-0.009230769230769265
2019-05-07,1585,1605,1565,1590,600022,-0.012422360248447228
2019-05-08,1585,1615,1585,1585,494798,-0.0031446540880503138
2019-05-09,1595,1670,1580,1580,3148147,-0.003154574132492094
2019-05-10,1570,1645,1565,1580,1643414,0.0
2019-05-13,1590,1680,1585,1625,1746864,0.028481012658227778
2019-05-14,1600,1655,1585,1630,1390523,0.003076923076922977
2019-05-15,1645,1675,1620,1625,1077510,-0.0030674846625766694
2019-05-16,1630,1640,1610,1610,870269,-0.009230769230769265
2019-05-17,1645,1670,1615,1620,1025737,0.006211180124223503
2019-05-20,1630,1660,1610,1625,893836,0.0030864197530864335
2019-05-21,1650,1825,1650,1670,11835740,0.027692307692307683
2019-05-22,1670,1760,1660,1725,3276070,0.03293413173652704
2019-05-23,1725,1760,1660,1670,2492484,-0.03188405797101446
2019-05-24,1665,1695,1605,1605,1081403,-0.038922155688622784
2019-05-27,1605,1645,1600,1615,560991,0.006230529595015577
2019-05-28,1620,1695,1605,1695,970129,0.049535603715170184
2019-05-29,1695,1695,1650,1685,611956,-0.005899705014749235
2019-05-30,1680,1735,1665,1665,1110447,-0.011869436201780381
2019-05-31,1665,1750,1655,1720,1418620,0.033033033033033066
2019-06-03,1720,1745,1695,1715,924274,-0.0029069767441860517
2019-06-04,1715,1765,1700,1715,1190121,0.0
2019-06-05,1780,1820,1685,1690,4259918,-0.014577259475218707
2019-06-07,1695,1725,1670,1720,1024037,0.01775147928994092
2019-06-10,1730,1795,1710,1795,1525370,0.043604651162790775
2019-06-11,1790,1810,1765,1795,926851,0.0
2019-06-12,1815,1815,1770,1780,808256,-0.00835654596100277
2019-06-13,1790,1835,1775,1830,1357851,0.028089887640449396
2019-06-14,1840,1845,1760,1785,976890,-0.024590163934426257
2019-06-17,1785,1820,1765,1790,639613,0.0028011204481792618
2019-06-18,1790,1860,1770,1790,1882114,0.0
2019-06-19,1815,1840,1795,1800,882432,0.005586592178770999
2019-06-20,1820,1825,1775,1790,587988,-0.005555555555555536
2019-06-21,1790,1815,1740,1760,811049,-0.016759776536312887
2019-06-24,1760,1825,1760,1810,904643,0.02840909090909083
2019-06-25,1830,1855,1755,1775,1153122,-0.01933701657458564
2019-06-26,1765,1790,1725,1755,399287,-0.011267605633802802
2019-06-27,1770,1775,1695,1715,622852,-0.022792022792022748
2019-06-28,1715,1740,1690,1715,369671,0.0
2019-07-01,1740,1755,1715,1725,319882,0.005830903790087438
2019-07-02,1735,1745,1720,1735,355575,0.005797101449275255
2019-07-03,1735,1745,1680,1690,429902,-0.025936599423631135
2019-07-04,1695,1710,1610,1665,518477,-0.014792899408283988
2019-07-05,1655,1695,1655,1665,210870,0.0
2019-07-08,1640,1655,1580,1590,755579,-0.04504504504504503
2019-07-09,1575,1645,1550,1570,877378,-0.012578616352201255
2019-07-10,1560,1595,1550,1575,502520,0.0031847133757962887
2019-07-11,1580,1620,1580,1610,266097,0.022222222222222143
2019-07-12,1615,1640,1600,1640,282982,0.01863354037267073
2019-07-15,1640,1645,1600,1620,262290,-0.012195121951219523
2019-07-16,1630,1630,1600,1600,169189,-0.012345679012345734
2019-07-17,1595,1600,1540,1560,418308,-0.025000000000000022
2019-07-18,1555,1575,1545,1560,236830,0.0
2019-07-19,1560,1595,1560,1575,186501,0.009615384615384581
2019-07-22,1575,1595,1575,1590,83519,0.00952380952380949
2019-07-23,1590,1595,1560,1575,153623,-0.009433962264150941
2019-07-24,1570,1585,1520,1535,276954,-0.025396825396825418
2019-07-25,1510,1530,1455,1485,476938,-0.032573289902280145
2019-07-26,1460,1475,1400,1410,496764,-0.0505050505050505
2019-07-29,1400,1410,1320,1325,666897,-0.06028368794326244
2019-07-30,1310,1405,1310,1380,383336,0.04150943396226414
2019-07-31,1365,1415,1350,1410,276587,0.021739130434782705
2019-08-01,1385,1420,1380,1385,176024,-0.01773049645390068
2019-08-02,1360,1400,1355,1380,108220,-0.0036101083032491488
2019-08-05,1370,1390,1260,1260,589817,-0.08695652173913049
2019-08-06,1195,1300,1175,1190,521418,-0.05555555555555558
2019-08-07,1190,1270,1190,1260,472944,0.05882352941176472
2019-08-08,1265,1340,1265,1330,229793,0.05555555555555558
2019-08-09,1350,1380,1325,1340,275338,0.007518796992481258
2019-08-12,1340,1370,1325,1360,197659,0.014925373134328401
2019-08-13,1345,1365,1325,1350,134404,-0.007352941176470562
2019-08-14,1390,1390,1350,1360,155263,0.007407407407407307
2019-08-16,1360,1395,1345,1375,228124,0.011029411764705843
2019-08-19,1375,1420,1375,1420,187994,0.032727272727272716
2019-08-20,1425,1430,1405,1420,144002,0.0
2019-08-21,1410,1425,1395,1415,136348,-0.0035211267605633756
2019-08-22,1405,1420,1390,1400,153387,-0.010600706713780883
2019-08-23,1395,1405,1365,1370,149454,-0.021428571428571463
2019-08-26,1325,1350,1320,1330,244610,-0.029197080291970767
2019-08-27,1345,1380,1345,1345,168656,0.011278195488721776
2019-08-28,1345,1365,1345,1355,66950,0.0074349442379182396
2019-08-29,1355,1370,1345,1350,84855,-0.0036900369003689537
2019-08-30,1360,1380,1360,1375,123349,0.0185185185185186
2019-09-02,1365,1410,1360,1410,200166,0.025454545454545396
2019-09-03,1410,1415,1400,1410,109935,0.0
2019-09-04,1390,1430,1390,1425,108846,0.010638297872340496
2019-09-05,1425,1445,1420,1440,159199,0.010526315789473717
2019-09-06,1450,1455,1405,1415,110976,-0.01736111111111116
2019-09-09,1435,1435,1385,1410,121394,-0.0035335689045936647
2019-09-10,1415,1445,1405,1430,194211,0.014184397163120588
2019-09-11,1470,1740,1445,1510,17094348,0.05594405594405605
2019-09-16,1550,1645,1530,1580,4097291,0.04635761589403975
2019-09-17,1580,1620,1525,1590,1152297,0.006329113924050667
2019-09-18,1590,1615,1555,1585,834505,-0.0031446540880503138
2019-09-19,1590,1675,1570,1610,1981677,0.01577287066246047
2019-09-20,1610,1625,1585,1600,538504,-0.006211180124223614
2019-09-23,1605,1655,1595,1640,1007812,0.02499999999999991
2019-09-24,1640,1650,1580,1600,505089,-0.024390243902439046
2019-09-25,1600,1600,1520,1550,690216,-0.03125
2019-09-26,1580,1610,1550,1580,353710,0.019354838709677358
2019-09-27,1560,1565,1535,1540,370503,-0.025316455696202556
2019-09-30,1510,1555,1505,1545,314891,0.0032467532467532756
2019-10-01,1540,1555,1530,1555,121422,0.006472491909385036
2019-10-02,1555,1585,1540,1550,500143,-0.003215434083601254
2019-10-04,1550,1635,1540,1555,670105,0.003225806451612856
2019-10-07,1530,1530,1395,1415,1150618,-0.090032154340836
2019-10-08,1395,1430,1395,1415,248798,0.0
2019-10-10,1410,1435,1385,1425,244580,0.007067137809187329
2019-10-11,1425,1450,1415,1450,205372,0.01754385964912286
2019-10-14,1450,1485,1450,1475,328399,0.01724137931034475
2019-10-15,1475,1480,1450,1475,155275,0.0
2019-10-16,1485,1495,1470,1480,107377,0.003389830508474523
2019-10-17,1490,1490,1465,1480,143543,0.0
2019-10-18,1490,1505,1465,1470,195687,-0.006756756756756799
2019-10-21,1470,1475,1425,1425,279990,-0.030612244897959218
2019-10-22,1435,1475,1425,1470,254740,0.03157894736842115
2019-10-23,1470,1470,1425,1430,153869,-0.027210884353741527
2019-10-24,1430,1440,1415,1425,51251,-0.0034965034965035446
2019-10-25,1420,1440,1410,1420,97333,-0.0035087719298245723
2019-10-28,1420,1435,1405,1420,176930,0.0
2019-10-29,1420,1435,1410,1420,75636,0.0
2019-10-30,1420,1700,1420,1515,10997856,0.06690140845070425
2019-10-31,1525,1660,1485,1585,7196825,0.0462046204620461
2019-11-01,1545,1600,1535,1555,938756,-0.018927444794952675
2019-11-04,1550,1675,1525,1600,4028751,0.02893890675241151
2019-11-05,1620,1630,1575,1600,561591,0.0
2019-11-06,1590,1615,1555,1580,964472,-0.012499999999999956
2019-11-07,1610,1875,1605,1705,40750562,0.07911392405063289
2019-11-08,1695,1725,1675,1710,4108802,0.0029325513196480912
2019-11-11,1700,1730,1650,1705,3254533,-0.0029239766081871066
2019-11-12,1680,1690,1630,1665,1900501,-0.02346041055718473
2019-11-13,1650,1670,1625,1655,873369,-0.006006006006005982
2019-11-14,1670,1670,1610,1610,921038,-0.027190332326283984
2019-11-15,1605,1645,1605,1620,643981,0.006211180124223503
2019-11-18,1640,1680,1600,1615,1157946,-0.0030864197530864335
2019-11-19,1590,1610,1570,1580,703096,-0.021671826625387025
2019-11-20,1580,1605,1515,1550,872802,-0.01898734177215189
2019-11-21,1535,1560,1510,1515,468064,-0.022580645161290325
2019-11-22,1515,1540,1505,1515,459581,0.0
2019-11-25,1520,1550,1520,1540,319823,0.01650165016501659
2019-11-26,1550,1565,1540,1555,248298,0.009740259740259827
2019-11-27,1555,1575,1540,1550,197352,-0.003215434083601254
2019-11-28,1550,1550,1515,1525,251358,-0.016129032258064502
2019-11-29,1520,1550,1505,1505,321029,-0.013114754098360604
2019-12-02,1500,1520,1460,1485,374818,-0.013289036544850474
2019-12-03,1460,1515,1460,1505,223032,0.013468013468013407
2019-12-04,1495,1540,1470,1500,385522,-0.0033222591362126463
2019-12-05,1510,1510,1455,1465,444206,-0.023333333333333317
2019-12-06,1520,1725,1515,1555,20112170,0.061433447098976135
2019-12-09,1530,1560,1480,1495,2030538,-0.03858520900321538
2019-12-10,1495,1510,1470,1470,905065,-0.01672240802675584
2019-12-11,1475,1665,1475,1640,19031116,0.11564625850340127
2019-12-12,1800,1955,1660,1690,20252559,0.030487804878048808
2019-12-13,1775,1840,1710,1720,8646320,0.01775147928994092
2019-12-16,1750,1915,1745,1830,14461219,0.06395348837209291
2019-12-17,1810,2350,1785,2195,66349628,0.19945355191256842
2019-12-18,2200,2215,2010,2060,16442888,-0.06150341685649208
2019-12-19,2075,2265,2055,2175,28271958,0.05582524271844669
2019-12-20,2135,2250,2100,2135,9005251,-0.01839080459770115
2019-12-23,2130,2140,2025,2100,3650414,-0.016393442622950838
2019-12-24,2105,2210,2025,2025,5955440,-0.0357142857142857
2019-12-26,2035,2485,2035,2310,38360320,0.14074074074074083
2019-12-27,2400,2820,2355,2670,54802143,0.1558441558441559
2019-12-30,2610,2625,2495,2530,8576451,-0.05243445692883897
2020-01-02,2535,2580,2475,2560,5442658,0.011857707509881354
2020-01-03,2535,2610,2465,2595,6189174,0.013671875
2020-01-06,2525,2535,2400,2490,4503540,-0.040462427745664775
2020-01-07,2510,2725,2350,2360,10987802,-0.052208835341365445
2020-01-08,2350,2490,2205,2365,7092541,0.0021186440677967155
2020-01-09,2395,2440,2345,2415,3835437,0.02114164904862581
2020-01-10,2480,2640,2445,2445,11118599,0.012422360248447228
2020-01-13,2490,2495,2415,2490,2970127,0.018404907975460016
2020-01-14,2545,2555,2305,2380,5642439,-0.04417670682730923
2020-01-15,2350,2450,2325,2380,3263726,0.0
2020-01-16,2405,2405,2230,2250,2930864,-0.054621848739495826
2020-01-17,2265,2275,2195,2235,1646642,-0.00666666666666671
2020-01-20,2235,2250,2125,2200,2233439,-0.015659955257270708
2020-01-21,2200,2225,2140,2160,1040038,-0.018181818181818188
2020-01-22,2160,2205,2160,2190,1028367,0.01388888888888884
2020-01-23,2190,2195,2095,2120,1105141,-0.03196347031963476
2020-01-28,2020,2110,2000,2110,1251056,-0.004716981132075526
2020-01-29,2115,2130,2045,2080,1126575,-0.014218009478673022
2020-01-30,2070,2090,1980,2020,915747,-0.028846153846153855
2020-01-31,2015,2110,1915,1950,1808947,-0.034653465346534684
2020-02-03,1910,2020,1880,1970,1364524,0.01025641025641022
2020-02-04,1990,2075,1980,2035,1162756,0.03299492385786795
2020-02-05,2045,2070,2000,2015,748783,-0.009828009828009798
2020-02-06,2050,2060,2020,2050,740089,0.017369727047146455
2020-02-07,2065,2070,2015,2040,725859,-0.004878048780487809
2020-02-10,2020,2070,1980,1995,1342301,-0.022058823529411797
2020-02-11,2000,2025,1965,1975,848354,-0.010025062656641603
2020-02-12,1985,2005,1940,1960,1049917,-0.0075949367088608
2020-02-13,1970,1975,1940,1945,627722,-0.007653061224489832
2020-02-14,1950,1975,1865,1930,851159,-0.007712082262210762
2020-02-17,1935,1940,1865,1895,853493,-0.01813471502590669
2020-02-18,1895,1905,1830,1855,839654,-0.02110817941952503
2020-02-19,1875,1885,1820,1860,631681,0.0026954177897573484
2020-02-20,1860,1910,1835,1835,566934,-0.013440860215053752
2020-02-21,1795,1860,1790,1815,476483,-0.010899182561307952
2020-02-24,1785,1790,1715,1720,1071475,-0.052341597796143224
2020-02-25,1720,1840,1710,1805,1103501,0.04941860465116288
2020-02-26,1795,1815,1750,1775,508693,-0.0166204986149584
2020-02-27,1790,1805,1690,1690,744842,-0.04788732394366202
2020-02-28,1665,1700,1595,1625,832613,-0.038461538461538436
2020-03-02,1605,1735,1605,1660,691154,0.021538461538461506
2020-03-03,1690,1715,1680,1685,439522,0.015060240963855387
2020-03-04,1650,1730,1650,1710,329366,0.014836795252225476
2020-03-05,1725,1740,1690,1715,418311,0.0029239766081872176
2020-03-06,1700,1710,1660,1670,326140,-0.026239067055393583
2020-03-09,1650,1670,1530,1540,586298,-0.07784431137724546
2020-03-10,1505,1560,1495,1560,525675,0.01298701298701288
2020-03-11,1550,1575,1450,1475,544262,-0.054487179487179516
2020-03-12,1475,1485,1340,1355,971857,-0.08135593220338988
2020-03-13,1195,1260,1100,1185,1791566,-0.1254612546125461
2020-03-16,1190,1245,1130,1130,943585,-0.04641350210970463
2020-03-17,1030,1140,1020,1125,930762,-0.004424778761061954
2020-03-18,1155,1180,1050,1050,844696,-0.06666666666666665
2020-03-19,1070,1090,869,873,1352932,-0.1685714285714286
2020-03-20,867,950,867,944,1053989,0.08132875143184415
2020-03-23,870,889,845,864,657593,-0.0847457627118644
2020-03-24,881,927,873,926,1157291,0.0717592592592593
2020-03-25,966,1025,966,1015,1104910,0.09611231101511875
2020-03-26,1030,1145,1010,1065,1194286,0.049261083743842304
2020-03-27,1110,1125,1025,1065,1116088,0.0
2020-03-30,1025,1140,1015,1135,999417,0.06572769953051649
2020-03-31,1155,1290,1145,1200,2651804,0.05726872246696035
2020-04-01,1180,1350,1165,1240,3150790,0.03333333333333344
2020-04-02,1230,1260,1190,1255,986419,0.012096774193548487
2020-04-03,1275,1285,1230,1255,1126323,0.0
2020-04-06,1275,1300,1250,1300,1179434,0.03585657370517925
2020-04-07,1325,1345,1290,1330,1696166,0.023076923076922995
2020-04-08,1330,1365,1300,1335,1385812,0.003759398496240518
2020-04-09,1355,1380,1325,1340,1536757,0.0037453183520599342
2020-04-10,1345,1350,1295,1325,1219811,-0.011194029850746245
2020-04-13,1325,1325,1290,1305,950578,-0.015094339622641506
2020-04-14,1305,1400,1305,1375,1984551,0.05363984674329503
2020-04-16,1375,1510,1320,1455,3154975,0.05818181818181811
2020-04-17,1470,1575,1415,1485,2754097,0.020618556701030855
2020-04-20,1490,1550,1470,1510,1226757,0.01683501683501687
2020-04-21,1495,1540,1370,1435,1472067,-0.04966887417218546
2020-04-22,1410,1575,1385,1555,3234010,0.08362369337979092
2020-04-23,1520,1555,1495,1510,1467353,-0.02893890675241162
2020-04-24,1520,1520,1445,1490,1205714,-0.013245033112582738
2020-04-27,1520,1530,1480,1485,805260,-0.003355704697986628
2020-04-28,1495,1500,1445,1460,967457,-0.01683501683501687
2020-04-29,1470,1515,1450,1465,1012411,0.003424657534246478
2020-05-04,1475,1545,1455,1525,2395834,0.04095563139931735
2020-05-06,1545,1595,1520,1580,2204032,0.0360655737704918
2020-05-07,1600,1605,1535,1545,1310350,-0.022151898734177222
2020-05-08,1560,1575,1545,1555,639918,0.006472491909385036
2020-05-11,1565,1565,1510,1525,783859,-0.019292604501607746
2020-05-12,1525,1605,1490,1575,4323231,0.032786885245901676
2020-05-13,1580,1610,1550,1550,1385904,-0.015873015873015928
2020-05-14,1545,1565,1505,1535,739126,-0.009677419354838679
2020-05-15,1540,1575,1510,1560,943532,0.016286644951140072
2020-05-18,1570,1585,1530,1545,561439,-0.009615384615384581
2020-05-19,1570,1575,1545,1565,684440,0.012944983818770295
2020-05-20,1565,1585,1545,1560,984434,-0.0031948881789137795
2020-05-21,1570,1575,1550,1565,742748,0.0032051282051281937
2020-05-22,1570,1630,1525,1550,3937193,-0.009584664536741228
2020-05-25,1600,1670,1575,1595,3966428,0.029032258064516148
2020-05-26,1600,1720,1590,1670,3508107,0.047021943573667624
2020-05-27,1690,1855,1680,1810,10487996,0.08383233532934131
2020-05-28,1785,1875,1740,1805,5177397,-0.002762430939226568
2020-05-29,1805,1885,1790,1805,3515679,0.0
2020-06-01,1890,2075,1850,1910,13899762,0.05817174515235468
2020-06-02,1935,1960,1905,1955,3049485,0.023560209424083878
2020-06-03,1975,2000,1900,1910,2666089,-0.023017902813299185
2020-06-04,1935,1940,1880,1890,1828862,-0.010471204188481686
2020-06-05,1900,1940,1885,1890,1202470,0.0
2020-06-08,1855,1920,1855,1880,1183098,-0.005291005291005346
2020-06-09,1900,1900,1785,1815,1899329,-0.034574468085106336
2020-06-10,1840,1845,1790,1790,862903,-0.01377410468319562
2020-06-11,1810,1840,1785,1820,1059681,0.016759776536312776
2020-06-12,1675,1760,1665,1735,1041999,-0.04670329670329665
2020-06-15,1735,1735,1505,1505,1846533,-0.13256484149855907
2020-06-16,1575,1650,1550,1650,1017306,0.09634551495016619
2020-06-17,1600,1700,1570,1625,1190390,-0.015151515151515138
2020-06-18,1620,1655,1600,1645,778734,0.012307692307692353
2020-06-19,1645,1675,1630,1675,727580,0.01823708206686936
2020-06-22,1660,1680,1645,1650,435016,-0.014925373134328401
2020-06-23,1660,1735,1625,1625,1120089,-0.015151515151515138
2020-06-24,1650,1655,1615,1630,702429,0.003076923076922977
2020-06-25,1610,1625,1570,1590,719012,-0.024539877300613466
2020-06-26,1600,1620,1580,1610,476369,0.012578616352201255
2020-06-29,1595,1615,1575,1580,427640,-0.018633540372670843
2020-06-30,1600,1625,1580,1605,500190,0.015822784810126667
2020-07-01,1615,1670,1605,1615,802229,0.006230529595015577
2020-07-02,1635,1675,1620,1670,657115,0.034055727554179516
2020-07-03,1665,1730,1665,1700,1099529,0.017964071856287456
2020-07-06,1690,1785,1690,1780,1088172,0.04705882352941182
2020-07-07,1790,1790,1705,1715,917220,-0.0365168539325843
2020-07-08,1735,1760,1715,1715,422103,0.0
2020-07-09,1725,1735,1705,1710,229894,-0.002915451895043719
2020-07-10,1720,1765,1680,1735,1090383,0.014619883040935644
2020-07-13,1755,1780,1730,1750,688746,0.008645533141210304
2020-07-14,1755,1765,1730,1745,570439,-0.0028571428571428914
2020-07-15,1755,1830,1750,1830,1602019,0.04871060171919761
2020-07-16,1825,1840,1710,1720,1163021,-0.060109289617486295
2020-07-17,1730,1765,1725,1725,432951,0.0029069767441860517
2020-07-20,1725,1735,1690,1700,592524,-0.01449275362318836
2020-07-21,1715,1870,1710,1805,3102094,0.061764705882352944
2020-07-22,1805,1815,1755,1780,1033210,-0.013850415512465353
2020-07-23,1805,1850,1765,1770,3072813,-0.005617977528089901
2020-07-24,1790,1790,1720,1750,1256867,-0.011299435028248594
2020-07-27,1760,1790,1750,1760,740064,0.005714285714285783
2020-07-28,1765,1780,1715,1730,566915,-0.017045454545454586
2020-07-29,1725,1735,1715,1725,390972,-0.0028901734104046506
2020-07-30,1735,1740,1690,1705,637597,-0.011594202898550732
2020-07-31,1710,1715,1655,1670,654280,-0.02052785923753664
2020-08-03,1675,1680,1600,1620,883919,-0.029940119760479056
2020-08-04,1630,1650,1625,1650,509048,0.0185185185185186
2020-08-05,1650,1665,1630,1635,491743,-0.009090909090909038
2020-08-06,1645,1665,1635,1650,554940,0.00917431192660545
2020-08-07,1665,1780,1655,1720,3377614,0.042424242424242475
2020-08-10,1720,1740,1685,1720,1002727,0.0
2020-08-11,1730,1890,1710,1800,7480627,0.04651162790697683
2020-08-12,1780,1820,1735,1820,1272238,0.011111111111111072
2020-08-13,1890,1890,1770,1775,1741532,-0.02472527472527475
2020-08-14,1790,1830,1725,1780,1293689,0.0028169014084507005
2020-08-18,1780,1780,1605,1650,1659379,-0.0730337078651685
2020-08-19,1660,1700,1635,1670,787290,0.0121212121212122
2020-08-20,1675,1680,1550,1570,1369680,-0.05988023952095811
2020-08-21,1570,1645,1545,1610,679626,0.02547770700636942
2020-08-24,1600,1680,1510,1615,1114062,0.0031055900621117516
2020-08-25,1620,1650,1610,1645,576349,0.018575851393188847
2020-08-26,1645,1645,1595,1620,605124,-0.015197568389057725
2020-08-27,1625,1635,1560,1575,790346,-0.02777777777777779
2020-08-28,1580,1625,1580,1600,543511,0.015873015873015817
2020-08-31,1615,1630,1605,1630,367040,0.018750000000000044
2020-09-01,1620,1665,1620,1650,422632,0.012269938650306678
2020-09-02,1655,1695,1635,1690,622109,0.024242424242424176
2020-09-03,1715,1715,1655,1660,671146,-0.017751479289940808
2020-09-04,1620,1640,1600,1635,600192,-0.015060240963855387
2020-09-07,1635,1760,1625,1735,1920007,0.06116207951070329
2020-09-08,1760,1775,1705,1705,838558,-0.01729106628242072
2020-09-09,1660,1730,1660,1725,606284,0.011730205278592365
2020-09-10,1750,1755,1715,1725,470750,0.0
2020-09-11,1715,1750,1710,1740,492717,0.008695652173912993
2020-09-14,1740,1770,1730,1750,526917,0.005747126436781658
2020-09-15,1760,1760,1720,1740,275089,-0.005714285714285672
2020-09-16,1740,1755,1710,1720,398534,-0.011494252873563204
2020-09-17,1720,1730,1680,1685,393925,-0.02034883720930236
2020-09-18,1685,1715,1665,1700,317852,0.008902077151335286
2020-09-21,1685,1840,1685,1745,3767523,0.026470588235294024
2020-09-22,1745,1780,1665,1685,927075,-0.034383954154727836
2020-09-23,1690,1710,1650,1705,750286,0.011869436201780381
2020-09-24,1680,1680,1610,1620,882438,-0.04985337243401755
2020-09-25,1625,1650,1585,1610,652689,-0.006172839506172867
2020-09-28,1615,1660,1600,1655,372853,0.02795031055900621
2020-09-29,1660,1685,1650,1680,296916,0.015105740181268867
2020-10-05,1680,1730,1675,1730,534699,0.029761904761904656
2020-10-06,1745,1760,1715,1735,574266,0.0028901734104045396
2020-10-07,1740,1750,1710,1750,426834,0.008645533141210304
2020-10-08,1760,1805,1745,1775,1267503,0.014285714285714235
2020-10-12,1775,1815,1760,1775,543279,0.0
2020-10-13,1785,1790,1735,1755,375941,-0.011267605633802802
2020-10-14,1750,1790,1725,1790,615135,0.019943019943019946
2020-10-15,1800,1800,1730,1775,638353,-0.008379888268156388
2020-10-16,1760,1780,1710,1735,589471,-0.022535211267605604
2020-10-19,1750,1855,1730,1855,4089386,0.0691642651296831
2020-10-20,1815,1840,1735,1765,2116307,-0.04851752021563338
2020-10-21,1775,2290,1760,2290,69425961,0.2974504249291785
2020-10-22,2415,2565,2215,2305,67104889,0.0065502183406114245
2020-10-23,2320,2350,2110,2155,13548091,-0.06507592190889366
2020-10-26,2165,2190,1935,1950,7951331,-0.09512761020881666
2020-10-27,1910,2090,1885,1970,17226951,0.01025641025641022
2020-10-28,1950,2010,1900,1935,4437908,-0.017766497461928932
2020-10-29,1890,1955,1870,1950,2595484,0.007751937984496138
2020-10-30,1940,2110,1915,1955,11444319,0.002564102564102555
2020-11-02,2060,2350,2000,2025,41559849,0.03580562659846542
2020-11-03,2075,2170,2050,2140,9128307,0.05679012345679002
2020-11-04,2155,2160,2030,2035,4119876,-0.0490654205607477
2020-11-05,2020,2110,2015,2080,2001314,0.02211302211302213
2020-11-06,2090,2240,2080,2240,8324477,0.07692307692307687
2020-11-09,2250,2680,2205,2450,39844802,0.09375
2020-11-10,2450,2690,2405,2450,19679478,0.0
2020-11-11,2430,2785,2430,2590,22183755,0.05714285714285716
2020-11-12,2575,3365,2550,3365,59216297,0.2992277992277992
2020-11-13,3180,3260,2850,2865,18026557,-0.14858841010401191
2020-11-16,2860,3020,2820,2865,6676642,0.0
2020-11-17,2840,2950,2720,2865,5224347,0.0
2020-11-18,2845,3155,2840,2970,11979054,0.03664921465968596
2020-11-19,2990,3135,2950,2960,4483250,-0.0033670033670033517
2020-11-20,2980,3045,2945,3025,2419257,0.02195945945945943
2020-11-23,3095,3710,3035,3385,33795575,0.11900826446280988
2020-11-24,3395,3880,3390,3610,23311698,0.06646971935007384
2020-11-25,3630,3850,3450,3685,10585236,0.020775623268697974
2020-11-26,3625,3655,3505,3505,2262814,-0.048846675712347354
2020-11-27,3460,3550,3410,3550,1794294,0.012838801711840153
2020-11-30,3505,3650,3505,3595,1774545,0.012676056338028152
2020-12-01,3580,3680,3560,3580,1494938,-0.004172461752433909
2020-12-02,3560,3630,3345,3445,2740474,-0.03770949720670391
2020-12-03,3440,3445,3265,3290,2277047,-0.044992743105950694
2020-12-04,3415,3910,3410,3555,34850842,0.08054711246200608
2020-12-07,3570,3925,3570,3720,11238093,0.04641350210970474
2020-12-08,3710,3820,3665,3725,3833081,0.0013440860215054862
2020-12-09,3725,3870,3635,3730,4013486,0.0013422818791946067
2020-12-10,3735,3990,3690,3875,5231964,0.03887399463806962
2020-12-11,3820,3850,3670,3710,2925829,-0.04258064516129034
2020-12-14,3665,3665,3540,3600,2271690,-0.029649595687331498
2020-12-15,3585,3940,3525,3640,4466279,0.011111111111111072
2020-12-16,3645,3680,3435,3460,2064659,-0.0494505494505495
2020-12-17,3470,3495,3335,3445,1730500,-0.00433526011560692
2020-12-18,3460,3470,3330,3375,1283363,-0.020319303338171224
2020-12-21,3355,3355,3160,3255,2543753,-0.03555555555555556
2020-12-22,3265,3290,3120,3135,1495128,-0.03686635944700456
2020-12-23,3105,3215,3055,3115,1542410,-0.006379585326953707
2020-12-24,3120,3335,3090,3150,1890458,0.011235955056179803
2020-12-28,3120,3180,2895,2910,1987136,-0.07619047619047614
2020-12-29,2950,3065,2925,3030,741222,0.04123711340206193
2020-12-30,3040,3100,2990,3050,799316,0.0066006600660066805
2021-01-04,3060,3145,2950,3125,1446861,0.024590163934426146
2021-01-05,3130,3360,3100,3220,2439389,0.030399999999999983
2021-01-06,3235,3345,3170,3195,1447396,-0.00776397515527949
2021-01-07,3195,3285,3190,3245,1096090,0.015649452269170583
2021-01-08,3190,3190,3015,3090,4365609,-0.04776579352850541
2021-01-11,3200,3930,3135,3440,37987235,0.11326860841423958
2021-01-12,3390,3395,3145,3185,3976864,-0.0741279069767442
2021-01-13,3185,3375,3125,3260,2901719,0.023547880690737877
2021-01-14,3300,3815,3260,3590,24802373,0.10122699386503076
2021-01-15,3535,3780,3510,3655,5922467,0.01810584958217265
2021-01-18,3765,4445,3755,4200,30574331,0.1491108071135432
2021-01-19,4145,5170,4110,4640,46821962,0.10476190476190483
2021-01-20,4710,4905,4590,4640,6642134,0.0
2021-01-21,4900,5450,4750,4900,26442347,0.056034482758620774
2021-01-22,4905,5290,4850,5190,7312789,0.0591836734693878
2021-01-25,5230,5360,4840,4945,5592656,-0.047206165703275516
2021-01-26,4850,4865,4635,4770,3604488,-0.03538928210313452
2021-01-27,4660,4795,4610,4675,2101404,-0.01991614255765195
2021-01-28,4555,5550,4555,5070,34578662,0.08449197860962565
2021-01-29,5140,5160,4890,5070,4460953,0.0
2021-02-01,5080,5530,4980,5270,11201203,0.03944773175542404
2021-02-02,5230,5540,5200,5290,5148330,0.00379506641366234
2021-02-03,5430,5670,5350,5550,8278057,0.04914933837429114
2021-02-04,5450,5570,5310,5310,2725902,-0.043243243243243246
2021-02-05,5330,5340,4900,4950,3569864,-0.06779661016949157
2021-02-08,4970,5180,4945,4945,1759140,-0.0010101010101010166
2021-02-09,4825,5030,4815,4950,1517622,0.0010111223458038054
2021-02-10,5050,5200,4940,5040,2415673,0.018181818181818077
2021-02-15,5040,5080,4805,4870,2310644,-0.03373015873015872
2021-02-16,4850,4850,4360,4480,7565289,-0.08008213552361398
2021-02-17,4580,4625,4260,4515,4429410,0.0078125
2021-02-18,4515,4580,4330,4410,1682896,-0.023255813953488413
2021-02-19,4350,4650,4320,4440,2340130,0.006802721088435382
2021-02-22,4440,4730,4400,4505,2168824,0.014639639639639546
2021-02-23,4555,4690,4470,4500,2062104,-0.0011098779134295356
2021-02-24,4500,4560,4320,4320,1438576,-0.040000000000000036
2021-02-25,4330,4430,4310,4330,805596,0.0023148148148148806
2021-02-26,4215,4240,4065,4140,1350161,-0.04387990762124716
2021-03-02,4130,4220,4065,4100,1357545,-0.009661835748792313
2021-03-03,4100,4145,3865,3985,4785825,-0.028048780487804903
2021-03-04,3880,4160,3775,3805,2962236,-0.04516938519447933
2021-03-05,3800,3800,3580,3645,2418582,-0.042049934296977676
2021-03-08,3665,3705,3515,3525,2493170,-0.03292181069958844
2021-03-09,3515,3575,3370,3445,2072030,-0.02269503546099294
2021-03-10,3480,3480,3350,3390,1392710,-0.01596516690856309
2021-03-11,3420,3675,3405,3465,5190668,0.022123893805309658
2021-03-12,3530,3660,3475,3645,1919579,0.051948051948051965
2021-03-15,3655,3680,3550,3580,1092869,-0.017832647462277085
2021-03-16,3620,3620,3505,3515,1043125,-0.018156424581005637
2021-03-17,3520,3840,3500,3700,3806841,0.05263157894736836
2021-03-18,3665,3840,3655,3780,3032628,0.021621621621621623
2021-03-19,3740,3900,3715,3870,1756436,0.023809523809523725
2021-03-22,3900,4030,3840,3870,2463349,0.0
2021-03-23,3850,3940,3770,3835,1718789,-0.009043927648578864
2021-03-24,3825,3970,3820,3920,1522872,0.022164276401564598
2021-03-25,3880,3915,3795,3850,1049258,-0.017857142857142905
2021-03-26,3850,3915,3835,3895,777863,0.011688311688311748
2021-03-29,3900,4350,3890,4310,9009155,0.1065468549422337
2021-03-30,4250,4350,4200,4350,2357513,0.009280742459396807
2021-03-31,4370,4685,4350,4500,4844945,0.034482758620689724
2021-04-01,4615,4770,4495,4690,4353298,0.04222222222222216
2021-04-02,5320,5600,4985,5200,23710120,0.10874200426439229
2021-04-05,5320,6760,5310,6390,47402166,0.22884615384615392
2021-04-06,6600,6980,6040,6490,28583644,0.015649452269170583
2021-04-07,6410,6670,6330,6580,9708624,0.013867488443759735
2021-04-08,6290,6970,6070,6710,18515212,0.019756838905775176
2021-04-09,6640,7940,6540,7360,51057940,0.09687034277198214
2021-04-12,7260,7550,7210,7510,2595295,0.020380434782608647
2021-04-13,7370,7510,7250,7250,1828479,-0.03462050599201061
2021-04-14,7280,7480,7070,7320,1948418,0.009655172413793212
2021-04-15,7460,8190,7300,7470,14925027,0.020491803278688492
2021-04-16,7740,7970,6250,6270,17042504,-0.1606425702811245
2021-04-19,6510,6550,6020,6420,6280943,0.02392344497607657
2021-04-20,6300,6400,6180,6260,2995751,-0.024922118380062308
2021-04-21,6260,7280,6250,6900,26483428,0.10223642172523961
2021-04-22,6800,7090,6630,6800,5094857,-0.01449275362318836
2021-04-23,6790,7140,6700,7010,5404816,0.03088235294117636
2021-04-26,7150,7480,6980,6990,7395741,-0.0028530670470755526
2021-04-27,7050,7260,6910,7050,2675893,0.008583690987124415
2021-04-28,7080,7080,6690,6800,2582613,-0.03546099290780147
2021-04-29,6660,6730,5990,6010,5194768,-0.11617647058823533
2021-04-30,5900,6430,5690,6060,5355845,0.008319467554076532
2021-05-03,6000,6220,5990,5990,1704070,-0.011551155115511524
2021-05-04,5890,6170,5530,5940,2903147,-0.008347245409014992
2021-05-06,5940,6090,5650,5680,1903268,-0.043771043771043794
2021-05-07,5680,5890,5680,5750,1610998,0.012323943661971759
2021-05-10,5740,5890,5580,5820,1519911,0.012173913043478368
2021-05-11,5780,5840,5620,5630,1315048,-0.03264604810996563
2021-05-12,5580,5750,5470,5500,1353122,-0.023090586145648295
2021-05-13,5430,5540,5300,5300,1407644,-0.036363636363636376
2021-05-14,5300,5540,5300,5420,1477869,0.02264150943396226
2021-05-17,5480,5950,5410,5590,4984384,0.03136531365313644
2021-05-18,5620,5740,5420,5470,1353384,-0.02146690518783545
2021-05-20,5430,5570,5370,5440,808842,-0.005484460694698323
2021-05-21,5370,5440,4835,5110,2267126,-0.06066176470588236
2021-05-24,5130,5620,4910,5180,2371458,0.013698630136986356
2021-05-25,5100,5220,5080,5120,920921,-0.01158301158301156
2021-05-26,5050,5110,4925,4960,1317068,-0.03125
2021-05-27,4960,5030,4915,4960,721633,0.0
2021-05-28,4965,5170,4965,5120,1176488,0.032258064516129004
2021-05-31,5120,5270,4895,4995,1435317,-0.0244140625
2021-06-01,4990,5250,4885,5250,2495425,0.05105105105105112
2021-06-02,5440,5440,5160,5200,3251845,-0.00952380952380949
2021-06-03,5190,5360,5190,5260,1005622,0.011538461538461497
2021-06-04,5240,5250,5100,5170,773323,-0.017110266159695797
2021-06-07,5180,5260,4980,5150,1600265,-0.003868471953578312
2021-06-08,5130,5300,5040,5060,1144941,-0.01747572815533982
2021-06-09,5080,5120,4950,4975,976194,-0.01679841897233203
2021-06-10,4960,5100,4795,4840,2200528,-0.02713567839195985
2021-06-11,4870,4920,4800,4860,1350849,0.004132231404958775
2021-06-14,4810,4815,4490,4505,3036191,-0.07304526748971196
2021-06-15,4510,4730,4470,4705,2697806,0.04439511653718098
2021-06-16,4715,4980,4600,4700,3207649,-0.0010626992561104665
2021-06-17,4860,5050,4665,4700,5801664,0.0
2021-06-18,4795,4795,4475,4510,2385172,-0.04042553191489362
2021-06-21,4525,4555,4250,4255,2154955,-0.05654101995565408
2021-06-22,4260,4420,4260,4395,1289736,0.03290246768507643
2021-06-23,4340,4370,4100,4175,1722431,-0.05005688282138798
2021-06-24,4170,4225,4110,4165,938467,-0.0023952095808382756
2021-06-25,4160,4275,4155,4220,845529,0.013205282112845218
2021-06-28,4250,4595,4245,4360,3137118,0.033175355450236976
2021-06-29,4365,4415,4285,4355,771705,-0.0011467889908256534
2021-06-30,4395,4400,4270,4280,755410,-0.01722158438576349
2021-07-01,4300,4360,4175,4325,924508,0.010514018691588856
2021-07-02,4355,4390,4305,4385,808421,0.01387283236994219
2021-07-05,4470,4620,4370,4430,3116408,0.010262257696693311
2021-07-06,4450,4510,4390,4410,998889,-0.004514672686230292
2021-07-07,4430,4430,4310,4320,702770,-0.020408163265306145
2021-07-08,4330,4350,4080,4100,1420548,-0.05092592592592593
2021-07-09,4085,4090,3925,4005,1038464,-0.023170731707317094
2021-07-12,4000,4095,3970,4005,781492,0.0
2021-07-13,4020,4165,3990,4145,999703,0.03495630461922605
2021-07-14,4110,4140,4010,4025,741799,-0.02895054282267795
2021-07-15,4055,4070,4010,4025,361139,0.0
2021-07-16,4025,4030,3915,3915,717604,-0.027329192546583836
2021-07-19,3940,3940,3810,3855,759049,-0.01532567049808431
2021-07-20,3740,3975,3735,3915,792469,0.015564202334630295
2021-07-21,3930,3975,3860,3870,419317,-0.011494252873563204
2021-07-22,3860,3955,3855,3885,412697,0.003875968992248069
2021-07-23,3890,3985,3835,3945,667188,0.015444015444015413
2021-07-26,4040,4070,3935,3945,669736,0.0
2021-07-27,3975,4135,3945,4025,967735,0.020278833967046994
2021-07-28,3965,4050,3765,3840,1226816,-0.04596273291925468
2021-07-29,3860,3860,3800,3830,367026,-0.0026041666666666297
2021-07-30,3830,3840,3740,3760,446613,-0.018276762402088753
2021-08-02,3735,3805,3690,3735,398364,-0.0066489361702127825
2021-08-03,3735,4160,3640,3875,8421220,0.03748326639892907
2021-08-04,3890,3895,3780,3840,1076878,-0.00903225806451613
2021-08-05,3825,3970,3820,3950,1258994,0.02864583333333326
2021-08-06,3945,4005,3895,3905,911510,-0.011392405063291089
2021-08-09,3920,3945,3815,3900,871456,-0.001280409731113985
2021-08-10,3905,3935,3835,3890,728189,-0.002564102564102555
2021-08-11,3930,4040,3850,3850,1768362,-0.010282776349614386
2021-08-12,3830,3870,3735,3740,788449,-0.02857142857142858
2021-08-13,3740,3765,3520,3560,865931,-0.048128342245989275
2021-08-17,3605,3615,3290,3290,1268487,-0.0758426966292135
2021-08-18,3255,3415,3255,3335,820331,0.013677811550151908
2021-08-19,3250,3370,3150,3150,903664,-0.05547226386806592
2021-08-20,3150,3260,3050,3080,1037409,-0.022222222222222254
2021-08-23,3075,3355,3075,3275,1972854,0.06331168831168821
2021-08-24,3280,3405,3260,3375,676711,0.03053435114503822
2021-08-25,3370,3465,3360,3440,497249,0.01925925925925931
2021-08-26,3440,3520,3350,3375,460203,-0.018895348837209336
2021-08-27,3325,3470,3300,3470,485120,0.028148148148148255
2021-08-30,3490,3495,3355,3405,632307,-0.018731988472622474
2021-08-31,3400,3405,3330,3365,379712,-0.011747430249632873
2021-09-01,3335,3420,3335,3390,358141,0.007429420505200568
2021-09-02,3390,3485,3340,3480,563657,0.026548672566371723
2021-09-03,3490,3580,3480,3580,686499,0.028735632183908066
2021-09-06,3460,3475,3185,3260,2724476,-0.08938547486033521
2021-09-07,3255,3290,3175,3180,997670,-0.024539877300613466
2021-09-08,3185,3200,3090,3095,733915,-0.026729559748427723
2021-09-09,3060,3170,3060,3060,720700,-0.011308562197092087
2021-09-10,3095,3135,3050,3060,492870,0.0
2021-09-13,3005,3030,2860,2880,2487136,-0.05882352941176472
2021-09-14,2830,2965,2795,2945,1206226,0.02256944444444442
2021-09-15,2935,2975,2895,2925,514275,-0.006791171477079749
2021-09-16,2915,2970,2850,2885,422738,-0.013675213675213627
2021-09-17,2870,2915,2840,2885,320745,0.0
2021-09-23,2870,2885,2795,2810,645515,-0.025996533795493937
2021-09-24,2810,2875,2795,2850,455630,0.014234875444839812
2021-09-27,2840,2950,2840,2905,655693,0.019298245614035148
2021-09-28,2880,2935,2800,2800,551661,-0.03614457831325302
2021-09-29,2710,2790,2695,2755,393070,-0.016071428571428625
2021-09-30,2745,2825,2745,2775,262311,0.007259528130671544
2021-10-01,2770,2805,2650,2680,433403,-0.03423423423423422
2021-10-05,2655,2695,2525,2545,710011,-0.050373134328358216
2021-10-06,2545,2670,2475,2485,830332,-0.023575638506876273
2021-10-07,2485,2675,2485,2665,745531,0.07243460764587528
2021-10-08,2645,2720,2630,2710,334077,0.016885553470919357
2021-10-12,2675,2690,2570,2620,453014,-0.03321033210332103
2021-10-13,2605,2700,2605,2695,343805,0.028625954198473247
2021-10-14,2785,2830,2715,2765,537982,0.025974025974025983
2021-10-15,2770,2865,2745,2825,455741,0.02169981916817365
2021-10-18,2800,2855,2760,2835,351303,0.003539823008849474
2021-10-19,2840,2910,2815,2850,356717,0.005291005291005346
2021-10-20,2865,2875,2800,2815,302351,-0.012280701754386003
2021-10-21,2800,2830,2745,2755,282142,-0.02131438721136769
2021-10-22,2760,2795,2740,2750,221272,-0.001814882032667886
2021-10-25,2740,2795,2730,2780,172025,0.01090909090909098
2021-10-26,2780,2835,2780,2815,261483,0.012589928057553879
2021-10-27,2830,2835,2750,2750,277991,-0.023090586145648295
2021-10-28,2745,2790,2685,2690,233104,-0.021818181818181848
2021-10-29,2700,2770,2650,2650,287137,-0.014869888475836479
2021-11-01,2650,2710,2615,2655,243154,0.0018867924528302993
2021-11-02,2655,2725,2650,2660,184719,0.0018832391713747842
2021-11-03,2670,2690,2590,2590,249508,-0.02631578947368418
2021-11-04,2605,2640,2535,2545,293675,-0.01737451737451734
2021-11-05,2545,2665,2525,2590,318991,0.017681728880157177
2021-11-08,2595,2595,2510,2570,245288,-0.007722007722007707
2021-11-09,2540,2615,2540,2560,267854,-0.0038910505836575737
2021-11-10,2555,2570,2470,2480,410895,-0.03125
2021-11-11,2470,2530,2410,2430,397408,-0.020161290322580627
2021-11-12,2410,2625,2410,2595,634482,0.06790123456790131
2021-11-15,2610,2680,2590,2635,467928,0.015414258188824581
2021-11-16,2640,2715,2610,2690,381989,0.020872865275142205
2021-11-17,2720,2775,2640,2640,523076,-0.018587360594795488
2021-11-18,2640,2685,2455,2670,335214,0.011363636363636465
2021-11-19,2670,2685,2610,2650,185913,-0.0074906367041198685
2021-11-22,2650,2660,2575,2655,305205,0.0018867924528302993
2021-11-23,2660,2800,2655,2685,742011,0.011299435028248483
2021-11-24,2715,2715,2620,2650,315401,-0.013035381750465591
2021-11-25,2730,2735,2615,2615,342262,-0.013207547169811318
2021-11-26,2605,2920,2605,2740,2657322,0.04780114722753348
2021-11-29,2640,2710,2565,2565,1008555,-0.06386861313868608
2021-11-30,2565,2615,2310,2320,1206010,-0.09551656920077978
2021-12-01,2310,2410,2255,2410,394416,0.0387931034482758
2021-12-02,2330,2510,2330,2490,409361,0.03319502074688807
2021-12-03,2490,2600,2455,2600,744024,0.04417670682730934
2021-12-06,2615,2720,2545,2580,789195,-0.007692307692307665
2021-12-07,2570,2610,2555,2565,263005,-0.005813953488372103
2021-12-08,2570,3050,2570,2840,13532430,0.1072124756335282
2021-12-09,2840,2890,2835,2860,1703830,0.007042253521126751
2021-12-10,2860,2950,2770,2770,2196805,-0.03146853146853146
2021-12-13,2755,2985,2750,2930,3328361,0.05776173285198549
2021-12-14,2880,2975,2845,2910,1670773,-0.0068259385665528916
2021-12-15,2925,2925,2765,2830,982197,-0.027491408934707917
2021-12-16,2850,2870,2770,2775,755689,-0.019434628975265045
2021-12-17,2750,2825,2730,2780,542776,0.0018018018018017834
2021-12-20,2770,2770,2660,2660,660518,-0.043165467625899234
2021-12-21,2675,2785,2615,2755,731463,0.03571428571428581
2021-12-22,2765,2975,2745,2945,3491398,0.06896551724137923
2021-12-23,2980,3040,2880,3010,3162108,0.022071307300509435
2021-12-24,3010,3020,2925,2955,1247392,-0.01827242524916939
2021-12-27,2960,2960,2850,2870,721817,-0.02876480541455162
2021-12-28,2885,2920,2865,2910,558867,0.013937282229965264
2021-12-29,2875,2980,2875,2980,789132,0.02405498281786933
2021-12-30,2980,2980,2935,2935,603886,-0.015100671140939603
2022-01-03,2940,2960,2890,2950,479068,0.005110732538330387
2022-01-04,2960,2965,2870,2945,794739,-0.0016949152542372614
2022-01-05,2950,3190,2920,3145,5298198,0.06791171477079794
2022-01-06,3080,3185,3000,3060,2241495,-0.027027027027026973
2022-01-07,3105,3290,3070,3205,4300538,0.04738562091503273
2022-01-10,3205,3240,3120,3135,1296865,-0.021840873634945357
2022-01-11,3105,3130,2950,3010,1430556,-0.03987240829346095
2022-01-12,3015,3050,2955,2985,777596,-0.00830564784053156
2022-01-13,2995,3070,2970,3040,815504,0.018425460636515956
2022-01-14,3010,3085,3005,3035,676136,-0.00164473684210531
2022-01-17,3035,3065,2985,3025,749141,-0.0032948929159802853
2022-01-18,3005,3045,2780,2780,1630053,-0.08099173553719008
2022-01-19,2715,2810,2645,2700,643376,-0.02877697841726623
2022-01-20,2670,2780,2670,2730,412944,0.011111111111111072
2022-01-21,2710,2765,2695,2735,321722,0.001831501831501825
2022-01-24,2690,2710,2585,2620,413661,-0.042047531992687404
2022-01-25,2625,2660,2405,2430,932946,-0.0725190839694656
2022-01-26,2390,2510,2385,2425,457091,-0.002057613168724326
2022-01-27,2435,2475,2260,2270,519835,-0.06391752577319587
2022-01-28,2285,2425,2270,2400,331055,0.05726872246696035
2022-02-03,2455,2530,2430,2525,298740,0.05208333333333326
2022-02-04,2515,2590,2470,2585,389565,0.023762376237623783
2022-02-07,2600,2615,2550,2600,177186,0.005802707930367523
2022-02-08,2600,2660,2520,2560,455866,-0.01538461538461533
2022-02-09,2585,2630,2570,2615,267590,0.021484375
2022-02-10,2640,2650,2570,2585,290216,-0.01147227533460804
2022-02-11,2535,2570,2510,2510,283813,-0.029013539651837505
2022-02-14,2455,2470,2325,2370,528512,-0.055776892430278835
2022-02-15,2370,2415,2330,2335,296725,-0.014767932489451518
2022-02-16,2375,2520,2375,2450,476785,0.04925053533190571
2022-02-17,2460,2520,2380,2440,639519,-0.004081632653061273
2022-02-18,2400,2485,2385,2465,367068,0.010245901639344357
2022-02-21,2445,2540,2435,2530,290161,0.026369168356997985
2022-02-22,2470,2515,2425,2430,318206,-0.03952569169960474
2022-02-23,2435,2510,2430,2470,222044,0.016460905349794164
2022-02-24,2435,2490,2370,2370,382884,-0.04048582995951422
2022-02-25,2430,2515,2415,2485,312641,0.048523206751054815
2022-02-28,2485,2590,2460,2560,371645,0.030181086519114775
2022-03-02,2545,2620,2540,2595,325356,0.013671875
2022-03-03,2635,2635,2570,2620,366509,0.009633911368015502
2022-03-04,2590,2620,2575,2610,208281,-0.003816793893129722
2022-03-07,2575,2590,2520,2570,215238,-0.01532567049808431
2022-03-08,2530,2565,2500,2505,321395,-0.02529182879377434
2022-03-10,2555,2605,2470,2565,343924,0.0239520958083832
2022-03-11,2560,2700,2540,2700,899259,0.05263157894736836
2022-03-14,2700,2735,2640,2670,495151,-0.011111111111111072
2022-03-15,2700,2720,2655,2685,361071,0.00561797752808979
2022-03-16,2700,3015,2665,2830,5298413,0.05400372439478596
2022-03-17,2860,2880,2810,2855,863597,0.008833922261484162
2022-03-18,2855,2915,2820,2905,747834,0.017513134851138368
2022-03-21,2935,3200,2925,3010,7325896,0.03614457831325302
2022-03-22,3015,3055,2980,3015,823840,0.0016611295681063787
2022-03-23,3085,3130,3030,3040,1496573,0.008291873963515828
2022-03-24,3040,3125,3000,3050,975236,0.00328947368421062
2022-03-25,3100,3145,3055,3065,871048,0.004918032786885185
2022-03-28,3100,3300,3050,3300,3578455,0.07667210440456773
2022-03-29,3470,3475,3125,3125,5497119,-0.05303030303030298
2022-03-30,3170,3320,3020,3170,2698547,0.014399999999999968
2022-03-31,3225,3225,3120,3130,1004244,-0.012618296529968487
2022-04-01,3085,3120,3020,3020,980887,-0.03514376996805113
2022-04-04,3005,3055,2990,3010,878048,-0.0033112582781457123
2022-04-05,3010,3035,2970,3000,728380,-0.0033222591362126463
2022-04-06,3005,3060,3000,3005,505999,0.0016666666666667052
2022-04-07,2995,2995,2870,2895,726215,-0.03660565723793674
2022-04-08,2895,2950,2860,2870,294340,-0.008635578583765069
2022-04-11,2870,2920,2805,2870,312428,0.0
2022-04-12,2830,2900,2815,2885,303575,0.005226480836237002
2022-04-13,2870,2960,2870,2935,390565,0.017331022530329365
2022-04-14,2955,2995,2905,2970,368283,0.011925042589437718
2022-04-15,2975,3060,2935,2990,598931,0.006734006734006703
2022-04-18,3005,3070,3000,3045,411024,0.018394648829431537
2022-04-19,3030,3050,3000,3000,334451,-0.014778325123152691
2022-04-20,3020,3020,2960,2965,279248,-0.011666666666666714
2022-04-21,3015,3250,3010,3125,5591463,0.053962900505902134
2022-04-22,3080,3165,3040,3100,943371,-0.008000000000000007
2022-04-25,3060,3195,3035,3090,1316912,-0.003225806451612856
2022-04-26,3105,3135,3040,3080,679569,-0.003236245954692518
2022-04-27,3015,3050,2905,3020,782016,-0.01948051948051943
2022-04-28,3035,3455,3010,3370,11166621,0.11589403973509937
2022-04-29,3505,3550,3225,3405,13157650,0.010385756676557945
2022-05-02,3295,3495,3290,3410,3936434,0.001468428781204123
2022-05-03,3410,3870,3390,3745,23904345,0.09824046920821106
2022-05-04,3745,4455,3690,3985,57025096,0.06408544726301746
2022-05-06,3865,3945,3755,3865,7120955,-0.03011292346298622
2022-05-09,3800,3885,3550,3585,7633407,-0.07244501940491588
2022-05-10,3450,3850,3420,3740,16547876,0.04323570432357049
2022-05-11,3800,3960,3610,3850,7787444,0.02941176470588225
2022-05-12,3745,3960,3660,3660,8482368,-0.04935064935064937
2022-05-13,3680,3700,3465,3505,2852192,-0.042349726775956276
2022-05-16,3510,3650,3490,3585,2851743,0.022824536376604865
2022-05-17,3585,3935,3565,3905,19679311,0.0892608089260809
2022-05-18,3940,4130,3835,3930,14288244,0.006402048655569814
2022-05-19,3820,4630,3810,4450,66446108,0.1323155216284988
2022-05-20,4370,4375,4140,4330,11810094,-0.026966292134831482
2022-05-23,4240,4340,4140,4250,6663359,-0.018475750577367167
2022-05-24,4305,4510,3985,3985,16322062,-0.06235294117647061
2022-05-25,4025,4200,3995,4125,4726084,0.035131744040150625
2022-05-26,4220,4265,3950,3970,4077179,-0.037575757575757596
2022-05-27,4000,4130,3965,4035,2671007,0.016372795969773257
2022-05-30,4100,4195,4065,4180,3457807,0.03593556381660479
2022-05-31,4155,4340,4115,4280,8651254,0.02392344497607657
2022-06-02,4240,4315,4200,4300,3505534,0.004672897196261738
2022-06-03,4480,4480,4265,4365,9595244,0.015116279069767424
2022-06-07,4350,4355,4145,4155,2728931,-0.04810996563573888
2022-06-08,4175,4195,4010,4010,1851811,-0.03489771359807459
2022-06-09,3990,3995,3825,3825,2646726,-0.04613466334164584
2022-06-10,3855,3925,3680,3680,2360159,-0.03790849673202612
2022-06-13,3565,3730,3460,3720,2969381,0.010869565217391353
2022-06-14,3600,3620,3410,3485,1864428,-0.06317204301075274
2022-06-15,3485,3535,3275,3285,1868661,-0.057388809182209455
2022-06-16,3320,3420,3210,3235,1521712,-0.015220700152207
2022-06-17,3120,3370,3105,3320,2464764,0.026275115919629055
2022-06-20,3290,3320,3055,3090,1638287,-0.06927710843373491
2022-06-21,3140,3410,3090,3340,5622519,0.08090614886731395
2022-06-22,3310,3400,3215,3215,1827192,-0.03742514970059885
2022-06-23,3185,3230,2910,2910,2037048,-0.09486780715396581
2022-06-24,2910,3055,2880,3010,1223489,0.03436426116838498
2022-06-27,3030,3220,3030,3190,1293028,0.05980066445182719
2022-06-28,3155,3285,3155,3280,1102657,0.028213166144200663
2022-06-29,3215,3435,3215,3320,2045899,0.012195121951219523
2022-06-30,3360,3410,3215,3240,2016761,-0.02409638554216864
2022-07-01,3260,3325,3165,3235,1595368,-0.0015432098765432167
2022-07-04,3270,3295,2945,2985,1654177,-0.07727975270479137
2022-07-05,3120,3335,3080,3200,3961988,0.07202680067001666
2022-07-06,3200,3285,3155,3210,1966072,0.0031250000000000444
2022-07-07,3175,3225,3150,3200,1142019,-0.0031152647975077885
2022-07-08,3240,3280,3185,3185,1475847,-0.004687499999999956
2022-07-11,3205,3215,3130,3150,1055824,-0.01098901098901095
2022-07-12,3125,3125,2965,2975,1199803,-0.05555555555555558
2022-07-13,2995,3020,2910,2955,678365,-0.006722689075630228
2022-07-14,2925,2965,2890,2940,520223,-0.005076142131979711
2022-07-15,2940,2950,2815,2830,874609,-0.0374149659863946
2022-07-18,2865,2915,2830,2910,668363,0.028268551236749095
2022-07-19,2910,2950,2885,2930,560368,0.0068728522336769515
2022-07-20,2980,3020,2910,2920,685762,-0.0034129692832765013
2022-07-21,2920,2980,2920,2935,457662,0.005136986301369939
2022-07-22,2960,3035,2935,3005,930913,0.023850085178875657
2022-07-25,2990,2990,2915,2930,650102,-0.024958402662229595
2022-07-26,2930,2960,2920,2920,254753,-0.0034129692832765013
2022-07-27,2900,2950,2900,2945,369275,0.008561643835616417
2022-07-28,2990,3000,2950,2955,388929,0.00339558573853993
2022-07-29,2970,3080,2970,3080,941715,0.04230118443316422
2022-08-01,3045,3105,3030,3070,1036444,-0.0032467532467532756
2022-08-02,3090,3135,3010,3015,976685,-0.01791530944625408
2022-08-03,2995,3075,2990,3030,568465,0.004975124378109541
2022-08-04,3035,3065,3005,3005,381377,-0.008250825082508295
2022-08-05,3025,3030,2990,3010,358880,0.0016638935108153063
2022-08-08,2980,3000,2965,2995,423247,-0.004983388704318914
2022-08-09,2995,3130,2960,3020,1237069,0.008347245409014992
2022-08-10,3005,3095,3005,3040,799096,0.0066225165562914245
2022-08-11,3065,3195,3055,3175,2722946,0.044407894736842035
2022-08-12,3145,3185,3130,3165,930678,-0.0031496062992125706
2022-08-16,3185,3200,3105,3115,688839,-0.01579778830963663
2022-08-17,3135,3140,3055,3055,581935,-0.019261637239165297
2022-08-18,3045,3100,3005,3060,429171,0.0016366612111293755
2022-08-19,3080,3135,3065,3115,560908,0.017973856209150263
2022-08-22,3110,3110,3010,3020,523905,-0.0304975922953451
2022-08-23,2945,2990,2915,2925,603867,-0.0314569536423841
2022-08-24,2930,2980,2920,2940,310678,0.00512820512820511
2022-08-25,2970,3040,2960,3020,432708,0.027210884353741527
2022-08-26,3070,3200,3045,3100,1291381,0.026490066225165476
2022-08-29,3000,3030,2950,2985,542606,-0.0370967741935484
2022-08-30,3000,3110,2995,3085,646733,0.03350083752093802
2022-08-31,3100,3180,3040,3095,858778,0.0032414910858995505
2022-09-01,3055,3065,2935,2950,936288,-0.04684975767366717
2022-09-02,2960,3075,2945,2955,786648,0.0016949152542373724
2022-09-05,2925,2985,2875,2880,656564,-0.025380710659898442
2022-09-06,2880,2935,2880,2915,252370,0.012152777777777679
2022-09-07,2900,2915,2765,2780,738347,-0.046312178387650116
2022-09-08,2795,2825,2760,2770,370623,-0.003597122302158251
2022-09-13,2845,3055,2835,3015,2836125,0.08844765342960281
2022-09-14,2910,3110,2865,3040,2505004,0.008291873963515828
2022-09-15,3100,3100,3010,3025,879101,-0.004934210526315819
2022-09-16,2990,3050,2935,2940,747431,-0.028099173553719048
2022-09-19,2950,3065,2855,2855,1160917,-0.028911564625850317
2022-09-20,2875,3020,2875,2955,742179,0.035026269702276736
2022-09-21,2930,2970,2875,2895,499865,-0.02030456852791873
2022-09-22,2820,2845,2720,2760,1004759,-0.04663212435233166
2022-09-23,2750,2755,2610,2615,1017249,-0.05253623188405798
2022-09-26,2540,2580,2400,2400,1025902,-0.0822179732313576
2022-09-27,2355,2455,2310,2400,719247,0.0
2022-09-28,2360,2445,2220,2345,808369,-0.022916666666666696
2022-09-29,2400,2445,2330,2330,530552,-0.006396588486140775
2022-09-30,2250,2470,2230,2400,806855,0.030042918454935563
2022-10-04,2450,2465,2425,2455,312828,0.022916666666666696
2022-10-05,2500,2535,2415,2445,465168,-0.004073319755600768
2022-10-06,2450,2550,2450,2535,414341,0.036809815950920255
2022-10-07,2500,2540,2490,2525,190019,-0.0039447731755424265
2022-10-11,2475,2515,2375,2420,313941,-0.04158415841584162
2022-10-12,2440,2575,2435,2520,1085650,0.04132231404958686
2022-10-13,2470,2545,2460,2465,516843,-0.02182539682539686
2022-10-14,2520,2580,2455,2540,485096,0.030425963488843744
2022-10-17,2480,2535,2425,2530,261840,-0.003937007874015741
2022-10-18,2560,2605,2525,2595,389895,0.025691699604743157
2022-10-19,2620,2630,2545,2560,394343,-0.013487475915221592
2022-10-20,2575,2600,2515,2580,499538,0.0078125
2022-10-21,2750,2755,2525,2525,1276522,-0.02131782945736438
2022-10-24,2585,2630,2565,2590,406839,0.025742574257425765
2022-10-25,2610,2620,2550,2585,328117,-0.0019305019305019266
2022-10-26,2610,2730,2610,2615,736473,0.011605415860735047
2022-10-27,2615,2670,2605,2655,281622,0.015296367112810794
2022-10-28,2650,2715,2625,2635,459849,-0.007532956685499026
2022-10-31,2675,2685,2635,2675,251460,0.015180265654648917
2022-11-01,2665,2745,2660,2730,542091,0.020560747663551426
2022-11-02,2735,2755,2690,2690,491029,-0.0146520146520146
2022-11-03,2615,2770,2610,2750,449023,0.02230483271375472
2022-11-04,2765,2820,2700,2810,1013694,0.021818181818181737
2022-11-07,2805,2980,2770,2970,3188233,0.05693950177935947
2022-11-08,3145,3175,3010,3030,3902183,0.02020202020202011
2022-11-09,3055,3135,3000,3055,1579491,0.008250825082508184
2022-11-10,3045,3090,2975,2975,941607,-0.026186579378068786
2022-11-11,3080,3085,3000,3050,866946,0.025210084033613356
2022-11-14,3120,3130,3010,3035,963121,-0.004918032786885296
2022-11-15,3085,3200,3060,3095,2831560,0.01976935749588149
2022-11-16,3050,3065,3005,3060,662702,-0.011308562197092087
2022-11-17,3060,3300,3030,3230,4135959,0.05555555555555558
2022-11-18,3230,3350,3130,3255,3248422,0.007739938080495445
2022-11-21,3275,3275,3110,3130,1236445,-0.03840245775729645
2022-11-22,3150,3255,3140,3210,1876684,0.025559105431310014
2022-11-23,3260,3315,3200,3275,1536865,0.02024922118380057
2022-11-24,3365,3655,3360,3505,9616652,0.07022900763358786
2022-11-25,3525,3595,3200,3505,5680367,0.0
2022-11-28,3470,3540,3370,3425,1741321,-0.022824536376604865
2022-11-29,3380,3400,3220,3300,2029274,-0.03649635036496346
2022-11-30,3300,3375,3215,3245,1312061,-0.01666666666666672
2022-12-01,3275,3290,3175,3185,1288305,-0.018489984591679498
2022-12-02,3190,3200,3130,3135,781840,-0.015698587127158548
2022-12-05,3185,3225,3150,3185,777025,0.01594896331738438
2022-12-06,3130,3165,3055,3060,719887,-0.039246467817896424
2022-12-07,3060,3080,2960,3010,729764,-0.016339869281045805
2022-12-08,3000,3015,2900,2935,541478,-0.02491694352159468
2022-12-09,2935,3050,2880,3035,918136,0.03407155025553665
2022-12-12,2965,3020,2925,2930,580933,-0.034596375617792385
2022-12-13,2955,3055,2945,3020,837616,0.030716723549488067
2022-12-14,3025,3040,2990,3015,372156,-0.0016556291390728006
2022-12-15,3015,3075,2975,3010,404190,-0.0016583747927031434
2022-12-16,2960,2990,2930,2965,351224,-0.014950166112956853
2022-12-19,2955,2995,2925,2935,267826,-0.010118043844856706
2022-12-20,2910,2940,2830,2840,674190,-0.03236797274275982
2022-12-21,2870,2935,2840,2895,370101,0.01936619718309851
2022-12-22,2895,2970,2885,2925,329455,0.010362694300518172
2022-12-23,2890,2925,2810,2835,577564,-0.03076923076923077
2022-12-26,2840,2845,2755,2760,410852,-0.02645502645502651
2022-12-27,2755,2810,2745,2765,329727,0.0018115942028984477
2022-12-28,2760,2815,2745,2790,261547,0.009041591320072317
2022-12-29,2790,2805,2650,2665,418751,-0.04480286738351258
2023-01-02,2665,2685,2550,2555,440914,-0.0412757973733584
2023-01-03,2505,2615,2505,2560,581204,0.001956947162426559
2023-01-04,2520,2595,2520,2595,249604,0.013671875
2023-01-05,2610,2850,2560,2825,2977259,0.08863198458574173
2023-01-06,2690,3055,2660,2895,5723331,0.024778761061946986
2023-01-09,2925,2950,2890,2915,803314,0.006908462867012188
2023-01-10,2915,3020,2865,3020,2343734,0.036020583190394584
2023-01-11,2975,3010,2945,2980,1152849,-0.013245033112582738
2023-01-12,3010,3190,2965,2985,6494358,0.001677852348993314
2023-01-13,3010,3240,3000,3040,5648866,0.018425460636515956
2023-01-16,3070,3075,2975,2980,1026796,-0.019736842105263164
2023-01-17,2995,3090,2955,2975,1124885,-0.001677852348993314
2023-01-18,2975,3000,2910,2910,613076,-0.021848739495798353
2023-01-19,2880,2935,2865,2890,338568,-0.0068728522336769515
2023-01-20,2890,2955,2880,2915,371051,0.00865051903114189
2023-01-25,2940,2950,2900,2915,363919,0.0
2023-01-26,2920,3000,2910,2940,669689,0.00857632933104635
2023-01-27,2960,3030,2945,2970,817175,0.010204081632652962
2023-01-30,2965,3000,2930,2960,469625,-0.0033670033670033517
2023-01-31,2935,2975,2920,2960,347152,0.0
2023-02-01,2975,2985,2925,2925,351096,-0.011824324324324342
2023-02-02,2930,2955,2925,2950,305122,0.008547008547008517
2023-02-03,2950,2965,2920,2930,327218,-0.006779661016949157
2023-02-06,2920,2935,2885,2895,404593,-0.011945392491467532
2023-02-07,2895,2930,2875,2925,316695,0.010362694300518172
2023-02-08,2930,2945,2915,2930,320474,0.0017094017094017033
2023-02-09,2940,3020,2940,2960,924867,0.010238907849829282
2023-02-10,2930,2950,2895,2900,354266,-0.020270270270270285
2023-02-13,2900,2960,2895,2925,270283,0.008620689655172376
2023-02-14,2955,3055,2945,3045,1394806,0.0410256410256411
2023-02-15,3070,3090,2995,3005,1439932,-0.013136288998357948
2023-02-16,3015,3040,2990,2995,526822,-0.0033277870216306127
2023-02-17,2990,3125,2970,3010,2032355,0.005008347245408995
2023-02-20,3030,3070,3015,3055,834638,0.014950166112956742
2023-02-21,3055,3105,3020,3075,876723,0.00654664484451728
2023-02-22,3025,3065,3005,3005,562462,-0.02276422764227637
2023-02-23,3015,3050,3015,3050,501983,0.014975041597337757
2023-02-24,3050,3080,2980,3005,675944,-0.014754098360655776
2023-02-27,2980,2990,2925,2935,601811,-0.02329450915141429
2023-02-28,2920,2955,2900,2905,442991,-0.010221465076660996
2023-03-02,2910,2945,2910,2925,300842,0.0068846815834766595
2023-03-03,2925,2940,2905,2915,324856,-0.0034188034188034067
2023-03-06,2900,2910,2800,2820,930343,-0.032590051457976
2023-03-07,2815,2815,2730,2780,769677,-0.014184397163120588
2023-03-08,2760,2795,2730,2740,390768,-0.014388489208633115
2023-03-09,2750,2795,2730,2740,407711,0.0
2023-03-10,2725,2730,2660,2675,396068,-0.02372262773722633
2023-03-13,2630,2685,2580,2680,431626,0.0018691588785046953
2023-03-14,2660,2715,2590,2610,524914,-0.026119402985074647
2023-03-15,2635,2690,2635,2675,314403,0.02490421455938696
2023-03-16,2640,2670,2595,2610,307986,-0.024299065420560706
2023-03-17,2660,2715,2625,2705,372868,0.03639846743295028
2023-03-20,2740,2770,2720,2725,309596,0.007393715341959428
2023-03-21,2740,2760,2675,2695,280486,-0.011009174311926606
2023-03-22,2695,2720,2640,2660,258459,-0.012987012987012991
2023-03-23,2620,2660,2605,2610,244403,-0.018796992481203034
