Date,Open,High,Low,Close,Volume,Change
2015-01-02,10950,11300,10950,11200,3462,0.009009009009008917
2015-01-05,11150,11350,11100,11300,4303,0.008928571428571397
2015-01-06,11300,11300,10900,11000,3709,-0.026548672566371723
2015-01-07,11000,11000,10549,10850,5497,-0.013636363636363669
2015-01-08,10800,10850,10600,10850,1995,0.0
2015-01-09,10800,11100,10800,10900,2146,0.004608294930875667
2015-01-12,11000,11250,10850,10900,3375,0.0
2015-01-13,10750,10950,10499,10600,4248,-0.02752293577981646
2015-01-14,10700,10700,10000,10000,15853,-0.05660377358490565
2015-01-15,10050,10400,10000,10400,5298,0.040000000000000036
2015-01-16,10400,10450,10150,10400,1329,0.0
2015-01-19,10500,10600,9990,10100,10260,-0.028846153846153855
2015-01-20,10150,10599,10150,10500,6014,0.03960396039603964
2015-01-21,10500,10799,10400,10750,7109,0.023809523809523725
2015-01-22,10600,11000,10600,10950,7151,0.018604651162790642
2015-01-23,10950,11150,10650,10950,3691,0.0
2015-01-26,11200,11200,10499,10600,5333,-0.03196347031963476
2015-01-27,10750,11400,10600,10650,16375,0.004716981132075526
2015-01-28,11000,12200,10850,12200,60259,0.1455399061032865
2015-01-29,12300,13800,11950,13100,92196,0.07377049180327866
2015-01-30,12850,13399,12650,13100,25285,0.0
2015-02-02,13100,14300,12950,13950,43765,0.06488549618320616
2015-02-03,14100,14350,13450,14300,34577,0.02508960573476693
2015-02-04,14650,14650,13950,14350,12861,0.0034965034965035446
2015-02-05,14500,14500,13650,13950,22068,-0.027874564459930307
2015-02-06,13950,14200,13550,13700,11393,-0.017921146953404965
2015-02-09,13500,13600,12850,13000,24121,-0.051094890510948954
2015-02-10,13000,13300,12700,13100,15675,0.007692307692307665
2015-02-11,12950,13250,12750,13250,22019,0.011450381679389388
2015-02-12,13100,14100,13100,14000,22351,0.05660377358490565
2015-02-13,14150,14300,13700,14000,18281,0.0
2015-02-16,13800,14100,13700,13850,5687,-0.010714285714285676
2015-02-17,13800,14050,13600,13950,6937,0.0072202166064982976
2015-02-23,13950,14100,13800,14000,7983,0.0035842293906809264
2015-02-24,13900,13950,13250,13550,14646,-0.03214285714285714
2015-02-25,13450,14150,13200,14100,13614,0.040590405904058935
2015-02-26,14100,14100,13650,14050,6105,-0.0035460992907800915
2015-02-27,14200,14850,14150,14500,23247,0.03202846975088969
2015-03-02,14700,14700,14150,14150,8136,-0.024137931034482807
2015-03-03,14200,15000,14150,14600,22389,0.03180212014134276
2015-03-04,14600,15700,14500,15300,17069,0.047945205479452024
2015-03-05,15450,15500,14600,14600,11580,-0.04575163398692805
2015-03-06,14700,14800,14250,14500,9143,-0.006849315068493178
2015-03-09,14300,14650,13900,13950,14086,-0.037931034482758585
2015-03-10,14100,14250,13450,14150,10858,0.014336917562723928
2015-03-11,13800,14000,13500,13650,12681,-0.035335689045936425
2015-03-12,13650,13900,13150,13200,12519,-0.03296703296703296
2015-03-13,13300,13650,13050,13550,19915,0.026515151515151603
2015-03-16,13800,13850,13350,13450,14897,-0.0073800738007380184
2015-03-17,13600,14000,13250,13950,19644,0.037174721189590976
2015-03-18,13850,13950,13600,13650,8489,-0.021505376344086002
2015-03-19,13700,14000,13500,13800,11231,0.01098901098901095
2015-03-20,13950,14750,13850,14300,20824,0.03623188405797095
2015-03-23,14400,14650,14250,14400,6398,0.006993006993007089
2015-03-24,14400,14600,14150,14250,6228,-0.01041666666666663
2015-03-25,14250,14450,13400,13500,24105,-0.052631578947368474
2015-03-26,13400,13750,12450,12650,48863,-0.062962962962963
2015-03-27,12700,13250,12700,13150,13411,0.03952569169960474
2015-03-30,13250,13850,13250,13850,22420,0.05323193916349811
2015-03-31,13850,14500,13650,14250,24152,0.028880866425992746
2015-04-01,14550,14650,14250,14600,15859,0.024561403508772006
2015-04-02,14700,14700,14200,14650,11986,0.003424657534246478
2015-04-03,14650,14900,14400,14750,9352,0.006825938566553003
2015-04-06,14900,16950,14600,16950,43627,0.14915254237288145
2015-04-07,17050,17200,16400,16700,19163,-0.014749262536873142
2015-04-08,16850,17250,16500,16950,21070,0.014970059880239583
2015-04-09,17150,18600,16700,17600,43584,0.03834808259587019
2015-04-10,17700,20200,17700,18850,75066,0.07102272727272729
2015-04-13,20150,21400,18550,19700,76142,0.04509283819628651
2015-04-14,20000,20350,19100,19900,50285,0.010152284263959421
2015-04-15,20000,21399,19550,20850,49066,0.047738693467336724
2015-04-16,21100,22850,20950,22000,61233,0.05515587529976029
2015-04-17,22250,22900,21800,22550,31691,0.02499999999999991
2015-04-20,22800,22800,21499,22100,30553,-0.019955654101995512
2015-04-21,22400,22800,21850,22050,30998,-0.002262443438914019
2015-04-22,22050,22600,19100,21700,61995,-0.015873015873015928
2015-04-23,21850,21850,20100,21000,50353,-0.032258064516129004
2015-04-24,20900,21000,19850,20400,42002,-0.02857142857142858
2015-04-27,20450,20600,19750,19950,39043,-0.022058823529411797
2015-04-28,19950,20850,19750,20300,31999,0.01754385964912286
2015-04-29,20400,20550,19750,20150,14828,-0.007389162561576401
2015-04-30,19900,20200,19150,19650,16852,-0.02481389578163773
2015-05-04,19800,19900,18600,18850,25584,-0.040712468193384255
2015-05-06,18700,19450,18300,19450,21291,0.03183023872679036
2015-05-07,19500,19750,18800,19600,26695,0.007712082262210762
2015-05-08,19800,20050,19200,19800,22327,0.010204081632652962
2015-05-11,20450,22000,20200,21450,43774,0.08333333333333326
2015-05-12,21450,22150,20700,21400,35693,-0.002331002331002363
2015-05-13,21300,21500,20550,21000,13138,-0.01869158878504673
2015-05-14,21000,21850,20799,21250,14134,0.011904761904761862
2015-05-15,21650,21650,20700,21150,15787,-0.004705882352941226
2015-05-18,20750,20750,19300,20200,57166,-0.044917257683215084
2015-05-19,20450,21400,20050,21250,26065,0.051980198019802026
2015-05-20,21599,24200,21250,23900,50290,0.12470588235294122
2015-05-21,24150,25450,23400,24450,36563,0.023012552301255207
2015-05-22,24500,25100,23100,23700,24059,-0.030674846625766916
2015-05-26,23949,23949,22450,23700,25465,0.0
2015-05-27,23700,23700,22800,23300,15117,-0.016877637130801704
2015-05-28,23300,24250,23250,23650,18564,0.015021459227467782
2015-05-29,23450,23600,22600,22600,17937,-0.04439746300211411
2015-06-01,22250,22800,21600,22750,13620,0.006637168141592875
2015-06-02,22749,22749,20750,21050,31551,-0.07472527472527468
2015-06-03,20650,21899,20200,20900,12052,-0.0071258907363420665
2015-06-04,20950,21400,20850,21150,5809,0.011961722488038173
2015-06-05,21000,21550,20550,21300,5762,0.007092198581560183
2015-06-08,21450,21750,21000,21450,7137,0.007042253521126751
2015-06-09,21350,22050,21050,21950,9075,0.02331002331002341
2015-06-10,21750,22150,20950,21150,13387,-0.036446469248291535
2015-06-11,21150,21550,20900,21100,7879,-0.0023640661938534313
2015-06-12,21100,21800,20900,21050,7250,-0.0023696682464454666
2015-06-15,20750,21200,20000,20650,10658,-0.019002375296912066
2015-06-16,20200,21000,20200,20550,5847,-0.004842615012106588
2015-06-17,20550,20850,20250,20500,9632,-0.0024330900243308973
2015-06-18,20550,21650,20550,21300,12702,0.039024390243902474
2015-06-19,21350,22050,21150,21650,11396,0.016431924882629012
2015-06-22,21650,21650,20750,21550,8549,-0.004618937644341847
2015-06-23,21550,21600,20850,21200,8712,-0.016241299303944357
2015-06-24,21200,22100,21050,21950,11846,0.03537735849056611
2015-06-25,22500,24300,22500,23150,41213,0.0546697038724373
2015-06-26,23150,23500,22400,22850,12391,-0.01295896328293733
2015-06-29,22300,22800,21750,21950,7656,-0.03938730853391681
2015-06-30,21700,22600,21150,22400,7767,0.0205011389521641
2015-07-01,22250,22750,21650,21950,11499,-0.0200892857142857
2015-07-02,22000,22400,21750,22150,8142,0.009111617312072884
2015-07-03,22100,22550,21900,22100,7227,-0.0022573363431150906
2015-07-06,21700,22200,21500,21650,10795,-0.020361990950226283
2015-07-07,21800,24000,21800,23500,53133,0.08545034642032334
2015-07-08,24250,24800,22850,23150,31524,-0.014893617021276562
2015-07-09,22850,24000,22050,23700,20655,0.023758099352051865
2015-07-10,23800,24800,23650,24150,22387,0.018987341772152
2015-07-13,24049,24450,23000,24150,13449,0.0
2015-07-14,24450,24600,23850,24100,11601,-0.0020703933747412417
2015-07-15,24100,24100,22700,23500,27125,-0.024896265560165998
2015-07-16,22900,23999,22800,23750,17384,0.010638297872340496
2015-07-17,23750,23999,22600,22750,14206,-0.04210526315789476
2015-07-20,22800,23950,22500,23650,16336,0.03956043956043964
2015-07-21,23950,25400,23350,24400,33545,0.031712473572938604
2015-07-22,24500,25400,23650,24550,12543,0.006147540983606481
2015-07-23,24500,25750,24100,25650,21034,0.044806517311609007
2015-07-24,26300,26900,25750,26400,25215,0.029239766081871288
2015-07-27,26200,26250,24500,25300,16914,-0.04166666666666663
2015-07-28,24700,25700,24250,24750,12147,-0.021739130434782594
2015-07-29,24500,25250,24500,24950,6030,0.008080808080808133
2015-07-30,24950,24950,23200,23850,14866,-0.044088176352705455
2015-07-31,23600,23900,22350,23500,18482,-0.014675052410901501
2015-08-03,23450,23750,22750,22900,7395,-0.025531914893617058
2015-08-04,22700,23450,22700,23150,6257,0.01091703056768556
2015-08-05,23100,23100,21650,22750,25190,-0.017278617710583144
2015-08-06,23000,24050,22749,24000,23899,0.05494505494505497
2015-08-07,23500,23950,23200,23250,7644,-0.03125
2015-08-10,22350,22800,20100,21700,42143,-0.06666666666666665
2015-08-11,21750,22000,20700,20950,17527,-0.03456221198156684
2015-08-12,20900,21000,19000,19450,17101,-0.0715990453460621
2015-08-13,19400,19950,19000,19650,14267,0.010282776349614497
2015-08-17,19900,19900,18050,18050,20301,-0.0814249363867684
2015-08-18,18300,19000,17650,18250,31569,0.011080332409972193
2015-08-19,18000,18600,16900,18350,30356,0.005479452054794498
2015-08-20,18300,18700,17700,18000,13308,-0.019073569482288777
2015-08-21,17100,18800,16700,17950,19206,-0.002777777777777768
2015-08-24,17500,18400,17000,17800,15330,-0.00835654596100277
2015-08-25,17800,18400,17250,18100,13760,0.016853932584269593
2015-08-26,17850,19200,17850,19100,16367,0.05524861878453047
2015-08-27,19300,19800,18800,19000,13336,-0.005235602094240788
2015-08-28,19500,19900,19050,19450,11258,0.023684210526315752
2015-08-31,19450,19500,18700,18900,8371,-0.028277634961439535
2015-09-01,18900,19450,18250,18400,10153,-0.02645502645502651
2015-09-02,18200,18450,17700,18350,12558,-0.0027173913043477826
2015-09-03,18700,18750,18150,18600,4121,0.013623978201634968
2015-09-04,18300,18550,17050,17650,12179,-0.051075268817204256
2015-09-07,17750,17800,17150,17500,7349,-0.008498583569405138
2015-09-08,17200,17500,16500,17250,13838,-0.014285714285714235
2015-09-09,17500,18250,17250,18200,10746,0.05507246376811592
2015-09-10,18200,19300,17750,19050,10235,0.04670329670329676
2015-09-11,18950,19500,18600,19500,11087,0.023622047244094446
2015-09-14,19350,19500,18850,19400,8761,-0.00512820512820511
2015-09-15,19300,20000,19000,20000,7195,0.030927835051546282
2015-09-16,19950,20000,19700,19700,6384,-0.015000000000000013
2015-09-17,19700,19900,19400,19450,6799,-0.012690355329949221
2015-09-18,19450,20000,19400,19900,7109,0.023136246786632286
2015-09-21,19600,20450,19500,20400,8173,0.025125628140703515
2015-09-22,20400,20650,20050,20450,6319,0.002450980392156854
2015-09-23,20400,20700,19700,20700,8873,0.012224938875305513
2015-09-24,20450,21200,20100,20900,10424,0.009661835748792313
2015-09-25,20550,21150,20500,20950,5779,0.0023923444976077235
2015-09-30,20799,21300,20350,21250,7502,0.014319809069212486
2015-10-01,21500,21500,20700,21200,9937,-0.0023529411764705577
2015-10-02,21350,21400,20750,20750,4694,-0.021226415094339646
2015-10-05,21050,21800,20850,21700,10140,0.04578313253012056
2015-10-06,21600,21900,21400,21700,6721,0.0
2015-10-07,21349,21650,20700,21450,10917,-0.011520737327188946
2015-10-08,21200,21300,19900,20000,14295,-0.06759906759906764
2015-10-12,19900,20600,19500,20200,12246,0.010000000000000009
2015-10-13,20200,20200,19400,19800,11170,-0.01980198019801982
2015-10-14,19550,19800,19250,19450,6068,-0.017676767676767624
2015-10-15,19650,19850,19400,19850,2590,0.020565552699228773
2015-10-16,19700,20100,19700,20000,3274,0.007556675062972307
2015-10-19,20150,20150,19350,19400,5932,-0.030000000000000027
2015-10-20,19600,19700,19250,19500,5033,0.005154639175257714
2015-10-21,19550,19550,18900,19200,5441,-0.01538461538461533
2015-10-22,18900,19150,17900,18200,13024,-0.05208333333333337
2015-10-23,18200,18700,18100,18500,4353,0.016483516483516425
2015-10-26,18350,18800,18300,18650,1914,0.008108108108108025
2015-10-27,18400,18850,18300,18700,3171,0.002680965147453085
2015-10-28,18600,18800,18550,18750,3251,0.002673796791443861
2015-10-29,18750,18800,18450,18550,3568,-0.010666666666666713
2015-10-30,18500,18550,18100,18550,3032,0.0
2015-11-02,18550,18750,18200,18550,3122,0.0
2015-11-03,18600,18700,18100,18200,4232,-0.018867924528301883
2015-11-04,18200,18500,18000,18150,3661,-0.0027472527472527375
2015-11-05,18050,18400,17850,18250,4121,0.005509641873278293
2015-11-06,18400,18400,17500,17950,9858,-0.016438356164383605
2015-11-09,18000,18150,17500,17500,9891,-0.02506963788300831
2015-11-10,17350,17800,16900,17500,12637,0.0
2015-11-11,17250,17850,16950,17800,10276,0.017142857142857126
2015-11-12,17600,17850,17500,17700,4588,-0.005617977528089901
2015-11-13,17300,17650,17050,17300,9105,-0.02259887005649719
2015-11-16,16800,17750,16800,17500,6140,0.011560693641618602
2015-11-17,17500,17800,16750,16850,13900,-0.037142857142857144
2015-11-18,16550,17400,16550,17200,9942,0.020771513353115667
2015-11-19,17200,17800,17150,17650,6096,0.026162790697674465
2015-11-20,17550,17700,17300,17350,5404,-0.016997167138810165
2015-11-23,17100,17800,17100,17600,5554,0.014409221902017322
2015-11-24,17800,18050,17350,17950,6213,0.019886363636363535
2015-11-25,17850,18100,17050,17050,12001,-0.05013927576601673
2015-11-26,17250,17900,17150,17700,10188,0.038123167155425186
2015-11-27,18000,18100,17550,17900,10276,0.011299435028248483
2015-11-30,17900,17900,17150,17400,12664,-0.027932960893854775
2015-12-01,17250,17850,17250,17650,13450,0.014367816091954033
2015-12-02,17750,18400,17450,18050,13116,0.022662889518413554
2015-12-03,18050,18700,18050,18700,16065,0.03601108033241007
2015-12-04,18650,18850,18350,18500,8650,-0.010695187165775444
2015-12-07,18500,18700,18100,18300,5515,-0.010810810810810811
2015-12-08,18050,18300,17550,17700,7774,-0.032786885245901676
2015-12-09,17850,17950,17500,17600,3366,-0.005649717514124242
2015-12-10,17500,17800,17400,17400,3171,-0.011363636363636354
2015-12-11,17500,17500,17100,17100,7257,-0.017241379310344862
2015-12-14,17100,17850,16900,17450,5541,0.020467836257309857
2015-12-15,17450,17800,17300,17500,4972,0.002865329512893977
2015-12-16,17500,18100,17500,17600,5385,0.005714285714285783
2015-12-17,17750,18250,17550,18000,6698,0.022727272727272707
2015-12-18,17700,18350,17700,18200,8094,0.011111111111111072
2015-12-21,17900,18300,17900,18150,6998,-0.0027472527472527375
2015-12-22,18150,18250,17550,17650,9234,-0.02754820936639113
2015-12-23,17650,18400,17650,18050,6047,0.022662889518413554
2015-12-24,18400,18400,17850,18050,2149,0.0
2015-12-28,18100,18250,17750,18050,4451,0.0
2015-12-29,18050,18350,17800,18250,3770,0.011080332409972193
2015-12-30,18250,18700,18050,18600,4932,0.019178082191780854
2016-01-04,18600,18700,17700,17800,7134,-0.043010752688172005
2016-01-05,17750,17800,17350,17800,10513,0.0
2016-01-06,17650,17750,17550,17600,6980,-0.011235955056179803
2016-01-07,17350,17550,17300,17400,7920,-0.011363636363636354
2016-01-08,17300,19300,17200,19100,27811,0.09770114942528729
2016-01-11,19250,20200,18900,19500,27427,0.020942408376963373
2016-01-12,19500,19600,18700,19500,11355,0.0
2016-01-13,19950,20050,19400,19750,7908,0.012820512820512775
2016-01-14,19650,20100,19300,19850,7113,0.005063291139240533
2016-01-15,20200,20400,19850,20200,8237,0.017632241813602123
2016-01-18,20100,20350,19950,20250,4103,0.0024752475247524774
2016-01-19,19850,20300,19850,20300,5513,0.0024691358024691024
2016-01-20,20450,20550,19500,19900,10053,-0.019704433497536922
2016-01-21,20000,20150,19300,19650,6049,-0.012562814070351758
2016-01-22,19650,19950,19550,19900,4976,0.012722646310432628
2016-01-25,19800,20150,19700,20000,2682,0.005025125628140614
2016-01-26,20000,20000,19200,19400,3983,-0.030000000000000027
2016-01-27,19400,19800,19250,19550,5430,0.0077319587628865705
2016-01-28,19500,19550,18900,19450,6016,-0.005115089514066473
2016-01-29,19450,19450,18900,19400,5201,-0.0025706940874036244
2016-02-01,19500,19950,19100,19950,6018,0.028350515463917425
2016-02-02,19950,20350,19600,20250,7336,0.015037593984962516
2016-02-03,20250,20250,19600,19800,6519,-0.022222222222222254
2016-02-04,20100,20250,19650,20200,4956,0.02020202020202011
2016-02-05,20050,20100,19350,19450,4743,-0.03712871287128716
2016-02-11,19100,19500,19000,19150,2800,-0.015424164524421635
2016-02-12,18850,19100,18050,18250,8616,-0.04699738903394257
2016-02-15,18450,18450,17950,17950,6563,-0.016438356164383605
2016-02-16,18100,18750,18000,18400,7764,0.025069637883008422
2016-02-17,18300,18500,18050,18200,2642,-0.010869565217391353
2016-02-18,18100,18750,18100,18650,4989,0.024725274725274637
2016-02-19,18700,18900,18400,18800,2176,0.008042895442359255
2016-02-22,18600,18850,18350,18600,5670,-0.010638297872340385
2016-02-23,18800,18900,18500,18700,1544,0.005376344086021501
2016-02-24,18700,18700,18450,18600,1619,-0.005347593582887722
2016-02-25,18600,18800,18400,18800,1078,0.010752688172043001
2016-02-26,18800,18900,18650,18900,1476,0.005319148936170137
2016-02-29,19100,19300,18800,18950,3990,0.002645502645502562
2016-03-02,19000,19100,18200,18400,6782,-0.02902374670184693
2016-03-03,18300,18500,18150,18200,4873,-0.010869565217391353
2016-03-04,18200,18500,18200,18250,4288,0.0027472527472527375
2016-03-07,18250,18350,18150,18150,2516,-0.005479452054794498
2016-03-08,18150,18300,17750,17850,6025,-0.016528925619834656
2016-03-09,17850,18050,17850,17850,2965,0.0
2016-03-10,17950,18200,17800,18050,2700,0.011204481792717047
2016-03-11,18150,18200,17800,17900,2184,-0.008310249307479256
2016-03-14,18150,18150,17800,17850,1950,-0.0027932960893854997
2016-03-15,17850,18150,17850,17850,2641,0.0
2016-03-16,17850,18050,17750,17800,3117,-0.0028011204481792618
2016-03-17,17900,18000,17700,17850,4327,0.002808988764045006
2016-03-18,17800,17850,17500,17600,6150,-0.014005602240896309
2016-03-21,17650,17850,17600,17700,2496,0.005681818181818121
2016-03-22,17600,17750,17500,17600,3453,-0.005649717514124242
2016-03-23,17450,17700,17400,17550,4149,-0.0028409090909090606
2016-03-24,17550,17750,17400,17750,2620,0.01139601139601143
2016-03-25,17900,18100,17750,18000,4245,0.014084507042253502
2016-03-28,18050,18100,17650,17900,3208,-0.005555555555555536
2016-03-29,17800,18100,17550,17700,3287,-0.011173184357541888
2016-03-30,17850,17850,17450,17650,4070,-0.0028248587570621764
2016-03-31,17650,17850,17550,17800,3323,0.008498583569405138
2016-04-01,17800,17800,17550,17550,3907,-0.014044943820224698
2016-04-04,17500,17750,17450,17550,2596,0.0
2016-04-05,17750,17900,17500,17650,2430,0.005698005698005604
2016-04-06,17800,17800,17450,17700,7691,0.0028328611898016387
2016-04-07,17600,17800,17450,17700,4792,0.0
2016-04-08,17650,17800,17500,17500,1954,-0.011299435028248594
2016-04-11,17500,17600,17350,17450,3743,-0.0028571428571428914
2016-04-12,17350,17700,17200,17700,6681,0.014326647564469885
2016-04-14,17700,17750,17450,17750,2206,0.0028248587570620654
2016-04-15,17800,17800,17400,17600,3586,-0.008450704225352101
2016-04-18,17600,17600,17300,17400,5236,-0.011363636363636354
2016-04-19,17550,17550,17300,17350,2349,-0.002873563218390829
2016-04-20,17350,17700,17350,17500,5067,0.008645533141210304
2016-04-21,17500,17750,17400,17700,1865,0.011428571428571344
2016-04-22,17700,17950,17650,17800,2579,0.005649717514124353
2016-04-25,17950,18000,17550,18000,2355,0.011235955056179803
2016-04-26,18000,18400,18000,18400,4275,0.022222222222222143
2016-04-27,18400,18400,17750,17950,4780,-0.024456521739130488
2016-04-28,17950,18100,17650,17700,2012,-0.013927576601671321
2016-04-29,17700,18000,17600,17950,1614,0.01412429378531077
2016-05-02,17800,17950,17500,17700,1507,-0.013927576601671321
2016-05-03,17900,17900,17550,17650,1132,-0.0028248587570621764
2016-05-04,17600,17750,17400,17450,3128,-0.011331444759206777
2016-05-09,17450,17800,17400,17700,1521,0.014326647564469885
2016-05-10,17750,18200,17750,17900,3188,0.011299435028248483
2016-05-11,18000,18150,17700,17950,3824,0.0027932960893854997
2016-05-12,17850,19600,17850,18900,9116,0.052924791086351064
2016-05-13,18900,19400,18300,19000,14595,0.005291005291005346
2016-05-16,19200,19350,18450,18850,6489,-0.007894736842105288
2016-05-17,18850,19200,18700,18700,2145,-0.007957559681697646
2016-05-18,18650,18700,18300,18300,1874,-0.021390374331550777
2016-05-19,18300,18300,17700,17850,3739,-0.024590163934426257
2016-05-20,17750,18100,17700,17850,1556,0.0
2016-05-23,17800,17950,17650,17700,1417,-0.008403361344537785
2016-05-24,17900,18000,17550,17550,1678,-0.008474576271186418
2016-05-25,17850,17850,17450,17500,4447,-0.002849002849002802
2016-05-26,17400,17700,17000,17200,6806,-0.017142857142857126
2016-05-27,17200,17200,17000,17050,9088,-0.008720930232558155
2016-05-30,16800,17050,16800,17050,5281,0.0
2016-05-31,17050,17050,16850,17000,5119,-0.0029325513196480912
2016-06-01,17050,17150,16650,16700,5381,-0.01764705882352946
2016-06-02,16800,16800,16550,16650,4847,-0.0029940119760478723
2016-06-03,16900,16900,16500,16650,6466,0.0
2016-06-07,16500,16850,16500,16750,4171,0.006006006006006093
2016-06-08,16750,16800,16550,16550,3611,-0.011940298507462699
2016-06-09,16650,16700,16400,16650,5937,0.0060422960725075026
2016-06-10,16650,16850,16450,16800,4743,0.009009009009008917
2016-06-13,16500,16750,16199,16200,6321,-0.0357142857142857
2016-06-14,16199,16300,15200,15400,12668,-0.04938271604938271
2016-06-15,15150,15250,14300,14700,21728,-0.045454545454545414
2016-06-16,14800,15050,14300,14750,11648,0.00340136054421758
2016-06-17,14699,15149,14500,14900,6233,0.01016949152542379
2016-06-20,14950,15000,14600,14850,4835,-0.003355704697986628
2016-06-21,14750,15350,14750,15150,3555,0.02020202020202011
2016-06-22,15250,15250,14750,14800,5751,-0.02310231023102305
2016-06-23,14800,14950,14400,14600,5531,-0.013513513513513487
2016-06-24,14800,14950,14000,14750,5875,0.010273972602739656
2016-06-27,14700,14700,14250,14400,6085,-0.023728813559321993
2016-06-28,14400,15000,14200,14950,4045,0.03819444444444442
2016-06-29,14950,15299,14800,15100,3060,0.010033444816053505
2016-06-30,15400,15400,14650,14750,5350,-0.023178807947019875
2016-07-01,14800,14850,14450,14600,6134,-0.01016949152542368
2016-07-04,14600,14600,14300,14450,5841,-0.010273972602739767
2016-07-05,14450,14600,14350,14450,3568,0.0
2016-07-06,14350,14500,14100,14250,7415,-0.01384083044982698
2016-07-07,14550,14600,14250,14600,3429,0.024561403508772006
2016-07-08,14600,14600,14000,14250,9961,-0.023972602739726012
2016-07-11,14300,14300,13800,14050,10701,-0.01403508771929829
2016-07-12,13900,14000,13700,13800,7968,-0.017793594306049876
2016-07-13,13750,13900,13650,13750,8087,-0.0036231884057971175
2016-07-14,13700,13850,13500,13500,7530,-0.018181818181818188
2016-07-15,13600,13650,13400,13500,5630,0.0
2016-07-18,13550,13700,13500,13600,4090,0.007407407407407307
2016-07-19,13550,13850,13400,13550,7685,-0.003676470588235281
2016-07-20,13450,13900,13400,13500,5055,-0.0036900369003689537
2016-07-21,13500,13550,13150,13200,6159,-0.022222222222222254
2016-07-22,13200,13200,12900,12950,10258,-0.018939393939393923
2016-07-25,13050,13350,13000,13250,6015,0.02316602316602312
2016-07-26,13400,13400,13150,13200,4721,-0.0037735849056603765
2016-07-27,13200,14100,13200,14000,7483,0.06060606060606055
2016-07-28,14000,14250,13450,13600,8340,-0.02857142857142858
2016-07-29,13600,13650,13200,13400,4194,-0.014705882352941124
2016-08-01,13300,13500,12850,12950,14176,-0.03358208955223885
2016-08-02,12950,13400,12950,13300,5804,0.027027027027026973
2016-08-03,13300,13350,13050,13150,3837,-0.011278195488721776
2016-08-04,13300,13300,13000,13050,2972,-0.0076045627376425395
2016-08-05,13100,13100,12700,13000,6613,-0.003831417624521105
2016-08-08,12950,13100,12850,13000,3335,0.0
2016-08-09,12900,13100,12900,12950,1980,-0.0038461538461538325
2016-08-10,13050,13450,12950,13450,5049,0.03861003861003853
2016-08-11,13500,13600,13250,13300,5388,-0.01115241635687736
2016-08-12,13450,13550,13300,13450,2208,0.011278195488721776
2016-08-16,13700,13750,13450,13600,3287,0.011152416356877248
2016-08-17,13750,13750,13250,13250,2474,-0.02573529411764708
2016-08-18,13300,13400,13000,13050,2794,-0.015094339622641506
2016-08-19,13050,13050,12550,12600,8504,-0.03448275862068961
2016-08-22,12650,12750,12150,12200,6430,-0.031746031746031744
2016-08-23,12300,12499,12150,12200,3271,0.0
2016-08-24,12350,12350,12100,12150,3129,-0.004098360655737654
2016-08-25,12100,12350,11700,11950,7057,-0.016460905349794275
2016-08-26,11950,12100,11750,12000,4622,0.004184100418409997
2016-08-29,12200,12300,11900,12150,3433,0.012499999999999956
2016-08-30,12250,12250,11900,12100,4961,-0.004115226337448541
2016-08-31,12300,12500,11900,12350,2590,0.02066115702479343
2016-09-01,12350,12400,12150,12250,2053,-0.0080971659919028
2016-09-02,12500,12600,12150,12500,2039,0.020408163265306145
2016-09-05,12500,12700,12500,12700,1496,0.016000000000000014
2016-09-06,12550,12650,12450,12500,1212,-0.015748031496062964
2016-09-07,12550,12600,12300,12500,1592,0.0
2016-09-08,12400,12499,12050,12200,5310,-0.02400000000000002
2016-09-09,12199,12199,11950,12100,3219,-0.008196721311475419
2016-09-12,11850,12200,11850,12050,2101,-0.004132231404958664
2016-09-13,12000,12300,12000,12200,2187,0.012448132780082943
2016-09-19,12050,12600,12050,12600,2821,0.032786885245901676
2016-09-20,12450,12800,12400,12700,2220,0.007936507936507908
2016-09-21,12600,12850,12350,12600,3529,-0.007874015748031482
2016-09-22,12750,12900,12500,12800,2884,0.015873015873015817
2016-09-23,12700,13100,12650,13050,2334,0.01953125
2016-09-26,13050,13150,12600,13000,4010,-0.003831417624521105
2016-09-27,13050,13100,12800,13100,1183,0.007692307692307665
2016-09-28,13200,13200,12600,12950,5356,-0.011450381679389277
2016-09-29,13000,13150,12750,13100,2140,0.01158301158301156
2016-09-30,13100,13100,12650,12650,3365,-0.03435114503816794
2016-10-04,12800,12800,12450,12450,2643,-0.015810276679841917
2016-10-05,12450,12600,12300,12500,1785,0.004016064257028162
2016-10-06,12500,12500,12349,12400,2178,-0.008000000000000007
2016-10-07,12400,12400,12050,12100,3403,-0.024193548387096753
2016-10-10,12250,12250,12050,12050,2774,-0.004132231404958664
2016-10-11,12050,12150,12000,12050,1156,0.0
2016-10-12,11900,12200,11900,12050,3561,0.0
2016-10-13,12050,12100,11900,12050,2558,0.0
2016-10-14,11900,12250,11900,12200,1829,0.012448132780082943
2016-10-17,12300,12550,12050,12200,2679,0.0
2016-10-18,12100,12150,12050,12100,751,-0.008196721311475419
2016-10-19,12050,12199,11900,12100,1900,0.0
2016-10-20,12150,12150,11950,12000,1154,-0.008264462809917328
2016-10-21,12000,12050,11900,11950,953,-0.004166666666666652
2016-10-24,11950,12050,11950,11950,865,0.0
2016-10-25,11900,12000,11750,11900,2007,-0.004184100418409997
2016-10-26,11950,12200,11850,11950,1837,0.004201680672268893
2016-10-27,12000,12200,11950,12050,706,0.008368200836819994
2016-10-28,11950,12100,11900,12000,859,-0.004149377593360981
2016-10-31,12000,12150,11750,11850,1069,-0.012499999999999956
2016-11-01,11850,12150,11800,12100,1503,0.021097046413502074
2016-11-02,12100,12150,11850,11900,1841,-0.016528925619834656
2016-11-03,12000,12250,11800,12050,1031,0.012605042016806678
2016-11-04,12050,12500,12050,12450,2198,0.03319502074688807
2016-11-07,12350,12700,12250,12300,907,-0.012048192771084376
2016-11-08,12300,12400,12100,12300,1538,0.0
2016-11-09,12399,12399,11600,11950,2857,-0.028455284552845517
2016-11-10,11950,12200,11950,12150,925,0.01673640167364021
2016-11-11,12200,12350,12050,12250,1497,0.008230452674897082
2016-11-14,12150,12200,12000,12000,435,-0.020408163265306145
2016-11-15,12100,13300,12050,13200,10875,0.10000000000000009
2016-11-16,13400,13400,12750,13200,8380,0.0
2016-11-17,13250,13300,13100,13100,2193,-0.007575757575757569
2016-11-18,13000,13300,12950,13250,1708,0.011450381679389388
2016-11-21,13300,13300,12650,12900,1594,-0.026415094339622636
2016-11-22,12800,13200,12800,13100,1117,0.015503875968992276
2016-11-23,13250,13250,12750,12850,809,-0.01908396946564883
2016-11-24,12950,12950,12550,12600,1726,-0.01945525291828798
2016-11-25,12550,12950,12550,12950,908,0.02777777777777768
2016-11-28,12850,12900,12600,12650,525,-0.02316602316602312
2016-11-29,12650,13100,12550,12750,1058,0.007905138339920903
2016-11-30,12699,12800,12600,12600,600,-0.0117647058823529
2016-12-01,12700,13100,12500,12950,2112,0.02777777777777768
2016-12-02,12800,13200,12800,13150,3353,0.015444015444015413
2016-12-05,13200,13300,13000,13150,1542,0.0
2016-12-06,13150,13150,12900,13100,1131,-0.0038022813688213253
2016-12-07,13100,13250,13000,13100,1943,0.0
2016-12-08,13100,13200,12800,12900,1777,-0.01526717557251911
2016-12-09,13100,13199,12900,13050,885,0.011627906976744207
2016-12-12,12850,13150,12850,13050,1859,0.0
2016-12-13,12950,13000,12700,12700,4245,-0.026819923371647514
2016-12-14,12700,13150,12500,12900,2117,0.015748031496062964
2016-12-15,13000,13300,12900,13250,2576,0.027131782945736482
2016-12-16,13300,14000,13150,13900,5351,0.049056603773584895
2016-12-19,13900,14400,13700,14200,5537,0.021582733812949728
2016-12-20,14400,14400,13950,14200,2328,0.0
2016-12-21,14350,14350,13950,14200,1280,0.0
2016-12-22,14250,14250,13800,13900,1715,-0.021126760563380254
2016-12-23,14100,14200,13900,14100,956,0.014388489208633004
2016-12-26,14100,14100,13550,13700,2399,-0.028368794326241176
2016-12-27,13700,13950,13550,13600,2735,-0.007299270072992692
2016-12-28,13600,14100,13600,14050,2805,0.03308823529411775
2016-12-29,14200,14400,13900,14050,2901,0.0
2017-01-02,14100,14550,14100,14350,2034,0.021352313167259718
2017-01-03,14350,14650,14250,14550,3654,0.013937282229965264
2017-01-04,14550,14650,14200,14500,2966,-0.0034364261168384758
2017-01-05,14550,14550,14350,14500,2121,0.0
2017-01-06,14550,14550,14400,14500,1321,0.0
2017-01-09,14500,14600,14150,14200,2069,-0.020689655172413834
2017-01-10,14100,14400,13750,14300,3565,0.007042253521126751
2017-01-11,14250,14400,14000,14400,2438,0.006993006993007089
2017-01-12,14400,14400,14150,14200,654,-0.01388888888888884
2017-01-13,14300,14300,14100,14150,1154,-0.0035211267605633756
2017-01-16,14150,14150,13850,13900,959,-0.017667844522968212
2017-01-17,13900,14100,13750,13900,1152,0.0
2017-01-18,13900,14200,13750,14000,1218,0.007194244604316502
2017-01-19,14150,14250,14000,14200,1355,0.014285714285714235
2017-01-20,14200,14300,14000,14100,1456,-0.007042253521126751
2017-01-23,14100,14250,13900,14000,1284,-0.007092198581560294
2017-01-24,13950,14000,13800,13950,1473,-0.0035714285714285587
2017-01-25,13950,14000,13700,13750,1116,-0.014336917562724039
2017-01-26,13850,13950,13750,13800,419,0.0036363636363636598
2017-01-31,13700,14200,13700,14200,1184,0.02898550724637672
2017-02-01,14300,14500,14150,14450,2672,0.01760563380281699
2017-02-02,14450,14450,14200,14300,2410,-0.01038062283737029
2017-02-03,14400,14400,14150,14300,1304,0.0
2017-02-06,14300,14350,14150,14300,794,0.0
2017-02-07,14300,14400,14150,14400,1859,0.006993006993007089
2017-02-08,14450,14500,14300,14450,1803,0.003472222222222321
2017-02-09,14450,14450,13800,13850,44693,-0.04152249134948094
2017-02-10,13800,14100,13650,13950,6707,0.0072202166064982976
2017-02-13,14000,14100,13600,13650,5173,-0.021505376344086002
2017-02-14,13650,13800,13500,13800,2814,0.01098901098901095
2017-02-15,13800,13950,13650,13700,2254,-0.007246376811594235
2017-02-16,13650,13650,13250,13300,3195,-0.029197080291970767
2017-02-17,13200,13650,13200,13650,1968,0.026315789473684292
2017-02-20,13700,13850,13400,13800,1871,0.01098901098901095
2017-02-21,13800,13800,13500,13750,2002,-0.0036231884057971175
2017-02-22,13700,13800,13550,13700,1689,-0.0036363636363636598
2017-02-23,13650,13650,13350,13450,2065,-0.018248175182481785
2017-02-24,13450,13650,13350,13600,1334,0.011152416356877248
2017-02-27,13650,13650,13250,13400,3615,-0.014705882352941124
2017-02-28,13500,13600,13300,13600,2121,0.014925373134328401
2017-03-02,13400,13600,13300,13550,2799,-0.003676470588235281
2017-03-03,13450,13450,12950,13300,3371,-0.01845018450184499
2017-03-06,13250,13500,12950,13400,2026,0.007518796992481258
2017-03-07,13399,13399,13050,13100,2931,-0.02238805970149249
2017-03-08,13100,13100,12800,12800,3679,-0.022900763358778664
2017-03-09,12800,12999,12800,12900,1850,0.0078125
2017-03-10,12800,13050,12750,13050,1267,0.011627906976744207
2017-03-13,12950,13250,12950,13200,1247,0.011494252873563315
2017-03-14,13250,13250,13000,13150,783,-0.0037878787878787845
2017-03-15,13000,13000,12750,12750,1794,-0.03041825095057038
2017-03-16,12850,13100,12850,13100,1025,0.027450980392156765
2017-03-17,13100,13250,13000,13100,1090,0.0
2017-03-20,13000,13200,12950,13150,828,0.003816793893129722
2017-03-21,13100,13200,12950,13000,713,-0.011406844106463865
2017-03-22,13100,13150,12900,12950,539,-0.0038461538461538325
2017-03-23,12900,13100,12900,13100,1453,0.01158301158301156
2017-03-24,13100,13100,13000,13100,376,0.0
2017-03-27,13150,13200,13100,13150,564,0.003816793893129722
2017-03-28,13200,13200,12899,13000,943,-0.011406844106463865
2017-03-29,13050,13150,13000,13150,456,0.011538461538461497
2017-03-30,13100,13150,12900,13100,519,-0.0038022813688213253
2017-03-31,13150,13200,13050,13100,587,0.0
2017-04-03,13150,13150,12950,13050,568,-0.003816793893129722
2017-04-04,13000,13150,12950,13000,547,-0.003831417624521105
2017-04-05,13050,13100,12950,13050,451,0.0038461538461538325
2017-04-06,13050,13200,13000,13150,820,0.00766283524904221
2017-04-07,13150,13250,13150,13200,1090,0.0038022813688212143
2017-04-10,13200,13200,13000,13100,698,-0.007575757575757569
2017-04-11,13100,13100,13000,13100,517,0.0
2017-04-12,13000,13150,13000,13050,356,-0.003816793893129722
2017-04-13,13150,13150,13050,13150,121,0.00766283524904221
2017-04-14,13150,13150,13050,13100,205,-0.0038022813688213253
2017-04-17,13150,13150,13000,13150,790,0.003816793893129722
2017-04-18,13150,13200,13100,13200,419,0.0038022813688212143
2017-04-19,13100,13150,13000,13150,464,-0.0037878787878787845
2017-04-20,13050,13150,13050,13150,715,0.0
2017-04-21,13150,13200,13000,13150,711,0.0
2017-04-24,13050,13150,13000,13150,843,0.0
2017-04-25,13050,13150,13050,13100,650,-0.0038022813688213253
2017-04-26,13150,13200,13050,13200,583,0.007633587786259444
2017-04-27,13200,13250,13100,13250,1632,0.0037878787878788955
2017-04-28,13250,13350,12800,13000,2260,-0.018867924528301883
2017-05-02,13100,13100,13000,13050,411,0.0038461538461538325
2017-05-04,13050,13100,12750,12900,3222,-0.011494252873563204
2017-05-08,12850,12950,12800,12900,2985,0.0
2017-05-10,12950,12950,12800,12950,2150,0.003875968992248069
2017-05-11,12950,12950,12750,12900,2563,-0.0038610038610038533
2017-05-12,12800,12900,12750,12850,1453,-0.003875968992248069
2017-05-15,12850,12850,12750,12850,1494,0.0
2017-05-16,12750,12800,12600,12600,4060,-0.01945525291828798
2017-05-17,12650,12750,12550,12700,1078,0.007936507936507908
2017-05-18,12750,12850,12550,12750,1380,0.003937007874015741
2017-05-19,12800,12900,12700,12900,2158,0.0117647058823529
2017-05-22,12850,13050,12700,13050,3461,0.011627906976744207
2017-05-23,13150,13150,12850,12950,3634,-0.007662835249042099
2017-05-24,13050,14000,13000,13900,13022,0.07335907335907343
2017-05-25,13900,14000,13700,13900,4153,0.0
2017-05-26,14000,14350,14000,14200,5162,0.021582733812949728
2017-05-29,14200,14200,13850,14200,4799,0.0
2017-05-30,14200,14250,14000,14250,2910,0.0035211267605634866
2017-05-31,14200,14350,14050,14300,3612,0.0035087719298245723
2017-06-01,14400,14400,14000,14250,3167,-0.0034965034965035446
2017-06-02,14300,14450,14000,14100,2568,-0.010526315789473717
2017-06-05,14150,14200,13800,13800,3232,-0.021276595744680882
2017-06-07,13900,14100,13300,13900,5788,0.007246376811594235
2017-06-08,13900,14050,13850,14050,746,0.010791366906474753
2017-06-09,14150,14150,13900,13950,779,-0.007117437722419906
2017-06-12,13950,13950,13700,13750,869,-0.014336917562724039
2017-06-13,13750,14100,13600,14000,1078,0.018181818181818077
2017-06-14,14000,14000,13700,13900,1304,-0.0071428571428571175
2017-06-15,13950,13950,13700,13900,1365,0.0
2017-06-16,13800,13950,13650,13950,1422,0.003597122302158251
2017-06-19,13850,13950,13750,13850,1094,-0.007168458781361964
2017-06-20,13850,13900,13650,13900,936,0.0036101083032491488
2017-06-21,13800,14000,13700,13850,1426,-0.003597122302158251
2017-06-22,13900,14000,13400,13550,4716,-0.02166064981949456
2017-06-23,13550,13650,13300,13350,1324,-0.014760147601476037
2017-06-26,13450,13450,13200,13450,1276,0.0074906367041198685
2017-06-27,13400,13450,13200,13300,848,-0.01115241635687736
2017-06-28,13300,13500,13250,13500,775,0.015037593984962516
2017-06-29,13400,13550,13350,13550,853,0.0037037037037037646
2017-06-30,13500,13600,13350,13500,1391,-0.0036900369003689537
2017-07-03,13500,13500,13250,13400,903,-0.007407407407407418
2017-07-04,13300,13400,13200,13300,629,-0.007462686567164201
2017-07-05,13250,13300,13050,13150,1149,-0.011278195488721776
2017-07-06,13100,13600,13000,13550,4186,0.03041825095057038
2017-07-07,13550,13600,13300,13450,595,-0.0073800738007380184
2017-07-10,13350,13400,13200,13250,620,-0.014869888475836479
2017-07-11,13300,13300,13050,13250,690,0.0
2017-07-12,13300,13350,13100,13250,579,0.0
2017-07-13,13250,13350,13050,13250,1026,0.0
2017-07-14,13300,13400,13150,13300,1181,0.0037735849056603765
2017-07-17,13300,13300,13100,13250,557,-0.003759398496240629
2017-07-18,13250,13250,13050,13200,1026,-0.0037735849056603765
2017-07-19,13250,13250,13050,13150,1552,-0.0037878787878787845
2017-07-20,13150,13150,12899,13000,1534,-0.011406844106463865
2017-07-21,12950,13150,12950,13050,522,0.0038461538461538325
2017-07-24,12900,13000,12850,12950,1231,-0.007662835249042099
2017-07-25,12999,12999,12800,12900,885,-0.0038610038610038533
2017-07-26,12800,12900,12300,12400,5204,-0.03875968992248058
2017-07-27,12450,12549,12300,12400,2144,0.0
2017-07-28,12399,12500,12300,12350,1213,-0.0040322580645161255
2017-07-31,12350,12450,12300,12450,231,0.00809716599190291
2017-08-01,12500,12650,12500,12650,873,0.016064257028112428
2017-08-02,12650,12700,12500,12500,299,-0.011857707509881465
2017-08-03,12600,12600,12299,12600,844,0.008000000000000007
2017-08-04,12600,12600,12300,12350,898,-0.019841269841269882
2017-08-07,12300,12450,12300,12300,775,-0.004048582995951455
2017-08-08,12400,12400,12100,12300,1140,0.0
2017-08-09,12100,12300,12050,12100,799,-0.016260162601625994
2017-08-10,12150,12199,12000,12100,574,0.0
2017-08-11,12000,12100,12000,12100,322,0.0
2017-08-14,12050,12200,12000,12150,369,0.004132231404958775
2017-08-16,12450,12900,12100,12250,4607,0.008230452674897082
2017-08-17,12600,12750,12300,12500,5579,0.020408163265306145
2017-08-18,12500,12950,12399,12950,3435,0.03600000000000003
2017-08-21,12900,13150,12750,13100,3854,0.01158301158301156
2017-08-22,13100,13100,12900,13050,1493,-0.003816793893129722
2017-08-23,13150,13150,12700,12850,2160,-0.01532567049808431
2017-08-24,12750,13000,12650,12850,956,0.0
2017-08-25,12850,12950,12600,12850,1551,0.0
2017-08-28,12850,12950,12550,12900,2806,0.0038910505836575737
2017-08-29,12800,12800,12400,12500,3950,-0.03100775193798455
2017-08-30,12600,12650,12300,12500,3783,0.0
2017-08-31,12550,12600,12299,12600,595,0.008000000000000007
2017-09-01,12599,12750,12500,12700,1416,0.007936507936507908
2017-09-04,12549,12650,12400,12400,1759,-0.023622047244094446
2017-09-05,12500,12500,12000,12050,3440,-0.028225806451612878
2017-09-06,12199,12250,12050,12100,1588,0.004149377593360981
2017-09-07,12100,12450,12100,12450,1074,0.02892561983471076
2017-09-08,12400,12400,12100,12400,2392,-0.004016064257028162
2017-09-11,12400,12500,12300,12400,505,0.0
2017-09-12,12400,12700,12150,12200,2672,-0.016129032258064502
2017-09-13,12300,12400,12149,12400,1605,0.016393442622950838
2017-09-14,12300,12400,12250,12250,1692,-0.012096774193548376
2017-09-15,12300,12350,12050,12100,2513,-0.01224489795918371
2017-09-18,12200,12250,12100,12150,977,0.004132231404958775
2017-09-19,12150,12399,12150,12350,1056,0.016460905349794164
2017-09-20,12200,12350,12200,12200,1147,-0.012145748987854255
2017-09-21,12300,12300,12050,12150,2107,-0.004098360655737654
2017-09-22,12200,12200,12050,12200,1451,0.004115226337448652
2017-09-25,12100,12100,11750,11800,2716,-0.032786885245901676
2017-09-26,11800,11800,11500,11650,2054,-0.012711864406779627
2017-09-27,11650,11650,11400,11450,1774,-0.01716738197424894
2017-09-28,11450,11450,11200,11250,1363,-0.017467248908296984
2017-09-29,11250,11350,11200,11350,1018,0.008888888888888946
2017-10-10,11450,11450,11200,11350,809,0.0
2017-10-11,11300,11450,11100,11300,4129,-0.004405286343612369
2017-10-12,11350,11350,11050,11150,2649,-0.013274336283185861
2017-10-13,11150,11200,11100,11150,1257,0.0
2017-10-16,11050,11300,11050,11250,1918,0.008968609865470878
2017-10-17,11250,11350,11200,11300,870,0.004444444444444473
2017-10-18,11300,11300,11100,11150,1102,-0.013274336283185861
2017-10-19,11200,11300,11100,11300,1059,0.013452914798206317
2017-10-20,11350,11350,11100,11250,2087,-0.004424778761061954
2017-10-23,11300,11300,11000,11050,2839,-0.01777777777777778
2017-10-24,11050,11300,11050,11300,1735,0.02262443438914019
2017-10-25,11300,11350,11200,11350,1351,0.004424778761061843
2017-10-26,11400,11700,11250,11650,2026,0.026431718061673992
2017-10-27,11850,11850,11450,11750,1458,0.008583690987124415
2017-10-30,11850,11850,11700,11800,1235,0.004255319148936065
2017-10-31,11750,11900,11599,11850,1841,0.004237288135593209
2017-11-01,11950,12050,11800,11950,1934,0.00843881856540074
2017-11-02,11950,11950,11500,11500,2574,-0.03765690376569042
2017-11-03,11500,11900,11500,11750,4471,0.021739130434782705
2017-11-06,11850,11850,11600,11700,1566,-0.004255319148936176
2017-11-07,11750,11800,11550,11700,1340,0.0
2017-11-08,11700,11700,11500,11700,2656,0.0
2017-11-09,11700,11850,11600,11800,2450,0.008547008547008517
2017-11-10,11800,12250,11700,12250,4147,0.03813559322033888
2017-11-13,12250,12300,12099,12200,1236,-0.004081632653061273
2017-11-14,12150,12550,12100,12550,2936,0.028688524590164022
2017-11-15,12950,13500,12900,13200,19991,0.05179282868525892
2017-11-16,13300,14300,13200,14200,14327,0.07575757575757569
2017-11-17,14200,15100,14200,14900,21972,0.04929577464788726
2017-11-20,15099,15200,14200,14500,14038,-0.02684563758389258
2017-11-21,14500,14500,14000,14500,13286,0.0
2017-11-22,14600,15050,14400,14700,11679,0.01379310344827589
2017-11-23,14850,17000,14700,16250,20795,0.1054421768707483
2017-11-24,16250,16450,15899,15950,5995,-0.018461538461538418
2017-11-27,15950,16550,15350,15600,10557,-0.021943573667711602
2017-11-28,15600,15900,14900,15200,6831,-0.02564102564102566
2017-11-29,15250,15800,14950,15700,6018,0.03289473684210531
2017-11-30,15500,15800,15000,15750,11096,0.0031847133757962887
2017-12-01,15850,16200,15449,15450,5776,-0.01904761904761909
2017-12-04,15600,15600,15200,15250,4428,-0.012944983818770184
2017-12-05,15400,15600,15100,15250,1687,0.0
2017-12-06,15250,15400,14550,15000,9825,-0.016393442622950838
2017-12-07,14750,15250,14200,14900,11023,-0.00666666666666671
2017-12-08,15250,15250,14500,14800,5541,-0.006711409395973145
2017-12-11,15050,15050,14450,14700,942,-0.006756756756756799
2017-12-12,14650,15000,14500,14550,1217,-0.010204081632653073
2017-12-13,14550,14900,14550,14750,876,0.013745704467353903
2017-12-14,14750,15799,14550,15800,8225,0.07118644067796609
2017-12-15,15550,16800,15299,16700,14753,0.05696202531645578
2017-12-18,16900,16900,16100,16350,9273,-0.020958083832335328
2017-12-19,16200,16250,15800,15850,6319,-0.030581039755351647
2017-12-20,15750,16250,15500,16000,3422,0.009463722397476282
2017-12-21,15950,16050,15750,16000,1864,0.0
2017-12-22,15799,16300,15799,16050,4349,0.0031250000000000444
2017-12-26,16200,16249,15350,15900,5998,-0.009345794392523366
2017-12-27,16000,16349,15900,16200,2925,0.018867924528301883
2017-12-28,16200,17200,16000,17200,12390,0.06172839506172845
2018-01-02,17350,18000,17150,17950,10202,0.043604651162790775
2018-01-03,18100,18100,17050,17900,16256,-0.0027855153203342198
2018-01-04,17900,17900,17450,17550,3063,-0.019553072625698276
2018-01-05,17600,18250,17100,17600,5028,0.002849002849002913
2018-01-08,17650,17650,17050,17250,6312,-0.019886363636363646
2018-01-09,17300,17450,16750,16900,4701,-0.020289855072463725
2018-01-10,16900,17400,16750,17350,2090,0.026627218934911268
2018-01-11,17450,17600,17000,17500,3970,0.008645533141210304
2018-01-12,17500,17700,17250,17400,5165,-0.005714285714285672
2018-01-15,17300,17600,16350,16400,14393,-0.05747126436781613
2018-01-16,16650,17000,16300,16700,5116,0.018292682926829285
2018-01-17,17000,17200,16650,17100,3896,0.0239520958083832
2018-01-18,17200,17200,16650,16650,3193,-0.02631578947368418
2018-01-19,16750,16750,16250,16650,5382,0.0
2018-01-22,16700,17000,16300,17000,4777,0.021021021021021102
2018-01-23,17150,17600,16750,17500,5286,0.02941176470588225
2018-01-24,17700,17700,16750,17000,3473,-0.02857142857142858
2018-01-25,17000,17250,16600,16750,4610,-0.014705882352941124
2018-01-26,16750,16950,16500,16600,3518,-0.008955223880596996
2018-01-29,16750,17200,16600,17100,5565,0.030120481927710774
2018-01-30,17100,17500,16700,17150,5142,0.0029239766081872176
2018-01-31,17150,17200,16650,16850,5483,-0.017492711370262426
2018-02-01,16700,17050,16700,17000,1809,0.008902077151335286
2018-02-02,17050,17100,16650,16750,3783,-0.014705882352941124
2018-02-05,16650,16800,16350,16350,3269,-0.023880597014925398
2018-02-06,15850,16500,15300,15500,9281,-0.051987767584097844
2018-02-07,15799,16049,15600,15650,3010,0.00967741935483879
2018-02-08,15500,16000,15350,15650,1938,0.0
2018-02-09,15500,16250,15350,16100,2591,0.028753993610223683
2018-02-12,15849,15849,15050,15050,10583,-0.06521739130434778
2018-02-13,15100,15100,14350,14550,9201,-0.03322259136212624
2018-02-14,14550,14800,14300,14700,7559,0.010309278350515427
2018-02-19,14900,14900,14550,14650,3086,-0.003401360544217691
2018-02-20,14749,14800,14500,14600,1810,-0.0034129692832765013
2018-02-21,14600,14700,14550,14600,2695,0.0
2018-02-22,14600,14650,14300,14600,2523,0.0
2018-02-23,14600,15250,14400,15000,4594,0.027397260273972712
2018-02-26,15000,15000,14650,14950,2984,-0.0033333333333332993
2018-02-27,14950,14999,14650,14650,1939,-0.02006688963210701
2018-02-28,14600,14850,14600,14850,2157,0.013651877133105783
2018-03-02,14850,15150,14650,15050,2291,0.013468013468013407
2018-03-05,15049,15049,14800,15000,1541,-0.0033222591362126463
2018-03-06,14899,15100,14600,14800,1616,-0.013333333333333308
2018-03-07,14749,14800,14550,14600,2723,-0.013513513513513487
2018-03-08,14450,14650,14450,14500,1233,-0.006849315068493178
2018-03-09,14650,14650,14400,14500,2213,0.0
2018-03-12,14500,14500,14150,14250,5148,-0.017241379310344862
2018-03-13,14200,14300,13600,13850,10496,-0.028070175438596467
2018-03-14,13900,13950,13600,13650,5337,-0.014440433212996373
2018-03-15,13700,14000,13300,13900,6435,0.01831501831501825
2018-03-16,13900,14000,13600,13750,2571,-0.010791366906474864
2018-03-19,13800,13800,13500,13600,2504,-0.010909090909090868
2018-03-20,13800,13800,13250,13300,3446,-0.022058823529411797
2018-03-21,13350,13600,13300,13300,4055,0.0
2018-03-22,13200,13350,13000,13100,7547,-0.015037593984962405
2018-03-23,12950,12950,12500,12650,6981,-0.03435114503816794
2018-03-26,12650,12800,12450,12600,9155,-0.0039525691699604515
2018-03-27,12800,12800,12300,12350,6740,-0.019841269841269882
2018-03-28,12400,12450,12000,12200,6485,-0.012145748987854255
2018-03-29,12300,12800,12250,12750,8712,0.04508196721311486
2018-03-30,12800,13700,12700,13650,9754,0.07058823529411762
2018-04-02,13650,13800,13300,13500,6461,-0.01098901098901095
2018-04-03,13400,14000,13100,13950,8618,0.03333333333333344
2018-04-04,13950,14500,13900,14250,10024,0.021505376344086002
2018-04-05,14250,14500,13800,14250,4664,0.0
2018-04-06,14150,14450,13850,14450,4315,0.01403508771929829
2018-04-09,14400,14500,14050,14250,4439,-0.01384083044982698
2018-04-10,14250,14650,14100,14100,2794,-0.010526315789473717
2018-04-11,14100,14550,13900,14300,4196,0.014184397163120588
2018-04-12,14300,14750,14100,14700,4862,0.027972027972027913
2018-04-13,14350,14849,14350,14700,2488,0.0
2018-04-16,14700,15250,14700,14800,2822,0.006802721088435382
2018-04-17,15000,15000,14450,14500,2814,-0.020270270270270285
2018-04-18,14500,14600,14250,14300,3396,-0.01379310344827589
2018-04-19,14350,14500,14300,14400,2412,0.006993006993007089
2018-04-20,14300,14600,14050,14500,4241,0.00694444444444442
2018-04-23,14500,14500,14250,14350,1395,-0.010344827586206917
2018-04-24,14350,14550,14200,14450,1369,0.006968641114982521
2018-04-25,14350,14850,14250,14850,5680,0.02768166089965396
2018-04-26,14849,15000,14600,14700,1935,-0.010101010101010055
2018-04-27,14700,15100,14700,14700,2000,0.0
2018-04-30,14750,15000,14699,14950,1641,0.017006802721088343
2018-05-02,14949,15250,14900,15200,3593,0.01672240802675584
2018-05-03,15150,15150,14650,14650,2322,-0.03618421052631582
2018-05-04,14650,14850,13750,13750,7969,-0.061433447098976135
2018-05-08,13700,13950,13150,13900,4328,0.01090909090909098
2018-05-09,13800,14050,13500,14050,1615,0.010791366906474753
2018-05-10,13950,14350,13750,14350,1413,0.021352313167259718
2018-05-11,14200,14400,14150,14350,739,0.0
2018-05-14,14350,14350,14050,14050,708,-0.020905923344947785
2018-05-15,14250,14250,14050,14100,661,0.003558718861210064
2018-05-16,13900,14350,13750,14250,3269,0.010638297872340496
2018-05-17,14250,14350,14100,14250,707,0.0
2018-05-18,14150,14300,14100,14300,572,0.0035087719298245723
2018-05-21,14300,14450,14200,14200,788,-0.006993006993006978
2018-05-23,14350,14350,13950,14150,912,-0.0035211267605633756
2018-05-24,14150,14250,13950,14000,1004,-0.010600706713780883
2018-05-25,14000,14200,13900,14000,1132,0.0
2018-05-28,14000,14150,13450,13600,3072,-0.02857142857142858
2018-05-29,13500,13650,13450,13500,1158,-0.007352941176470562
2018-05-30,13500,13800,13300,13750,1287,0.0185185185185186
2018-05-31,13500,13800,13500,13800,4941,0.0036363636363636598
2018-06-01,13800,13900,13200,13250,4644,-0.03985507246376807
2018-06-04,13250,13850,12950,13450,3277,0.015094339622641506
2018-06-05,13399,13650,13050,13100,2131,-0.026022304832713727
2018-06-07,13300,14400,13300,14000,5371,0.06870229007633588
2018-06-08,13950,14700,13950,14200,4214,0.014285714285714235
2018-06-11,14350,14450,13900,14100,1564,-0.007042253521126751
2018-06-12,14150,14150,13850,14000,1349,-0.007092198581560294
2018-06-14,14100,14100,13700,13800,1131,-0.014285714285714235
2018-06-15,13700,13950,13400,13600,2132,-0.01449275362318836
2018-06-18,13600,13650,13300,13400,1127,-0.014705882352941124
2018-06-19,13400,13450,13000,13200,1926,-0.014925373134328401
2018-06-20,13200,13350,13100,13100,576,-0.007575757575757569
2018-06-21,13250,13250,13000,13050,696,-0.003816793893129722
2018-06-22,13000,13250,12750,12850,3692,-0.01532567049808431
2018-06-25,12850,12850,12700,12800,720,-0.0038910505836575737
2018-06-26,12800,13250,12600,13150,1850,0.02734375
2018-06-27,13200,13200,12850,12950,709,-0.01520912547528519
2018-06-28,12950,13000,12700,12700,937,-0.019305019305019266
2018-06-29,12700,13700,12650,13550,3304,0.06692913385826782
2018-07-02,13550,13550,13100,13200,899,-0.02583025830258301
2018-07-03,13200,13750,13150,13300,1902,0.007575757575757569
2018-07-04,13400,13500,13050,13050,553,-0.018796992481203034
2018-07-05,13250,13250,12800,13000,1318,-0.003831417624521105
2018-07-06,13000,13800,12950,13800,2069,0.06153846153846154
2018-07-09,13700,14450,13600,14300,5711,0.03623188405797095
2018-07-10,14300,14300,13500,14150,2258,-0.010489510489510523
2018-07-11,14350,14350,13700,13850,2015,-0.021201413427561877
2018-07-12,13800,14050,13800,13850,476,0.0
2018-07-13,14050,14050,13400,13450,2259,-0.028880866425992746
2018-07-16,13450,13450,13250,13250,475,-0.014869888475836479
2018-07-17,13200,13400,13100,13150,592,-0.007547169811320753
2018-07-18,13199,13300,13000,13050,1102,-0.0076045627376425395
2018-07-19,13050,13150,12800,13000,1256,-0.003831417624521105
2018-07-20,12900,13150,12900,12950,575,-0.0038461538461538325
2018-07-23,12900,12900,12700,12750,1206,-0.015444015444015413
2018-07-24,12750,13399,12599,13100,2191,0.027450980392156765
2018-07-25,13050,13700,13000,13050,1136,-0.003816793893129722
2018-07-26,13100,13250,13000,13250,299,0.015325670498084198
2018-07-27,13200,13200,13000,13100,694,-0.01132075471698113
2018-07-30,13200,13750,13150,13450,1550,0.026717557251908497
2018-07-31,13450,13500,13150,13450,529,0.0
2018-08-01,13450,13650,13150,13350,567,-0.0074349442379182396
2018-08-02,13700,13800,12950,13050,1636,-0.022471910112359605
2018-08-03,13100,13300,13100,13150,279,0.00766283524904221
2018-08-06,13150,13550,13150,13300,519,0.011406844106463865
2018-08-07,13300,13350,13000,13200,686,-0.007518796992481258
2018-08-08,13100,13450,12850,12850,2746,-0.02651515151515149
2018-08-09,12900,13000,12700,12750,2718,-0.0077821011673151474
2018-08-10,12750,12999,12700,12900,847,0.0117647058823529
2018-08-13,13000,13000,12700,12700,739,-0.015503875968992276
2018-08-14,12850,12950,12750,12750,267,0.003937007874015741
2018-08-16,12800,12900,12700,12900,1049,0.0117647058823529
2018-08-17,13000,13000,12800,12850,870,-0.003875968992248069
2018-08-20,12850,12950,12800,12900,390,0.0038910505836575737
2018-08-21,12950,13000,12800,12850,660,-0.003875968992248069
2018-08-22,12850,13050,11700,11900,11260,-0.07392996108949412
2018-08-23,12200,12250,11600,11800,12482,-0.008403361344537785
2018-08-24,11850,12000,11600,11900,5013,0.008474576271186418
2018-08-27,11950,12000,11700,11750,3161,-0.012605042016806678
2018-08-28,11799,11950,11750,11900,1980,0.012765957446808418
2018-08-29,11899,11899,11750,11800,3552,-0.008403361344537785
2018-08-30,11800,12050,11750,11950,4326,0.012711864406779627
2018-08-31,11950,12100,11850,12100,1626,0.012552301255230214
2018-09-03,12150,12150,11900,12100,646,0.0
2018-09-04,12100,12150,11950,12050,1355,-0.004132231404958664
2018-09-05,12050,12100,11950,12000,2066,-0.004149377593360981
2018-09-06,12000,12050,11800,11800,1402,-0.01666666666666672
2018-09-07,11500,11850,11399,11700,3886,-0.008474576271186418
2018-09-10,11450,11800,11450,11800,1906,0.008547008547008517
2018-09-11,11799,11900,11750,11900,1172,0.008474576271186418
2018-09-12,11800,12000,11800,12000,1265,0.008403361344537785
2018-09-13,12050,12050,11850,11900,966,-0.008333333333333304
2018-09-14,11900,12050,11850,11850,1584,-0.004201680672268893
2018-09-17,11950,11950,11700,11800,1387,-0.00421940928270037
2018-09-18,11900,12000,11650,11950,3348,0.012711864406779627
2018-09-19,11849,12000,11600,11600,3175,-0.029288702928870314
2018-09-20,11600,11750,11400,11500,3276,-0.008620689655172376
2018-09-21,11600,11600,11350,11400,2942,-0.008695652173912993
2018-09-27,11400,11550,11400,11550,1701,0.013157894736842035
2018-09-28,11500,11950,11450,11550,1658,0.0
2018-10-01,11550,11650,11400,11500,1754,-0.0043290043290042934
2018-10-02,11550,11600,11400,11400,1218,-0.008695652173912993
2018-10-04,11500,11650,11300,11650,1399,0.021929824561403466
2018-10-05,11600,11600,11400,11600,906,-0.0042918454935622075
2018-10-08,11600,11600,11400,11400,743,-0.017241379310344862
2018-10-10,11450,11550,11200,11300,565,-0.00877192982456143
2018-10-11,11200,11599,10700,10850,2547,-0.03982300884955747
2018-10-12,10700,10950,10650,10950,1342,0.009216589861751112
2018-10-15,10950,10950,10750,10950,445,0.0
2018-10-16,10850,10950,10750,10900,531,-0.004566210045662156
2018-10-17,10950,11050,10850,10900,486,0.0
2018-10-18,10950,10950,10650,10750,507,-0.013761467889908285
2018-10-19,10599,10950,10599,10900,515,0.013953488372093092
2018-10-22,10900,10900,10650,10650,788,-0.022935779816513735
2018-10-23,10750,10750,9940,10050,3043,-0.05633802816901412
2018-10-24,9920,10000,9520,9730,4848,-0.03184079601990053
2018-10-25,9550,9850,9000,9050,6484,-0.0698869475847893
2018-10-26,9050,9090,8180,8540,7092,-0.056353591160220984
2018-10-29,8540,8880,8470,8700,2962,0.0187353629976581
2018-10-30,8250,9300,8250,9300,6146,0.06896551724137923
2018-10-31,9390,9800,9200,9510,1580,0.022580645161290214
2018-11-01,9750,9750,9310,9500,721,-0.001051524710830698
2018-11-02,9500,9800,9500,9780,1518,0.02947368421052632
2018-11-05,9920,9920,9600,9890,1910,0.011247443762781195
2018-11-06,9890,9980,9750,9950,1209,0.006066734074823055
2018-11-07,9800,9980,8830,9100,27212,-0.085427135678392
2018-11-08,9250,9250,8920,9010,7332,-0.009890109890109855
2018-11-09,9010,9010,8660,8680,7449,-0.03662597114317423
2018-11-12,8630,8660,8490,8500,4911,-0.020737327188940058
2018-11-13,8280,8370,8020,8290,5678,-0.024705882352941133
2018-11-14,8290,8350,8120,8300,6430,0.0012062726176116367
2018-11-15,8290,8290,8110,8240,5212,-0.0072289156626506035
2018-11-16,8390,8560,8290,8460,8142,0.02669902912621369
2018-11-19,8580,8620,8480,8560,3989,0.011820330969267046
2018-11-20,8390,8670,8390,8600,5085,0.004672897196261738
2018-11-21,8520,8800,8500,8760,5615,0.018604651162790642
2018-11-22,8840,8950,8810,8860,4590,0.011415525114155223
2018-11-23,8900,8930,8760,8810,3589,-0.0056433408577878375
2018-11-26,8890,8900,8730,8880,4430,0.007945516458569779
2018-11-27,8880,8910,8800,8900,3614,0.0022522522522523403
2018-11-28,8900,8930,8840,8890,5608,-0.0011235955056180247
2018-11-29,8900,9050,8900,9050,4498,0.017997750281214753
2018-11-30,8980,9100,8890,9050,5778,0.0
2018-12-03,8960,8980,8930,8970,5550,-0.008839779005524906
2018-12-04,8970,9100,8890,8980,7918,0.0011148272017837968
2018-12-05,8830,8970,8750,8840,5639,-0.015590200445434244
2018-12-06,8890,8990,8470,8550,7658,-0.03280542986425339
2018-12-07,8620,8620,8310,8460,5615,-0.010526315789473717
2018-12-10,8520,8540,8350,8380,4505,-0.009456264775413725
2018-12-11,8380,8390,8210,8220,4690,-0.019093078758949833
2018-12-12,8270,8310,8130,8220,6957,0.0
2018-12-13,8189,8260,8060,8120,7554,-0.012165450121654486
2018-12-14,8149,8160,8020,8090,6209,-0.003694581280788145
2018-12-17,8100,8170,7980,8170,5331,0.009888751545117369
2018-12-18,8060,8150,8060,8150,4010,-0.002447980416156681
2018-12-19,8149,8149,8090,8090,3043,-0.007361963190184007
2018-12-20,8149,8149,8040,8120,4362,0.003708281829418958
2018-12-21,8120,8150,8050,8050,5430,-0.008620689655172376
2018-12-24,8019,8110,8019,8020,3129,-0.003726708074534124
2018-12-26,7900,7920,7709,7800,9818,-0.027431421446383997
2018-12-27,7810,8330,7810,7930,3833,0.016666666666666607
2018-12-28,7880,8040,7860,7960,3071,0.003783102143757988
2019-01-02,7970,8060,7749,7800,4954,-0.02010050251256279
2019-01-03,7820,7939,7779,7940,5642,0.017948717948717885
2019-01-04,7750,7820,7650,7780,4685,-0.02015113350125941
2019-01-07,7900,7980,7750,7860,4376,0.010282776349614497
2019-01-08,7870,8180,7870,8160,7432,0.03816793893129766
2019-01-09,8180,8490,8130,8210,9989,0.006127450980392135
2019-01-10,8230,8340,8140,8240,5721,0.0036540803897686658
2019-01-11,8330,8330,8210,8220,4321,-0.0024271844660194164
2019-01-14,8160,8400,8160,8260,8059,0.0048661800486617945
2019-01-15,8310,8490,8270,8280,5353,0.002421307506053294
2019-01-16,8300,8330,8179,8260,7079,-0.0024154589371980784
2019-01-17,8310,8330,8180,8300,5402,0.004842615012106588
2019-01-18,8270,8450,8270,8330,6554,0.0036144578313253017
2019-01-21,8330,8450,8280,8330,5225,0.0
2019-01-22,8330,8400,8230,8280,3123,-0.00600240096038418
2019-01-23,8290,8370,8260,8320,4798,0.004830917874396157
2019-01-24,8320,8350,8230,8340,8933,0.0024038461538462563
2019-01-25,8360,8550,8290,8550,9258,0.02517985611510798
2019-01-28,8550,8590,8410,8430,6014,-0.01403508771929829
2019-01-29,8440,8540,8330,8470,5645,0.004744958481613271
2019-01-30,8470,8580,8410,8470,5617,0.0
2019-01-31,8560,8560,8370,8490,4936,0.0023612750885477762
2019-02-01,8500,8500,8370,8390,5977,-0.011778563015312105
2019-02-07,8390,8400,8250,8360,6305,-0.0035756853396901045
2019-02-08,8400,8400,8200,8220,6969,-0.01674641148325362
2019-02-11,8260,8270,8180,8250,2629,0.0036496350364962904
2019-02-12,8300,8300,8109,8130,5762,-0.014545454545454528
2019-02-13,8130,8230,8130,8220,2601,0.011070110701107083
2019-02-14,8230,8270,8160,8260,3212,0.0048661800486617945
2019-02-15,8290,8290,8140,8230,4105,-0.003631961259079941
2019-02-18,8220,8370,8140,8370,7558,0.017010935601458055
2019-02-19,8370,8770,8370,8730,25650,0.043010752688172005
2019-02-20,8830,8900,8720,8820,18014,0.010309278350515427
2019-02-21,8850,8890,8780,8800,5744,-0.0022675736961451642
2019-02-22,8780,9200,8780,9150,20778,0.03977272727272729
2019-02-25,9200,9540,9170,9300,11941,0.016393442622950838
2019-02-26,9300,9580,9030,9270,10241,-0.003225806451612856
2019-02-27,9300,9430,9150,9280,5879,0.0010787486515642097
2019-02-28,9590,9800,9230,9240,25016,-0.004310344827586188
2019-03-04,9270,9480,9220,9400,8399,0.017316017316017396
2019-03-05,9400,9400,9200,9250,5507,-0.015957446808510634
2019-03-06,9370,9410,9170,9370,6606,0.012972972972973063
2019-03-07,9470,9470,9260,9330,4092,-0.004268943436499417
2019-03-08,9300,9530,9150,9510,8648,0.019292604501607746
2019-03-11,9510,9660,9450,9600,6730,0.009463722397476282
2019-03-12,9620,9640,9450,9550,4806,-0.00520833333333337
2019-03-13,9560,9860,9520,9800,8321,0.02617801047120416
2019-03-14,9940,10350,9850,10000,17425,0.020408163265306145
2019-03-15,10150,10300,9930,10250,11922,0.02499999999999991
2019-03-18,10300,10350,10150,10300,7518,0.004878048780487809
2019-03-19,10250,10350,10000,10050,5615,-0.024271844660194164
2019-03-20,10050,10350,9850,10150,10053,0.00995024875621886
2019-03-21,10150,10350,10050,10250,8094,0.009852216748768461
2019-03-22,10400,10500,10050,10450,10747,0.019512195121951237
2019-03-25,10450,10500,10000,10150,9844,-0.028708133971291905
2019-03-26,10100,10500,10100,10250,11106,0.009852216748768461
2019-03-27,10500,10600,10050,10100,6378,-0.014634146341463428
2019-03-28,10100,10100,9750,9950,12284,-0.014851485148514865
2019-03-29,10050,10050,9630,9780,7312,-0.0170854271356784
2019-04-01,9780,10150,9780,10050,4793,0.027607361963190247
2019-04-02,10050,10250,9950,9980,2805,-0.006965174129353269
2019-04-03,10150,10150,9710,9980,9945,0.0
2019-04-04,9980,10150,9830,9960,4809,-0.002004008016032066
2019-04-05,9920,9950,9780,9800,3890,-0.016064257028112428
2019-04-08,9790,9890,9770,9820,3108,0.0020408163265306367
2019-04-09,9880,10000,9740,9870,5787,0.005091649694501044
2019-04-10,9950,10050,9810,9830,5718,-0.004052684903748771
2019-04-11,9900,10450,9870,10250,12970,0.042726347914547214
2019-04-12,10300,11250,10249,10750,33728,0.04878048780487809
2019-04-15,10800,11400,10499,11400,28872,0.0604651162790697
2019-04-16,11450,12250,11200,11200,35396,-0.01754385964912286
2019-04-17,11200,11800,11200,11700,15580,0.044642857142857206
2019-04-18,11750,11750,11350,11400,7672,-0.02564102564102566
2019-04-19,11400,11400,10950,11050,8826,-0.030701754385964897
2019-04-22,11050,11699,11050,11400,12076,0.03167420814479649
2019-04-23,11400,11400,11150,11350,5060,-0.004385964912280715
2019-04-24,11250,11650,11050,11150,11360,-0.017621145374449365
2019-04-25,11100,11500,10800,11450,15649,0.026905829596412634
2019-04-26,11450,12500,11400,11850,47222,0.03493449781659397
2019-04-29,11850,12999,11850,12900,45966,0.08860759493670889
2019-04-30,0,0,0,12900,0,0.0
2019-05-02,0,0,0,12900,0,0.0
2019-05-03,0,0,0,12900,0,0.0
2019-05-07,12800,13600,11800,13150,364387,0.019379844961240345
2019-05-08,12750,13400,12400,12550,181406,-0.04562737642585546
2019-05-09,12400,12800,11750,12000,173309,-0.043824701195219085
2019-05-10,12000,12400,11550,12150,142272,0.012499999999999956
2019-05-13,11900,12350,11000,11250,164174,-0.07407407407407407
2019-05-14,11250,12100,10900,11600,192848,0.03111111111111109
2019-05-15,11500,12100,11300,11750,162667,0.012931034482758674
2019-05-16,10950,11300,10650,11250,512780,-0.04255319148936165
2019-05-17,11250,11550,10750,11500,323267,0.022222222222222143
2019-05-20,11250,12250,11250,12000,325395,0.04347826086956519
2019-05-21,12000,12300,11650,11850,153463,-0.012499999999999956
2019-05-22,11900,12100,11350,11850,141068,0.0
2019-05-23,11900,12050,11650,11900,89804,0.00421940928270037
2019-05-24,11900,12900,11600,12700,351575,0.0672268907563025
2019-05-27,12800,12850,12250,12400,153649,-0.023622047244094446
2019-05-28,12550,12700,12150,12250,92864,-0.012096774193548376
2019-05-29,12250,12550,11850,12250,135444,0.0
2019-05-30,12250,12400,11800,11800,91960,-0.03673469387755102
2019-05-31,11900,13000,11450,11900,261451,0.008474576271186418
2019-06-03,11750,11900,11100,11200,196337,-0.05882352941176472
2019-06-04,11300,11350,11050,11250,83615,0.0044642857142858094
2019-06-05,11400,11450,10950,11100,93925,-0.013333333333333308
2019-06-07,11100,11400,11100,11300,121993,0.018018018018018056
2019-06-10,11400,11600,11200,11600,76820,0.026548672566371723
2019-06-11,11600,11650,11300,11600,71541,0.0
2019-06-12,11750,12200,11450,12000,103874,0.034482758620689724
2019-06-13,12050,12650,11900,12500,356600,0.04166666666666674
2019-06-14,12700,12700,12100,12400,102609,-0.008000000000000007
2019-06-17,12550,12800,12250,12550,218662,0.012096774193548487
2019-06-18,12550,13250,12250,13100,218750,0.043824701195219085
2019-06-19,13100,13200,12000,12000,362085,-0.08396946564885499
2019-06-20,12100,12650,12050,12450,231164,0.03750000000000009
2019-06-21,12600,13000,12300,12400,221780,-0.004016064257028162
2019-06-24,12400,14600,12400,13700,1230942,0.10483870967741926
2019-06-25,13650,13700,13050,13150,275159,-0.04014598540145986
2019-06-26,13100,13700,13100,13350,238312,0.015209125475285079
2019-06-27,13450,13600,13100,13100,124081,-0.01872659176029967
2019-06-28,13150,13450,12950,13200,158782,0.007633587786259444
2019-07-01,13100,13350,12550,12850,156346,-0.02651515151515149
2019-07-02,12850,13100,12600,12800,57360,-0.0038910505836575737
2019-07-03,12950,12950,12200,12700,156449,-0.0078125
2019-07-04,12800,12800,12400,12500,52341,-0.015748031496062964
2019-07-05,12650,12700,12250,12400,51695,-0.008000000000000007
2019-07-08,12300,12450,11750,11850,102850,-0.04435483870967738
2019-07-09,11900,12450,11900,12050,99254,0.016877637130801704
2019-07-10,12100,12250,11750,12000,62257,-0.004149377593360981
2019-07-11,12000,12300,11900,12100,54730,0.008333333333333304
2019-07-12,12050,12500,11900,12100,109731,0.0
2019-07-15,12300,12300,12100,12150,34727,0.004132231404958775
2019-07-16,12250,12250,11750,11850,90077,-0.024691358024691357
2019-07-17,11900,12250,11800,12100,43563,0.021097046413502074
2019-07-18,12300,12300,11950,12200,37568,0.008264462809917328
2019-07-19,12100,12500,12050,12350,96492,0.012295081967213184
2019-07-22,12350,12400,11850,12300,126946,-0.004048582995951455
2019-07-23,12300,12500,11800,11900,88892,-0.03252032520325199
2019-07-24,11750,12050,11500,11650,68452,-0.021008403361344574
2019-07-25,11500,11650,10800,11300,160688,-0.030042918454935674
2019-07-26,11200,11350,10100,10800,348784,-0.04424778761061943
2019-07-29,10600,10950,10300,10350,82924,-0.04166666666666663
2019-07-30,10350,10700,10250,10400,105371,0.004830917874396157
2019-07-31,10400,11150,9980,10800,195580,0.03846153846153855
2019-08-01,11000,11000,10400,10600,62480,-0.01851851851851849
2019-08-02,10300,10900,10200,10450,56797,-0.014150943396226467
2019-08-05,10400,10450,9950,10150,164256,-0.028708133971291905
2019-08-06,10000,10450,9800,9810,69132,-0.03349753694581281
2019-08-07,9810,10050,9510,9730,75109,-0.008154943934760461
2019-08-08,9740,10200,9740,10100,65542,0.03802672147995878
2019-08-09,10200,10250,9780,9860,105259,-0.023762376237623783
2019-08-12,9940,10200,9860,9910,41482,0.005070993914807254
2019-08-13,9910,10250,9760,10100,49077,0.019172552976791213
2019-08-14,10300,10750,10100,10400,91135,0.02970297029702973
2019-08-16,10300,10300,9030,9110,399626,-0.12403846153846154
2019-08-19,9110,9290,8710,8850,233942,-0.028540065861690445
2019-08-20,8980,9160,8820,9130,143762,0.031638418079096065
2019-08-21,9100,9260,9020,9190,82592,0.006571741511500528
2019-08-22,9300,9320,9000,9090,93831,-0.01088139281828071
2019-08-23,9020,9150,8900,9060,39564,-0.0033003300330033403
2019-08-26,8860,9060,8750,8950,42804,-0.012141280353200834
2019-08-27,8900,9000,8770,8880,48720,-0.007821229050279377
2019-08-28,8770,8890,8660,8760,56375,-0.013513513513513487
2019-08-29,8770,8810,8500,8650,169016,-0.01255707762557079
2019-08-30,8680,9260,8680,8940,240083,0.03352601156069368
2019-09-02,8860,9040,8510,8950,86746,0.0011185682326622093
2019-09-03,8940,9070,8850,8940,47733,-0.0011173184357542443
2019-09-04,8940,9020,8900,8930,59423,-0.0011185682326622093
2019-09-05,8940,9250,8920,9140,73685,0.023516237402015694
2019-09-06,9150,9190,8980,9030,50370,-0.012035010940919078
2019-09-09,9030,9170,8860,8890,66102,-0.015503875968992276
2019-09-10,8890,8940,8750,8850,80371,-0.004499437570303688
2019-09-11,8900,9060,8800,8880,100113,0.003389830508474523
2019-09-16,8880,8970,8870,8970,87721,0.010135135135135087
2019-09-17,9030,9350,9020,9300,139825,0.03678929765886285
2019-09-18,9430,9480,9290,9300,94246,0.0
2019-09-19,9300,9510,9200,9390,92428,0.00967741935483879
2019-09-20,9350,9490,9270,9400,53102,0.0010649627263046302
2019-09-23,9400,9450,9210,9250,39771,-0.015957446808510634
2019-09-24,9280,9350,9200,9250,38270,0.0
2019-09-25,9300,9300,9140,9200,50724,-0.00540540540540535
2019-09-26,9200,9700,9200,9590,163721,0.04239130434782612
2019-09-27,9600,10050,9200,9390,141130,-0.02085505735140769
2019-09-30,9450,9610,9120,9490,62943,0.010649627263045858
2019-10-01,9680,9680,9400,9570,53953,0.008429926238145313
2019-10-02,9440,9530,9310,9310,48778,-0.027168234064785746
2019-10-04,9310,9460,9140,9140,57183,-0.018259935553168627
2019-10-07,9270,9450,9060,9440,47329,0.03282275711159732
2019-10-08,9430,9430,9250,9300,28074,-0.014830508474576232
2019-10-10,9310,9310,9200,9280,21286,-0.0021505376344086446
2019-10-11,9220,9430,9220,9430,51475,0.016163793103448176
2019-10-14,9320,9460,9320,9400,23976,-0.0031813361611876534
2019-10-15,9380,9440,9100,9200,58117,-0.021276595744680882
2019-10-16,9200,9320,9150,9180,54991,-0.0021739130434782483
2019-10-17,9250,9350,9120,9130,47688,-0.005446623093681935
2019-10-18,9150,9280,9090,9150,50720,0.0021905805038335835
2019-10-21,9150,9190,9080,9130,22157,-0.002185792349726823
2019-10-22,9170,9170,9070,9090,28915,-0.004381161007667056
2019-10-23,9090,9150,8900,8980,40574,-0.012101210121012063
2019-10-24,9010,9090,8880,8980,49456,0.0
2019-10-25,9020,9020,8880,8970,35486,-0.00111358574610243
2019-10-28,8950,9090,8950,8960,36156,-0.0011148272017836858
2019-10-29,9080,9080,8790,8890,52431,-0.0078125
2019-10-30,8980,8980,8710,8750,56970,-0.015748031496062964
2019-10-31,8760,8860,8750,8780,30707,0.0034285714285713365
2019-11-01,8890,8890,8580,8680,96916,-0.011389521640091105
2019-11-04,8730,8930,8680,8870,97394,0.02188940092165903
2019-11-05,9000,9480,8920,9210,320446,0.03833145434047358
2019-11-06,9280,9510,9250,9370,138196,0.017372421281216077
2019-11-07,9460,9470,9000,9280,61302,-0.009605122732123772
2019-11-08,9210,9360,9050,9180,49634,-0.010775862068965525
2019-11-11,9340,9340,9090,9200,45687,0.002178649237472685
2019-11-12,9200,9350,9120,9290,57788,0.009782608695652284
2019-11-13,9380,9380,9190,9240,38523,-0.005382131324004336
2019-11-14,9290,9290,8970,9030,52469,-0.022727272727272707
2019-11-15,9030,9280,8840,9280,85292,0.027685492801771794
2019-11-18,9350,9750,9150,9550,400681,0.02909482758620685
2019-11-19,9480,9600,9310,9420,81647,-0.013612565445026203
2019-11-20,9490,9490,9080,9160,87033,-0.027600849256900206
2019-11-21,9160,9200,8830,8970,55677,-0.020742358078602585
2019-11-22,8900,9030,8800,8800,80627,-0.018952062430323324
2019-11-25,8810,9310,8810,9300,85777,0.05681818181818188
2019-11-26,9370,9470,9210,9300,54634,0.0
2019-11-27,9430,9430,9190,9210,34425,-0.009677419354838679
2019-11-28,9200,9310,9140,9140,27685,-0.007600434310532034
2019-11-29,9240,9240,9030,9050,28528,-0.009846827133479175
2019-12-02,9180,9510,9050,9380,133860,0.03646408839779003
2019-12-03,9380,9430,9200,9430,59644,0.005330490405117239
2019-12-04,9400,9410,9230,9320,39587,-0.01166489925768821
2019-12-05,9330,9330,9170,9180,24367,-0.015021459227467782
2019-12-06,9180,9570,9150,9440,69235,0.028322440087146017
2019-12-09,9300,9430,9260,9360,36186,-0.008474576271186418
2019-12-10,9450,9460,9250,9380,27704,0.002136752136752129
2019-12-11,9300,9560,9300,9520,72690,0.014925373134328401
2019-12-12,9500,9560,9390,9470,53367,-0.005252100840336116
2019-12-13,9470,9570,9430,9440,39745,-0.0031678986272439813
2019-12-16,9440,9640,9330,9560,56617,0.012711864406779627
2019-12-17,9630,9690,9550,9650,62690,0.009414225941422494
2019-12-18,9720,10200,9580,10100,159989,0.04663212435233155
2019-12-19,10150,11600,10050,10900,852513,0.07920792079207928
2019-12-20,10850,11450,10650,11250,269047,0.032110091743119185
2019-12-23,11200,11250,10700,10750,134009,-0.0444444444444444
2019-12-24,10750,11300,10750,11000,135268,0.023255813953488413
2019-12-26,10950,11250,10900,11250,91387,0.022727272727272707
2019-12-27,11050,11350,11050,11250,68781,0.0
2019-12-30,11200,11450,10950,11250,77079,0.0
2020-01-02,11400,11600,11200,11550,84698,0.026666666666666616
2020-01-03,11600,11600,10800,11450,77468,-0.008658008658008698
2020-01-06,11200,11400,11100,11100,50753,-0.03056768558951961
2020-01-07,11200,12000,11200,11850,143258,0.06756756756756754
2020-01-08,11700,12100,11450,11900,109237,0.00421940928270037
2020-01-09,12050,12200,11550,11600,119370,-0.025210084033613467
2020-01-10,11750,11750,11300,11500,92337,-0.008620689655172376
2020-01-13,11500,11550,11250,11400,68187,-0.008695652173912993
2020-01-14,11500,11600,11300,11400,46436,0.0
2020-01-15,11450,11450,11200,11300,66166,-0.00877192982456143
2020-01-16,11300,11400,11100,11200,71749,-0.008849557522123908
2020-01-17,11350,11350,10850,11000,113660,-0.017857142857142905
2020-01-20,11000,11100,10650,10700,121266,-0.027272727272727226
2020-01-21,10800,10850,10500,10600,81724,-0.009345794392523366
2020-01-22,10600,10850,10400,10700,84917,0.009433962264151052
2020-01-23,10700,10750,10500,10700,60797,0.0
2020-01-28,10300,10600,10200,10350,71374,-0.032710280373831724
2020-01-29,10400,11050,10350,10850,117791,0.048309178743961345
2020-01-30,10650,10950,10400,10450,94586,-0.03686635944700456
2020-01-31,10650,10850,10400,10550,102122,0.009569377990430672
2020-02-03,10300,10900,10100,10900,77925,0.033175355450236976
2020-02-04,11050,11150,10750,11000,62912,0.00917431192660545
2020-02-05,11100,11100,10800,10850,66910,-0.013636363636363669
2020-02-06,10850,11200,10800,11050,69421,0.018433179723502224
2020-02-07,11250,11250,10800,10800,34474,-0.022624434389140302
2020-02-10,10700,10950,10550,10950,31483,0.01388888888888884
2020-02-11,10950,11050,10800,10900,38685,-0.004566210045662156
2020-02-12,10900,11200,10600,11100,99823,0.0183486238532109
2020-02-13,11300,11600,11000,11500,141146,0.03603603603603611
2020-02-14,11650,11650,11300,11300,51456,-0.017391304347826098
2020-02-17,11350,11950,11300,11950,116094,0.05752212389380529
2020-02-18,11800,12150,11650,11850,89373,-0.008368200836820106
2020-02-19,11800,13400,11400,13200,382993,0.11392405063291133
2020-02-20,13050,13250,12550,12750,205210,-0.03409090909090906
2020-02-21,12750,12800,12100,12200,119508,-0.04313725490196074
2020-02-24,12200,12700,11750,11800,237819,-0.032786885245901676
2020-02-25,11700,12150,11400,11950,132581,0.012711864406779627
2020-02-26,12050,12150,11700,11900,59456,-0.004184100418409997
2020-02-27,12000,12000,11550,11700,55709,-0.01680672268907568
2020-02-28,11450,11500,10750,10850,182826,-0.07264957264957261
2020-03-02,10900,11200,10550,11000,80574,0.01382488479262678
2020-03-03,10900,11300,10700,10850,96955,-0.013636363636363669
2020-03-04,10700,11150,10700,10900,45238,0.004608294930875667
2020-03-05,11150,11200,10850,11200,45633,0.02752293577981657
2020-03-06,11150,11450,10900,11450,61269,0.022321428571428603
2020-03-09,11550,11550,10850,10850,57282,-0.05240174672489084
2020-03-10,10750,10900,10450,10800,47293,-0.004608294930875556
2020-03-11,10800,10900,10050,10150,57580,-0.06018518518518523
2020-03-12,10150,10400,9440,9600,98301,-0.054187192118226646
2020-03-13,8700,10100,8320,9230,213623,-0.038541666666666696
2020-03-16,9130,9680,8500,8510,165257,-0.07800650054171177
2020-03-17,8160,8660,8010,8510,58295,0.0
2020-03-18,8510,8960,8190,8640,99744,0.01527614571092828
2020-03-19,8540,8800,7570,7580,118320,-0.12268518518518523
2020-03-20,8020,8060,7630,7800,106271,0.029023746701847042
2020-03-23,7220,7700,7120,7300,95013,-0.0641025641025641
2020-03-24,7640,9200,7420,8820,156090,0.2082191780821918
2020-03-25,9400,9600,8570,8850,138366,0.00340136054421758
2020-03-26,8850,9100,8710,8790,144413,-0.006779661016949157
2020-03-27,8990,9100,8620,8790,81279,0.0
2020-03-30,8610,9120,8600,9080,50220,0.03299203640500559
2020-03-31,9330,9780,8950,9210,112030,0.014317180616740144
2020-04-01,9100,11500,9060,9600,816430,0.04234527687296419
2020-04-02,9610,9910,9000,9740,178779,0.014583333333333393
2020-04-03,9950,10250,9150,9800,195089,0.006160164271047153
2020-04-06,9950,10500,9950,10150,285347,0.03571428571428581
2020-04-07,10750,10750,10100,10250,172306,0.009852216748768461
2020-04-08,10200,10400,10000,10100,150529,-0.014634146341463428
2020-04-09,10200,10350,10050,10150,122014,0.004950495049504955
2020-04-10,10150,10150,9800,9990,123085,-0.015763546798029604
2020-04-13,10050,11000,9900,9990,340708,0.0
2020-04-14,10300,10350,10000,10150,159334,0.0160160160160161
2020-04-16,10200,10600,9870,10550,158213,0.039408866995073843
2020-04-17,10600,10650,10300,10500,231575,-0.004739336492891044
2020-04-20,10500,10850,10400,10650,144026,0.014285714285714235
2020-04-21,10750,10900,10000,10800,204143,0.014084507042253502
2020-04-22,10600,11000,10450,11000,134537,0.0185185185185186
2020-04-23,11200,11800,11050,11750,277579,0.06818181818181812
2020-04-24,11750,13200,11550,12500,594702,0.06382978723404253
2020-04-27,12900,13200,12450,12600,348146,0.008000000000000007
2020-04-28,12700,12700,12050,12200,176472,-0.031746031746031744
2020-04-29,12050,12350,11900,12100,146250,-0.008196721311475419
2020-05-04,12000,12600,11850,12150,175749,0.004132231404958775
2020-05-06,12550,12550,12100,12300,112309,0.012345679012345734
2020-05-07,12600,12600,12200,12250,110216,-0.004065040650406471
2020-05-08,12300,12400,12000,12350,105915,0.008163265306122547
2020-05-11,12300,12350,12000,12300,94483,-0.004048582995951455
2020-05-12,12200,14700,12200,13750,1477745,0.11788617886178865
2020-05-13,13700,14850,13450,14300,690546,0.040000000000000036
2020-05-14,14100,14400,13950,14350,193037,0.0034965034965035446
2020-05-15,14350,15000,14100,14400,429246,0.0034843205574912606
2020-05-18,14500,15650,14100,14900,551997,0.03472222222222232
2020-05-19,15000,15100,14100,14350,359682,-0.03691275167785235
2020-05-20,14100,14550,14100,14300,137916,-0.0034843205574912606
2020-05-21,14600,14650,14050,14250,197743,-0.0034965034965035446
2020-05-22,14300,15150,14300,14600,327565,0.024561403508772006
2020-05-25,14650,14950,14550,14750,142228,0.010273972602739656
2020-05-26,15000,15100,14550,14650,177536,-0.006779661016949157
2020-05-27,14750,14800,14300,14450,153975,-0.013651877133105783
2020-05-28,14450,17800,14050,15150,3684477,0.04844290657439454
2020-05-29,15900,16900,15450,15450,1164473,0.01980198019801982
2020-06-01,15500,16200,14950,15650,446878,0.012944983818770295
2020-06-02,17650,17750,15650,15800,790052,0.009584664536741228
2020-06-03,15450,15750,14850,14950,481884,-0.05379746835443033
2020-06-04,15050,15200,14650,14950,201649,0.0
2020-06-05,14950,15400,14750,15000,176781,0.0033444816053511683
2020-06-08,14850,15100,14750,14850,156315,-0.010000000000000009
2020-06-09,15000,15250,14750,15100,182604,0.01683501683501687
2020-06-10,15200,16000,15050,16000,476659,0.0596026490066226
2020-06-11,15750,16250,15500,15650,313759,-0.021874999999999978
2020-06-12,14700,16500,14700,16200,455799,0.03514376996805102
2020-06-15,16550,17100,15600,15750,552714,-0.02777777777777779
2020-06-16,16250,17450,16100,17300,570743,0.09841269841269851
2020-06-17,17200,17700,16650,17400,428141,0.005780346820809301
2020-06-18,17250,17650,16850,16950,193233,-0.025862068965517238
2020-06-19,17100,17150,16200,16600,190388,-0.020648967551622377
2020-06-22,16650,17650,16600,17500,438528,0.054216867469879526
2020-06-23,17750,18750,17000,18300,888516,0.04571428571428582
2020-06-24,18500,18550,17800,18250,319140,-0.002732240437158473
2020-06-25,18000,18750,17800,18200,219146,-0.002739726027397249
2020-06-26,18350,18400,17750,17750,176014,-0.02472527472527475
2020-06-29,17700,17800,17000,17500,109740,-0.014084507042253502
2020-06-30,17850,17850,17000,17150,120161,-0.020000000000000018
2020-07-01,17350,17900,17200,17750,106998,0.03498542274052485
2020-07-02,17950,18500,17650,18350,212014,0.033802816901408406
2020-07-03,18350,18400,17950,18000,123245,-0.019073569482288777
2020-07-06,18100,18300,17700,18150,114362,0.008333333333333304
2020-07-07,18350,18350,17550,18150,176432,0.0
2020-07-08,18350,18350,17800,17850,108804,-0.016528925619834656
2020-07-09,17800,18150,17800,18100,182789,0.014005602240896309
2020-07-10,17900,19450,17750,19200,428515,0.06077348066298338
2020-07-13,19300,21000,19250,20950,790374,0.09114583333333326
2020-07-14,21000,22650,20150,20250,615526,-0.03341288782816232
2020-07-15,20250,20450,19550,19750,209820,-0.024691358024691357
2020-07-16,19950,20350,19300,19900,255459,0.0075949367088608
2020-07-17,20100,20200,18800,18950,258411,-0.047738693467336724
2020-07-20,19000,19200,18350,18700,318841,-0.01319261213720313
2020-07-21,19000,19200,18400,19000,274310,0.016042780748663166
2020-07-22,18950,19300,18650,19200,160278,0.010526315789473717
2020-07-23,20050,20250,19050,19250,334766,0.0026041666666667407
2020-07-24,19050,19250,18800,19000,127880,-0.012987012987012991
2020-07-27,19000,19250,18850,18900,152328,-0.0052631578947368585
2020-07-28,18950,18950,18300,18350,238820,-0.02910052910052907
2020-07-29,18500,18750,18300,18450,120519,0.005449591280654031
2020-07-30,18450,18500,17950,18200,208042,-0.013550135501354976
2020-07-31,18200,18200,17650,17750,177399,-0.02472527472527475
2020-08-03,17750,19200,17750,19000,315711,0.07042253521126751
2020-08-04,19000,19100,18550,18600,121887,-0.021052631578947323
2020-08-05,19250,19700,18750,19450,255003,0.045698924731182755
2020-08-06,20000,20450,19200,19800,306174,0.01799485861182526
2020-08-07,20100,21950,19950,21100,620071,0.06565656565656575
2020-08-10,21300,22100,20500,20550,331492,-0.026066350710900466
2020-08-11,20700,20800,19900,20000,210684,-0.02676399026763987
2020-08-12,20000,20750,19600,19850,191870,-0.007499999999999951
2020-08-13,19900,20100,19500,19700,156350,-0.007556675062972307
2020-08-14,19700,20200,18900,19250,227205,-0.022842639593908642
2020-08-18,18950,19450,17900,18250,216862,-0.051948051948051965
2020-08-19,18300,18800,18100,18400,169912,0.008219178082191858
2020-08-20,18400,19200,17800,18100,253740,-0.016304347826086918
2020-08-21,18450,18500,17350,17800,224837,-0.016574585635359074
2020-08-24,18150,18950,17800,18900,192092,0.061797752808988804
2020-08-25,19400,19500,18900,19100,172595,0.010582010582010692
2020-08-26,19100,20100,18750,19750,389163,0.03403141361256545
2020-08-27,20000,20200,19250,19400,134550,-0.017721518987341756
2020-08-28,19800,19800,19100,19100,87225,-0.015463917525773141
2020-08-31,19400,19450,18500,18750,167536,-0.01832460732984298
2020-09-01,18750,18900,18450,18800,111362,0.002666666666666595
2020-09-02,18950,19000,18400,18550,104556,-0.013297872340425565
2020-09-03,18700,18700,18200,18350,159329,-0.010781671159029615
2020-09-04,17800,18150,17550,18050,231389,-0.016348773841961872
2020-09-07,18000,18200,17750,17850,146126,-0.011080332409972304
2020-09-08,18000,18250,17850,17900,160577,0.0028011204481792618
2020-09-09,17750,17900,17500,17550,105197,-0.019553072625698276
2020-09-10,17600,17700,17250,17450,187364,-0.005698005698005715
2020-09-11,17450,17900,17350,17500,115490,0.002865329512893977
2020-09-14,17700,17750,17450,17600,110349,0.005714285714285783
2020-09-15,17600,17700,17350,17600,109836,0.0
2020-09-16,17650,17750,17450,17500,109863,-0.005681818181818232
2020-09-17,17800,18000,17350,17400,100171,-0.005714285714285672
2020-09-18,17600,17650,17300,17600,48626,0.011494252873563315
2020-09-21,17600,17650,17050,17150,75202,-0.025568181818181768
2020-09-22,17000,17150,15550,16400,148385,-0.04373177842565601
2020-09-23,16750,16850,15800,16450,62695,0.0030487804878047697
2020-09-24,16000,16400,15650,15650,90428,-0.04863221884498481
2020-09-25,15800,16200,15550,16150,67725,0.03194888178913735
2020-09-28,16200,16850,16150,16550,38811,0.024767801857585203
2020-09-29,16800,16850,16350,16750,37082,0.012084592145015005
2020-10-05,16950,17850,16900,17650,215181,0.0537313432835822
2020-10-06,17700,18000,17650,17850,123973,0.011331444759206777
2020-10-07,17850,17850,17350,17400,72993,-0.025210084033613467
2020-10-08,17500,17550,17200,17300,62407,-0.005747126436781658
2020-10-12,17400,17500,17100,17250,60794,-0.0028901734104046506
2020-10-13,17400,17400,16950,17100,44582,-0.008695652173912993
2020-10-14,17000,17250,16850,17150,70266,0.0029239766081872176
2020-10-15,17000,17050,16400,17000,108380,-0.008746355685131157
2020-10-16,16850,17100,16450,16700,74474,-0.01764705882352946
2020-10-19,16500,16900,16500,16850,53546,0.008982035928143617
2020-10-20,16800,16800,16100,16300,83701,-0.03264094955489616
2020-10-21,16150,16350,16150,16200,48835,-0.006134969325153339
2020-10-22,16350,16350,15950,15950,47833,-0.015432098765432056
2020-10-23,15950,16100,15650,16000,59492,0.0031347962382444194
2020-10-26,16000,16200,15550,15650,63960,-0.021874999999999978
2020-10-27,15500,15900,15500,15650,36860,0.0
2020-10-28,15450,15900,15450,15800,49158,0.009584664536741228
2020-10-29,15400,15750,15250,15750,26189,-0.0031645569620253333
2020-10-30,15750,15750,15400,15600,43501,-0.00952380952380949
2020-11-02,15450,15600,15000,15100,111006,-0.03205128205128205
2020-11-03,15100,15350,15100,15200,59668,0.0066225165562914245
2020-11-04,15250,15550,15100,15450,96276,0.016447368421052655
2020-11-05,15600,15950,15400,15550,111220,0.006472491909385036
2020-11-06,15800,15800,15300,15400,98168,-0.009646302250803873
2020-11-09,15500,16200,15500,15800,122908,0.025974025974025983
2020-11-10,16350,16350,16000,16200,143735,0.025316455696202445
2020-11-11,16250,16300,15950,16100,65418,-0.006172839506172867
2020-11-12,16200,16250,16000,16000,47322,-0.006211180124223614
2020-11-13,16000,16150,15900,16100,30599,0.006250000000000089
2020-11-16,16100,16250,15900,15950,191902,-0.009316770186335366
2020-11-17,16200,16250,15850,15950,121819,0.0
2020-11-18,16100,16150,15950,16100,87364,0.00940438871473348
2020-11-19,16100,16200,15900,16200,85985,0.006211180124223503
2020-11-20,16300,16400,16050,16250,95099,0.0030864197530864335
2020-11-23,16200,16500,16100,16400,150953,0.009230769230769154
2020-11-24,16500,16550,16300,16400,90226,0.0
2020-11-25,16500,16500,15950,16050,136808,-0.021341463414634165
2020-11-26,16250,16250,16000,16150,93558,0.006230529595015577
2020-11-27,16100,16250,15900,16150,117206,0.0
2020-11-30,16100,16500,16000,16050,121843,-0.006191950464396245
2020-12-01,16100,16200,16050,16200,57000,0.009345794392523255
2020-12-02,16300,16300,16050,16050,68745,-0.0092592592592593
2020-12-03,16050,16400,15900,16350,100077,0.01869158878504673
2020-12-04,16350,16400,16000,16200,130315,-0.00917431192660545
2020-12-07,16200,16300,15900,16250,111510,0.0030864197530864335
2020-12-08,16250,16250,15950,16000,63418,-0.01538461538461533
2020-12-09,16000,16050,15900,15950,54000,-0.0031250000000000444
2020-12-10,15900,16100,15800,15950,55292,0.0
2020-12-11,16100,16100,15900,16000,112317,0.0031347962382444194
2020-12-14,16100,17200,16000,17100,881223,0.06875000000000009
2020-12-15,17200,17550,16700,17000,332367,-0.005847953216374324
2020-12-16,17000,17000,16650,16950,163463,-0.002941176470588225
2020-12-17,16950,16950,16550,16700,154802,-0.014749262536873142
2020-12-18,16700,16900,16550,16850,153512,0.008982035928143617
2020-12-21,16950,16950,16600,16800,126145,-0.0029673590504450953
2020-12-22,16800,17400,16700,16950,376611,0.008928571428571397
2020-12-23,16950,17350,16850,17200,290155,0.014749262536873253
2020-12-24,17300,17350,16900,16950,129292,-0.014534883720930258
2020-12-28,17100,17100,16550,16600,121214,-0.020648967551622377
2020-12-29,16600,16700,16250,16350,139284,-0.015060240963855387
2020-12-30,16450,16800,16350,16550,116155,0.012232415902140747
2021-01-04,17000,17550,16650,17550,374405,0.06042296072507547
2021-01-05,17550,18750,17250,18650,766196,0.06267806267806275
2021-01-06,18750,18950,18000,18200,297722,-0.024128686327077764
2021-01-07,18250,18300,17650,18000,432063,-0.01098901098901095
2021-01-08,18700,19100,18300,18350,636667,0.019444444444444375
2021-01-11,18600,18600,17500,17850,306768,-0.027247956403269713
2021-01-12,17850,18000,17450,17950,140617,0.0056022408963585235
2021-01-13,18200,18400,18000,18350,216673,0.022284122562674202
2021-01-14,18400,18700,18350,18550,201309,0.01089918256130784
2021-01-15,18700,18700,17950,18000,156865,-0.029649595687331498
2021-01-18,17650,17850,17300,17400,186906,-0.033333333333333326
2021-01-19,17300,17650,17300,17500,145284,0.005747126436781658
2021-01-20,17500,17550,17300,17450,145841,-0.0028571428571428914
2021-01-21,17500,18200,17500,17750,227806,0.017191977077363862
2021-01-22,17750,17850,17550,17700,165448,-0.0028169014084507005
2021-01-25,17900,18050,17600,17950,167742,0.01412429378531077
2021-01-26,18100,18100,17500,17650,137704,-0.01671309192200554
2021-01-27,17650,17800,17450,17500,64484,-0.008498583569405138
2021-01-28,17100,17300,16950,17100,158119,-0.02285714285714291
2021-01-29,17450,17500,16450,16550,127691,-0.032163742690058506
2021-02-01,16900,17650,16700,17550,162875,0.06042296072507547
2021-02-02,17750,17800,17150,17300,145525,-0.014245014245014231
2021-02-03,17500,17550,17200,17300,93209,0.0
2021-02-04,17300,17450,17100,17400,68027,0.005780346820809301
2021-02-05,17450,17500,17200,17400,74669,0.0
2021-02-08,17400,17450,17150,17250,88809,-0.008620689655172376
2021-02-09,17250,17450,17050,17250,57320,0.0
2021-02-10,17250,17300,16950,17050,73501,-0.011594202898550732
2021-02-15,17100,17150,16900,17050,143427,0.0
2021-02-16,17050,17600,16900,17500,165620,0.02639296187683282
2021-02-17,17500,17700,17300,17700,115283,0.011428571428571344
2021-02-18,17800,17800,17450,17500,123397,-0.011299435028248594
2021-02-19,17500,17600,17200,17500,78112,0.0
2021-02-22,17650,17700,17050,17050,97918,-0.02571428571428569
2021-02-23,17050,17350,16850,17350,61453,0.017595307917888547
2021-02-24,17650,17650,16900,16950,85365,-0.023054755043227626
2021-02-25,17000,17200,16900,17000,54805,0.002949852507374562
2021-02-26,16850,16900,16500,16800,74288,-0.0117647058823529
2021-03-02,17150,17300,17000,17100,104295,0.017857142857142794
2021-03-03,17100,17200,16950,17200,40139,0.005847953216374213
2021-03-04,17000,17250,17000,17200,42539,0.0
2021-03-05,16850,17150,16750,17000,61627,-0.011627906976744207
2021-03-08,17100,17150,16900,16900,35507,-0.00588235294117645
2021-03-09,16900,17000,16500,16750,58573,-0.00887573964497046
2021-03-10,16750,16850,16500,16500,41709,-0.014925373134328401
2021-03-11,16650,16750,16350,16500,50004,0.0
2021-03-12,16600,16800,16500,16600,61646,0.0060606060606061
2021-03-15,16600,17000,16600,16800,75983,0.012048192771084265
2021-03-16,17000,17000,16800,16900,37628,0.005952380952380931
2021-03-17,17000,17000,16750,16800,28907,-0.00591715976331364
2021-03-18,17050,17050,16800,16900,40649,0.005952380952380931
2021-03-19,16950,17100,16750,17050,44900,0.008875739644970349
2021-03-22,17050,17450,17000,17350,96454,0.017595307917888547
2021-03-23,17400,17500,17000,17000,82015,-0.02017291066282423
2021-03-24,17050,17050,16650,16900,56399,-0.00588235294117645
2021-03-25,17100,17100,16750,16900,75991,0.0
2021-03-26,17050,17050,16700,16950,39902,0.002958579881656709
2021-03-29,17000,17100,16800,16850,48110,-0.005899705014749235
2021-03-30,16850,17250,16800,17250,64550,0.023738872403560762
2021-03-31,17250,17250,16900,17050,61868,-0.011594202898550732
2021-04-01,17050,17300,17000,17300,84252,0.014662756598240456
2021-04-02,17850,17850,17450,17500,179221,0.011560693641618602
2021-04-05,17850,17900,17650,17650,128119,0.008571428571428674
2021-04-06,17750,18500,17650,18350,455079,0.03966005665722383
2021-04-07,18400,18800,18200,18250,267437,-0.00544959128065392
2021-04-08,18600,18600,18200,18300,103542,0.00273972602739736
2021-04-09,18300,18300,17900,18200,136698,-0.005464480874316946
2021-04-12,18150,18200,17850,18000,133349,-0.01098901098901095
2021-04-13,18050,18200,17800,18050,128109,0.002777777777777768
2021-04-14,18700,18750,18100,18200,215363,0.008310249307479145
2021-04-15,18200,18300,17900,17900,102587,-0.016483516483516536
2021-04-16,18150,18150,17900,18100,87759,0.011173184357541999
2021-04-19,18250,18250,17800,17800,110950,-0.016574585635359074
2021-04-20,17800,18000,17700,18000,62821,0.011235955056179803
2021-04-21,17900,17900,17650,17800,79679,-0.011111111111111072
2021-04-22,17850,17850,17650,17700,70415,-0.005617977528089901
2021-04-23,17750,17800,17350,17550,91651,-0.008474576271186418
2021-04-26,17700,17700,17350,17500,66161,-0.002849002849002802
2021-04-27,17650,17850,17500,17800,88120,0.017142857142857126
2021-04-28,17850,17850,17450,17600,68591,-0.011235955056179803
2021-04-29,17700,17700,17350,17400,52393,-0.011363636363636354
2021-04-30,17500,17550,17300,17300,38499,-0.005747126436781658
2021-05-03,17300,17600,17200,17450,42821,0.00867052023121384
2021-05-04,17650,17650,17050,17250,74166,-0.011461318051575908
2021-05-06,17350,17550,17050,17350,112000,0.005797101449275255
2021-05-07,17500,18350,17350,18250,385757,0.05187319884726227
2021-05-10,18350,19300,18350,19300,617395,0.05753424657534256
2021-05-11,19100,21500,18800,21250,1347646,0.10103626943005173
2021-05-12,21250,21900,20900,21150,726196,-0.004705882352941226
2021-05-13,20900,25000,20500,23000,2706409,0.08747044917257685
2021-05-14,23000,23000,20950,21400,960852,-0.06956521739130439
2021-05-17,21400,22350,21300,21350,619992,-0.002336448598130869
2021-05-18,21050,21300,20150,20900,486878,-0.021077283372365363
2021-05-20,20650,20650,20050,20200,232923,-0.03349282296650713
2021-05-21,20200,20450,19600,19700,240273,-0.024752475247524774
2021-05-24,19700,19950,19200,19800,278420,0.0050761421319796
2021-05-25,19650,21150,19600,20900,543476,0.05555555555555558
2021-05-26,20700,21500,20700,21150,256635,0.011961722488038173
2021-05-27,21250,22650,20700,21650,560979,0.023640661938534313
2021-05-28,21500,21800,20850,20950,267039,-0.0323325635103926
2021-05-31,21050,22050,21050,21700,310065,0.03579952267303099
2021-06-01,22000,23000,21500,21600,441866,-0.004608294930875556
2021-06-02,21600,22100,21300,21350,191662,-0.01157407407407407
2021-06-03,21450,21700,20950,21100,277380,-0.011709601873536313
2021-06-04,21200,22250,21200,21800,509329,0.033175355450236976
2021-06-07,21950,22300,21250,22150,382784,0.016055045871559592
2021-06-08,22300,22550,21750,21850,194598,-0.013544018058690765
2021-06-09,21700,22050,21550,21600,181645,-0.011441647597253968
2021-06-10,21350,21900,21200,21650,141851,0.0023148148148148806
2021-06-11,21700,21800,21000,21100,252648,-0.025404157043879882
2021-06-14,21100,21300,20400,20700,290205,-0.018957345971563955
2021-06-15,20700,20750,20150,20350,264323,-0.016908212560386437
2021-06-16,20350,20750,20300,20500,157131,0.0073710073710073765
2021-06-17,20700,20750,20150,20300,178865,-0.009756097560975618
2021-06-18,20300,20300,19800,20050,315229,-0.012315270935960632
2021-06-21,19950,20150,19800,19850,134256,-0.009975062344139696
2021-06-22,20100,20100,19800,20000,128313,0.007556675062972307
2021-06-23,20100,20150,19650,19850,171989,-0.007499999999999951
2021-06-24,19850,19950,19450,19900,177801,0.0025188916876575096
2021-06-25,19900,20000,19650,19750,194809,-0.007537688442211032
2021-06-28,20000,20300,19800,20150,281636,0.020253164556962133
2021-06-29,20200,20250,19950,20150,138057,0.0
2021-06-30,20150,20300,19950,20300,105768,0.007444168734491274
2021-07-01,20400,20450,19900,19950,128730,-0.017241379310344862
2021-07-02,20000,20100,19900,20050,83176,0.005012531328320913
2021-07-05,20100,20100,19900,20100,93224,0.0024937655860348684
2021-07-06,20100,20100,19900,19950,87285,-0.007462686567164201
2021-07-07,19950,20000,19750,20000,93743,0.0025062656641603454
2021-07-08,20000,20100,19650,19700,106694,-0.015000000000000013
2021-07-09,19600,19600,19100,19450,114094,-0.012690355329949221
2021-07-12,19700,19700,19400,19400,60515,-0.0025706940874036244
2021-07-13,19450,19600,19400,19400,71501,0.0
2021-07-14,19400,19600,19350,19500,55003,0.005154639175257714
2021-07-15,19500,20150,19350,20050,195017,0.028205128205128105
2021-07-16,20100,20300,19850,20000,133369,-0.0024937655860348684
2021-07-19,19800,20050,19700,20000,65627,0.0
2021-07-20,19950,19950,19350,19450,111869,-0.02749999999999997
2021-07-21,19650,19700,19100,19250,73254,-0.010282776349614386
2021-07-22,19250,19450,19100,19150,84244,-0.0051948051948051965
2021-07-23,19200,19350,19100,19100,86619,-0.0026109660574412663
2021-07-26,19050,19200,19000,19000,58529,-0.005235602094240788
2021-07-27,19200,19350,19000,19200,52084,0.010526315789473717
2021-07-28,19200,19350,19100,19100,41113,-0.00520833333333337
2021-07-29,19150,19550,19100,19350,75153,0.01308900523560208
2021-07-30,19500,19550,19200,19400,50154,0.0025839793281654533
2021-08-02,19400,19500,19200,19450,40598,0.002577319587628857
2021-08-03,19450,19500,18850,19000,135207,-0.023136246786632397
2021-08-04,19000,19100,18850,19100,88280,0.0052631578947368585
2021-08-05,19100,19300,18950,19100,86751,0.0
2021-08-06,19150,19250,18950,19050,80001,-0.002617801047120394
2021-08-09,19100,19150,18750,18750,101087,-0.015748031496062964
2021-08-10,18750,18900,18450,18700,85747,-0.002666666666666706
2021-08-11,18700,18900,18200,18200,114993,-0.0267379679144385
2021-08-12,18200,18500,18150,18250,60538,0.0027472527472527375
2021-08-13,18450,18450,17750,18000,125286,-0.013698630136986356
2021-08-17,18200,18300,17400,17400,117178,-0.033333333333333326
2021-08-18,17300,17650,17200,17500,123066,0.005747126436781658
2021-08-19,17600,17600,16500,16700,193194,-0.04571428571428571
2021-08-20,16650,16950,16100,16250,144801,-0.026946107784431184
2021-08-23,16300,16800,16150,16700,86596,0.027692307692307683
2021-08-24,16800,17300,16800,17150,65034,0.026946107784431073
2021-08-25,17150,17400,16900,17250,66231,0.005830903790087438
2021-08-26,17250,17350,16850,16950,63980,-0.017391304347826098
2021-08-27,16950,17350,16850,17150,68617,0.01179941002949847
2021-08-30,17450,17550,17250,17350,57277,0.011661807580174877
2021-08-31,17350,17500,17050,17500,52709,0.008645533141210304
2021-09-01,17500,17550,17250,17500,52381,0.0
2021-09-02,17550,17600,17200,17550,47832,0.0028571428571428914
2021-09-03,17600,17750,17300,17350,54887,-0.01139601139601143
2021-09-06,17400,17500,17300,17400,30497,0.0028818443804035088
2021-09-07,17500,17500,17300,17400,34310,0.0
2021-09-08,17300,17400,17050,17100,61374,-0.017241379310344862
2021-09-09,17050,17300,16950,17050,36526,-0.0029239766081871066
2021-09-10,16950,17150,16850,16950,53583,-0.0058651026392961825
2021-09-13,16950,17100,16850,16900,35933,-0.002949852507374673
2021-09-14,16900,17100,16800,16900,65967,0.0
2021-09-15,16900,17050,16850,16950,47804,0.002958579881656709
2021-09-16,17050,17050,16800,16900,42839,-0.002949852507374673
2021-09-17,16900,16950,16800,16900,41824,0.0
2021-09-23,16700,16900,16600,16700,46955,-0.011834319526627168
2021-09-24,16700,16850,16650,16750,31910,0.0029940119760478723
2021-09-27,16800,16850,16650,16800,41429,0.0029850746268655914
2021-09-28,16900,16900,16250,16450,76203,-0.02083333333333337
2021-09-29,16150,16400,15950,16150,103963,-0.018237082066869248
2021-09-30,16150,16750,16150,16750,39791,0.037151702786377694
2021-10-01,16650,16650,16150,16200,38053,-0.032835820895522394
2021-10-05,16550,17800,16550,17550,492335,0.08333333333333326
2021-10-06,17550,17850,17200,17700,286735,0.008547008547008517
2021-10-07,17850,17900,17250,17550,144526,-0.008474576271186418
2021-10-08,17450,17550,16800,17200,133065,-0.019943019943019946
2021-10-12,17150,17150,16650,16850,83865,-0.02034883720930236
2021-10-13,16850,17200,16800,16900,81548,0.0029673590504450953
2021-10-14,17200,17300,16700,16900,76746,0.0
2021-10-15,17100,17150,16850,17050,74192,0.008875739644970349
2021-10-18,17350,17750,17150,17500,180218,0.02639296187683282
2021-10-19,17800,17950,17500,17650,181471,0.008571428571428674
2021-10-20,17750,17800,17350,17500,85871,-0.008498583569405138
2021-10-21,17500,17700,17400,17450,59749,-0.0028571428571428914
2021-10-22,17400,17450,17250,17250,53984,-0.011461318051575908
2021-10-25,17350,17750,17300,17550,81381,0.017391304347825987
2021-10-26,17850,17850,17450,17600,50461,0.002849002849002913
2021-10-27,17550,17600,17350,17400,44768,-0.011363636363636354
2021-10-28,17400,17550,17250,17350,48894,-0.002873563218390829
2021-10-29,17350,17500,17000,17050,56808,-0.01729106628242072
2021-11-01,17050,17400,16950,17050,58487,0.0
2021-11-02,17000,17500,17000,17350,55145,0.017595307917888547
2021-11-03,17400,17450,16800,16900,93072,-0.025936599423631135
2021-11-04,17000,17250,16550,16800,57825,-0.00591715976331364
2021-11-05,16800,17000,16600,16700,54994,-0.005952380952380931
2021-11-08,16700,17050,16550,17000,49167,0.017964071856287456
2021-11-09,17000,17100,16600,16800,43126,-0.0117647058823529
2021-11-10,16800,16800,16350,16350,63456,-0.0267857142857143
2021-11-11,16200,17000,16200,16800,52457,0.02752293577981657
2021-11-12,16850,17000,16650,16850,45489,0.0029761904761904656
2021-11-15,16900,16900,16600,16750,42436,-0.005934718100890191
2021-11-16,16850,17100,16700,16800,44347,0.0029850746268655914
2021-11-17,16800,16800,16300,16550,66512,-0.014880952380952328
2021-11-18,16550,16550,16300,16500,48914,-0.0030211480362537513
2021-11-19,16450,16550,16350,16450,24738,-0.00303030303030305
2021-11-22,16450,16550,16300,16450,36685,0.0
2021-11-23,16450,17550,16400,16850,68160,0.024316109422492405
2021-11-24,16800,17100,16650,16900,48178,0.0029673590504450953
2021-11-25,16900,17150,16650,17000,53726,0.00591715976331364
2021-11-26,17350,17350,16450,16550,45115,-0.026470588235294135
2021-11-29,16000,16400,15200,16100,41701,-0.027190332326283984
2021-11-30,16200,16400,15350,15750,55952,-0.021739130434782594
2021-12-01,15750,16100,15350,16000,30848,0.015873015873015817
2021-12-02,15900,16550,15700,16400,40827,0.02499999999999991
2021-12-03,16800,16900,16350,16750,69459,0.021341463414634054
2021-12-06,16750,16850,16400,16600,26411,-0.008955223880596996
2021-12-07,16700,16750,16550,16750,22569,0.009036144578313143
2021-12-08,16850,16900,16600,16700,37035,-0.0029850746268657025
2021-12-09,16800,17100,16600,16850,56725,0.008982035928143617
2021-12-10,16950,17050,16800,16850,52857,0.0
2021-12-13,16850,17500,16850,17300,125556,0.026706231454005858
2021-12-14,17300,17600,17050,17500,108750,0.011560693641618602
2021-12-15,17600,17600,17250,17350,60192,-0.008571428571428563
2021-12-16,17550,17550,17000,17100,59999,-0.014409221902017322
2021-12-17,17000,17400,17000,17350,38587,0.014619883040935644
2021-12-20,17600,17850,17350,17400,114077,0.0028818443804035088
2021-12-21,17400,17650,17150,17600,66457,0.011494252873563315
2021-12-22,17600,17750,17500,17550,49146,-0.0028409090909090606
2021-12-23,17550,17700,17450,17500,51765,-0.002849002849002802
2021-12-24,17400,17550,17350,17450,43580,-0.0028571428571428914
2021-12-27,17550,17550,17300,17450,33882,0.0
2021-12-28,17400,17550,17350,17450,38119,0.0
2021-12-29,17300,17500,17200,17300,28515,-0.008595988538681931
2021-12-30,17150,17300,17100,17300,26400,0.0
2022-01-03,17300,17350,17050,17100,28810,-0.011560693641618491
2022-01-04,17100,17200,16800,17000,52530,-0.005847953216374324
2022-01-05,17000,17000,16000,16850,112013,-0.008823529411764675
2022-01-06,16500,17350,16500,16600,78668,-0.014836795252225476
2022-01-07,16800,17150,16700,16950,59393,0.02108433734939763
2022-01-10,17200,17300,16900,17000,53379,0.002949852507374562
2022-01-11,16900,17100,16650,16950,37966,-0.002941176470588225
2022-01-12,17100,17100,16800,17000,35956,0.002949852507374562
2022-01-13,17150,17450,17100,17200,66337,0.0117647058823529
2022-01-14,17300,17450,17100,17450,77485,0.014534883720930258
2022-01-17,17500,17600,17200,17300,56807,-0.008595988538681931
2022-01-18,17400,17450,16800,16850,47867,-0.026011560693641633
2022-01-19,16500,17000,16500,16550,46649,-0.017804154302670572
2022-01-20,16600,16950,16550,16700,23382,0.009063444108761365
2022-01-21,16650,16850,16550,16800,23247,0.0059880239520957446
2022-01-24,16700,17300,16450,17250,79953,0.02678571428571419
2022-01-25,17300,17350,16650,16650,104990,-0.034782608695652195
2022-01-26,16650,17050,16600,16800,44537,0.009009009009008917
2022-01-27,16900,16900,15950,16000,78475,-0.04761904761904767
2022-01-28,15950,16250,15800,16200,55586,0.012499999999999956
2022-02-03,16250,16400,16100,16150,44201,-0.0030864197530864335
2022-02-04,16150,16900,16150,16850,63937,0.04334365325077405
2022-02-07,16950,17400,16650,17300,124101,0.026706231454005858
2022-02-08,17450,17850,17200,17550,171358,0.014450867052023142
2022-02-09,17650,17750,17200,17300,56337,-0.014245014245014231
2022-02-10,17350,17600,16850,17300,68406,0.0
2022-02-11,17100,17250,16600,16600,76862,-0.040462427745664775
2022-02-14,16550,17000,16400,16650,50129,0.003012048192771122
2022-02-15,16500,16750,16200,16300,48973,-0.02102102102102099
2022-02-16,16700,16700,16450,16650,27988,0.021472392638036908
2022-02-17,16800,16850,16350,16800,41210,0.009009009009008917
2022-02-18,16750,16800,16450,16800,32181,0.0
2022-02-21,16600,16800,16450,16700,30532,-0.005952380952380931
2022-02-22,16400,16600,16250,16300,42835,-0.0239520958083832
2022-02-23,16300,16500,16300,16400,17454,0.006134969325153339
2022-02-24,16450,16450,15900,16050,54532,-0.021341463414634165
2022-02-25,16200,16400,16100,16100,27891,0.0031152647975076775
2022-02-28,16100,16350,16050,16250,22090,0.009316770186335477
2022-03-02,16250,16500,16150,16350,38611,0.006153846153846176
2022-03-03,16500,16700,16400,16700,31300,0.021406727828746197
2022-03-04,16700,16850,16550,16550,31161,-0.008982035928143728
2022-03-07,16750,18100,16100,16850,235818,0.01812688821752273
2022-03-08,17000,17050,16300,16400,71229,-0.02670623145400597
2022-03-10,16700,16700,16250,16300,46392,-0.0060975609756097615
2022-03-11,16300,16400,16150,16250,50382,-0.0030674846625766694
2022-03-14,16250,16650,16050,16250,73200,0.0
2022-03-15,16100,16400,16100,16200,19885,-0.003076923076923088
2022-03-16,16300,16300,16100,16250,31105,0.0030864197530864335
2022-03-17,16450,16450,16250,16250,30539,0.0
2022-03-18,16300,16350,16200,16300,26356,0.003076923076922977
2022-03-21,16300,16550,16300,16450,50744,0.009202453987730008
2022-03-22,16500,16950,16400,16600,96436,0.00911854103343468
2022-03-23,16850,16850,16600,16700,41963,0.006024096385542244
2022-03-24,16800,17200,16550,16900,108909,0.011976047904191711
2022-03-25,16950,17000,16650,16650,38837,-0.014792899408283988
2022-03-28,16850,17100,16750,16950,75706,0.018018018018018056
2022-03-29,16900,17200,16800,16800,57897,-0.008849557522123908
2022-03-30,16950,16950,16750,16850,33755,0.0029761904761904656
2022-03-31,16950,16950,16800,16850,32975,0.0
2022-04-01,16850,17300,16750,17050,71063,0.011869436201780381
2022-04-04,17550,17950,17300,17550,272491,0.029325513196480912
2022-04-05,17300,17550,17050,17500,92545,-0.002849002849002802
2022-04-06,17350,18100,17300,17750,235465,0.014285714285714235
2022-04-07,17750,17750,17100,17100,87114,-0.036619718309859106
2022-04-08,17300,17450,17100,17400,53553,0.01754385964912286
2022-04-11,17500,18200,17400,18050,258311,0.03735632183908044
2022-04-12,18050,18100,17600,17650,114038,-0.02216066481994461
2022-04-13,17450,17850,17400,17550,96167,-0.005665722379603388
2022-04-14,17700,17700,17300,17600,81133,0.002849002849002913
2022-04-15,17550,17950,17300,17450,156669,-0.008522727272727293
2022-04-18,17350,17950,17250,17850,174100,0.022922636103151817
2022-04-19,17850,18100,17450,17700,190168,-0.008403361344537785
2022-04-20,17750,18800,17650,18600,665662,0.05084745762711873
2022-04-21,18800,18800,18300,18450,194379,-0.008064516129032251
2022-04-22,18250,18600,18200,18350,168831,-0.005420054200542035
2022-04-25,18150,19000,18150,18150,444885,-0.010899182561307952
2022-04-26,18400,18700,17700,18600,271248,0.024793388429751984
2022-04-27,18400,18750,17500,17500,319946,-0.05913978494623651
2022-04-28,17600,17700,16950,17000,206605,-0.02857142857142858
2022-04-29,17050,17200,16700,16850,162111,-0.008823529411764675
2022-05-02,16800,17000,16600,16750,109787,-0.005934718100890191
2022-05-03,16750,16900,16600,16650,101359,-0.005970149253731294
2022-05-04,16650,16650,16300,16350,124107,-0.018018018018018056
2022-05-06,16200,16300,16000,16100,121188,-0.015290519877675823
2022-05-09,16100,16150,15400,15550,176292,-0.03416149068322982
2022-05-10,15150,15500,15000,15450,111216,-0.006430868167202619
2022-05-11,15450,15750,15350,15450,93645,0.0
2022-05-12,15200,15700,15100,15150,76466,-0.01941747572815533
2022-05-13,15200,15650,15150,15600,57588,0.02970297029702973
2022-05-16,15800,16800,15700,16100,203695,0.03205128205128216
2022-05-17,16100,16300,15650,15850,85573,-0.01552795031055898
2022-05-18,15850,16150,15750,15850,58951,0.0
2022-05-19,15500,15700,15350,15550,59619,-0.018927444794952675
2022-05-20,15550,15700,15100,15300,166957,-0.01607717041800638
2022-05-23,15350,15500,15250,15250,54265,-0.0032679738562091387
2022-05-24,15300,15400,15100,15100,66045,-0.00983606557377048
2022-05-25,15100,15200,14950,15100,73774,0.0
2022-05-26,15200,15250,15100,15150,31336,0.0033112582781456013
2022-05-27,15250,15350,15200,15300,36694,0.00990099009900991
2022-05-30,15450,15500,15350,15450,39764,0.009803921568627416
2022-05-31,15600,15600,15300,15300,174569,-0.009708737864077666
2022-06-02,15400,15400,15200,15250,46469,-0.0032679738562091387
2022-06-03,15300,15550,15300,15300,47632,0.003278688524590123
2022-06-07,15300,15300,15000,15000,56277,-0.019607843137254943
2022-06-08,15200,15200,15000,15100,26255,0.006666666666666599
2022-06-09,15100,15100,14700,14750,91779,-0.023178807947019875
2022-06-10,14700,14950,14600,14600,60508,-0.01016949152542368
2022-06-13,14500,14500,13650,13700,119142,-0.06164383561643838
2022-06-14,13450,13500,12850,13200,162009,-0.03649635036496346
2022-06-15,12950,13250,12800,12950,119067,-0.018939393939393923
2022-06-16,13350,13350,12850,12850,77375,-0.007722007722007707
2022-06-17,12550,12800,12400,12700,88035,-0.011673151750972721
2022-06-20,12800,12900,11950,12150,81616,-0.04330708661417326
2022-06-21,12000,12550,12000,12550,43890,0.03292181069958855
2022-06-22,12600,12600,11950,11950,44901,-0.047808764940239
2022-06-23,11900,12000,11350,11400,70492,-0.046025104602510414
2022-06-24,11300,12000,11300,11950,45054,0.04824561403508776
2022-06-27,12100,12700,12000,12550,52213,0.05020920502092041
2022-06-28,12800,13000,12350,12550,39067,0.0
2022-06-29,12350,12650,12150,12500,25297,-0.003984063745019917
2022-06-30,12650,12650,12100,12200,27649,-0.02400000000000002
2022-07-01,12150,12450,12050,12150,30016,-0.004098360655737654
2022-07-04,12300,12650,12050,12300,43563,0.012345679012345734
2022-07-05,12350,12550,12250,12450,28862,0.012195121951219523
2022-07-06,12550,12550,12200,12500,14355,0.004016064257028162
2022-07-07,12500,12550,12400,12500,17368,0.0
2022-07-08,12600,12750,12450,12550,17380,0.0040000000000000036
2022-07-11,12550,12550,12300,12400,18859,-0.01195219123505975
2022-07-12,12400,12400,12100,12250,19163,-0.012096774193548376
2022-07-13,12150,12300,12100,12250,22335,0.0
2022-07-14,12250,12300,12050,12200,23129,-0.004081632653061273
2022-07-15,12350,12350,11850,12200,39415,0.0
2022-07-18,12200,12450,12150,12200,39123,0.0
2022-07-19,12200,12350,12100,12350,19824,0.012295081967213184
2022-07-20,12650,12650,12350,12500,25575,0.012145748987854255
2022-07-21,12500,12500,12350,12500,16519,0.0
2022-07-22,12500,12500,12300,12350,17464,-0.01200000000000001
2022-07-25,12350,12550,12250,12350,23265,0.0
2022-07-26,12600,14150,12500,13150,502743,0.06477732793522262
2022-07-27,13150,13700,13000,13400,121986,0.019011406844106515
2022-07-28,13500,13550,13250,13250,54059,-0.011194029850746245
2022-07-29,13250,13550,13150,13500,38958,0.018867924528301883
2022-08-01,13700,13700,13300,13450,30742,-0.0037037037037036535
2022-08-02,13350,13700,13250,13450,54862,0.0
2022-08-03,13450,13650,13350,13650,41870,0.014869888475836479
2022-08-04,13700,13850,13500,13750,51893,0.0073260073260073
2022-08-05,13850,14300,13750,14050,93010,0.021818181818181737
2022-08-08,14050,14250,13850,14200,49406,0.01067615658362997
2022-08-09,14300,14900,14000,14550,172652,0.02464788732394374
2022-08-10,14700,14700,14400,14500,56675,-0.0034364261168384758
2022-08-11,14700,14700,14400,14450,31537,-0.0034482758620689724
2022-08-12,14450,14550,14100,14300,48906,-0.01038062283737029
2022-08-16,14300,14300,14050,14050,33428,-0.0174825174825175
2022-08-17,14350,14350,14000,14200,46026,0.01067615658362997
2022-08-18,14200,14200,13950,14100,27812,-0.007042253521126751
2022-08-19,13950,14200,13950,14100,26305,0.0
2022-08-22,14000,14200,13500,13950,37595,-0.010638297872340385
2022-08-23,13800,13900,13350,13450,45299,-0.03584229390681004
2022-08-24,13450,14200,13450,14100,101636,0.048327137546468446
2022-08-25,14250,14250,13850,13850,31924,-0.01773049645390068
2022-08-26,13850,14050,13800,13850,30816,0.0
2022-08-29,13350,13950,13250,13750,43817,-0.0072202166064981865
2022-08-30,13800,13900,13650,13750,22118,0.0
2022-08-31,13650,13800,13550,13800,21696,0.0036363636363636598
2022-09-01,13800,13850,13200,13200,39361,-0.04347826086956519
2022-09-02,13400,13400,13000,13150,26600,-0.0037878787878787845
2022-09-05,12900,13200,12800,12950,54489,-0.01520912547528519
2022-09-06,12800,13100,12800,13000,16104,0.0038610038610038533
2022-09-07,13000,13050,12450,12600,41961,-0.03076923076923077
2022-09-08,12700,12800,12600,12600,25475,0.0
2022-09-13,12850,12950,12600,12750,49803,0.011904761904761862
2022-09-14,12450,12650,12300,12600,21921,-0.0117647058823529
2022-09-15,12550,12700,12300,12450,34743,-0.011904761904761862
2022-09-16,12500,12550,12250,12300,30615,-0.012048192771084376
2022-09-19,12200,12400,12050,12100,30898,-0.016260162601625994
2022-09-20,12200,12200,11900,12050,48644,-0.004132231404958664
2022-09-21,12050,12050,11900,12000,21426,-0.004149377593360981
2022-09-22,11950,12000,11750,12000,26560,0.0
2022-09-23,11950,12050,11600,11600,21631,-0.033333333333333326
2022-09-26,11200,11600,11000,11100,74497,-0.0431034482758621
2022-09-27,10800,11100,10800,10950,28547,-0.013513513513513487
2022-09-28,11000,11250,10500,10550,57482,-0.0365296803652968
2022-09-29,10650,11000,10650,10800,29517,0.023696682464454888
2022-09-30,10500,11750,10500,11400,61981,0.05555555555555558
2022-10-04,11500,11650,11400,11650,25837,0.021929824561403466
2022-10-05,11650,11700,11250,11300,23529,-0.030042918454935674
2022-10-06,11250,11450,11250,11400,14279,0.008849557522123908
2022-10-07,11250,11450,11200,11350,15364,-0.004385964912280715
2022-10-11,11000,11200,10800,10850,27557,-0.04405286343612336
2022-10-12,10800,10950,10500,10650,46134,-0.018433179723502335
2022-10-13,10650,10650,10100,10100,38636,-0.05164319248826288
2022-10-14,10200,10600,10150,10550,54383,0.044554455445544594
2022-10-17,10400,10700,10200,10600,20024,0.004739336492890933
2022-10-18,10700,10800,10550,10650,13570,0.004716981132075526
2022-10-19,10800,10850,10550,10600,14402,-0.0046948356807511304
2022-10-20,10600,10700,10400,10550,19495,-0.004716981132075526
2022-10-21,10500,10700,10300,10550,29774,0.0
2022-10-24,10600,10850,10500,10600,20983,0.004739336492890933
2022-10-25,10650,10650,10300,10400,24156,-0.018867924528301883
2022-10-26,10400,10400,10050,10150,34326,-0.024038461538461564
2022-10-27,10100,10250,10100,10150,19971,0.0
2022-10-28,10200,10300,10100,10150,16029,0.0
2022-10-31,10300,10450,10150,10250,20019,0.009852216748768461
2022-11-01,10300,10500,10250,10400,18589,0.014634146341463428
2022-11-02,10400,10700,10400,10600,28385,0.019230769230769162
2022-11-03,10500,10600,10350,10550,10247,-0.004716981132075526
2022-11-04,10450,10750,10450,10750,23179,0.018957345971563955
2022-11-07,10750,10900,10750,10850,23823,0.009302325581395321
2022-11-08,10900,11000,10750,10850,19389,0.0
2022-11-09,10850,11050,10800,10900,38084,0.004608294930875667
2022-11-10,10900,11250,10650,11100,32508,0.0183486238532109
2022-11-11,11400,11450,11050,11200,40741,0.009009009009008917
2022-11-14,11450,11500,11200,11350,45738,0.013392857142857206
2022-11-15,11350,11600,11300,11500,32293,0.013215859030837107
2022-11-16,11550,11600,11350,11400,19407,-0.008695652173912993
2022-11-17,11400,11400,11100,11100,18734,-0.02631578947368418
2022-11-18,11300,11300,11000,11050,18171,-0.0045045045045044585
2022-11-21,11050,11150,10700,10750,19464,-0.02714932126696834
2022-11-22,10950,10950,10650,10650,12874,-0.009302325581395321
2022-11-23,10900,11100,10750,10950,18683,0.028169014084507005
2022-11-24,11000,11100,10950,11100,19382,0.013698630136986356
2022-11-25,11100,11150,10950,11150,9706,0.0045045045045044585
2022-11-28,11300,11300,10750,10800,33678,-0.03139013452914796
2022-11-29,10850,11000,10700,10900,9026,0.0092592592592593
2022-11-30,10900,11150,10850,11050,26517,0.013761467889908285
2022-12-01,11200,11300,11200,11250,21760,0.018099547511312153
2022-12-02,11250,11400,11050,11050,17160,-0.01777777777777778
2022-12-05,11100,11400,11050,11350,30152,0.02714932126696823
2022-12-06,11250,11350,11150,11300,30417,-0.004405286343612369
2022-12-07,11300,11400,11200,11250,29552,-0.004424778761061954
2022-12-08,11350,11400,10800,10850,34778,-0.03555555555555556
2022-12-09,11050,11450,11000,11450,35412,0.055299539170506895
2022-12-12,11450,11650,11250,11550,30707,0.008733624454148492
2022-12-13,11500,11700,11250,11400,39303,-0.012987012987012991
2022-12-14,11400,11600,11350,11350,47703,-0.004385964912280715
2022-12-15,11400,11700,11350,11600,49166,0.022026431718061623
2022-12-16,11500,11500,11200,11300,48374,-0.025862068965517238
2022-12-19,11300,11300,11100,11200,16910,-0.008849557522123908
2022-12-20,11250,11300,10850,11050,27740,-0.013392857142857095
2022-12-21,11200,11900,10900,11800,103562,0.0678733031674208
2022-12-22,11950,12000,11600,11800,59326,0.0
2022-12-23,11700,11800,11400,11550,41935,-0.021186440677966156
2022-12-26,11550,11550,11200,11350,38273,-0.017316017316017285
2022-12-27,11300,11550,11200,11500,32553,0.013215859030837107
2022-12-28,11600,11600,11400,11450,16808,-0.004347826086956497
2022-12-29,11450,11450,11000,11200,39477,-0.02183406113537123
2023-01-02,11200,11300,10800,10850,26023,-0.03125
2023-01-03,10700,10850,10500,10650,26100,-0.018433179723502335
2023-01-04,10450,10800,10450,10750,23104,0.009389671361502261
2023-01-05,10850,10900,10700,10700,13496,-0.0046511627906976605
2023-01-06,10700,10950,10700,10800,17086,0.009345794392523255
2023-01-09,11000,11150,10800,11150,20413,0.03240740740740744
2023-01-10,11050,11300,11050,11100,20505,-0.004484304932735439
2023-01-11,11150,11250,11100,11150,11426,0.0045045045045044585
2023-01-12,11200,11250,11000,11250,23230,0.008968609865470878
2023-01-13,11250,11400,11100,11150,26241,-0.008888888888888835
2023-01-16,11150,11400,11100,11200,33948,0.004484304932735439
2023-01-17,11250,11600,11200,11250,47701,0.0044642857142858094
2023-01-18,11300,11400,11100,11100,26747,-0.013333333333333308
2023-01-19,11050,11200,11000,11150,14946,0.0045045045045044585
2023-01-20,11200,11300,11100,11300,35313,0.013452914798206317
2023-01-25,11320,11340,11180,11180,40393,-0.010619469026548645
2023-01-26,11220,11220,11100,11180,36754,0.0
2023-01-27,11240,11240,11140,11230,35872,0.004472271914132353
2023-01-30,11230,11430,11220,11310,37204,0.007123775601068472
2023-01-31,11260,11440,11250,11300,31617,-0.0008841732979664174
2023-02-01,11360,11370,11320,11330,36901,0.0026548672566371057
2023-02-02,11300,11500,11250,11300,42615,-0.0026478375992938785
2023-02-03,11340,11340,10520,11110,63744,-0.016814159292035447
2023-02-06,11120,11390,10950,11250,47479,0.012601260126012592
2023-02-07,11270,11400,11080,11120,49744,-0.011555555555555541
2023-02-08,11170,11220,11110,11120,31854,0.0
2023-02-09,11120,11130,11050,11130,29621,0.0008992805755396738
2023-02-10,11030,11120,11000,11030,31620,-0.008984725965858087
2023-02-13,11030,11030,10880,10890,30624,-0.012692656391659063
2023-02-14,10900,11000,10880,10910,22666,0.0018365472910928382
2023-02-15,10910,10910,10750,10790,30318,-0.010999083409715893
2023-02-16,10690,10930,10690,10770,38440,-0.001853568118628357
2023-02-17,10610,10770,10610,10700,26765,-0.006499535747446661
2023-02-20,10700,10780,10600,10710,32831,0.0009345794392523477
2023-02-21,10830,10830,10680,10730,23748,0.0018674136321195078
2023-02-22,10690,10700,10490,10530,60096,-0.018639328984156545
2023-02-23,10580,10640,10510,10630,32353,0.009496676163342821
2023-02-24,12370,13600,11010,11090,1173498,0.043273753527751646
2023-02-27,11000,11000,10690,10730,129014,-0.0324616771866546
2023-02-28,10800,10850,10710,10740,91524,0.0009319664492077884
2023-03-02,10650,10910,10590,10700,63278,-0.003724394785847296
2023-03-03,10730,10800,10610,10750,50345,0.004672897196261738
2023-03-06,10750,10800,10650,10730,52306,-0.0018604651162790198
2023-03-07,10730,10800,10680,10700,48110,-0.002795899347623476
2023-03-08,10660,10670,10520,10570,44373,-0.012149532710280408
2023-03-09,10570,10590,10500,10520,32204,-0.004730368968779541
2023-03-10,10380,10540,10320,10320,49461,-0.019011406844106515
2023-03-13,10300,10300,10010,10110,62046,-0.02034883720930236
2023-03-14,10070,10100,9900,9900,59538,-0.020771513353115778
2023-03-15,9920,10080,9920,9920,34011,0.002020202020202033
2023-03-16,9870,9990,9690,9940,52422,0.002016129032258007
2023-03-17,9940,10080,9850,9980,39932,0.004024144869215318
2023-03-20,10020,10070,9900,9960,36164,-0.002004008016032066
2023-03-21,9960,10190,9940,10100,39773,0.014056224899598346
2023-03-22,10100,10100,9960,10000,31034,-0.00990099009900991
2023-03-23,10000,10000,9940,9950,23429,-0.0050000000000000044
