Date,Open,High,Low,Close,Volume,Change
2015-01-02,12100,12500,12050,12350,236419,0.03347280334728042
2015-01-05,12400,12450,12200,12400,183468,0.004048582995951344
2015-01-06,12300,14250,12250,14250,1370876,0.14919354838709675
2015-01-07,14200,14550,13650,13800,1312041,-0.03157894736842104
2015-01-08,13850,15500,13600,14700,2685917,0.0652173913043479
2015-01-09,14950,16850,14900,16100,2516358,0.09523809523809534
2015-01-12,16050,16450,15300,15550,1403195,-0.03416149068322982
2015-01-13,15700,16050,14650,15000,1209609,-0.03536977491961413
2015-01-14,14950,15550,14800,15400,802088,0.026666666666666616
2015-01-15,15250,15850,14500,14600,1035734,-0.051948051948051965
2015-01-16,14700,16000,14600,15400,1628078,0.0547945205479452
2015-01-19,15850,16400,14650,14850,1284716,-0.0357142857142857
2015-01-20,15000,15350,14550,15100,841726,0.01683501683501687
2015-01-21,15000,15100,14350,14600,614266,-0.0331125827814569
2015-01-22,14600,14950,14200,14700,506263,0.006849315068493178
2015-01-23,14900,14900,14450,14750,446075,0.00340136054421758
2015-01-26,14900,15900,14750,15650,1740740,0.0610169491525423
2015-01-27,15800,15800,14900,15100,872918,-0.03514376996805113
2015-01-28,15100,15750,15000,15450,821682,0.023178807947019875
2015-01-29,15300,15350,14750,14850,498169,-0.03883495145631066
2015-01-30,15000,15050,14400,14650,539780,-0.013468013468013518
2015-02-02,14650,14750,14450,14500,218866,-0.010238907849829393
2015-02-03,14550,14650,13750,14100,853353,-0.02758620689655178
2015-02-04,14250,14800,14150,14750,518472,0.046099290780141855
2015-02-05,14750,14750,14300,14550,338286,-0.013559322033898313
2015-02-06,14550,14600,14100,14100,262461,-0.030927835051546393
2015-02-09,14000,14300,13800,14100,382258,0.0
2015-02-10,13950,14250,13700,14150,319170,0.0035460992907800915
2015-02-11,14200,14250,13800,13800,319717,-0.02473498233215543
2015-02-12,13800,14350,13750,13950,303326,0.010869565217391353
2015-02-13,14050,14400,14000,14200,387437,0.017921146953405076
2015-02-16,14350,14350,13800,13800,220339,-0.028169014084507005
2015-02-17,13850,14200,13700,14100,218298,0.021739130434782705
2015-02-23,14150,14350,13900,14100,216233,0.0
2015-02-24,14150,15350,14150,14600,1886520,0.03546099290780136
2015-02-25,14600,14800,14450,14600,472664,0.0
2015-02-26,14700,15300,14500,15000,735731,0.027397260273972712
2015-02-27,15050,15250,14850,15150,520376,0.010000000000000009
2015-03-02,15250,15500,15050,15250,408315,0.0066006600660066805
2015-03-03,15250,15350,14850,14950,323499,-0.01967213114754096
2015-03-04,15000,15150,14750,14850,343018,-0.006688963210702337
2015-03-05,15500,16600,15150,15350,2357151,0.03367003367003374
2015-03-06,15300,15450,14750,14800,545210,-0.03583061889250816
2015-03-09,14800,15100,14550,14550,345725,-0.016891891891891886
2015-03-10,14600,14700,13950,14050,416719,-0.03436426116838487
2015-03-11,13850,14250,13850,14050,204002,0.0
2015-03-12,14050,15100,14050,14900,494536,0.06049822064056931
2015-03-13,14950,15100,14750,14950,285249,0.003355704697986628
2015-03-16,15100,15400,14750,14800,377416,-0.010033444816053505
2015-03-17,15050,15350,14750,15300,679926,0.03378378378378377
2015-03-18,15700,16500,15300,15300,1486622,0.0
2015-03-19,15450,15700,15100,15350,306682,0.0032679738562091387
2015-03-20,15450,15900,15200,15700,529905,0.0228013029315961
2015-03-23,15650,15800,15150,15200,328160,-0.031847133757961776
2015-03-24,15350,15850,15150,15850,363250,0.04276315789473695
2015-03-25,15850,16100,15600,15700,397118,-0.009463722397476393
2015-03-26,15550,15700,15100,15250,318195,-0.0286624203821656
2015-03-27,15850,15950,15300,15500,591521,0.016393442622950838
2015-03-30,15550,17000,15500,16850,1895938,0.08709677419354844
2015-03-31,17050,17650,16700,17300,1315786,0.026706231454005858
2015-04-01,17200,17650,16800,17000,914671,-0.017341040462427793
2015-04-02,17150,18600,16850,18500,1948739,0.08823529411764697
2015-04-03,18650,18950,18050,18800,903063,0.016216216216216273
2015-04-06,18800,19650,18350,19500,1269588,0.037234042553191404
2015-04-07,19850,20150,19000,19600,862223,0.00512820512820511
2015-04-08,19700,19950,19250,19500,629238,-0.005102040816326481
2015-04-09,19700,20550,19400,19500,707506,0.0
2015-04-10,19750,20200,19600,19900,486113,0.02051282051282044
2015-04-13,20050,20050,19000,19250,610389,-0.03266331658291455
2015-04-14,19300,19350,18450,18900,674038,-0.018181818181818188
2015-04-15,18900,19200,18700,18800,569922,-0.005291005291005346
2015-04-16,18800,20000,18300,18700,1683831,-0.005319148936170248
2015-04-17,18800,19850,18600,19750,845604,0.05614973262032086
2015-04-20,19300,19500,19000,19050,459430,-0.03544303797468351
2015-04-21,19250,19850,18800,19000,772095,-0.002624671916010457
2015-04-22,19000,19500,17000,18700,701525,-0.015789473684210575
2015-04-23,18750,18750,17500,18150,623662,-0.02941176470588236
2015-04-24,18000,18450,17400,17550,428357,-0.03305785123966942
2015-04-27,17750,18950,17450,18850,620485,0.07407407407407418
2015-04-28,18850,19100,18450,19050,415213,0.010610079575596787
2015-04-29,18950,19100,18550,18600,266251,-0.023622047244094446
2015-04-30,18600,19250,18400,18800,275143,0.010752688172043001
2015-05-04,18700,18900,18000,18050,381617,-0.039893617021276584
2015-05-06,17750,17900,17100,17650,552911,-0.02216066481994461
2015-05-07,17650,18350,17300,17350,359959,-0.016997167138810165
2015-05-08,17550,17900,17450,17750,178532,0.023054755043227626
2015-05-11,18000,18200,17700,18100,243774,0.019718309859154903
2015-05-12,18000,18050,17100,17400,400979,-0.03867403314917128
2015-05-13,17400,17800,17250,17650,297272,0.014367816091954033
2015-05-14,17650,17750,17150,17400,295054,-0.014164305949008527
2015-05-15,17700,17700,17250,17350,211085,-0.002873563218390829
2015-05-18,17900,19900,17500,19500,2096924,0.12391930835734866
2015-05-19,19500,19550,18650,19000,646187,-0.02564102564102566
2015-05-20,18950,19300,18500,19300,623482,0.015789473684210575
2015-05-21,19500,19700,18950,18950,479059,-0.01813471502590669
2015-05-22,18850,19200,18450,18550,407528,-0.02110817941952503
2015-05-26,18750,19250,18700,19000,393982,0.0242587601078168
2015-05-27,18700,18750,18200,18300,371954,-0.0368421052631579
2015-05-28,18500,18850,18150,18200,385521,-0.005464480874316946
2015-05-29,18400,18750,18200,18200,366080,0.0
2015-06-01,18000,18400,17650,18250,265453,0.0027472527472527375
2015-06-02,18400,18700,17650,17650,390259,-0.0328767123287671
2015-06-03,17750,18300,17500,17650,321326,0.0
2015-06-04,17900,18150,17550,17750,268762,0.0056657223796034994
2015-06-05,17500,17700,16850,16900,417871,-0.04788732394366202
2015-06-08,16900,17450,16450,17250,345406,0.020710059171597628
2015-06-09,17250,17550,17100,17450,181762,0.011594202898550732
2015-06-10,17450,17850,17350,17400,167858,-0.002865329512893977
2015-06-11,17600,17600,16700,16800,266916,-0.03448275862068961
2015-06-12,16900,17300,16500,16650,245108,-0.008928571428571397
2015-06-15,16650,17250,16550,17050,176558,0.024024024024023927
2015-06-16,17200,17200,16250,16400,251721,-0.038123167155425186
2015-06-17,16550,16650,16250,16600,131964,0.012195121951219523
2015-06-18,16700,17150,16550,16850,211504,0.015060240963855387
2015-06-19,17300,18850,17250,18200,1419775,0.0801186943620178
2015-06-22,18400,18600,18100,18300,419662,0.005494505494505475
2015-06-23,18550,19650,18300,19650,1051615,0.07377049180327866
2015-06-24,19250,21000,19050,20900,1486090,0.06361323155216292
2015-06-25,20850,21150,20450,20900,732135,0.0
2015-06-26,21000,22750,20750,21800,1590735,0.04306220095693769
2015-06-29,21800,28300,21700,28300,5083188,0.298165137614679
2015-06-30,29450,30400,26900,27700,4839465,-0.021201413427561877
2015-07-01,27950,28250,27150,28150,1893709,0.016245487364620947
2015-07-02,28000,29150,27650,29000,2177963,0.030195381882770933
2015-07-03,29150,29300,27450,27450,1437667,-0.05344827586206902
2015-07-06,27300,28600,26100,26600,1532593,-0.030965391621129323
2015-07-07,27200,27650,25650,27050,1366149,0.016917293233082775
2015-07-08,27000,27400,25650,25800,890026,-0.04621072088724587
2015-07-09,25500,27100,24700,26100,1445688,0.011627906976744207
2015-07-10,26400,27050,25900,26550,941590,0.01724137931034475
2015-07-13,26100,26750,25800,26650,863594,0.0037664783427495685
2015-07-14,27300,30100,27250,28000,3546462,0.05065666041275807
2015-07-15,27850,27950,26150,26350,1236730,-0.05892857142857144
2015-07-16,26650,33600,26200,32750,4689807,0.24288425047438333
2015-07-17,32450,32500,30300,31000,2077084,-0.05343511450381677
2015-07-20,31300,35050,30650,33500,2369547,0.08064516129032251
2015-07-21,33850,34500,31600,32600,1164370,-0.0268656716417911
2015-07-22,32000,32250,29850,30050,1390899,-0.07822085889570551
2015-07-23,30800,31850,30300,30350,1054551,0.009983361064891838
2015-07-24,30500,31450,30100,30500,693598,0.0049423393739702615
2015-07-27,30900,32000,29800,30150,787970,-0.011475409836065542
2015-07-28,29300,30300,27950,29500,1124622,-0.021558872305140975
2015-07-29,30000,32000,29450,29600,991316,0.003389830508474523
2015-07-30,30900,31850,28950,29650,1075592,0.0016891891891892552
2015-07-31,29100,30150,27800,30050,794422,0.013490725126475533
2015-08-03,31050,31450,28250,28400,873966,-0.05490848585690511
2015-08-04,27950,31650,27900,30450,1824912,0.07218309859154926
2015-08-05,30400,32050,30100,31800,1094557,0.044334975369458185
2015-08-06,31850,34050,31250,33550,1754207,0.055031446540880546
2015-08-07,33100,35650,32900,34000,1542222,0.013412816691505292
2015-08-10,33400,34050,32650,32800,797083,-0.03529411764705881
2015-08-11,33300,34450,31550,32300,1072672,-0.015243902439024404
2015-08-12,31800,32550,30800,32050,819491,-0.007739938080495334
2015-08-13,32350,32750,31150,32050,663965,0.0
2015-08-17,32300,34300,31900,33550,1042177,0.046801872074883066
2015-08-18,35400,35800,30100,31200,2724168,-0.07004470938897167
2015-08-19,30500,31450,28000,29000,1236391,-0.07051282051282048
2015-08-20,29000,29950,28000,28000,859728,-0.03448275862068961
2015-08-21,26500,29250,25950,28200,1316892,0.0071428571428571175
2015-08-24,28650,29350,26500,26750,766632,-0.0514184397163121
2015-08-25,27300,28650,26300,28200,889824,0.0542056074766355
2015-08-26,28100,29250,27250,28800,956451,0.02127659574468077
2015-08-27,29450,29450,28200,28400,594515,-0.01388888888888884
2015-08-28,29100,32100,29000,30800,1963015,0.08450704225352124
2015-08-31,30950,31100,29450,29900,931475,-0.02922077922077926
2015-09-01,29650,31700,29300,29400,1685216,-0.01672240802675584
2015-09-02,29000,31500,28800,31350,1553356,0.06632653061224492
2015-09-03,31900,32050,29850,30000,989514,-0.0430622009569378
2015-09-04,30300,31450,28900,29100,1346470,-0.030000000000000027
2015-09-07,29150,29800,28550,28850,597565,-0.00859106529209619
2015-09-08,29050,29200,26800,27750,757732,-0.03812824956672445
2015-09-09,28500,29850,28200,29650,821837,0.06846846846846844
2015-09-10,29300,29400,28500,28700,566515,-0.03204047217537942
2015-09-11,28950,30450,28950,29600,1105532,0.03135888501742157
2015-09-14,29650,30100,28150,28200,647784,-0.04729729729729726
2015-09-15,28600,29550,28350,28550,756497,0.012411347517730542
2015-09-16,29050,30100,29000,29750,850109,0.042031523642731994
2015-09-17,30000,30500,29500,30000,660356,0.008403361344537785
2015-09-18,30700,31250,30000,30300,653459,0.010000000000000009
2015-09-21,29950,30600,29800,30300,356947,0.0
2015-09-22,30500,30500,29000,29450,592008,-0.028052805280528004
2015-09-23,29000,29700,28250,28250,472542,-0.04074702886247883
2015-09-24,28700,29150,28250,28550,376813,0.010619469026548645
2015-09-25,28550,29150,28300,28900,333787,0.012259194395796813
2015-09-30,28450,29200,27950,29200,396245,0.01038062283737018
2015-10-01,29250,29300,27900,28000,493925,-0.04109589041095896
2015-10-02,28100,28650,27900,28150,359389,0.005357142857142838
2015-10-05,28500,28650,26850,27000,613322,-0.04085257548845467
2015-10-06,27400,28500,27300,28350,589490,0.050000000000000044
2015-10-07,28500,28750,27450,27600,279969,-0.02645502645502651
2015-10-08,27900,27950,25650,26250,681590,-0.048913043478260865
2015-10-12,26250,26800,26100,26250,277228,0.0
2015-10-13,26400,26450,25000,25600,433284,-0.024761904761904763
2015-10-14,25450,26100,25450,25900,324838,0.01171875
2015-10-15,25700,26450,25650,26300,186715,0.015444015444015413
2015-10-16,26450,27300,26350,26450,358518,0.005703422053231932
2015-10-19,26600,26750,25900,26550,218875,0.003780718336483968
2015-10-20,26550,26750,25700,25800,328713,-0.02824858757062143
2015-10-21,25750,26000,25050,25250,359081,-0.02131782945736438
2015-10-22,25050,25600,23400,23550,697640,-0.06732673267326728
2015-10-23,23900,25250,23850,25000,520495,0.06157112526539277
2015-10-26,25200,25700,24650,25200,298170,0.008000000000000007
2015-10-27,25550,25700,25000,25100,166662,-0.003968253968253954
2015-10-28,25050,25200,24400,25000,166642,-0.003984063745019917
2015-10-29,25250,26050,25200,25600,327036,0.02400000000000002
2015-10-30,25500,25550,24700,24850,178052,-0.029296875
2015-11-02,25000,25000,24050,24100,207099,-0.030181086519114664
2015-11-03,24300,24800,24150,24800,208125,0.029045643153526868
2015-11-04,24700,24850,23650,24000,345692,-0.032258064516129004
2015-11-05,23800,24450,23700,23850,210564,-0.006249999999999978
2015-11-06,23900,24000,23300,23400,260172,-0.018867924528301883
2015-11-09,23050,23250,21650,21700,501084,-0.07264957264957261
2015-11-10,21000,22350,21000,21800,435350,0.004608294930875667
2015-11-11,21500,22500,21500,22050,337983,0.011467889908256979
2015-11-12,22250,22350,21050,21400,370454,-0.02947845804988658
2015-11-13,20900,22450,20350,22100,372867,0.032710280373831724
2015-11-16,21750,21750,20600,20850,290070,-0.0565610859728507
2015-11-17,20900,22300,20900,22250,446982,0.06714628297362113
2015-11-18,22400,22650,21250,21600,427812,-0.02921348314606742
2015-11-19,21850,22550,21700,22450,317896,0.03935185185185186
2015-11-20,22400,22600,21750,21750,288018,-0.031180400890868598
2015-11-23,22050,22600,21850,22400,257525,0.029885057471264354
2015-11-24,22450,22800,22100,22600,251019,0.008928571428571397
2015-11-25,22800,23500,22650,23050,606707,0.019911504424778848
2015-11-26,23250,24150,23200,24150,460265,0.04772234273318876
2015-11-27,24350,24350,23550,23950,273163,-0.008281573498964856
2015-11-30,24000,24050,22950,22950,290616,-0.04175365344467641
2015-12-01,23100,23550,23000,23350,174993,0.017429193899782147
2015-12-02,23600,23600,22650,22650,183357,-0.02997858672376874
2015-12-03,22650,22650,21850,22100,243468,-0.02428256070640178
2015-12-04,21700,22750,21500,22450,176391,0.015837104072398134
2015-12-07,22800,23150,22200,22200,245040,-0.011135857461024523
2015-12-08,22150,22450,21450,21450,165768,-0.03378378378378377
2015-12-09,21250,21750,21100,21200,161208,-0.011655011655011704
2015-12-10,21400,21700,21250,21350,174525,0.007075471698113178
2015-12-11,21450,21650,20950,20950,165011,-0.0187353629976581
2015-12-14,20500,20750,20100,20100,208449,-0.04057279236276845
2015-12-15,20200,20850,20100,20850,177426,0.03731343283582089
2015-12-16,20950,21300,20450,20550,210567,-0.014388489208633115
2015-12-17,20950,21450,20550,20700,209622,0.007299270072992803
2015-12-18,20450,21100,20250,20800,208149,0.004830917874396157
2015-12-21,20650,20800,20450,20700,193915,-0.004807692307692291
2015-12-22,20750,21000,20350,20450,184129,-0.012077294685990392
2015-12-23,20700,20800,20400,20450,149882,0.0
2015-12-24,20650,20750,20250,20350,160243,-0.004889975550122272
2015-12-28,20350,20700,20000,20100,160607,-0.012285012285012331
2015-12-29,20000,21250,20000,21200,214704,0.054726368159204064
2015-12-30,21400,21900,21050,21800,208749,0.028301886792452935
2016-01-04,21900,22750,21900,22350,395478,0.025229357798165042
2016-01-05,22150,22350,21550,21650,370679,-0.031319910514541416
2016-01-06,21600,21800,21150,21500,229760,-0.006928406466512715
2016-01-07,21500,22650,21450,21500,471880,0.0
2016-01-08,21100,21650,20650,21500,222585,0.0
2016-01-11,21450,21450,20500,20550,280777,-0.04418604651162794
2016-01-12,20600,20900,20150,20200,183435,-0.01703163017031628
2016-01-13,20500,20650,20200,20650,228138,0.022277227722772297
2016-01-14,20050,20400,19800,20200,261404,-0.021791767554479424
2016-01-15,20350,20450,18850,18850,471674,-0.06683168316831678
2016-01-18,18400,19350,18400,19250,255405,0.021220159151193574
2016-01-19,19000,19700,19000,19600,248050,0.018181818181818077
2016-01-20,19650,19650,18150,18500,413631,-0.056122448979591844
2016-01-21,18550,19350,18300,18900,245106,0.021621621621621623
2016-01-22,19200,19600,19050,19150,269686,0.013227513227513255
2016-01-25,19500,20000,19450,19550,266928,0.02088772845953013
2016-01-26,19350,19500,18900,19100,193579,-0.023017902813299185
2016-01-27,19450,21300,19450,20900,805550,0.09424083769633507
2016-01-28,20800,21400,20650,21150,369431,0.011961722488038173
2016-01-29,21150,21150,20250,20400,404294,-0.03546099290780147
2016-02-01,20600,20700,20000,20400,242754,0.0
2016-02-02,20400,20850,20250,20750,213737,0.017156862745097978
2016-02-03,20500,21100,20000,20850,275909,0.004819277108433662
2016-02-04,21000,21650,20950,20950,358472,0.004796163069544335
2016-02-05,20850,21550,20850,21300,283977,0.01670644391408116
2016-02-11,20650,20800,19750,20150,403006,-0.0539906103286385
2016-02-12,19950,20350,18600,19500,457598,-0.032258064516129004
2016-02-15,19600,20000,19350,19850,183322,0.017948717948717885
2016-02-16,20000,20700,20000,20450,222651,0.030226700251889227
2016-02-17,20450,20650,19800,20000,268493,-0.022004889975550168
2016-02-18,20500,20950,20250,20700,273147,0.03499999999999992
2016-02-19,20750,22050,20750,21400,505414,0.033816425120772875
2016-02-22,21250,21700,21000,21300,204621,-0.004672897196261627
2016-02-23,21600,21600,20750,20900,236818,-0.018779342723004744
2016-02-24,21800,22000,20900,21050,640795,0.0071770334928229484
2016-02-25,21200,21450,20450,20650,433369,-0.019002375296912066
2016-02-26,20750,21300,20700,21250,278267,0.029055690072639306
2016-02-29,21350,21850,21300,21750,393855,0.0235294117647058
2016-03-02,22050,22050,21300,21300,342551,-0.020689655172413834
2016-03-03,21350,21550,21000,21150,349108,-0.007042253521126751
2016-03-04,21300,21700,21050,21600,259249,0.02127659574468077
2016-03-07,21700,21900,21050,21100,289793,-0.02314814814814814
2016-03-08,21100,21300,20650,21100,283505,0.0
2016-03-09,21100,21600,21000,21550,189312,0.021327014218009532
2016-03-10,21650,21700,21350,21550,201715,0.0
2016-03-11,21650,22150,21400,22150,369902,0.0278422273781902
2016-03-14,22350,22850,22050,22300,477696,0.006772009029345272
2016-03-15,22500,22700,22100,22100,286391,-0.008968609865470878
2016-03-16,22150,22700,22150,22650,190861,0.02488687782805421
2016-03-17,22750,23000,22550,22950,346365,0.013245033112582849
2016-03-18,23200,23700,22350,22600,553092,-0.015250544662309351
2016-03-21,22600,23400,22600,22950,327558,0.015486725663716783
2016-03-22,22750,22950,22150,22600,264095,-0.015250544662309351
2016-03-23,22600,22700,22250,22700,139691,0.004424778761061843
2016-03-24,22600,22900,22300,22750,190927,0.0022026431718060735
2016-03-25,22900,22900,22450,22550,120715,-0.00879120879120876
2016-03-28,22700,22700,21600,21650,282482,-0.039911308203991136
2016-03-29,21450,21800,21350,21600,279546,-0.002309468822170868
2016-03-30,21750,21750,21250,21500,238872,-0.00462962962962965
2016-03-31,21550,21700,21500,21650,139641,0.006976744186046435
2016-04-01,21650,21750,21100,21150,198144,-0.023094688221709014
2016-04-04,21300,21650,21200,21550,134159,0.01891252955082745
2016-04-05,21450,21450,20850,21100,315198,-0.02088167053364265
2016-04-06,21050,21300,20950,21250,240145,0.007109004739336511
2016-04-07,21350,21450,21050,21100,184484,-0.007058823529411784
2016-04-08,20850,21200,20800,21200,171446,0.004739336492890933
2016-04-11,21300,21350,21000,21150,150445,-0.002358490566037763
2016-04-12,21050,21700,21000,21350,216585,0.009456264775413725
2016-04-14,21550,21600,21300,21550,278116,0.00936768149882905
2016-04-15,21600,22350,21450,22300,442095,0.03480278422273786
2016-04-18,22250,22500,22000,22250,217317,-0.0022421524663677195
2016-04-19,22350,23400,22150,23000,597206,0.03370786516853941
2016-04-20,23100,23450,23000,23150,380824,0.006521739130434856
2016-04-21,23250,23350,22900,23250,228541,0.004319654427645814
2016-04-22,23450,24300,23250,23950,388666,0.03010752688172036
2016-04-25,24050,24150,23250,23300,287518,-0.02713987473903967
2016-04-26,23300,23400,22750,23250,280166,-0.0021459227467811592
2016-04-27,23250,23550,23100,23100,203434,-0.006451612903225823
2016-04-28,23400,24150,23200,23800,357093,0.030303030303030276
2016-04-29,23700,23850,23300,23400,225712,-0.01680672268907568
2016-05-02,23100,23300,22750,23100,176963,-0.012820512820512775
2016-05-03,23150,23300,22850,23150,164792,0.0021645021645022577
2016-05-04,23200,23500,23050,23050,189855,-0.004319654427645814
2016-05-09,23050,23300,22250,22300,185131,-0.03253796095444683
2016-05-10,22050,22650,22050,22500,126056,0.008968609865470878
2016-05-11,22850,23000,22400,22550,168110,0.0022222222222221255
2016-05-12,22400,22800,22400,22700,102586,0.006651884700665134
2016-05-13,22500,22800,22150,22600,210720,-0.004405286343612369
2016-05-16,22600,22900,22450,22600,105153,0.0
2016-05-17,22900,24250,22850,23800,875184,0.053097345132743445
2016-05-18,23850,24200,23450,24050,453309,0.010504201680672232
2016-05-19,24250,24550,23350,23600,395235,-0.018711018711018657
2016-05-20,23600,24850,23500,24850,401387,0.052966101694915224
2016-05-23,25100,25450,24600,25050,373634,0.008048289738430636
2016-05-24,25300,25300,24150,24150,373541,-0.0359281437125748
2016-05-25,24650,25950,24600,25900,635760,0.07246376811594213
2016-05-26,26000,26000,25150,25400,346088,-0.019305019305019266
2016-05-27,25500,25700,24700,24850,285712,-0.021653543307086576
2016-05-30,25100,25250,24750,24800,144497,-0.002012072434607659
2016-05-31,24600,25050,24450,24700,304617,-0.0040322580645161255
2016-06-01,24900,24950,24350,24400,266878,-0.012145748987854255
2016-06-02,24600,24850,24400,24600,233485,0.008196721311475308
2016-06-03,24700,24850,24550,24700,144338,0.004065040650406582
2016-06-07,24800,25750,24800,25500,403626,0.03238866396761142
2016-06-08,25500,25550,24450,24600,380118,-0.03529411764705881
2016-06-09,24700,25200,24550,24750,233031,0.0060975609756097615
2016-06-10,24950,25300,24300,24400,202581,-0.014141414141414121
2016-06-13,24150,24250,23450,23500,177674,-0.03688524590163933
2016-06-14,23500,24150,23300,23900,169416,0.017021276595744705
2016-06-15,23800,24100,23500,23500,113100,-0.01673640167364021
2016-06-16,23600,23800,22900,23000,155675,-0.021276595744680882
2016-06-17,23300,23450,22650,22900,141504,-0.004347826086956497
2016-06-20,23100,23500,22900,23400,132122,0.02183406113537112
2016-06-21,23600,23750,23300,23700,151227,0.012820512820512775
2016-06-22,23700,24000,23500,23850,129847,0.006329113924050667
2016-06-23,23850,24050,23600,24000,137394,0.0062893081761006275
2016-06-24,24300,24300,21900,22400,442295,-0.06666666666666665
2016-06-27,21250,22600,21250,22250,288298,-0.006696428571428603
2016-06-28,22100,22800,21850,22550,118177,0.01348314606741563
2016-06-29,22750,23250,22750,23000,162939,0.019955654101995624
2016-06-30,23350,23500,23050,23300,141602,0.01304347826086949
2016-07-01,23500,23950,23400,23650,153613,0.015021459227467782
2016-07-04,23700,23800,23350,23550,95366,-0.0042283298097252064
2016-07-05,23450,23750,23100,23200,103767,-0.014861995753715496
2016-07-06,23200,23250,22550,22800,133891,-0.017241379310344862
2016-07-07,22850,24350,22850,24050,255334,0.054824561403508776
2016-07-08,24150,24200,23800,24050,140496,0.0
2016-07-11,24250,25000,24200,24850,253779,0.033264033264033266
2016-07-12,24900,25250,24550,25000,161578,0.006036217303822866
2016-07-13,25100,25500,25050,25300,189760,0.01200000000000001
2016-07-14,25150,25500,25000,25300,157344,0.0
2016-07-15,25200,25600,25000,25250,221879,-0.0019762845849802257
2016-07-18,25050,25250,24600,24950,157117,-0.011881188118811892
2016-07-19,24900,25400,24900,25150,116607,0.008016032064128265
2016-07-20,25200,26100,25150,26000,276739,0.03379721669980129
2016-07-21,26000,26250,25450,25900,216040,-0.0038461538461538325
2016-07-22,25950,26350,25650,26100,152798,0.007722007722007707
2016-07-25,26050,26650,26000,26250,178571,0.005747126436781658
2016-07-26,26300,26350,25650,25750,109547,-0.01904761904761909
2016-07-27,25900,26350,25650,26300,128812,0.021359223300970953
2016-07-28,26300,26500,25750,25750,92532,-0.020912547528517123
2016-07-29,25850,26750,25750,26600,242112,0.03300970873786402
2016-08-01,26650,27200,26650,27000,252353,0.015037593984962516
2016-08-02,27050,27150,26100,26300,153902,-0.025925925925925908
2016-08-03,26200,26500,25600,25800,115849,-0.019011406844106515
2016-08-04,25900,26050,25200,25300,157025,-0.019379844961240345
2016-08-05,25350,25800,25200,25350,113340,0.0019762845849802257
2016-08-08,25500,25850,25400,25800,85799,0.01775147928994092
2016-08-09,25800,25950,25450,25750,63674,-0.0019379844961240345
2016-08-10,25700,25800,25350,25400,80520,-0.013592233009708687
2016-08-11,25400,25400,24750,25150,152134,-0.009842519685039353
2016-08-12,25050,25900,25050,25750,153425,0.02385685884691857
2016-08-16,25750,26300,25650,25850,107780,0.003883495145631022
2016-08-17,25900,25900,24350,24400,258293,-0.05609284332688591
2016-08-18,24200,24750,23850,24000,218176,-0.016393442622950838
2016-08-19,24050,24250,23850,23850,150767,-0.006249999999999978
2016-08-22,23900,23900,22950,23150,223801,-0.02935010482180289
2016-08-23,23150,23600,23100,23150,177730,0.0
2016-08-24,23700,23900,23450,23700,151300,0.023758099352051865
2016-08-25,23750,23900,23400,23500,83233,-0.008438818565400852
2016-08-26,23300,23500,23100,23350,103505,-0.006382978723404209
2016-08-29,23400,23400,22650,22700,103479,-0.027837259100642386
2016-08-30,22550,23000,22000,22050,283017,-0.028634361233480177
2016-08-31,22150,22200,20850,21050,478282,-0.04535147392290251
2016-09-01,21000,21450,20850,21100,235132,0.002375296912114022
2016-09-02,21100,21150,20600,20800,251640,-0.014218009478673022
2016-09-05,20950,21300,20950,21150,199507,0.016826923076923128
2016-09-06,21150,21200,20750,20900,217592,-0.011820330969267157
2016-09-07,21050,21050,20450,20450,190430,-0.021531100478468845
2016-09-08,20650,20650,19750,19950,304368,-0.02444987775061125
2016-09-09,19950,20100,19550,19800,167232,-0.007518796992481258
2016-09-12,19500,20000,19300,19550,168280,-0.012626262626262652
2016-09-13,19900,20050,19550,19600,112889,0.002557544757033181
2016-09-19,19650,19700,19500,19650,97892,0.0025510204081633514
2016-09-20,19750,20400,19550,20400,213627,0.03816793893129766
2016-09-21,20350,20500,20000,20400,145534,0.0
2016-09-22,20500,21200,20450,21100,285715,0.03431372549019618
2016-09-23,21350,22450,21200,21950,575437,0.04028436018957349
2016-09-26,22100,22950,21850,22900,341792,0.04328018223234631
2016-09-27,22650,22850,22050,22700,315498,-0.008733624454148492
2016-09-28,22950,22950,22150,22250,181016,-0.01982378854625555
2016-09-29,22400,22650,22350,22550,117816,0.01348314606741563
2016-09-30,22300,22400,21700,21700,300847,-0.037694013303769425
2016-10-04,21900,22600,21800,22000,171308,0.01382488479262678
2016-10-05,22150,22300,21800,22100,116976,0.00454545454545463
2016-10-06,22350,22350,21850,21950,86824,-0.006787330316742057
2016-10-07,21850,22350,21700,21900,99578,-0.002277904328018221
2016-10-10,21950,22250,21750,21800,97267,-0.004566210045662156
2016-10-11,21900,22550,21750,22450,166150,0.029816513761467878
2016-10-12,22350,22400,21750,21850,156569,-0.026726057906458767
2016-10-13,21950,22050,21400,21400,94041,-0.020594965675057253
2016-10-14,21500,22050,21100,21750,92583,0.016355140186915973
2016-10-17,21700,21700,21050,21400,92933,-0.016091954022988464
2016-10-18,21250,21600,20950,21100,85220,-0.014018691588784993
2016-10-19,21100,21400,21000,21100,62661,0.0
2016-10-20,21100,21450,21000,21300,60991,0.009478672985782088
2016-10-21,21300,21550,20600,20850,105186,-0.021126760563380254
2016-10-24,20900,20900,20200,20300,137288,-0.026378896882493952
2016-10-25,20250,20500,19900,20350,134880,0.0024630541871921707
2016-10-26,20350,20450,20050,20350,90081,0.0
2016-10-27,20400,21700,20400,21600,163651,0.06142506142506132
2016-10-28,21600,21650,21100,21200,73207,-0.01851851851851849
2016-10-31,20850,21200,20400,20700,98626,-0.02358490566037741
2016-11-01,20700,20800,20200,20300,110431,-0.019323671497584516
2016-11-02,19850,20250,19000,19000,231947,-0.0640394088669951
2016-11-03,18650,19700,18650,19250,182734,0.013157894736842035
2016-11-04,18950,19400,18900,19300,82003,0.0025974025974024872
2016-11-07,19350,19750,19200,19550,103616,0.012953367875647714
2016-11-08,19900,20100,19700,20050,83322,0.025575447570332477
2016-11-09,20100,20250,18550,19150,267281,-0.04488778054862841
2016-11-10,19600,19700,19250,19550,132751,0.02088772845953013
2016-11-11,19500,19850,19350,19750,113896,0.010230179028132946
2016-11-14,19800,20000,19600,19650,77018,-0.005063291139240533
2016-11-15,19500,20150,19500,20100,167739,0.022900763358778553
2016-11-16,20300,21400,20150,21100,368062,0.04975124378109452
2016-11-17,21200,21250,20750,21050,149869,-0.0023696682464454666
2016-11-18,21300,21450,20350,20500,215253,-0.026128266033254133
2016-11-21,20700,20800,20150,20200,238623,-0.014634146341463428
2016-11-22,20300,20450,19850,20100,188728,-0.004950495049504955
2016-11-23,20100,20250,19700,19850,230031,-0.01243781094527363
2016-11-24,19850,19950,19200,19250,166136,-0.030226700251889116
2016-11-25,19250,19500,19100,19250,93560,0.0
2016-11-28,19250,19500,19000,19000,127198,-0.012987012987012991
2016-11-29,19100,19750,19000,19500,181127,0.026315789473684292
2016-11-30,19750,20250,18800,18800,288710,-0.03589743589743588
2016-12-01,18900,19000,18000,18050,302788,-0.039893617021276584
2016-12-02,17950,18000,16650,16850,810933,-0.06648199445983383
2016-12-05,16650,16750,15550,15800,1009342,-0.06231454005934722
2016-12-06,16050,16500,16000,16050,552405,0.015822784810126667
2016-12-07,16150,16400,15900,16200,345682,0.009345794392523255
2016-12-08,16500,17150,16400,17000,489190,0.04938271604938271
2016-12-09,17100,17150,16700,16950,227472,-0.002941176470588225
2016-12-12,17150,17600,17100,17450,461213,0.029498525073746285
2016-12-13,17350,17800,17000,17700,404354,0.014326647564469885
2016-12-14,17800,17900,17300,17300,230540,-0.02259887005649719
2016-12-15,17100,17900,17000,17750,304846,0.026011560693641522
2016-12-16,17800,17900,17450,17650,186375,-0.005633802816901401
2016-12-19,17700,17750,17300,17400,198105,-0.014164305949008527
2016-12-20,17400,17600,17300,17450,189623,0.002873563218390718
2016-12-21,17600,17650,17300,17450,178643,0.0
2016-12-22,17450,17500,17000,17150,214609,-0.017191977077363862
2016-12-23,17200,17900,16900,17700,301460,0.03206997084548102
2016-12-26,17700,18000,17500,17900,154884,0.011299435028248483
2016-12-27,17900,18050,17600,17850,149169,-0.0027932960893854997
2016-12-28,18000,18050,17700,18000,124895,0.008403361344537785
2016-12-29,17900,18100,17800,18000,111796,0.0
2017-01-02,18100,18100,17600,17700,73573,-0.01666666666666672
2017-01-03,17750,18650,17650,18550,254400,0.04802259887005644
2017-01-04,18600,18700,18400,18550,139431,0.0
2017-01-05,18550,18600,18300,18300,112070,-0.013477088948787075
2017-01-06,18250,18500,18100,18500,95154,0.010928961748633892
2017-01-09,18550,18550,18050,18400,181409,-0.00540540540540535
2017-01-10,18200,18350,18100,18150,135705,-0.013586956521739135
2017-01-11,18150,18450,18100,18150,189238,0.0
2017-01-12,18200,18250,17900,18000,96874,-0.008264462809917328
2017-01-13,18000,18050,17650,17850,169724,-0.008333333333333304
2017-01-16,17850,18000,17350,17450,161479,-0.022408963585434205
2017-01-17,17500,17800,17450,17500,100599,0.002865329512893977
2017-01-18,17500,17900,17500,17850,157923,0.020000000000000018
2017-01-19,17800,17850,17300,17350,152294,-0.02801120448179273
2017-01-20,17350,17350,16700,16750,264352,-0.03458213256484155
2017-01-23,16650,17050,16600,16950,128871,0.011940298507462588
2017-01-24,16950,17050,16700,16950,76406,0.0
2017-01-25,17050,17050,16800,16900,87390,-0.002949852507374673
2017-01-26,16950,17350,16850,17300,106984,0.023668639053254337
2017-01-31,17150,18200,17150,17750,204636,0.026011560693641522
2017-02-01,17800,18650,17700,18500,348934,0.04225352112676051
2017-02-02,18500,18950,18450,18600,356718,0.00540540540540535
2017-02-03,18700,19100,18550,18750,129411,0.008064516129032251
2017-02-06,18750,18850,18450,18700,119469,-0.002666666666666706
2017-02-07,18700,19200,18600,18750,152613,0.002673796791443861
2017-02-08,18950,19050,18250,18400,160223,-0.01866666666666672
2017-02-09,18450,18650,18200,18300,101775,-0.005434782608695676
2017-02-10,18500,18550,18000,18250,114761,-0.002732240437158473
2017-02-13,18300,18400,18000,18300,113649,0.00273972602739736
2017-02-14,18350,18800,18150,18800,180644,0.02732240437158473
2017-02-15,19100,19300,18650,18900,243149,0.005319148936170137
2017-02-16,18800,19200,18800,19000,176107,0.005291005291005346
2017-02-17,19000,19000,18650,18800,87136,-0.010526315789473717
2017-02-20,18850,18850,18500,18650,99371,-0.007978723404255317
2017-02-21,18600,18650,18450,18650,129042,0.0
2017-02-22,18700,18900,18600,18850,113073,0.01072386058981234
2017-02-23,18850,19000,18650,18900,132677,0.0026525198938991412
2017-02-24,19050,19050,18300,18350,137310,-0.02910052910052907
2017-02-27,18250,18650,18150,18150,95208,-0.010899182561307952
2017-02-28,18150,18450,18050,18400,65913,0.01377410468319562
2017-03-02,18450,18600,18000,18050,165839,-0.01902173913043481
2017-03-03,18100,18450,17500,17750,192826,-0.0166204986149584
2017-03-06,17700,17750,17400,17550,98500,-0.011267605633802802
2017-03-07,17500,17900,17400,17850,93390,0.017094017094017033
2017-03-08,18000,18000,17550,17650,107718,-0.011204481792717047
2017-03-09,17600,17800,17600,17650,64517,0.0
2017-03-10,17600,17850,17300,17800,122443,0.008498583569405138
2017-03-13,17850,18250,17850,18150,117360,0.0196629213483146
2017-03-14,18150,18300,17850,18100,105324,-0.0027548209366391463
2017-03-15,18000,18300,17550,17650,200636,-0.024861878453038666
2017-03-16,17750,19150,17750,19150,502067,0.08498583569405094
2017-03-17,19350,19700,18900,19100,328233,-0.0026109660574412663
2017-03-20,19200,19750,19100,19550,322055,0.023560209424083878
2017-03-21,19600,20100,19500,19600,370139,0.002557544757033181
2017-03-22,19300,19950,19300,19550,207843,-0.0025510204081632404
2017-03-23,19700,19900,19500,19850,124784,0.01534526854219953
2017-03-24,19850,20100,19600,19800,171261,-0.0025188916876573986
2017-03-27,19700,19900,19400,19400,120755,-0.02020202020202022
2017-03-28,19500,19850,19350,19650,170703,0.012886597938144284
2017-03-29,19600,20400,19500,20350,401118,0.03562340966921118
2017-03-30,20300,20800,20150,20650,275250,0.014742014742014753
2017-03-31,20750,20750,20200,20300,112632,-0.016949152542372836
2017-04-03,20250,20800,20200,20650,127266,0.01724137931034475
2017-04-04,20500,20850,20300,20400,169007,-0.01210653753026636
2017-04-05,20400,20500,19650,19950,296706,-0.022058823529411797
2017-04-06,20000,20050,19600,20000,140052,0.0025062656641603454
2017-04-07,20000,20400,19900,20100,136872,0.004999999999999893
2017-04-10,20000,20050,19350,19450,183872,-0.03233830845771146
2017-04-11,19450,19550,19000,19300,189978,-0.007712082262210762
2017-04-12,19350,19350,18950,19050,155056,-0.012953367875647714
2017-04-13,19050,20050,19050,19850,185739,0.04199475065616798
2017-04-14,19750,20150,19600,19800,126977,-0.0025188916876573986
2017-04-17,19750,20150,19600,20000,103679,0.010101010101010166
2017-04-18,20000,20200,19800,20100,140812,0.004999999999999893
2017-04-19,20000,20100,19800,20000,153628,-0.00497512437810943
2017-04-20,20000,20300,19650,19700,224662,-0.015000000000000013
2017-04-21,19850,21150,19800,20700,665341,0.050761421319796884
2017-04-24,20750,20950,20500,20600,182075,-0.004830917874396157
2017-04-25,20600,21150,20400,21150,354588,0.02669902912621369
2017-04-26,21100,21350,20900,21250,230057,0.004728132387706863
2017-04-27,21150,21150,20450,20650,242860,-0.028235294117647025
2017-04-28,20700,20950,20400,20750,187071,0.004842615012106588
2017-05-02,20800,20900,20450,20650,91487,-0.004819277108433773
2017-05-04,20650,20750,20200,20450,157951,-0.009685230024213065
2017-05-08,20450,20650,20200,20550,246596,0.004889975550122161
2017-05-10,20550,20750,20350,20450,217897,-0.0048661800486617945
2017-05-11,20450,20600,20300,20350,190353,-0.004889975550122272
2017-05-12,20400,21000,20400,20750,160571,0.019656019656019597
2017-05-15,20850,20850,19850,20000,274896,-0.03614457831325302
2017-05-16,20200,20350,19600,19850,248340,-0.007499999999999951
2017-05-17,19700,19900,19500,19800,206409,-0.0025188916876573986
2017-05-18,19400,19600,18900,19200,349077,-0.030303030303030276
2017-05-19,19200,19600,19100,19400,186638,0.01041666666666674
2017-05-22,19450,19600,19150,19300,141597,-0.005154639175257714
2017-05-23,19400,19600,19300,19450,181922,0.007772020725388629
2017-05-24,19600,19750,19350,19550,191334,0.005141388174807249
2017-05-25,19650,20950,19550,20750,728757,0.0613810741687979
2017-05-26,20850,21700,20800,21250,715962,0.024096385542168752
2017-05-29,21400,21800,21150,21600,406151,0.016470588235294015
2017-05-30,21700,21800,21100,21400,331029,-0.0092592592592593
2017-05-31,21400,21850,21300,21450,280284,0.002336448598130758
2017-06-01,21650,21700,21150,21400,149884,-0.002331002331002363
2017-06-02,21400,22150,21100,21800,298491,0.01869158878504673
2017-06-05,22100,22100,21300,21800,221643,0.0
2017-06-07,21800,21800,21350,21450,179698,-0.016055045871559592
2017-06-08,21400,21850,21150,21800,235799,0.01631701631701632
2017-06-09,21850,22600,21850,22450,560345,0.029816513761467878
2017-06-12,22200,22300,21550,21650,254401,-0.03563474387527843
2017-06-13,21550,21950,21350,21700,235532,0.002309468822170979
2017-06-14,21800,21900,21500,21500,211500,-0.009216589861751112
2017-06-15,21600,21700,20950,21350,221695,-0.006976744186046546
2017-06-16,21300,21550,20950,21100,264246,-0.011709601873536313
2017-06-19,21050,21100,20800,20850,204335,-0.011848341232227444
2017-06-20,21150,21700,20650,21700,431107,0.04076738609112707
2017-06-21,21650,21850,21100,21750,379356,0.0023041474654377225
2017-06-22,21650,21700,20850,20900,310530,-0.039080459770114984
2017-06-23,20900,21150,20600,21000,241375,0.004784688995215225
2017-06-26,21050,21900,20600,21800,372879,0.03809523809523818
2017-06-27,21800,21850,21500,21600,130660,-0.00917431192660545
2017-06-28,21400,21500,21100,21150,154030,-0.02083333333333337
2017-06-29,21350,22000,21300,21750,259966,0.028368794326241176
2017-06-30,21550,21950,21350,21950,175083,0.009195402298850519
2017-07-03,22050,22050,21400,21700,176136,-0.011389521640091105
2017-07-04,21600,22200,21550,22000,263113,0.01382488479262678
2017-07-05,22000,22100,21350,21500,179377,-0.022727272727272707
2017-07-06,21400,21500,20850,21050,195700,-0.020930232558139528
2017-07-07,21000,21050,20700,20750,121940,-0.014251781472684133
2017-07-10,20850,21400,20750,21150,162328,0.01927710843373487
2017-07-11,21150,21850,21150,21750,270193,0.028368794326241176
2017-07-12,21850,21850,21300,21500,111569,-0.011494252873563204
2017-07-13,21500,22600,21500,22500,583612,0.04651162790697683
2017-07-14,22850,23650,22300,22350,891163,-0.00666666666666671
2017-07-17,22550,23050,22350,22850,483329,0.02237136465324374
2017-07-18,22850,23150,22400,22950,243222,0.004376367614879584
2017-07-19,22950,23000,22500,22700,172220,-0.01089324618736387
2017-07-20,22900,23450,22650,23450,252319,0.033039647577092435
2017-07-21,23450,23500,23000,23300,130761,-0.006396588486140775
2017-07-24,23200,23300,22750,23000,116185,-0.012875536480686733
2017-07-25,22950,23300,22550,22600,152473,-0.017391304347826098
2017-07-26,22800,23250,22400,23100,250439,0.022123893805309658
2017-07-27,23100,23600,22500,22600,211329,-0.02164502164502169
2017-07-28,22600,22600,21900,22200,203829,-0.017699115044247815
2017-07-31,21900,22300,21650,22250,149354,0.0022522522522523403
2017-08-01,22250,22700,22050,22400,137000,0.006741573033707926
2017-08-02,22300,22550,21950,22100,120288,-0.013392857142857095
2017-08-03,22100,22200,21000,21100,248907,-0.04524886877828049
2017-08-04,21000,21300,20800,21100,149003,0.0
2017-08-07,21100,21200,20900,21000,102368,-0.004739336492891044
2017-08-08,21100,21150,20550,20900,120820,-0.004761904761904745
2017-08-09,20850,20900,20350,20400,200581,-0.02392344497607657
2017-08-10,20250,20450,19750,20200,228564,-0.009803921568627416
2017-08-11,19800,20050,19600,19750,140779,-0.022277227722772297
2017-08-14,19950,20400,19950,20200,129056,0.022784810126582178
2017-08-16,20450,20500,19550,19700,339464,-0.024752475247524774
2017-08-17,19750,19950,19600,19850,218405,0.0076142131979695105
2017-08-18,19550,19700,19450,19650,189801,-0.010075566750629705
2017-08-21,19700,19800,19500,19500,110274,-0.007633587786259555
2017-08-22,19550,19800,19450,19800,103359,0.01538461538461533
2017-08-23,19950,19950,19450,19600,142556,-0.010101010101010055
2017-08-24,19500,19800,19450,19700,128077,0.005102040816326481
2017-08-25,19650,19700,19500,19650,100840,-0.0025380710659898
2017-08-28,19500,19900,19450,19900,106712,0.012722646310432628
2017-08-29,19800,19800,19300,19600,255695,-0.015075376884422065
2017-08-30,19600,19750,19450,19750,164222,0.007653061224489832
2017-08-31,19750,19800,19550,19700,82225,-0.0025316455696202667
2017-09-01,19700,20100,19650,19800,279943,0.0050761421319796
2017-09-04,19050,19500,19050,19500,217441,-0.015151515151515138
2017-09-05,19550,19550,19050,19300,189066,-0.01025641025641022
2017-09-06,19250,19350,18650,18750,216678,-0.02849740932642486
2017-09-07,18850,19200,18650,19150,106888,0.021333333333333426
2017-09-08,19200,19300,18900,19050,98321,-0.005221932114882533
2017-09-11,19050,19250,18950,19200,109789,0.007874015748031482
2017-09-12,19300,19350,18800,18850,195965,-0.01822916666666663
2017-09-13,19000,19000,18650,18900,111827,0.0026525198938991412
2017-09-14,18800,18850,18500,18700,200751,-0.010582010582010581
2017-09-15,18550,18800,18200,18700,183839,0.0
2017-09-18,18700,19300,18700,19000,186189,0.016042780748663166
2017-09-19,19050,19100,18900,19000,106615,0.0
2017-09-20,19000,19150,18800,18900,94545,-0.0052631578947368585
2017-09-21,19000,19000,18500,18550,81658,-0.01851851851851849
2017-09-22,18400,18600,17800,18100,170787,-0.02425876010781669
2017-09-25,17800,18200,17300,17500,218916,-0.03314917127071826
2017-09-26,17100,17850,17100,17700,88831,0.011428571428571344
2017-09-27,17600,17850,17350,17650,140090,-0.0028248587570621764
2017-09-28,17500,17650,17350,17550,107985,-0.005665722379603388
2017-09-29,17500,17700,17450,17650,93501,0.005698005698005604
2017-10-10,17750,18050,17700,17750,92080,0.0056657223796034994
2017-10-11,18050,18250,17750,18100,139882,0.019718309859154903
2017-10-12,18100,18350,17800,18250,150826,0.008287292817679592
2017-10-13,18350,18450,18000,18300,202728,0.00273972602739736
2017-10-16,18350,18400,18050,18300,88675,0.0
2017-10-17,18350,18350,18050,18100,119339,-0.010928961748633892
2017-10-18,18200,18300,18050,18150,118586,0.0027624309392264568
2017-10-19,18150,18250,17900,18050,125562,-0.0055096418732781816
2017-10-20,18100,18100,17800,18100,67602,0.0027700831024930483
2017-10-23,18050,18250,17900,18000,93109,-0.0055248618784530246
2017-10-24,18050,18100,17800,17950,116298,-0.002777777777777768
2017-10-25,18000,18200,17850,18100,74457,0.008356545961002881
2017-10-26,18050,18150,17800,17800,115856,-0.016574585635359074
2017-10-27,17850,17950,17650,17750,113556,-0.002808988764044895
2017-10-30,17850,17950,17750,17850,84719,0.005633802816901401
2017-10-31,17850,18450,17800,18350,264097,0.028011204481792618
2017-11-01,18450,18450,18250,18400,117679,0.0027247956403269047
2017-11-02,18500,18550,18250,18450,127188,0.0027173913043478937
2017-11-03,18500,18550,18250,18450,103050,0.0
2017-11-06,18500,18500,18150,18300,152407,-0.008130081300813052
2017-11-07,18300,18550,18200,18400,100428,0.005464480874316946
2017-11-08,18350,18500,18250,18450,112856,0.0027173913043478937
2017-11-09,18600,19500,18550,19450,682187,0.05420054200542013
2017-11-10,19400,19550,19150,19400,199751,-0.0025706940874036244
2017-11-13,19450,19900,19100,19850,324215,0.02319587628865971
2017-11-14,19650,19650,19350,19500,264906,-0.017632241813602012
2017-11-15,19500,19900,19200,19700,228966,0.01025641025641022
2017-11-16,19850,20350,19700,20150,316384,0.02284263959390853
2017-11-17,20250,20550,19800,19900,242329,-0.012406947890818865
2017-11-20,19800,20600,19650,20550,248542,0.03266331658291466
2017-11-21,20650,20650,20000,20200,132635,-0.01703163017031628
2017-11-22,20300,20700,20200,20550,247634,0.017326732673267342
2017-11-23,20550,20700,20250,20350,99513,-0.009732360097323589
2017-11-24,20450,20500,20050,20100,111502,-0.012285012285012331
2017-11-27,20150,20300,19500,19750,144916,-0.01741293532338306
2017-11-28,19750,19900,19400,19500,102347,-0.012658227848101222
2017-11-29,19500,19750,19200,19200,118394,-0.01538461538461533
2017-11-30,19250,19250,18800,19000,129494,-0.01041666666666663
2017-12-01,19000,19300,18800,19000,122664,0.0
2017-12-04,19050,19550,19050,19300,105309,0.015789473684210575
2017-12-05,19250,19500,19100,19400,61783,0.005181347150259086
2017-12-06,19350,19500,19100,19200,78741,-0.010309278350515427
2017-12-07,19250,19450,19000,19400,175179,0.01041666666666674
2017-12-08,19350,19500,19300,19450,83634,0.002577319587628857
2017-12-11,19400,19500,19300,19450,81055,0.0
2017-12-12,19550,19550,18950,19150,86015,-0.015424164524421635
2017-12-13,19050,19300,18900,19300,95400,0.007832898172323688
2017-12-14,19300,19500,19050,19050,92986,-0.012953367875647714
2017-12-15,19300,20150,19150,20050,226449,0.05249343832021003
2017-12-18,20150,20500,19900,20300,208334,0.012468827930174564
2017-12-19,20450,20500,19700,20100,138667,-0.009852216748768461
2017-12-20,20100,20150,19550,19550,94008,-0.027363184079602032
2017-12-21,19550,19700,19150,19200,109201,-0.01790281329923271
2017-12-22,19250,19500,19100,19300,71991,0.005208333333333259
2017-12-26,19350,19500,18750,18950,182324,-0.01813471502590669
2017-12-27,19050,19200,18650,19200,95155,0.013192612137203241
2017-12-28,19250,19350,19050,19250,44783,0.0026041666666667407
2018-01-02,19350,19650,19300,19550,66891,0.01558441558441559
2018-01-03,19650,19700,19350,19550,102374,0.0
2018-01-04,19500,19550,18950,19050,201804,-0.025575447570332477
2018-01-05,19050,23000,19050,22150,2216327,0.162729658792651
2018-01-08,22200,23700,22050,23300,1249347,0.05191873589164775
2018-01-09,23050,23600,22350,23250,726157,-0.0021459227467811592
2018-01-10,23100,23150,22050,22400,480786,-0.03655913978494618
2018-01-11,22100,22150,20400,20400,1695447,-0.0892857142857143
2018-01-12,20600,21150,20450,21050,956682,0.031862745098039325
2018-01-15,21150,22000,20900,21600,796682,0.026128266033254244
2018-01-16,21850,22850,21650,22200,561502,0.02777777777777768
2018-01-17,22300,23000,21800,22800,536619,0.027027027027026973
2018-01-18,23050,23250,22350,23100,417738,0.013157894736842035
2018-01-19,23250,24350,22900,23800,757276,0.030303030303030276
2018-01-22,24250,24250,22900,23200,527323,-0.025210084033613467
2018-01-23,23150,24050,23100,24000,320004,0.034482758620689724
2018-01-24,24000,26300,23950,25150,827594,0.04791666666666661
2018-01-25,25300,25550,24850,25400,197551,0.00994035785288272
2018-01-26,25950,26100,24900,25250,239793,-0.0059055118110236116
2018-01-29,25350,26300,25250,26150,483744,0.035643564356435675
2018-01-30,26250,26500,25950,26050,283322,-0.003824091778202643
2018-01-31,26000,26900,25050,25050,561147,-0.03838771593090207
2018-02-01,25550,26950,25450,26700,468720,0.06586826347305386
2018-02-02,26700,27350,26300,26600,593109,-0.0037453183520599342
2018-02-05,26050,26700,25300,25950,430953,-0.024436090225563922
2018-02-06,25000,25800,24250,25800,429068,-0.005780346820809301
2018-02-07,26600,26650,24750,24750,376610,-0.04069767441860461
2018-02-08,25000,25700,24950,24950,316298,0.008080808080808133
2018-02-09,24000,25050,23950,24300,146452,-0.02605210420841686
2018-02-12,24600,25250,24000,24600,246539,0.012345679012345734
2018-02-13,24900,24950,24100,24300,157967,-0.012195121951219523
2018-02-14,24300,24700,24250,24400,99562,0.004115226337448652
2018-02-19,24800,25450,24500,24750,151859,0.014344262295082011
2018-02-20,24650,24900,24200,24800,105425,0.002020202020202033
2018-02-21,25350,25500,24900,25050,204088,0.010080645161290258
2018-02-22,25300,25900,24600,24600,200604,-0.017964071856287456
2018-02-23,24850,25000,24300,24750,169668,0.0060975609756097615
2018-02-26,24900,24900,23650,23800,183124,-0.03838383838383841
2018-02-27,24000,24100,23150,23350,204333,-0.018907563025210128
2018-02-28,23300,23900,23150,23200,172100,-0.0064239828693790635
2018-03-02,23100,23700,22750,23350,218802,0.006465517241379226
2018-03-05,23450,23700,22850,22850,126465,-0.021413276231263434
2018-03-06,23050,23700,22900,23450,188212,0.026258205689277947
2018-03-07,23350,23400,22900,22950,93638,-0.021321961620469065
2018-03-08,23100,23350,22950,23150,64933,0.008714596949890963
2018-03-09,23300,24550,23300,24200,210453,0.04535637149028071
2018-03-12,24350,24500,24000,24400,107281,0.008264462809917328
2018-03-13,24200,24300,23000,23300,253222,-0.04508196721311475
2018-03-14,23250,23300,22650,23000,158003,-0.012875536480686733
2018-03-15,22900,23500,22800,23250,94441,0.010869565217391353
2018-03-16,23450,24150,23000,24050,155670,0.03440860215053765
2018-03-19,24000,24350,23650,23650,99181,-0.016632016632016633
2018-03-20,23400,24100,23250,23950,98599,0.012684989429175397
2018-03-21,24300,24300,23150,23550,304691,-0.01670146137787054
2018-03-22,23700,24000,23350,23550,118961,0.0
2018-03-23,23000,23100,22200,22600,289709,-0.04033970276008492
2018-03-26,22400,22950,22300,22500,133069,-0.004424778761061954
2018-03-27,22850,23200,22700,22700,95600,0.008888888888888946
2018-03-28,22450,22850,21250,21250,388582,-0.06387665198237891
2018-03-29,21350,21850,21350,21850,130946,0.028235294117647136
2018-03-30,22050,22100,21650,21950,96878,0.004576659038901587
2018-04-02,22000,22800,21650,21950,219894,0.0
2018-04-03,21650,22150,21500,22100,188423,0.006833712984054774
2018-04-04,22350,22350,21500,21800,164552,-0.013574660633484115
2018-04-05,22050,22250,21800,21800,102099,0.0
2018-04-06,21800,22050,21600,21950,79508,0.006880733944954143
2018-04-09,21650,22200,21650,22150,115946,0.009111617312072884
2018-04-10,21900,22300,21800,22000,103373,-0.006772009029345383
2018-04-11,22050,22600,22000,22200,151920,0.009090909090909038
2018-04-12,22250,22400,22150,22350,145149,0.006756756756756799
2018-04-13,22300,23600,22300,23500,355822,0.05145413870246096
2018-04-16,23300,23700,23250,23600,171766,0.004255319148936065
2018-04-17,23600,23700,23300,23350,105042,-0.010593220338983023
2018-04-18,23450,23700,23100,23250,109371,-0.004282655246252709
2018-04-19,23350,23600,23050,23500,140750,0.010752688172043001
2018-04-20,23650,23700,23150,23400,122296,-0.004255319148936176
2018-04-23,23400,23500,22700,22800,191824,-0.02564102564102566
2018-04-24,22700,23200,22450,22750,256693,-0.002192982456140302
2018-04-25,22600,23000,22200,22500,161398,-0.01098901098901095
2018-04-26,22650,22700,22300,22600,106435,0.004444444444444473
2018-04-27,22800,24250,22600,23900,429729,0.05752212389380529
2018-04-30,23950,24350,23350,24150,243007,0.010460251046025215
2018-05-02,24000,24200,23550,24050,147398,-0.0041407867494823725
2018-05-03,23900,24200,23650,24200,165230,0.006237006237006293
2018-05-04,24450,25600,24150,25300,445334,0.045454545454545414
2018-05-08,25300,25950,24550,24750,252532,-0.021739130434782594
2018-05-09,24700,24700,23900,24200,223392,-0.022222222222222254
2018-05-10,24750,25650,24650,25050,519635,0.03512396694214881
2018-05-11,25150,27000,25150,26650,435374,0.06387225548902187
2018-05-14,26800,27250,26100,26800,203382,0.0056285178236397115
2018-05-15,26650,26650,25000,25500,401923,-0.04850746268656714
2018-05-16,25350,25750,24900,25000,121799,-0.019607843137254943
2018-05-17,25200,25250,24250,24450,223655,-0.02200000000000002
2018-05-18,24550,25300,24450,25300,156740,0.03476482617586907
2018-05-21,25300,25300,24650,24950,95323,-0.013833992094861691
2018-05-23,24850,25350,24400,25100,208934,0.006012024048096087
2018-05-24,25250,25400,24700,25100,185966,0.0
2018-05-25,24800,24950,24400,24550,96046,-0.021912350597609542
2018-05-28,24650,26150,24600,26050,189105,0.0610997963340123
2018-05-29,25950,26150,25400,25600,115044,-0.017274472168905985
2018-05-30,26000,27050,24900,25550,308026,-0.001953125
2018-05-31,25650,26000,25550,25950,101423,0.015655577299412915
2018-06-01,26050,26300,25100,25400,171628,-0.021194605009633882
2018-06-04,25500,25700,25250,25300,107759,-0.003937007874015741
2018-06-05,25450,25750,24900,24900,141930,-0.015810276679841917
2018-06-07,25250,26600,25100,26200,414449,0.052208835341365445
2018-06-08,26200,26200,25450,25600,109205,-0.022900763358778664
2018-06-11,25650,26100,25350,26000,97025,0.015625
2018-06-12,26050,26050,25450,25550,101036,-0.017307692307692357
2018-06-14,25350,25650,24300,24800,193943,-0.02935420743639927
2018-06-15,24700,24950,23750,23750,186451,-0.04233870967741937
2018-06-18,23850,24100,23000,23100,265517,-0.027368421052631597
2018-06-19,23500,23850,22900,23050,137424,-0.0021645021645021467
2018-06-20,23100,23500,22850,23400,100327,0.015184381778741818
2018-06-21,23400,23600,23000,23100,73673,-0.012820512820512775
2018-06-22,22900,23250,22350,23150,102743,0.0021645021645022577
2018-06-25,23150,23750,22850,23750,110704,0.02591792656587466
2018-06-26,23500,23700,23300,23650,49503,-0.004210526315789442
2018-06-27,23550,23700,23000,23200,84437,-0.019027484143763207
2018-06-28,23200,23350,22650,22650,81892,-0.023706896551724088
2018-06-29,22700,23300,22200,23150,94578,0.02207505518763786
2018-07-02,23100,23450,22300,22600,116703,-0.023758099352051865
2018-07-03,22550,23050,22050,22400,107836,-0.008849557522123908
2018-07-04,22100,23050,22100,22750,55920,0.015625
2018-07-05,22600,22900,22400,22750,45941,0.0
2018-07-06,22700,23300,22550,23300,60420,0.02417582417582409
2018-07-09,23250,23450,22950,23350,54888,0.0021459227467810482
2018-07-10,23350,23600,23350,23500,35946,0.0064239828693790635
2018-07-11,23400,23550,23050,23100,77895,-0.017021276595744705
2018-07-12,23100,23850,22900,23850,108799,0.032467532467532534
2018-07-13,23700,24150,23400,23700,128322,-0.0062893081761006275
2018-07-16,23900,24100,23550,24050,76730,0.014767932489451407
2018-07-17,24050,24200,23400,23450,66653,-0.02494802494802495
2018-07-18,23650,24100,23500,23800,99470,0.014925373134328401
2018-07-19,23900,24000,22800,23000,145846,-0.03361344537815125
2018-07-20,23000,23450,22550,22950,133540,-0.0021739130434782483
2018-07-23,22950,22950,22150,22300,202522,-0.028322440087146017
2018-07-24,22200,23350,22200,23250,133586,0.04260089686098656
2018-07-25,23200,23900,23100,23550,94307,0.012903225806451646
2018-07-26,23750,23950,23400,23650,75761,0.00424628450106157
2018-07-27,23650,23850,23200,23400,68461,-0.010570824524312905
2018-07-30,23400,24250,23350,24100,93311,0.029914529914529808
2018-07-31,23900,23900,23400,23700,49011,-0.016597510373444035
2018-08-01,23550,23850,23400,23650,46858,-0.002109704641350185
2018-08-02,23650,24050,23500,23750,59097,0.0042283298097252064
2018-08-03,23650,24050,23450,23650,75912,-0.004210526315789442
2018-08-06,23500,23800,23450,23550,44433,-0.0042283298097252064
2018-08-07,23650,23650,23200,23350,57413,-0.00849256900212314
2018-08-08,23750,25250,23750,24350,326180,0.04282655246252687
2018-08-09,24350,24750,24200,24550,129000,0.008213552361396204
2018-08-10,24550,24750,24250,24700,72214,0.006109979633401208
2018-08-13,24650,24700,23400,23500,141705,-0.04858299595141702
2018-08-14,23500,24100,23500,24100,67177,0.025531914893617058
2018-08-16,23900,23950,23400,23750,50653,-0.014522821576763434
2018-08-17,23800,24000,23150,23250,100111,-0.021052631578947323
2018-08-20,23250,23450,22900,23150,95725,-0.004301075268817178
2018-08-21,23200,23400,22950,23150,167320,0.0
2018-08-22,23150,23250,22650,22700,136809,-0.01943844492440605
2018-08-23,22850,22900,22300,22600,102027,-0.004405286343612369
2018-08-24,22700,22750,22200,22300,105550,-0.013274336283185861
2018-08-27,22450,23000,22350,22900,117480,0.026905829596412634
2018-08-28,22950,23100,22750,22850,91356,-0.0021834061135370675
2018-08-29,22750,23200,22750,23200,65574,0.015317286652078765
2018-08-30,23150,23300,22550,22850,80487,-0.015086206896551713
2018-08-31,22800,22850,22550,22700,57455,-0.006564551422319487
2018-09-03,22800,22800,22450,22550,61077,-0.0066079295154185536
2018-09-04,22500,22900,22500,22900,41887,0.015521064301552201
2018-09-05,22750,23200,22750,22900,75970,0.0
2018-09-06,22800,22900,22450,22450,40409,-0.01965065502183405
2018-09-07,22550,22600,22000,22350,79923,-0.0044543429844098315
2018-09-10,22150,22250,21700,21850,105969,-0.022371364653243853
2018-09-11,21750,22350,21750,22250,67376,0.01830663615560635
2018-09-12,22250,23000,22050,22450,86388,0.008988764044943753
2018-09-13,22250,22550,21800,22000,78586,-0.020044543429844075
2018-09-14,22200,22550,22100,22550,65092,0.02499999999999991
2018-09-17,22550,22600,22100,22550,28562,0.0
2018-09-18,22450,22500,22000,22100,49067,-0.019955654101995512
2018-09-19,22150,22200,22000,22050,90849,-0.002262443438914019
2018-09-20,22100,22250,21850,22150,91294,0.0045351473922903285
2018-09-21,22050,22350,21850,22100,81737,-0.0022573363431150906
2018-09-27,22000,22300,21950,22100,105465,0.0
2018-09-28,22100,22400,21950,22400,55149,0.013574660633484115
2018-10-01,22500,22550,22050,22050,54871,-0.015625
2018-10-02,22100,22350,21900,21950,69077,-0.0045351473922902175
2018-10-04,21850,22050,21350,21600,124954,-0.015945330296127547
2018-10-05,21400,21600,21300,21500,66255,-0.00462962962962965
2018-10-08,21450,21650,21350,21600,52159,0.0046511627906977715
2018-10-10,21450,21550,21200,21250,194792,-0.01620370370370372
2018-10-11,20500,20550,19600,19800,231001,-0.06823529411764706
2018-10-12,19350,20450,19350,20350,158149,0.02777777777777768
2018-10-15,20150,20350,19850,20000,68118,-0.017199017199017175
2018-10-16,20000,20750,19900,20700,93703,0.03499999999999992
2018-10-17,20700,21350,20700,21350,88539,0.0314009661835748
2018-10-18,21350,21450,21050,21300,59155,-0.0023419203747072626
2018-10-19,20800,21500,20800,21200,54877,-0.0046948356807511304
2018-10-22,21200,21400,20900,21400,26307,0.009433962264151052
2018-10-23,21150,21350,20100,20400,47372,-0.04672897196261683
2018-10-24,20450,20850,20000,20550,60883,0.007352941176470562
2018-10-25,20000,20250,19650,20050,95909,-0.024330900243308973
2018-10-26,20100,20300,19000,20150,70129,0.004987531172069737
2018-10-29,20000,20100,19250,19250,90741,-0.04466501240694787
2018-10-30,18950,19500,18350,18950,138395,-0.01558441558441559
2018-10-31,18950,20000,18900,20000,80020,0.0554089709762533
2018-11-01,20000,20200,19700,19850,68847,-0.007499999999999951
2018-11-02,19900,20650,19850,20400,107921,0.027707808564231717
2018-11-05,20450,20500,19850,20450,50885,0.002450980392156854
2018-11-06,20500,20550,20050,20550,27232,0.004889975550122161
2018-11-07,20750,21450,19650,20100,272380,-0.021897810218978075
2018-11-08,20350,20650,20050,20050,162770,-0.0024875621890547706
2018-11-09,19950,20550,19700,19950,107195,-0.004987531172069848
2018-11-12,19650,20450,19650,20300,44979,0.01754385964912286
2018-11-13,19850,20600,19700,20600,48953,0.014778325123152802
2018-11-14,20600,20600,20000,20100,70792,-0.024271844660194164
2018-11-15,20200,20350,20050,20250,24144,0.00746268656716409
2018-11-16,20250,20600,20250,20400,52691,0.007407407407407307
2018-11-19,20450,20650,20300,20350,70858,-0.002450980392156854
2018-11-20,20100,20150,19800,20000,67499,-0.017199017199017175
2018-11-21,19750,20000,19650,19950,52141,-0.0024999999999999467
2018-11-22,19900,20200,19900,20050,23660,0.005012531328320913
2018-11-23,20000,20200,19900,19900,36645,-0.007481296758104716
2018-11-26,19800,20000,19800,19950,35825,0.002512562814070307
2018-11-27,19900,20100,19900,20100,21759,0.007518796992481258
2018-11-28,20100,20250,19850,20050,52499,-0.0024875621890547706
2018-11-29,20150,20600,20100,20300,72963,0.012468827930174564
2018-11-30,20500,20500,19800,20100,96182,-0.009852216748768461
2018-12-03,20000,20500,20000,20500,65939,0.01990049751243772
2018-12-04,20550,20650,20250,20450,106700,-0.0024390243902439046
2018-12-05,20150,20200,19800,19850,121229,-0.02933985330073352
2018-12-06,19800,20050,19450,19450,81694,-0.02015113350125941
2018-12-07,19550,19800,19200,19300,61034,-0.007712082262210762
2018-12-10,18950,19150,17950,18350,198747,-0.04922279792746109
2018-12-11,18400,18500,18100,18200,52381,-0.008174386920980936
2018-12-12,18050,18750,18050,18750,67363,0.030219780219780112
2018-12-13,18650,19050,18650,19050,53445,0.016000000000000014
2018-12-14,19050,19050,18500,18500,54445,-0.02887139107611547
2018-12-17,18350,18850,18350,18750,39144,0.013513513513513598
2018-12-18,18400,18750,18250,18300,65915,-0.02400000000000002
2018-12-19,18300,18650,18300,18600,68501,0.016393442622950838
2018-12-20,18450,18550,18250,18550,38752,-0.0026881720430107503
2018-12-21,18350,18650,18350,18500,49641,-0.0026954177897574594
2018-12-24,18500,19050,18500,18800,47761,0.016216216216216273
2018-12-26,18300,18800,18300,18400,65473,-0.021276595744680882
2018-12-27,18600,18950,18500,18850,56322,0.024456521739130377
2018-12-28,18700,19100,18600,18850,73300,0.0
2019-01-02,19050,19300,18850,19100,79442,0.013262599469495928
2019-01-03,18900,19050,18400,18650,120097,-0.023560209424083767
2019-01-04,18400,19000,18400,19000,38835,0.018766756032171594
2019-01-07,19000,19300,18900,19250,81545,0.013157894736842035
2019-01-08,19150,19300,19100,19200,52855,-0.0025974025974025983
2019-01-09,19100,19600,19100,19450,89217,0.01302083333333326
2019-01-10,19400,19650,19000,19250,63275,-0.010282776349614386
2019-01-11,19150,19200,18850,19000,71303,-0.012987012987012991
2019-01-14,19000,19200,18900,19150,66745,0.007894736842105177
2019-01-15,19150,19400,19000,19350,100338,0.010443864229765065
2019-01-16,19450,20150,19450,19700,132967,0.01808785529715773
2019-01-17,19900,20000,19600,19650,57340,-0.0025380710659898
2019-01-18,19550,19750,19500,19750,54300,0.0050890585241729624
2019-01-21,19850,19950,19400,19450,112074,-0.015189873417721489
2019-01-22,19450,19650,19400,19450,34407,0.0
2019-01-23,19400,19600,19250,19450,58499,0.0
2019-01-24,19600,21900,19600,21450,849224,0.10282776349614386
2019-01-25,21350,21450,20900,20900,243740,-0.02564102564102566
2019-01-28,20900,21000,20400,20800,287145,-0.004784688995215336
2019-01-29,20800,20850,20350,20500,97582,-0.014423076923076872
2019-01-30,20700,20700,20350,20500,106798,0.0
2019-01-31,20750,21250,20600,21150,173450,0.03170731707317076
2019-02-01,21200,21200,20650,20950,81660,-0.009456264775413725
2019-02-07,20950,21050,20600,21000,41785,0.0023866348448686736
2019-02-08,21700,22050,20800,20950,118003,-0.0023809523809523725
2019-02-11,21150,21600,20950,21450,115089,0.023866348448687402
2019-02-12,21600,21900,21550,21800,119707,0.01631701631701632
2019-02-13,21800,22050,21450,21900,97373,0.004587155963302836
2019-02-14,21800,21850,21400,21650,88299,-0.011415525114155223
2019-02-15,21800,21900,21350,21600,56527,-0.002309468822170868
2019-02-18,21850,22000,21450,21550,129339,-0.0023148148148147696
2019-02-19,21550,22050,21500,21950,75342,0.018561484918793614
2019-02-20,22000,22350,21900,22000,101169,0.002277904328018332
2019-02-21,21950,22700,21800,22600,142102,0.027272727272727337
2019-02-22,22600,22650,22200,22350,56830,-0.011061946902654829
2019-02-25,22350,22550,22100,22550,80784,0.008948545861297452
2019-02-26,22550,22800,22350,22550,80782,0.0
2019-02-27,22500,22800,22150,22700,75368,0.006651884700665134
2019-02-28,22700,22800,22000,22000,130086,-0.03083700440528636
2019-03-04,22300,22600,22150,22500,66724,0.022727272727272707
2019-03-05,22350,22400,21650,21850,96599,-0.028888888888888853
2019-03-06,21650,22100,21550,22050,100821,0.009153318077803174
2019-03-07,22250,22350,21700,21900,74052,-0.006802721088435382
2019-03-08,21900,22050,21600,21900,55953,0.0
2019-03-11,22100,22100,20850,22000,77365,0.004566210045662045
2019-03-12,21800,22000,21450,21700,75928,-0.013636363636363669
2019-03-13,21700,22350,21450,21850,121630,0.00691244239631339
2019-03-14,22100,22100,21750,21750,71485,-0.004576659038901587
2019-03-15,22000,22650,21900,22650,125519,0.04137931034482767
2019-03-18,22500,22600,22150,22500,62266,-0.0066225165562914245
2019-03-19,22500,22800,22300,22300,38494,-0.008888888888888835
2019-03-20,22400,22550,21800,22400,84247,0.004484304932735439
2019-03-21,22500,23100,22050,22900,155844,0.022321428571428603
2019-03-22,22900,23150,22350,22500,66812,-0.017467248908296984
2019-03-25,22200,22500,21350,21500,75929,-0.0444444444444444
2019-03-26,21650,21750,21150,21250,72788,-0.011627906976744207
2019-03-27,21350,21700,21200,21350,57696,0.004705882352941115
2019-03-28,21300,21600,20900,20900,78872,-0.021077283372365363
2019-03-29,21000,21450,20750,21150,39459,0.011961722488038173
2019-04-01,21200,21800,21150,21750,51070,0.028368794326241176
2019-04-02,21850,21900,21500,21650,74342,-0.0045977011494252595
2019-04-03,21550,22550,21550,22350,99938,0.0323325635103926
2019-04-04,22400,23600,22250,23600,218956,0.055928411633109576
2019-04-05,23650,24050,23500,23600,83279,0.0
2019-04-08,23950,23950,23450,23650,55363,0.0021186440677967155
2019-04-09,23350,23600,23050,23300,88114,-0.014799154334038
2019-04-10,23200,23250,22700,23050,82026,-0.010729613733905574
2019-04-11,23100,23250,22800,22900,36526,-0.006507592190889366
2019-04-12,23000,23600,22900,23300,91808,0.017467248908296984
2019-04-15,23650,23650,23200,23250,62547,-0.0021459227467811592
2019-04-16,23450,23500,22800,23150,67517,-0.004301075268817178
2019-04-17,23150,23400,23000,23400,78508,0.010799136069114423
2019-04-18,23600,23600,22500,22550,100528,-0.03632478632478631
2019-04-19,22450,22900,22450,22750,41878,0.008869179600886845
2019-04-22,22800,22950,22600,22800,51602,0.00219780219780219
2019-04-23,22550,22750,22350,22600,49344,-0.00877192982456143
2019-04-24,22600,22650,22200,22300,46937,-0.013274336283185861
2019-04-25,22450,22850,21900,22750,78432,0.020179372197309364
2019-04-26,22400,22750,22000,22000,34369,-0.03296703296703296
2019-04-29,22300,22500,21900,22450,47991,0.020454545454545503
2019-04-30,22450,22600,22100,22150,43878,-0.013363028953229383
2019-05-02,22150,22400,21950,22150,28505,0.0
2019-05-03,22050,22300,21750,22050,64897,-0.004514672686230292
2019-05-07,21800,22050,21550,21850,41997,-0.009070294784580546
2019-05-08,21600,22500,21550,22200,55542,0.016018306636155666
2019-05-09,22300,22750,21750,21800,73091,-0.018018018018018056
2019-05-10,21700,22250,21300,21650,64938,-0.006880733944954143
2019-05-13,21600,21650,21050,21050,48892,-0.02771362586605086
2019-05-14,20550,21000,20550,20800,88404,-0.01187648456057011
2019-05-15,20850,21450,20700,21400,50450,0.028846153846153744
2019-05-16,21550,22300,21550,22050,113502,0.030373831775700966
2019-05-17,21950,22900,21950,22450,112802,0.018140589569161092
2019-05-20,22500,23550,22450,23300,166349,0.03786191536748329
2019-05-21,23300,23650,22800,23400,112903,0.0042918454935623185
2019-05-22,23150,23650,23050,23250,85141,-0.0064102564102563875
2019-05-23,23300,25000,23100,24700,535895,0.06236559139784936
2019-05-24,24500,24900,24200,24400,160307,-0.012145748987854255
2019-05-27,22050,22150,19950,20150,992065,-0.1741803278688525
2019-05-28,20300,20500,19850,20200,358940,0.002481389578163684
2019-05-29,20150,20350,19950,20250,138769,0.0024752475247524774
2019-05-30,20250,20350,19800,20050,146783,-0.00987654320987652
2019-05-31,20100,20700,20100,20550,150692,0.02493765586034913
2019-06-03,20300,21650,20250,21500,164856,0.04622871046228716
2019-06-04,21400,21700,21100,21450,84925,-0.0023255813953488857
2019-06-05,21550,21550,20750,21200,146368,-0.011655011655011704
2019-06-07,21350,21350,20850,21100,85356,-0.004716981132075526
2019-06-10,21150,21450,20950,21100,73570,0.0
2019-06-11,21200,21300,21050,21150,75507,0.0023696682464455776
2019-06-12,21150,21550,20900,21050,93727,-0.004728132387706863
2019-06-13,21150,21150,20450,20700,176064,-0.016627078384798155
2019-06-14,20700,21000,20650,20900,132025,0.009661835748792313
2019-06-17,20800,22100,20800,21500,262196,0.028708133971291794
2019-06-18,21500,22200,21500,22200,217102,0.032558139534883734
2019-06-19,22350,22350,21650,21800,155314,-0.018018018018018056
2019-06-20,21800,22050,21400,21550,131645,-0.011467889908256867
2019-06-21,21650,21850,21450,21700,64750,0.006960556844547661
2019-06-24,21800,21850,21300,21300,80351,-0.018433179723502335
2019-06-25,21400,22100,21300,21600,140233,0.014084507042253502
2019-06-26,21600,21900,21500,21650,56842,0.0023148148148148806
2019-06-27,21600,21850,21250,21450,113677,-0.009237875288683584
2019-06-28,21500,21900,21300,21700,73087,0.011655011655011593
2019-07-01,21700,22150,21700,21800,80176,0.004608294930875667
2019-07-02,21850,22300,21850,22250,100533,0.020642201834862428
2019-07-03,22300,22300,21450,21550,121079,-0.03146067415730336
2019-07-04,21550,21950,21550,21800,52091,0.011600928074245953
2019-07-05,21800,21850,21600,21750,67188,-0.002293577981651418
2019-07-08,21750,21750,20850,20950,98366,-0.0367816091954023
2019-07-09,20800,21250,20750,21050,68728,0.004773269689737569
2019-07-10,20850,21150,20850,21050,28412,0.0
2019-07-11,21050,21200,20900,21150,55469,0.004750593824228044
2019-07-12,21250,21250,20900,20950,89022,-0.009456264775413725
2019-07-15,21000,21000,20550,20650,53664,-0.014319809069212375
2019-07-16,20650,21900,20500,21850,146393,0.05811138014527839
2019-07-17,22000,22000,20900,20950,98250,-0.041189931350114395
2019-07-18,20850,21050,20550,20800,97318,-0.007159904534606243
2019-07-19,20900,21100,20800,20850,33668,0.0024038461538462563
2019-07-22,21000,21250,20850,21000,64880,0.007194244604316502
2019-07-23,21000,21200,20900,21050,49869,0.0023809523809523725
2019-07-24,21050,21200,20700,20850,42287,-0.009501187648456089
2019-07-25,20850,20850,20250,20400,55351,-0.021582733812949617
2019-07-26,20200,20600,20100,20400,57912,0.0
2019-07-29,20400,20450,19850,20050,84576,-0.01715686274509809
2019-07-30,20000,20300,19950,20050,37334,0.0
2019-07-31,19950,20700,19900,20400,79132,0.0174563591022443
2019-08-01,20550,21100,20000,20850,100948,0.022058823529411686
2019-08-02,20650,20700,19150,19850,283362,-0.04796163069544368
2019-08-05,19850,19850,19100,19400,116961,-0.02267002518891692
2019-08-06,19000,19650,18700,19050,122227,-0.01804123711340211
2019-08-07,18950,19850,18950,19550,68061,0.026246719160105014
2019-08-08,19850,20000,19650,20000,60211,0.023017902813299296
2019-08-09,20000,20150,19700,19850,38290,-0.007499999999999951
2019-08-12,19700,20100,19700,19800,20938,-0.0025188916876573986
2019-08-13,19600,19800,19300,19750,50904,-0.002525252525252486
2019-08-14,19750,20050,19650,20050,81837,0.0151898734177216
2019-08-16,19750,19950,18950,19150,115970,-0.04488778054862841
2019-08-19,19350,19800,19150,19750,72479,0.031331592689294974
2019-08-20,19500,20150,19500,19800,53581,0.0025316455696202667
2019-08-21,19750,20300,19700,20050,53697,0.012626262626262541
2019-08-22,20050,20300,19950,20150,24844,0.004987531172069737
2019-08-23,20100,20250,19800,20150,27768,0.0
2019-08-26,20050,20050,19500,19550,34159,-0.02977667493796521
2019-08-27,19800,19850,19300,19300,55957,-0.012787723785166238
2019-08-28,19300,19500,19300,19400,20520,0.005181347150259086
2019-08-29,19350,19750,19300,19650,32962,0.012886597938144284
2019-08-30,19600,19850,19500,19500,88172,-0.007633587786259555
2019-09-02,19500,19700,19400,19400,41570,-0.00512820512820511
2019-09-03,19550,19600,19300,19300,49689,-0.005154639175257714
2019-09-04,19150,19500,19150,19350,59818,0.002590673575129543
2019-09-05,19400,19800,19400,19550,74893,0.010335917312661591
2019-09-06,19550,19750,19150,19200,77312,-0.01790281329923271
2019-09-09,19250,19750,19150,19600,123943,0.02083333333333326
2019-09-10,20000,20750,19800,20300,245827,0.03571428571428581
2019-09-11,20200,20500,20150,20250,116204,-0.0024630541871921707
2019-09-16,20300,20450,20100,20200,120649,-0.0024691358024691024
2019-09-17,20200,20450,20050,20250,61382,0.0024752475247524774
2019-09-18,20250,20500,20150,20250,101041,0.0
2019-09-19,20250,20750,20250,20550,92530,0.014814814814814836
2019-09-20,20550,20550,20150,20300,42550,-0.012165450121654486
2019-09-23,20200,20300,19900,20050,59418,-0.012315270935960632
2019-09-24,20050,20400,19950,20350,74320,0.014962593516209433
2019-09-25,20250,20300,19900,19900,63173,-0.02211302211302213
2019-09-26,19950,20200,19850,19950,37376,0.002512562814070307
2019-09-27,19850,20000,19450,19500,80785,-0.022556390977443663
2019-09-30,19550,19900,19400,19900,41241,0.02051282051282044
2019-10-01,20000,20000,19700,19900,39320,0.0
2019-10-02,19650,19800,19400,19400,70797,-0.025125628140703515
2019-10-04,19350,19450,18850,18900,124058,-0.02577319587628868
2019-10-07,19200,19200,18900,19000,64022,0.005291005291005346
2019-10-08,19000,19400,19000,19250,57934,0.013157894736842035
2019-10-10,19000,19200,18900,19000,87335,-0.012987012987012991
2019-10-11,19000,19300,18950,19200,234036,0.010526315789473717
2019-10-14,19450,19700,19400,19700,58002,0.02604166666666674
2019-10-15,19550,19600,19200,19400,128052,-0.015228426395939132
2019-10-16,19350,19600,18750,18900,774326,-0.02577319587628868
2019-10-17,18900,19100,18850,18950,97172,0.002645502645502562
2019-10-18,19000,19050,18700,18850,84302,-0.00527704485488123
2019-10-21,18850,18900,18150,18400,167241,-0.023872679045092826
2019-10-22,18450,18650,18300,18550,95460,0.008152173913043459
2019-10-23,18550,18850,18400,18700,54385,0.008086253369272267
2019-10-24,18650,18800,18350,18450,113336,-0.013368983957219305
2019-10-25,18450,18500,18250,18350,57073,-0.005420054200542035
2019-10-28,18400,18550,18150,18350,121973,0.0
2019-10-29,18350,18500,18100,18150,104825,-0.010899182561307952
2019-10-30,18100,18200,17750,18150,100298,0.0
2019-10-31,18150,18300,18050,18100,82422,-0.0027548209366391463
2019-11-01,18100,18250,17950,18150,45918,0.0027624309392264568
2019-11-04,18200,18700,18150,18650,133596,0.02754820936639124
2019-11-05,18650,18800,18450,18750,75632,0.00536193029490617
2019-11-06,18650,18700,18300,18500,105814,-0.013333333333333308
2019-11-07,18550,19050,18500,18850,132077,0.018918918918918948
2019-11-08,18900,19000,18700,18850,56295,0.0
2019-11-11,18750,18950,18700,18900,53628,0.0026525198938991412
2019-11-12,18900,18950,18700,18950,48412,0.002645502645502562
2019-11-13,18800,18900,18600,18650,54037,-0.0158311345646438
2019-11-14,18650,18900,18550,18650,80044,0.0
2019-11-15,18800,19050,18750,19000,58729,0.018766756032171594
2019-11-18,19000,19000,18550,18650,95217,-0.018421052631578894
2019-11-19,18550,18900,18400,18800,93611,0.008042895442359255
2019-11-20,18900,19800,18700,19200,1047106,0.02127659574468077
2019-11-21,19350,19350,18700,18900,124361,-0.015625
2019-11-22,18900,18950,18550,18800,95696,-0.005291005291005346
2019-11-25,18850,19050,18700,18850,86318,0.0026595744680850686
2019-11-26,18800,19100,18800,18900,99259,0.0026525198938991412
2019-11-27,18950,19050,18800,18900,41402,0.0
2019-11-28,18900,19150,18850,19100,42956,0.010582010582010692
2019-11-29,19200,19200,18750,18850,78334,-0.01308900523560208
2019-12-02,18750,18950,18600,18850,39550,0.0
2019-12-03,18550,18750,18400,18750,63569,-0.0053050397877983935
2019-12-04,18550,18650,18200,18250,97199,-0.026666666666666616
2019-12-05,18300,18600,18200,18600,51459,0.019178082191780854
2019-12-06,18700,18750,18400,18600,38429,0.0
2019-12-09,18800,18800,18550,18650,35768,0.0026881720430107503
2019-12-10,18700,18700,18450,18550,23746,-0.00536193029490617
2019-12-11,18550,18650,18250,18400,80516,-0.008086253369272267
2019-12-12,18400,18600,18400,18450,54950,0.0027173913043478937
2019-12-13,18700,18850,18600,18800,121067,0.01897018970189701
2019-12-16,18900,19300,18850,19150,127639,0.018617021276595702
2019-12-17,19200,19200,18900,19100,73354,-0.0026109660574412663
2019-12-18,19150,19150,18950,19050,43863,-0.002617801047120394
2019-12-19,19050,19250,18950,19200,52096,0.007874015748031482
2019-12-20,19100,19300,19000,19250,75629,0.0026041666666667407
2019-12-23,19250,19400,19050,19100,47702,-0.007792207792207795
2019-12-24,19100,19250,18950,19100,95556,0.0
2019-12-26,19050,19250,18950,19100,83517,0.0
2019-12-27,19000,19100,18800,19000,41814,-0.005235602094240788
2019-12-30,19100,19350,18950,19000,68986,0.0
2020-01-02,19000,19200,19000,19100,46061,0.0052631578947368585
2020-01-03,19250,19250,19050,19200,85273,0.005235602094240788
2020-01-06,19000,19100,18600,18700,107647,-0.02604166666666663
2020-01-07,18700,19000,18700,18950,82776,0.013368983957219305
2020-01-08,18950,18950,18550,18700,130984,-0.01319261213720313
2020-01-09,18900,18950,18600,18700,117492,0.0
2020-01-10,18750,19250,18650,19150,66641,0.02406417112299475
2020-01-13,19200,19500,19200,19350,73690,0.010443864229765065
2020-01-14,19400,19600,19250,19600,84851,0.012919896640826822
2020-01-15,19550,19600,19300,19500,93980,-0.005102040816326481
2020-01-16,19500,19650,19250,19250,106209,-0.012820512820512775
2020-01-17,19250,19450,19200,19450,69652,0.010389610389610393
2020-01-20,19550,19550,19300,19350,48631,-0.005141388174807249
2020-01-21,19350,19500,19100,19100,55392,-0.012919896640826822
2020-01-22,19000,19250,19000,19100,34490,0.0
2020-01-23,19100,19200,18800,18950,113442,-0.007853403141361293
2020-01-28,18500,18500,17800,18050,166553,-0.0474934036939314
2020-01-29,18200,18300,17700,17850,160510,-0.011080332409972304
2020-01-30,17850,18100,17800,18050,105917,0.011204481792717047
2020-01-31,18000,18050,17600,17900,92528,-0.008310249307479256
2020-02-03,17500,18200,17450,18200,125514,0.016759776536312776
2020-02-04,18100,18950,18100,18900,203629,0.03846153846153855
2020-02-05,19000,19300,19000,19300,339308,0.021164021164021163
2020-02-06,19350,19500,19150,19300,467299,0.0
2020-02-07,19200,19350,19100,19300,88606,0.0
2020-02-10,19300,19300,18900,19000,57829,-0.015544041450777257
2020-02-11,19000,19300,18900,19100,36841,0.0052631578947368585
2020-02-12,19150,19150,18750,18800,114541,-0.015706806282722474
2020-02-13,18900,18900,18400,18500,174370,-0.015957446808510634
2020-02-14,18500,18550,18200,18250,154724,-0.013513513513513487
2020-02-17,18200,18500,18200,18400,151046,0.008219178082191858
2020-02-18,18400,19000,18350,18500,206202,0.005434782608695565
2020-02-19,18650,18700,17950,18250,155655,-0.013513513513513487
2020-02-20,18150,18350,17850,18050,200646,-0.010958904109588996
2020-02-21,17800,17950,17650,17800,105747,-0.013850415512465353
2020-02-24,17450,17650,17100,17150,230111,-0.0365168539325843
2020-02-25,17250,17450,17050,17250,199329,0.005830903790087438
2020-02-26,17050,17250,16900,17050,97346,-0.011594202898550732
2020-02-27,17050,17250,16700,16750,168720,-0.017595307917888547
2020-02-28,16500,16600,15800,16000,374688,-0.04477611940298509
2020-03-02,15850,16150,15800,16150,148192,0.009374999999999911
2020-03-03,16400,16850,16350,16500,178658,0.021671826625387025
2020-03-04,16400,17100,16400,17000,64040,0.030303030303030276
2020-03-05,17050,17300,16950,17150,57137,0.008823529411764675
2020-03-06,16850,17150,16750,17050,91429,-0.005830903790087438
2020-03-09,16850,16900,16250,16500,128303,-0.032258064516129004
2020-03-10,16100,16600,16050,16600,101713,0.0060606060606061
2020-03-11,16550,16750,16050,16400,120221,-0.012048192771084376
2020-03-12,16050,16100,15300,15550,140232,-0.05182926829268297
2020-03-13,14200,14900,13450,14300,452257,-0.08038585209003213
2020-03-16,14500,14600,13700,14400,216946,0.006993006993007089
2020-03-17,13500,14500,13500,13950,118355,-0.03125
2020-03-18,14100,14300,13750,13850,98401,-0.007168458781361964
2020-03-19,13850,14200,11900,12000,277811,-0.13357400722021662
2020-03-20,12000,13100,12000,13100,271398,0.09166666666666656
2020-03-23,12050,12300,11550,11800,256047,-0.0992366412213741
2020-03-24,12100,12500,12000,12400,181339,0.05084745762711873
2020-03-25,12950,13400,12750,13350,214541,0.0766129032258065
2020-03-26,13400,13850,13150,13700,131006,0.02621722846441954
2020-03-27,14200,14450,13700,14050,127421,0.025547445255474477
2020-03-30,13650,14250,13600,14200,167305,0.01067615658362997
2020-03-31,14950,15150,14600,14800,201911,0.04225352112676051
2020-04-01,14750,15150,14400,14600,170125,-0.013513513513513487
2020-04-02,14550,14950,14250,14850,122750,0.017123287671232834
2020-04-03,14900,15300,14650,14700,202613,-0.010101010101010055
2020-04-06,14750,15350,14700,15200,272173,0.03401360544217691
2020-04-07,15500,15650,15100,15450,616736,0.016447368421052655
2020-04-08,15500,16150,15400,15600,297773,0.009708737864077666
2020-04-09,15850,15900,15450,15700,237306,0.0064102564102563875
2020-04-10,15700,15850,15100,15750,183413,0.0031847133757962887
2020-04-13,15750,15800,15200,15200,197792,-0.03492063492063491
2020-04-14,15250,15600,15200,15450,118375,0.016447368421052655
2020-04-16,15400,15650,15100,15450,102823,0.0
2020-04-17,15750,16300,15650,16200,236051,0.04854368932038833
2020-04-20,16350,16550,15900,15950,132255,-0.015432098765432056
2020-04-21,15950,15950,15000,15400,193045,-0.03448275862068961
2020-04-22,15000,15200,14750,15150,239195,-0.016233766233766267
2020-04-23,15300,15750,15200,15650,183539,0.03300330033003296
2020-04-24,15650,15750,15200,15400,85214,-0.015974440894568676
2020-04-27,15450,15750,15400,15550,117837,0.009740259740259827
2020-04-28,15700,16050,15400,15850,152175,0.019292604501607746
2020-04-29,15850,16700,15650,16400,251641,0.034700315457413256
2020-05-04,15900,16550,15900,16150,137976,-0.015243902439024404
2020-05-06,16300,16450,16050,16300,209891,0.009287925696594534
2020-05-07,16200,20700,16100,19450,8024188,0.19325153374233128
2020-05-08,19200,20500,18400,18400,3699908,-0.05398457583547556
2020-05-11,18750,19750,18500,18750,1563716,0.01902173913043481
2020-05-12,19250,22300,19200,20400,4874771,0.08800000000000008
2020-05-13,20050,21050,19750,20950,1318812,0.026960784313725394
2020-05-14,20600,20750,19950,20450,831718,-0.023866348448687402
2020-05-15,20550,21400,19150,19550,1987427,-0.044009779951100225
2020-05-18,19500,20550,19250,20000,646706,0.023017902813299296
2020-05-19,20000,20150,19200,19400,484910,-0.030000000000000027
2020-05-20,19300,20150,19200,19400,730387,0.0
2020-05-21,19600,19700,19150,19450,341858,0.002577319587628857
2020-05-22,19450,19450,18750,18800,351527,-0.033419023136246784
2020-05-25,19100,19800,18850,19750,487220,0.05053191489361697
2020-05-26,19900,20000,19400,19600,402411,-0.0075949367088608
2020-05-27,19600,19650,19050,19150,359454,-0.022959183673469385
2020-05-28,19550,20450,18500,18650,1393728,-0.026109660574412552
2020-05-29,18500,18750,18150,18300,345170,-0.018766756032171594
2020-06-01,18300,18950,18300,18650,229374,0.0191256830601092
2020-06-02,18550,19300,18550,19200,318875,0.029490616621983934
2020-06-03,19650,19750,19450,19650,445364,0.0234375
2020-06-04,19650,19800,19050,19250,273022,-0.020356234096692072
2020-06-05,19200,19800,19150,19500,312836,0.01298701298701288
2020-06-08,19600,19700,18950,19050,245208,-0.023076923076923106
2020-06-09,19150,19450,19050,19300,258328,0.013123359580052396
2020-06-10,19450,19500,19150,19200,216013,-0.005181347150259086
2020-06-11,19200,19400,18900,19400,231502,0.01041666666666674
2020-06-12,18400,18950,18200,18700,295083,-0.03608247422680411
2020-06-15,18850,19150,17400,17500,348577,-0.06417112299465244
2020-06-16,18000,18350,17750,18300,313976,0.04571428571428582
2020-06-17,18150,18700,18000,18700,207960,0.021857923497267784
2020-06-18,18750,20550,18550,20150,1703857,0.07754010695187175
2020-06-19,20400,20450,19450,20150,645148,0.0
2020-06-22,20150,21750,19800,21000,1576174,0.042183622828784184
2020-06-23,21850,21900,20550,21150,877919,0.0071428571428571175
2020-06-24,21100,21600,20900,21200,447329,0.0023640661938533203
2020-06-25,20650,21450,20650,21450,449013,0.011792452830188704
2020-06-26,21600,21700,20800,20900,330808,-0.02564102564102566
2020-06-29,20550,20700,20050,20300,367076,-0.028708133971291905
2020-06-30,20550,20650,19700,19900,305535,-0.019704433497536922
2020-07-01,20200,20200,19600,19700,172264,-0.01005025125628145
2020-07-02,19700,20150,19500,20050,172659,0.017766497461928932
2020-07-03,20400,21050,20350,20750,325136,0.034912718204488824
2020-07-06,20700,20750,20050,20350,238775,-0.01927710843373498
2020-07-07,20500,20950,20350,20700,483291,0.017199017199017286
2020-07-08,20700,20750,20350,20650,209357,-0.0024154589371980784
2020-07-09,20700,21300,20450,20900,351939,0.012106537530266248
2020-07-10,21400,24250,21250,23300,4139965,0.1148325358851674
2020-07-13,23500,24050,23050,23750,872801,0.0193133047210301
2020-07-14,23400,23500,22500,22750,443021,-0.04210526315789476
2020-07-15,23000,23300,21900,22400,498669,-0.01538461538461533
2020-07-16,22400,22650,22100,22450,252623,0.0022321428571427937
2020-07-17,22600,22750,22050,22500,248896,0.00222717149220486
2020-07-20,22350,22450,21750,21800,179433,-0.03111111111111109
2020-07-21,22100,22150,21400,21700,446712,-0.004587155963302725
2020-07-22,21800,22050,21500,21700,354382,0.0
2020-07-23,21600,21650,21000,21250,338959,-0.020737327188940058
2020-07-24,20950,21350,20750,20800,208019,-0.02117647058823524
2020-07-27,20650,21150,20600,20750,153232,-0.0024038461538461453
2020-07-28,20950,21350,20800,21250,228238,0.024096385542168752
2020-07-29,21300,21400,20900,21000,278288,-0.0117647058823529
2020-07-30,21100,21150,20850,21000,246211,0.0
2020-07-31,21100,22200,20700,20750,816123,-0.011904761904761862
2020-08-03,20950,21450,20700,21300,208015,0.026506024096385472
2020-08-04,21350,21650,21300,21550,283262,0.011737089201877993
2020-08-05,22500,22500,21550,21600,498943,0.002320185614849146
2020-08-06,21800,21800,21300,21350,255315,-0.01157407407407407
2020-08-07,21400,21600,20900,21000,180316,-0.016393442622950838
2020-08-10,20950,21650,20700,21500,271241,0.023809523809523725
2020-08-11,21600,21800,21300,21450,232615,-0.0023255813953488857
2020-08-12,21450,21450,20600,21100,220210,-0.01631701631701632
2020-08-13,21550,21600,21000,21000,277586,-0.004739336492891044
2020-08-14,21100,21100,20300,20550,259457,-0.021428571428571463
2020-08-18,20850,20900,19700,19750,295224,-0.038929440389294356
2020-08-19,19750,20350,19750,20100,156165,0.017721518987341867
2020-08-20,20100,20150,18850,18900,278407,-0.05970149253731338
2020-08-21,18950,19400,18700,19100,151005,0.010582010582010692
2020-08-24,19000,20200,18950,19950,139050,0.04450261780104703
2020-08-25,20000,20200,19750,20000,179623,0.0025062656641603454
2020-08-26,20000,20050,19400,19900,129048,-0.0050000000000000044
2020-08-27,19950,20200,19550,19700,188914,-0.01005025125628145
2020-08-28,19500,19750,19350,19500,213562,-0.010152284263959421
2020-08-31,19700,19850,19400,19450,130223,-0.002564102564102555
2020-09-01,19450,20100,19400,19850,185877,0.020565552699228773
2020-09-02,19900,20400,19750,20350,234106,0.025188916876574208
2020-09-03,20600,20650,20000,20000,165724,-0.017199017199017175
2020-09-04,19100,19600,19050,19550,195161,-0.022499999999999964
2020-09-07,19600,20250,19250,20050,301844,0.025575447570332477
2020-09-08,21900,24500,21650,22700,5439309,0.13216957605985047
2020-09-09,22050,24000,21700,23200,1652986,0.022026431718061623
2020-09-10,23700,23800,22650,23000,802467,-0.008620689655172376
2020-09-11,23250,26450,23200,25200,5575521,0.09565217391304337
2020-09-14,25400,25500,24300,25050,1014277,-0.005952380952380931
2020-09-15,25050,25200,23350,23650,987342,-0.055888223552894245
2020-09-16,23500,24700,23500,24250,920757,0.025369978858351017
2020-09-17,24700,25600,23950,24100,1187188,-0.006185567010309256
2020-09-18,23900,24100,23200,23500,439271,-0.024896265560165998
2020-09-21,23650,23750,22050,22450,481937,-0.044680851063829796
2020-09-22,22300,22350,21250,21850,464400,-0.026726057906458767
2020-09-23,22000,22500,21500,22350,394687,0.022883295194507935
2020-09-24,21550,22050,20950,21000,343333,-0.06040268456375841
2020-09-25,21200,21400,20650,20800,248933,-0.00952380952380949
2020-09-28,21200,21450,20900,21450,145150,0.03125
2020-09-29,21750,21850,21250,21450,213145,0.0
2020-10-05,21550,22300,21450,22300,231504,0.03962703962703973
2020-10-06,22350,22400,21600,21800,203815,-0.022421524663677084
2020-10-07,21700,21950,21450,21650,183680,-0.006880733944954143
2020-10-08,21900,22300,21650,21700,381916,0.002309468822170979
2020-10-12,21900,22000,21450,21650,171624,-0.0023041474654378336
2020-10-13,21800,21800,21100,21300,235312,-0.0161662817551963
2020-10-14,21500,21500,20800,20950,142593,-0.016431924882629123
2020-10-15,20950,21150,20100,20450,246182,-0.023866348448687402
2020-10-16,20500,20700,19750,19950,300576,-0.02444987775061125
2020-10-19,19900,20200,19650,19800,170688,-0.007518796992481258
2020-10-20,19600,19850,19350,19850,225534,0.002525252525252597
2020-10-21,20000,20650,19950,20600,188011,0.037783375314861534
2020-10-22,20600,20600,20050,20150,102835,-0.021844660194174748
2020-10-23,20200,20350,19900,20100,99510,-0.002481389578163795
2020-10-26,20050,20100,19250,19250,293093,-0.04228855721393032
2020-10-27,19050,19400,18800,19250,312447,0.0
2020-10-28,19250,19750,19100,19700,226604,0.023376623376623273
2020-10-29,19200,19250,18800,19250,257206,-0.022842639593908642
2020-10-30,19150,19200,18700,18700,155611,-0.02857142857142858
2020-11-02,18750,19300,18750,19200,171219,0.02673796791443861
2020-11-03,19200,19700,19200,19650,239052,0.0234375
2020-11-04,19800,20100,19600,20050,173666,0.020356234096692072
2020-11-05,20050,20250,19900,20150,168622,0.004987531172069737
2020-11-06,20200,20250,19750,19750,218868,-0.01985111662531014
2020-11-09,19900,20050,19900,19950,140985,0.010126582278481067
2020-11-10,20000,20050,19750,20000,162275,0.0025062656641603454
2020-11-11,20000,20100,19900,20050,153476,0.0024999999999999467
2020-11-12,20150,20250,19800,19800,206932,-0.012468827930174564
2020-11-13,20100,20100,19750,19900,165860,0.005050505050504972
2020-11-16,20100,21000,20000,20900,572391,0.05025125628140703
2020-11-17,21000,21400,20800,21250,325656,0.01674641148325362
2020-11-18,21300,21400,20900,20950,176226,-0.014117647058823568
2020-11-19,20800,20900,20450,20600,248544,-0.01670644391408116
2020-11-20,20550,20800,20500,20600,144396,0.0
2020-11-23,20700,21450,20600,21450,385245,0.04126213592233019
2020-11-24,21450,21550,21250,21450,189391,0.0
2020-11-25,21750,21750,20550,21000,314954,-0.020979020979020935
2020-11-26,20850,22100,20850,21950,542375,0.0452380952380953
2020-11-27,21950,22050,21450,21750,291603,-0.009111617312072884
2020-11-30,21800,22000,21550,21550,230785,-0.00919540229885063
2020-12-01,21650,22800,21650,22700,793024,0.05336426914153125
2020-12-02,23350,23750,23000,23450,878897,0.033039647577092435
2020-12-03,23850,23900,23100,23450,495949,0.0
2020-12-04,23700,23700,22800,23350,555628,-0.004264392324093813
2020-12-07,23650,23650,22850,22950,397100,-0.017130620985010725
2020-12-08,22950,23100,22250,22300,321678,-0.028322440087146017
2020-12-09,22400,22550,22000,22200,363235,-0.004484304932735439
2020-12-10,22150,22900,22100,22400,352650,0.009009009009008917
2020-12-11,22450,22850,22450,22650,219457,0.01116071428571419
2020-12-14,22600,22600,22050,22100,267488,-0.02428256070640178
2020-12-15,22100,22300,21550,21800,284121,-0.013574660633484115
2020-12-16,21850,22200,21800,22000,199808,0.00917431192660545
2020-12-17,22050,22200,21650,21950,173685,-0.002272727272727315
2020-12-18,22100,22100,21800,22000,165854,0.002277904328018332
2020-12-21,21950,21950,21700,21850,177988,-0.006818181818181834
2020-12-22,21850,21900,21250,21250,263747,-0.027459954233409634
2020-12-23,21300,22000,21300,21650,318187,0.018823529411764683
2020-12-24,21850,22150,21750,22050,205792,0.018475750577367167
2020-12-28,22050,22150,21700,21800,154816,-0.0113378684807256
2020-12-29,21650,21900,21550,21900,148811,0.004587155963302836
2020-12-30,21900,22000,21750,21900,130872,0.0
2021-01-04,21950,22450,21950,22450,323829,0.02511415525114158
2021-01-05,22400,22750,22150,22700,290960,0.011135857461024523
2021-01-06,23300,23450,22700,22800,644451,0.004405286343612369
2021-01-07,23200,23400,23000,23050,375325,0.010964912280701844
2021-01-08,23500,23500,22750,22950,481922,-0.004338394793926281
2021-01-11,23000,23750,22450,23150,749032,0.008714596949890963
2021-01-12,23600,24300,23100,23850,1012380,0.030237580993520474
2021-01-13,24450,24450,23800,23850,459987,0.0
2021-01-14,23850,24500,23350,24200,495798,0.01467505241090139
2021-01-15,24250,24450,23400,24000,460013,-0.008264462809917328
2021-01-18,23700,23950,22750,23050,306637,-0.039583333333333304
2021-01-19,23050,23600,22800,23600,327999,0.02386117136659438
2021-01-20,23850,24150,23350,23500,311358,-0.004237288135593209
2021-01-21,23600,23900,23250,23750,301556,0.010638297872340496
2021-01-22,23650,24000,23450,23900,298758,0.006315789473684275
2021-01-25,24100,24300,23750,24000,312358,0.004184100418409997
2021-01-26,25000,27350,24750,26350,4413622,0.09791666666666665
2021-01-27,26900,28950,26050,27650,4030735,0.04933586337760909
2021-01-28,27250,28500,27000,28100,1762574,0.016274864376130127
2021-01-29,27900,28400,25950,26600,1305537,-0.053380782918149516
2021-02-01,26550,26850,25650,26450,603394,-0.005639097744360888
2021-02-02,26850,28200,26650,27300,858622,0.032136105860113506
2021-02-03,27600,28000,26800,27100,578969,-0.0073260073260073
2021-02-04,27100,27100,26050,26400,402877,-0.02583025830258301
2021-02-05,26550,26650,25800,26300,343074,-0.0037878787878787845
2021-02-08,26300,27750,25900,27250,710931,0.03612167300380231
2021-02-09,26950,27300,26200,26200,334794,-0.038532110091743066
2021-02-10,26250,26850,26050,26350,253960,0.005725190839694694
2021-02-15,26500,27150,26200,27050,329783,0.026565464895635715
2021-02-16,27350,28000,26800,26900,549568,-0.00554528650646946
2021-02-17,27100,27250,26450,26450,359494,-0.016728624535315983
2021-02-18,26500,26500,25500,25500,448080,-0.03591682419659736
2021-02-19,25400,25950,24850,25700,375554,0.007843137254901933
2021-02-22,25850,26650,25750,26600,399510,0.035019455252918386
2021-02-23,26150,26850,25600,26600,355584,0.0
2021-02-24,27600,28100,25500,25700,1002636,-0.03383458646616544
2021-02-25,26300,27300,25900,27000,440997,0.05058365758754868
2021-02-26,26250,27700,25950,27200,564496,0.007407407407407307
2021-03-02,27700,27750,26700,27000,381208,-0.007352941176470562
2021-03-03,26950,26950,26150,26550,366003,-0.01666666666666672
2021-03-04,26200,26500,25600,26200,284404,-0.013182674199623379
2021-03-05,25750,26200,25350,26150,236721,-0.001908396946564861
2021-03-08,26300,26500,25850,26000,190408,-0.005736137667303964
2021-03-09,26050,26200,24950,26000,245598,0.0
2021-03-10,26400,26450,25350,25350,141512,-0.025000000000000022
2021-03-11,25600,26000,25150,25300,285529,-0.0019723865877712132
2021-03-12,25650,26250,25450,26100,270170,0.031620553359683834
2021-03-15,26350,26950,26000,26750,336294,0.02490421455938696
2021-03-16,26950,27150,26550,26850,238884,0.0037383177570093906
2021-03-17,27000,27050,26100,26350,212501,-0.01862197392923648
2021-03-18,26500,26550,26200,26450,157366,0.00379506641366234
2021-03-19,25950,26300,25900,26050,139791,-0.015122873345935761
2021-03-22,26150,26150,25800,25900,107161,-0.0057581573896353655
2021-03-23,26000,26100,25400,25500,163460,-0.015444015444015413
2021-03-24,25300,26000,25100,25950,159600,0.01764705882352935
2021-03-25,25950,26150,25750,26100,112933,0.005780346820809301
2021-03-26,26100,27000,25950,26900,263122,0.03065134099616862
2021-03-29,27000,27050,26600,26950,152892,0.0018587360594795044
2021-03-30,26950,27250,26500,26700,167291,-0.00927643784786647
2021-03-31,26650,27250,26550,27050,234633,0.013108614232209659
2021-04-01,27250,27350,26650,26800,153957,-0.009242144177449174
2021-04-02,26900,27100,26400,26550,147494,-0.009328358208955279
2021-04-05,26600,27150,26450,27050,153595,0.01883239171374762
2021-04-06,27000,28850,26950,27900,918699,0.031423290203327126
2021-04-07,28000,28450,27600,28000,268193,0.0035842293906809264
2021-04-08,28650,29600,28000,28000,789267,0.0
2021-04-09,28200,28600,27900,28600,281275,0.021428571428571352
2021-04-12,29050,29200,28150,28450,273115,-0.005244755244755206
2021-04-13,28450,28550,27800,28000,241629,-0.01581722319859402
2021-04-14,28150,28700,27800,28600,229524,0.021428571428571352
2021-04-15,28650,28750,28000,28100,182652,-0.0174825174825175
2021-04-16,28100,28200,27500,28100,176930,0.0
2021-04-19,28250,28350,27850,27900,169024,-0.007117437722419906
2021-04-20,27900,28150,27650,28100,185634,0.007168458781362075
2021-04-21,27900,28000,27050,27200,307144,-0.03202846975088969
2021-04-22,27400,27550,27050,27400,134492,0.007352941176470562
2021-04-23,27150,27700,27000,27400,167834,0.0
2021-04-26,27600,28100,27400,28050,207863,0.02372262773722622
2021-04-27,28200,28250,27800,28100,168942,0.0017825311942958333
2021-04-28,28200,28200,27150,27200,209332,-0.03202846975088969
2021-04-29,27050,27400,26550,27150,194147,-0.0018382352941176405
2021-04-30,27350,27400,26500,26600,166019,-0.02025782688766109
2021-05-03,26550,26750,25850,25850,165536,-0.02819548872180455
2021-05-04,25900,26000,25250,25750,161220,-0.003868471953578312
2021-05-06,25800,26350,25500,26150,86039,0.01553398058252431
2021-05-07,26150,26700,26100,26650,101804,0.019120458891013437
2021-05-10,27200,28300,27100,27950,561052,0.04878048780487809
2021-05-11,27850,28700,27750,28550,449818,0.02146690518783534
2021-05-12,28650,28700,27550,28450,289840,-0.003502626970227629
2021-05-13,27900,28250,26900,27050,299273,-0.04920913884007028
2021-05-14,27450,27650,27150,27450,124330,0.014787430683918634
2021-05-17,27850,28050,27350,27450,141072,0.0
2021-05-18,28250,28700,27900,28350,334035,0.032786885245901676
2021-05-20,28350,28850,27900,28050,169399,-0.010582010582010581
2021-05-21,28150,28550,27650,27750,149262,-0.010695187165775444
2021-05-24,27750,27750,27150,27250,105587,-0.018018018018018056
2021-05-25,27450,27500,27100,27350,93098,0.003669724770642091
2021-05-26,27500,27800,27150,27550,94472,0.007312614259597838
2021-05-27,27600,27650,27150,27450,122635,-0.003629764065335772
2021-05-28,27200,27700,27200,27250,92550,-0.007285974499089298
2021-05-31,27500,27700,27300,27400,128881,0.005504587155963359
2021-06-01,27550,27600,27250,27400,89892,0.0
2021-06-02,27450,27450,26950,27000,133862,-0.014598540145985384
2021-06-03,27050,27450,26850,27200,116025,0.007407407407407307
2021-06-04,27250,27550,27050,27300,81119,0.003676470588235281
2021-06-07,27400,27900,27250,27850,162592,0.020146520146520075
2021-06-08,28250,28250,27650,27900,223610,0.0017953321364452268
2021-06-09,27950,28200,27600,27600,147206,-0.010752688172043001
2021-06-10,27550,27850,27350,27650,110876,0.0018115942028984477
2021-06-11,27800,28400,27650,28000,224888,0.012658227848101333
2021-06-14,28050,28200,27550,27700,144383,-0.010714285714285676
2021-06-15,27750,28000,27400,27900,174908,0.0072202166064982976
2021-06-16,27800,28150,27600,27700,156841,-0.007168458781361964
2021-06-17,27650,27650,27100,27300,175535,-0.014440433212996373
2021-06-18,27400,27700,27100,27700,149839,0.0146520146520146
2021-06-21,27650,27750,27350,27400,151527,-0.010830324909747335
2021-06-22,27600,29450,27600,28850,993178,0.05291970802919699
2021-06-23,28900,29500,28550,29450,462389,0.020797227036395194
2021-06-24,29400,29400,28150,28600,342495,-0.028862478777589184
2021-06-25,28600,28950,28450,28850,218530,0.00874125874125875
2021-06-28,28950,29700,28600,28850,377350,0.0
2021-06-29,29000,29150,28500,28550,193956,-0.010398613518197597
2021-06-30,28550,28650,28250,28500,151604,-0.0017513134851138146
2021-07-01,28700,29000,28350,28400,175926,-0.0035087719298245723
2021-07-02,28500,28650,28350,28400,104969,0.0
2021-07-05,28500,28500,28150,28350,127733,-0.0017605633802817433
2021-07-06,28400,28700,28350,28550,93499,0.007054673721340388
2021-07-07,28350,28500,28000,28150,147993,-0.014010507880910628
2021-07-08,28150,28400,27600,27600,226782,-0.019538188277087087
2021-07-09,27400,27750,27000,27450,166579,-0.005434782608695676
2021-07-12,27500,27700,27400,27450,91827,0.0
2021-07-13,27550,27950,27500,27950,96161,0.01821493624772308
2021-07-14,27900,27950,27500,27550,89336,-0.014311270125223596
2021-07-15,27600,27900,27550,27700,70982,0.005444646098003547
2021-07-16,27700,27950,27600,27750,49407,0.0018050541516245744
2021-07-19,27600,27700,27150,27250,116753,-0.018018018018018056
2021-07-20,27000,27250,26600,26700,180997,-0.020183486238532056
2021-07-21,26950,27200,26750,26850,58633,0.00561797752808979
2021-07-22,26850,27350,26850,27200,82113,0.013035381750465591
2021-07-23,27450,27500,27150,27250,44553,0.0018382352941177516
2021-07-26,27450,27500,27000,27100,79750,-0.0055045871559632475
2021-07-27,27100,27400,27000,27100,60430,0.0
2021-07-28,26900,27300,26800,26950,86231,-0.005535055350553542
2021-07-29,27300,27300,26850,26900,88723,-0.0018552875695733162
2021-07-30,26750,27050,26550,26700,108068,-0.0074349442379182396
2021-08-02,26700,26850,26100,26550,102518,-0.005617977528089901
2021-08-03,26500,26950,26500,26600,88706,0.0018832391713747842
2021-08-04,26600,27100,26600,27050,70228,0.016917293233082775
2021-08-05,27050,27450,27050,27350,110159,0.01109057301293892
2021-08-06,27400,27650,27250,27300,103973,-0.001828153564899404
2021-08-09,27300,27450,27250,27300,95861,0.0
2021-08-10,27350,27350,27000,27150,77460,-0.005494505494505475
2021-08-11,27150,27300,26800,26850,97226,-0.011049723756906049
2021-08-12,26850,27000,26650,26650,78428,-0.007448789571694592
2021-08-13,26550,26700,25800,26200,184864,-0.016885553470919357
2021-08-17,26200,26700,25700,26100,117643,-0.003816793893129722
2021-08-18,26100,26750,26000,26300,103432,0.00766283524904221
2021-08-19,25850,26450,25500,25500,149296,-0.03041825095057038
2021-08-20,25700,25900,24100,24500,244369,-0.039215686274509776
2021-08-23,24600,25450,24600,25000,217687,0.020408163265306145
2021-08-24,25400,26050,25250,26050,105450,0.04200000000000004
2021-08-25,26200,26250,25700,26150,92268,0.0038387715930903177
2021-08-26,26200,26500,25900,26200,94320,0.0019120458891013214
2021-08-27,26450,26650,26050,26400,86594,0.007633587786259444
2021-08-30,26700,26700,26000,26000,107297,-0.015151515151515138
2021-08-31,26150,26250,25700,26050,74485,0.0019230769230769162
2021-09-01,26050,26250,25900,26200,90118,0.0057581573896352545
2021-09-02,26050,26700,26000,26550,91398,0.013358778625954137
2021-09-03,26650,26800,26550,26750,65658,0.007532956685499137
2021-09-06,26700,26950,26450,26700,67042,-0.0018691588785046953
2021-09-07,26650,26800,26250,26450,56313,-0.009363295880149836
2021-09-08,26200,26500,26150,26400,58139,-0.001890359168241984
2021-09-09,26250,26500,25800,25950,111724,-0.017045454545454586
2021-09-10,25950,26300,25850,26300,45435,0.01348747591522148
2021-09-13,26050,26350,25900,26200,54354,-0.0038022813688213253
2021-09-14,26200,26450,26150,26200,46102,0.0
2021-09-15,26300,26300,25800,25950,91257,-0.009541984732824416
2021-09-16,26000,26050,25750,25750,41363,-0.0077071290944122905
2021-09-17,25700,25850,25450,25750,61152,0.0
2021-09-23,25600,25850,25450,25700,50061,-0.001941747572815511
2021-09-24,25800,25800,25450,25500,49471,-0.0077821011673151474
2021-09-27,25450,25500,25150,25300,42520,-0.007843137254901933
2021-09-28,25050,25300,24450,24550,155156,-0.029644268774703608
2021-09-29,24150,24500,23950,24250,144832,-0.012219959266802416
2021-09-30,24100,24750,24100,24500,52364,0.010309278350515427
2021-10-01,24250,24500,23750,23800,108872,-0.02857142857142858
2021-10-05,23750,23800,23050,23350,118845,-0.018907563025210128
2021-10-06,23400,23700,22800,22950,93831,-0.017130620985010725
2021-10-07,22950,23700,22950,23200,172569,0.01089324618736387
2021-10-08,23400,23450,22900,23050,124033,-0.006465517241379337
2021-10-12,23050,23100,22550,22750,90101,-0.013015184381778733
2021-10-13,22550,23300,22550,23200,52358,0.01978021978021971
2021-10-14,23250,23750,23250,23300,135350,0.004310344827586299
2021-10-15,23600,24200,23600,24050,118078,0.032188841201716833
2021-10-18,24050,24100,23650,23850,84274,-0.008316008316008316
2021-10-19,23850,24000,23600,23650,80926,-0.008385744234800874
2021-10-20,23700,24100,23700,23850,77928,0.008456659619450413
2021-10-21,23850,24200,23700,23850,62187,0.0
2021-10-22,23950,23950,23200,23350,152900,-0.02096436058700213
2021-10-25,23400,23450,23050,23350,81060,0.0
2021-10-26,23400,23900,23350,23800,190970,0.01927194860813697
2021-10-27,23600,24000,23600,23850,79236,0.0021008403361344463
2021-10-28,23850,23900,23550,23750,86209,-0.004192872117400381
2021-10-29,23800,23900,23250,23300,102871,-0.0189473684210526
2021-11-01,23400,23550,23300,23400,71091,0.0042918454935623185
2021-11-02,23300,23650,23300,23550,108006,0.0064102564102563875
2021-11-03,23550,23700,23350,23700,96823,0.006369426751592355
2021-11-04,23900,24000,23550,23650,111489,-0.002109704641350185
2021-11-05,23650,23750,23000,23200,134674,-0.019027484143763207
2021-11-08,23150,23300,22850,23250,82582,0.0021551724137931494
2021-11-09,23150,23400,22900,23100,90040,-0.006451612903225823
2021-11-10,22950,23150,22800,22850,96784,-0.010822510822510845
2021-11-11,22850,23100,22600,22600,149358,-0.01094091903719907
2021-11-12,22750,23850,22650,23500,243319,0.03982300884955747
2021-11-15,23500,24050,23450,24000,111385,0.02127659574468077
2021-11-16,24100,24300,23850,24100,103651,0.004166666666666652
2021-11-17,24600,25250,24450,24750,327477,0.026970954356846377
2021-11-18,25050,25050,24150,24250,163519,-0.02020202020202022
2021-11-19,24100,24450,24050,24350,121752,0.004123711340206171
2021-11-22,24350,24750,24050,24050,121646,-0.012320328542094416
2021-11-23,24000,24000,23750,23750,77332,-0.012474012474012475
2021-11-24,23750,24100,23600,23750,51787,0.0
2021-11-25,24000,24050,23250,23400,124279,-0.01473684210526316
2021-11-26,23300,23550,22700,22900,143574,-0.021367521367521403
2021-11-29,22200,23000,22050,22750,124865,-0.0065502183406113135
2021-11-30,22550,22850,21500,21650,243381,-0.0483516483516484
2021-12-01,21600,22150,21350,22050,114432,0.018475750577367167
2021-12-02,21700,22600,21700,22500,90300,0.020408163265306145
2021-12-03,22700,23000,22450,22950,84007,0.020000000000000018
2021-12-06,22950,22950,22400,22650,83208,-0.013071895424836555
2021-12-07,22750,22850,22500,22800,72849,0.0066225165562914245
2021-12-08,22950,23200,22800,22850,84572,0.002192982456140413
2021-12-09,22750,23050,22750,22750,103043,-0.004376367614879695
2021-12-10,22600,23050,22600,22700,80463,-0.00219780219780219
2021-12-13,22700,23050,22600,22650,83061,-0.0022026431718061845
2021-12-14,22650,23150,22550,22950,86619,0.013245033112582849
2021-12-15,22850,23050,22700,22950,47556,0.0
2021-12-16,23050,23100,22750,22850,49106,-0.004357298474945481
2021-12-17,22650,23200,22650,23150,88127,0.013129102844638973
2021-12-20,23000,23150,22550,22600,67219,-0.023758099352051865
2021-12-21,22650,22750,22500,22650,54422,0.0022123893805310324
2021-12-22,22700,22900,22500,22550,60078,-0.004415011037527616
2021-12-23,22650,22700,22500,22700,62297,0.006651884700665134
2021-12-24,22650,22900,22600,22750,82048,0.0022026431718060735
2021-12-27,22750,22850,22600,22650,104956,-0.00439560439560438
2021-12-28,22650,23150,22650,23150,121508,0.02207505518763786
2021-12-29,22900,23100,22750,22800,72838,-0.015118790496760237
2021-12-30,22800,22950,22650,22800,48214,0.0
2022-01-03,22800,22950,22750,22800,57690,0.0
2022-01-04,22900,23100,22800,22950,92206,0.006578947368421018
2022-01-05,22900,23000,22800,22900,81157,-0.002178649237472796
2022-01-06,22700,22800,22400,22400,125600,-0.02183406113537123
2022-01-07,22500,23400,22450,23300,270543,0.0401785714285714
2022-01-10,23100,23300,22650,22750,94818,-0.023605150214592308
2022-01-11,22750,22800,22050,22250,109523,-0.02197802197802201
2022-01-12,22300,22550,22300,22500,56456,0.011235955056179803
2022-01-13,22500,22600,22300,22300,62016,-0.008888888888888835
2022-01-14,22200,22400,22050,22150,64570,-0.006726457399103158
2022-01-17,22150,22300,21750,22000,66877,-0.006772009029345383
2022-01-18,22150,22150,21350,21400,119941,-0.027272727272727226
2022-01-19,21150,21500,20850,20950,150945,-0.0210280373831776
2022-01-20,20850,21300,20800,21250,65363,0.014319809069212486
2022-01-21,21100,21350,20950,21100,58547,-0.007058823529411784
2022-01-24,20900,21000,20400,20500,82956,-0.028436018957345932
2022-01-25,20500,20800,20050,20250,121438,-0.012195121951219523
2022-01-26,20100,20350,20000,20000,87425,-0.012345679012345734
2022-01-27,20000,20100,19200,19200,129946,-0.040000000000000036
2022-01-28,19250,20200,19250,20150,73599,0.04947916666666674
2022-02-03,20300,21050,20300,20800,106572,0.032258064516129004
2022-02-04,20650,21050,20600,21000,34886,0.009615384615384581
2022-02-07,21000,21100,20750,21050,42802,0.0023809523809523725
2022-02-08,21000,21200,20850,21050,52423,0.0
2022-02-09,21100,21500,20950,21200,61700,0.0071258907363420665
2022-02-10,21350,21350,21050,21350,37666,0.007075471698113178
2022-02-11,21250,21250,20800,20800,44259,-0.025761124121779888
2022-02-14,20500,21300,20200,20900,106305,0.004807692307692291
2022-02-15,21200,21200,20550,20550,55694,-0.01674641148325362
2022-02-16,20800,21100,20800,21000,64056,0.021897810218978186
2022-02-17,20900,21200,20800,20950,49149,-0.0023809523809523725
2022-02-18,20800,21100,20700,20900,46369,-0.0023866348448687846
2022-02-21,20800,21050,20650,20950,20508,0.0023923444976077235
2022-02-22,20600,20950,20550,20700,38954,-0.011933174224343701
2022-02-23,20700,21150,20700,21050,26494,0.01690821256038655
2022-02-24,20950,21050,20650,20800,48022,-0.01187648456057011
2022-02-25,20850,21100,20800,21000,34945,0.009615384615384581
2022-02-28,21050,21500,20800,21500,53364,0.023809523809523725
2022-03-02,21200,21850,21200,21800,53527,0.013953488372093092
2022-03-03,21900,21950,21650,21850,33980,0.002293577981651307
2022-03-04,21650,22350,21650,22200,65517,0.016018306636155666
2022-03-07,21950,22400,21800,22000,50692,-0.009009009009009028
2022-03-08,21550,21900,21300,21300,53032,-0.03181818181818186
2022-03-10,21600,22000,21450,21450,31713,0.007042253521126751
2022-03-11,21600,21750,21400,21650,67381,0.00932400932400923
2022-03-14,21650,22850,21650,22450,300206,0.036951501154734334
2022-03-15,22550,22700,22450,22500,83912,0.00222717149220486
2022-03-16,22600,22900,22250,22650,71574,0.006666666666666599
2022-03-17,22650,23100,22500,22650,100359,0.0
2022-03-18,22800,22900,22500,22900,78349,0.011037527593819041
2022-03-21,23050,23050,22500,22550,44766,-0.015283842794759805
2022-03-22,22500,22700,22300,22500,39476,-0.0022172949002217113
2022-03-23,22400,22700,22350,22600,34991,0.004444444444444473
2022-03-24,22450,22600,22300,22400,48845,-0.008849557522123908
2022-03-25,22500,22500,22000,22050,59264,-0.015625
2022-03-28,22100,22200,21800,21900,44369,-0.006802721088435382
2022-03-29,21950,22050,21800,22000,39149,0.004566210045662045
2022-03-30,21950,22300,21950,22100,67778,0.00454545454545463
2022-03-31,22050,22250,22000,22200,25715,0.004524886877828038
2022-04-01,22150,22150,21900,22000,27150,-0.009009009009009028
2022-04-04,22150,22200,21850,21950,47843,-0.002272727272727315
2022-04-05,21900,22050,21900,22000,26859,0.002277904328018332
2022-04-06,22000,22000,21700,21850,31939,-0.006818181818181834
2022-04-07,21800,21950,21300,21850,85175,0.0
2022-04-08,21950,21950,21450,21500,45147,-0.016018306636155555
2022-04-11,21500,21700,21400,21500,41339,0.0
2022-04-12,21350,21650,21200,21650,52643,0.006976744186046435
2022-04-13,21550,21700,21450,21600,39353,-0.002309468822170868
2022-04-14,21600,21700,21500,21550,48351,-0.0023148148148147696
2022-04-15,21550,21600,21250,21450,49582,-0.004640371229698403
2022-04-18,21450,21700,21400,21600,32875,0.006993006993007089
2022-04-19,21600,21750,21600,21650,30627,0.0023148148148148806
2022-04-20,21650,21750,21600,21700,31798,0.002309468822170979
2022-04-21,21600,21800,21600,21700,48106,0.0
2022-04-22,21600,21650,21300,21300,57427,-0.018433179723502335
2022-04-25,21100,21250,21000,21000,55711,-0.014084507042253502
2022-04-26,21100,21250,21000,21000,23551,0.0
2022-04-27,20850,20900,20650,20650,46217,-0.01666666666666672
2022-04-28,20800,20900,20450,20700,63703,0.002421307506053294
2022-04-29,20750,21000,20650,20750,50321,0.0024154589371980784
2022-05-02,20650,20800,20500,20600,28612,-0.0072289156626506035
2022-05-03,20800,20950,20600,20900,28862,0.014563106796116498
2022-05-04,21000,21150,20900,20950,26222,0.0023923444976077235
2022-05-06,20800,20800,20500,20750,29885,-0.009546539379474916
2022-05-09,20750,20800,20350,20500,40348,-0.012048192771084376
2022-05-10,20150,20350,19800,20350,55285,-0.007317073170731714
2022-05-11,20100,20300,19850,20200,49325,-0.0073710073710073765
2022-05-12,20150,20150,19500,19700,86091,-0.024752475247524774
2022-05-13,19700,20050,19650,19900,49885,0.010152284263959421
2022-05-16,20150,20300,20000,20050,28081,0.007537688442211143
2022-05-17,19950,20250,19950,20050,26146,0.0
2022-05-18,20100,20200,19850,19950,38448,-0.004987531172069848
2022-05-19,19650,19750,19500,19700,43364,-0.01253132832080206
2022-05-20,19750,19950,19750,19800,28815,0.0050761421319796
2022-05-23,20000,20000,19800,19850,13010,0.002525252525252597
2022-05-24,19900,19950,19700,19750,26281,-0.005037783375314908
2022-05-25,19750,19900,19700,19750,30511,0.0
2022-05-26,19750,20350,19750,20350,46689,0.030379746835442978
2022-05-27,20350,20350,20150,20350,31209,0.0
2022-05-30,20450,20450,20250,20400,25431,0.002457002457002533
2022-05-31,20500,20500,20300,20500,21337,0.004901960784313708
2022-06-02,20450,20550,20350,20500,19791,0.0
2022-06-03,20500,20600,20400,20500,15394,0.0
2022-06-07,20550,20550,19900,19950,39556,-0.02682926829268295
2022-06-08,19950,20100,19850,19950,20596,0.0
2022-06-09,19950,20000,19750,19850,33509,-0.005012531328320802
2022-06-10,19950,20000,19750,19850,35500,0.0
2022-06-13,19700,19750,19100,19200,86715,-0.032745591939546626
2022-06-14,18900,19000,18550,18850,88109,-0.01822916666666663
2022-06-15,18700,19000,18200,18350,79858,-0.02652519893899208
2022-06-16,18400,18850,18350,18350,43537,0.0
2022-06-17,18100,18550,17850,18550,53195,0.01089918256130784
2022-06-20,18400,18450,17650,17650,52341,-0.04851752021563338
2022-06-21,17550,17950,17550,17850,22108,0.011331444759206777
2022-06-22,17900,18000,17150,17150,79387,-0.039215686274509776
2022-06-23,17250,17600,16950,16950,112716,-0.011661807580174877
2022-06-24,16950,17750,16950,17750,45545,0.0471976401179941
2022-06-27,17800,18200,17800,18100,41029,0.019718309859154903
2022-06-28,18100,18300,17850,18100,31054,0.0
2022-06-29,17850,17950,17650,17750,24761,-0.01933701657458564
2022-06-30,17800,17800,17350,17450,26065,-0.016901408450704203
2022-07-01,17400,17550,17050,17050,49597,-0.022922636103151817
2022-07-04,17150,17300,16800,17000,84747,-0.0029325513196480912
2022-07-05,17050,17800,16900,17800,58367,0.04705882352941182
2022-07-06,17850,17850,17450,17500,69066,-0.016853932584269704
2022-07-07,17500,17800,17500,17800,22112,0.017142857142857126
2022-07-08,17850,18000,17700,17800,29460,0.0
2022-07-11,17850,17850,17650,17700,18192,-0.005617977528089901
2022-07-12,17650,17650,17250,17250,31680,-0.025423728813559365
2022-07-13,17250,17450,17250,17300,21694,0.0028985507246377384
2022-07-14,17300,18200,17300,17700,67900,0.023121387283236983
2022-07-15,17750,17800,17150,17550,43308,-0.008474576271186418
2022-07-18,17600,18350,17600,18250,49611,0.03988603988603989
2022-07-19,18100,18550,18050,18500,26919,0.013698630136986356
2022-07-20,18650,18900,18600,18600,21158,0.00540540540540535
2022-07-21,18600,18750,18600,18700,18824,0.005376344086021501
2022-07-22,18700,18850,18400,18600,15891,-0.005347593582887722
2022-07-25,18450,18750,18400,18550,14847,-0.0026881720430107503
2022-07-26,18550,18750,18500,18600,14791,0.0026954177897573484
2022-07-27,18500,18650,18150,18650,24462,0.0026881720430107503
2022-07-28,18850,18850,18350,18500,28938,-0.008042895442359255
2022-07-29,18500,18800,18400,18800,26358,0.016216216216216273
2022-08-01,18800,18850,18650,18800,23198,0.0
2022-08-02,18650,18800,18500,18550,41069,-0.013297872340425565
2022-08-03,18550,18900,18550,18850,29883,0.016172506738544534
2022-08-04,18900,19150,18850,18900,52163,0.0026525198938991412
2022-08-05,18900,19200,18900,19150,34658,0.013227513227513255
2022-08-08,19000,19150,18950,19100,28419,-0.0026109660574412663
2022-08-09,18900,19100,18800,19000,33576,-0.005235602094240788
2022-08-10,18900,18950,18750,18950,23018,-0.0026315789473684292
2022-08-11,18950,19050,18850,18950,83584,0.0
2022-08-12,18950,19150,18850,19050,51952,0.005277044854881341
2022-08-16,19100,19350,19050,19100,49323,0.002624671916010568
2022-08-17,19000,19200,19000,19150,23873,0.002617801047120505
2022-08-18,19200,19250,18850,19250,25216,0.005221932114882533
2022-08-19,19200,19250,18900,19050,37154,-0.010389610389610393
2022-08-22,18900,18950,18550,18750,56175,-0.015748031496062964
2022-08-23,18550,18550,18150,18350,43472,-0.021333333333333315
2022-08-24,18250,18500,18250,18400,15392,0.0027247956403269047
2022-08-25,18450,18700,18400,18550,21094,0.008152173913043459
2022-08-26,18550,18800,18550,18650,13781,0.005390835579514919
2022-08-29,18050,18550,18000,18400,37095,-0.013404825737265424
2022-08-30,18250,18800,18250,18750,24342,0.01902173913043481
2022-08-31,18650,18900,18550,18800,15848,0.002666666666666595
2022-09-01,18700,18800,18550,18600,15127,-0.010638297872340385
2022-09-02,18600,18750,18450,18650,16523,0.0026881720430107503
2022-09-05,18650,18850,18450,18600,19793,-0.002680965147453085
2022-09-06,18600,18700,18500,18600,22710,0.0
2022-09-07,18600,18650,17900,17900,57246,-0.037634408602150504
2022-09-08,18050,18400,18050,18150,39232,0.013966480446927276
2022-09-13,18250,18600,18250,18500,27273,0.019283746556473913
2022-09-14,18250,18700,18000,18550,42235,0.002702702702702675
2022-09-15,18750,18750,18500,18500,13288,-0.0026954177897574594
2022-09-16,18300,18650,18300,18500,22107,0.0
2022-09-19,18450,18550,18250,18300,12222,-0.010810810810810811
2022-09-20,18300,18650,18300,18500,14522,0.010928961748633892
2022-09-21,18550,18750,18450,18650,19358,0.008108108108108025
2022-09-22,18600,18650,18250,18650,25220,0.0
2022-09-23,18600,18650,18050,18300,45985,-0.018766756032171594
2022-09-26,18050,18200,17350,17500,59253,-0.04371584699453557
2022-09-27,17250,18400,17250,17750,52436,0.014285714285714235
2022-09-28,17550,17750,17050,17150,49328,-0.033802816901408406
2022-09-29,17200,17550,17000,17150,30714,0.0
2022-09-30,16900,17150,16750,17000,41298,-0.008746355685131157
2022-10-04,17100,17450,17050,17400,21504,0.0235294117647058
2022-10-05,17850,17850,17150,17500,26218,0.005747126436781658
2022-10-06,17300,17900,17300,17650,18764,0.008571428571428674
2022-10-07,17650,17850,17400,17850,12583,0.011331444759206777
2022-10-11,17450,17550,16950,17050,29091,-0.0448179271708683
2022-10-12,16900,17450,16900,17400,37600,0.02052785923753664
2022-10-13,17550,17550,16950,16950,53169,-0.025862068965517238
2022-10-14,17250,17350,17150,17150,15018,0.01179941002949847
2022-10-17,18000,18500,17250,17300,109017,0.008746355685131268
2022-10-18,17750,18150,17500,18050,50412,0.043352601156069426
2022-10-19,18200,18350,17750,18000,24027,-0.0027700831024930483
2022-10-20,18000,18050,17500,17700,25728,-0.01666666666666672
2022-10-21,17550,17700,17200,17300,30617,-0.02259887005649719
2022-10-24,17400,17700,17350,17450,27734,0.00867052023121384
2022-10-25,17500,17800,17450,17600,22726,0.008595988538681931
2022-10-26,17600,17900,17550,17850,31930,0.014204545454545414
2022-10-27,17850,18250,17850,18100,24959,0.014005602240896309
2022-10-28,17950,18200,17800,17800,10178,-0.016574585635359074
2022-10-31,17900,18100,17800,18100,15735,0.016853932584269593
2022-11-01,18050,18350,17950,18200,28356,0.005524861878453136
2022-11-02,18300,18450,18000,18300,27114,0.005494505494505475
2022-11-03,18150,18400,18100,18250,25539,-0.002732240437158473
2022-11-04,18100,18350,17900,18250,16005,0.0
2022-11-07,18300,18550,18150,18450,22291,0.010958904109588996
2022-11-08,18600,18600,18400,18500,21709,0.0027100271002709064
2022-11-09,18550,18850,18450,18700,44380,0.0108108108108107
2022-11-10,18650,18900,18550,18750,34930,0.002673796791443861
2022-11-11,19200,19300,18950,19250,57944,0.026666666666666616
2022-11-14,19350,19950,19250,19800,94288,0.02857142857142847
2022-11-15,19850,20750,19700,20600,143649,0.04040404040404044
2022-11-16,20800,21200,20450,20950,143487,0.016990291262136026
2022-11-17,21100,21250,20350,20600,103649,-0.01670644391408116
2022-11-18,20700,20750,19250,19250,151740,-0.06553398058252424
2022-11-21,19250,19400,18850,19100,53448,-0.007792207792207795
2022-11-22,19050,19300,18950,19100,44056,0.0
2022-11-23,19150,19600,19100,19500,60110,0.020942408376963373
2022-11-24,19500,19800,19200,19750,60491,0.012820512820512775
2022-11-25,19700,20600,19400,20350,123930,0.030379746835442978
2022-11-28,20350,20900,20100,20100,110060,-0.012285012285012331
2022-11-29,20000,20400,20000,20100,36343,0.0
2022-11-30,20150,21000,20100,20800,132713,0.03482587064676612
2022-12-01,21100,21200,20750,20950,139362,0.007211538461538547
2022-12-02,20950,21150,20600,20950,73103,0.0
2022-12-05,20950,20950,20250,20500,116711,-0.021479713603818618
2022-12-06,20500,20600,19450,19450,117155,-0.051219512195122
2022-12-07,19400,19450,19300,19450,49636,0.0
2022-12-08,19450,19500,19000,19000,69398,-0.023136246786632397
2022-12-09,19050,19550,19050,19450,40949,0.023684210526315752
2022-12-12,19650,19700,19050,19050,50330,-0.020565552699228773
2022-12-13,19150,19200,18950,19150,43583,0.005249343832020914
2022-12-14,19150,19500,19100,19500,89666,0.018276762402088753
2022-12-15,19450,19500,19250,19500,11502,0.0
2022-12-16,19350,19800,19150,19800,26033,0.01538461538461533
2022-12-19,19700,19900,19550,19700,24388,-0.005050505050505083
2022-12-20,19700,19800,19400,19550,26900,-0.0076142131979695105
2022-12-21,19550,19700,19150,19150,62450,-0.020460358056266004
2022-12-22,19200,19400,19150,19400,49029,0.01305483028720622
2022-12-23,19300,19400,18950,18950,78744,-0.023195876288659822
2022-12-26,19100,19150,18850,19000,42048,0.0026385224274405594
2022-12-27,19000,19950,19000,19850,90219,0.044736842105263186
2022-12-28,19700,19950,19450,19650,54985,-0.010075566750629705
2022-12-29,19600,19700,19000,19200,43790,-0.022900763358778664
2023-01-02,19050,19200,18500,18550,61456,-0.03385416666666663
2023-01-03,18500,18750,18100,18650,49334,0.005390835579514919
2023-01-04,18450,19050,18450,19050,34547,0.02144772117962468
2023-01-05,19000,19350,18950,19050,30671,0.0
2023-01-06,19050,19250,18900,19100,38365,0.002624671916010568
2023-01-09,19250,20000,19200,19900,66430,0.041884816753926746
2023-01-10,19950,22800,19900,22100,1157758,0.11055276381909551
2023-01-11,22250,23250,21950,22150,609013,0.002262443438914019
2023-01-12,22350,22850,22250,22700,243907,0.02483069977426644
2023-01-13,22800,23000,22450,22700,193751,0.0
2023-01-16,22700,22750,21800,22150,208991,-0.024229074889867808
2023-01-17,22250,22550,21900,22150,119265,0.0
2023-01-18,22300,22300,21600,21900,114644,-0.011286681715575675
2023-01-19,21700,22550,21700,22250,110648,0.015981735159817267
2023-01-20,22500,22550,21950,22000,82695,-0.011235955056179803
2023-01-25,22250,22250,21300,21350,126948,-0.02954545454545454
2023-01-26,21550,21800,21300,21600,95825,0.011709601873536313
2023-01-27,21700,22100,21300,22100,110593,0.02314814814814814
2023-01-30,22200,22950,21850,22550,177281,0.020361990950226172
2023-01-31,22500,23200,22250,22900,219397,0.015521064301552201
2023-02-01,23000,24450,23000,23850,564081,0.04148471615720517
2023-02-02,23900,24300,23250,23350,257675,-0.02096436058700213
2023-02-03,23450,23700,22900,23100,121984,-0.010706638115631661
2023-02-06,22850,22850,22150,22250,129326,-0.03679653679653683
2023-02-07,22400,22550,22100,22500,109070,0.011235955056179803
2023-02-08,22500,23350,22450,22650,142994,0.006666666666666599
2023-02-09,22800,22800,22350,22550,91773,-0.004415011037527616
2023-02-10,22350,22400,22000,22150,84282,-0.0177383592017738
2023-02-13,22200,22350,21650,21950,87728,-0.009029345372460473
2023-02-14,22100,23450,21950,22800,206661,0.03872437357630987
2023-02-15,22750,23050,22150,22500,150380,-0.013157894736842146
2023-02-16,22500,24300,22500,23850,472274,0.06000000000000005
2023-02-17,23700,24050,23300,23400,106831,-0.018867924528301883
2023-02-20,23250,23550,22800,22900,114327,-0.021367521367521403
2023-02-21,23150,23300,22600,22650,144543,-0.01091703056768556
2023-02-22,22550,22550,21950,22050,108743,-0.026490066225165587
2023-02-23,22050,22500,22000,22250,90127,0.009070294784580435
2023-02-24,22450,22450,21700,21700,102737,-0.024719101123595544
2023-02-27,21650,22100,21350,22100,90464,0.018433179723502224
2023-02-28,22250,22300,21600,21600,82343,-0.022624434389140302
2023-03-02,21650,22100,21600,21950,82504,0.01620370370370372
2023-03-03,22000,22050,21550,21550,61704,-0.018223234624145768
2023-03-06,21600,21650,21150,21350,84629,-0.009280742459396807
2023-03-07,21300,21550,20950,21200,118945,-0.007025761124121788
2023-03-08,21100,21100,20600,20800,150266,-0.018867924528301883
2023-03-09,20800,21500,20750,21150,122162,0.016826923076923128
2023-03-10,20850,20900,20300,20550,136229,-0.028368794326241176
2023-03-13,20200,20650,20200,20600,71205,0.0024330900243310083
2023-03-14,20500,20550,19850,19850,107016,-0.036407766990291246
2023-03-15,20150,20250,19990,20050,50105,0.010075566750629816
2023-03-16,19850,19970,19680,19850,67758,-0.009975062344139696
2023-03-17,20100,20300,19950,20150,77300,0.015113350125944613
2023-03-20,20250,20250,19700,19980,63053,-0.008436724565756837
2023-03-21,20150,20150,19670,19670,112760,-0.015515515515515554
2023-03-22,19870,19870,19400,19500,65423,-0.008642602948652822
2023-03-23,19210,19790,19210,19730,82676,0.011794871794871709
