Date,Open,High,Low,Close,Volume,Change
2015-01-02,6000,6000,5750,5890,17828,-0.018333333333333313
2015-01-05,5900,5900,5640,5840,36656,-0.008488964346349714
2015-01-06,5740,6060,5660,6060,31587,0.03767123287671237
2015-01-07,6020,6020,5870,5930,38665,-0.021452145214521434
2015-01-08,5900,5900,5640,5720,27119,-0.03541315345699836
2015-01-09,5690,5780,5630,5710,16614,-0.0017482517482517723
2015-01-12,5710,5760,5530,5710,76767,0.0
2015-01-13,5650,5860,5530,5750,44845,0.007005253940455258
2015-01-14,5820,5820,5630,5820,25965,0.012173913043478368
2015-01-15,5820,5860,5700,5790,17821,-0.005154639175257714
2015-01-16,5720,5800,5570,5570,34995,-0.03799654576856648
2015-01-19,5600,5600,5220,5560,58094,-0.0017953321364452268
2015-01-20,5490,5600,5280,5540,126453,-0.003597122302158251
2015-01-21,5630,5920,5430,5780,684155,0.04332129963898912
2015-01-22,5720,6150,5710,6080,46770,0.05190311418685112
2015-01-23,6090,6220,5890,6100,35182,0.00328947368421062
2015-01-26,6220,6220,6020,6140,12613,0.006557377049180246
2015-01-27,6140,6250,6050,6050,22755,-0.014657980456026065
2015-01-28,6150,6150,6000,6130,9383,0.013223140495867813
2015-01-29,6110,6130,5900,6050,14606,-0.013050570962479635
2015-01-30,6050,6140,5920,6140,20839,0.014876033057851235
2015-02-02,6050,6180,6010,6100,25189,-0.006514657980456029
2015-02-03,6100,6450,6100,6250,88687,0.024590163934426146
2015-02-04,6320,6360,5750,5750,213972,-0.07999999999999996
2015-02-05,5920,6160,5920,5980,166053,0.040000000000000036
2015-02-06,5980,6160,5940,6040,69443,0.010033444816053505
2015-02-09,6040,6070,5910,5970,61593,-0.011589403973509937
2015-02-10,5970,6180,5820,6120,41785,0.025125628140703515
2015-02-11,6130,6190,6030,6080,41798,-0.006535947712418277
2015-02-12,6080,6140,5980,6080,21322,0.0
2015-02-13,6020,6160,5950,6100,33397,0.00328947368421062
2015-02-16,6100,6210,6030,6100,21551,0.0
2015-02-17,6100,6100,6030,6090,11628,-0.0016393442622950616
2015-02-23,6090,6140,6000,6130,23008,0.006568144499178974
2015-02-24,6130,6270,6080,6270,28042,0.022838499184339334
2015-02-25,6200,6270,6130,6210,22349,-0.009569377990430672
2015-02-26,6290,6300,6140,6170,19246,-0.006441223832528209
2015-02-27,6250,6340,6130,6330,13733,0.025931928687196182
2015-03-02,6330,6360,6210,6330,31568,0.0
2015-03-03,6450,6450,6330,6400,17219,0.011058451816745585
2015-03-04,6450,6470,6330,6340,12200,-0.009375000000000022
2015-03-05,6310,6380,6200,6340,26654,0.0
2015-03-06,6340,6370,6250,6320,10577,-0.003154574132492094
2015-03-09,6320,6430,6210,6310,17342,-0.0015822784810126667
2015-03-10,6310,6310,6110,6140,39832,-0.02694136291600635
2015-03-11,6180,6180,6010,6020,50581,-0.019543973941368087
2015-03-12,6040,6220,6040,6220,20792,0.03322259136212624
2015-03-13,6320,6320,6220,6300,20957,0.012861736334405238
2015-03-16,6310,6430,6310,6420,19418,0.01904761904761898
2015-03-17,6420,6520,6400,6400,8750,-0.0031152647975077885
2015-03-18,6480,6480,6210,6450,33605,0.0078125
2015-03-19,6410,6500,6290,6500,29401,0.007751937984496138
2015-03-20,6390,6490,6390,6480,6130,-0.003076923076923088
2015-03-23,6470,6570,6400,6500,28336,0.0030864197530864335
2015-03-24,6570,6590,6430,6500,12578,0.0
2015-03-25,6470,6520,6420,6500,15447,0.0
2015-03-26,6460,6600,6410,6500,6030,0.0
2015-03-27,6500,6500,6350,6460,16770,-0.006153846153846176
2015-03-30,6420,6540,6340,6460,12906,0.0
2015-03-31,6400,6560,6380,6460,9770,0.0
2015-04-01,6520,6520,6320,6460,25542,0.0
2015-04-02,6460,6490,6390,6490,12313,0.004643962848297267
2015-04-03,6490,6570,6430,6550,17293,0.009244992295839749
2015-04-06,6550,6820,6550,6770,82871,0.03358778625954195
2015-04-07,6770,6880,6640,6710,23413,-0.008862629246676468
2015-04-08,6670,6740,6530,6720,51884,0.0014903129657228842
2015-04-09,6850,7110,6730,6990,109339,0.0401785714285714
2015-04-10,6990,7070,6790,6850,69346,-0.02002861230329045
2015-04-13,6860,6900,6670,6670,43392,-0.026277372262773713
2015-04-14,6650,6680,6330,6590,87617,-0.01199400299850073
2015-04-15,6550,6550,6340,6510,117965,-0.012139605462822445
2015-04-16,6520,6670,6490,6520,64563,0.001536098310291889
2015-04-17,6620,6640,6380,6500,73868,-0.0030674846625766694
2015-04-20,6500,6500,6400,6450,39370,-0.007692307692307665
2015-04-21,6580,6580,6400,6510,56014,0.009302325581395321
2015-04-22,6480,6850,6480,6750,83793,0.03686635944700467
2015-04-23,7000,7680,6870,7150,538370,0.059259259259259345
2015-04-24,7180,7200,6770,6810,81853,-0.047552447552447585
2015-04-27,6910,7000,6790,6990,61003,0.026431718061673992
2015-04-28,7200,7200,6920,7070,74261,0.011444921316166035
2015-04-29,6970,7040,6790,6930,61567,-0.01980198019801982
2015-04-30,6900,6920,6570,6640,83249,-0.0418470418470418
2015-05-04,6680,6800,6600,6690,39037,0.0075301204819278045
2015-05-06,6580,6740,6460,6690,48412,0.0
2015-05-07,6740,6740,6470,6680,42270,-0.001494768310911776
2015-05-08,6660,6720,6520,6640,12549,-0.005988023952095856
2015-05-11,6690,6730,6580,6690,39243,0.0075301204819278045
2015-05-12,6620,6730,6590,6710,14024,0.002989536621823552
2015-05-13,6650,6730,6620,6700,28647,-0.0014903129657227732
2015-05-14,6750,6830,6660,6700,27007,0.0
2015-05-15,6740,6790,6650,6710,15905,0.0014925373134329067
2015-05-18,6750,6750,6560,6560,19920,-0.02235469448584204
2015-05-19,6590,6690,6450,6680,24606,0.018292682926829285
2015-05-20,6700,6700,6490,6660,48859,-0.0029940119760478723
2015-05-21,6680,6700,6560,6640,14771,-0.0030030030030030463
2015-05-22,6580,6690,6560,6660,18841,0.003012048192771122
2015-05-26,6650,6680,6510,6680,16698,0.0030030030030030463
2015-05-27,6560,6640,6470,6600,46213,-0.0119760479041916
2015-05-28,6600,6730,6560,6600,20557,0.0
2015-05-29,6620,6620,6530,6590,12466,-0.0015151515151514694
2015-06-01,6550,6590,6490,6490,13390,-0.015174506828528056
2015-06-02,6470,6520,6290,6490,51203,0.0
2015-06-03,6500,6600,6420,6510,19698,0.0030816640986133237
2015-06-04,6520,6550,6380,6520,8605,0.001536098310291889
2015-06-05,6400,6520,6400,6430,13953,-0.013803680981595123
2015-06-08,6470,6480,6300,6410,15377,-0.0031104199066873672
2015-06-09,6330,6490,6330,6480,9188,0.010920436817472678
2015-06-10,6470,6500,6350,6450,30561,-0.00462962962962965
2015-06-11,6390,6450,6290,6430,32500,-0.0031007751937984773
2015-06-12,6390,6430,6370,6400,6437,-0.004665629860031051
2015-06-15,6400,6400,6220,6320,22546,-0.012499999999999956
2015-06-16,6250,6290,6020,6150,36046,-0.026898734177215222
2015-06-17,6130,6230,6020,6220,21718,0.011382113821138296
2015-06-18,6200,6220,6100,6190,22629,-0.004823151125401881
2015-06-19,6120,6150,5940,6130,44441,-0.009693053311793265
2015-06-22,6130,6290,6100,6220,14118,0.014681892332789603
2015-06-23,6200,6250,6140,6220,15387,0.0
2015-06-24,6300,6390,6170,6300,19354,0.012861736334405238
2015-06-25,6400,6400,6200,6330,16725,0.004761904761904745
2015-06-26,6330,6330,6220,6310,18908,-0.003159557661927326
2015-06-29,6300,6300,6090,6280,23419,-0.004754358161648153
2015-06-30,6170,6250,6120,6240,13595,-0.006369426751592355
2015-07-01,6240,6240,6070,6190,31945,-0.008012820512820484
2015-07-02,6190,6200,6060,6120,16385,-0.011308562197092087
2015-07-03,6120,6180,5990,6150,26693,0.004901960784313708
2015-07-06,6030,6170,6030,6060,11971,-0.014634146341463428
2015-07-07,6150,6150,5970,6070,12388,0.0016501650165017256
2015-07-08,6030,6110,5890,5980,41020,-0.014827018121911006
2015-07-09,5990,6000,5850,5980,14059,0.0
2015-07-10,5980,5980,5790,5850,31262,-0.021739130434782594
2015-07-13,5850,5930,5800,5930,10457,0.013675213675213627
2015-07-14,5930,5980,5820,5960,8475,0.005059021922428242
2015-07-15,5960,6030,5930,6010,9825,0.008389261744966348
2015-07-16,5960,6170,5960,6140,15805,0.021630615640598982
2015-07-17,6140,6360,6100,6360,57308,0.03583061889250816
2015-07-20,7000,7100,6350,6400,295945,0.0062893081761006275
2015-07-21,6370,6370,6190,6320,63131,-0.012499999999999956
2015-07-22,6320,6350,6210,6350,42646,0.004746835443038
2015-07-23,6370,6500,6260,6450,31206,0.015748031496062964
2015-07-24,6470,6470,6300,6320,14386,-0.020155038759689936
2015-07-27,6220,6320,6180,6190,26037,-0.020569620253164556
2015-07-28,6170,6240,6050,6190,15604,0.0
2015-07-29,6230,6230,5990,6150,37237,-0.00646203554119551
2015-07-30,6170,6170,6000,6110,23838,-0.006504065040650375
2015-07-31,6150,6160,5930,6150,38913,0.00654664484451728
2015-08-03,6150,6160,6080,6150,14412,0.0
2015-08-04,6140,6300,6060,6290,26864,0.02276422764227637
2015-08-05,6220,6310,6200,6300,20759,0.0015898251192367763
2015-08-06,6250,6350,6250,6290,12126,-0.0015873015873015817
2015-08-07,6200,6300,6150,6280,30998,-0.0015898251192368873
2015-08-10,6280,6280,6070,6190,41789,-0.014331210191082855
2015-08-11,6130,6230,6030,6120,27207,-0.011308562197092087
2015-08-12,6130,6140,5980,6140,13933,0.0032679738562091387
2015-08-13,6150,6150,5970,6100,67560,-0.006514657980456029
2015-08-17,6060,6130,6050,6100,13809,0.0
2015-08-18,6070,6150,6000,6110,15355,0.0016393442622950616
2015-08-19,6170,6170,5960,6040,17326,-0.011456628477905073
2015-08-20,5910,6040,5890,6040,21488,0.0
2015-08-21,5620,6240,5620,6220,89529,0.0298013245033113
2015-08-24,6110,6280,5960,5990,32111,-0.036977491961414755
2015-08-25,5960,6110,5940,6090,18209,0.016694490818029983
2015-08-26,6060,6120,6000,6100,19558,0.0016420361247948545
2015-08-27,6130,6370,6080,6310,37541,0.03442622950819674
2015-08-28,6430,6460,6320,6390,27507,0.01267828843106189
2015-08-31,6420,6450,6260,6340,22201,-0.007824726134585291
2015-09-01,6340,6390,6260,6330,7081,-0.001577287066246047
2015-09-02,6220,6300,6190,6260,7545,-0.011058451816745696
2015-09-03,6260,6340,6150,6200,20405,-0.009584664536741228
2015-09-04,6200,6200,6040,6160,31445,-0.006451612903225823
2015-09-07,6070,6120,6010,6010,16274,-0.024350649350649345
2015-09-08,6100,6100,5910,6010,18139,0.0
2015-09-09,6010,6110,5980,6090,21891,0.01331114808652245
2015-09-10,5990,6070,5960,6050,17358,-0.006568144499178974
2015-09-11,6020,6110,5910,6070,12954,0.0033057851239668423
2015-09-14,6070,6070,6040,6060,1775,-0.0016474464579900872
2015-09-15,6060,6100,6020,6080,7342,0.0033003300330032292
2015-09-16,6070,6140,6040,6140,10458,0.009868421052631637
2015-09-17,6140,6230,6120,6210,28104,0.01140065146579805
2015-09-18,6390,6390,6220,6280,27556,0.011272141706924366
2015-09-21,6270,6270,6160,6230,28129,-0.0079617834394905
2015-09-22,6200,6230,6160,6230,7775,0.0
2015-09-23,6260,6290,6170,6200,15771,-0.0048154093097912964
2015-09-24,6200,6250,6140,6230,11154,0.004838709677419395
2015-09-25,6290,6290,6160,6220,5191,-0.0016051364365970988
2015-09-30,6220,6260,6170,6210,14524,-0.001607717041800627
2015-10-01,6220,6270,6190,6250,9044,0.006441223832528209
2015-10-02,6240,6330,6230,6300,17212,0.008000000000000007
2015-10-05,6420,6420,6280,6350,16030,0.007936507936507908
2015-10-06,6340,6360,6290,6330,19477,-0.0031496062992125706
2015-10-07,6360,6430,6320,6420,26614,0.014218009478673022
2015-10-08,6430,6440,6260,6270,55614,-0.02336448598130836
2015-10-12,6260,6310,6180,6270,17845,0.0
2015-10-13,6300,6300,6150,6240,6335,-0.004784688995215336
2015-10-14,6250,6250,6160,6190,2465,-0.008012820512820484
2015-10-15,6150,6200,6100,6180,7048,-0.001615508885298822
2015-10-16,6190,6190,6090,6090,11776,-0.014563106796116498
2015-10-19,6100,6180,5990,6110,18321,0.003284072249589487
2015-10-20,6110,6110,6040,6050,6514,-0.009819967266775809
2015-10-21,6030,6060,5940,6020,29721,-0.0049586776859503745
2015-10-22,6010,6010,5880,5980,21619,-0.006644518272425293
2015-10-23,5970,6090,5960,6060,10798,0.013377926421404673
2015-10-26,6090,6120,6030,6110,18175,0.008250825082508184
2015-10-27,6130,6140,6020,6090,10536,-0.00327332242225864
2015-10-28,6080,6110,5990,6040,11661,-0.008210180623973717
2015-10-29,6050,6060,5990,6060,14859,0.0033112582781456013
2015-10-30,6050,6060,5940,6020,20105,-0.0066006600660065695
2015-11-02,6030,6030,5940,6010,15962,-0.0016611295681062677
2015-11-03,6020,6020,5900,6010,19380,0.0
2015-11-04,6010,6060,5980,6060,15111,0.008319467554076532
2015-11-05,6050,6060,5990,6040,9255,-0.0033003300330033403
2015-11-06,5980,6040,5950,6000,18056,-0.0066225165562914245
2015-11-09,6010,6010,5900,5950,12472,-0.008333333333333304
2015-11-10,5960,5960,5880,5940,12686,-0.001680672268907557
2015-11-11,5920,5980,5880,5980,4878,0.006734006734006703
2015-11-12,5980,6050,5930,6000,3528,0.0033444816053511683
2015-11-13,5990,5990,5870,5960,20446,-0.00666666666666671
2015-11-16,5910,5970,5820,5930,10082,-0.005033557046979831
2015-11-17,5960,5960,5890,5930,153043,0.0
2015-11-18,5940,5970,5900,5960,7034,0.005059021922428242
2015-11-19,5960,6010,5950,5990,4222,0.005033557046979942
2015-11-20,6040,6060,5980,6040,3457,0.008347245409014992
2015-11-23,6040,6040,5950,5960,6226,-0.013245033112582738
2015-11-24,5980,6090,5930,6070,17464,0.01845637583892623
2015-11-25,6080,6180,5700,6160,35773,0.014827018121911006
2015-11-26,6170,6340,5930,6170,176811,0.0016233766233766378
2015-11-27,6210,6210,6030,6200,28809,0.004862236628849326
2015-11-30,6180,6190,6000,6100,23826,-0.016129032258064502
2015-12-01,6100,6180,5970,6180,21162,0.013114754098360715
2015-12-02,6180,6180,6000,6080,53830,-0.016181229773462813
2015-12-03,6010,6120,5970,6030,21488,-0.008223684210526327
2015-12-04,6010,6070,5990,6050,15182,0.0033167495854062867
2015-12-07,5980,6070,5960,6040,21598,-0.0016528925619834212
2015-12-08,6040,6060,5950,6000,25886,-0.0066225165562914245
2015-12-09,6000,6000,5900,5990,18312,-0.0016666666666667052
2015-12-10,5990,6060,5860,6060,32789,0.011686143572620988
2015-12-11,6060,6070,5910,5950,24215,-0.018151815181518205
2015-12-14,5880,5980,5820,5950,14982,0.0
2015-12-15,5860,5960,5800,5800,26765,-0.025210084033613467
2015-12-16,5880,5890,5710,5800,38602,0.0
2015-12-17,5840,5850,5680,5690,44810,-0.018965517241379293
2015-12-18,5700,5790,5660,5770,38809,0.014059753954305698
2015-12-21,5790,5800,5690,5760,29522,-0.0017331022530329143
2015-12-22,5780,5780,5690,5710,6067,-0.00868055555555558
2015-12-23,5670,5710,5570,5650,41175,-0.010507880910682998
2015-12-24,5730,5740,5590,5660,17564,0.001769911504424737
2015-12-28,5690,5730,5580,5690,13284,0.005300353356890497
2015-12-29,5730,5730,5590,5690,18192,0.0
2015-12-30,5690,5780,5630,5770,26838,0.014059753954305698
2016-01-04,5810,5840,5680,5740,12060,-0.005199306759098743
2016-01-05,5690,5700,5600,5700,9367,-0.006968641114982632
2016-01-06,5680,5730,5400,5400,94252,-0.052631578947368474
2016-01-07,5430,5470,5360,5440,29336,0.007407407407407307
2016-01-08,5420,5480,5200,5330,56245,-0.020220588235294157
2016-01-11,5300,5310,5050,5180,104234,-0.02814258911819889
2016-01-12,5120,5340,5040,5300,69907,0.02316602316602312
2016-01-13,5300,5400,5230,5400,40717,0.018867924528301883
2016-01-14,5310,5410,5230,5400,14264,0.0
2016-01-15,5310,5410,5260,5270,14437,-0.024074074074074026
2016-01-18,5390,5390,5260,5290,9428,0.00379506641366234
2016-01-19,5210,5300,5180,5300,16405,0.001890359168241984
2016-01-20,5290,5330,5090,5200,13837,-0.018867924528301883
2016-01-21,5230,5340,5020,5320,13898,0.023076923076922995
2016-01-22,5290,5330,5170,5250,29469,-0.013157894736842146
2016-01-25,5280,5300,5130,5250,22107,0.0
2016-01-26,5180,5290,5100,5250,32274,0.0
2016-01-27,5250,5290,5140,5230,19938,-0.003809523809523818
2016-01-28,5180,5240,5140,5230,18587,0.0
2016-01-29,5210,5280,5110,5220,17784,-0.0019120458891013214
2016-02-01,5250,5250,5130,5160,42002,-0.011494252873563204
2016-02-02,5230,5230,5010,5160,52450,0.0
2016-02-03,5060,5130,5040,5100,25297,-0.011627906976744207
2016-02-04,5080,5200,5030,5150,29061,0.009803921568627416
2016-02-05,5190,5520,5130,5430,21208,0.05436893203883497
2016-02-11,5400,5570,5330,5510,48342,0.014732965009208066
2016-02-12,5510,5570,5280,5490,34873,-0.003629764065335772
2016-02-15,5510,5510,5340,5350,26726,-0.025500910746812377
2016-02-16,5490,5490,5240,5360,48259,0.0018691588785046953
2016-02-17,5360,5360,5230,5300,17640,-0.011194029850746245
2016-02-18,5290,5340,5240,5320,26129,0.0037735849056603765
2016-02-19,5350,5430,5260,5410,33829,0.016917293233082775
2016-02-22,5330,5440,5330,5420,17869,0.001848428835489857
2016-02-23,5370,5410,5330,5380,34446,-0.0073800738007380184
2016-02-24,5380,5430,5330,5430,5675,0.009293680297397744
2016-02-25,5420,5420,5210,5340,27353,-0.016574585635359074
2016-02-26,5340,5400,5300,5360,13853,0.0037453183520599342
2016-02-29,5370,5370,5220,5360,20912,0.0
2016-03-02,5360,5360,5310,5350,5540,-0.001865671641791078
2016-03-03,5350,5350,5270,5320,5501,-0.005607476635513975
2016-03-04,5250,5410,5190,5390,43257,0.013157894736842035
2016-03-07,5420,5440,5320,5370,13147,-0.0037105751391465214
2016-03-08,5410,5430,5310,5340,13523,-0.005586592178770999
2016-03-09,5320,5410,5250,5330,13958,-0.0018726591760299671
2016-03-10,5280,5330,5210,5300,19265,-0.0056285178236398226
2016-03-11,5320,5430,5250,5430,16487,0.02452830188679256
2016-03-14,5450,5450,5360,5440,11565,0.0018416206261511192
2016-03-15,5450,5450,5370,5450,5037,0.0018382352941177516
2016-03-16,5520,5520,5330,5500,15874,0.00917431192660545
2016-03-17,5500,5550,5380,5450,51484,-0.009090909090909038
2016-03-18,5490,5490,5350,5400,17969,-0.00917431192660545
2016-03-21,5400,5430,5360,5400,9931,0.0
2016-03-22,5420,5420,5290,5400,16925,0.0
2016-03-23,5420,5430,5330,5410,20305,0.0018518518518517713
2016-03-24,5370,5400,5300,5330,28205,-0.014787430683918634
2016-03-25,5330,5470,5300,5440,29439,0.02063789868667909
2016-03-28,5390,5450,5320,5440,20394,0.0
2016-03-29,5440,5480,5410,5470,12507,0.005514705882353033
2016-03-30,5470,5480,5380,5460,29426,-0.001828153564899404
2016-03-31,5430,5480,5410,5460,12359,0.0
2016-04-01,5450,5550,5410,5540,16878,0.0146520146520146
2016-04-04,5540,5750,5490,5710,34437,0.03068592057761732
2016-04-05,5710,5780,5630,5770,30331,0.01050788091068311
2016-04-06,5750,5850,5720,5830,36803,0.010398613518197486
2016-04-07,5820,5870,5780,5790,20253,-0.006861063464837058
2016-04-08,5780,5820,5700,5760,14321,-0.005181347150259086
2016-04-11,5760,5810,5720,5750,12085,-0.0017361111111111605
2016-04-12,5740,5870,5740,5860,20766,0.019130434782608674
2016-04-14,5860,6160,5800,6020,40186,0.027303754266211566
2016-04-15,6000,6040,5860,6040,31050,0.0033222591362125353
2016-04-18,6020,6040,5900,5980,21043,-0.009933774834437137
2016-04-19,5930,5970,5850,5930,16373,-0.00836120401337792
2016-04-20,5880,5960,5820,5950,20997,0.003372681281618828
2016-04-21,5940,6030,5840,6000,21020,0.008403361344537785
2016-04-22,6000,6000,5860,5930,16258,-0.011666666666666714
2016-04-25,5890,5900,5800,5900,22017,-0.005059021922428353
2016-04-26,5890,5890,5780,5800,22210,-0.016949152542372836
2016-04-27,5810,5870,5760,5860,9331,0.010344827586206806
2016-04-28,5880,5890,5710,5760,16713,-0.017064846416382284
2016-04-29,5710,5780,5650,5720,15153,-0.00694444444444442
2016-05-02,5740,5760,5650,5760,10083,0.006993006993007089
2016-05-03,5760,5790,5740,5740,5403,-0.00347222222222221
2016-05-04,5740,5740,5690,5720,3819,-0.0034843205574912606
2016-05-09,5720,5770,5640,5740,9254,0.0034965034965035446
2016-05-10,5720,5810,5650,5790,5512,0.008710801393728262
2016-05-11,5790,5840,5770,5830,4365,0.006908462867012188
2016-05-12,5830,5870,5760,5850,11929,0.0034305317324185847
2016-05-13,5870,5870,5760,5840,7912,-0.0017094017094017033
2016-05-16,5800,5900,5800,5890,6292,0.008561643835616417
2016-05-17,5910,5910,5800,5800,9487,-0.015280135823429575
2016-05-18,5840,5840,5650,5690,16225,-0.018965517241379293
2016-05-19,5690,5760,5620,5690,5823,0.0
2016-05-20,5720,5720,5620,5700,6031,0.0017574692442883233
2016-05-23,5680,5720,5580,5710,15593,0.0017543859649122862
2016-05-24,5730,5730,5660,5700,4200,-0.0017513134851138146
2016-05-25,5670,5740,5650,5730,5104,0.0052631578947368585
2016-05-26,5760,5810,5680,5720,5702,-0.0017452006980802626
2016-05-27,5690,5730,5650,5730,8663,0.0017482517482516613
2016-05-30,5730,5770,5670,5720,12040,-0.0017452006980802626
2016-05-31,5680,5720,5590,5640,13108,-0.013986013986013957
2016-06-01,5640,5760,5590,5720,12108,0.014184397163120588
2016-06-02,5700,5710,5500,5670,57695,-0.00874125874125875
2016-06-03,5640,5640,5490,5580,41312,-0.015873015873015928
2016-06-07,5540,5570,5490,5530,16871,-0.008960573476702538
2016-06-08,5530,5560,5420,5560,15963,0.005424954792043302
2016-06-09,5550,5750,5450,5680,63114,0.021582733812949728
2016-06-10,5670,5740,5600,5680,10719,0.0
2016-06-13,5680,5680,5560,5610,7047,-0.01232394366197187
2016-06-14,5530,5640,5500,5630,20608,0.0035650623885918886
2016-06-15,5600,5700,5490,5630,13874,0.0
2016-06-16,5580,5580,5450,5520,27793,-0.019538188277087087
2016-06-17,5480,5520,5420,5520,9581,0.0
2016-06-20,5450,5530,5380,5510,30098,-0.0018115942028985588
2016-06-21,5500,5560,5400,5470,18822,-0.007259528130671544
2016-06-22,5470,5510,5410,5500,20368,0.005484460694698434
2016-06-23,5500,5530,5450,5490,3070,-0.0018181818181818299
2016-06-24,5530,5560,5300,5390,23966,-0.01821493624772308
2016-06-27,5410,5410,5180,5350,59135,-0.007421150278293154
2016-06-28,5320,5390,5270,5360,3577,0.0018691588785046953
2016-06-29,5300,5390,5300,5320,14287,-0.007462686567164201
2016-06-30,5350,5390,5300,5380,2778,0.011278195488721776
2016-07-01,5400,5400,5300,5380,17778,0.0
2016-07-04,5340,5370,5300,5360,14901,-0.0037174721189591198
2016-07-05,5360,5380,5290,5350,6350,-0.001865671641791078
2016-07-06,5350,5350,5240,5350,25238,0.0
2016-07-07,5340,5360,5290,5320,9669,-0.005607476635513975
2016-07-08,5270,5330,5260,5320,18989,0.0
2016-07-11,5320,5340,5260,5280,12723,-0.007518796992481258
2016-07-12,5280,5330,5180,5320,34107,0.007575757575757569
2016-07-13,5340,5350,5270,5320,1908,0.0
2016-07-14,5320,5330,5290,5310,4131,-0.001879699248120259
2016-07-15,5310,5330,5210,5290,22835,-0.0037664783427495685
2016-07-18,5250,5300,5250,5290,5422,0.0
2016-07-19,5280,5290,5250,5280,6977,-0.001890359168241984
2016-07-20,5270,5300,5250,5290,5396,0.0018939393939394478
2016-07-21,5290,5290,5230,5250,14362,-0.007561436672967825
2016-07-22,5230,5250,5190,5210,20090,-0.007619047619047636
2016-07-25,5210,5210,5140,5140,15500,-0.013435700575815779
2016-07-26,5320,6490,5100,5100,2553599,-0.0077821011673151474
2016-07-27,5140,5170,5010,5130,401136,0.00588235294117645
2016-07-28,5150,5230,5080,5170,120434,0.007797270955165692
2016-07-29,5140,5210,5100,5190,133149,0.003868471953578423
2016-08-01,5160,5260,5130,5240,68300,0.009633911368015502
2016-08-02,5260,5260,5160,5190,50015,-0.009541984732824416
2016-08-03,5200,5250,5140,5210,49075,0.003853564547206201
2016-08-04,5230,5310,5160,5270,94938,0.011516314779270731
2016-08-05,5270,5370,5250,5320,41750,0.009487666034155628
2016-08-08,5370,5400,5310,5360,33709,0.007518796992481258
2016-08-09,5350,5420,5320,5400,40230,0.00746268656716409
2016-08-10,5390,5410,5340,5380,50598,-0.0037037037037036535
2016-08-11,5380,5430,5280,5400,67813,0.0037174721189590088
2016-08-12,5400,5440,5360,5420,44109,0.0037037037037037646
2016-08-16,5420,5470,5400,5440,26046,0.0036900369003689537
2016-08-17,5440,5450,5360,5400,39715,-0.007352941176470562
2016-08-18,5390,5400,5200,5380,64985,-0.0037037037037036535
2016-08-19,5390,5390,5290,5290,33760,-0.016728624535315983
2016-08-22,5300,5320,5230,5260,12660,-0.005671077504725952
2016-08-23,5300,5320,5160,5280,36722,0.0038022813688212143
2016-08-24,5330,5340,5210,5310,23284,0.005681818181818121
2016-08-25,5310,5350,5240,5290,32526,-0.0037664783427495685
2016-08-26,5310,5600,5310,5480,141554,0.03591682419659725
2016-08-29,5470,5520,5390,5440,97170,-0.007299270072992692
2016-08-30,5430,5520,5350,5370,60240,-0.012867647058823484
2016-08-31,5400,5400,5240,5340,39389,-0.005586592178770999
2016-09-01,5390,5390,5250,5270,21762,-0.01310861423220977
2016-09-02,5310,5370,5250,5300,26574,0.005692599620493288
2016-09-05,5300,5450,5290,5410,30692,0.020754716981132182
2016-09-06,5440,5460,5330,5440,27806,0.005545286506469571
2016-09-07,5440,5470,5390,5400,37299,-0.007352941176470562
2016-09-08,5380,5560,5360,5550,93877,0.02777777777777768
2016-09-09,5550,5820,5410,5740,170091,0.03423423423423433
2016-09-12,5650,6210,5350,5400,938085,-0.059233449477351874
2016-09-13,5350,5440,5300,5400,155885,0.0
2016-09-19,5500,5640,5370,5640,349080,0.04444444444444451
2016-09-20,5640,5790,5530,5640,269197,0.0
2016-09-21,5640,5660,5490,5580,179211,-0.010638297872340385
2016-09-22,5600,5620,5470,5490,156875,-0.016129032258064502
2016-09-23,5520,5640,5520,5580,110604,0.016393442622950838
2016-09-26,5600,5630,5540,5540,66538,-0.007168458781361964
2016-09-27,5540,5970,5520,5750,266399,0.03790613718411562
2016-09-28,5700,5900,5630,5770,208217,0.003478260869565153
2016-09-29,5750,6110,5720,5840,345094,0.0121317157712304
2016-09-30,5790,5900,5570,5650,194642,-0.03253424657534243
2016-10-04,5680,5750,5620,5730,61171,0.014159292035398341
2016-10-05,5700,5760,5680,5730,60232,0.0
2016-10-06,5730,5800,5620,5650,57451,-0.013961605584642212
2016-10-07,5690,5730,5590,5640,67344,-0.001769911504424737
2016-10-10,5590,5700,5490,5610,102845,-0.005319148936170248
2016-10-11,5610,5670,5480,5630,97148,0.0035650623885918886
2016-10-12,5620,5700,5520,5610,69102,-0.003552397868561319
2016-10-13,5650,5650,5520,5650,61661,0.007130124777183555
2016-10-14,5650,5820,5580,5780,82039,0.023008849557522026
2016-10-17,5850,5850,5680,5780,71619,0.0
2016-10-18,5740,5820,5700,5780,32526,0.0
2016-10-19,5780,5820,5710,5730,37036,-0.00865051903114189
2016-10-20,5690,5770,5630,5680,38455,-0.008726003490401424
2016-10-21,5680,5730,5580,5670,36036,-0.0017605633802817433
2016-10-24,5670,5720,5630,5660,28461,-0.0017636684303351524
2016-10-25,5640,5710,5490,5660,66253,0.0
2016-10-26,5650,5650,5510,5610,43831,-0.00883392226148405
2016-10-27,5610,5650,5540,5610,31934,0.0
2016-10-28,5600,5620,5500,5530,63448,-0.014260249554367221
2016-10-31,5570,5570,5360,5500,77319,-0.005424954792043413
2016-11-01,5470,5540,5380,5500,52279,0.0
2016-11-02,5500,5500,5250,5370,57633,-0.023636363636363678
2016-11-03,5270,5430,5270,5400,30552,0.005586592178770999
2016-11-04,5390,5390,5290,5300,27948,-0.01851851851851849
2016-11-07,5340,5400,5320,5400,11738,0.018867924528301883
2016-11-08,5400,5440,5310,5350,22728,-0.0092592592592593
2016-11-09,5300,5380,5050,5270,82343,-0.01495327102803734
2016-11-10,5300,5390,5290,5350,23719,0.015180265654648917
2016-11-11,5400,5400,5320,5390,20791,0.007476635514018781
2016-11-14,5340,5400,5330,5330,8705,-0.011131725417439675
2016-11-15,5290,5390,5270,5340,14741,0.0018761726078799779
2016-11-16,5330,5390,5240,5390,68403,0.009363295880149725
2016-11-17,5400,5410,5280,5400,30718,0.0018552875695732052
2016-11-18,5340,5410,5300,5300,22582,-0.01851851851851849
2016-11-21,5350,5350,5200,5270,20067,-0.005660377358490565
2016-11-22,5270,5280,5190,5230,16934,-0.007590132827324458
2016-11-23,5260,5270,5100,5210,46934,-0.003824091778202643
2016-11-24,5210,5290,5090,5210,24275,0.0
2016-11-25,5150,5240,5150,5230,7444,0.0038387715930903177
2016-11-28,5170,5250,5130,5130,46203,-0.019120458891013437
2016-11-29,5110,5180,5070,5100,27657,-0.005847953216374324
2016-11-30,5090,5150,5060,5120,18341,0.0039215686274509665
2016-12-01,5110,5170,5070,5070,14607,-0.009765625
2016-12-02,5060,5170,4995,5150,48756,0.015779092702169706
2016-12-05,5190,5190,5060,5110,9691,-0.007766990291262155
2016-12-06,5100,5110,5050,5080,13927,-0.005870841487279899
2016-12-07,5050,5110,5000,5090,29656,0.0019685039370078705
2016-12-08,5060,5120,5050,5090,22541,0.0
2016-12-09,5090,5150,5050,5090,13375,0.0
2016-12-12,5090,5170,5090,5160,28903,0.013752455795677854
2016-12-13,5120,5230,5120,5230,27514,0.013565891472868241
2016-12-14,5230,5280,5220,5240,13898,0.0019120458891013214
2016-12-15,5240,5270,5190,5250,14110,0.001908396946564972
2016-12-16,5260,5270,5200,5230,11263,-0.003809523809523818
2016-12-19,5230,5340,5200,5260,60704,0.005736137667303964
2016-12-20,5270,5300,5170,5200,49247,-0.011406844106463865
2016-12-21,5210,5220,5190,5210,7233,0.0019230769230769162
2016-12-22,5210,5240,5100,5220,45027,0.0019193857965451588
2016-12-23,5190,5260,5180,5220,9417,0.0
2016-12-26,5180,5240,5160,5200,9150,-0.003831417624521105
2016-12-27,5160,5230,5140,5210,23602,0.0019230769230769162
2016-12-28,5180,5270,5150,5250,19485,0.007677543186180413
2016-12-29,5240,5310,5210,5260,16441,0.0019047619047618536
2017-01-02,5210,5310,5180,5280,9355,0.0038022813688212143
2017-01-03,5300,5310,5230,5270,9614,-0.0018939393939394478
2017-01-04,5230,5310,5230,5250,18124,-0.003795066413662229
2017-01-05,5230,5270,5200,5270,23658,0.003809523809523707
2017-01-06,5270,5270,5200,5230,23752,-0.007590132827324458
2017-01-09,5260,5300,5220,5250,16842,0.003824091778202643
2017-01-10,5250,5250,5160,5230,19328,-0.003809523809523818
2017-01-11,5240,5280,5200,5200,5403,-0.005736137667303964
2017-01-12,5160,5210,5150,5150,17971,-0.009615384615384581
2017-01-13,5200,5250,5150,5180,10580,0.005825242718446644
2017-01-16,5200,5220,5140,5190,13799,0.0019305019305020377
2017-01-17,5210,5220,5130,5150,12476,-0.0077071290944122905
2017-01-18,5150,5170,5100,5110,11838,-0.007766990291262155
2017-01-19,5180,5180,5060,5100,16638,-0.00195694716242667
2017-01-20,5090,5110,5010,5040,32237,-0.0117647058823529
2017-01-23,5020,5090,5000,5040,21267,0.0
2017-01-24,5000,5070,4980,5060,26306,0.003968253968253954
2017-01-25,5060,5090,5020,5070,19751,0.0019762845849802257
2017-01-26,5090,5130,5060,5100,13782,0.00591715976331364
2017-01-31,5150,5160,5060,5100,12140,0.0
2017-02-01,5050,5120,4995,5030,25735,-0.013725490196078383
2017-02-02,5010,5050,4990,5050,41779,0.003976143141153132
2017-02-03,5050,5060,4995,5040,13888,-0.001980198019801982
2017-02-06,5070,5070,5000,5040,19609,0.0
2017-02-07,5050,5050,4995,5000,11250,-0.007936507936507908
2017-02-08,5040,5040,4985,5020,9883,0.0040000000000000036
2017-02-09,5020,5050,4985,5010,19343,-0.0019920318725099584
2017-02-10,5030,5030,4870,4970,93626,-0.007984031936127733
2017-02-13,4945,4985,4855,4970,47261,0.0
2017-02-14,4970,4995,4945,4980,7480,0.002012072434607548
2017-02-15,4980,4990,4935,4980,5751,0.0
2017-02-16,4980,4990,4950,4980,2628,0.0
2017-02-17,4980,5110,4980,5100,49036,0.024096385542168752
2017-02-20,5100,5120,5060,5100,5759,0.0
2017-02-21,5120,5120,5060,5120,10424,0.0039215686274509665
2017-02-22,5130,5130,5050,5110,8959,-0.001953125
2017-02-23,5100,5280,5100,5230,53071,0.023483365949119372
2017-02-24,5240,5240,5150,5220,6392,-0.0019120458891013214
2017-02-27,5170,5230,5110,5180,10927,-0.007662835249042099
2017-02-28,5210,5240,5010,5220,52247,0.007722007722007707
2017-03-02,5240,5270,5120,5190,15647,-0.005747126436781658
2017-03-03,5210,5210,5100,5140,8803,-0.009633911368015391
2017-03-06,5160,5160,5070,5120,8536,-0.0038910505836575737
2017-03-07,5110,5120,5070,5120,6202,0.0
2017-03-08,5120,5210,5050,5190,35737,0.013671875
2017-03-09,5200,5210,5100,5150,9686,-0.0077071290944122905
2017-03-10,5150,5150,5070,5150,6264,0.0
2017-03-13,5190,5190,5080,5130,12741,-0.003883495145631022
2017-03-14,5090,5130,5050,5090,16688,-0.007797270955165692
2017-03-15,5080,5090,5040,5090,7974,0.0
2017-03-16,5070,5100,5020,5090,19604,0.0
2017-03-17,5090,5200,5090,5190,29218,0.01964636542239684
2017-03-20,5190,5190,5110,5130,7375,-0.011560693641618491
2017-03-21,5080,5150,5060,5090,9719,-0.007797270955165692
2017-03-22,5140,5140,5040,5090,17709,0.0
2017-03-23,5050,5090,5020,5080,26727,-0.0019646365422396617
2017-03-24,5100,5100,5000,5070,15176,-0.0019685039370078705
2017-03-27,5040,5090,5000,5070,29735,0.0
2017-03-28,5070,5100,5020,5050,7422,-0.0039447731755424265
2017-03-29,5100,5270,5050,5230,72063,0.035643564356435675
2017-03-30,5260,5260,5100,5220,14213,-0.0019120458891013214
2017-03-31,5230,5250,5120,5210,9371,-0.0019157088122605526
2017-04-03,5160,5230,5100,5160,21032,-0.009596928982725572
2017-04-04,5180,5190,5110,5160,12104,0.0
2017-04-05,5170,5200,5140,5170,11703,0.0019379844961240345
2017-04-06,5170,5230,5140,5190,10836,0.003868471953578423
2017-04-07,5190,5250,5180,5230,14395,0.007707129094412402
2017-04-10,5240,5240,5100,5170,14687,-0.01147227533460804
2017-04-11,5130,5150,5020,5120,55123,-0.009671179883945835
2017-04-12,5070,5120,5050,5090,3385,-0.005859375
2017-04-13,5120,5120,5040,5050,15885,-0.007858546168958758
2017-04-14,5080,5100,5010,5080,17507,0.005940594059405946
2017-04-17,5090,5090,5030,5080,9753,0.0
2017-04-18,5060,5100,5010,5090,22809,0.0019685039370078705
2017-04-19,5130,5130,5020,5090,20195,0.0
2017-04-20,5110,5110,5030,5100,49274,0.0019646365422396617
2017-04-21,5110,5160,5040,5100,93869,0.0
2017-04-24,5100,5150,5020,5030,128986,-0.013725490196078383
2017-04-25,5060,5190,5030,5170,104459,0.027833001988071482
2017-04-26,5180,5200,5110,5180,85314,0.0019342359767891004
2017-04-27,5180,5220,5100,5200,128983,0.0038610038610038533
2017-04-28,5200,5270,5160,5210,40925,0.0019230769230769162
2017-05-02,5210,5220,5090,5140,81124,-0.013435700575815779
2017-05-04,5160,5260,5140,5200,36351,0.011673151750972721
2017-05-08,5190,5260,5190,5220,17393,0.0038461538461538325
2017-05-10,5220,5250,5170,5230,34403,0.0019157088122605526
2017-05-11,5230,5250,5170,5180,28581,-0.009560229445506718
2017-05-12,5180,5200,5150,5180,13621,0.0
2017-05-15,5200,5210,5150,5180,21079,0.0
2017-05-16,5180,5200,5130,5200,25875,0.0038610038610038533
2017-05-17,5200,5230,5190,5210,25297,0.0019230769230769162
2017-05-18,5190,5250,5160,5220,30544,0.0019193857965451588
2017-05-19,5240,5240,5180,5230,32333,0.0019157088122605526
2017-05-22,5250,5250,5200,5210,25591,-0.003824091778202643
2017-05-23,5230,5250,5190,5220,12860,0.0019193857965451588
2017-05-24,5230,5250,5180,5200,19192,-0.003831417624521105
2017-05-25,5220,5240,5160,5190,20744,-0.0019230769230769162
2017-05-26,5200,5210,5140,5200,23976,0.0019267822736031004
2017-05-29,5200,5230,5160,5200,32458,0.0
2017-05-30,5200,5240,5200,5210,41262,0.0019230769230769162
2017-05-31,5230,5240,5190,5220,27847,0.0019193857965451588
2017-06-01,5220,5250,5200,5220,19754,0.0
2017-06-02,5200,5240,5190,5230,21187,0.0019157088122605526
2017-06-05,5240,5250,5200,5240,16499,0.0019120458891013214
2017-06-07,5240,5260,5210,5230,17148,-0.001908396946564861
2017-06-08,5240,5290,5200,5280,24035,0.009560229445506607
2017-06-09,5270,5370,5210,5270,66361,-0.0018939393939394478
2017-06-12,5270,5290,5220,5260,26637,-0.00189753320683117
2017-06-13,5270,5290,5210,5280,31807,0.0038022813688212143
2017-06-14,5250,5290,5230,5260,27497,-0.0037878787878787845
2017-06-15,5250,5250,5190,5200,37284,-0.011406844106463865
2017-06-16,5220,5260,5220,5250,20309,0.009615384615384581
2017-06-19,5250,5320,5230,5280,26988,0.005714285714285783
2017-06-20,5300,5300,5240,5280,18621,0.0
2017-06-21,5260,5280,5210,5260,33315,-0.0037878787878787845
2017-06-22,5260,5260,5180,5230,38648,-0.005703422053231932
2017-06-23,5230,5230,5180,5210,21816,-0.003824091778202643
2017-06-26,5210,5230,5150,5220,23962,0.0019193857965451588
2017-06-27,5210,5220,5160,5160,11927,-0.011494252873563204
2017-06-28,5180,5180,5100,5130,28909,-0.005813953488372103
2017-06-29,5150,5160,5080,5160,19817,0.005847953216374213
2017-06-30,5160,5160,5080,5140,12510,-0.003875968992248069
2017-07-03,5160,5200,5090,5190,31038,0.009727626459143934
2017-07-04,5190,5220,5170,5170,14411,-0.003853564547206201
2017-07-05,5140,5190,5130,5170,4472,0.0
2017-07-06,5130,5200,5090,5170,25420,0.0
2017-07-07,5170,5170,5100,5140,8161,-0.005802707930367523
2017-07-10,5120,5140,5090,5130,5463,-0.0019455252918287869
2017-07-11,5130,5130,5060,5070,19479,-0.011695906432748537
2017-07-12,5050,5110,4990,4990,48839,-0.015779092702169595
2017-07-13,5000,5030,4980,4995,43185,0.0010020040080160886
2017-07-14,5010,5040,4995,5030,24717,0.00700700700700696
2017-07-17,5020,5050,4995,5040,15147,0.001988071570576455
2017-07-18,5040,5040,4980,5040,18658,0.0
2017-07-19,5060,5090,5020,5060,5282,0.003968253968253954
2017-07-20,5080,5090,5020,5080,18318,0.0039525691699604515
2017-07-21,5080,5110,5050,5110,18603,0.0059055118110236116
2017-07-24,5110,5140,5090,5140,15256,0.005870841487279899
2017-07-25,5140,5150,5090,5140,9231,0.0
2017-07-26,5140,5150,5080,5120,36678,-0.0038910505836575737
2017-07-27,5120,5120,5050,5090,16753,-0.005859375
2017-07-28,5090,5090,5000,5020,14977,-0.013752455795677854
2017-07-31,5020,5030,4975,5010,19060,-0.0019920318725099584
2017-08-01,4955,5030,4955,5030,12986,0.003992015968063978
2017-08-02,5020,5050,5010,5040,3873,0.001988071570576455
2017-08-03,5030,5060,4995,5060,14896,0.003968253968253954
2017-08-04,5070,5070,5010,5050,10489,-0.0019762845849802257
2017-08-07,5050,5050,5020,5050,6053,0.0
2017-08-08,5070,5080,5020,5050,5094877,0.0
2017-08-09,5100,5320,5050,5190,295499,0.027722772277227747
2017-08-10,5110,5210,5070,5150,60047,-0.0077071290944122905
2017-08-11,5100,5160,5070,5130,42497,-0.003883495145631022
2017-08-14,5130,5200,5090,5100,43573,-0.005847953216374324
2017-08-16,5100,5210,5100,5210,73190,0.021568627450980316
2017-08-17,5220,5310,5170,5210,60436,0.0
2017-08-18,5170,5330,5160,5280,71261,0.013435700575815668
2017-08-21,5280,5290,5190,5200,27056,-0.015151515151515138
2017-08-22,5210,5260,5170,5210,29699,0.0019230769230769162
2017-08-23,5210,5270,5190,5210,53098,0.0
2017-08-24,5200,5230,5170,5230,11435,0.0038387715930903177
2017-08-25,5180,5220,5120,5200,34035,-0.005736137667303964
2017-08-28,5200,5210,5170,5200,11249,0.0
2017-08-29,5200,5220,5150,5210,13421,0.0019230769230769162
2017-08-30,5210,5250,5210,5210,29271,0.0
2017-08-31,5210,5270,5200,5210,135366,0.0
2017-09-01,5210,5260,5180,5240,39017,0.0057581573896352545
2017-09-04,5190,5190,5120,5140,37761,-0.01908396946564883
2017-09-05,5180,5270,5080,5250,88579,0.021400778210116655
2017-09-06,5250,5310,5200,5290,68449,0.007619047619047636
2017-09-07,5310,5340,5230,5250,34791,-0.007561436672967825
2017-09-08,5220,5290,5200,5260,10178,0.0019047619047618536
2017-09-11,5290,5300,5210,5270,29633,0.0019011406844107182
2017-09-12,5230,5270,5180,5240,22188,-0.005692599620493399
2017-09-13,5230,5230,5150,5200,32845,-0.007633587786259555
2017-09-14,5160,5190,5130,5150,38279,-0.009615384615384581
2017-09-15,5190,5190,5050,5150,77081,0.0
2017-09-18,5140,5140,5050,5090,31853,-0.011650485436893177
2017-09-19,5030,5070,5010,5060,33254,-0.005893909626719096
2017-09-20,5010,5120,5010,5110,38472,0.009881422924901129
2017-09-21,5050,5110,5000,5050,29271,-0.011741682974559686
2017-09-22,5020,5030,4700,4920,180679,-0.025742574257425765
2017-09-25,4950,4960,4775,4925,41498,0.00101626016260159
2017-09-26,4805,4920,4805,4920,21458,-0.0010152284263958977
2017-09-27,4910,5020,4890,5020,29976,0.020325203252032464
2017-09-28,5020,5050,4975,5030,12480,0.0019920318725099584
2017-09-29,5020,5090,5010,5070,40613,0.007952286282306265
2017-10-10,5070,5080,4985,5020,15266,-0.009861932938856066
2017-10-11,5010,5020,4960,5010,28678,-0.0019920318725099584
2017-10-12,5010,5060,4955,5040,29961,0.0059880239520957446
2017-10-13,5040,5070,5010,5020,27310,-0.003968253968253954
2017-10-16,5000,5080,4835,4965,143944,-0.010956175298804771
2017-10-17,4970,4970,4885,4950,32606,-0.0030211480362537513
2017-10-18,4950,5060,4890,5050,58758,0.02020202020202011
2017-10-19,5040,5070,4975,5070,17924,0.003960396039603964
2017-10-20,5070,5070,5000,5070,18640,0.0
2017-10-23,5080,5080,4975,5070,23910,0.0
2017-10-24,5030,5080,5030,5080,24780,0.0019723865877712132
2017-10-25,5080,5100,5030,5100,25896,0.003937007874015741
2017-10-26,5090,5090,5020,5090,30366,-0.0019607843137254832
2017-10-27,5050,5120,5030,5120,59143,0.005893909626718985
2017-10-30,5060,5200,5060,5190,60728,0.013671875
2017-10-31,5190,5200,5100,5150,27391,-0.0077071290944122905
2017-11-01,5150,5180,5100,5150,28976,0.0
2017-11-02,5140,5140,5040,5100,26101,-0.009708737864077666
2017-11-03,5070,5070,4960,5000,64310,-0.019607843137254943
2017-11-06,4960,5000,4885,4955,88194,-0.009000000000000008
2017-11-07,4955,4955,4865,4935,70779,-0.004036326942482349
2017-11-08,4925,4980,4875,4970,37983,0.007092198581560183
2017-11-09,4965,4970,4895,4970,29110,0.0
2017-11-10,4960,4980,4910,4975,36834,0.001006036217303885
2017-11-13,4935,4975,4920,4975,35185,0.0
2017-11-14,4975,4980,4925,4965,30928,-0.0020100502512563345
2017-11-15,4940,4970,4890,4930,56198,-0.007049345417925457
2017-11-16,4925,4925,4875,4925,74247,-0.0010141987829614951
2017-11-17,4885,4895,4850,4850,67591,-0.015228426395939132
2017-11-20,4840,4940,4840,4915,41309,0.013402061855670055
2017-11-21,4905,4945,4900,4945,30204,0.006103763987792554
2017-11-22,4945,4945,4920,4940,24749,-0.0010111223458038054
2017-11-23,4915,4955,4875,4945,41849,0.0010121457489877805
2017-11-24,4945,4975,4890,4960,36358,0.0030333670374114163
2017-11-27,4980,4985,4920,4975,52618,0.003024193548387011
2017-11-28,4975,5090,4970,5030,264961,0.011055276381909618
2017-11-29,5010,5020,4965,5000,23015,-0.005964214711729587
2017-11-30,4965,5040,4945,4945,88226,-0.01100000000000001
2017-12-01,4945,5060,4945,5050,38665,0.02123356926188058
2017-12-04,5000,5080,4970,5060,96060,0.001980198019801982
2017-12-05,5010,5080,4940,5060,101301,0.0
2017-12-06,5020,5070,4935,4975,44646,-0.01679841897233203
2017-12-07,4940,4970,4885,4910,51475,-0.013065326633165841
2017-12-08,4885,4915,4840,4850,41764,-0.012219959266802416
2017-12-11,4845,4915,4840,4900,24909,0.010309278350515427
2017-12-12,4865,4865,4820,4830,26363,-0.014285714285714235
2017-12-13,4820,4840,4785,4830,48398,0.0
2017-12-14,4800,5010,4800,4915,135420,0.017598343685300222
2017-12-15,4880,4960,4830,4845,26675,-0.014242115971515812
2017-12-18,4885,4910,4800,4895,42471,0.01031991744066052
2017-12-19,4850,4910,4840,4870,17439,-0.005107252298263587
2017-12-20,4900,4900,4780,4865,38435,-0.0010266940451745254
2017-12-21,4870,4880,4800,4865,55415,0.0
2017-12-22,4830,4910,4830,4905,55832,0.008221993833504637
2017-12-26,4870,4925,4870,4925,69461,0.004077471967380175
2017-12-27,4850,4925,4850,4910,14060,-0.003045685279187804
2017-12-28,4930,4930,4860,4920,4643,0.0020366598778003286
2018-01-02,4885,4930,4870,4880,10070,-0.008130081300813052
2018-01-03,4880,4890,4840,4885,15988,0.0010245901639345245
2018-01-04,4910,4910,4825,4875,21603,-0.0020470829068577334
2018-01-05,4840,4900,4840,4870,12015,-0.0010256410256410664
2018-01-08,4860,4870,4805,4870,18428,0.0
2018-01-09,4860,4870,4790,4860,20620,-0.002053388090349051
2018-01-10,4830,4870,4810,4860,11055,0.0
2018-01-11,4835,4935,4835,4925,32518,0.01337448559670773
2018-01-12,4905,4905,4830,4870,12889,-0.011167512690355319
2018-01-15,4840,4865,4800,4865,10105,-0.0010266940451745254
2018-01-16,4825,4890,4815,4890,17841,0.005138746145940454
2018-01-17,4890,4890,4835,4865,16180,-0.005112474437627856
2018-01-18,4865,4870,4825,4855,11419,-0.0020554984583761593
2018-01-19,4855,4895,4825,4885,6143,0.006179196704428458
2018-01-22,4890,4900,4830,4860,33095,-0.0051177072671443335
2018-01-23,4860,4900,4840,4880,95563,0.004115226337448652
2018-01-24,4880,4880,4845,4875,15582,-0.0010245901639344135
2018-01-25,4905,4935,4870,4935,26996,0.012307692307692353
2018-01-26,4935,4950,4875,4940,34299,0.0010131712259371373
2018-01-29,4940,4980,4890,4935,65659,-0.0010121457489878916
2018-01-30,4935,4935,4880,4910,23374,-0.005065856129685908
2018-01-31,4910,4925,4830,4850,37650,-0.012219959266802416
2018-02-01,4835,4865,4800,4865,47380,0.003092783505154628
2018-02-02,4870,4870,4815,4845,22620,-0.004110996916752319
2018-02-05,4825,4830,4770,4810,64272,-0.007223942208462342
2018-02-06,4765,4765,4640,4690,91756,-0.02494802494802495
2018-02-07,4710,4715,4580,4585,83522,-0.02238805970149249
2018-02-08,4625,4630,4530,4615,56725,0.0065430752453652374
2018-02-09,4560,4575,4430,4520,96450,-0.020585048754062862
2018-02-12,4520,4535,4460,4505,27989,-0.0033185840707964376
2018-02-13,4500,4665,4450,4645,71929,0.031076581576026552
2018-02-14,4650,4650,4525,4555,21107,-0.019375672766415497
2018-02-19,4560,4585,4510,4570,24179,0.003293084522502765
2018-02-20,4560,4565,4515,4560,14186,-0.002188183807439792
2018-02-21,4550,4555,4465,4465,27671,-0.02083333333333337
2018-02-22,4465,4530,4455,4495,22919,0.006718924972004547
2018-02-23,4505,4505,4450,4500,19532,0.0011123470522802492
2018-02-26,4515,4595,4490,4595,45587,0.02111111111111108
2018-02-27,4590,4590,4485,4505,18249,-0.019586507072905324
2018-02-28,4505,4530,4470,4515,20609,0.002219755826859071
2018-03-02,4510,4510,4400,4450,31993,-0.01439645625692132
2018-03-05,4460,4460,4345,4365,35174,-0.019101123595505642
2018-03-06,4425,4425,4295,4340,24853,-0.00572737686139746
2018-03-07,4330,4340,4255,4255,30803,-0.019585253456221197
2018-03-08,4255,4320,4250,4295,17440,0.009400705052879044
2018-03-09,4270,4330,4265,4300,40162,0.0011641443538998875
2018-03-12,4300,4305,4285,4300,56742,0.0
2018-03-13,4300,4310,4290,4310,42418,0.0023255813953488857
2018-03-14,4315,4315,4295,4310,29109,0.0
2018-03-15,4310,4330,4290,4300,55301,-0.002320185614849146
2018-03-16,4305,4310,4270,4305,18346,0.0011627906976743319
2018-03-19,4325,4325,4265,4300,33872,-0.0011614401858304202
2018-03-20,4270,4320,4270,4310,37650,0.0023255813953488857
2018-03-21,4320,4320,4290,4300,35271,-0.002320185614849146
2018-03-22,4300,4305,4290,4290,31597,-0.0023255813953488857
2018-03-23,4290,4295,4210,4245,33520,-0.010489510489510523
2018-03-26,4205,4215,4125,4195,64307,-0.011778563015312105
2018-03-27,4195,4210,4150,4205,53885,0.0023837902264600697
2018-03-28,4245,4245,4190,4200,33385,-0.0011890606420927874
2018-03-29,4210,4235,4155,4200,17876,0.0
2018-03-30,4235,4235,4150,4175,51381,-0.005952380952380931
2018-04-02,4220,4285,4200,4270,52446,0.022754491017964007
2018-04-03,4270,4270,4200,4250,16436,-0.004683840749414525
2018-04-04,4250,4285,4195,4270,22538,0.004705882352941115
2018-04-05,4270,4330,4250,4320,27006,0.011709601873536313
2018-04-06,4320,4320,4195,4240,101755,-0.01851851851851849
2018-04-09,4230,4240,4200,4240,10661,0.0
2018-04-10,4260,4260,4200,4260,14190,0.004716981132075526
2018-04-11,4260,4265,4230,4240,5911,-0.0046948356807511304
2018-04-12,4240,4245,4195,4235,16295,-0.001179245283018826
2018-04-13,4235,4280,4210,4270,22582,0.008264462809917328
2018-04-16,4280,4290,4225,4270,20022,0.0
2018-04-17,4290,4335,4250,4330,7498,0.014051522248243575
2018-04-18,4325,4340,4275,4330,10852,0.0
2018-04-19,4325,4335,4240,4315,13387,-0.0034642032332563577
2018-04-20,4350,4400,4315,4350,43025,0.008111239860950192
2018-04-23,4300,4380,4295,4340,29858,-0.0022988505747126853
2018-04-24,4340,4395,4320,4375,38316,0.008064516129032251
2018-04-25,4375,4410,4320,4390,123620,0.0034285714285713365
2018-04-26,4390,4455,4360,4450,44893,0.013667425968109326
2018-04-27,4450,4455,4405,4440,18051,-0.0022471910112359383
2018-04-30,4440,4460,4385,4430,22256,-0.0022522522522522292
2018-05-02,4420,4470,4360,4430,38533,0.0
2018-05-03,4430,4430,4340,4400,41743,-0.006772009029345383
2018-05-04,4410,4410,4320,4325,27250,-0.017045454545454586
2018-05-08,4325,4415,4320,4415,79692,0.020809248554913395
2018-05-09,4430,4520,4400,4520,85042,0.023782559456398733
2018-05-10,4510,4510,4400,4400,42440,-0.026548672566371723
2018-05-11,4440,4495,4400,4490,28704,0.020454545454545503
2018-05-14,4490,4505,4440,4500,28013,0.00222717149220486
2018-05-15,4500,4530,4400,4515,34176,0.0033333333333334103
2018-05-16,4515,4515,4345,4350,74942,-0.03654485049833889
2018-05-17,4355,4440,4355,4385,32281,0.008045977011494232
2018-05-18,4360,4425,4300,4360,78023,-0.005701254275940704
2018-05-21,4400,4405,4325,4395,25435,0.008027522935779796
2018-05-23,4390,4395,4360,4395,36373,0.0
2018-05-24,4395,4405,4340,4405,31172,0.0022753128555177415
2018-05-25,4330,4410,4330,4395,38972,-0.002270147559591429
2018-05-28,4400,4430,4340,4430,40584,0.007963594994311762
2018-05-29,4440,4440,4360,4420,19974,-0.0022573363431150906
2018-05-30,4360,4405,4350,4385,31268,-0.007918552036199067
2018-05-31,4365,4490,4345,4470,60853,0.019384264538198304
2018-06-01,4420,4465,4390,4415,235126,-0.01230425055928408
2018-06-04,4410,4485,4405,4480,33901,0.014722536806341946
2018-06-05,4430,4500,4430,4500,23464,0.0044642857142858094
2018-06-07,4510,4555,4440,4505,36980,0.0011111111111110628
2018-06-08,4460,4505,4440,4505,23522,0.0
2018-06-11,4500,4535,4465,4530,41103,0.005549389567147678
2018-06-12,4520,4625,4455,4590,92244,0.013245033112582849
2018-06-14,4590,4600,4485,4530,37078,-0.013071895424836555
2018-06-15,4590,4590,4435,4470,39382,-0.013245033112582738
2018-06-18,4470,4470,4370,4410,48917,-0.01342281879194629
2018-06-19,4410,4415,4325,4365,32441,-0.010204081632653073
2018-06-20,4320,4345,4300,4330,30229,-0.008018327605956443
2018-06-21,4330,4330,4255,4330,36887,0.0
2018-06-22,4325,4350,4215,4350,66871,0.004618937644341736
2018-06-25,4360,4360,4280,4330,16866,-0.0045977011494252595
2018-06-26,4300,4305,4225,4305,26837,-0.005773672055427226
2018-06-27,4300,4300,4150,4240,110929,-0.015098722415795574
2018-06-28,4240,4320,4185,4280,57839,0.009433962264151052
2018-06-29,4235,4320,4215,4315,17408,0.008177570093457875
2018-07-02,4255,4295,4200,4270,38057,-0.010428736964078755
2018-07-03,4210,4290,4200,4245,11188,-0.005854800936768156
2018-07-04,4270,4270,4210,4250,11971,0.0011778563015312216
2018-07-05,4270,4430,4220,4410,32349,0.03764705882352937
2018-07-06,4350,4400,4335,4360,11539,-0.0113378684807256
2018-07-09,4335,4335,4175,4175,21773,-0.04243119266055051
2018-07-10,4210,4245,4175,4220,107275,0.010778443113772518
2018-07-11,4220,4220,4165,4210,21507,-0.0023696682464454666
2018-07-12,4210,4210,4165,4200,12145,-0.002375296912114022
2018-07-13,4170,4235,4170,4235,18872,0.008333333333333304
2018-07-16,4240,4250,4170,4205,10325,-0.00708382526564344
2018-07-17,4205,4205,4150,4190,18293,-0.003567181926278251
2018-07-18,4155,4220,4150,4190,12318,0.0
2018-07-19,4155,4220,4155,4195,3412,0.0011933174224343368
2018-07-20,4180,4225,4175,4175,54738,-0.004767580452920139
2018-07-23,4180,4215,4145,4190,8719,0.00359281437125758
2018-07-24,4150,4180,4115,4150,25793,-0.009546539379474916
2018-07-25,4160,4160,4070,4125,22577,-0.0060240963855421326
2018-07-26,4070,4145,4070,4145,6676,0.00484848484848488
2018-07-27,4150,4150,4100,4150,16158,0.0012062726176116367
2018-07-30,4105,4155,4075,4120,16099,-0.0072289156626506035
2018-07-31,4120,4160,4115,4160,2243,0.009708737864077666
2018-08-01,4150,4225,4135,4190,12014,0.007211538461538547
2018-08-02,4190,4250,4190,4230,11545,0.009546539379474916
2018-08-03,4190,4255,4150,4230,18552,0.0
2018-08-06,4205,4250,4170,4250,7480,0.004728132387706863
2018-08-07,4250,4250,4195,4250,6182,0.0
2018-08-08,4250,4250,4175,4205,6233,-0.010588235294117676
2018-08-09,4170,4215,4170,4215,5048,0.0023781212841855748
2018-08-10,4215,4240,4200,4220,8439,0.0011862396204034287
2018-08-13,4245,4245,4150,4200,12010,-0.004739336492891044
2018-08-14,4200,4215,4140,4200,15048,0.0
2018-08-16,4125,4190,4095,4145,25256,-0.013095238095238049
2018-08-17,4130,4270,4090,4100,26221,-0.010856453558504175
2018-08-20,4150,4150,4050,4070,11876,-0.007317073170731714
2018-08-21,4070,4110,4060,4095,18316,0.006142506142506221
2018-08-22,4105,4105,4075,4080,9271,-0.00366300366300365
2018-08-23,4055,4080,4020,4070,21404,-0.002450980392156854
2018-08-24,4070,4080,4015,4075,18649,0.0012285012285011554
2018-08-27,4030,4075,4030,4045,9156,-0.007361963190184007
2018-08-28,4040,4095,4040,4090,13925,0.011124845488257096
2018-08-29,4090,4185,4090,4150,31371,0.014669926650366705
2018-08-30,4145,4145,4085,4085,14026,-0.015662650602409678
2018-08-31,4060,4085,4045,4060,16777,-0.006119951040391647
2018-09-03,4060,4065,3975,4060,46712,0.0
2018-09-04,4050,4050,3970,3975,2042017,-0.020935960591133007
2018-09-05,4030,4070,3965,4030,173342,0.01383647798742138
2018-09-06,4000,4065,3910,3965,130786,-0.016129032258064502
2018-09-07,3950,3975,3910,3965,24096,0.0
2018-09-10,3975,3975,3915,3950,21001,-0.003783102143757877
2018-09-11,3950,3965,3900,3950,31707,0.0
2018-09-12,3950,3970,3905,3950,22785,0.0
2018-09-13,3950,3990,3925,3990,24900,0.010126582278481067
2018-09-14,3985,4000,3980,4000,8010,0.0025062656641603454
2018-09-17,4000,4005,3975,3980,8318,-0.0050000000000000044
2018-09-18,4010,4010,3930,3975,12077,-0.0012562814070351536
2018-09-19,3935,3985,3880,3890,27307,-0.021383647798742134
2018-09-20,3920,3920,3830,3890,30805,0.0
2018-09-21,3890,3900,3850,3900,16546,0.0025706940874035134
2018-09-27,3955,4005,3905,3990,102589,0.023076923076922995
2018-09-28,4000,4000,3950,3995,8288,0.0012531328320801727
2018-10-01,3995,3995,3910,3970,11160,-0.006257822277847325
2018-10-02,3970,3970,3895,3925,37104,-0.01133501259445846
2018-10-04,3945,3945,3805,3810,39155,-0.029299363057324834
2018-10-05,3810,3900,3780,3900,46149,0.023622047244094446
2018-10-08,3895,3895,3805,3880,18227,-0.00512820512820511
2018-10-10,3820,3855,3680,3730,43983,-0.03865979381443296
2018-10-11,3610,3630,3440,3465,101028,-0.07104557640750675
2018-10-12,3330,3430,3330,3420,55674,-0.012987012987012991
2018-10-15,3395,3560,3395,3515,26705,0.02777777777777768
2018-10-16,3515,3645,3510,3625,14251,0.031294452347083945
2018-10-17,3630,3735,3630,3660,17293,0.009655172413793212
2018-10-18,3710,3740,3660,3735,14094,0.020491803278688492
2018-10-19,3745,3745,3655,3700,11214,-0.009370816599732268
2018-10-22,3700,3715,3640,3675,9124,-0.006756756756756799
2018-10-23,3640,3695,3490,3615,18240,-0.01632653061224487
2018-10-24,3625,3700,3525,3545,16479,-0.019363762102351356
2018-10-25,3380,3520,3380,3500,26679,-0.012693935119887145
2018-10-26,3520,3520,3410,3495,13285,-0.0014285714285714457
2018-10-29,3390,3490,3290,3295,42139,-0.05722460658082973
2018-10-30,3295,3360,3180,3235,81720,-0.018209408194233667
2018-10-31,3200,3370,3170,3325,35572,0.02782071097372496
2018-11-01,3360,3455,3330,3420,13873,0.02857142857142847
2018-11-02,3370,3550,3370,3525,13816,0.030701754385964897
2018-11-05,3540,3540,3470,3470,9730,-0.015602836879432647
2018-11-06,3540,3540,3505,3535,7365,0.018731988472622474
2018-11-07,3550,3625,3465,3465,4949,-0.01980198019801982
2018-11-08,3520,3580,3470,3520,5946,0.015873015873015817
2018-11-09,3525,3565,3470,3555,4333,0.009943181818181879
2018-11-12,3495,3520,3460,3460,2986,-0.026722925457102642
2018-11-13,3445,3600,3365,3510,28661,0.014450867052023142
2018-11-14,3540,3560,3485,3515,10962,0.0014245014245013454
2018-11-15,3490,3530,3465,3490,1477,-0.007112375533428139
2018-11-16,3495,3625,3495,3600,10762,0.03151862464183375
2018-11-19,3540,3645,3540,3615,9029,0.004166666666666652
2018-11-20,3610,3615,3570,3570,3850,-0.012448132780082943
2018-11-21,3510,3570,3500,3560,3639,-0.0028011204481792618
2018-11-22,3555,3555,3500,3545,7410,-0.004213483146067398
2018-11-23,3485,3530,3475,3475,2803,-0.019746121297602226
2018-11-26,3470,3565,3450,3485,4916,0.0028776978417266452
2018-11-27,3475,3535,3475,3535,4576,0.01434720229555242
2018-11-28,3515,3550,3505,3550,2061,0.004243281471004279
2018-11-29,3550,3565,3500,3560,16911,0.0028169014084507005
2018-11-30,3560,3570,3525,3560,5886,0.0
2018-12-03,3530,3590,3530,3570,9737,0.002808988764045006
2018-12-04,3570,3570,3525,3540,9874,-0.008403361344537785
2018-12-05,3495,3540,3440,3495,8604,-0.012711864406779627
2018-12-06,3500,3500,3380,3470,13914,-0.007153075822603716
2018-12-07,3430,3485,3430,3485,1460,0.004322766570605152
2018-12-10,3395,3460,3360,3365,16470,-0.03443328550932567
2018-12-11,3350,3405,3345,3400,5604,0.010401188707280795
2018-12-12,3430,3430,3360,3390,6895,-0.002941176470588225
2018-12-13,3370,3410,3340,3390,20349,0.0
2018-12-14,3370,3550,3320,3530,36749,0.041297935103244754
2018-12-17,3485,3530,3450,3450,9755,-0.022662889518413554
2018-12-18,3450,3480,3445,3465,5878,0.004347826086956497
2018-12-19,3500,3500,3390,3390,27166,-0.02164502164502169
2018-12-20,3440,3440,3360,3385,3630,-0.001474926253687281
2018-12-21,3420,3420,3360,3400,9678,0.004431314623338345
2018-12-24,3400,3420,3380,3390,8414,-0.002941176470588225
2018-12-26,3380,3460,3300,3380,28360,-0.002949852507374673
2018-12-27,3330,3385,3300,3375,18631,-0.0014792899408283544
2018-12-28,3385,3450,3350,3435,6989,0.01777777777777767
2019-01-02,3385,3430,3350,3400,13223,-0.010189228529839833
2019-01-03,3425,3425,3250,3315,20688,-0.025000000000000022
2019-01-04,3300,3300,3175,3270,60292,-0.013574660633484115
2019-01-07,3270,3290,3235,3280,9478,0.003058103975535076
2019-01-08,3280,3280,3215,3250,17874,-0.009146341463414642
2019-01-09,3215,3350,3215,3330,44918,0.024615384615384706
2019-01-10,3330,3340,3270,3295,7959,-0.010510510510510551
2019-01-11,3275,3395,3275,3375,16800,0.02427921092564489
2019-01-14,3385,3385,3335,3370,8824,-0.001481481481481528
2019-01-15,3385,3405,3375,3380,12501,0.0029673590504450953
2019-01-16,3345,3430,3345,3380,13244,0.0
2019-01-17,3355,3410,3340,3360,24584,-0.00591715976331364
2019-01-18,3385,3495,3330,3485,27086,0.03720238095238093
2019-01-21,3495,3515,3430,3490,17366,0.0014347202295552641
2019-01-22,3450,3525,3450,3495,37446,0.0014326647564470996
2019-01-23,3495,3550,3490,3545,16013,0.014306151645207432
2019-01-24,3615,3710,3595,3670,100349,0.035260930888575404
2019-01-25,3635,3700,3625,3670,36245,0.0
2019-01-28,3620,3645,3590,3590,52019,-0.021798365122615793
2019-01-29,3625,3700,3585,3690,28363,0.027855153203342642
2019-01-30,3685,3840,3660,3800,53076,0.02981029810298108
2019-01-31,3840,3855,3765,3835,33634,0.009210526315789558
2019-02-01,3800,3850,3795,3810,20983,-0.006518904823989535
2019-02-07,3810,3865,3775,3840,17226,0.007874015748031482
2019-02-08,3845,3865,3655,3785,21234,-0.01432291666666663
2019-02-11,3860,3945,3830,3905,46993,0.031704095112285335
2019-02-12,3940,4040,3930,3985,79482,0.020486555697823317
2019-02-13,4040,4275,4035,4135,134540,0.03764115432873272
2019-02-14,4135,4180,4135,4140,18835,0.0012091898428052694
2019-02-15,4140,4140,3940,3940,49308,-0.048309178743961345
2019-02-18,3940,3985,3840,3875,50105,-0.016497461928933976
2019-02-19,3875,3905,3750,3805,47373,-0.01806451612903226
2019-02-20,3895,3975,3835,3965,30908,0.042049934296977565
2019-02-21,3965,3965,3880,3910,18888,-0.013871374527112179
2019-02-22,3945,4000,3910,4000,19483,0.023017902813299296
2019-02-25,3995,4075,3995,4005,24663,0.0012499999999999734
2019-02-26,4060,4060,3980,3980,11487,-0.006242197253433224
2019-02-27,3975,4025,3935,3960,18220,-0.005025125628140725
2019-02-28,3980,4010,3890,3945,33594,-0.0037878787878787845
2019-03-04,3880,3985,3880,3975,21405,0.0076045627376426506
2019-03-05,3975,3985,3900,3985,18443,0.002515723270440251
2019-03-06,4005,4005,3930,3970,14837,-0.0037641154328732496
2019-03-07,3970,3970,3860,3940,32356,-0.007556675062972307
2019-03-08,3965,4005,3835,3945,16830,0.0012690355329949554
2019-03-11,3900,3940,3845,3920,15754,-0.006337135614702172
2019-03-12,3870,3920,3860,3905,33713,-0.003826530612244916
2019-03-13,3865,3985,3840,3985,17601,0.020486555697823317
2019-03-14,3980,3985,3915,3930,9430,-0.013801756587201952
2019-03-15,3920,3940,3875,3910,18483,-0.0050890585241730735
2019-03-18,3910,3940,3860,3890,17485,-0.005115089514066473
2019-03-19,3890,4030,3890,4020,35500,0.033419023136246784
2019-03-20,3965,4045,3965,4020,15316,0.0
2019-03-21,4040,4170,3990,4140,46652,0.029850746268656803
2019-03-22,4145,4175,4035,4135,37135,-0.0012077294685990392
2019-03-25,4135,4135,4005,4040,35602,-0.022974607013301118
2019-03-26,4000,4055,3940,4005,15356,-0.008663366336633671
2019-03-27,3970,4015,3920,4000,11371,-0.0012484394506866447
2019-03-28,4020,4030,3850,3940,25670,-0.015000000000000013
2019-03-29,3885,3935,3865,3920,18585,-0.005076142131979711
2019-04-01,3855,3940,3855,3865,19227,-0.014030612244897989
2019-04-02,3905,3920,3750,3830,54408,-0.009055627425614499
2019-04-03,3765,3830,3760,3770,29770,-0.015665796344647487
2019-04-04,3770,3810,3745,3805,16010,0.009283819628647105
2019-04-05,3805,3860,3790,3860,46958,0.014454664914586024
2019-04-08,3890,3890,3820,3830,13140,-0.007772020725388629
2019-04-09,3830,3875,3790,3825,12897,-0.0013054830287205776
2019-04-10,3830,3830,3780,3790,15485,-0.009150326797385588
2019-04-11,3790,3915,3775,3910,27868,0.0316622691292876
2019-04-12,3845,3920,3845,3900,11487,-0.002557544757033292
2019-04-15,3930,3930,3890,3910,13704,0.002564102564102555
2019-04-16,3885,3930,3880,3890,12023,-0.005115089514066473
2019-04-17,3870,3945,3870,3935,16278,0.011568123393316254
2019-04-18,3935,3990,3900,3985,47382,0.01270648030495547
2019-04-19,4000,4075,3965,4015,58167,0.007528230865746499
2019-04-22,4015,4020,3935,3960,29158,-0.013698630136986356
2019-04-23,3930,3990,3920,3920,8268,-0.010101010101010055
2019-04-24,3920,3970,3900,3920,8433,0.0
2019-04-25,3920,3945,3850,3880,26588,-0.010204081632653073
2019-04-26,3880,3910,3820,3875,15569,-0.0012886597938144284
2019-04-29,3825,3870,3815,3850,9409,-0.006451612903225823
2019-04-30,3850,3870,3810,3850,6550,0.0
2019-05-02,3820,3870,3790,3830,15199,-0.0051948051948051965
2019-05-03,3830,3900,3780,3830,16936,0.0
2019-05-07,3830,3830,3755,3805,20290,-0.00652741514360311
2019-05-08,3805,3805,3755,3760,9009,-0.01182654402102501
2019-05-09,3760,3790,3730,3730,11984,-0.007978723404255317
2019-05-10,3715,3785,3660,3710,20630,-0.00536193029490617
2019-05-13,3715,3715,3600,3670,35396,-0.010781671159029615
2019-05-14,3635,3765,3575,3765,33991,0.02588555858310637
2019-05-15,3725,3865,3725,3835,17855,0.01859229747675961
2019-05-16,3835,3890,3820,3840,41914,0.0013037809647979959
2019-05-17,3890,3890,3800,3835,14196,-0.0013020833333333703
2019-05-20,3835,3835,3805,3835,6952,0.0
2019-05-21,3705,3820,3705,3795,7833,-0.010430247718383301
2019-05-22,3835,3840,3730,3770,15526,-0.006587615283267456
2019-05-23,3770,3775,3670,3700,13218,-0.018567639257294433
2019-05-24,3745,3745,3670,3680,5090,-0.00540540540540535
2019-05-27,3725,3725,3605,3655,10277,-0.006793478260869512
2019-05-28,3665,3710,3640,3655,9235,0.0
2019-05-29,3655,3705,3655,3695,16979,0.010943912448700521
2019-05-30,3710,3710,3640,3670,9849,-0.006765899864682012
2019-05-31,3670,3695,3610,3685,17082,0.004087193460490468
2019-06-03,3685,3745,3640,3740,47094,0.014925373134328401
2019-06-04,3740,3740,3675,3730,27845,-0.002673796791443861
2019-06-05,3730,3800,3665,3760,25741,0.008042895442359255
2019-06-07,3760,3840,3725,3820,22679,0.015957446808510634
2019-06-10,3815,3850,3760,3850,39123,0.007853403141361293
2019-06-11,3865,3910,3810,3910,24424,0.01558441558441559
2019-06-12,3915,3920,3860,3915,20319,0.0012787723785165905
2019-06-13,3920,3935,3875,3910,11425,-0.0012771392081737387
2019-06-14,3940,3940,3805,3805,15688,-0.026854219948849067
2019-06-17,3850,3920,3790,3900,18061,0.024967148488830526
2019-06-18,3930,3930,3830,3870,12320,-0.007692307692307665
2019-06-19,3870,3915,3830,3875,4318,0.0012919896640826156
2019-06-20,3910,3925,3850,3895,10439,0.005161290322580614
2019-06-21,3850,3930,3850,3930,20833,0.00898587933247752
2019-06-24,3915,3915,3840,3895,15842,-0.008905852417302795
2019-06-25,3895,3895,3810,3835,6402,-0.015404364569961526
2019-06-26,3845,3845,3795,3795,8559,-0.010430247718383301
2019-06-27,3840,3840,3785,3805,12517,0.0026350461133068936
2019-06-28,3850,3950,3820,3925,30584,0.031537450722733285
2019-07-01,3935,3955,3925,3955,18748,0.007643312101910826
2019-07-02,3955,3955,3890,3940,5498,-0.0037926675094817064
2019-07-03,3955,3955,3890,3930,5975,-0.0025380710659898
2019-07-04,3930,3930,3880,3890,3656,-0.010178117048346036
2019-07-05,3945,3945,3840,3840,4714,-0.01285347043701801
2019-07-08,3800,3850,3790,3810,25144,-0.0078125
2019-07-09,3800,3950,3750,3860,87695,0.013123359580052396
2019-07-10,3805,3860,3795,3835,6183,-0.006476683937823857
2019-07-11,3835,3850,3800,3840,9675,0.0013037809647979959
2019-07-12,3865,3865,3835,3850,751,0.0026041666666667407
2019-07-15,3850,3890,3800,3890,5337,0.010389610389610393
2019-07-16,3900,3900,3840,3855,8049,-0.00899742930591263
2019-07-17,3890,3930,3835,3925,21864,0.018158236057068677
2019-07-18,3930,3940,3860,3910,5310,-0.003821656050955413
2019-07-19,3910,3910,3860,3900,5180,-0.002557544757033292
2019-07-22,3900,3900,3775,3790,30147,-0.028205128205128216
2019-07-23,3765,3790,3680,3715,26699,-0.01978891820580475
2019-07-24,3715,3735,3685,3700,6786,-0.004037685060565233
2019-07-25,3700,3745,3620,3700,16385,0.0
2019-07-26,3710,3710,3615,3705,22044,0.0013513513513514486
2019-07-29,3705,3705,3580,3580,15499,-0.03373819163292846
2019-07-30,3580,3730,3580,3700,19523,0.033519553072625774
2019-07-31,3640,3740,3635,3705,24243,0.0013513513513514486
2019-08-01,3705,3715,3650,3705,5689,0.0
2019-08-02,3660,3700,3630,3650,7314,-0.014844804318488558
2019-08-05,3690,3690,3470,3600,13909,-0.013698630136986356
2019-08-06,3420,3575,3390,3575,20725,-0.00694444444444442
2019-08-07,3580,3595,3485,3575,4463,0.0
2019-08-08,3570,3580,3525,3575,3972,0.0
2019-08-09,3580,3600,3460,3570,14172,-0.0013986013986013734
2019-08-12,3570,3570,3535,3570,1165,0.0
2019-08-13,3565,3565,3495,3555,11478,-0.004201680672268893
2019-08-14,3485,3575,3465,3515,18837,-0.011251758087201136
2019-08-16,3510,3510,3365,3490,11404,-0.007112375533428139
2019-08-19,3485,3485,3410,3445,18803,-0.012893982808022897
2019-08-20,3440,3440,3375,3425,40799,-0.005805515239477477
2019-08-21,3430,3460,3405,3420,11509,-0.0014598540145985828
2019-08-22,3475,3475,3420,3445,7975,0.007309941520467822
2019-08-23,3465,3465,3400,3425,6372,-0.005805515239477477
2019-08-26,3425,3425,3360,3420,19763,-0.0014598540145985828
2019-08-27,3430,3430,3365,3415,26802,-0.0014619883040936088
2019-08-28,3415,3415,3375,3415,3331,0.0
2019-08-29,3430,3430,3360,3410,14874,-0.0014641288433382416
2019-08-30,3410,3410,3365,3410,20421,0.0
2019-09-02,3410,3425,3360,3400,20330,-0.0029325513196480912
2019-09-03,3395,3400,3365,3400,3996,0.0
2019-09-04,3400,3405,3365,3390,12879,-0.002941176470588225
2019-09-05,3390,3405,3370,3395,28552,0.001474926253687281
2019-09-06,3395,3395,3360,3390,17555,-0.0014727540500736325
2019-09-09,3405,3405,3360,3390,41432,0.0
2019-09-10,3410,3410,3355,3360,30338,-0.008849557522123908
2019-09-11,3360,3395,3360,3395,21041,0.01041666666666674
2019-09-16,3410,3410,3370,3395,9852,0.0
2019-09-17,3370,3415,3370,3415,44498,0.00589101620029453
2019-09-18,3415,3435,3405,3435,17069,0.005856515373352744
2019-09-19,3470,3505,3410,3475,30581,0.011644832605531397
2019-09-20,3475,3490,3455,3490,11208,0.004316546762589857
2019-09-23,3445,3490,3415,3460,21117,-0.008595988538681931
2019-09-24,3460,3460,3380,3400,33568,-0.017341040462427793
2019-09-25,3400,3415,3380,3380,15510,-0.00588235294117645
2019-09-26,3415,3415,3375,3380,4378,0.0
2019-09-27,3410,3415,3360,3400,10607,0.00591715976331364
2019-09-30,3405,3405,3355,3370,14060,-0.008823529411764675
2019-10-01,3370,3385,3345,3375,14805,0.0014836795252226587
2019-10-02,3350,3410,3320,3390,16569,0.004444444444444473
2019-10-04,3380,3400,3345,3400,11132,0.002949852507374562
2019-10-07,3400,3400,3345,3360,10307,-0.0117647058823529
2019-10-08,3380,3380,3350,3380,1175,0.005952380952380931
2019-10-10,3395,3395,3365,3380,13326,0.0
2019-10-11,3380,3395,3365,3380,6322,0.0
2019-10-14,3385,3455,3355,3400,23620,0.00591715976331364
2019-10-15,3400,3460,3360,3395,9197,-0.0014705882352941124
2019-10-16,3395,3395,3365,3380,6253,-0.004418262150220897
2019-10-17,3380,3420,3370,3380,1514,0.0
2019-10-18,3380,3395,3360,3380,9407,0.0
2019-10-21,3375,3380,3350,3375,9219,-0.0014792899408283544
2019-10-22,3375,3375,3350,3375,2880,0.0
2019-10-23,3375,3380,3350,3380,7343,0.001481481481481417
2019-10-24,3380,3380,3355,3370,5016,-0.00295857988165682
2019-10-25,3370,3395,3335,3380,9070,0.0029673590504450953
2019-10-28,3375,3375,3330,3375,22463,-0.0014792899408283544
2019-10-29,3350,3380,3340,3370,14762,-0.001481481481481528
2019-10-30,3375,3375,3350,3370,3795,0.0
2019-10-31,3380,3385,3350,3370,3903,0.0
2019-11-01,3350,3370,3350,3370,10471,0.0
2019-11-04,3370,3370,3300,3350,44987,-0.005934718100890191
2019-11-05,3350,3355,3315,3355,11790,0.0014925373134329067
2019-11-06,3360,3360,3305,3360,49545,0.0014903129657228842
2019-11-07,3320,3355,3320,3355,6022,-0.0014880952380952328
2019-11-08,3320,3360,3320,3360,19005,0.0014903129657228842
2019-11-11,3360,3365,3340,3355,14668,-0.0014880952380952328
2019-11-12,3335,3415,3310,3405,42702,0.014903129657227954
2019-11-13,3420,3420,3370,3385,16054,-0.005873715124816492
2019-11-14,3410,3410,3350,3380,8944,-0.001477104874446078
2019-11-15,3375,3430,3365,3420,30985,0.01183431952662728
2019-11-18,3405,3410,3365,3380,19614,-0.011695906432748537
2019-11-19,3410,3410,3330,3380,14329,0.0
2019-11-20,3375,3375,3330,3355,4732,-0.007396449704141994
2019-11-21,3325,3365,3290,3355,10246,0.0
2019-11-22,3305,3350,3295,3310,9863,-0.01341281669150518
2019-11-25,3330,3360,3300,3320,15690,0.0030211480362538623
2019-11-26,3310,3340,3290,3315,17695,-0.001506024096385561
2019-11-27,3315,3325,3290,3310,2834,-0.0015082956259426794
2019-11-28,3310,3335,3300,3335,8031,0.007552870090634434
2019-11-29,3340,3340,3295,3325,4494,-0.0029985007496251548
2019-12-02,3335,3335,3280,3315,12983,-0.003007518796992459
2019-12-03,3295,3305,3280,3285,2533,-0.009049773755656076
2019-12-04,3300,3300,3205,3275,268374,-0.0030441400304414
2019-12-05,3290,3290,3220,3275,8112,0.0
2019-12-06,3290,3290,3220,3245,5248,-0.009160305343511421
2019-12-09,3290,3290,3215,3275,9841,0.009244992295839749
2019-12-10,3285,3285,3190,3210,13623,-0.01984732824427482
2019-12-11,3210,3210,3160,3175,26755,-0.010903426791277204
2019-12-12,3175,3250,3155,3250,9638,0.023622047244094446
2019-12-13,3270,3285,3200,3240,29943,-0.003076923076923088
2019-12-16,3250,3250,3190,3205,4962,-0.010802469135802517
2019-12-17,3235,3285,3190,3260,44926,0.01716068642745716
2019-12-18,3275,3285,3230,3285,6440,0.0076687116564417845
2019-12-19,3280,3290,3250,3285,17764,0.0
2019-12-20,3300,3300,3240,3280,10594,-0.0015220700152207556
2019-12-23,3290,3290,3230,3280,10421,0.0
2019-12-24,3240,3290,3195,3235,8501,-0.013719512195121908
2019-12-26,3235,3235,3200,3225,9266,-0.0030911901081916993
2019-12-27,3185,3235,3185,3235,5753,0.0031007751937983663
2019-12-30,3235,3260,3195,3260,39376,0.007727975270479082
2020-01-02,3255,3260,3225,3250,4791,-0.0030674846625766694
2020-01-03,3260,3260,3200,3225,3480,-0.007692307692307665
2020-01-06,3225,3225,3140,3180,19336,-0.013953488372092981
2020-01-07,3155,3200,3150,3170,13786,-0.0031446540880503138
2020-01-08,3195,3195,3130,3170,12588,0.0
2020-01-09,3145,3190,3140,3165,17412,-0.001577287066246047
2020-01-10,3165,3185,3150,3165,14726,0.0
2020-01-13,3165,3170,3135,3145,39635,-0.006319115323854652
2020-01-14,3160,3160,3130,3150,14329,0.0015898251192367763
2020-01-15,3135,3200,3135,3170,21507,0.006349206349206327
2020-01-16,3180,3180,3135,3135,15733,-0.01104100946372244
2020-01-17,3175,3175,3100,3150,33497,0.004784688995215225
2020-01-20,3150,3165,3095,3105,41303,-0.014285714285714235
2020-01-21,3130,3130,3075,3110,28798,0.0016103059581320522
2020-01-22,3075,3110,3075,3100,16839,-0.003215434083601254
2020-01-23,3105,3115,3080,3100,15959,0.0
2020-01-28,3080,3100,3035,3065,39367,-0.011290322580645107
2020-01-29,3050,3095,2965,2995,111076,-0.022838499184339334
2020-01-30,3010,3010,2910,2930,70018,-0.02170283806343909
2020-01-31,2985,2985,2870,2880,20473,-0.017064846416382284
2020-02-03,2850,2850,2780,2820,35569,-0.02083333333333337
2020-02-04,2820,2860,2810,2845,20106,0.00886524822695045
2020-02-05,2885,2895,2830,2855,13527,0.0035149384885764245
2020-02-06,2910,2910,2850,2865,16504,0.003502626970227629
2020-02-07,2845,2875,2835,2860,9844,-0.0017452006980802626
2020-02-10,2835,2895,2835,2865,5877,0.0017482517482516613
2020-02-11,2910,2910,2835,2880,3920,0.005235602094240788
2020-02-12,2900,2900,2850,2880,7494,0.0
2020-02-13,2880,2895,2855,2860,29888,-0.00694444444444442
2020-02-14,2910,2910,2845,2850,38489,-0.0034965034965035446
2020-02-17,2850,2850,2810,2815,39093,-0.012280701754386003
2020-02-18,2810,2825,2785,2825,28734,0.003552397868561208
2020-02-19,2820,2820,2760,2800,15280,-0.008849557522123908
2020-02-20,2815,2815,2730,2800,26409,0.0
2020-02-21,2790,2800,2755,2800,5052,0.0
2020-02-24,2755,2800,2710,2800,7467,0.0
2020-02-25,2800,2800,2725,2800,16523,0.0
2020-02-26,2800,2800,2740,2785,3127,-0.005357142857142838
2020-02-27,2785,2785,2675,2720,27452,-0.02333931777378817
2020-02-28,2735,2735,2520,2645,58094,-0.02757352941176472
2020-03-02,2570,2615,2520,2520,58236,-0.047258979206049156
2020-03-03,2535,2600,2490,2500,73202,-0.007936507936507908
2020-03-04,2480,2565,2480,2530,50559,0.01200000000000001
2020-03-05,2570,2570,2520,2550,18916,0.007905138339920903
2020-03-06,2555,2555,2445,2480,64415,-0.027450980392156876
2020-03-09,2475,2475,2295,2345,97478,-0.05443548387096775
2020-03-10,2265,2315,2255,2300,62093,-0.019189765458422214
2020-03-11,2300,2310,2220,2290,38651,-0.004347826086956497
2020-03-12,2285,2285,2080,2095,54821,-0.08515283842794763
2020-03-13,2035,2035,1850,2000,154066,-0.04534606205250602
2020-03-16,1950,2000,1885,1945,72036,-0.02749999999999997
2020-03-17,1900,1900,1810,1865,170866,-0.041131105398457546
2020-03-18,1850,1920,1845,1880,126852,0.008042895442359255
2020-03-19,1840,1855,1715,1750,249637,-0.06914893617021278
2020-03-20,1685,1900,1685,1900,125424,0.08571428571428563
2020-03-23,1785,1875,1685,1745,23974,-0.08157894736842108
2020-03-24,1715,1775,1695,1770,81681,0.014326647564469885
2020-03-25,1775,1890,1775,1850,42759,0.04519774011299438
2020-03-26,1850,1980,1825,1880,121578,0.016216216216216273
2020-03-27,1900,2000,1870,1970,74928,0.0478723404255319
2020-03-30,1910,2035,1905,2025,37118,0.027918781725888353
2020-03-31,2025,2200,2000,2135,48807,0.05432098765432092
2020-04-01,2130,2150,2065,2130,56257,-0.0023419203747072626
2020-04-02,2130,2130,2080,2110,18885,-0.009389671361502372
2020-04-03,2110,2160,2095,2150,21770,0.018957345971563955
2020-04-06,2145,2180,2110,2155,66373,0.0023255813953488857
2020-04-07,2170,2200,2140,2200,96736,0.02088167053364276
2020-04-08,2200,2240,2165,2200,76215,0.0
2020-04-09,2215,2355,2215,2320,128099,0.05454545454545445
2020-04-10,2320,2360,2260,2320,62569,0.0
2020-04-13,2285,2320,2230,2230,39547,-0.03879310344827591
2020-04-14,2255,2275,2230,2255,28944,0.011210762331838486
2020-04-16,2280,2305,2195,2230,57885,-0.011086474501108667
2020-04-17,2240,2330,2235,2295,72796,0.029147982062780242
2020-04-20,2305,2375,2265,2310,42385,0.006535947712418277
2020-04-21,2290,2320,2180,2275,50009,-0.015151515151515138
2020-04-22,2270,2270,2190,2245,37307,-0.01318681318681314
2020-04-23,2245,2315,2225,2300,15878,0.024498886414253906
2020-04-24,2320,2320,2245,2275,10253,-0.010869565217391353
2020-04-27,2290,2335,2265,2320,31812,0.01978021978021971
2020-04-28,2320,2350,2270,2310,37927,-0.004310344827586188
2020-04-29,2285,2335,2285,2300,35773,-0.0043290043290042934
2020-05-04,2300,2375,2275,2340,111462,0.017391304347825987
2020-05-06,2355,2395,2350,2375,58648,0.014957264957264904
2020-05-07,2375,2440,2375,2425,57847,0.021052631578947434
2020-05-08,2435,2475,2425,2460,66092,0.014432989690721598
2020-05-11,2480,2485,2415,2445,45962,-0.0060975609756097615
2020-05-12,2445,2450,2370,2430,42886,-0.006134969325153339
2020-05-13,2425,2425,2340,2350,39966,-0.03292181069958844
2020-05-14,2340,2345,2300,2340,32734,-0.004255319148936176
2020-05-15,2340,2340,2300,2335,3052,-0.002136752136752129
2020-05-18,2335,2405,2305,2385,37253,0.021413276231263323
2020-05-19,2405,2500,2390,2430,75696,0.018867924528301883
2020-05-20,2460,2460,2420,2435,6612,0.002057613168724215
2020-05-21,2435,2440,2400,2425,22209,-0.004106776180698102
2020-05-22,2425,2425,2345,2360,17536,-0.026804123711340222
2020-05-25,2360,2370,2340,2355,6046,-0.0021186440677966045
2020-05-26,2355,2390,2330,2385,27633,0.01273885350318471
2020-05-27,2385,2460,2370,2425,93451,0.016771488469601747
2020-05-28,2425,2470,2390,2415,59431,-0.004123711340206171
2020-05-29,2400,2430,2345,2400,58738,-0.006211180124223614
2020-06-01,2395,2465,2360,2450,74040,0.02083333333333326
2020-06-02,2445,2465,2410,2460,28936,0.004081632653061273
2020-06-03,2470,2510,2450,2495,97639,0.014227642276422703
2020-06-04,2500,2530,2480,2510,48959,0.006012024048096087
2020-06-05,2500,2525,2490,2525,28603,0.005976095617529875
2020-06-08,2525,2530,2490,2505,49585,-0.007920792079207928
2020-06-09,2495,2530,2490,2495,37544,-0.003992015968063867
2020-06-10,2520,2520,2470,2500,23722,0.002004008016031955
2020-06-11,2475,2510,2470,2490,14452,-0.0040000000000000036
2020-06-12,2285,2430,2285,2425,30506,-0.026104417670682722
2020-06-15,2420,2430,2265,2335,55856,-0.03711340206185565
2020-06-16,2315,2375,2315,2350,37827,0.0064239828693790635
2020-06-17,2340,2360,2275,2350,32652,0.0
2020-06-18,2350,2375,2300,2350,21111,0.0
2020-06-19,2340,2355,2300,2320,12279,-0.012765957446808529
2020-06-22,2320,2345,2290,2315,14718,-0.0021551724137931494
2020-06-23,2305,2325,2245,2290,21694,-0.010799136069114423
2020-06-24,2295,2295,2190,2205,81848,-0.037117903930131035
2020-06-25,2190,2190,2055,2080,186343,-0.05668934240362811
2020-06-26,2150,2150,2075,2120,48538,0.019230769230769162
2020-06-29,2085,2110,2040,2080,38882,-0.018867924528301883
2020-06-30,2080,2150,2050,2130,37818,0.024038461538461453
2020-07-01,2130,2190,2130,2160,22631,0.014084507042253502
2020-07-02,2135,2190,2100,2180,12914,0.0092592592592593
2020-07-03,2180,2190,2135,2180,23940,0.0
2020-07-06,2170,2205,2135,2155,34384,-0.011467889908256867
2020-07-07,2185,2190,2155,2180,16356,0.011600928074245953
2020-07-08,2190,2200,2135,2195,32091,0.006880733944954143
2020-07-09,2195,2210,2150,2210,24647,0.006833712984054774
2020-07-10,2175,2225,2115,2175,49788,-0.015837104072398245
2020-07-13,2150,2175,2120,2140,44127,-0.016091954022988464
2020-07-14,2140,2140,2090,2100,54024,-0.01869158878504673
2020-07-15,2100,2140,2100,2130,40898,0.014285714285714235
2020-07-16,2115,2215,2115,2155,43777,0.011737089201877993
2020-07-17,2135,2220,2135,2200,25556,0.02088167053364276
2020-07-20,2200,2215,2150,2180,57182,-0.009090909090909038
2020-07-21,2185,2290,2165,2235,34645,0.025229357798165042
2020-07-22,2235,2235,2195,2200,41951,-0.015659955257270708
2020-07-23,2200,2200,2120,2155,44092,-0.020454545454545503
2020-07-24,2155,2190,2135,2175,30923,0.009280742459396807
2020-07-27,2185,2190,2150,2175,26808,0.0
2020-07-28,2180,2205,2175,2185,25754,0.0045977011494253706
2020-07-29,2215,2215,2165,2195,26197,0.004576659038901587
2020-07-30,2195,2215,2195,2205,21599,0.004555808656036442
2020-07-31,2205,2215,2185,2210,22744,0.0022675736961450532
2020-08-03,2185,2220,2175,2185,19107,-0.011312217194570096
2020-08-04,2220,2220,2175,2205,17021,0.009153318077803174
2020-08-05,2180,2250,2180,2230,35010,0.01133786848072571
2020-08-06,2250,2250,2215,2245,29034,0.006726457399103047
2020-08-07,2240,2250,2210,2225,24276,-0.008908685968819552
2020-08-10,2230,2240,2195,2200,36931,-0.011235955056179803
2020-08-11,2200,2255,2185,2255,440441,0.02499999999999991
2020-08-12,2255,2260,2145,2185,715826,-0.03104212860310418
2020-08-13,2180,2245,2135,2200,591805,0.006864988558352492
2020-08-14,2210,2645,2185,2370,1629508,0.07727272727272738
2020-08-18,2380,2415,2295,2315,292624,-0.02320675105485237
2020-08-19,2370,2550,2320,2505,881059,0.08207343412527002
2020-08-20,2470,2590,2305,2385,311577,-0.04790419161676651
2020-08-21,2390,2520,2360,2435,190110,0.020964360587002018
2020-08-24,2420,2485,2325,2485,131769,0.02053388090349073
2020-08-25,2485,2585,2465,2585,196275,0.04024144869215296
2020-08-26,2555,2555,2420,2475,250526,-0.04255319148936165
2020-08-27,2475,2505,2370,2455,120526,-0.008080808080808133
2020-08-28,2460,2570,2435,2510,231133,0.022403258655804503
2020-08-31,2555,2555,2450,2485,60139,-0.009960159362549792
2020-09-01,2480,2510,2440,2480,29205,-0.002012072434607659
2020-09-02,2510,2525,2470,2505,52031,0.010080645161290258
2020-09-03,2515,2565,2500,2510,97478,0.001996007984031989
2020-09-04,2410,2525,2410,2505,35923,-0.0019920318725099584
2020-09-07,2535,2560,2505,2555,96497,0.019960079840319445
2020-09-08,2555,2570,2495,2505,44972,-0.019569471624266144
2020-09-09,2515,2515,2450,2450,192649,-0.021956087824351322
2020-09-10,2450,2505,2350,2450,245830,0.0
2020-09-11,2430,2455,2385,2450,34200,0.0
2020-09-14,2455,2490,2430,2460,144867,0.004081632653061273
2020-09-15,2550,2900,2530,2660,2445427,0.08130081300813008
2020-09-16,2640,2675,2580,2600,424382,-0.022556390977443663
2020-09-17,2630,2630,2530,2550,101754,-0.019230769230769273
2020-09-18,2590,2805,2575,2650,726778,0.03921568627450989
2020-09-21,2660,2710,2460,2490,271151,-0.060377358490566024
2020-09-22,2470,2480,2355,2375,159239,-0.04618473895582331
2020-09-23,2425,2425,2300,2420,130239,0.0189473684210526
2020-09-24,2395,2425,2350,2410,130382,-0.004132231404958664
2020-09-25,2410,2475,2390,2460,50698,0.020746887966804906
2020-09-28,2490,2535,2465,2535,88537,0.030487804878048808
2020-09-29,2560,2915,2505,2880,2811436,0.13609467455621305
2020-10-05,2845,3030,2785,2940,896795,0.02083333333333326
2020-10-06,2935,3200,2885,3010,852950,0.023809523809523725
2020-10-07,3000,3175,2960,3085,527727,0.024916943521594792
2020-10-08,3190,3270,3110,3225,669965,0.04538087520259326
2020-10-12,3230,3690,3160,3425,3621574,0.0620155038759691
2020-10-13,3380,3480,3245,3290,974963,-0.039416058394160625
2020-10-14,3290,3390,3265,3320,380048,0.00911854103343468
2020-10-15,3230,3365,3230,3330,305845,0.003012048192771122
2020-10-16,3290,3355,3135,3190,248245,-0.042042042042042094
2020-10-19,3135,3220,3050,3055,194804,-0.042319749216300995
2020-10-20,3090,3095,2925,3005,224431,-0.016366612111292977
2020-10-21,3010,3020,2900,2930,216364,-0.024958402662229595
2020-10-22,2950,3025,2900,2950,147396,0.006825938566553003
2020-10-23,3015,3020,2865,2870,166077,-0.027118644067796627
2020-10-26,2870,2900,2735,2735,231427,-0.04703832752613235
2020-10-27,2735,2800,2710,2800,119711,0.02376599634369292
2020-10-28,2780,2830,2745,2825,134128,0.008928571428571397
2020-10-29,2790,2810,2700,2795,122252,-0.010619469026548645
2020-10-30,2795,2810,2700,2700,143601,-0.03398926654740608
2020-11-02,2735,2795,2690,2795,74412,0.03518518518518521
2020-11-03,2790,2825,2770,2790,71153,-0.0017889087656529634
2020-11-04,2800,2815,2705,2770,100090,-0.007168458781361964
2020-11-05,2770,2815,2745,2760,81854,-0.0036101083032491488
2020-11-06,2805,2935,2765,2860,220780,0.03623188405797095
2020-11-09,2930,2930,2870,2895,78915,0.012237762237762295
2020-11-10,2950,2980,2875,2955,172285,0.020725388601036343
2020-11-11,2965,3055,2920,3020,213815,0.021996615905245376
2020-11-12,3020,3035,2980,3020,96099,0.0
2020-11-13,2990,3045,2965,3030,91758,0.0033112582781456013
2020-11-16,3030,3030,2900,2920,106906,-0.0363036303630363
2020-11-17,2920,2950,2905,2945,61860,0.008561643835616417
2020-11-18,2945,2975,2910,2975,72474,0.01018675721561979
2020-11-19,2975,2975,2910,2935,44964,-0.013445378151260456
2020-11-20,2925,2955,2870,2940,54311,0.0017035775127767216
2020-11-23,2945,2955,2885,2920,52772,-0.006802721088435382
2020-11-24,2920,2940,2880,2910,85558,-0.003424657534246589
2020-11-25,2915,2950,2885,2910,111841,0.0
2020-11-26,2910,2950,2885,2905,87629,-0.0017182130584192379
2020-11-27,2905,2915,2850,2880,74524,-0.008605851979345935
2020-11-30,2880,2905,2835,2850,81471,-0.01041666666666663
2020-12-01,2880,2885,2835,2855,28407,0.0017543859649122862
2020-12-02,2880,2970,2840,2885,61692,0.01050788091068311
2020-12-03,2885,2900,2855,2880,30288,-0.0017331022530329143
2020-12-04,2880,2880,2805,2840,71362,-0.01388888888888884
2020-12-07,2840,2860,2795,2805,37796,-0.01232394366197187
2020-12-08,2805,2815,2755,2775,28908,-0.010695187165775444
2020-12-09,2775,2830,2775,2820,24918,0.016216216216216273
2020-12-10,2830,2950,2780,2950,97302,0.046099290780141855
2020-12-11,2945,2965,2890,2950,76374,0.0
2020-12-14,2935,2935,2880,2895,24953,-0.01864406779661021
2020-12-15,2875,2895,2830,2885,56298,-0.003454231433506094
2020-12-16,2990,3680,2915,3170,4568161,0.098786828422877
2020-12-17,3175,3210,3100,3150,383462,-0.006309148264984188
2020-12-18,3140,3170,3085,3115,183202,-0.011111111111111072
2020-12-21,3115,3140,3005,3005,200386,-0.035313001605136396
2020-12-22,3010,3035,2920,2960,181514,-0.014975041597337757
2020-12-23,2935,2960,2820,2820,211350,-0.04729729729729726
2020-12-24,2850,2915,2825,2855,147545,0.012411347517730542
2020-12-28,2855,2885,2820,2850,99203,-0.0017513134851138146
2020-12-29,2835,2905,2825,2905,98072,0.019298245614035148
2020-12-30,2915,2975,2890,2945,68800,0.013769363166953541
2021-01-04,2925,2955,2880,2930,86850,-0.005093378607809895
2021-01-05,2915,2965,2910,2935,103086,0.0017064846416381396
2021-01-06,2950,2950,2895,2910,80086,-0.008517887563884163
2021-01-07,2930,2995,2920,2985,189385,0.025773195876288568
2021-01-08,3015,3070,2960,3020,188686,0.011725293132328396
2021-01-11,3020,3100,2985,3075,266072,0.01821192052980125
2021-01-12,3070,3240,3015,3190,511046,0.0373983739837398
2021-01-13,3240,3310,3180,3190,526146,0.0
2021-01-14,3230,3250,3145,3155,246123,-0.010971786833855801
2021-01-15,3190,3195,3100,3145,128311,-0.0031695721077654726
2021-01-18,3120,3160,3080,3095,118876,-0.015898251192368873
2021-01-19,3095,3130,3080,3100,108974,0.001615508885298933
2021-01-20,3130,3280,3120,3190,191402,0.029032258064516148
2021-01-21,3270,3270,3195,3235,155628,0.014106583072100332
2021-01-22,3240,3240,3195,3220,97846,-0.004636785162287493
2021-01-25,3220,3265,3195,3230,123235,0.0031055900621117516
2021-01-26,3230,3230,3130,3140,128611,-0.02786377708978327
2021-01-27,3185,3245,3100,3210,96517,0.022292993630573354
2021-01-28,3170,3285,3115,3220,163636,0.0031152647975076775
2021-01-29,3370,3415,3070,3135,404339,-0.026397515527950333
2021-02-01,3135,3175,3075,3160,163012,0.00797448165869219
2021-02-02,3190,3235,3140,3230,139401,0.02215189873417711
2021-02-03,3250,3330,3190,3330,382645,0.030959752321981338
2021-02-04,3335,3365,3260,3330,312938,0.0
2021-02-05,3365,3410,3305,3345,229551,0.0045045045045044585
2021-02-08,3340,3355,3270,3300,145392,-0.013452914798206317
2021-02-09,3300,3300,3200,3240,149504,-0.018181818181818188
2021-02-10,3240,3250,3185,3250,110843,0.0030864197530864335
2021-02-15,3250,3355,3245,3330,156857,0.024615384615384706
2021-02-16,3350,3405,3290,3330,166663,0.0
2021-02-17,3330,3330,3270,3315,111828,-0.0045045045045044585
2021-02-18,3315,3645,3310,3425,1171921,0.03318250377073917
2021-02-19,3410,3425,3265,3340,302786,-0.02481751824817513
2021-02-22,3340,3340,3255,3275,103803,-0.019461077844311392
2021-02-23,3270,3280,3195,3215,74883,-0.018320610687022953
2021-02-24,3220,3225,3070,3095,115240,-0.03732503888024885
2021-02-25,3105,3255,3105,3145,72852,0.016155088852988664
2021-02-26,3080,3125,3000,3100,81866,-0.014308426073131986
2021-03-02,3115,3190,3110,3135,34323,0.011290322580645107
2021-03-03,3100,3250,3100,3200,120370,0.020733652312599604
2021-03-04,3175,3180,3130,3175,40598,-0.0078125
2021-03-05,3115,3175,3090,3135,62120,-0.012598425196850394
2021-03-08,3195,3270,3175,3240,225017,0.03349282296650724
2021-03-09,3265,3370,3190,3355,232499,0.035493827160493874
2021-03-10,3380,3865,3360,3395,2231349,0.011922503725782407
2021-03-11,3400,3480,3375,3450,252714,0.016200294550809957
2021-03-12,3500,3640,3470,3560,491000,0.03188405797101446
2021-03-15,3550,3550,3455,3465,170994,-0.026685393258427004
2021-03-16,3485,3560,3370,3505,186013,0.011544011544011523
2021-03-17,3485,3580,3450,3580,208991,0.021398002853067144
2021-03-18,3635,3775,3580,3755,689028,0.0488826815642458
2021-03-19,3640,4080,3640,3805,1796539,0.013315579227696439
2021-03-22,3785,3835,3715,3740,310285,-0.01708278580814715
2021-03-23,3760,3785,3520,3540,359649,-0.053475935828877
2021-03-24,3570,3600,3490,3600,100722,0.016949152542372836
2021-03-25,3550,3600,3500,3550,89733,-0.01388888888888884
2021-03-26,3550,3550,3440,3460,194656,-0.025352112676056304
2021-03-29,3465,3545,3450,3540,84712,0.023121387283236983
2021-03-30,3600,3710,3540,3690,235785,0.04237288135593231
2021-03-31,3700,3725,3565,3635,130233,-0.01490514905149054
2021-04-01,3700,3710,3635,3680,133036,0.012379642365887289
2021-04-02,3660,3710,3560,3640,137062,-0.010869565217391353
2021-04-05,3650,3660,3550,3620,124129,-0.005494505494505475
2021-04-06,3670,3670,3600,3650,54071,0.008287292817679592
2021-04-07,3650,3770,3645,3750,221979,0.027397260273972712
2021-04-08,3785,3785,3710,3725,131635,-0.00666666666666671
2021-04-09,3720,3785,3675,3780,174736,0.014765100671140896
2021-04-12,3770,3845,3740,3830,86985,0.013227513227513255
2021-04-13,3870,3925,3830,3900,359844,0.018276762402088753
2021-04-14,3870,3900,3840,3870,103425,-0.007692307692307665
2021-04-15,3870,3895,3785,3880,172861,0.0025839793281654533
2021-04-16,3850,3995,3850,3900,279294,0.005154639175257714
2021-04-19,3865,3900,3820,3870,72486,-0.007692307692307665
2021-04-20,3870,3905,3840,3870,75984,0.0
2021-04-21,3870,3910,3830,3880,170563,0.0025839793281654533
2021-04-22,4080,4150,3925,4115,1663699,0.06056701030927836
2021-04-23,4010,4040,3925,3950,504759,-0.04009720534629402
2021-04-26,3945,4200,3945,4175,682278,0.05696202531645578
2021-04-27,4200,4240,4085,4225,347939,0.011976047904191711
2021-04-28,4260,4370,4100,4150,306038,-0.017751479289940808
2021-04-29,4150,4180,4040,4040,207180,-0.026506024096385583
2021-04-30,4005,4095,3955,4020,175805,-0.004950495049504955
2021-05-03,4010,4055,3950,3990,165148,-0.007462686567164201
2021-05-04,3990,4160,3865,4110,355407,0.03007518796992481
2021-05-06,4135,4255,4095,4170,308124,0.014598540145985384
2021-05-07,4210,4230,4120,4230,192602,0.014388489208633004
2021-05-10,4235,4245,4190,4195,140196,-0.008274231678486954
2021-05-11,4195,4205,4065,4110,158480,-0.020262216924910592
2021-05-12,4115,4190,3935,3980,190345,-0.031630170316301665
2021-05-13,3910,4125,3860,4000,270649,0.005025125628140614
2021-05-14,4010,4080,3990,4080,83074,0.020000000000000018
2021-05-17,4085,4190,4035,4080,184569,0.0
2021-05-18,4120,4150,4065,4115,144435,0.008578431372548989
2021-05-20,4115,4135,4000,4085,92780,-0.007290400972053468
2021-05-21,4100,4100,3955,3965,133925,-0.02937576499388006
2021-05-24,4000,4000,3865,3945,161902,-0.0050441361916772065
2021-05-25,3940,4000,3915,3940,70557,-0.0012674271229404788
2021-05-26,3940,3960,3810,3945,213429,0.0012690355329949554
2021-05-27,3965,3990,3920,3960,66180,0.0038022813688212143
2021-05-28,3950,4035,3930,3995,184170,0.008838383838383868
2021-05-31,3995,4025,3905,4010,113400,0.003754693366708306
2021-06-01,4010,4015,3945,3975,69100,-0.00872817955112215
2021-06-02,3980,4100,3955,4000,218674,0.0062893081761006275
2021-06-03,4000,4080,3995,4080,158308,0.020000000000000018
2021-06-04,4130,4130,4005,4070,180355,-0.002450980392156854
2021-06-07,4065,4085,4020,4040,87666,-0.0073710073710073765
2021-06-08,4050,4165,4000,4085,196230,0.011138613861386037
2021-06-09,4100,4145,4005,4030,192144,-0.01346389228886169
2021-06-10,4010,4065,4005,4045,49213,0.003722084367245637
2021-06-11,4065,4065,4020,4050,46734,0.0012360939431397266
2021-06-14,4030,4030,3935,3990,116235,-0.014814814814814836
2021-06-15,4015,4015,3905,3910,110839,-0.020050125313283207
2021-06-16,3935,3980,3905,3970,69905,0.01534526854219953
2021-06-17,3985,3985,3900,3930,36226,-0.010075566750629705
2021-06-18,3930,3965,3885,3910,70897,-0.0050890585241730735
2021-06-21,3910,3940,3845,3855,64668,-0.014066496163682829
2021-06-22,3860,3915,3855,3865,57225,0.0025940337224383825
2021-06-23,3910,3910,3755,3775,197552,-0.023285899094437235
2021-06-24,3895,3895,3740,3810,183667,0.009271523178807861
2021-06-25,3830,3850,3800,3810,72280,0.0
2021-06-28,3815,3865,3795,3845,48779,0.009186351706036655
2021-06-29,3835,3860,3835,3845,42234,0.0
2021-06-30,3865,3865,3815,3845,22430,0.0
2021-07-01,3850,3865,3815,3845,43607,0.0
2021-07-02,3840,3855,3785,3795,87946,-0.013003901170351106
2021-07-05,3805,3810,3750,3790,36936,-0.0013175230566534468
2021-07-06,3805,3820,3770,3805,48012,0.003957783641160839
2021-07-07,3780,3820,3750,3790,60229,-0.003942181340341633
2021-07-08,3790,3795,3685,3720,81878,-0.01846965699208447
2021-07-09,3685,3785,3595,3720,209499,0.0
2021-07-12,3695,3750,3620,3625,134056,-0.025537634408602128
2021-07-13,3665,3670,3615,3625,45866,0.0
2021-07-14,3650,3655,3615,3625,26922,0.0
2021-07-15,3670,3745,3630,3745,59808,0.03310344827586209
2021-07-16,3700,3805,3700,3800,98108,0.014686248331108098
2021-07-19,3805,3810,3670,3710,78577,-0.023684210526315752
2021-07-20,3620,3715,3620,3650,66488,-0.016172506738544423
2021-07-21,3650,3695,3575,3600,83520,-0.013698630136986356
2021-07-22,3595,3625,3585,3595,27029,-0.001388888888888884
2021-07-23,3580,3650,3580,3645,36533,0.013908205841446364
2021-07-26,3685,3685,3610,3610,30282,-0.009602194787380003
2021-07-27,3610,3680,3585,3640,58684,0.008310249307479145
2021-07-28,3665,3665,3575,3600,62601,-0.01098901098901095
2021-07-29,3600,3615,3570,3600,50890,0.0
2021-07-30,3610,3620,3565,3575,51793,-0.00694444444444442
2021-08-02,3575,3625,3555,3605,36083,0.008391608391608463
2021-08-03,3605,3610,3555,3575,32829,-0.00832177531206657
2021-08-04,3575,3600,3545,3590,34301,0.00419580419580412
2021-08-05,3590,3610,3570,3600,28860,0.0027855153203342198
2021-08-06,3615,3620,3575,3610,27675,0.002777777777777768
2021-08-09,3625,3625,3520,3585,29715,-0.006925207756232732
2021-08-10,3550,3555,3520,3550,53522,-0.009762900976290068
2021-08-11,3530,3550,3510,3550,31148,0.0
2021-08-12,3550,3550,3505,3540,60286,-0.0028169014084507005
2021-08-13,3515,3535,3435,3500,48680,-0.011299435028248594
2021-08-17,3470,3485,3340,3370,86986,-0.037142857142857144
2021-08-18,3280,3590,3280,3370,92524,0.0
2021-08-19,3350,3370,3230,3230,74151,-0.041543026706231445
2021-08-20,3230,3280,3120,3145,142575,-0.02631578947368418
2021-08-23,3120,3225,3120,3205,51626,0.019077901430842648
2021-08-24,3285,3345,3240,3340,44237,0.04212168486739465
2021-08-25,3355,3440,3330,3420,29222,0.0239520958083832
2021-08-26,3430,3480,3395,3430,19303,0.0029239766081872176
2021-08-27,3440,3455,3400,3445,16680,0.004373177842565523
2021-08-30,3445,3465,3395,3465,20024,0.005805515239477588
2021-08-31,3465,3475,3425,3455,14629,-0.0028860028860029363
2021-09-01,3465,3465,3420,3450,13823,-0.0014471780028944004
2021-09-02,3460,3460,3410,3450,18741,0.0
2021-09-03,3450,3475,3410,3455,26724,0.0014492753623187582
2021-09-06,3435,3470,3415,3455,14791,0.0
2021-09-07,3475,3475,3425,3445,10980,-0.0028943560057886897
2021-09-08,3445,3475,3410,3415,22955,-0.00870827285921627
2021-09-09,3400,3415,3340,3360,54028,-0.016105417276720324
2021-09-10,3360,3410,3340,3405,16880,0.013392857142857206
2021-09-13,3420,3440,3365,3395,13591,-0.002936857562408246
2021-09-14,3450,3450,3410,3430,19301,0.010309278350515427
2021-09-15,3435,3435,3355,3405,34958,-0.007288629737609353
2021-09-16,3405,3420,3345,3375,13208,-0.008810572687224627
2021-09-17,3360,3370,3330,3355,36617,-0.00592592592592589
2021-09-23,3355,3355,3300,3335,20316,-0.005961251862891204
2021-09-24,3330,3360,3285,3300,22091,-0.010494752623688153
2021-09-27,3315,3345,3300,3340,10798,0.0121212121212122
2021-09-28,3385,3385,3295,3310,16424,-0.008982035928143728
2021-09-29,3295,3320,3260,3280,32530,-0.009063444108761365
2021-09-30,3255,3300,3235,3265,19018,-0.004573170731707266
2021-10-01,3270,3270,3155,3210,58705,-0.016845329249617125
2021-10-05,3210,3210,3080,3130,48926,-0.024922118380062308
2021-10-06,3110,3195,3040,3100,53193,-0.009584664536741228
2021-10-07,3100,3180,3010,3180,44145,0.02580645161290329
2021-10-08,3195,3230,3160,3205,6524,0.007861635220125729
2021-10-12,3210,3245,3150,3205,16618,0.0
2021-10-13,3160,3250,3160,3245,25774,0.012480499219968744
2021-10-14,3245,3350,3245,3330,28849,0.026194144838212585
2021-10-15,3395,3395,3185,3195,151014,-0.04054054054054057
2021-10-18,3230,3235,3190,3230,32322,0.010954616588419341
2021-10-19,3270,3270,3225,3245,19263,0.004643962848297267
2021-10-20,3265,3280,3210,3230,32343,-0.0046224961479198745
2021-10-21,3230,3280,3200,3235,26694,0.001547987616099089
2021-10-22,3235,3260,3190,3260,18102,0.007727975270479082
2021-10-25,3260,3270,3210,3260,33451,0.0
2021-10-26,3230,3285,3230,3260,32991,0.0
2021-10-27,3260,3280,3225,3255,24502,-0.0015337423312883347
2021-10-28,3255,3255,3155,3210,30826,-0.01382488479262678
2021-10-29,3195,3200,3125,3190,29869,-0.006230529595015577
2021-11-01,3170,3190,3130,3190,18411,0.0
2021-11-02,3185,3220,3140,3200,9602,0.0031347962382444194
2021-11-03,3235,3235,3140,3190,13953,-0.0031250000000000444
2021-11-04,3160,3190,3150,3170,9749,-0.006269592476489061
2021-11-05,3195,3195,3120,3150,19533,-0.006309148264984188
2021-11-08,3125,3165,3105,3150,27564,0.0
2021-11-09,3150,3180,3095,3150,32234,0.0
2021-11-10,3145,3145,3035,3060,47733,-0.02857142857142858
2021-11-11,3045,3050,2980,3030,50787,-0.009803921568627416
2021-11-12,2995,3095,2995,3090,23309,0.01980198019801982
2021-11-15,3090,3130,3050,3085,10581,-0.0016181229773463146
2021-11-16,3090,3090,3020,3060,26514,-0.008103727714748765
2021-11-17,3055,3055,3000,3025,31910,-0.011437908496731986
2021-11-18,3030,3030,2960,3000,34945,-0.008264462809917328
2021-11-19,3000,3000,2950,2995,26221,-0.0016666666666667052
2021-11-22,3000,3000,2945,2995,21940,0.0
2021-11-23,2980,2995,2950,2995,27448,0.0
2021-11-24,3000,3000,2950,2980,23845,-0.005008347245408995
2021-11-25,2970,2970,2900,2965,48311,-0.005033557046979831
2021-11-26,2950,2955,2860,2955,94349,-0.003372681281618939
2021-11-29,2920,2945,2865,2945,71683,-0.0033840947546531774
2021-11-30,2945,2945,2820,2875,74960,-0.02376910016977929
2021-12-01,2820,2875,2775,2830,113072,-0.01565217391304352
2021-12-02,2765,2880,2755,2880,28794,0.0176678445229681
2021-12-03,2920,2945,2840,2940,24075,0.02083333333333326
2021-12-06,2945,2950,2905,2935,39144,-0.00170068027210879
2021-12-07,2920,2980,2920,2935,28200,0.0
2021-12-08,2970,2970,2920,2920,24500,-0.005110732538330498
2021-12-09,2920,2980,2905,2940,17846,0.006849315068493178
2021-12-10,2945,3000,2930,2960,15612,0.006802721088435382
2021-12-13,2990,3005,2865,2940,10229,-0.006756756756756799
2021-12-14,2910,2955,2890,2955,19772,0.005102040816326481
2021-12-15,2955,2985,2910,2935,9994,-0.006768189509306244
2021-12-16,2920,2945,2910,2935,14262,0.0
2021-12-17,2935,2950,2900,2920,9136,-0.005110732538330498
2021-12-20,2890,2915,2870,2890,10879,-0.010273972602739767
2021-12-21,2885,2910,2860,2890,15879,0.0
2021-12-22,2890,2925,2880,2910,10741,0.006920415224913601
2021-12-23,2935,2950,2810,2885,48431,-0.00859106529209619
2021-12-24,2885,2955,2885,2925,5130,0.013864818024263537
2021-12-27,2945,2955,2915,2930,5717,0.0017094017094017033
2021-12-28,2905,2960,2905,2940,7762,0.0034129692832765013
2021-12-29,2950,2985,2915,2980,10508,0.013605442176870763
2021-12-30,2970,2990,2955,2985,10174,0.001677852348993314
2022-01-03,2985,3005,2955,2970,7818,-0.005025125628140725
2022-01-04,2970,3235,2945,3055,91236,0.028619528619528545
2022-01-05,3085,3175,3060,3175,87187,0.03927986906710301
2022-01-06,3170,3200,3090,3105,38229,-0.022047244094488216
2022-01-07,3100,3165,3080,3140,24543,0.011272141706924366
2022-01-10,3190,3190,3080,3145,16010,0.0015923566878981443
2022-01-11,3135,3170,3080,3165,24756,0.006359300476947549
2022-01-12,3160,3275,3115,3225,95447,0.018957345971563955
2022-01-13,3225,3225,3200,3210,6944,-0.0046511627906976605
2022-01-14,3210,3230,3180,3215,20655,0.0015576323987538387
2022-01-17,3245,3245,3125,3145,17029,-0.021772939346811793
2022-01-18,3120,3215,3105,3150,26658,0.0015898251192367763
2022-01-19,3140,3140,2955,3050,62655,-0.031746031746031744
2022-01-20,3050,3050,2990,3050,19364,0.0
2022-01-21,3050,3050,2955,3020,22162,-0.00983606557377048
2022-01-24,2990,3020,2905,3020,67034,0.0
2022-01-25,3000,3000,2905,2985,21447,-0.011589403973509937
2022-01-26,2980,2980,2895,2970,28947,-0.005025125628140725
2022-01-27,2965,2965,2825,2825,28428,-0.04882154882154888
2022-01-28,2825,2880,2780,2880,64340,0.019469026548672552
2022-02-03,2880,2910,2865,2890,30057,0.003472222222222321
2022-02-04,2920,2945,2880,2915,30020,0.00865051903114189
2022-02-07,2915,2960,2885,2960,15972,0.015437392795883298
2022-02-08,2960,3010,2895,2920,28959,-0.013513513513513487
2022-02-09,2920,2970,2920,2970,22064,0.017123287671232834
2022-02-10,2980,3040,2955,2985,11785,0.005050505050504972
2022-02-11,2980,2980,2935,2970,15322,-0.005025125628140725
2022-02-14,2925,2930,2860,2895,23837,-0.025252525252525304
2022-02-15,2870,2910,2845,2895,34249,0.0
2022-02-16,2900,2995,2900,2985,9336,0.031088082901554515
2022-02-17,2985,2995,2905,2970,45378,-0.005025125628140725
2022-02-18,2930,3000,2925,3000,22301,0.010101010101010166
2022-02-21,2970,3075,2955,3065,51423,0.021666666666666723
2022-02-22,3010,3065,2995,3045,28760,-0.006525285481239762
2022-02-23,3050,3080,3010,3065,25738,0.006568144499178974
2022-02-24,3065,3070,2955,3015,42866,-0.01631321370309946
2022-02-25,3015,3045,2990,3035,11092,0.0066334991708125735
2022-02-28,3035,3070,2985,3060,39735,0.008237232289950658
2022-03-02,3025,3090,3025,3080,31526,0.006535947712418277
2022-03-03,3080,3125,3080,3110,21706,0.009740259740259827
2022-03-04,3080,3130,3035,3090,14182,-0.006430868167202619
2022-03-07,3090,3090,2985,3025,13852,-0.021035598705501646
2022-03-08,3020,3020,2950,2980,36297,-0.014876033057851235
2022-03-10,3010,3045,3000,3030,18725,0.016778523489932917
2022-03-11,3040,3095,3000,3085,11132,0.018151815181518094
2022-03-14,3085,3110,3070,3085,15431,0.0
2022-03-15,3085,3155,3080,3105,21302,0.006482982171799101
2022-03-16,3110,3165,3110,3130,24052,0.008051529790660261
2022-03-17,3145,3235,3130,3235,92766,0.033546325878594185
2022-03-18,3225,3260,3200,3230,58220,-0.0015455950540957941
2022-03-21,3240,3305,3200,3235,71891,0.001547987616099089
2022-03-22,3235,3275,3215,3240,15374,0.0015455950540959051
2022-03-23,3235,3280,3170,3190,23800,-0.015432098765432056
2022-03-24,3190,3195,3110,3195,24984,0.0015673981191222097
2022-03-25,3180,3190,3155,3190,14128,-0.0015649452269170805
2022-03-28,3175,3250,3145,3195,26172,0.0015673981191222097
2022-03-29,3195,3270,3190,3220,25599,0.00782472613458518
2022-03-30,3225,3245,3190,3220,7404,0.0
2022-03-31,3215,3225,3175,3200,12264,-0.006211180124223614
2022-04-01,3200,3200,3140,3145,44053,-0.017187500000000022
2022-04-04,3160,3245,3160,3230,46662,0.027027027027026973
2022-04-05,3250,3280,3235,3280,23898,0.015479876160990669
2022-04-06,3275,3275,3220,3265,22393,-0.004573170731707266
2022-04-07,3260,3265,3190,3205,22061,-0.018376722817764146
2022-04-08,3195,3200,3125,3150,40085,-0.01716068642745705
2022-04-11,3240,4025,3190,3725,16023339,0.18253968253968256
2022-04-12,3630,3715,3550,3700,2020040,-0.006711409395973145
2022-04-13,3755,3755,3475,3525,1521699,-0.04729729729729726
2022-04-14,3550,3610,3495,3575,659105,0.014184397163120588
2022-04-15,3560,3650,3520,3620,460538,0.012587412587412583
2022-04-18,3640,3645,3510,3600,297745,-0.0055248618784530246
2022-04-19,3620,3630,3560,3580,293938,-0.005555555555555536
2022-04-20,3615,3700,3580,3670,429434,0.025139664804469275
2022-04-21,3685,3690,3595,3660,256957,-0.0027247956403270157
2022-04-22,3660,3660,3550,3620,223083,-0.010928961748633892
2022-04-25,3555,3640,3535,3590,154730,-0.008287292817679592
2022-04-26,3600,3630,3570,3600,116647,0.0027855153203342198
2022-04-27,3560,3595,3500,3560,111045,-0.011111111111111072
2022-04-28,3590,3590,3530,3550,60221,-0.002808988764044895
2022-04-29,3575,3665,3550,3635,210869,0.023943661971830954
2022-05-02,3615,3710,3575,3690,278953,0.015130674002751032
2022-05-03,3690,3695,3630,3635,109115,-0.01490514905149054
2022-05-04,3635,3635,3560,3565,125164,-0.019257221458046758
2022-05-06,3530,3575,3515,3530,72670,-0.009817671809256634
2022-05-09,3510,3530,3340,3340,189760,-0.053824362606232246
2022-05-10,3290,3380,3255,3380,118317,0.011976047904191711
2022-05-11,3325,3435,3325,3385,58881,0.0014792899408284654
2022-05-12,3335,3465,3330,3380,76980,-0.001477104874446078
2022-05-13,3380,3425,3360,3420,30455,0.01183431952662728
2022-05-16,3450,3450,3365,3415,63655,-0.0014619883040936088
2022-05-17,3415,3435,3395,3400,38754,-0.004392386530014614
2022-05-18,3440,3440,3365,3370,39945,-0.008823529411764675
2022-05-19,3320,3370,3300,3365,46297,-0.0014836795252225476
2022-05-20,3335,3445,3335,3425,45960,0.017830609212481363
2022-05-23,3440,3445,3390,3410,22048,-0.004379562043795637
2022-05-24,3440,3440,3340,3355,26157,-0.016129032258064502
2022-05-25,3345,3370,3315,3355,37042,0.0
2022-05-26,3340,3385,3325,3365,24997,0.0029806259314455463
2022-05-27,3390,3390,3330,3370,14223,0.0014858841010401136
2022-05-30,3390,3450,3370,3450,31104,0.023738872403560762
2022-05-31,3450,3470,3425,3455,24319,0.0014492753623187582
2022-06-02,3455,3465,3410,3440,19822,-0.00434153400868309
2022-06-03,3470,3480,3410,3440,19112,0.0
2022-06-07,3440,3440,3395,3400,30064,-0.011627906976744207
2022-06-08,3395,3410,3335,3350,18560,-0.014705882352941124
2022-06-09,3340,3350,3310,3315,24390,-0.010447761194029903
2022-06-10,3270,3315,3260,3315,41488,0.0
2022-06-13,3280,3300,3165,3170,86818,-0.043740573152337814
2022-06-14,3150,3160,3025,3155,112528,-0.004731861198738141
2022-06-15,3155,3175,3005,3070,73459,-0.02694136291600635
2022-06-16,3145,3145,3050,3090,65641,0.006514657980456029
2022-06-17,2995,3065,2970,3025,119981,-0.021035598705501646
2022-06-20,3020,3040,2820,2915,88781,-0.036363636363636376
2022-06-21,2870,2940,2845,2940,47653,0.00857632933104635
2022-06-22,2910,2915,2700,2790,145901,-0.05102040816326525
2022-06-23,2790,2815,2515,2730,243638,-0.021505376344086002
2022-06-24,2650,2840,2650,2825,56695,0.0347985347985349
2022-06-27,2825,2965,2825,2930,57527,0.03716814159292037
2022-06-28,2930,2935,2855,2915,20229,-0.005119453924914641
2022-06-29,2865,2895,2845,2895,17405,-0.006861063464837058
2022-06-30,2870,2870,2780,2825,41618,-0.024179620034542326
2022-07-01,2785,2835,2765,2800,28518,-0.008849557522123908
2022-07-04,2780,2795,2710,2780,19730,-0.0071428571428571175
2022-07-05,2760,2850,2720,2840,24116,0.021582733812949728
2022-07-06,2850,2850,2760,2825,11968,-0.005281690140845119
2022-07-07,2800,2880,2800,2875,25260,0.017699115044247815
2022-07-08,2890,2920,2850,2895,26176,0.006956521739130528
2022-07-11,2895,2965,2850,2915,13119,0.006908462867012188
2022-07-12,2915,2915,2770,2900,43540,-0.005145797598627766
2022-07-13,2870,2925,2845,2910,38231,0.0034482758620688614
2022-07-14,2855,2920,2855,2915,27723,0.0017182130584192379
2022-07-15,2890,2935,2820,2910,12472,-0.0017152658662092923
2022-07-18,2940,2955,2890,2950,22594,0.013745704467353903
2022-07-19,2970,2970,2920,2965,4754,0.005084745762711895
2022-07-20,2975,2975,2915,2960,29040,-0.001686340640809414
2022-07-21,2980,2980,2915,2960,28856,0.0
2022-07-22,2935,2970,2935,2970,16132,0.0033783783783782884
2022-07-25,2950,2970,2900,2920,14712,-0.01683501683501687
2022-07-26,2910,2935,2905,2920,18981,0.0
2022-07-27,2900,2945,2900,2945,19613,0.008561643835616417
2022-07-28,2960,2975,2930,2960,8064,0.005093378607809784
2022-07-29,2945,2985,2945,2965,56361,0.0016891891891892552
2022-08-01,3010,3010,2930,2950,14891,-0.005059021922428353
2022-08-02,2965,2975,2910,2920,15821,-0.01016949152542368
2022-08-03,2960,3005,2915,2985,39294,0.022260273972602773
2022-08-04,3005,3005,2950,2970,23028,-0.005025125628140725
2022-08-05,2990,3025,2990,3010,21676,0.013468013468013407
2022-08-08,2995,3000,2950,2980,12064,-0.009966777408637828
2022-08-09,2975,3030,2955,2995,26372,0.005033557046979942
2022-08-10,2970,3015,2820,2865,177925,-0.04340567612687818
2022-08-11,2905,2920,2880,2915,43044,0.017452006980802848
2022-08-12,2900,2950,2895,2950,9297,0.012006861063464935
2022-08-16,2930,2930,2870,2895,40698,-0.01864406779661021
2022-08-17,2890,2890,2815,2860,113152,-0.012089810017271163
2022-08-18,2870,2885,2790,2875,40588,0.005244755244755206
2022-08-19,2900,2900,2830,2890,19147,0.00521739130434784
2022-08-22,2890,2890,2785,2835,37934,-0.01903114186851207
2022-08-23,2830,2850,2765,2840,29584,0.0017636684303350414
2022-08-24,2840,2915,2815,2870,18610,0.010563380281690238
2022-08-25,2900,2900,2855,2870,8067,0.0
2022-08-26,2895,2895,2860,2880,8814,0.0034843205574912606
2022-08-29,2795,2835,2745,2780,50820,-0.03472222222222221
2022-08-30,2780,2800,2735,2780,55940,0.0
2022-08-31,2770,2800,2740,2785,69910,0.0017985611510791255
2022-09-01,2775,3295,2745,2775,3794559,-0.0035906642728904536
2022-09-02,2800,2820,2725,2725,207509,-0.018018018018018056
2022-09-05,2735,2735,2680,2685,146666,-0.014678899082568808
2022-09-06,2680,2785,2680,2740,36560,0.020484171322160183
2022-09-07,2740,2790,2720,2745,50914,0.0018248175182482562
2022-09-08,2750,2840,2745,2800,66371,0.020036429872495543
2022-09-13,2800,2880,2775,2850,68777,0.017857142857142794
2022-09-14,2750,2805,2750,2800,29431,-0.01754385964912286
2022-09-15,2810,2940,2790,2840,63991,0.014285714285714235
2022-09-16,2830,2835,2760,2800,31373,-0.014084507042253502
2022-09-19,2835,2835,2715,2760,49351,-0.014285714285714235
2022-09-20,2740,2775,2740,2775,43756,0.005434782608695565
2022-09-21,2765,2790,2755,2765,12143,-0.003603603603603567
2022-09-22,2760,2765,2700,2725,57554,-0.01446654611211573
2022-09-23,2725,2740,2660,2685,65165,-0.014678899082568808
2022-09-26,2660,2665,2560,2620,221680,-0.02420856610800748
2022-09-27,2635,2635,2575,2620,55224,0.0
2022-09-28,2590,2635,2490,2600,180450,-0.007633587786259555
2022-09-29,2620,2650,2585,2610,26358,0.0038461538461538325
2022-09-30,2580,2615,2505,2590,26045,-0.007662835249042099
2022-10-04,2590,2620,2590,2620,10670,0.01158301158301156
2022-10-05,2635,2650,2575,2620,25951,0.0
2022-10-06,2605,2730,2605,2715,24574,0.03625954198473291
2022-10-07,2750,2750,2685,2715,6791,0.0
2022-10-11,2705,2705,2580,2600,42604,-0.0423572744014733
2022-10-12,2565,2595,2495,2560,143549,-0.01538461538461533
2022-10-13,2550,2550,2390,2405,152251,-0.060546875
2022-10-14,2415,2475,2410,2460,61002,0.022869022869022926
2022-10-17,2420,2515,2410,2495,31163,0.014227642276422703
2022-10-18,2525,2590,2505,2560,15948,0.02605210420841675
2022-10-19,2525,2590,2525,2570,13203,0.00390625
2022-10-20,2555,2565,2505,2540,16706,-0.011673151750972721
2022-10-21,2600,2610,2515,2535,4168,-0.0019685039370078705
2022-10-24,2590,2590,2525,2545,16185,0.0039447731755424265
2022-10-25,2545,2545,2500,2520,13982,-0.00982318271119842
2022-10-26,2540,2560,2515,2560,10066,0.015873015873015817
2022-10-27,2595,2660,2535,2620,35527,0.0234375
2022-10-28,2605,2630,2585,2615,7034,-0.001908396946564861
2022-10-31,2595,2620,2570,2575,8773,-0.015296367112810683
2022-11-01,2590,2640,2560,2625,13030,0.01941747572815533
2022-11-02,2615,2640,2590,2615,12387,-0.003809523809523818
2022-11-03,2615,2710,2585,2635,81444,0.007648183556405286
2022-11-04,2635,2700,2635,2675,29123,0.015180265654648917
2022-11-07,2700,2700,2650,2690,24790,0.005607476635514086
2022-11-08,2690,2720,2665,2710,14295,0.0074349442379182396
2022-11-09,2715,2715,2660,2715,5779,0.0018450184501845879
2022-11-10,2715,2750,2675,2700,5935,-0.0055248618784530246
2022-11-11,2745,2745,2690,2725,17063,0.0092592592592593
2022-11-14,2740,2745,2695,2740,27207,0.005504587155963359
2022-11-15,2740,2745,2690,2735,19134,-0.0018248175182481452
2022-11-16,2735,2780,2700,2745,19293,0.003656307129798808
2022-11-17,2755,2765,2720,2745,26475,0.0
2022-11-18,2780,2780,2735,2750,13138,0.0018214936247722413
2022-11-21,2805,2805,2705,2730,13917,-0.0072727272727273196
2022-11-22,2745,2745,2700,2730,14514,0.0
2022-11-23,2770,2775,2705,2740,19450,0.00366300366300365
2022-11-24,2760,2760,2725,2735,13144,-0.0018248175182481452
2022-11-25,2735,2740,2725,2740,15967,0.001828153564899404
2022-11-28,2740,2740,2710,2715,13674,-0.009124087591240837
2022-11-29,2710,2720,2670,2700,68603,-0.0055248618784530246
2022-11-30,2700,2750,2680,2725,29954,0.0092592592592593
2022-12-01,2725,2760,2700,2705,26810,-0.007339449541284404
2022-12-02,2705,2720,2690,2710,9017,0.001848428835489857
2022-12-05,2735,2735,2695,2705,16619,-0.0018450184501844769
2022-12-06,2730,2735,2670,2705,10757,0.0
2022-12-07,2690,2710,2665,2710,16018,0.001848428835489857
2022-12-08,2675,2710,2660,2665,15756,-0.016605166051660514
2022-12-09,2710,2710,2655,2675,8205,0.0037523452157599557
2022-12-12,2675,2730,2665,2705,17665,0.01121495327102795
2022-12-13,2730,2730,2670,2710,31907,0.001848428835489857
2022-12-14,2725,2725,2675,2705,16567,-0.0018450184501844769
2022-12-15,2720,2720,2685,2690,8543,-0.00554528650646946
2022-12-16,2695,2700,2650,2660,14260,-0.01115241635687736
2022-12-19,2660,2660,2635,2640,8933,-0.007518796992481258
2022-12-20,2625,2635,2530,2620,34757,-0.007575757575757569
2022-12-21,2595,2635,2595,2620,9602,0.0
2022-12-22,2620,2640,2590,2610,10830,-0.003816793893129722
2022-12-23,2610,2610,2550,2570,17169,-0.01532567049808431
2022-12-26,2570,2570,2505,2545,20450,-0.009727626459143934
2022-12-27,2530,2550,2520,2550,26147,0.0019646365422396617
2022-12-28,2550,2560,2480,2550,51382,0.0
2022-12-29,2550,2550,2500,2500,9547,-0.019607843137254943
2023-01-02,2500,2535,2420,2490,74073,-0.0040000000000000036
2023-01-03,2445,2515,2385,2430,111163,-0.02409638554216864
2023-01-04,2400,2455,2385,2450,27052,0.008230452674897082
2023-01-05,2455,2455,2415,2450,20053,0.0
2023-01-06,2450,2495,2425,2475,15325,0.010204081632652962
2023-01-09,2475,2520,2475,2500,96545,0.010101010101010166
2023-01-10,2500,2515,2480,2495,16663,-0.0020000000000000018
2023-01-11,2520,2580,2505,2560,16322,0.02605210420841675
2023-01-12,2565,2605,2545,2585,14089,0.009765625
2023-01-13,2585,2640,2575,2640,28121,0.02127659574468077
2023-01-16,2665,2670,2615,2660,15074,0.007575757575757569
2023-01-17,2660,2660,2625,2635,7199,-0.009398496240601517
2023-01-18,2605,2700,2605,2660,23303,0.009487666034155628
2023-01-19,2640,2670,2575,2630,21272,-0.011278195488721776
2023-01-20,2620,2665,2615,2655,7876,0.009505703422053147
2023-01-25,2665,2665,2625,2645,8149,-0.0037664783427495685
2023-01-26,2660,2660,2635,2655,7590,0.003780718336483968
2023-01-27,2650,2655,2630,2655,17201,0.0
2023-01-30,2650,2660,2645,2655,27078,0.0
2023-01-31,2655,2655,2625,2635,10110,-0.007532956685499026
2023-02-01,2640,2650,2605,2630,36216,-0.00189753320683117
2023-02-02,2605,2655,2605,2655,41551,0.009505703422053147
2023-02-03,2650,2910,2650,2800,330372,0.05461393596986808
2023-02-06,2800,2910,2745,2910,322624,0.03928571428571437
2023-02-07,3060,3320,2805,2850,3268065,-0.020618556701030966
2023-02-08,2875,2890,2800,2810,171578,-0.01403508771929829
2023-02-09,2830,2920,2810,2870,97783,0.021352313167259718
2023-02-10,2865,2885,2780,2785,96959,-0.029616724738675937
2023-02-13,2800,2855,2765,2855,48858,0.025134649910233398
2023-02-14,2855,2905,2840,2890,76759,0.012259194395796813
2023-02-15,2925,2925,2850,2880,70625,-0.0034602076124568004
2023-02-16,2885,2915,2850,2880,52218,0.0
2023-02-17,2900,2920,2845,2870,48604,-0.00347222222222221
2023-02-20,2870,2890,2830,2875,32137,0.0017421602787457413
2023-02-21,2875,2885,2850,2875,53960,0.0
2023-02-22,2870,2885,2845,2855,26014,-0.006956521739130417
2023-02-23,2840,2870,2820,2865,28267,0.003502626970227629
2023-02-24,2865,2865,2785,2820,28061,-0.015706806282722474
2023-02-27,2770,2885,2745,2835,27904,0.005319148936170137
2023-02-28,2835,2850,2810,2835,11070,0.0
2023-03-02,2805,2840,2785,2840,38037,0.0017636684303350414
2023-03-03,2870,2890,2830,2870,43191,0.010563380281690238
2023-03-06,2895,2955,2880,2905,109566,0.012195121951219523
2023-03-07,2895,2955,2890,2930,46749,0.008605851979345935
2023-03-08,2915,2955,2890,2925,24497,-0.0017064846416382506
2023-03-09,2920,2955,2895,2935,26380,0.0034188034188034067
2023-03-10,2905,2960,2880,2935,68546,0.0
2023-03-13,2910,2935,2835,2935,60798,0.0
2023-03-14,2895,2905,2785,2785,61605,-0.05110732538330498
2023-03-15,2810,2850,2780,2795,34276,0.0035906642728904536
2023-03-16,2795,2795,2715,2745,41736,-0.017889087656529523
2023-03-17,2770,2790,2725,2790,21865,0.016393442622950838
2023-03-20,2740,2785,2740,2780,14988,-0.0035842293906810374
2023-03-21,2785,2785,2715,2735,33314,-0.01618705035971224
2023-03-22,2725,2750,2715,2735,30275,0.0
2023-03-23,2710,2745,2695,2745,25307,0.003656307129798808
