Date,Open,High,Low,Close,Volume,Change
2015-01-02,5670,5780,5640,5720,7651,0.0035087719298245723
2015-01-05,5720,5730,5650,5730,5403,0.0017482517482516613
2015-01-06,5720,5720,5620,5700,21522,-0.005235602094240788
2015-01-07,5650,5660,5540,5550,10189,-0.02631578947368418
2015-01-08,5650,5650,5530,5590,12989,0.007207207207207134
2015-01-09,5560,5650,5520,5650,7031,0.01073345259391778
2015-01-12,5650,5700,5410,5580,5022,-0.012389380530973493
2015-01-13,5510,5560,5450,5520,21612,-0.010752688172043001
2015-01-14,5520,5520,5400,5420,16316,-0.018115942028985477
2015-01-15,5370,5680,5370,5660,20714,0.04428044280442811
2015-01-16,5700,5700,5470,5570,12848,-0.01590106007067138
2015-01-19,5540,5600,5420,5460,12152,-0.019748653500897717
2015-01-20,5500,5500,5400,5420,7398,-0.0073260073260073
2015-01-21,5400,5420,5370,5380,15733,-0.0073800738007380184
2015-01-22,5360,5450,5360,5420,13619,0.0074349442379182396
2015-01-23,5420,5490,5360,5470,10691,0.009225092250922495
2015-01-26,5480,5480,5390,5390,6419,-0.014625228519195566
2015-01-27,5400,5450,5370,5420,10893,0.005565862708719838
2015-01-28,5400,5500,5380,5480,14649,0.011070110701107083
2015-01-29,5450,5480,5410,5450,8001,-0.005474452554744547
2015-01-30,5450,5540,5450,5490,13526,0.007339449541284404
2015-02-02,5490,5920,5450,5740,51499,0.04553734061930781
2015-02-03,5740,5800,5550,5660,46554,-0.013937282229965153
2015-02-04,5650,5770,5560,5760,46820,0.0176678445229681
2015-02-05,5730,5760,5630,5720,35983,-0.00694444444444442
2015-02-06,5740,6280,5670,6130,164534,0.07167832167832167
2015-02-09,6110,6280,5880,6240,133087,0.01794453507340954
2015-02-10,6230,6320,6090,6250,41120,0.0016025641025640969
2015-02-11,6240,6240,5970,6050,127178,-0.03200000000000003
2015-02-12,5980,6050,5950,5980,14571,-0.011570247933884281
2015-02-13,6000,6070,5920,6050,21730,0.0117056856187292
2015-02-16,6010,6080,5970,6030,7817,-0.0033057851239669533
2015-02-17,6050,6180,6020,6090,25425,0.00995024875621886
2015-02-23,6150,6260,6150,6230,23917,0.02298850574712641
2015-02-24,6190,6320,6160,6320,22451,0.014446227929374
2015-02-25,6390,6430,6320,6400,31434,0.012658227848101333
2015-02-26,6400,6450,6320,6450,31740,0.0078125
2015-02-27,6460,6510,6390,6490,26161,0.006201550387596955
2015-03-02,6520,6560,6430,6560,24347,0.01078582434514641
2015-03-03,6580,6590,6500,6560,14052,0.0
2015-03-04,6560,6570,6450,6570,17232,0.0015243902439023849
2015-03-05,6570,6590,6500,6520,10408,-0.007610350076103556
2015-03-06,6500,6500,6330,6350,19796,-0.0260736196319018
2015-03-09,6350,6370,6250,6280,19402,-0.011023622047244053
2015-03-10,6280,6390,6280,6360,19796,0.01273885350318471
2015-03-11,6300,6390,6280,6350,11791,-0.0015723270440252124
2015-03-12,6450,6500,6390,6490,19343,0.022047244094488105
2015-03-13,6500,6500,6350,6480,27827,-0.0015408320493066618
2015-03-16,6500,6500,6390,6390,24157,-0.01388888888888884
2015-03-17,6360,6450,6360,6400,22405,0.0015649452269170805
2015-03-18,6450,6450,6150,6210,88369,-0.029687499999999978
2015-03-19,6240,6390,6100,6250,38566,0.006441223832528209
2015-03-20,6220,6240,6090,6240,21501,-0.0016000000000000458
2015-03-23,6240,6240,6110,6170,23109,-0.011217948717948678
2015-03-24,6120,6260,6120,6230,12946,0.009724473257698651
2015-03-25,6280,6280,6140,6260,17175,0.0048154093097914075
2015-03-26,6160,6250,6150,6250,10862,-0.0015974440894568342
2015-03-27,6250,6330,6150,6250,18155,0.0
2015-03-30,6170,6220,6150,6190,21630,-0.009600000000000053
2015-03-31,6190,6280,6170,6250,37237,0.009693053311793154
2015-04-01,6300,6370,6230,6340,42685,0.014399999999999968
2015-04-02,6350,6410,6310,6400,30343,0.009463722397476282
2015-04-03,6420,6850,6420,6680,104090,0.043749999999999956
2015-04-06,6610,6750,6600,6680,65860,0.0
2015-04-07,6680,6760,6600,6660,63257,-0.0029940119760478723
2015-04-08,6660,6810,6620,6800,71226,0.021021021021021102
2015-04-09,6750,6820,6700,6710,35808,-0.013235294117647012
2015-04-10,6820,6820,6670,6760,49117,0.007451564828613977
2015-04-13,6840,7190,6830,7150,203127,0.05769230769230771
2015-04-14,7150,7170,7000,7140,71752,-0.0013986013986013734
2015-04-15,7140,7200,6990,7190,68063,0.007002801120448154
2015-04-16,7240,7240,7020,7050,38429,-0.01947148817802502
2015-04-17,7100,7100,6840,6910,58540,-0.019858156028368823
2015-04-20,6870,6960,6610,6960,108246,0.00723589001447178
2015-04-21,6990,7240,6800,7200,92306,0.034482758620689724
2015-04-22,7150,7220,6870,6940,92248,-0.036111111111111094
2015-04-23,6940,7080,6800,6850,72909,-0.012968299711815567
2015-04-24,6820,6990,6780,6950,47699,0.014598540145985384
2015-04-27,7150,7150,6620,6950,99013,0.0
2015-04-28,6880,7020,6810,6990,32790,0.0057553956834532904
2015-04-29,7040,7040,6770,6990,40052,0.0
2015-04-30,7010,7010,6860,6960,33003,-0.0042918454935622075
2015-05-04,7050,7050,6800,6880,18051,-0.011494252873563204
2015-05-06,6880,6880,6670,6800,38393,-0.011627906976744207
2015-05-07,6870,6870,6630,6730,34116,-0.010294117647058787
2015-05-08,6860,7020,6710,6980,44500,0.03714710252600306
2015-05-11,6940,7040,6680,6990,39041,0.0014326647564470996
2015-05-12,7020,7030,6930,6990,25922,0.0
2015-05-13,6950,7020,6950,7000,28417,0.0014306151645206988
2015-05-14,7080,7180,7050,7150,83347,0.021428571428571352
2015-05-15,7130,7160,7000,7000,23977,-0.020979020979020935
2015-05-18,7000,7090,6880,6960,38302,-0.005714285714285672
2015-05-19,6870,6970,6800,6940,36432,-0.002873563218390829
2015-05-20,7030,7030,6900,6920,60748,-0.0028818443804035088
2015-05-21,7000,7000,6880,6880,27825,-0.005780346820809301
2015-05-22,6880,6970,6770,6830,43749,-0.007267441860465129
2015-05-26,6830,6830,6520,6560,41359,-0.039531478770131745
2015-05-27,6550,6550,6280,6310,45402,-0.038109756097560954
2015-05-28,6310,6460,6190,6200,66056,-0.017432646592709933
2015-05-29,6200,6340,6200,6260,35644,0.00967741935483879
2015-06-01,6180,6290,6150,6230,63162,-0.004792332268370614
2015-06-02,6260,6470,6200,6400,42813,0.02728731942215079
2015-06-03,6430,6550,6320,6540,85388,0.02187500000000009
2015-06-04,6550,6610,6400,6540,73676,0.0
2015-06-05,6540,6590,6310,6590,35273,0.007645259938837912
2015-06-08,6630,7090,6580,7040,144901,0.06828528072837625
2015-06-09,6910,7500,6910,7450,317283,0.058238636363636465
2015-06-10,7530,7680,7440,7630,225685,0.024161073825503365
2015-06-11,7640,7990,7500,7940,244554,0.04062909567496731
2015-06-12,8000,8160,7780,7940,178120,0.0
2015-06-15,7990,8240,7750,8040,120087,0.012594458438287104
2015-06-16,8000,8230,7640,8040,105019,0.0
2015-06-17,8040,8200,7910,8080,87216,0.004975124378109541
2015-06-18,8220,8390,8070,8100,89158,0.0024752475247524774
2015-06-19,8080,8290,7660,8000,78537,-0.012345679012345734
2015-06-22,8100,8380,8050,8340,153857,0.04249999999999998
2015-06-23,8400,8490,8250,8350,82349,0.0011990407673860837
2015-06-24,8400,8400,8080,8200,65276,-0.017964071856287456
2015-06-25,8240,8430,8150,8430,120170,0.028048780487804903
2015-06-26,8500,8500,8250,8480,116204,0.005931198102016699
2015-06-29,8330,8480,8240,8290,50024,-0.02240566037735847
2015-06-30,8200,8450,8160,8440,75197,0.018094089264173663
2015-07-01,8550,8640,8450,8500,89768,0.007109004739336511
2015-07-02,8450,8530,8310,8510,59289,0.0011764705882353343
2015-07-03,8360,8800,8360,8630,71090,0.014101057579318343
2015-07-06,8700,9290,8690,9130,451419,0.05793742757821563
2015-07-07,9270,9390,9010,9130,189164,0.0
2015-07-08,9190,10750,9190,9750,1150951,0.06790799561883909
2015-07-09,9740,10400,9460,9750,465945,0.0
2015-07-10,10050,10550,9780,9900,471335,0.01538461538461533
2015-07-13,10400,11100,10250,11000,619911,0.11111111111111116
2015-07-14,11150,11400,10800,11100,410202,0.009090909090909038
2015-07-15,10950,12200,10950,11800,422294,0.06306306306306309
2015-07-16,12050,12550,11850,12500,426977,0.05932203389830515
2015-07-17,12800,12900,11600,11950,480061,-0.04400000000000004
2015-07-20,11700,12700,11500,12550,274150,0.05020920502092041
2015-07-21,12800,13100,12300,13000,285669,0.03585657370517925
2015-07-22,12800,13250,12450,13000,235786,0.0
2015-07-23,12950,12950,11000,11800,813961,-0.09230769230769231
2015-07-24,11900,11950,11100,11350,207621,-0.03813559322033899
2015-07-27,11250,11750,10950,11400,210427,0.004405286343612369
2015-07-28,11200,11850,11150,11350,94928,-0.004385964912280715
2015-07-29,11250,11750,11100,11100,76053,-0.022026431718061623
2015-07-30,11350,11450,10350,10350,228366,-0.06756756756756754
2015-07-31,10350,11100,10150,10900,238632,0.0531400966183575
2015-08-03,11200,11200,10300,10450,113708,-0.041284403669724745
2015-08-04,10650,11650,10550,11550,227713,0.10526315789473695
2015-08-05,11850,12250,11200,11200,197462,-0.030303030303030276
2015-08-06,11200,11550,10850,11000,169813,-0.017857142857142905
2015-08-07,10750,10950,9910,10350,421267,-0.05909090909090908
2015-08-10,10300,10300,9630,9720,299492,-0.060869565217391286
2015-08-11,9850,9870,9470,9610,115712,-0.011316872427983515
2015-08-12,9350,9500,8650,9030,309769,-0.060353798126951075
2015-08-13,9030,9440,8960,9430,290386,0.044296788482834915
2015-08-17,9440,9620,9280,9500,179293,0.007423117709437932
2015-08-18,9500,9580,9160,9450,173274,-0.0052631578947368585
2015-08-19,9230,9510,8890,9510,228479,0.006349206349206327
2015-08-20,9690,10600,9610,10100,437282,0.062039957939011625
2015-08-21,9670,10600,9600,10400,321718,0.02970297029702973
2015-08-24,10400,10800,9950,10200,217857,-0.019230769230769273
2015-08-25,10500,10650,10250,10300,228327,0.009803921568627416
2015-08-26,10450,10900,10050,10900,307207,0.058252427184465994
2015-08-27,11150,11400,10850,11200,383542,0.02752293577981657
2015-08-28,11200,11300,10500,10550,292305,-0.0580357142857143
2015-08-31,10450,10750,10150,10550,217990,0.0
2015-09-01,10400,10750,10400,10550,160364,0.0
2015-09-02,10300,10800,10300,10400,172293,-0.014218009478673022
2015-09-03,10500,10550,10250,10550,138209,0.014423076923076872
2015-09-04,10550,10900,10350,10450,160444,-0.009478672985781977
2015-09-07,10350,10950,10350,10750,108055,0.028708133971291794
2015-09-08,10650,10950,10400,10900,174956,0.013953488372093092
2015-09-09,11250,11250,10650,11000,145584,0.00917431192660545
2015-09-10,11000,11400,10900,11150,190724,0.013636363636363669
2015-09-11,11200,11400,11050,11250,133873,0.008968609865470878
2015-09-14,11400,11450,11050,11200,107944,-0.004444444444444473
2015-09-15,11350,11350,10800,10800,107341,-0.0357142857142857
2015-09-16,10950,11400,10950,11300,167093,0.04629629629629628
2015-09-17,11650,11750,11350,11500,142463,0.017699115044247815
2015-09-18,11600,11850,11450,11800,100752,0.026086956521739202
2015-09-21,11800,11850,11400,11750,128186,-0.004237288135593209
2015-09-22,11850,11950,11450,11600,86975,-0.012765957446808529
2015-09-23,11550,11750,11350,11550,108713,-0.004310344827586188
2015-09-24,11700,11700,10900,11000,221988,-0.04761904761904767
2015-09-25,11150,11550,11000,11350,167366,0.031818181818181746
2015-09-30,11300,11600,11200,11200,112237,-0.013215859030836996
2015-10-01,11300,11600,11150,11500,137325,0.02678571428571419
2015-10-02,11600,11600,11250,11300,88522,-0.017391304347826098
2015-10-05,11600,11600,11250,11350,83946,0.004424778761061843
2015-10-06,11350,11650,11100,11100,93552,-0.022026431718061623
2015-10-07,11050,11150,10300,10450,171687,-0.058558558558558516
2015-10-08,10450,10950,10400,10950,112390,0.04784688995215314
2015-10-12,10950,11200,10800,11200,104414,0.022831050228310446
2015-10-13,11200,11200,10550,10650,75347,-0.049107142857142905
2015-10-14,10600,10800,10450,10600,66057,-0.0046948356807511304
2015-10-15,10450,10550,10050,10250,168869,-0.03301886792452835
2015-10-16,10350,10600,10300,10550,97160,0.029268292682926855
2015-10-19,10550,10750,10500,10750,71159,0.018957345971563955
2015-10-20,10650,10950,10550,10600,54856,-0.013953488372092981
2015-10-21,10500,10700,10250,10550,121956,-0.004716981132075526
2015-10-22,10650,10800,10300,10500,60450,-0.004739336492891044
2015-10-23,10500,10550,10200,10400,75887,-0.00952380952380949
2015-10-26,10400,10500,10250,10300,52868,-0.009615384615384581
2015-10-27,10300,10500,10150,10250,50044,-0.004854368932038833
2015-10-28,10250,10300,9960,10200,149117,-0.004878048780487809
2015-10-29,10300,10300,9870,9870,80614,-0.032352941176470584
2015-10-30,9900,9960,9650,9650,102123,-0.02228976697061802
2015-11-02,9650,9980,9610,9900,67855,0.02590673575129543
2015-11-03,9850,9870,9330,9380,141330,-0.05252525252525253
2015-11-04,9440,9670,9420,9510,63958,0.013859275053304865
2015-11-05,9510,9670,9360,9400,56753,-0.011566771819137789
2015-11-06,9400,9500,9210,9260,75717,-0.014893617021276562
2015-11-09,9370,9370,8940,8940,94621,-0.03455723542116629
2015-11-10,8860,9000,8610,8670,65295,-0.030201342281879207
2015-11-11,8610,9310,8610,9110,110744,0.05074971164936559
2015-11-12,9300,10400,9210,9740,197817,0.06915477497255762
2015-11-13,9680,10100,9240,9420,128227,-0.03285420944558526
2015-11-16,9210,9420,8800,8830,104352,-0.06263269639065816
2015-11-17,9000,9700,8940,9530,119926,0.07927519818799555
2015-11-18,9710,9710,9090,9090,63791,-0.04616998950682061
2015-11-19,9010,9630,9010,9540,90099,0.04950495049504955
2015-11-20,9540,9900,9540,9680,55781,0.01467505241090139
2015-11-23,9870,9870,9430,9500,34714,-0.018595041322314043
2015-11-24,9410,9680,9310,9510,75078,0.001052631578947416
2015-11-25,9640,9650,9380,9400,52535,-0.011566771819137789
2015-11-26,9570,9840,9270,9720,82600,0.03404255319148941
2015-11-27,9630,9790,9600,9610,25143,-0.011316872427983515
2015-11-30,9500,9850,9500,9640,40764,0.003121748178980255
2015-12-01,9660,9830,9460,9470,28459,-0.01763485477178428
2015-12-02,9470,9670,9120,9130,49914,-0.035902851108764566
2015-12-03,9050,9410,8900,9220,54157,0.009857612267250904
2015-12-04,9170,9250,8880,8900,59857,-0.03470715835141003
2015-12-07,8910,9120,8860,8860,65755,-0.004494382022471877
2015-12-08,8500,9340,8500,8910,47565,0.0056433408577878375
2015-12-09,8880,9160,8840,9000,73452,0.010101010101010166
2015-12-10,9000,9080,8830,9080,51617,0.008888888888888946
2015-12-11,9090,9090,8730,8740,45004,-0.037444933920704804
2015-12-14,8690,8850,8500,8760,47169,0.0022883295194509046
2015-12-15,8680,8830,8560,8700,19676,-0.006849315068493178
2015-12-16,8790,8920,8580,8700,58072,0.0
2015-12-17,8720,8720,8270,8390,74833,-0.03563218390804601
2015-12-18,8390,8830,8390,8770,49831,0.045292014302741324
2015-12-21,8750,8950,8700,8850,22405,0.009122006841505215
2015-12-22,8750,8890,8660,8860,20258,0.001129943502824915
2015-12-23,8810,8950,8700,8800,95764,-0.006772009029345383
2015-12-24,8810,9020,8660,8710,31436,-0.010227272727272751
2015-12-28,8680,8710,8400,8500,38102,-0.024110218140068862
2015-12-29,8500,8500,8240,8380,32495,-0.014117647058823568
2015-12-30,8340,8470,8260,8340,41438,-0.004773269689737458
2016-01-04,8470,8470,8200,8340,62129,0.0
2016-01-05,8170,8400,8150,8290,56431,-0.005995203836930418
2016-01-06,8300,8390,8220,8340,28654,0.006031363088057962
2016-01-07,8250,8340,8010,8080,68276,-0.031175059952038398
2016-01-08,7920,8170,7900,8130,43970,0.006188118811881083
2016-01-11,8030,8130,7630,7710,92583,-0.05166051660516602
2016-01-12,7710,7990,7710,7840,51874,0.016861219195849486
2016-01-13,7860,8070,7840,7980,39464,0.017857142857142794
2016-01-14,7900,7990,7670,7740,40902,-0.03007518796992481
2016-01-15,7770,7890,7520,7520,86331,-0.028423772609819098
2016-01-18,7430,7850,7430,7670,51807,0.019946808510638236
2016-01-19,7800,7880,7610,7650,47565,-0.0026075619295958807
2016-01-20,7720,7750,7400,7620,53043,-0.0039215686274509665
2016-01-21,7670,7670,7050,7600,70283,-0.002624671916010457
2016-01-22,7600,7800,7400,7600,79086,0.0
2016-01-25,7580,7960,7560,7630,45780,0.003947368421052699
2016-01-26,7660,8050,7660,7800,55687,0.022280471821756187
2016-01-27,7800,8120,7720,7910,50824,0.014102564102564052
2016-01-28,7810,8060,7760,8000,54064,0.011378002528444897
2016-01-29,7950,8040,7820,7850,69716,-0.018750000000000044
2016-02-01,8080,8140,7960,8120,46933,0.03439490445859872
2016-02-02,8210,8230,8060,8060,96355,-0.007389162561576401
2016-02-03,7910,8150,7720,8070,66371,0.001240694789081953
2016-02-04,8140,8150,7940,8070,25860,0.0
2016-02-05,8150,8240,8080,8200,44109,0.01610904584882289
2016-02-11,7990,7990,7700,7830,57124,-0.045121951219512235
2016-02-12,7510,7810,7370,7500,75494,-0.04214559386973182
2016-02-15,7460,7770,7460,7700,55735,0.026666666666666616
2016-02-16,7750,7900,7740,7810,28426,0.014285714285714235
2016-02-17,7810,7850,7600,7670,42980,-0.017925736235595346
2016-02-18,7680,7850,7630,7660,33534,-0.0013037809647978849
2016-02-19,7740,7740,7620,7630,41206,-0.003916449086161844
2016-02-22,7620,7690,7540,7590,35345,-0.005242463958060273
2016-02-23,7600,7610,7450,7460,55522,-0.017127799736495364
2016-02-24,7410,7650,7410,7550,42032,0.012064343163538771
2016-02-25,7650,7650,7510,7550,42298,0.0
2016-02-26,7570,7620,7430,7490,16863,-0.007947019867549643
2016-02-29,7470,8030,7470,7860,116462,0.04939919893190914
2016-03-02,7900,8230,7840,7930,109905,0.008905852417302906
2016-03-03,8050,8120,7930,8070,80253,0.017654476670870167
2016-03-04,7990,7990,7760,7820,106155,-0.030978934324659257
2016-03-07,7880,7930,7800,7840,40639,0.002557544757033181
2016-03-08,7900,8560,7900,8300,272441,0.058673469387755084
2016-03-09,8380,8700,8360,8600,210163,0.03614457831325302
2016-03-10,8650,8710,8500,8640,104993,0.0046511627906977715
2016-03-11,8590,8880,8450,8770,152445,0.01504629629629628
2016-03-14,8800,8850,8630,8680,29667,-0.010262257696693311
2016-03-15,8630,8690,8460,8590,52873,-0.010368663594470084
2016-03-16,8670,8670,8420,8540,45124,-0.005820721769499437
2016-03-17,8540,8890,8520,8800,53033,0.030444964871194413
2016-03-18,8900,8970,8680,8790,47283,-0.001136363636363602
2016-03-21,8780,8850,8620,8740,39180,-0.005688282138794132
2016-03-22,8750,8850,8470,8800,42928,0.006864988558352492
2016-03-23,8850,8850,8600,8680,23679,-0.013636363636363669
2016-03-24,8680,8860,8500,8770,48649,0.010368663594469973
2016-03-25,8880,8880,8600,8650,18465,-0.013683010262257711
2016-03-28,8610,8790,8500,8790,31582,0.016184971098266
2016-03-29,8880,9440,8790,9380,116441,0.06712172923777016
2016-03-30,9310,10750,9260,10100,485890,0.07675906183368864
2016-03-31,10150,10400,9960,10300,151984,0.01980198019801982
2016-04-01,10400,10550,10100,10450,169059,0.014563106796116498
2016-04-04,10500,10700,10250,10500,113986,0.004784688995215225
2016-04-05,10450,10700,10200,10700,110632,0.01904761904761898
2016-04-06,10600,10900,10450,10650,129696,-0.004672897196261627
2016-04-07,10750,10850,10450,10450,92026,-0.018779342723004744
2016-04-08,10450,10700,10300,10400,95440,-0.004784688995215336
2016-04-11,10450,11050,10400,10950,184429,0.05288461538461542
2016-04-12,10900,11050,10550,10700,78713,-0.022831050228310557
2016-04-14,10800,11100,10700,10950,122925,0.02336448598130847
2016-04-15,10900,11000,10550,10800,89101,-0.013698630136986356
2016-04-18,10750,10750,10200,10500,176083,-0.02777777777777779
2016-04-19,10450,10650,10400,10600,46739,0.00952380952380949
2016-04-20,10550,11200,10500,11200,195737,0.05660377358490565
2016-04-21,11250,11550,11100,11450,126094,0.022321428571428603
2016-04-22,11550,11550,11100,11350,67905,-0.008733624454148492
2016-04-25,11350,11450,10850,10900,81609,-0.03964757709251099
2016-04-26,10700,11100,10700,11000,58501,0.00917431192660545
2016-04-27,11150,11550,10900,11250,113311,0.022727272727272707
2016-04-28,11450,11450,10850,11050,135054,-0.01777777777777778
2016-04-29,11000,12100,10800,11850,256432,0.07239819004524883
2016-05-02,12000,12000,11450,11500,127241,-0.029535864978902926
2016-05-03,11600,11700,11100,11500,96001,0.0
2016-05-04,11250,11350,10550,10600,151842,-0.07826086956521738
2016-05-09,10450,10800,10250,10600,101845,0.0
2016-05-10,10650,10650,10250,10550,69004,-0.004716981132075526
2016-05-11,10650,10750,10450,10700,51449,0.014218009478673022
2016-05-12,10600,10750,10250,10250,92975,-0.04205607476635509
2016-05-13,10250,10500,10000,10050,91340,-0.019512195121951237
2016-05-16,9920,10600,9920,10500,58224,0.04477611940298498
2016-05-17,10400,10750,10250,10600,85141,0.00952380952380949
2016-05-18,10500,10500,10100,10200,35470,-0.037735849056603765
2016-05-19,10300,10350,9890,10200,83979,0.0
2016-05-20,10150,10250,9930,9950,32668,-0.02450980392156865
2016-05-23,9920,10300,9850,9940,71238,-0.0010050251256281673
2016-05-24,9960,10050,9630,9700,45953,-0.024144869215291798
2016-05-25,9790,9870,9450,9640,60511,-0.006185567010309256
2016-05-26,9670,9850,9450,9610,50685,-0.003112033195020736
2016-05-27,9610,9690,9500,9590,32575,-0.002081165452653466
2016-05-30,9590,9720,9150,9150,83539,-0.04588112617309703
2016-05-31,9160,9250,8940,9130,118141,-0.002185792349726823
2016-06-01,9130,9290,9080,9220,97548,0.009857612267250904
2016-06-02,9230,9250,9040,9240,45726,0.002169197396963085
2016-06-03,9240,9430,9080,9390,47842,0.016233766233766156
2016-06-07,9450,9760,9450,9690,61990,0.03194888178913735
2016-06-08,9600,9600,9180,9250,74598,-0.04540763673890613
2016-06-09,9180,9300,8930,9000,133277,-0.027027027027026973
2016-06-10,8970,9170,8950,9070,44041,0.007777777777777883
2016-06-13,9070,9110,8880,9030,29357,-0.004410143329658167
2016-06-14,9170,9300,8990,9070,39524,0.0044296788482836025
2016-06-15,9070,9070,8800,8830,68476,-0.026460859977949336
2016-06-16,8800,8830,8560,8600,67768,-0.02604756511891282
2016-06-17,8610,8750,8300,8320,98625,-0.032558139534883734
2016-06-20,8290,8460,8290,8400,59153,0.009615384615384581
2016-06-21,8420,8460,8290,8450,63601,0.005952380952380931
2016-06-22,8460,8700,8400,8530,41255,0.00946745562130169
2016-06-23,8410,8580,8340,8420,61200,-0.01289566236811257
2016-06-24,8600,8600,7890,8140,111593,-0.0332541567695962
2016-06-27,8010,8470,7920,7940,116373,-0.02457002457002455
2016-06-28,7900,8380,7900,8280,58798,0.04282115869017633
2016-06-29,8300,8480,8230,8300,67835,0.0024154589371980784
2016-06-30,8340,8340,8070,8140,101415,-0.01927710843373498
2016-07-01,8210,8750,8210,8510,77965,0.045454545454545414
2016-07-04,8690,8930,8610,8800,66150,0.034077555816686145
2016-07-05,8810,8860,8700,8730,34543,-0.007954545454545436
2016-07-06,8740,8900,8640,8830,49168,0.01145475372279492
2016-07-07,8850,9010,8770,8870,96265,0.0045300113250283935
2016-07-08,8890,9000,8610,8800,43101,-0.007891770011273946
2016-07-11,8800,8800,8490,8520,73840,-0.03181818181818186
2016-07-12,8630,8810,8550,8800,59341,0.032863849765258246
2016-07-13,8800,10000,8800,9480,473475,0.07727272727272738
2016-07-14,9530,9530,9260,9270,116753,-0.022151898734177222
2016-07-15,9350,9400,8710,9060,119560,-0.02265372168284785
2016-07-18,9110,9310,9000,9060,106693,0.0
2016-07-19,9050,9060,8950,9060,37313,0.0
2016-07-20,9060,9180,8960,9150,51785,0.009933774834437026
2016-07-21,9200,9240,8940,9080,102734,-0.007650273224043769
2016-07-22,8960,9170,8960,9050,54912,-0.0033039647577092213
2016-07-25,9090,9090,8800,8850,60440,-0.02209944751381221
2016-07-26,8860,8950,8680,8800,80008,-0.005649717514124242
2016-07-27,8860,8950,8750,8930,88305,0.014772727272727382
2016-07-28,8930,9220,8930,9200,79754,0.03023516237402024
2016-07-29,9230,9240,9000,9200,34912,0.0
2016-08-01,9150,9310,9120,9140,39760,-0.006521739130434745
2016-08-02,9050,9250,9050,9150,21658,0.001094091903719896
2016-08-03,9150,9290,9060,9210,68673,0.006557377049180246
2016-08-04,9290,9380,9130,9310,68839,0.010857763300760048
2016-08-05,9310,9610,9230,9610,113543,0.03222341568206222
2016-08-08,9610,9910,9560,9630,77315,0.0020811654526535772
2016-08-09,9630,9700,9400,9600,65299,-0.0031152647975077885
2016-08-10,9530,9790,9530,9770,34851,0.017708333333333437
2016-08-11,9770,9820,9650,9740,56913,-0.0030706243602866
2016-08-12,9750,9820,9610,9760,42289,0.002053388090349051
2016-08-16,9970,9970,9770,9850,61593,0.009221311475409832
2016-08-17,10100,10550,9890,10450,222299,0.060913705583756306
2016-08-18,10700,11000,10450,10450,236951,0.0
2016-08-19,10500,10600,10400,10600,63533,0.014354066985645897
2016-08-22,10600,10700,10350,10650,80476,0.004716981132075526
2016-08-23,10600,10650,10200,10350,74297,-0.028169014084507005
2016-08-24,10350,11400,10300,11150,282761,0.07729468599033806
2016-08-25,11050,11200,10650,10700,114574,-0.04035874439461884
2016-08-26,10700,10800,10450,10700,71019,0.0
2016-08-29,10650,10650,10050,10150,129064,-0.051401869158878455
2016-08-30,10300,10750,10250,10450,115744,0.029556650246305383
2016-08-31,10300,10500,10150,10350,133313,-0.009569377990430672
2016-09-01,10300,10800,10200,10750,87271,0.03864734299516903
2016-09-02,10900,11000,10600,10800,110607,0.0046511627906977715
2016-09-05,10800,10850,10600,10650,63170,-0.01388888888888884
2016-09-06,10600,10650,10250,10550,94716,-0.009389671361502372
2016-09-07,10650,11000,10600,10950,152939,0.03791469194312791
2016-09-08,11000,11000,10550,10900,89693,-0.004566210045662156
2016-09-09,10650,10800,10300,10400,95493,-0.04587155963302747
2016-09-12,10150,10400,10000,10300,70926,-0.009615384615384581
2016-09-13,10400,10550,10200,10200,67176,-0.009708737864077666
2016-09-19,10300,10750,10150,10300,104180,0.009803921568627416
2016-09-20,10300,10350,10000,10250,54804,-0.004854368932038833
2016-09-21,10250,10300,9980,10000,120958,-0.024390243902439046
2016-09-22,10150,10600,10150,10500,133233,0.050000000000000044
2016-09-23,10500,10650,10300,10500,80808,0.0
2016-09-26,10550,10550,10100,10100,58938,-0.03809523809523807
2016-09-27,10100,10400,10000,10300,63309,0.01980198019801982
2016-09-28,10350,10500,10250,10350,34695,0.004854368932038833
2016-09-29,10500,10500,10300,10400,26219,0.004830917874396157
2016-09-30,10350,10450,10250,10350,46910,-0.004807692307692291
2016-10-04,10350,10450,10100,10150,51589,-0.019323671497584516
2016-10-05,10200,10250,10100,10250,31562,0.009852216748768461
2016-10-06,10250,10300,10050,10200,50350,-0.004878048780487809
2016-10-07,10200,10200,9850,9850,93178,-0.03431372549019607
2016-10-10,9810,9960,9730,9790,56086,-0.006091370558375608
2016-10-11,9800,9820,9710,9800,28538,0.0010214504596526286
2016-10-12,9710,10050,9710,9850,22696,0.005102040816326481
2016-10-13,9870,9990,9720,9780,33988,-0.007106598984771617
2016-10-14,9760,9980,9760,9900,52499,0.012269938650306678
2016-10-17,9920,10000,9870,9960,51049,0.0060606060606061
2016-10-18,10050,10100,9870,9960,15705,0.0
2016-10-19,9910,10000,9850,9850,34789,-0.011044176706827336
2016-10-20,9850,9900,9710,9770,42535,-0.008121827411167515
2016-10-21,9770,9890,9400,9400,67281,-0.03787103377686796
2016-10-24,9490,9490,9190,9240,47777,-0.017021276595744705
2016-10-25,9340,9340,9160,9240,28523,0.0
2016-10-26,9240,9240,8900,9060,77119,-0.01948051948051943
2016-10-27,9030,9160,8890,9130,62023,0.007726269315673218
2016-10-28,9030,9690,9030,9540,123346,0.04490690032858713
2016-10-31,9410,9470,9130,9310,49426,-0.024109014675052443
2016-11-01,9200,9400,9200,9360,50132,0.005370569280343629
2016-11-02,9480,9480,8900,9050,75291,-0.03311965811965811
2016-11-03,8910,9410,8910,9370,48711,0.0353591160220994
2016-11-04,9220,9510,9220,9490,36371,0.012806830309498363
2016-11-07,9450,9610,9340,9480,27959,-0.0010537407797681642
2016-11-08,9460,9550,9200,9250,38574,-0.024261603375527407
2016-11-09,9280,9350,8730,9250,69871,0.0
2016-11-10,9310,9640,9280,9510,72691,0.028108108108108043
2016-11-11,9560,10050,9530,10050,98923,0.056782334384858135
2016-11-14,10150,10900,10050,10600,198375,0.054726368159204064
2016-11-15,10350,10850,10200,10550,127479,-0.004716981132075526
2016-11-16,10450,10600,10150,10250,124782,-0.028436018957345932
2016-11-17,10150,10200,9820,9930,92145,-0.03121951219512198
2016-11-18,9820,10100,9740,9920,107309,-0.001007049345417954
2016-11-21,9940,10050,9830,9830,38715,-0.009072580645161255
2016-11-22,9920,9920,9690,9770,69918,-0.006103763987792443
2016-11-23,9870,10100,9600,9670,75716,-0.010235414534288667
2016-11-24,9580,9670,9240,9260,72348,-0.04239917269906923
2016-11-25,9250,9520,9160,9520,58670,0.02807775377969768
2016-11-28,9480,9480,9210,9330,60640,-0.01995798319327735
2016-11-29,9270,9500,9270,9460,62423,0.013933547695605508
2016-11-30,9460,9460,8970,9060,100267,-0.04228329809725162
2016-12-01,9120,9220,9010,9120,58644,0.0066225165562914245
2016-12-02,9130,9210,9030,9120,48136,0.0
2016-12-05,9120,9130,8790,9000,34181,-0.013157894736842146
2016-12-06,9050,9570,9050,9520,63070,0.057777777777777706
2016-12-07,9610,9810,9460,9770,73757,0.02626050420168058
2016-12-08,9770,9870,9710,9760,40341,-0.0010235414534288667
2016-12-09,9730,9980,9730,9960,57796,0.020491803278688492
2016-12-12,9940,10100,9920,9970,49952,0.0010040160642570406
2016-12-13,9970,10200,9850,9930,57664,-0.004012036108325012
2016-12-14,9930,10000,9740,9810,31602,-0.012084592145015116
2016-12-15,9750,9830,9650,9650,60989,-0.016309887869520923
2016-12-16,9610,9690,9500,9550,32746,-0.010362694300518172
2016-12-19,9500,9620,9480,9500,33642,-0.005235602094240788
2016-12-20,9460,9730,9440,9650,55616,0.015789473684210575
2016-12-21,9650,9870,9600,9610,32328,-0.004145077720207224
2016-12-22,9610,9780,9520,9560,27142,-0.005202913631633721
2016-12-23,9560,9690,9460,9680,29526,0.012552301255230214
2016-12-26,9680,9730,9550,9640,33772,-0.004132231404958664
2016-12-27,9660,9770,9590,9690,38070,0.005186721991701226
2016-12-28,9480,9720,9480,9630,29976,-0.006191950464396245
2016-12-29,9570,9630,9500,9510,27405,-0.012461059190031154
2017-01-02,9520,9560,9420,9500,23285,-0.001051524710830698
2017-01-03,9500,9520,9400,9520,27286,0.002105263157894832
2017-01-04,9570,9590,9460,9500,22310,-0.0021008403361344463
2017-01-05,9490,9620,9490,9520,23377,0.002105263157894832
2017-01-06,9550,9760,9540,9580,19017,0.006302521008403339
2017-01-09,9590,9600,9400,9420,49667,-0.01670146137787054
2017-01-10,9350,9550,9340,9470,28124,0.005307855626327074
2017-01-11,9490,10100,9490,9950,167802,0.05068637803590281
2017-01-12,9960,10050,9800,10000,82753,0.005025125628140614
2017-01-13,10000,10100,9770,9990,81421,-0.0010000000000000009
2017-01-16,9990,10200,9780,9890,62724,-0.010010010010010006
2017-01-17,9820,9990,9700,9740,40264,-0.015166835187057637
2017-01-18,9720,9850,9650,9730,50900,-0.0010266940451745254
2017-01-19,9900,10100,9740,9740,47750,0.0010277492291881352
2017-01-20,9710,9950,9590,9880,46352,0.014373716632443578
2017-01-23,9810,10100,9800,9900,48208,0.002024291497975783
2017-01-24,9910,9980,9730,9740,44878,-0.016161616161616155
2017-01-25,9740,9760,9200,9260,91551,-0.04928131416837778
2017-01-26,9230,9450,9170,9350,37901,0.009719222462202914
2017-01-31,9250,9390,9140,9300,40244,-0.005347593582887722
2017-02-01,9410,9900,9410,9840,84893,0.058064516129032295
2017-02-02,10000,10000,9780,9860,50660,0.00203252032520318
2017-02-03,10000,10000,9820,9940,43624,0.008113590263691739
2017-02-06,9910,10000,9850,9940,33387,0.0
2017-02-07,9940,9940,9660,9700,26593,-0.024144869215291798
2017-02-08,9660,10000,9510,9950,68313,0.025773195876288568
2017-02-09,9860,10150,9730,9780,53019,-0.0170854271356784
2017-02-10,9780,9930,9770,9820,20333,0.004089979550102152
2017-02-13,9820,10100,9750,9980,46903,0.016293279022403295
2017-02-14,10000,10500,10000,10250,152606,0.027054108216432837
2017-02-15,10350,10600,10300,10550,99943,0.029268292682926855
2017-02-16,10350,10500,10250,10300,58494,-0.023696682464455
2017-02-17,10200,10400,10050,10150,56435,-0.014563106796116498
2017-02-20,10200,10500,10100,10500,41994,0.034482758620689724
2017-02-21,10300,10500,10150,10200,64216,-0.02857142857142858
2017-02-22,10250,10500,10150,10350,59585,0.014705882352941124
2017-02-23,10350,10400,10000,10050,88497,-0.02898550724637683
2017-02-24,10050,10050,9800,9890,45228,-0.015920398009950265
2017-02-27,9850,9850,9720,9820,45645,-0.00707785642062686
2017-02-28,9740,9880,9680,9680,51461,-0.014256619144602856
2017-03-02,9770,10050,9700,9970,57177,0.029958677685950397
2017-03-03,9970,9990,9630,9670,53801,-0.030090270812437314
2017-03-06,9730,9770,9450,9500,74376,-0.0175801447776629
2017-03-07,9560,9800,9470,9790,42743,0.030526315789473735
2017-03-08,9790,10150,9760,9930,50517,0.01430030643513791
2017-03-09,9980,10200,9830,10100,66332,0.017119838872104776
2017-03-10,10250,10250,9520,9920,75074,-0.017821782178217838
2017-03-13,10000,10050,9870,9910,39864,-0.0010080645161290036
2017-03-14,9920,10100,9900,9920,33556,0.0010090817356205317
2017-03-15,9890,10900,9890,10550,409428,0.063508064516129
2017-03-16,10750,11000,10400,11000,181154,0.042654028436019065
2017-03-17,11000,11050,10700,10950,63412,-0.004545454545454519
2017-03-20,10850,11050,10650,10700,58247,-0.022831050228310557
2017-03-21,10800,10950,10300,10450,92345,-0.02336448598130836
2017-03-22,10150,10350,10150,10200,63705,-0.02392344497607657
2017-03-23,10200,10450,10200,10350,36586,0.014705882352941124
2017-03-24,10350,11250,10200,10900,247926,0.0531400966183575
2017-03-27,11050,11200,10800,11000,111250,0.00917431192660545
2017-03-28,11450,12100,10850,11050,316154,0.00454545454545463
2017-03-29,11100,11250,10950,11150,52342,0.009049773755656076
2017-03-30,11250,11250,10700,10750,91553,-0.0358744394618834
2017-03-31,10750,11400,10700,11250,126146,0.04651162790697683
2017-04-03,11350,11650,11050,11050,111956,-0.01777777777777778
2017-04-04,11050,11100,10600,10700,68278,-0.03167420814479638
2017-04-05,10800,11100,10700,10700,58512,0.0
2017-04-06,10650,11000,10600,10800,55605,0.009345794392523255
2017-04-07,10850,11050,10600,10750,47610,-0.00462962962962965
2017-04-10,10600,10600,10200,10250,94275,-0.046511627906976716
2017-04-11,10200,10500,10100,10400,59585,0.014634146341463428
2017-04-12,10350,10550,10300,10300,36271,-0.009615384615384581
2017-04-13,10300,10400,10150,10300,38893,0.0
2017-04-14,10350,10450,10150,10150,41193,-0.014563106796116498
2017-04-17,10150,10450,10150,10300,39316,0.014778325123152802
2017-04-18,10400,10600,10300,10550,66596,0.024271844660194164
2017-04-19,10450,10600,10150,10200,82274,-0.033175355450236976
2017-04-20,10200,10350,10150,10250,26190,0.004901960784313708
2017-04-21,10300,10300,10000,10050,100729,-0.019512195121951237
2017-04-24,10050,10200,10000,10100,69370,0.004975124378109541
2017-04-25,10150,10200,9950,10150,127627,0.004950495049504955
2017-04-26,10200,10250,10100,10100,60476,-0.0049261083743842304
2017-04-27,10050,10150,9960,10000,77834,-0.00990099009900991
2017-04-28,9920,10250,9920,10150,53274,0.014999999999999902
2017-05-02,10150,10350,10000,10200,70036,0.0049261083743843415
2017-05-04,10150,10400,10150,10250,60999,0.004901960784313708
2017-05-08,10300,10300,10100,10150,71320,-0.009756097560975618
2017-05-10,10200,10450,10200,10350,78819,0.019704433497536922
2017-05-11,10400,10450,10200,10350,67110,0.0
2017-05-12,10350,10400,10200,10350,52764,0.0
2017-05-15,10350,10350,10050,10150,66539,-0.019323671497584516
2017-05-16,10200,10300,9950,9970,112235,-0.017733990147783207
2017-05-17,10050,10050,9650,9780,135028,-0.01905717151454367
2017-05-18,9750,9910,9690,9850,80677,0.007157464212679043
2017-05-19,9760,9930,9760,9850,84233,0.0
2017-05-22,9870,10100,9860,10000,129668,0.015228426395939021
2017-05-23,9950,10450,9950,10350,210016,0.03499999999999992
2017-05-24,10350,10400,10200,10400,80369,0.004830917874396157
2017-05-25,10300,10400,10200,10250,68949,-0.014423076923076872
2017-05-26,10250,10400,10200,10200,117346,-0.004878048780487809
2017-05-29,10150,10650,10150,10450,167498,0.02450980392156854
2017-05-30,10500,10800,10350,10750,192682,0.028708133971291794
2017-05-31,10750,10850,10600,10700,149950,-0.0046511627906976605
2017-06-01,10700,10750,10300,10550,82802,-0.014018691588784993
2017-06-02,10600,10700,10450,10650,57460,0.009478672985782088
2017-06-05,10700,10750,10400,10550,86652,-0.009389671361502372
2017-06-07,10600,10900,10550,10850,109355,0.028436018957346043
2017-06-08,10850,11200,10750,11000,96817,0.01382488479262678
2017-06-09,10950,11200,10850,11000,119099,0.0
2017-06-12,11150,11150,10800,10900,52042,-0.009090909090909038
2017-06-13,10900,11500,10900,11500,143854,0.05504587155963292
2017-06-14,11450,11650,11400,11450,67204,-0.004347826086956497
2017-06-15,11450,11900,11300,11400,125230,-0.004366812227074246
2017-06-16,11350,11800,11250,11500,79115,0.00877192982456143
2017-06-19,11500,11650,11100,11250,91917,-0.021739130434782594
2017-06-20,11150,11600,11150,11450,106471,0.01777777777777767
2017-06-21,11500,11750,11150,11650,105598,0.017467248908296984
2017-06-22,11500,11950,11500,11950,128903,0.025751072961373467
2017-06-23,11850,12150,11800,12000,78120,0.004184100418409997
2017-06-26,12150,12400,11900,12100,126310,0.008333333333333304
2017-06-27,12100,12300,12000,12050,83913,-0.004132231404958664
2017-06-28,12000,12900,11950,12850,242854,0.06639004149377592
2017-06-29,12850,13050,12600,12800,106673,-0.0038910505836575737
2017-06-30,12650,13500,12550,13400,208006,0.046875
2017-07-03,13350,14150,13350,13650,343062,0.018656716417910557
2017-07-04,13800,13950,13300,13500,190122,-0.01098901098901095
2017-07-05,13600,13850,13200,13250,109903,-0.01851851851851849
2017-07-06,13100,13300,12900,13150,174843,-0.007547169811320753
2017-07-07,13150,13500,13100,13300,113534,0.011406844106463865
2017-07-10,13400,13550,13150,13250,50958,-0.003759398496240629
2017-07-11,13250,13600,13100,13150,65716,-0.007547169811320753
2017-07-12,13300,13300,12800,12800,68473,-0.026615969581749055
2017-07-13,12950,13400,12700,13300,125640,0.0390625
2017-07-14,13200,13300,12950,13000,86362,-0.022556390977443663
2017-07-17,13250,13550,12900,13450,75641,0.034615384615384714
2017-07-18,13600,13850,13350,13650,128704,0.014869888475836479
2017-07-19,13950,14200,13650,13700,94535,0.00366300366300365
2017-07-20,13800,14500,13700,14350,131321,0.04744525547445266
2017-07-21,14350,14750,13950,14050,120704,-0.020905923344947785
2017-07-24,14000,14300,13450,13650,146466,-0.028469750889679735
2017-07-25,13750,13900,13150,13200,177794,-0.03296703296703296
2017-07-26,13300,13800,13250,13750,126517,0.04166666666666674
2017-07-27,13850,14100,13650,14000,85715,0.018181818181818077
2017-07-28,14000,14050,13500,13800,67550,-0.014285714285714235
2017-07-31,13700,13900,13000,13900,85778,0.007246376811594235
2017-08-01,13800,13900,13450,13650,55649,-0.017985611510791366
2017-08-02,13750,14150,13550,14000,76343,0.02564102564102555
2017-08-03,14100,14100,13400,13400,79697,-0.042857142857142816
2017-08-04,13250,13650,13250,13600,41080,0.014925373134328401
2017-08-07,13550,13600,13300,13550,76982,-0.003676470588235281
2017-08-08,13300,13800,13300,13650,56117,0.007380073800737907
2017-08-09,13550,13750,13350,13350,56193,-0.02197802197802201
2017-08-10,13250,13600,13050,13200,47119,-0.011235955056179803
2017-08-11,13200,13250,12550,12550,49873,-0.0492424242424242
2017-08-14,12550,12750,11950,12050,99017,-0.03984063745019917
2017-08-16,12050,12600,11850,12600,104313,0.045643153526971014
2017-08-17,12600,13150,12600,13000,69891,0.031746031746031855
2017-08-18,12900,12900,12600,12650,45466,-0.02692307692307694
2017-08-21,12800,13350,12650,13150,94252,0.03952569169960474
2017-08-22,13200,13250,13000,13250,25983,0.0076045627376426506
2017-08-23,13100,13250,12700,12750,75487,-0.037735849056603765
2017-08-24,12450,12950,12450,12600,64886,-0.0117647058823529
2017-08-25,12500,12850,12500,12650,38978,0.003968253968253954
2017-08-28,12900,12900,12550,12550,61474,-0.007905138339920903
2017-08-29,12400,12900,12400,12850,44730,0.0239043824701195
2017-08-30,12750,12900,12550,12800,49742,-0.0038910505836575737
2017-08-31,12900,13100,12650,12800,84075,0.0
2017-09-01,12800,13450,12800,13450,73769,0.05078125
2017-09-04,12900,13400,12700,12700,85273,-0.055762081784386575
2017-09-05,12750,13000,12650,12650,29719,-0.003937007874015741
2017-09-06,12500,12700,12300,12300,63422,-0.02766798418972327
2017-09-07,12450,12650,12300,12550,26335,0.020325203252032464
2017-09-08,12550,12550,12100,12150,48800,-0.031872509960159334
2017-09-11,12150,12250,11700,11950,59849,-0.016460905349794275
2017-09-12,12000,12300,12000,12050,30915,0.008368200836819994
2017-09-13,12000,12200,11900,12100,36309,0.004149377593360981
2017-09-14,12200,12200,11650,11750,57769,-0.02892561983471076
2017-09-15,11750,11850,11350,11500,59985,-0.021276595744680882
2017-09-18,11500,11600,11200,11300,57463,-0.017391304347826098
2017-09-19,11250,11750,11250,11400,68910,0.008849557522123908
2017-09-20,11350,11600,11050,11100,72661,-0.02631578947368418
2017-09-21,11050,11400,11050,11250,24642,0.013513513513513598
2017-09-22,11150,11200,10750,10900,52697,-0.03111111111111109
2017-09-25,10900,11100,10550,10800,57224,-0.00917431192660545
2017-09-26,10500,11000,10500,11000,35003,0.0185185185185186
2017-09-27,11000,11000,10800,10850,16058,-0.013636363636363669
2017-09-28,10750,11100,10750,11000,27525,0.01382488479262678
2017-09-29,10900,11250,10900,11250,26214,0.022727272727272707
2017-10-10,11200,11300,11100,11250,34296,0.0
2017-10-11,11250,11350,11100,11350,15359,0.008888888888888946
2017-10-12,11250,11500,11200,11400,39152,0.004405286343612369
2017-10-13,11500,11500,11250,11400,29430,0.0
2017-10-16,11300,11700,11300,11600,41868,0.01754385964912286
2017-10-17,11600,11650,11450,11600,22298,0.0
2017-10-18,11600,11600,10950,11050,45213,-0.04741379310344829
2017-10-19,11050,11250,11050,11100,24139,0.004524886877828038
2017-10-20,11100,11300,11050,11100,28331,0.0
2017-10-23,11200,11200,11000,11050,16360,-0.0045045045045044585
2017-10-24,11150,11150,10900,10950,39220,-0.009049773755656076
2017-10-25,11000,11050,10800,10850,41097,-0.0091324200913242
2017-10-26,10800,10950,10650,10650,42805,-0.018433179723502335
2017-10-27,10700,11050,10700,11050,34955,0.03755868544600949
2017-10-30,11100,11200,10950,11100,26238,0.004524886877828038
2017-10-31,11100,11200,10900,11050,50120,-0.0045045045045044585
2017-11-01,11200,11300,10950,11150,47995,0.009049773755656076
2017-11-02,11150,11300,11050,11100,26693,-0.004484304932735439
2017-11-03,11100,11300,10900,11050,33982,-0.0045045045045044585
2017-11-06,11050,11250,10900,11150,28263,0.009049773755656076
2017-11-07,11150,11300,11000,11250,29846,0.008968609865470878
2017-11-08,11250,11250,10850,10950,49457,-0.026666666666666616
2017-11-09,10950,11050,10900,10950,17994,0.0
2017-11-10,10900,11150,10900,11050,41874,0.009132420091324311
2017-11-13,11250,11250,11000,11000,30722,-0.004524886877828038
2017-11-14,11000,11350,11000,11350,42771,0.031818181818181746
2017-11-15,11150,11250,10550,10700,83793,-0.05726872246696035
2017-11-16,10600,10650,10250,10250,67382,-0.04205607476635509
2017-11-17,10200,10350,9930,10000,152142,-0.024390243902439046
2017-11-20,9990,10000,9830,9870,80947,-0.013000000000000012
2017-11-21,9870,9900,9660,9770,131942,-0.010131712259371817
2017-11-22,9620,9740,9560,9680,79769,-0.0092118730808598
2017-11-23,9690,9960,9690,9940,53362,0.026859504132231482
2017-11-24,9970,10100,9860,10050,31589,0.01106639839034207
2017-11-27,10100,10100,9870,9900,61408,-0.014925373134328401
2017-11-28,9950,10000,9830,9980,104794,0.008080808080808133
2017-11-29,9950,10050,9860,9950,54414,-0.0030060120240480437
2017-11-30,9940,10100,9880,9910,54689,-0.004020100502512558
2017-12-01,9950,10050,9890,9990,62420,0.008072653884964698
2017-12-04,9960,10000,9920,9970,27973,-0.002002002002001957
2017-12-05,10000,10350,9980,10300,102962,0.033099297893681046
2017-12-06,10350,10350,10000,10300,69249,0.0
2017-12-07,10250,10250,9970,9980,74977,-0.031067961165048508
2017-12-08,9970,10000,9880,9970,52551,-0.0010020040080159776
2017-12-11,9900,10100,9820,10100,56460,0.013039117352056095
2017-12-12,9980,10150,9960,9980,49836,-0.011881188118811892
2017-12-13,9980,10200,9960,10100,32942,0.012024048096192397
2017-12-14,10100,10300,9980,9980,68234,-0.011881188118811892
2017-12-15,10100,10100,9930,9990,54120,0.0010020040080160886
2017-12-18,9880,9970,9840,9850,46913,-0.014014014014014031
2017-12-19,9800,9870,9630,9630,56905,-0.022335025380710638
2017-12-20,9620,9770,9620,9670,30407,0.004153686396677125
2017-12-21,9670,9770,9490,9490,57274,-0.018614270941054833
2017-12-22,9490,9520,9340,9410,66601,-0.008429926238145424
2017-12-26,9450,9750,9450,9740,47681,0.03506907545164717
2017-12-27,9500,9650,9500,9530,17544,-0.021560574948665256
2017-12-28,9490,9550,9460,9470,33641,-0.006295907660020972
2018-01-02,9610,9690,9520,9550,34946,0.008447729672650395
2018-01-03,9530,9900,9520,9830,72204,0.029319371727748678
2018-01-04,9900,10150,9850,9970,71206,0.014242115971515812
2018-01-05,9970,10000,9820,9970,35707,0.0
2018-01-08,9930,9990,9130,9810,66120,-0.016048144433299938
2018-01-09,9730,9810,9640,9660,52747,-0.015290519877675823
2018-01-10,9610,10050,9610,9990,85169,0.03416149068322971
2018-01-11,9990,9990,9790,9800,42978,-0.019019019019019034
2018-01-12,9770,9900,9750,9830,37300,0.003061224489795844
2018-01-15,9870,9880,9700,9750,36697,-0.008138351983723258
2018-01-16,9720,9820,9670,9730,35706,-0.002051282051282022
2018-01-17,9730,9760,9550,9640,75201,-0.009249743062692661
2018-01-18,9670,9780,9640,9660,30035,0.0020746887966804906
2018-01-19,9700,9740,9600,9700,26907,0.0041407867494824835
2018-01-22,9700,9760,9600,9680,47130,-0.0020618556701030855
2018-01-23,9660,9710,9600,9650,38936,-0.0030991735537190257
2018-01-24,9650,9750,9650,9750,39624,0.010362694300518172
2018-01-25,9750,10200,9720,10150,154126,0.0410256410256411
2018-01-26,10200,10300,10000,10300,105154,0.014778325123152802
2018-01-29,10300,10600,10150,10500,131856,0.01941747572815533
2018-01-30,10500,10550,10150,10250,67607,-0.023809523809523836
2018-01-31,10100,10300,10000,10150,53789,-0.009756097560975618
2018-02-01,10300,10650,10200,10550,79820,0.039408866995073843
2018-02-02,10600,10700,10150,10300,87678,-0.023696682464455
2018-02-05,10000,10100,9950,9970,107453,-0.03203883495145632
2018-02-06,9780,9780,9480,9720,113836,-0.025075225677031132
2018-02-07,9830,9850,9490,9490,97518,-0.02366255144032925
2018-02-08,9570,9570,9400,9430,82460,-0.006322444678609096
2018-02-09,9340,9340,9110,9110,111848,-0.03393425238600212
2018-02-12,9240,9240,8800,8820,144394,-0.03183315038419321
2018-02-13,8890,9000,8870,8920,122475,0.01133786848072571
2018-02-14,8860,9270,8850,9180,103800,0.029147982062780242
2018-02-19,9140,9260,8920,9250,107956,0.007625272331154731
2018-02-20,9270,9270,9060,9080,48775,-0.018378378378378413
2018-02-21,9080,9160,8970,9090,53359,0.0011013215859030367
2018-02-22,9090,9090,8970,9000,51878,-0.00990099009900991
2018-02-23,9000,9170,8990,9010,31421,0.0011111111111110628
2018-02-26,9070,9070,8850,8940,104710,-0.007769145394006638
2018-02-27,9030,9030,8870,8930,65970,-0.0011185682326622093
2018-02-28,9060,9320,8970,9000,221145,0.007838745800671898
2018-03-02,8910,9080,8860,9000,48977,0.0
2018-03-05,9000,9050,8870,8950,25472,-0.005555555555555536
2018-03-06,9000,9040,8890,8970,53451,0.0022346368715084886
2018-03-07,8970,8970,8570,8620,117536,-0.039018952062430334
2018-03-08,8650,8660,8510,8570,60591,-0.0058004640371229765
2018-03-09,8550,8860,8540,8750,75689,0.02100350058343059
2018-03-12,9070,9160,8820,9000,106620,0.02857142857142847
2018-03-13,9000,9020,8630,8900,67894,-0.011111111111111072
2018-03-14,8820,8900,8820,8870,21166,-0.003370786516853963
2018-03-15,8870,8920,8770,8780,51332,-0.01014656144306647
2018-03-16,8730,8850,8720,8790,53241,0.001138952164009055
2018-03-19,8770,9030,8770,8880,75564,0.010238907849829282
2018-03-20,8900,8960,8810,8820,44984,-0.006756756756756799
2018-03-21,8830,8910,8820,8820,36237,0.0
2018-03-22,8850,8920,8720,8760,44232,-0.006802721088435382
2018-03-23,8760,8760,8560,8570,63696,-0.02168949771689499
2018-03-26,8740,8860,8620,8830,44029,0.03033838973162184
2018-03-27,8870,8900,8800,8900,31002,0.007927519818799578
2018-03-28,8800,8920,8800,8830,35366,-0.00786516853932584
2018-03-29,8840,8990,8810,8940,51199,0.01245753114382775
2018-03-30,8980,9170,8940,9130,51772,0.021252796420581754
2018-04-02,9130,9140,8940,8980,42425,-0.01642935377875132
2018-04-03,8860,9190,8860,8990,29269,0.00111358574610243
2018-04-04,9050,9210,8930,9140,69061,0.016685205784204626
2018-04-05,9260,9440,9200,9320,115602,0.01969365426695835
2018-04-06,9330,9370,9190,9200,51134,-0.012875536480686733
2018-04-09,9200,9320,9120,9290,39208,0.009782608695652284
2018-04-10,9290,9490,9160,9450,64063,0.017222820236813874
2018-04-11,9450,9450,9260,9270,42960,-0.01904761904761909
2018-04-12,9060,9340,9060,9290,30153,0.0021574973031284195
2018-04-13,9290,9290,9160,9270,23227,-0.0021528525296017342
2018-04-16,9300,9350,9130,9190,30580,-0.008629989212513456
2018-04-17,9180,9310,9180,9250,30393,0.006528835690968515
2018-04-18,9300,9370,9260,9300,44973,0.00540540540540535
2018-04-19,9310,10050,9280,9930,305797,0.06774193548387086
2018-04-20,10100,10150,9720,9810,125818,-0.012084592145015116
2018-04-23,9810,10350,9800,9950,226862,0.014271151885830724
2018-04-24,10050,10950,10050,10700,464256,0.07537688442211055
2018-04-25,10700,10950,10450,10450,151101,-0.02336448598130836
2018-04-26,10450,11000,10350,10850,186189,0.038277511961722466
2018-04-27,10850,11050,10450,10550,77513,-0.027649769585253448
2018-04-30,10900,12500,10850,11800,641584,0.11848341232227488
2018-05-02,12050,13100,11950,12700,546199,0.07627118644067798
2018-05-03,12700,13100,12050,12300,335253,-0.03149606299212604
2018-05-04,12250,12550,12050,12100,919594,-0.016260162601625994
2018-05-08,12000,12600,11600,11900,609040,-0.016528925619834656
2018-05-09,12050,12200,11350,11900,288349,0.0
2018-05-10,12250,12250,11700,11900,221415,0.0
2018-05-11,11950,12450,11850,12200,427580,0.025210084033613356
2018-05-14,12250,12700,12200,12550,298628,0.028688524590164022
2018-05-15,12400,13000,12300,12600,411632,0.003984063745019917
2018-05-16,11600,12000,11100,11400,286248,-0.09523809523809523
2018-05-17,11400,11800,11250,11400,139613,0.0
2018-05-18,11400,11900,11100,11900,167883,0.04385964912280693
2018-05-21,12000,12000,11450,11800,131529,-0.008403361344537785
2018-05-23,11500,11500,10950,11100,187562,-0.05932203389830504
2018-05-24,11200,11500,10500,11450,313163,0.03153153153153143
2018-05-25,10400,11250,10400,11000,309543,-0.0393013100436681
2018-05-28,11700,12250,11400,11800,388324,0.07272727272727275
2018-05-29,11850,11900,11300,11800,281438,0.0
2018-05-30,11800,12350,11750,12350,335339,0.04661016949152552
2018-05-31,12450,12900,12250,12350,1011285,0.0
2018-06-01,12400,12450,11550,11800,348335,-0.04453441295546556
2018-06-04,12000,12050,11300,11400,209854,-0.03389830508474578
2018-06-05,11350,11850,11200,11650,160110,0.021929824561403466
2018-06-07,11800,11900,11450,11650,133130,0.0
2018-06-08,11650,11650,10950,10950,240868,-0.06008583690987124
2018-06-11,11000,11250,10800,11200,173379,0.022831050228310446
2018-06-12,11250,11450,10950,11200,186055,0.0
2018-06-14,11050,11100,10500,10800,192627,-0.0357142857142857
2018-06-15,10750,10950,10650,10750,104407,-0.00462962962962965
2018-06-18,10800,11000,10100,10200,165284,-0.051162790697674376
2018-06-19,10200,10300,9400,9400,233104,-0.07843137254901966
2018-06-20,9320,9670,9320,9640,96299,0.025531914893617058
2018-06-21,9570,9680,9030,9030,263589,-0.06327800829875518
2018-06-22,9030,9070,8550,8760,246031,-0.029900332225913595
2018-06-25,8660,8770,8340,8700,217430,-0.006849315068493178
2018-06-26,8670,8670,8360,8450,149822,-0.028735632183908066
2018-06-27,8440,8500,8150,8150,107073,-0.035502958579881616
2018-06-28,8060,8360,8020,8020,102099,-0.015950920245398792
2018-06-29,8040,8180,7880,8010,80692,-0.0012468827930174342
2018-07-02,7960,8070,7210,7560,94921,-0.0561797752808989
2018-07-03,7760,7760,7260,7490,116308,-0.0092592592592593
2018-07-04,7400,7500,7280,7450,61302,-0.005340453938584733
2018-07-05,7430,7540,7210,7490,95640,0.005369127516778427
2018-07-06,7470,7840,7450,7740,81445,0.03337783711615483
2018-07-09,7700,7700,7180,7470,104815,-0.03488372093023251
2018-07-10,7410,7640,7410,7520,46537,0.006693440428380271
2018-07-11,7420,7530,7260,7450,131137,-0.009308510638297851
2018-07-12,7450,7580,7380,7560,65317,0.014765100671140896
2018-07-13,7610,7710,7530,7640,82630,0.010582010582010692
2018-07-16,7790,7850,7450,7470,190776,-0.022251308900523514
2018-07-17,7450,7550,7430,7520,64110,0.006693440428380271
2018-07-18,7600,7600,7400,7440,64368,-0.010638297872340385
2018-07-19,7370,7500,7020,7460,89428,0.0026881720430107503
2018-07-20,7450,7450,7220,7310,42170,-0.020107238605898137
2018-07-23,7370,7370,7150,7150,49617,-0.02188782489740082
2018-07-24,7100,7410,7100,7380,45910,0.032167832167832255
2018-07-25,7390,7440,7200,7300,25405,-0.010840108401083959
2018-07-26,7370,7560,7340,7540,39827,0.03287671232876721
2018-07-27,7570,7600,7460,7520,21366,-0.0026525198938992522
2018-07-30,7520,7570,7510,7570,18755,0.0066489361702126715
2018-07-31,7570,7680,7520,7680,33664,0.014531043593130732
2018-08-01,7680,7700,7590,7640,30580,-0.00520833333333337
2018-08-02,7650,7820,7620,7640,38165,0.0
2018-08-03,7690,7690,7500,7580,30120,-0.007853403141361293
2018-08-06,7520,7710,7520,7650,45135,0.00923482849604218
2018-08-07,7620,7800,7560,7730,28159,0.010457516339869244
2018-08-08,7780,7780,7650,7660,33153,-0.009055627425614499
2018-08-09,7620,7740,7600,7660,20030,0.0
2018-08-10,7680,7700,7570,7650,33349,-0.0013054830287205776
2018-08-13,7680,7680,7430,7550,39263,-0.013071895424836555
2018-08-14,7530,7570,7420,7540,30608,-0.0013245033112583293
2018-08-16,7450,7460,7280,7370,36942,-0.022546419098143256
2018-08-17,7300,7320,7180,7190,51571,-0.024423337856173677
2018-08-20,7260,7260,7140,7190,35457,0.0
2018-08-21,7190,7210,7070,7190,40878,0.0
2018-08-22,7160,7360,7160,7300,50868,0.015299026425591
2018-08-23,7300,7320,7100,7160,57837,-0.019178082191780854
2018-08-24,7140,7140,7020,7050,78886,-0.015363128491620137
2018-08-27,7030,7090,6930,6950,66433,-0.014184397163120588
2018-08-28,6920,7070,6900,6960,51975,0.0014388489208632116
2018-08-29,6960,7170,6910,7150,39408,0.027298850574712707
2018-08-30,7160,7640,7080,7300,268801,0.020979020979021046
2018-08-31,7300,7310,7170,7180,46880,-0.016438356164383605
2018-09-03,7190,7340,7190,7270,29961,0.012534818941504211
2018-09-04,7200,7310,7200,7270,23291,0.0
2018-09-05,7330,7330,7150,7200,50117,-0.009628610729023435
2018-09-06,7190,7220,6950,7050,134918,-0.02083333333333337
2018-09-07,7040,7070,6960,7010,42311,-0.005673758865248235
2018-09-10,7000,7220,6990,7130,45670,0.017118402282453538
2018-09-11,7150,7160,7010,7030,67575,-0.014025245441795287
2018-09-12,7030,7180,7020,7030,37435,0.0
2018-09-13,7030,7170,7000,7140,53633,0.01564722617354186
2018-09-14,7150,7300,7140,7240,58359,0.014005602240896309
2018-09-17,7320,7320,7100,7120,34700,-0.016574585635359074
2018-09-18,7090,7230,7080,7160,34603,0.00561797752808979
2018-09-19,7170,7200,7060,7060,48670,-0.013966480446927387
2018-09-20,7080,7080,6930,6950,90024,-0.015580736543909346
2018-09-21,6850,7040,6850,7030,61657,0.011510791366906581
2018-09-27,7010,7130,7000,7040,57953,0.0014224751066855834
2018-09-28,7010,7040,6980,7020,32578,-0.0028409090909090606
2018-10-01,7030,7060,6950,6970,40632,-0.007122507122507171
2018-10-02,6970,7000,6940,6960,38872,-0.0014347202295552641
2018-10-04,6940,6950,6630,6750,132164,-0.030172413793103425
2018-10-05,6630,6690,6460,6550,85061,-0.029629629629629672
2018-10-08,6550,6580,6480,6480,39182,-0.010687022900763399
2018-10-10,6470,6510,6180,6190,85247,-0.04475308641975306
2018-10-11,6010,6040,5890,5890,97020,-0.0484652665589661
2018-10-12,5750,5980,5750,5950,28614,0.01018675721561979
2018-10-15,5900,5960,5850,5880,15147,-0.0117647058823529
2018-10-16,5830,6060,5830,5960,19714,0.013605442176870763
2018-10-17,5970,6100,5970,6040,15064,0.01342281879194629
2018-10-18,6070,6070,5920,6040,24289,0.0
2018-10-19,6060,6070,5890,6040,22933,0.0
2018-10-22,6040,6040,5910,5990,18627,-0.008278145695364225
2018-10-23,5990,5990,5720,5800,34095,-0.03171953255425708
2018-10-24,5810,5850,5620,5650,28683,-0.025862068965517238
2018-10-25,5410,5590,5390,5440,45241,-0.03716814159292037
2018-10-26,5440,5460,5240,5340,47017,-0.018382352941176516
2018-10-29,5270,5320,5010,5030,50121,-0.05805243445692887
2018-10-30,4700,5100,4675,5030,132140,0.0
2018-10-31,5100,5200,5070,5150,64490,0.02385685884691857
2018-11-01,5140,5390,5140,5340,40742,0.03689320388349504
2018-11-02,5310,5650,5310,5640,42169,0.05617977528089879
2018-11-05,5650,5650,5460,5570,28480,-0.012411347517730542
2018-11-06,5550,5730,5510,5580,31063,0.0017953321364452268
2018-11-07,5580,5690,5470,5510,19734,-0.012544802867383464
2018-11-08,5530,5600,5520,5530,28701,0.003629764065335772
2018-11-09,5520,5520,5380,5510,24295,-0.003616636528028905
2018-11-12,5500,5510,5380,5410,16715,-0.01814882032667875
2018-11-13,5350,5350,5140,5220,35095,-0.03512014787430684
2018-11-14,5210,5230,5080,5220,30785,0.0
2018-11-15,5130,5150,4950,5000,102593,-0.04214559386973182
2018-11-16,5020,5090,4950,5070,66118,0.014000000000000012
2018-11-19,5130,5130,5040,5100,73166,0.00591715976331364
2018-11-20,5090,5090,5030,5080,40864,-0.0039215686274509665
2018-11-21,5040,5210,5020,5130,35073,0.009842519685039353
2018-11-22,5130,5180,5040,5120,42991,-0.0019493177387914784
2018-11-23,5120,5120,5070,5100,15245,-0.00390625
2018-11-26,5100,5170,5070,5140,24294,0.007843137254901933
2018-11-27,5170,5280,5140,5190,54878,0.009727626459143934
2018-11-28,5190,5300,5170,5230,54553,0.007707129094412402
2018-11-29,5280,5710,5270,5490,100567,0.0497131931166348
2018-11-30,5520,5600,5450,5490,35867,0.0
2018-12-03,5520,5610,5520,5580,46027,0.016393442622950838
2018-12-04,5600,5660,5480,5520,31352,-0.010752688172043001
2018-12-05,5500,5500,5420,5440,34036,-0.01449275362318836
2018-12-06,5450,5490,5300,5340,37391,-0.018382352941176516
2018-12-07,5340,5400,5200,5260,34089,-0.014981273408239737
2018-12-10,5230,5290,5130,5230,35855,-0.005703422053231932
2018-12-11,5280,5280,5150,5170,25707,-0.01147227533460804
2018-12-12,5210,5300,5170,5270,16020,0.01934235976789167
2018-12-13,5270,5370,5270,5290,38735,0.00379506641366234
2018-12-14,5340,5360,5240,5350,30373,0.011342155009451904
2018-12-17,5410,5410,5270,5280,20862,-0.013084112149532756
2018-12-18,5220,5370,5210,5270,41973,-0.0018939393939394478
2018-12-19,5250,5310,5230,5290,41172,0.00379506641366234
2018-12-20,5220,5420,5220,5330,81110,0.007561436672967936
2018-12-21,5340,5420,5320,5420,24459,0.016885553470919357
2018-12-24,5700,5700,5520,5660,98333,0.04428044280442811
2018-12-26,5580,5700,5500,5700,83684,0.007067137809187329
2018-12-27,5800,5840,5590,5610,103672,-0.015789473684210575
2018-12-28,5660,5720,5540,5590,23224,-0.0035650623885917776
2019-01-02,5600,5630,5400,5490,26786,-0.017889087656529523
2019-01-03,5470,5570,5420,5460,25429,-0.005464480874316946
2019-01-04,5440,5440,5330,5410,33914,-0.009157509157509125
2019-01-07,5540,6150,5540,5790,357426,0.07024029574861368
2019-01-08,5790,5840,5680,5690,31835,-0.01727115716753025
2019-01-09,5710,5850,5710,5830,66193,0.024604569420035194
2019-01-10,5850,6030,5820,5990,46741,0.027444253859348233
2019-01-11,5960,6120,5960,6070,48444,0.013355592654423987
2019-01-14,5990,6130,5990,6000,40485,-0.011532125205930832
2019-01-15,6000,6090,6000,6040,17594,0.006666666666666599
2019-01-16,6020,6080,5990,6080,39888,0.0066225165562914245
2019-01-17,6060,6100,6000,6030,28730,-0.008223684210526327
2019-01-18,6090,6090,6010,6060,17092,0.004975124378109541
2019-01-21,6140,6140,6030,6110,30062,0.008250825082508184
2019-01-22,6110,6140,6040,6060,19909,-0.008183306055646433
2019-01-23,6000,6060,5940,6040,32353,-0.0033003300330033403
2019-01-24,6050,6100,6000,6070,19843,0.004966887417218624
2019-01-25,6010,6080,6000,6070,13392,0.0
2019-01-28,6100,6980,6080,6450,604928,0.06260296540362442
2019-01-29,6450,6450,6240,6300,668122,-0.023255813953488413
2019-01-30,6280,6530,6240,6450,295521,0.023809523809523725
2019-01-31,6450,6470,6270,6280,120032,-0.02635658914728678
2019-02-01,6310,6390,6200,6290,70279,0.0015923566878981443
2019-02-07,6300,6520,6300,6520,130441,0.0365659777424483
2019-02-08,6520,6530,6420,6500,65720,-0.0030674846625766694
2019-02-11,6530,6640,6370,6420,89522,-0.012307692307692353
2019-02-12,6420,6490,6370,6490,45902,0.010903426791277315
2019-02-13,6530,6590,6460,6520,39725,0.0046224961479199855
2019-02-14,6550,6980,6520,6780,867561,0.039877300613496924
2019-02-15,6820,6930,6700,6800,169614,0.002949852507374562
2019-02-18,6900,6900,6630,6650,81225,-0.022058823529411797
2019-02-19,6650,6700,6500,6590,75985,-0.009022556390977488
2019-02-20,6580,6840,6540,6820,95847,0.03490136570561453
2019-02-21,6820,6820,6610,6610,54885,-0.030791788856304958
2019-02-22,6620,6700,6590,6600,41222,-0.001512859304084735
2019-02-25,6640,6640,6540,6550,48746,-0.007575757575757569
2019-02-26,6530,6690,6530,6670,52508,0.018320610687022842
2019-02-27,6640,6690,6600,6680,25160,0.0014992503748125774
2019-02-28,6700,6700,6350,6410,75317,-0.04041916167664672
2019-03-04,6380,6550,6380,6500,50462,0.014040561622464809
2019-03-05,6500,6580,6310,6410,54333,-0.013846153846153841
2019-03-06,6410,6410,6220,6250,96459,-0.0249609984399376
2019-03-07,6250,6290,6120,6190,51046,-0.009600000000000053
2019-03-08,6130,6280,6090,6150,38288,-0.00646203554119551
2019-03-11,6110,6130,5920,6090,48793,-0.009756097560975618
2019-03-12,6090,6180,6090,6180,34316,0.014778325123152802
2019-03-13,6150,6230,6120,6180,23511,0.0
2019-03-14,6180,6490,6180,6490,77328,0.05016181229773453
2019-03-15,6430,6470,6320,6330,28677,-0.024653312788906034
2019-03-18,6330,6440,6270,6320,16257,-0.0015797788309637184
2019-03-19,6310,6350,6240,6310,22574,-0.0015822784810126667
2019-03-20,6340,6340,6170,6190,23440,-0.019017432646592725
2019-03-21,6190,6240,6110,6180,27065,-0.001615508885298822
2019-03-22,6130,6170,6080,6130,28917,-0.008090614886731351
2019-03-25,6050,6080,5970,6010,40238,-0.019575856443719397
2019-03-26,6010,6050,5890,5920,61179,-0.014975041597337757
2019-03-27,5960,5970,5910,5950,20412,0.0050675675675675436
2019-03-28,5920,5940,5750,5800,72175,-0.025210084033613467
2019-03-29,5740,5850,5660,5760,60022,-0.006896551724137945
2019-04-01,5710,5930,5710,5930,38829,0.02951388888888884
2019-04-02,6000,6000,5900,5900,11864,-0.005059021922428353
2019-04-03,5900,5990,5850,5980,70493,0.013559322033898313
2019-04-04,5950,6070,5950,6050,35715,0.0117056856187292
2019-04-05,6080,6090,5990,6000,46745,-0.008264462809917328
2019-04-08,6020,6180,6000,6150,48711,0.02499999999999991
2019-04-09,6190,6210,6130,6160,34426,0.001626016260162677
2019-04-10,6160,6230,6150,6190,30817,0.004870129870129913
2019-04-11,6190,6250,6130,6240,32975,0.008077544426494443
2019-04-12,6250,6570,6150,6490,133926,0.040064102564102644
2019-04-15,6520,6640,6520,6600,76400,0.016949152542372836
2019-04-16,6580,6630,6430,6600,54179,0.0
2019-04-17,6550,6630,6440,6580,46687,-0.00303030303030305
2019-04-18,6580,6620,6450,6480,32775,-0.015197568389057725
2019-04-19,6480,6620,6440,6590,82113,0.016975308641975273
2019-04-22,6590,6660,6570,6640,52466,0.007587253414264028
2019-04-23,6630,6660,6550,6660,47220,0.003012048192771122
2019-04-24,6670,6710,6510,6590,62699,-0.010510510510510551
2019-04-25,6560,6640,6400,6580,58317,-0.0015174506828528056
2019-04-26,6640,6640,6360,6380,58817,-0.03039513677811545
2019-04-29,6360,6600,6330,6580,37914,0.03134796238244508
2019-04-30,6580,6660,6510,6520,51395,-0.00911854103343468
2019-05-02,6520,6770,6500,6680,103441,0.024539877300613577
2019-05-03,6750,7270,6650,7200,558307,0.07784431137724557
2019-05-07,7140,7270,6980,7150,227919,-0.00694444444444442
2019-05-08,7020,7480,7010,7150,198723,0.0
2019-05-09,7150,7400,7050,7080,235545,-0.009790209790209836
2019-05-10,7080,7280,6950,7170,107299,0.012711864406779627
2019-05-13,7170,7390,6900,7140,151664,-0.004184100418409997
2019-05-14,7050,7580,7020,7580,254023,0.06162464985994398
2019-05-15,7600,7800,7400,7790,224191,0.02770448548812654
2019-05-16,7820,7920,7530,7700,196547,-0.011553273427471145
2019-05-17,7690,7870,7640,7760,83511,0.007792207792207684
2019-05-20,7760,7900,7430,7580,105325,-0.023195876288659822
2019-05-21,7700,7880,7610,7830,124848,0.03298153034300788
2019-05-22,7880,8000,7710,7960,92936,0.016602809706258048
2019-05-23,7970,8020,7730,7890,85526,-0.008793969849246186
2019-05-24,7800,7850,7300,7570,98315,-0.040557667934093766
2019-05-27,7720,7720,7410,7480,47375,-0.011889035667106973
2019-05-28,7440,7670,7410,7600,67548,0.016042780748663166
2019-05-29,7600,7850,7460,7820,108211,0.02894736842105261
2019-05-30,7850,7930,7650,7780,88107,-0.005115089514066473
2019-05-31,7900,7900,7500,7750,76693,-0.003856041131105381
2019-06-03,7740,7780,7630,7690,57625,-0.007741935483870921
2019-06-04,7840,7840,7600,7830,67734,0.01820546163849146
2019-06-05,7940,7940,7640,7790,89350,-0.005108556832694733
2019-06-07,7840,7890,7680,7810,88162,0.0025673940949935137
2019-06-10,7900,8300,7750,8300,242919,0.06274007682458382
2019-06-11,8300,8450,8150,8400,104146,0.012048192771084265
2019-06-12,8330,8540,8300,8460,99004,0.0071428571428571175
2019-06-13,8430,8690,8370,8630,112374,0.02009456264775422
2019-06-14,8680,8680,8550,8570,58109,-0.006952491309385911
2019-06-17,8660,8690,8480,8560,68260,-0.001166861143523934
2019-06-18,8560,8560,8240,8270,132921,-0.033878504672897214
2019-06-19,8350,8430,8060,8270,127917,0.0
2019-06-20,8360,8360,8090,8280,47886,0.0012091898428052694
2019-06-21,8310,8600,8070,8120,128457,-0.019323671497584516
2019-06-24,8140,8140,7800,8080,116508,-0.0049261083743842304
2019-06-25,8110,8110,7800,7930,56670,-0.01856435643564358
2019-06-26,7930,7960,7790,7820,38654,-0.013871374527112179
2019-06-27,7800,8060,7780,7900,49617,0.010230179028132946
2019-06-28,7920,8240,7800,8240,91312,0.04303797468354431
2019-07-01,8220,8280,7970,8000,78179,-0.029126213592232997
2019-07-02,8070,8070,7800,7960,35871,-0.0050000000000000044
2019-07-03,7960,8040,7620,7730,95101,-0.028894472361809087
2019-07-04,7660,7800,7630,7670,19940,-0.0077619663648124115
2019-07-05,7690,7920,7570,7850,51917,0.02346805736636237
2019-07-08,7800,7920,7610,7640,36919,-0.026751592356687892
2019-07-09,7500,7880,7470,7820,59583,0.023560209424083878
2019-07-10,7670,7890,7660,7850,24413,0.0038363171355497716
2019-07-11,7850,7940,7740,7880,25167,0.003821656050955413
2019-07-12,7870,7900,7720,7810,28960,-0.008883248730964466
2019-07-15,7810,7840,7550,7620,41323,-0.02432778489116516
2019-07-16,7700,7710,7490,7580,37638,-0.005249343832021025
2019-07-17,7580,7580,7280,7380,59258,-0.02638522427440637
2019-07-18,7380,7380,7150,7300,24683,-0.010840108401083959
2019-07-19,7380,7380,7200,7290,12568,-0.00136986301369868
2019-07-22,7290,7300,7160,7300,14225,0.00137174211248281
2019-07-23,7280,7300,7060,7090,42513,-0.02876712328767128
2019-07-24,7080,7160,6880,7000,41195,-0.012693935119887145
2019-07-25,6960,7000,6860,6940,15383,-0.008571428571428563
2019-07-26,6830,6900,6700,6750,21537,-0.02737752161383289
2019-07-29,6590,6690,6340,6350,69155,-0.059259259259259234
2019-07-30,6100,6700,6100,6610,91081,0.04094488188976375
2019-07-31,6430,6760,6430,6650,16328,0.00605143721633894
2019-08-01,6650,6760,6500,6670,10263,0.003007518796992459
2019-08-02,6630,6630,6400,6500,31972,-0.025487256371814038
2019-08-05,6500,6580,6170,6190,60806,-0.0476923076923077
2019-08-06,6000,6210,5960,6050,33453,-0.022617124394184174
2019-08-07,6040,6270,6000,6180,35859,0.02148760330578514
2019-08-08,6200,6600,6200,6600,31144,0.06796116504854366
2019-08-09,6520,6720,6520,6710,30440,0.016666666666666607
2019-08-12,6590,6790,6590,6740,25030,0.0044709388971684305
2019-08-13,6600,6740,6530,6740,23938,0.0
2019-08-14,6790,7040,6660,6900,64286,0.023738872403560762
2019-08-16,6840,6890,6690,6830,70170,-0.010144927536231862
2019-08-19,6770,6880,6680,6760,47269,-0.010248901903367469
2019-08-20,6760,6860,6720,6820,29071,0.008875739644970349
2019-08-21,6850,6900,6760,6850,19471,0.004398826979472137
2019-08-22,6850,6950,6780,6900,12180,0.007299270072992803
2019-08-23,6870,6920,6620,6730,58522,-0.024637681159420333
2019-08-26,6700,6700,6530,6610,41748,-0.017830609212481474
2019-08-27,6590,6670,6580,6630,35921,0.00302571860816947
2019-08-28,6600,6670,6510,6670,20783,0.006033182503770718
2019-08-29,6640,6720,6490,6570,37758,-0.014992503748125885
2019-08-30,6660,6810,6510,6600,72358,0.004566210045662045
2019-09-02,6670,6750,6610,6740,18877,0.021212121212121238
2019-09-03,6740,6820,6700,6810,14733,0.010385756676557945
2019-09-04,6810,6860,6720,6790,17239,-0.002936857562408246
2019-09-05,6870,6870,6650,6670,47944,-0.0176730486008837
2019-09-06,6720,6720,6600,6630,14597,-0.005997001499250421
2019-09-09,6620,6700,6460,6480,54092,-0.022624434389140302
2019-09-10,6500,6640,6500,6580,75777,0.015432098765432167
2019-09-11,6600,6780,6580,6620,74220,0.006079027355623046
2019-09-16,6680,6770,6630,6750,51769,0.01963746223564944
2019-09-17,6790,6810,6690,6790,43687,0.00592592592592589
2019-09-18,6840,6840,6750,6800,28448,0.0014727540500736325
2019-09-19,6800,6850,6680,6750,45818,-0.007352941176470562
2019-09-20,6750,6790,6650,6740,42591,-0.001481481481481528
2019-09-23,6740,6740,6670,6700,28374,-0.005934718100890191
2019-09-24,6720,6820,6660,6760,48328,0.008955223880596996
2019-09-25,6750,6760,6660,6670,34822,-0.013313609467455634
2019-09-26,6650,6690,6630,6640,29921,-0.004497751124437732
2019-09-27,6640,6640,6440,6500,113946,-0.02108433734939763
2019-09-30,6480,6540,6420,6430,35850,-0.010769230769230753
2019-10-01,6440,6450,6140,6180,159739,-0.038880248833592534
2019-10-02,6110,6250,6060,6220,83543,0.006472491909385036
2019-10-04,6200,6210,6140,6160,23597,-0.009646302250803873
2019-10-07,6150,6290,5900,5990,82007,-0.02759740259740262
2019-10-08,5990,6030,5920,5990,30723,0.0
2019-10-10,5990,6000,5860,5890,68687,-0.016694490818030094
2019-10-11,5910,5950,5730,5790,124314,-0.01697792869269954
2019-10-14,5810,6020,5810,6010,36639,0.03799654576856648
2019-10-15,6010,6080,5950,6030,36348,0.0033277870216306127
2019-10-16,6050,6090,6030,6080,15806,0.008291873963515828
2019-10-17,6080,6100,6020,6050,19836,-0.004934210526315819
2019-10-18,6070,6090,5940,6040,45465,-0.0016528925619834212
2019-10-21,6040,6080,5970,6030,28544,-0.0016556291390728006
2019-10-22,6040,6170,6040,6130,56706,0.016583747927031434
2019-10-23,6170,6170,6050,6100,37706,-0.004893964110929905
2019-10-24,6100,6160,6060,6130,38716,0.004918032786885185
2019-10-25,6110,6170,6070,6110,32783,-0.0032626427406199365
2019-10-28,6110,6130,6050,6110,21148,0.0
2019-10-29,6110,6180,6110,6130,16070,0.003273322422258529
2019-10-30,6130,6150,6070,6130,21378,0.0
2019-10-31,6140,6140,6070,6130,19397,0.0
2019-11-01,6130,6130,6030,6120,32467,-0.0016313213703099683
2019-11-04,6120,6120,6070,6120,35683,0.0
2019-11-05,6110,6160,6110,6140,47761,0.0032679738562091387
2019-11-06,6140,6180,6130,6180,17555,0.006514657980456029
2019-11-07,6150,6200,6150,6190,20839,0.0016181229773462036
2019-11-08,6200,6290,6190,6290,29891,0.016155088852988664
2019-11-11,6290,6320,6200,6310,17926,0.0031796502384737746
2019-11-12,6310,6320,6200,6310,34603,0.0
2019-11-13,6310,6340,6220,6330,28845,0.0031695721077653616
2019-11-14,6330,6330,6230,6330,19382,0.0
2019-11-15,6270,6270,6190,6220,30592,-0.017377567140600347
2019-11-18,6160,6220,6020,6090,62122,-0.020900321543408373
2019-11-19,6000,6150,5990,6040,71599,-0.008210180623973717
2019-11-20,6020,6120,5810,5860,97852,-0.0298013245033113
2019-11-21,5860,5880,5780,5850,36682,-0.0017064846416382506
2019-11-22,5830,5890,5780,5840,40488,-0.0017094017094017033
2019-11-25,5860,6030,5750,5830,111952,-0.001712328767123239
2019-11-26,5840,5980,5840,5950,44103,0.020583190394511064
2019-11-27,5970,6000,5880,5940,35318,-0.001680672268907557
2019-11-28,5920,5920,5850,5890,24192,-0.008417508417508435
2019-11-29,5860,5870,5750,5800,45382,-0.015280135823429575
2019-12-02,5800,5860,5690,5760,56684,-0.006896551724137945
2019-12-03,5780,5780,5650,5710,50533,-0.00868055555555558
2019-12-04,5720,5720,5590,5600,34246,-0.019264448336252182
2019-12-05,5570,5610,5450,5510,64632,-0.016071428571428625
2019-12-06,5490,5640,5490,5620,34623,0.019963702359346636
2019-12-09,5680,5680,5620,5650,18921,0.005338078291814874
2019-12-10,5650,5670,5470,5530,42149,-0.0212389380530974
2019-12-11,5530,5560,5490,5520,34378,-0.001808318264014508
2019-12-12,5530,5620,5530,5550,50697,0.005434782608695565
2019-12-13,5650,5690,5590,5590,88912,0.007207207207207134
2019-12-16,5600,5630,5570,5570,50924,-0.003577817531305927
2019-12-17,5590,5610,5550,5600,69844,0.0053859964093356805
2019-12-18,5630,5790,5610,5710,53189,0.019642857142857073
2019-12-19,5710,5790,5670,5690,57830,-0.003502626970227629
2019-12-20,5690,5800,5690,5780,34724,0.01581722319859402
2019-12-23,5780,5910,5780,5890,44277,0.01903114186851207
2019-12-24,5890,6100,5870,6100,105181,0.035653650254668934
2019-12-26,6110,6250,6100,6110,96174,0.0016393442622950616
2019-12-27,6030,6070,5970,6000,40500,-0.018003273322422242
2019-12-30,5980,6030,5880,6030,46253,0.004999999999999893
2020-01-02,6030,6050,5970,6040,31469,0.0016583747927032544
2020-01-03,6040,6070,5990,6050,42607,0.0016556291390728006
2020-01-06,5990,5990,5850,5880,39609,-0.028099173553719048
2020-01-07,5880,5890,5850,5890,24367,0.001700680272108901
2020-01-08,5840,5840,5620,5650,62052,-0.04074702886247883
2020-01-09,5670,5810,5670,5710,34089,0.010619469026548645
2020-01-10,5710,5880,5690,5800,24738,0.015761821366024442
2020-01-13,5800,5870,5770,5840,25398,0.006896551724137945
2020-01-14,5870,5870,5810,5810,12619,-0.005136986301369828
2020-01-15,5810,5870,5760,5780,33908,-0.005163511187607606
2020-01-16,5780,5830,5730,5790,13186,0.0017301038062282892
2020-01-17,5790,5820,5760,5800,22546,0.0017271157167531026
2020-01-20,5750,5810,5740,5760,25056,-0.006896551724137945
2020-01-21,5760,5830,5680,5770,34312,0.0017361111111111605
2020-01-22,5770,5810,5690,5790,15096,0.0034662045060658286
2020-01-23,5800,5800,5710,5750,32980,-0.006908462867012077
2020-01-28,5750,5800,5550,5640,146086,-0.019130434782608674
2020-01-29,5780,5780,5570,5640,49920,0.0
2020-01-30,5630,5650,5530,5540,39865,-0.01773049645390068
2020-01-31,5540,5570,5370,5490,61829,-0.009025270758122761
2020-02-03,5430,5480,5350,5390,32994,-0.01821493624772308
2020-02-04,5410,5640,5370,5450,21310,0.011131725417439675
2020-02-05,5460,5550,5450,5550,30030,0.0183486238532109
2020-02-06,5550,5760,5550,5750,55192,0.03603603603603611
2020-02-07,5760,5800,5680,5740,28436,-0.0017391304347825765
2020-02-10,5700,5750,5620,5750,18902,0.0017421602787457413
2020-02-11,5750,5750,5650,5690,23217,-0.01043478260869568
2020-02-12,5670,5700,5660,5700,23182,0.0017574692442883233
2020-02-13,5710,5720,5650,5680,33930,-0.0035087719298245723
2020-02-14,5650,5680,5570,5660,43891,-0.0035211267605633756
2020-02-17,5660,5660,5520,5560,37579,-0.017667844522968212
2020-02-18,5510,5610,5500,5570,22053,0.0017985611510791255
2020-02-19,5640,6030,5520,5590,117472,0.0035906642728904536
2020-02-20,5620,5620,5410,5550,70043,-0.007155635062611854
2020-02-21,5580,5580,5430,5490,34120,-0.010810810810810811
2020-02-24,5410,5550,5260,5320,63804,-0.030965391621129323
2020-02-25,5320,5510,5290,5450,36548,0.02443609022556381
2020-02-26,5380,5420,5310,5360,26826,-0.016513761467889854
2020-02-27,5310,5470,5200,5260,33641,-0.018656716417910446
2020-02-28,5200,5200,4995,5040,96984,-0.041825095057034245
2020-03-02,5020,5090,4910,5040,105110,0.0
2020-03-03,5090,5150,5040,5040,59640,0.0
2020-03-04,5040,5210,5000,5210,24991,0.03373015873015883
2020-03-05,5210,5850,5210,5450,249287,0.04606525911708248
2020-03-06,5440,5500,5330,5430,82392,-0.003669724770642202
2020-03-09,5410,5410,5080,5170,75385,-0.047882136279926324
2020-03-10,5070,5220,5050,5110,59501,-0.011605415860735047
2020-03-11,5080,5210,4970,5100,62875,-0.00195694716242667
2020-03-12,5100,5100,4780,4820,94655,-0.05490196078431375
2020-03-13,4645,4645,4010,4250,235560,-0.1182572614107884
2020-03-16,4305,4470,4200,4290,68021,0.009411764705882453
2020-03-17,3850,4290,3850,4120,87012,-0.03962703962703962
2020-03-18,4150,4350,4060,4060,84524,-0.014563106796116498
2020-03-19,3995,4200,3680,3680,253736,-0.09359605911330049
2020-03-20,3700,3890,3600,3740,230945,0.016304347826086918
2020-03-23,3640,3685,3330,3685,127958,-0.014705882352941124
2020-03-24,3780,4080,3700,4075,82817,0.10583446404341923
2020-03-25,4145,4510,4145,4475,106756,0.09815950920245409
2020-03-26,4450,4780,4425,4680,111831,0.045810055865921795
2020-03-27,4830,5000,4820,4885,82004,0.04380341880341887
2020-03-30,4885,4885,4705,4855,47002,-0.0061412487205732
2020-03-31,5040,5040,4935,4950,37599,0.019567456230690006
2020-04-01,4950,5010,4690,4795,71821,-0.03131313131313129
2020-04-02,4710,4880,4650,4880,24316,0.01772679874869665
2020-04-03,4880,4885,4825,4880,29701,0.0
2020-04-06,4880,5100,4870,5100,73493,0.04508196721311486
2020-04-07,5200,5310,5180,5290,103021,0.0372549019607844
2020-04-08,5300,5500,5230,5500,112333,0.03969754253308122
2020-04-09,5560,6010,5560,6010,305045,0.09272727272727277
2020-04-10,6140,6160,5770,5830,155795,-0.029950083194675514
2020-04-13,5860,5900,5650,5800,77784,-0.005145797598627766
2020-04-14,5800,5890,5800,5870,65510,0.012068965517241459
2020-04-16,5870,5910,5720,5900,28201,0.005110732538330387
2020-04-17,5920,5950,5870,5880,82328,-0.003389830508474523
2020-04-20,5880,6040,5880,5980,73362,0.017006802721088343
2020-04-21,6000,6000,5680,5980,76567,0.0
2020-04-22,5920,6100,5830,6100,65874,0.02006688963210701
2020-04-23,6100,6350,5880,6200,267143,0.016393442622950838
2020-04-24,6200,6260,6050,6150,91883,-0.008064516129032251
2020-04-27,6150,6250,6060,6250,60657,0.016260162601626105
2020-04-28,6250,6330,6200,6290,57601,0.006399999999999961
2020-04-29,6370,6480,6250,6310,90980,0.0031796502384737746
2020-05-04,6250,6410,6170,6370,67839,0.009508716323296307
2020-05-06,6330,6420,6300,6400,43778,0.0047095761381474865
2020-05-07,6410,6460,6360,6430,58524,0.004687499999999956
2020-05-08,6410,6460,6400,6410,40987,-0.0031104199066873672
2020-05-11,6410,6430,6290,6300,43601,-0.01716068642745705
2020-05-12,6310,6340,6050,6180,60356,-0.01904761904761909
2020-05-13,6330,7100,6280,6550,1082040,0.0598705501618122
2020-05-14,6550,6770,6430,6600,146061,0.007633587786259444
2020-05-15,6600,6730,6550,6610,80825,0.0015151515151514694
2020-05-18,6610,6650,6510,6510,47032,-0.015128593040847238
2020-05-19,6550,6640,6530,6560,41622,0.007680491551459223
2020-05-20,6600,6730,6550,6660,65942,0.015243902439024293
2020-05-21,6700,6750,6650,6660,61987,0.0
2020-05-22,6660,6770,6560,6700,55062,0.006006006006006093
2020-05-25,6690,7120,6670,7020,154897,0.047761194029850795
2020-05-26,7120,7770,6920,7350,328892,0.047008547008547064
2020-05-27,7400,7580,7290,7390,116423,0.0054421768707482165
2020-05-28,7370,7680,7210,7350,112671,-0.005412719891745632
2020-05-29,7400,7420,7300,7390,45531,0.0054421768707482165
2020-06-01,7300,7430,7290,7370,56894,-0.0027063599458727605
2020-06-02,7530,7550,7190,7240,67513,-0.01763907734056991
2020-06-03,7400,7880,7300,7660,548508,0.058011049723756924
2020-06-04,7670,7730,7230,7410,161090,-0.03263707571801566
2020-06-05,7450,7450,7090,7280,99347,-0.01754385964912286
2020-06-08,7320,7420,7000,7160,52307,-0.016483516483516536
2020-06-09,7290,7290,7010,7140,42775,-0.0027932960893854997
2020-06-10,7130,7130,6720,6800,113982,-0.04761904761904767
2020-06-11,6870,7030,6790,6800,100902,0.0
2020-06-12,6790,7500,6500,7500,179377,0.10294117647058831
2020-06-15,7500,7500,6760,6760,113234,-0.09866666666666668
2020-06-16,6760,7190,6760,7100,75331,0.050295857988165604
2020-06-17,7000,7420,6980,7370,155693,0.038028169014084456
2020-06-18,7370,7760,7370,7760,232840,0.052917232021709726
2020-06-19,8050,8400,7930,8040,321576,0.03608247422680422
2020-06-22,8300,8300,7440,7680,444143,-0.04477611940298509
2020-06-23,7680,7690,7170,7350,192341,-0.04296875
2020-06-24,7350,7360,7140,7180,71511,-0.023129251700680253
2020-06-25,7150,7150,6740,6930,109054,-0.0348189415041783
2020-06-26,6940,7020,6800,6990,43516,0.008658008658008587
2020-06-29,6900,7030,6710,6950,40746,-0.005722460658083017
2020-06-30,6970,7050,6900,6980,21495,0.004316546762589857
2020-07-01,7050,7150,6830,6850,90506,-0.01862464183381085
2020-07-02,6850,6960,6800,6800,23074,-0.007299270072992692
2020-07-03,6880,6880,6700,6830,17801,0.004411764705882337
2020-07-06,6820,6910,6660,6760,64412,-0.010248901903367469
2020-07-07,6800,6850,6700,6730,24782,-0.004437869822485174
2020-07-08,6800,6820,6580,6620,58450,-0.01634472511144136
2020-07-09,6660,6660,6370,6420,77099,-0.030211480362537735
2020-07-10,6440,6460,6180,6430,123023,0.0015576323987538387
2020-07-13,6430,6560,6350,6490,50732,0.009331259720062102
2020-07-14,6510,6530,6400,6480,47156,-0.0015408320493066618
2020-07-15,6600,6750,6510,6690,71751,0.03240740740740744
2020-07-16,6870,6870,6580,6680,32996,-0.001494768310911776
2020-07-17,6680,6680,6520,6560,26442,-0.017964071856287456
2020-07-20,6650,6650,6490,6520,46786,-0.0060975609756097615
2020-07-21,6570,6570,6340,6500,50272,-0.0030674846625766694
2020-07-22,6490,6780,6480,6710,70559,0.03230769230769237
2020-07-23,6720,6980,6660,6950,77852,0.03576751117734722
2020-07-24,6940,6940,6630,6730,50630,-0.031654676258992764
2020-07-27,6730,6750,6550,6660,65991,-0.010401188707280795
2020-07-28,6790,6790,6600,6620,36330,-0.006006006006005982
2020-07-29,6620,6650,6450,6590,53804,-0.004531722054380682
2020-07-30,6570,6640,6480,6490,71561,-0.015174506828528056
2020-07-31,6490,6500,6400,6440,31588,-0.007704160246533087
2020-08-03,6400,6490,6360,6490,34873,0.007763975155279601
2020-08-04,6450,6700,6450,6670,75738,0.027734976887519247
2020-08-05,6710,6770,6590,6770,95135,0.014992503748125996
2020-08-06,6700,6770,6270,6580,83445,-0.028064992614475592
2020-08-07,6560,6610,6480,6490,37367,-0.01367781155015202
2020-08-10,6490,6660,6490,6570,45557,0.012326656394453073
2020-08-11,6620,6840,6600,6640,124480,0.010654490106544845
2020-08-12,6900,7480,6660,6880,317228,0.03614457831325302
2020-08-13,6940,7100,6800,6820,162695,-0.008720930232558155
2020-08-14,6860,7010,6740,6930,128240,0.016129032258064502
2020-08-18,6930,6930,6470,6500,112625,-0.06204906204906202
2020-08-19,6500,6610,6490,6600,48316,0.01538461538461533
2020-08-20,6600,6600,6180,6200,130133,-0.06060606060606055
2020-08-21,6230,6340,6140,6290,91525,0.014516129032257963
2020-08-24,6280,6370,6170,6330,58410,0.006359300476947549
2020-08-25,6330,6470,6330,6400,53425,0.011058451816745585
2020-08-26,6380,6380,6250,6370,57978,-0.004687499999999956
2020-08-27,6360,6360,6150,6200,93310,-0.026687598116169498
2020-08-28,6190,6350,6170,6220,76871,0.003225806451612856
2020-08-31,6250,6360,6240,6300,50007,0.012861736334405238
2020-09-01,6260,6490,6260,6460,37926,0.025396825396825307
2020-09-02,6490,6490,6390,6470,32615,0.001547987616099089
2020-09-03,6490,6620,6300,6550,72617,0.012364760432766575
2020-09-04,6400,6520,6350,6480,33012,-0.010687022900763399
2020-09-07,6480,6630,6400,6500,43578,0.0030864197530864335
2020-09-08,6510,6710,6510,6640,80603,0.021538461538461506
2020-09-09,6600,6700,6510,6650,44218,0.001506024096385561
2020-09-10,6690,6720,6630,6680,26780,0.004511278195488799
2020-09-11,6680,6710,6530,6680,36785,0.0
2020-09-14,6720,6750,6620,6710,36274,0.004491017964071808
2020-09-15,6690,6760,6670,6750,61521,0.005961251862891315
2020-09-16,6770,7050,6720,7050,189518,0.04444444444444451
2020-09-17,7130,7170,6800,6990,69317,-0.008510638297872353
2020-09-18,7010,7010,6810,7000,62651,0.0014306151645206988
2020-09-21,7000,7100,6860,6860,78983,-0.020000000000000018
2020-09-22,6810,6920,6600,6680,32406,-0.026239067055393583
2020-09-23,6680,6700,6500,6660,26838,-0.0029940119760478723
2020-09-24,6730,6870,6500,6580,64854,-0.012012012012011963
2020-09-25,6600,6630,6410,6490,99573,-0.01367781155015202
2020-09-28,6520,6650,6500,6640,25113,0.023112480739599484
2020-09-29,6650,6750,6620,6700,62547,0.009036144578313143
2020-10-05,6720,6960,6710,6900,61459,0.029850746268656803
2020-10-06,7050,7430,6830,6950,402021,0.007246376811594235
2020-10-07,7000,7340,6970,7250,216485,0.043165467625899234
2020-10-08,7230,7310,7100,7150,157548,-0.01379310344827589
2020-10-12,7160,7280,7120,7230,98370,0.01118881118881121
2020-10-13,7230,7250,7130,7220,84624,-0.0013831258644536604
2020-10-14,7260,7260,6960,7000,162752,-0.030470914127423865
2020-10-15,7000,7040,6860,6920,82403,-0.011428571428571455
2020-10-16,6920,6940,6720,6770,58837,-0.021676300578034713
2020-10-19,6810,7070,6810,7020,66142,0.03692762186115206
2020-10-20,6990,7110,6880,7040,51070,0.002849002849002913
2020-10-21,7040,7090,6970,7060,46792,0.0028409090909091717
2020-10-22,7060,7080,6980,6990,42235,-0.009915014164305958
2020-10-23,7020,7120,6990,7000,75589,0.0014306151645206988
2020-10-26,7080,7090,6810,6840,98365,-0.02285714285714291
2020-10-27,6760,6880,6670,6700,94033,-0.020467836257309968
2020-10-28,6680,6870,6680,6860,39980,0.023880597014925398
2020-10-29,6700,6850,6680,6830,81844,-0.004373177842565634
2020-10-30,6830,6860,6550,6580,66664,-0.03660322108345537
2020-11-02,6650,6650,6460,6560,125880,-0.003039513677811523
2020-11-03,6590,6700,6540,6620,74623,0.009146341463414531
2020-11-04,6670,6840,6620,6770,85110,0.0226586102719033
2020-11-05,6800,6850,6720,6850,75181,0.011816838995568624
2020-11-06,6830,6910,6800,6840,31531,-0.0014598540145985828
2020-11-09,6840,7520,6840,7420,484398,0.08479532163742687
2020-11-10,7440,7450,7220,7290,105818,-0.01752021563342321
2020-11-11,7290,7440,7180,7410,143113,0.016460905349794164
2020-11-12,7420,7780,7340,7560,307718,0.020242914979757165
2020-11-13,7530,7620,7370,7520,89697,-0.005291005291005346
2020-11-16,7560,8340,7560,8250,641340,0.09707446808510634
2020-11-17,8440,8690,8130,8170,697012,-0.009696969696969648
2020-11-18,8490,9910,8390,8800,2260087,0.07711138310893517
2020-11-19,8900,9220,8710,9000,450746,0.022727272727272707
2020-11-20,9030,9200,8690,8800,303651,-0.022222222222222254
2020-11-23,8690,9470,8690,9350,512113,0.0625
2020-11-24,9460,9620,9200,9400,324047,0.005347593582887722
2020-11-25,9500,9740,9060,9250,356527,-0.015957446808510634
2020-11-26,9300,9330,9060,9210,181247,-0.00432432432432428
2020-11-27,9300,9300,9010,9150,269709,-0.006514657980456029
2020-11-30,9230,9330,9100,9270,254971,0.013114754098360715
2020-12-01,9270,9290,9120,9210,116072,-0.006472491909385147
2020-12-02,9320,9630,9300,9320,262735,0.011943539630836053
2020-12-03,9430,10000,9270,9970,563679,0.06974248927038618
2020-12-04,10050,10550,9820,10000,448136,0.0030090270812437314
2020-12-07,10150,11150,10050,11000,815648,0.10000000000000009
2020-12-08,10800,10850,10300,10350,322177,-0.05909090909090908
2020-12-09,10400,10650,10300,10500,217392,0.01449275362318847
2020-12-10,10300,10850,10250,10500,179893,0.0
2020-12-11,10500,10650,10350,10350,196447,-0.014285714285714235
2020-12-14,10400,10600,10150,10300,152773,-0.004830917874396157
2020-12-15,10300,10300,10000,10050,167920,-0.024271844660194164
2020-12-16,10200,10450,10100,10450,185659,0.03980099502487566
2020-12-17,10350,10550,10100,10350,196488,-0.009569377990430672
2020-12-18,10400,10750,10350,10450,177099,0.009661835748792313
2020-12-21,10500,10550,10150,10400,104618,-0.004784688995215336
2020-12-22,10300,10400,10000,10050,167351,-0.033653846153846145
2020-12-23,10050,10150,9720,10100,149967,0.004975124378109541
2020-12-24,10100,10200,9970,10100,135274,0.0
2020-12-28,10150,10200,9950,10000,166634,-0.00990099009900991
2020-12-29,9950,10200,9850,9920,151003,-0.008000000000000007
2020-12-30,9900,10750,9860,10400,527685,0.048387096774193505
2021-01-04,10500,10800,10200,10700,271651,0.028846153846153744
2021-01-05,10450,11500,10450,11300,492148,0.05607476635514019
2021-01-06,11650,12800,11500,12000,716194,0.06194690265486735
2021-01-07,12050,12350,11900,12000,248005,0.0
2021-01-08,12100,12100,11550,11700,231625,-0.025000000000000022
2021-01-11,11600,11850,11100,11400,267957,-0.02564102564102566
2021-01-12,11350,11450,11050,11300,160168,-0.00877192982456143
2021-01-13,11450,11800,11350,11500,131008,0.017699115044247815
2021-01-14,11500,11550,11350,11450,104162,-0.004347826086956497
2021-01-15,11500,11500,10850,11050,226088,-0.03493449781659386
2021-01-18,10950,10950,10400,10550,134264,-0.04524886877828049
2021-01-19,10550,11150,10550,11050,212298,0.04739336492891
2021-01-20,11200,11200,10750,11100,202380,0.004524886877828038
2021-01-21,11000,11500,10500,11000,264321,-0.009009009009009028
2021-01-22,11000,11350,11000,11250,147032,0.022727272727272707
2021-01-25,11450,12000,11150,11850,407561,0.05333333333333323
2021-01-26,11800,11800,11250,11300,258557,-0.04641350210970463
2021-01-27,11300,11400,10850,11050,291540,-0.02212389380530977
2021-01-28,10650,10950,10600,10650,141448,-0.03619909502262442
2021-01-29,10900,11050,10500,10700,223718,0.0046948356807512415
2021-02-01,10650,11250,10500,11250,159205,0.051401869158878455
2021-02-02,11350,12700,11300,11950,817322,0.06222222222222218
2021-02-03,11850,12100,11750,12000,156344,0.004184100418409997
2021-02-04,12100,14300,12050,13850,2578280,0.15416666666666656
2021-02-05,13850,14000,13400,13450,847585,-0.028880866425992746
2021-02-08,13450,13600,12950,12950,395360,-0.03717472118959109
2021-02-09,13100,13650,13000,13050,555545,0.007722007722007707
2021-02-10,13150,13200,12550,12900,407879,-0.011494252873563204
2021-02-15,12900,13250,12700,13200,235434,0.023255813953488413
2021-02-16,13250,13900,13150,13550,378854,0.026515151515151603
2021-02-17,13700,14000,13550,13550,330675,0.0
2021-02-18,13450,13500,13050,13150,154332,-0.029520295202952074
2021-02-19,13200,13250,12600,13150,139420,0.0
2021-02-22,13150,13500,13100,13350,133538,0.015209125475285079
2021-02-23,13400,13400,12800,12950,218657,-0.029962546816479363
2021-02-24,12900,13000,11850,12000,416917,-0.07335907335907332
2021-02-25,12350,13650,12300,13600,924323,0.1333333333333333
2021-02-26,13150,13800,12700,13600,589151,0.0
2021-03-02,13900,13950,12650,12900,425521,-0.05147058823529416
2021-03-03,12750,13600,12750,13500,404512,0.04651162790697683
2021-03-04,13800,15000,13500,13600,1019410,0.007407407407407307
2021-03-05,13200,13550,12950,13300,296346,-0.022058823529411797
2021-03-08,13350,13950,13350,13600,349961,0.022556390977443552
2021-03-09,13850,14000,13300,13750,324181,0.011029411764705843
2021-03-10,13750,13800,13250,13350,201846,-0.029090909090909056
2021-03-11,13300,13500,12850,13250,182155,-0.0074906367041198685
2021-03-12,13300,13400,13100,13250,117681,0.0
2021-03-15,13250,13650,13000,13600,158334,0.026415094339622636
2021-03-16,13700,13850,13450,13550,116931,-0.003676470588235281
2021-03-17,13550,13650,13250,13600,106839,0.0036900369003689537
2021-03-18,13750,13800,13300,13350,161049,-0.018382352941176516
2021-03-19,13300,13600,13100,13550,107608,0.014981273408239737
2021-03-22,13650,14900,13550,14700,1114964,0.08487084870848705
2021-03-23,14700,15350,14500,14500,710237,-0.013605442176870763
2021-03-24,14500,14750,14050,14200,353787,-0.020689655172413834
2021-03-25,14350,15400,14200,15200,628316,0.07042253521126751
2021-03-26,15250,16400,15150,16000,874003,0.05263157894736836
2021-03-29,16100,17350,16100,17150,729742,0.07187499999999991
2021-03-30,17150,17300,16100,16200,576803,-0.055393586005830886
2021-03-31,16450,16800,16100,16700,305705,0.030864197530864113
2021-04-01,16700,16750,15700,16150,360997,-0.03293413173652693
2021-04-02,16150,16250,15600,16100,273833,-0.003095975232198178
2021-04-05,16150,17500,16150,17250,648324,0.0714285714285714
2021-04-06,17450,18100,17100,17900,987557,0.037681159420289934
2021-04-07,17900,18300,17500,17900,522813,0.0
2021-04-08,18050,19050,17800,18500,738448,0.033519553072625774
2021-04-09,18500,18700,17800,18100,400458,-0.021621621621621623
2021-04-12,18350,18400,17600,17850,247764,-0.013812154696132617
2021-04-13,17800,18750,17600,17750,595030,-0.0056022408963585235
2021-04-14,18150,18250,17600,18150,385161,0.022535211267605604
2021-04-15,18150,18600,17850,18300,323598,0.008264462809917328
2021-04-16,18600,18650,17850,18000,365211,-0.016393442622950838
2021-04-19,18000,18100,17600,17800,311277,-0.011111111111111072
2021-04-20,17800,18100,17650,17850,188847,0.002808988764045006
2021-04-21,17850,18200,17500,17900,353659,0.0028011204481792618
2021-04-22,18050,18900,17900,18900,431831,0.05586592178770955
2021-04-23,18900,20250,18500,20150,1134653,0.06613756613756605
2021-04-26,20250,20850,19750,20300,535008,0.007444168734491274
2021-04-27,20250,22600,20000,21300,1271652,0.049261083743842304
2021-04-28,21650,22050,20150,20400,876816,-0.04225352112676062
2021-04-29,20600,21350,20150,20750,666772,0.017156862745097978
2021-04-30,20850,21850,20250,21150,667781,0.01927710843373487
2021-05-03,21300,21350,19550,19750,587465,-0.06619385342789597
2021-05-04,20100,20700,19650,20150,552824,0.020253164556962133
2021-05-06,20250,21850,20200,21600,722021,0.07196029776674928
2021-05-07,21600,22700,21050,21900,833190,0.01388888888888884
2021-05-10,22200,22650,22000,22050,423078,0.006849315068493178
2021-05-11,22200,24350,22150,24050,980936,0.09070294784580502
2021-05-12,24000,25400,23000,24450,978232,0.016632016632016633
2021-05-13,23200,24200,21400,21550,945476,-0.11860940695296529
2021-05-14,22000,22250,20000,20250,986650,-0.06032482598607891
2021-05-17,21000,21600,20300,20800,638012,0.02716049382716057
2021-05-18,21200,23000,21050,22900,900610,0.10096153846153855
2021-05-20,22300,23250,21850,23000,612443,0.004366812227074135
2021-05-21,23200,23250,22000,22450,477918,-0.023913043478260843
2021-05-24,22500,23300,22050,22950,436362,0.022271714922049046
2021-05-25,23200,23250,22300,22400,294007,-0.023965141612200425
2021-05-26,22400,22400,20750,20950,668333,-0.0647321428571429
2021-05-27,21000,21750,20750,21100,423046,0.007159904534606243
2021-05-28,21700,21850,20950,21150,411659,0.0023696682464455776
2021-05-31,21400,21500,20100,20600,450635,-0.026004728132387744
2021-06-01,20650,21800,20650,21250,488818,0.031553398058252524
2021-06-02,21700,22050,21500,21550,399379,0.014117647058823568
2021-06-03,21550,21550,20850,21200,257935,-0.016241299303944357
2021-06-04,21350,21500,21000,21200,257738,0.0
2021-06-07,21200,21400,20150,20500,453665,-0.03301886792452835
2021-06-08,20400,20650,20000,20300,231830,-0.009756097560975618
2021-06-09,20600,21000,20100,20500,295827,0.009852216748768461
2021-06-10,20500,21200,20250,20700,311809,0.009756097560975618
2021-06-11,21250,21350,20850,21100,216251,0.019323671497584627
2021-06-14,21200,21850,20900,21750,343412,0.0308056872037914
2021-06-15,22100,22800,21250,21400,867499,-0.016091954022988464
2021-06-16,21750,22200,21500,22000,254852,0.028037383177569986
2021-06-17,22000,22150,21650,21850,174061,-0.006818181818181834
2021-06-18,21550,21650,21250,21450,330056,-0.01830663615560646
2021-06-21,20900,21200,20700,21150,276768,-0.013986013986013957
2021-06-22,21550,22900,21350,22850,1157877,0.08037825059101644
2021-06-23,23700,24150,22550,22650,776035,-0.008752735229759279
2021-06-24,22900,23450,22050,23400,500262,0.0331125827814569
2021-06-25,23850,25000,23150,24250,1100640,0.03632478632478642
2021-06-28,24400,25700,23750,25450,629205,0.04948453608247427
2021-06-29,25150,25200,24000,24150,692762,-0.05108055009823187
2021-06-30,24150,24350,23400,23650,539912,-0.020703933747411973
2021-07-01,23700,24000,23250,23600,295305,-0.0021141649048626032
2021-07-02,23650,24000,22950,23250,413017,-0.014830508474576232
2021-07-05,23250,23300,22700,22950,343985,-0.012903225806451646
2021-07-06,23050,23300,22750,22850,280293,-0.004357298474945481
2021-07-07,22650,22900,22050,22150,501313,-0.03063457330415753
2021-07-08,22200,23300,22100,22400,593342,0.011286681715575675
2021-07-09,21800,22250,21500,22250,381321,-0.006696428571428603
2021-07-12,22500,23200,22350,22450,435472,0.008988764044943753
2021-07-13,22650,22700,22200,22500,189551,0.00222717149220486
2021-07-14,22400,22400,21950,22100,197585,-0.01777777777777778
2021-07-15,21950,22250,21850,22150,246009,0.002262443438914019
2021-07-16,22400,22500,22000,22150,210951,0.0
2021-07-19,21950,22000,21350,21450,280969,-0.03160270880361171
2021-07-20,20750,21400,20700,21350,200332,-0.004662004662004615
2021-07-21,21550,21600,21000,21100,148571,-0.011709601873536313
2021-07-22,21250,21800,21100,21750,213442,0.0308056872037914
2021-07-23,22000,22600,21850,22100,344721,0.016091954022988464
2021-07-26,22350,22400,21600,21600,146745,-0.022624434389140302
2021-07-27,21800,22700,21700,22100,236386,0.02314814814814814
2021-07-28,21950,22300,21550,21850,119245,-0.011312217194570096
2021-07-29,21900,22150,21750,21900,78101,0.0022883295194509046
2021-07-30,21950,22500,21700,21850,170650,-0.0022831050228310223
2021-08-02,21950,22100,21300,21700,106814,-0.006864988558352381
2021-08-03,21700,21700,21050,21400,119188,-0.01382488479262678
2021-08-04,21500,21550,21150,21350,75406,-0.002336448598130869
2021-08-05,21300,21600,21250,21400,60971,0.0023419203747072626
2021-08-06,21500,21500,21100,21300,106863,-0.004672897196261627
2021-08-09,21300,21300,20750,21000,133222,-0.014084507042253502
2021-08-10,21000,21050,20600,20750,109838,-0.011904761904761862
2021-08-11,21100,21400,20700,20700,128756,-0.002409638554216831
2021-08-12,20950,21250,20650,20800,113148,0.004830917874396157
2021-08-13,20950,21150,19900,21150,305794,0.016826923076923128
2021-08-17,21350,21350,20150,20300,241818,-0.04018912529550822
2021-08-18,20350,21500,20300,21450,295543,0.05665024630541882
2021-08-19,21200,21550,20350,20550,177251,-0.04195804195804198
2021-08-20,20700,20950,19700,19900,281165,-0.031630170316301665
2021-08-23,20150,20950,19900,20500,192212,0.03015075376884413
2021-08-24,20700,21950,20700,21850,404950,0.06585365853658542
2021-08-25,21900,22250,21600,21800,202835,-0.0022883295194507935
2021-08-26,22000,22000,21100,21400,113001,-0.01834862385321101
2021-08-27,21300,21350,20950,21200,118464,-0.009345794392523366
2021-08-30,21500,22050,21100,21850,243829,0.030660377358490587
2021-08-31,21850,22400,21500,21950,108525,0.004576659038901587
2021-09-01,22100,22100,21750,22000,100173,0.002277904328018332
2021-09-02,22100,22450,21800,21900,168344,-0.004545454545454519
2021-09-03,22250,22250,21700,21900,81069,0.0
2021-09-06,22150,22250,21900,21950,100956,0.0022831050228311334
2021-09-07,22000,24150,22000,24150,1389154,0.10022779043280172
2021-09-08,24550,25250,23850,24650,1255347,0.020703933747411973
2021-09-09,24650,24700,23750,24350,616154,-0.012170385395537497
2021-09-10,24150,24550,22800,23300,465219,-0.043121149897330624
2021-09-13,23250,23600,22450,22750,275997,-0.023605150214592308
2021-09-14,22850,23050,22200,22900,289129,0.00659340659340657
2021-09-15,22900,22950,22300,22450,185008,-0.01965065502183405
2021-09-16,22800,23600,22800,23350,435098,0.04008908685968815
2021-09-17,23450,23550,23000,23550,184917,0.008565310492505418
2021-09-23,23050,23400,22000,22150,499074,-0.05944798301486198
2021-09-24,22300,22800,21800,22000,224839,-0.006772009029345383
2021-09-27,21850,21850,21250,21450,170548,-0.025000000000000022
2021-09-28,21500,21650,20450,20600,265021,-0.03962703962703962
2021-09-29,19950,21050,19800,20800,240652,0.009708737864077666
2021-09-30,20900,21000,20500,20650,104377,-0.007211538461538436
2021-10-01,20300,20900,20250,20550,106980,-0.004842615012106588
2021-10-05,20050,20450,19450,20050,177759,-0.024330900243308973
2021-10-06,20100,20400,18950,18950,151790,-0.054862842892768104
2021-10-07,19450,19800,18950,19350,109399,0.02110817941952514
2021-10-08,19750,20100,19300,19500,71629,0.007751937984496138
2021-10-12,19650,19700,19300,19300,61284,-0.01025641025641022
2021-10-13,19350,20450,19150,20150,178109,0.04404145077720201
2021-10-14,20500,20800,20000,20550,183562,0.01985111662531014
2021-10-15,20800,20850,20350,20800,81398,0.012165450121654597
2021-10-18,21000,21000,20250,20550,74497,-0.012019230769230727
2021-10-19,20550,20750,20050,20100,154465,-0.021897810218978075
2021-10-20,20200,20250,19600,19650,116311,-0.02238805970149249
2021-10-21,19800,19850,19300,19550,82060,-0.0050890585241730735
2021-10-22,19300,19500,18900,19150,152939,-0.020460358056266004
2021-10-25,19200,19400,18500,19350,118575,0.010443864229765065
2021-10-26,19550,19600,19300,19450,60152,0.0051679586563306845
2021-10-27,19500,19500,18850,19000,76295,-0.023136246786632397
2021-10-28,18850,19200,18850,18850,66427,-0.007894736842105288
2021-10-29,19150,19150,18500,18550,87458,-0.01591511936339518
2021-11-01,18500,18600,17500,17550,281275,-0.0539083557951483
2021-11-02,17550,17950,17500,17600,142588,0.002849002849002913
2021-11-03,17600,17850,17400,17550,111910,-0.0028409090909090606
2021-11-04,17650,17800,16650,16950,245201,-0.03418803418803418
2021-11-05,16750,16850,16200,16500,158172,-0.026548672566371723
2021-11-08,16450,16600,16100,16550,147803,0.003030303030302939
2021-11-09,16350,16750,16200,16450,108635,-0.0060422960725075026
2021-11-10,16250,16450,15750,15900,131663,-0.033434650455927084
2021-11-11,15600,16100,15550,15650,94119,-0.01572327044025157
2021-11-12,15650,16900,15650,16500,264624,0.054313099041533475
2021-11-15,16550,16950,16250,16550,122525,0.003030303030302939
2021-11-16,16550,16850,16000,16150,188683,-0.024169184290030232
2021-11-17,16350,16350,15400,15700,233262,-0.02786377708978327
2021-11-18,15700,16050,15400,16000,180082,0.019108280254777066
2021-11-19,15950,16350,15900,16250,160440,0.015625
2021-11-22,16200,16250,15700,16200,97346,-0.003076923076923088
2021-11-23,16400,16950,16300,16400,216553,0.012345679012345734
2021-11-24,16500,16550,15950,16100,63260,-0.018292682926829285
2021-11-25,16100,16100,15750,15800,59558,-0.018633540372670843
2021-11-26,15850,15900,15050,15200,140987,-0.03797468354430378
2021-11-29,14700,15050,14400,14750,193731,-0.02960526315789469
2021-11-30,14850,15000,13600,13950,257728,-0.05423728813559325
2021-12-01,13950,15200,13500,14800,294036,0.06093189964157708
2021-12-02,14600,15500,14450,15500,162436,0.04729729729729737
2021-12-03,15600,15900,15250,15550,101058,0.003225806451612856
2021-12-06,15300,15900,15250,15650,60326,0.006430868167202508
2021-12-07,15700,16450,15700,16200,139013,0.03514376996805102
2021-12-08,16350,16450,16000,16050,69019,-0.0092592592592593
2021-12-09,16150,16150,15750,15950,62854,-0.006230529595015577
2021-12-10,15900,16200,15800,16050,61306,0.006269592476489061
2021-12-13,15900,16400,15850,15900,63668,-0.009345794392523366
2021-12-14,15800,16050,15400,15600,78017,-0.018867924528301883
2021-12-15,15600,15900,15550,15550,42652,-0.0032051282051281937
2021-12-16,15700,15800,15350,15350,54387,-0.012861736334405127
2021-12-17,15500,16600,15450,16400,212075,0.0684039087947883
2021-12-20,16350,16350,15850,15850,107747,-0.03353658536585369
2021-12-21,15900,16000,15400,15650,119510,-0.012618296529968487
2021-12-22,15700,15900,15600,15600,78588,-0.0031948881789137795
2021-12-23,15650,15900,15650,15750,49708,0.009615384615384581
2021-12-24,15750,16000,15750,15750,43576,0.0
2021-12-27,15750,15850,15650,15650,57023,-0.006349206349206327
2021-12-28,15700,15850,15500,15800,65572,0.009584664536741228
2021-12-29,15700,15700,15400,15600,68313,-0.012658227848101222
2021-12-30,15650,15650,15400,15550,70211,-0.0032051282051281937
2022-01-03,15500,15900,15400,15900,71816,0.022508038585209
2022-01-04,15900,17300,15900,17200,342098,0.08176100628930816
2022-01-05,17350,17950,17050,17150,337882,-0.0029069767441860517
2022-01-06,17050,18250,17000,17750,474173,0.03498542274052485
2022-01-07,17800,18050,17250,17950,192907,0.011267605633802802
2022-01-10,17700,18200,17300,17450,153010,-0.027855153203342642
2022-01-11,17200,17500,16850,17100,121707,-0.02005730659025784
2022-01-12,17100,17500,17000,17450,84037,0.020467836257309857
2022-01-13,17450,17900,17300,17550,156118,0.005730659025787954
2022-01-14,17400,17600,16800,16850,139544,-0.03988603988603989
2022-01-17,16950,16950,16350,16450,70382,-0.023738872403560873
2022-01-18,16350,16500,15600,16000,172803,-0.027355623100303927
2022-01-19,15650,16500,15650,16100,108878,0.006250000000000089
2022-01-20,15900,16450,15800,16150,64925,0.0031055900621117516
2022-01-21,15850,15950,15250,15400,221265,-0.04643962848297212
2022-01-24,15200,15600,14700,14750,269133,-0.04220779220779225
2022-01-25,14750,15900,14450,15800,515756,0.07118644067796609
2022-01-26,15800,15950,15150,15750,219613,-0.0031645569620253333
2022-01-27,16000,17600,15850,16800,1123540,0.06666666666666665
2022-01-28,17300,18950,17050,18800,940315,0.11904761904761907
2022-02-03,19200,21100,18800,20950,845204,0.1143617021276595
2022-02-04,21350,21950,20000,20000,790127,-0.04534606205250602
2022-02-07,19800,19950,18500,19050,583172,-0.04749999999999999
2022-02-08,18900,19400,18300,18600,360049,-0.023622047244094446
2022-02-09,18650,20500,18500,20300,492344,0.09139784946236551
2022-02-10,20450,20550,19400,19400,348028,-0.044334975369458074
2022-02-11,19300,20000,19150,19400,284484,0.0
2022-02-14,19000,19550,18800,18900,198045,-0.02577319587628868
2022-02-15,18950,19150,17900,18100,302861,-0.042328042328042326
2022-02-16,18600,18750,17950,18350,318147,0.013812154696132506
2022-02-17,18600,19900,18550,19000,573484,0.03542234332425065
2022-02-18,18850,19450,18750,19250,266822,0.013157894736842035
2022-02-21,19250,21350,18950,21350,502167,0.10909090909090913
2022-02-22,21550,22900,21350,22600,765305,0.058548009367681564
2022-02-23,22850,23500,22400,22900,507336,0.01327433628318575
2022-02-24,22900,23300,22400,22900,401604,0.0
2022-02-25,22900,23350,22550,22800,379134,-0.004366812227074246
2022-02-28,23000,23800,22800,23700,293770,0.03947368421052633
2022-03-02,23700,25550,23500,25350,449069,0.06962025316455689
2022-03-03,25600,26600,25300,25850,460080,0.019723865877712132
2022-03-04,25850,26200,24600,25400,449851,-0.01740812379110257
2022-03-07,25400,26100,24950,25500,306109,0.003937007874015741
2022-03-08,25450,25650,24550,24850,264875,-0.025490196078431393
2022-03-10,25200,25550,24650,24700,315054,-0.006036217303822977
2022-03-11,24650,24750,22400,22500,457596,-0.08906882591093113
2022-03-14,22600,24350,22200,23400,423298,0.040000000000000036
2022-03-15,23200,23300,21300,21350,307850,-0.08760683760683763
2022-03-16,21550,21700,21050,21500,167002,0.007025761124121788
2022-03-17,21750,21750,20800,21200,181771,-0.013953488372092981
2022-03-18,21750,22100,20950,21500,204190,0.014150943396226356
2022-03-21,21450,21450,20550,21050,197213,-0.020930232558139528
2022-03-22,21250,21650,21100,21400,140082,0.016627078384798155
2022-03-23,21900,23200,21750,22150,418475,0.035046728971962704
2022-03-24,22250,22450,21700,22100,156297,-0.0022573363431150906
2022-03-25,22250,22300,21100,21300,232728,-0.03619909502262442
2022-03-28,21200,21200,20400,20900,169729,-0.018779342723004744
2022-03-29,20850,21050,20500,20850,111440,-0.0023923444976076125
2022-03-30,20700,20850,20350,20400,148291,-0.021582733812949617
2022-03-31,20650,20900,20500,20650,75150,0.01225490196078427
2022-04-01,20800,20850,20500,20500,52789,-0.007263922518159771
2022-04-04,20500,21650,20500,20700,244668,0.009756097560975618
2022-04-05,20800,20950,20400,20700,73829,0.0
2022-04-06,20700,20800,20300,20500,104132,-0.009661835748792313
2022-04-07,20450,21750,20450,20900,276436,0.019512195121951237
2022-04-08,21100,21100,20150,20500,174500,-0.019138755980861233
2022-04-11,20650,21450,20350,21250,205863,0.03658536585365857
2022-04-12,21050,21250,20500,21250,94181,0.0
2022-04-13,21300,21950,21100,21300,141880,0.0023529411764706687
2022-04-14,21500,22450,21250,21900,257888,0.028169014084507005
2022-04-15,21800,22450,21300,21550,164024,-0.01598173515981738
2022-04-18,21500,21500,21050,21200,74646,-0.016241299303944357
2022-04-19,21250,22150,21150,22050,201118,0.04009433962264142
2022-04-20,22200,22800,21650,22450,223390,0.018140589569161092
2022-04-21,22850,22900,22100,22350,122633,-0.0044543429844098315
2022-04-22,22050,22100,21350,22000,143354,-0.015659955257270708
2022-04-25,21550,22000,21300,21350,84475,-0.02954545454545454
2022-04-26,21650,21650,21000,21100,88875,-0.011709601873536313
2022-04-27,20600,21150,20250,21000,112257,-0.004739336492891044
2022-04-28,21200,22750,21200,22200,395799,0.05714285714285716
2022-04-29,22250,22600,21650,22300,143930,0.0045045045045044585
2022-05-02,21900,22450,21850,22300,106571,0.0
2022-05-03,22500,22500,21750,21750,109401,-0.024663677130044803
2022-05-04,21800,22250,21550,22150,86475,0.01839080459770126
2022-05-06,21700,21950,21400,21450,67103,-0.03160270880361171
2022-05-09,21350,21450,20450,20700,105742,-0.034965034965035
2022-05-10,20200,20650,19800,20450,54144,-0.012077294685990392
2022-05-11,20400,20600,20000,20050,50673,-0.019559902200488977
2022-05-12,20050,20550,19650,20000,51852,-0.0024937655860348684
2022-05-13,20000,20500,19950,20350,32675,0.01750000000000007
2022-05-16,20550,21150,20250,20400,107559,0.002457002457002533
2022-05-17,20400,20750,20300,20500,87339,0.004901960784313708
2022-05-18,20650,20750,19750,19800,160499,-0.034146341463414664
2022-05-19,19300,19900,19200,19700,85792,-0.005050505050505083
2022-05-20,19950,20500,19900,20150,78318,0.02284263959390853
2022-05-23,20100,20150,19500,19600,73716,-0.027295285359801524
2022-05-24,19650,19950,19400,19400,53495,-0.010204081632653073
2022-05-25,19450,19950,19350,19500,61289,0.005154639175257714
2022-05-26,19900,20050,19600,19750,49636,0.012820512820512775
2022-05-27,20000,20200,19900,20100,40475,0.017721518987341867
2022-05-30,20100,20250,20050,20100,29569,0.0
2022-05-31,20100,20400,19950,20300,41449,0.00995024875621886
2022-06-02,20150,20350,19850,20300,61759,0.0
2022-06-03,20750,20750,20250,20350,55034,0.0024630541871921707
2022-06-07,20350,20350,19600,19750,64066,-0.029484029484029506
2022-06-08,19750,19850,19600,19600,24878,-0.0075949367088608
2022-06-09,19600,19600,19200,19350,53239,-0.012755102040816313
2022-06-10,19350,19450,19100,19450,30732,0.0051679586563306845
2022-06-13,19150,19150,17900,18250,106415,-0.06169665809768643
2022-06-14,17650,18150,17250,17700,81587,-0.03013698630136985
2022-06-15,17700,17800,16700,16800,80473,-0.05084745762711862
2022-06-16,17350,17900,17050,17150,70630,0.02083333333333326
2022-06-17,16400,17200,16300,16950,61888,-0.011661807580174877
2022-06-20,16950,16950,15750,15900,91190,-0.06194690265486724
2022-06-21,15200,16100,15200,15900,60575,0.0
2022-06-22,16100,16450,14750,14750,122969,-0.07232704402515722
2022-06-23,14750,15000,14050,14200,76122,-0.037288135593220306
2022-06-24,14050,15450,14050,15200,87816,0.07042253521126751
2022-06-27,15450,15850,15300,15550,52812,0.023026315789473673
2022-06-28,15550,16050,15500,16000,39093,0.02893890675241151
2022-06-29,15900,16100,15650,16050,25495,0.0031250000000000444
2022-06-30,16100,16200,15450,15700,49434,-0.02180685358255452
2022-07-01,16000,16100,15400,15800,38637,0.006369426751592355
2022-07-04,15850,15950,15300,15300,40044,-0.03164556962025311
2022-07-05,15350,15900,15350,15750,21915,0.02941176470588225
2022-07-06,15900,15900,15050,15100,29608,-0.041269841269841234
2022-07-07,15250,15450,14900,15200,38480,0.0066225165562914245
2022-07-08,15300,15600,15200,15300,27451,0.006578947368421018
2022-07-11,15400,15600,15100,15400,22391,0.006535947712418277
2022-07-12,15450,15450,14900,15200,23650,-0.012987012987012991
2022-07-13,15100,15350,14800,15000,25426,-0.013157894736842146
2022-07-14,15300,15350,14750,14950,31993,-0.0033333333333332993
2022-07-15,14950,15300,14600,14900,34305,-0.0033444816053511683
2022-07-18,15000,15450,14950,15400,18537,0.033557046979865834
2022-07-19,15350,15700,15000,15700,28103,0.01948051948051943
2022-07-20,15950,16000,15550,15800,59944,0.006369426751592355
2022-07-21,15650,16550,15600,16400,67292,0.03797468354430378
2022-07-22,16300,16800,16050,16050,55895,-0.021341463414634165
2022-07-25,16100,16250,15700,15700,32499,-0.02180685358255452
2022-07-26,15650,16100,15550,15950,33400,0.015923566878981
2022-07-27,15950,16000,15550,15750,34555,-0.01253918495297801
2022-07-28,15850,16100,15800,15950,32876,0.012698412698412653
2022-07-29,15950,16300,15700,15750,64472,-0.01253918495297801
2022-08-01,15900,16300,15750,16050,50617,0.01904761904761898
2022-08-02,15900,16050,15500,15700,40538,-0.02180685358255452
2022-08-03,15550,15700,15400,15450,55257,-0.015923566878980888
2022-08-04,15550,15550,15200,15200,40467,-0.016181229773462813
2022-08-05,15200,15450,15150,15300,30991,0.006578947368421018
2022-08-08,15500,15650,15250,15550,62155,0.016339869281045694
2022-08-09,15550,15750,15400,15550,20661,0.0
2022-08-10,15550,16500,15300,16400,104260,0.05466237942122176
2022-08-11,16550,16800,16400,16550,98309,0.009146341463414531
2022-08-12,16350,16400,16000,16350,80742,-0.012084592145015116
2022-08-16,16850,17200,15200,15550,330224,-0.04892966360856266
2022-08-17,15750,16150,15400,15600,134204,0.003215434083601254
2022-08-18,15600,15600,15100,15400,63600,-0.012820512820512775
2022-08-19,15350,15500,15150,15200,44563,-0.012987012987012991
2022-08-22,15100,15100,14700,14750,46061,-0.02960526315789469
2022-08-23,14750,15100,14650,14800,47132,0.003389830508474523
2022-08-24,14750,15200,14750,14950,68631,0.010135135135135087
2022-08-25,15000,15150,14900,14950,37010,0.0
2022-08-26,15150,15400,15100,15350,55607,0.026755852842809347
2022-08-29,14850,14900,14550,14600,81552,-0.04885993485342022
2022-08-30,14600,14850,14500,14600,79967,0.0
2022-08-31,14450,14800,14350,14600,63497,0.0
2022-09-01,14550,14550,13850,13900,161356,-0.047945205479452024
2022-09-02,13900,14100,13700,13850,67220,-0.003597122302158251
2022-09-05,13850,13950,13700,13850,59078,0.0
2022-09-06,13700,14150,13700,14150,29401,0.02166064981949467
2022-09-07,14150,14150,13600,13800,36430,-0.02473498233215543
2022-09-08,13850,13950,13650,13650,38976,-0.010869565217391353
2022-09-13,13850,14650,13850,14450,189732,0.05860805860805862
2022-09-14,13900,14450,13850,14400,42216,-0.0034602076124568004
2022-09-15,14400,14500,14200,14300,31968,-0.00694444444444442
2022-09-16,14150,15100,14050,14800,128149,0.034965034965035
2022-09-19,14800,14800,14100,14200,60499,-0.04054054054054057
2022-09-20,14150,14450,14150,14250,33360,0.0035211267605634866
2022-09-21,14200,14650,14050,14200,42359,-0.0035087719298245723
2022-09-22,13950,14050,13650,13900,50008,-0.021126760563380254
2022-09-23,13800,14600,13750,13800,73795,-0.007194244604316502
2022-09-26,13450,13600,12550,12800,92148,-0.07246376811594202
2022-09-27,12800,12900,12350,12850,40018,0.00390625
2022-09-28,12750,12900,12100,12150,53964,-0.054474708171206254
2022-09-29,12500,12550,11900,11900,37083,-0.020576131687242816
2022-09-30,11500,12350,11050,12200,112458,0.025210084033613356
2022-10-04,12200,12800,12200,12750,43780,0.04508196721311486
2022-10-05,13150,13150,12250,12250,55151,-0.039215686274509776
2022-10-06,12400,12950,12200,12800,40756,0.044897959183673564
2022-10-07,12750,12850,12400,12650,25837,-0.01171875
2022-10-11,12450,12600,11650,12250,73469,-0.031620553359683834
2022-10-12,12100,12250,11850,12200,13470,-0.004081632653061273
2022-10-13,12200,12250,11850,11900,24106,-0.024590163934426257
2022-10-14,12000,12450,12000,12350,21839,0.037815126050420256
2022-10-17,12050,12600,12000,12550,12495,0.0161943319838056
2022-10-18,12650,12700,12450,12650,17622,0.007968127490039834
2022-10-19,12750,12950,12450,12650,23569,0.0
2022-10-20,12400,12750,12250,12550,18381,-0.007905138339920903
2022-10-21,12500,12600,12100,12300,28561,-0.019920318725099584
2022-10-24,12500,12600,12400,12400,20704,0.008130081300812941
2022-10-25,12400,12600,12200,12400,16370,0.0
2022-10-26,12400,12450,12050,12100,30537,-0.024193548387096753
2022-10-27,12300,12450,12200,12300,11150,0.016528925619834656
2022-10-28,12400,12400,12150,12150,14261,-0.012195121951219523
2022-10-31,12350,12500,12000,12250,39017,0.008230452674897082
2022-11-01,12250,12500,12050,12500,13802,0.020408163265306145
2022-11-02,12500,12950,12300,12600,51229,0.008000000000000007
2022-11-03,12400,12550,12200,12500,22314,-0.007936507936507908
2022-11-04,12300,12500,12200,12450,17276,-0.0040000000000000036
2022-11-07,12450,12900,12400,12750,20845,0.024096385542168752
2022-11-08,12750,12850,12650,12800,23851,0.0039215686274509665
2022-11-09,12800,13200,12650,12800,51620,0.0
2022-11-10,12800,13200,12600,12850,26121,0.00390625
2022-11-11,13350,13350,12850,13050,48698,0.015564202334630295
2022-11-14,13100,13250,12950,12950,53193,-0.007662835249042099
2022-11-15,12950,13200,12850,13200,61381,0.019305019305019266
2022-11-16,13050,13350,12950,13250,28485,0.0037878787878788955
2022-11-17,13250,13250,12800,13100,41208,-0.01132075471698113
2022-11-18,12950,13450,12950,13300,36263,0.01526717557251911
2022-11-21,13300,13300,12650,12950,55020,-0.02631578947368418
2022-11-22,12800,13000,12750,12900,35545,-0.0038610038610038533
2022-11-23,12900,13400,12900,13200,64879,0.023255813953488413
2022-11-24,13250,13350,13150,13200,17923,0.0
2022-11-25,13050,13350,12900,13150,40191,-0.0037878787878787845
2022-11-28,13250,13250,12750,12800,35253,-0.026615969581749055
2022-11-29,12700,12950,12650,12750,12368,-0.00390625
2022-11-30,12800,13000,12700,12950,23448,0.015686274509803866
2022-12-01,13000,13200,12950,13100,40589,0.01158301158301156
2022-12-02,13100,13150,12900,12900,13068,-0.01526717557251911
2022-12-05,12900,12950,12600,12650,17857,-0.019379844961240345
2022-12-06,12600,12700,12400,12500,23658,-0.011857707509881465
2022-12-07,12500,12600,12300,12500,21474,0.0
2022-12-08,12450,12500,12200,12300,26733,-0.016000000000000014
2022-12-09,12300,12400,12150,12200,42522,-0.008130081300813052
2022-12-12,12350,12350,12050,12150,25558,-0.004098360655737654
2022-12-13,12100,12250,12050,12150,23238,0.0
2022-12-14,12250,12350,12150,12250,26409,0.008230452674897082
2022-12-15,12250,12350,12150,12250,9550,0.0
2022-12-16,12150,12150,12000,12100,28469,-0.01224489795918371
2022-12-19,12100,12100,11850,12000,14002,-0.008264462809917328
2022-12-20,11900,12100,11650,11700,75881,-0.025000000000000022
2022-12-21,11700,11800,11600,11650,17790,-0.004273504273504258
2022-12-22,11650,11850,11500,11650,45867,0.0
2022-12-23,11550,11650,11300,11450,27874,-0.01716738197424894
2022-12-26,11450,11600,11350,11500,18636,0.004366812227074135
2022-12-27,11500,11800,11500,11800,19408,0.026086956521739202
2022-12-28,11600,11600,11300,11350,27746,-0.03813559322033899
2022-12-29,11300,11300,10800,10850,42206,-0.04405286343612336
2023-01-02,10850,11350,10550,10600,24565,-0.02304147465437789
2023-01-03,10450,10600,10100,10350,39260,-0.02358490566037741
2023-01-04,10350,10950,10200,10650,54438,0.02898550724637672
2023-01-05,10700,10850,10500,10550,29684,-0.009389671361502372
2023-01-06,10650,10900,10550,10750,21310,0.018957345971563955
2023-01-09,11050,11200,10800,11150,31208,0.037209302325581506
2023-01-10,11150,11300,11000,11250,32607,0.008968609865470878
2023-01-11,11250,11500,11250,11450,22497,0.01777777777777767
2023-01-12,11550,11550,11250,11400,32084,-0.004366812227074246
2023-01-13,11400,11600,11250,11350,65256,-0.004385964912280715
2023-01-16,11350,11500,11250,11350,27154,0.0
2023-01-17,11500,11600,11300,11450,36453,0.008810572687224738
2023-01-18,11450,11450,11150,11250,34063,-0.017467248908296984
2023-01-19,11200,11250,11050,11200,20312,-0.004444444444444473
2023-01-20,11200,11300,11050,11250,21574,0.0044642857142858094
2023-01-25,11400,11400,11100,11200,35275,-0.004444444444444473
2023-01-26,11140,11300,11140,11280,23402,0.0071428571428571175
2023-01-27,11400,12170,11370,12090,137017,0.07180851063829796
2023-01-30,12090,12240,11970,11980,50016,-0.009098428453267138
2023-01-31,11900,12370,11810,12260,49871,0.023372287145241977
2023-02-01,12270,12460,12120,12350,53286,0.007340946166394691
2023-02-02,12360,12740,12260,12420,55481,0.005668016194331882
2023-02-03,12420,12650,12310,12450,34043,0.0024154589371980784
2023-02-06,12450,12730,12050,12590,54383,0.011244979919678766
2023-02-07,12470,12650,12450,12620,37629,0.002382843526608447
2023-02-08,12580,13120,12500,13010,122489,0.030903328050713164
2023-02-09,12950,12950,12700,12830,43448,-0.013835511145272816
2023-02-10,12820,12890,12510,12870,43128,0.003117692907248726
2023-02-13,12770,13110,12700,12980,24745,0.008547008547008517
2023-02-14,12960,13660,12960,13410,121259,0.03312788906009234
2023-02-15,13400,13750,13300,13440,88053,0.0022371364653244186
2023-02-16,13450,13700,13340,13380,44397,-0.004464285714285698
2023-02-17,13440,13910,13290,13830,106183,0.03363228699551568
2023-02-20,13980,14430,13910,14240,116772,0.029645697758496015
2023-02-21,14580,14850,14050,14260,161313,0.001404494382022392
2023-02-22,14000,14340,13700,14070,67524,-0.013323983169705511
2023-02-23,14050,14050,13510,13700,64191,-0.026297085998578495
2023-02-24,13760,13900,13250,13410,71992,-0.02116788321167884
2023-02-27,13300,13330,12990,13200,43348,-0.015659955257270708
2023-02-28,13200,13340,13030,13180,31933,-0.0015151515151514694
2023-03-02,13220,13760,13220,13760,49507,0.04400606980273136
2023-03-03,13890,13890,13510,13580,28743,-0.013081395348837233
2023-03-06,13600,13600,13040,13050,65089,-0.03902798232695137
2023-03-07,12900,13230,12860,13110,33351,0.0045977011494253706
2023-03-08,13090,13190,12970,13140,22296,0.0022883295194509046
2023-03-09,13100,13100,12690,12690,36297,-0.03424657534246578
2023-03-10,12600,12750,12210,12300,36315,-0.030732860520094607
2023-03-13,12220,12250,11810,12060,45700,-0.019512195121951237
2023-03-14,11960,12080,11580,11650,37812,-0.033996683250414605
2023-03-15,11850,12180,11710,11740,29936,0.007725321888411907
2023-03-16,11790,11790,11400,11460,32362,-0.023850085178875657
2023-03-17,11500,11640,11390,11610,30126,0.01308900523560208
2023-03-20,11610,11800,11380,11550,32557,-0.0051679586563307955
2023-03-21,11600,11850,11540,11800,31877,0.02164502164502169
2023-03-22,11980,11980,11680,11750,30980,-0.004237288135593209
2023-03-23,11750,11750,11380,11400,66824,-0.029787234042553234
