Date,Open,High,Low,Close,Volume,Change
2015-11-06,37854,39384,35254,36785,3144621,
2015-11-09,37243,37587,33993,34415,459700,-0.064428435503602
2015-11-10,33649,35790,32693,32694,341823,-0.050007264274299024
2015-11-11,33112,34986,32883,34186,361458,0.045635284761730066
2015-11-12,34873,35485,34146,34950,207592,0.02234832972561862
2015-11-13,34335,34757,33342,33688,102459,-0.03610872675250354
2015-11-16,32348,33189,31277,32197,212769,-0.044259083353122786
2015-11-17,32653,32653,29862,32120,253180,-0.0023915271609156186
2015-11-18,32119,32463,31393,31394,67190,-0.022602739726027443
2015-11-19,31393,31889,30398,30820,175547,-0.018283748486972007
2015-11-20,30819,30895,30361,30476,75286,-0.0111615833874108
2015-11-23,30398,30398,28487,28947,342268,-0.05017062606641287
2015-11-24,28945,29862,28294,29673,225885,0.025080319204062507
2015-11-25,29251,29710,28792,29444,124802,-0.007717453577326228
2015-11-26,29556,30168,29059,30055,113945,0.020751256622741465
2015-11-27,30359,31353,30092,31164,158397,0.036899018466145295
2015-11-30,30743,31508,30589,31317,102273,0.0049095109742010035
2015-12-01,31315,31315,30550,30705,88796,-0.0195421017338826
2015-12-02,30626,30703,29403,30705,184808,0.0
2015-12-03,30552,30552,29940,29979,35114,-0.023644357596482646
2015-12-04,29823,30092,29288,29749,21209,-0.007672037092631534
2015-12-07,28295,29099,27951,28488,436199,-0.042387979427879974
2015-12-08,28946,29290,28716,28947,134398,0.01611204717775916
2015-12-09,28523,29364,28486,29100,48948,0.005285521815732164
2015-12-10,28907,29328,28716,29062,55875,-0.001305841924398643
2015-12-11,28754,30589,28754,30476,281819,0.048654600509256074
2015-12-14,29824,31852,29824,31011,231752,0.017554797217482543
2015-12-15,31009,31353,29710,30017,75622,-0.03205314243333013
2015-12-16,30551,30551,28905,30017,96833,0.0
2015-12-17,30971,31353,30283,31241,173061,0.04077689309391341
2015-12-18,31354,32043,31239,32044,192569,0.02570340257994297
2015-12-21,31621,32730,31621,32732,84938,0.021470478092622702
2015-12-22,32883,32883,31659,31738,78516,-0.03036783575705726
2015-12-23,32195,32195,30666,30973,90529,-0.024103598210347243
2015-12-24,30588,30932,29976,30323,126135,-0.020986020082006895
2015-12-28,30703,30971,29059,30591,110621,0.008838175642251755
2015-12-29,30435,30435,29595,29826,52751,-0.02500735510444252
2015-12-30,30015,30743,29443,30667,58932,0.028196875209548722
2016-01-04,30015,31278,29557,31279,71071,0.019956304822773774
2016-01-05,30703,31315,30626,30782,25591,-0.015889254771571992
2016-01-06,30779,30779,29938,30017,53671,-0.024852186342667837
2016-01-07,30437,30437,28678,28679,98157,-0.04457474098011127
2016-01-08,28255,29823,28103,29215,47239,0.018689633529760385
2016-01-11,29059,29633,28677,29291,30191,0.0026014033886700982
2016-01-12,28791,29251,27530,28641,116803,-0.022191116725273963
2016-01-13,28754,28869,28066,28220,110052,-0.014699207429908157
2016-01-14,28219,28524,27683,28412,81761,0.006803685329553444
2016-01-15,28447,28600,27224,27494,68352,-0.03231029142615793
2016-01-18,26994,27224,26612,26843,30562,-0.023677893358550972
2016-01-19,26346,26537,24013,24625,262021,-0.08262861826174417
2016-01-20,23935,24624,22329,22331,442954,-0.09315736040609135
2016-01-21,22941,24280,22406,23670,350278,0.0599614885137254
2016-01-22,24165,24814,23476,23938,146741,0.011322348964934559
2016-01-25,23553,25045,23553,24281,132949,0.01432868242960983
2016-01-26,25007,25313,24319,24625,100195,0.014167456035583337
2016-01-27,24852,25235,24471,25084,62571,0.01863959390862946
2016-01-28,24548,24968,24089,24281,106414,-0.03201243820762234
2016-01-29,24280,24280,23399,23479,103725,-0.03302994110621471
2016-02-01,23669,23936,22712,23594,110345,0.004897993952042157
2016-02-02,23018,24472,23018,24281,87521,0.029117572264135028
2016-02-03,24280,25082,23438,23861,106934,-0.01729747539228199
2016-02-04,22407,23324,21948,23326,883141,-0.022421524663677084
2016-02-05,23286,24548,22865,24167,251358,0.03605418845923003
2016-02-11,23783,24625,22483,24625,177644,0.018951462738445057
2016-02-12,24166,24931,23095,23900,217918,-0.029441624365482255
2016-02-15,23515,24623,23515,24396,83054,0.02075313807531387
2016-02-16,24434,25084,23248,24931,247406,0.021929824561403466
2016-02-17,25388,26000,24317,25620,311909,0.02763627612209696
2016-02-18,25847,26420,25732,26193,176605,0.022365339578454435
2016-02-19,26382,26382,25695,26079,95354,-0.004352307868514482
2016-02-22,26307,26383,25924,26232,101765,0.005866789370758019
2016-02-23,26382,26497,24967,25237,128897,-0.03793077157670022
2016-02-24,25695,25695,24776,25046,54436,-0.007568252961920985
2016-02-25,25235,25350,24624,24855,52320,-0.007625968218478052
2016-02-26,24852,25158,24699,24969,46698,0.004586602293301212
2016-02-29,24739,25543,24701,25467,59163,0.01994473146701914
2016-03-02,25313,25809,25159,25314,83639,-0.00600777476734593
2016-03-03,25427,27072,25350,26729,213524,0.055897922098443464
2016-03-04,26344,27530,26344,27226,116970,0.018594036439821826
2016-03-07,27913,27913,26613,27379,144725,0.005619628296481327
2016-03-08,27683,27683,26613,26996,70177,-0.0139888235508967
2016-03-09,26651,28487,26651,28412,184485,0.05245221514298404
2016-03-10,28410,29060,28104,29062,138348,0.02287765732788971
2016-03-11,28982,29938,28677,29940,135010,0.03021127245199917
2016-03-14,30169,30207,28792,29062,91536,-0.029325317301269194
2016-03-15,28792,29251,28028,28412,77836,-0.022365976188837622
2016-03-16,28409,28945,28256,28526,47134,0.004012389131353045
2016-03-17,28907,28907,27798,28220,84251,-0.010727056019070313
2016-03-18,28218,28829,27644,28832,99471,0.02168674698795181
2016-03-21,28984,28984,27722,28297,139158,-0.018555771365149853
2016-03-22,28294,28294,27453,28182,109313,-0.004064035056719817
2016-03-23,27951,29213,27836,29062,113449,0.031225604996096834
2016-03-24,28983,29443,28334,29062,129355,0.0
2016-03-25,29443,29443,28448,28679,91459,-0.013178721354345835
2016-03-28,28754,28869,27645,28297,93549,-0.013319850761881469
2016-03-29,27989,28333,27453,27761,180384,-0.018941937307841772
2016-03-30,27798,27951,27225,27532,95006,-0.008248982385360759
2016-03-31,27683,28219,27186,27188,155571,-0.012494551794275721
2016-04-01,27072,27607,26077,26690,215163,-0.01831690451669854
2016-04-04,26879,27299,26840,27149,78858,0.01719745222929947
2016-04-05,27148,27148,26231,26805,152528,-0.012670816604663182
2016-04-06,26803,26803,25732,26385,224598,-0.015668718522663716
2016-04-07,26231,26805,25924,26805,167967,0.015918135304149983
2016-04-08,26765,26803,25962,26767,102604,-0.001417645961574343
2016-04-11,26842,28066,26766,27914,184196,0.042851272088765935
2016-04-12,28027,28447,27490,27991,106976,0.002758472451099836
2016-04-14,28295,28334,27530,28220,114597,0.008181201100353697
2016-04-15,27913,28257,27301,27455,134146,-0.027108433734939763
2016-04-18,27072,27187,26422,27073,106799,-0.013913676925878748
2016-04-19,26803,27262,26688,26958,118372,-0.004247774535515059
2016-04-20,26917,26994,26191,26576,175831,-0.014170190666963456
2016-04-21,26306,26918,25617,25887,304461,-0.025925647200481627
2016-04-22,25963,26422,25809,26423,148009,0.020705373353420597
2016-04-25,26038,26726,26038,26652,98415,0.008666691897210699
2016-04-26,26766,26766,26346,26614,47742,-0.001425784181299683
2016-04-27,26268,26574,26115,26232,72199,-0.014353347862027466
2016-04-28,26229,26573,26153,26461,80276,0.008729795669411455
2016-04-29,26191,26344,25847,26002,70124,-0.017346283209251356
2016-05-02,25885,25923,24739,24855,128283,-0.044111991385278104
2016-05-03,25122,25198,24166,24625,120431,-0.009253671293502297
2016-05-04,24547,24891,23897,24205,91566,-0.017055837563451748
2016-05-09,24088,24240,23361,23479,100879,-0.029993802933278246
2016-05-10,23363,24625,23363,24625,161334,0.04880957451339496
2016-05-11,24625,24663,24166,24434,83878,-0.007756345177664992
2016-05-12,24394,24586,24012,24472,45156,0.0015552099533437946
2016-05-13,24471,26114,24280,26002,234270,0.06252043151356657
2016-05-16,26155,26996,26155,26423,174320,0.016191062225982655
2016-05-17,26841,26841,25695,26652,123987,0.008666691897210699
2016-05-18,26537,26574,25772,26346,101039,-0.011481314723097658
2016-05-19,26346,26346,25083,25122,103798,-0.04645866545206101
2016-05-20,24586,25542,24586,25390,73614,0.010667940450601154
2016-05-23,25235,25503,24739,24855,40269,-0.021071287908625447
2016-05-24,25045,25122,24394,24472,53491,-0.015409374371353812
2016-05-25,24701,25045,24548,24740,45762,0.010951291271657393
2016-05-26,24357,24739,24319,24549,55448,-0.007720291026677484
2016-05-27,24547,25158,24356,25161,68893,0.02492973237199081
2016-05-30,25005,25311,24585,24702,54785,-0.018242518182902123
2016-05-31,24700,24968,24586,24931,121537,0.009270504412598246
2016-06-01,24816,24853,24472,24549,67812,-0.015322289519072663
2016-06-02,24471,24585,24126,24205,60235,-0.014012790745040582
2016-06-03,24203,24203,23898,23976,41684,-0.009460855195207563
2016-06-07,24166,24281,23935,24091,69449,0.0047964631297965354
2016-06-08,24240,24240,23782,23861,67456,-0.009547133784400863
2016-06-09,23783,24472,23783,24472,85909,0.025606638447676078
2016-06-10,24395,24778,24166,24625,81701,0.006252043151356634
2016-06-13,24623,24623,24088,24129,49812,-0.020142131979695388
2016-06-14,24126,24126,23629,24014,64602,-0.0047660491524721404
2016-06-15,23898,23936,23477,23594,68841,-0.017489797618056135
2016-06-16,23629,24050,23629,24014,82869,0.017801135882003827
2016-06-17,24011,25464,24011,25352,211806,0.05571749812609306
2016-06-20,25390,25849,24739,25581,174976,0.009032817923635195
2016-06-21,25696,25963,25313,25505,70610,-0.002970955005668241
2016-06-22,25541,26000,25235,25734,126533,0.008978631640854662
2016-06-23,25809,25923,24852,25543,75746,-0.007422087510686293
2016-06-24,25541,25541,23820,24893,137569,-0.02544728497044202
2016-06-27,23936,24472,23936,24358,118903,-0.02149198569879085
2016-06-28,24088,24280,24011,24014,78010,-0.014122670169964713
2016-06-29,24242,24357,23898,24091,162506,0.0032064628966437247
2016-06-30,24242,24472,24166,24167,55053,0.003154705076584552
2016-07-01,24202,24280,24049,24129,56973,-0.0015723921049365375
2016-07-04,24089,24166,23821,24091,96173,-0.0015748684155995063
2016-07-05,24242,24242,23898,23976,78262,-0.0047735668922004315
2016-07-06,23898,24051,23363,23517,124976,-0.019144144144144115
2016-07-07,23706,23743,23515,23747,58123,0.009780159033890401
2016-07-08,23858,23935,23324,23555,58546,-0.008085231818756089
2016-07-11,23553,23553,23171,23249,88439,-0.012990872426236422
2016-07-12,23361,23476,22673,22714,255056,-0.023011742440535055
2016-07-13,22941,23285,22788,23173,85632,0.020207801355991872
2016-07-14,23171,23171,22865,22943,57944,-0.009925344150520043
2016-07-15,23095,23324,23018,23249,87924,0.013337401386043668
2016-07-18,23399,23399,22941,23211,75921,-0.0016344789023183814
2016-07-19,23399,23399,22941,23020,65326,-0.00822885700745335
2016-07-20,23133,23210,22865,23058,58536,0.0016507384882711307
2016-07-21,23210,23286,22942,22943,75398,-0.004987423020209936
2016-07-22,22978,22978,22559,22637,130656,-0.013337401386043668
2016-07-25,22790,22790,22445,22484,89975,-0.006758846136855623
2016-07-26,22520,22559,22291,22331,55098,-0.006804838996619766
2016-07-27,22291,22902,22291,22829,75959,0.02230083740092259
2016-07-28,23018,23859,22903,23823,216375,0.04354110999167715
2016-07-29,23897,24164,23552,23861,135045,0.0015950971749989495
2016-08-01,23975,25159,23975,25008,416535,0.04807007250324791
2016-08-02,25120,27644,25082,27149,768650,0.08561260396673065
2016-08-03,26995,27339,26613,27188,261926,0.0014365169987844428
2016-08-04,26803,26994,26459,26920,142478,-0.009857289980873873
2016-08-05,26765,26917,25923,26002,196477,-0.03410104011887072
2016-08-08,26192,26766,25618,26308,174818,0.011768325513421996
2016-08-09,26382,26994,26114,26843,167647,0.02033601946176078
2016-08-10,26995,28295,26957,28220,430776,0.05129829005699804
2016-08-11,28218,28523,27912,28450,236710,0.008150248051027598
2016-08-12,28294,28523,27682,28182,228333,-0.009420035149384831
2016-08-16,28181,28563,27607,28373,153886,0.006777375629834603
2016-08-17,27913,28142,25963,26346,569037,-0.07144115884820079
2016-08-18,26345,27071,25885,25887,182211,-0.017421999544522837
2016-08-19,25885,26191,25158,26079,115109,0.007416850156449106
2016-08-22,25696,25734,23324,23594,455337,-0.09528739598910996
2016-08-23,23860,23860,23133,23594,212541,0.0
2016-08-24,23592,23898,23095,23708,122284,0.004831736882258131
2016-08-25,23858,24049,23438,23479,61314,-0.009659186772397521
2016-08-26,23744,23744,23324,23632,51264,0.006516461518804029
2016-08-29,23630,23630,22942,22943,121215,-0.029155382532159768
2016-08-30,22978,23667,22978,23096,101716,0.006668700693021945
2016-08-31,23095,23401,22674,22943,107988,-0.006624523727052356
2016-09-01,23170,23170,22673,22829,128648,-0.004968835810486905
2016-09-02,23093,25312,22902,24778,519532,0.08537386657321822
2016-09-05,24508,24776,23667,24243,338270,-0.021591734603277124
2016-09-06,24240,24240,23438,23479,168663,-0.03151425153652598
2016-09-07,23630,23669,23133,23249,133293,-0.009795987904084535
2016-09-08,23284,23935,23284,23861,173754,0.02632371284786439
2016-09-09,23477,23592,23362,23441,59810,-0.017601944595783903
2016-09-12,23133,23286,22942,23058,78455,-0.016338893391920184
2016-09-13,23208,23247,22902,23020,73159,-0.0016480180414606416
2016-09-19,23286,23592,22980,23594,66180,0.024934839270199793
2016-09-20,23554,23707,23249,23402,38350,-0.008137662117487454
2016-09-21,23324,23860,23095,23708,53948,0.013075805486710612
2016-09-22,23860,23975,23554,23785,59603,0.003247848827399924
2016-09-23,23936,25772,23936,25467,472610,0.07071683834349374
2016-09-26,25580,25617,24739,25046,122657,-0.01653119723563823
2016-09-27,24930,25617,24547,25428,121417,0.015251936436956104
2016-09-28,25695,25732,25235,25620,101504,0.007550731477111938
2016-09-29,25388,25388,24471,25084,243010,-0.020921155347384812
2016-09-30,24623,25158,24623,24778,66811,-0.01219901132195822
2016-10-04,24548,24892,23935,24091,114680,-0.027726208733553914
2016-10-05,24049,24049,23706,23861,67786,-0.009547133784400863
2016-10-06,23860,23975,23248,23326,194107,-0.022421524663677084
2016-10-07,23324,23822,23171,23402,100248,0.0032581668524394036
2016-10-10,23476,24165,23476,23823,103995,0.0179899153918468
2016-10-11,23858,24088,23361,23479,141967,-0.014439827057885268
2016-10-12,23554,24166,23401,23900,87311,0.017930916989650436
2016-10-13,23935,24011,23552,24014,49162,0.004769874476987512
2016-10-14,24128,24128,23592,23708,45069,-0.012742566836012381
2016-10-17,23401,23745,23401,23708,41108,0.0
2016-10-18,23860,23936,23401,23708,62319,0.0
2016-10-19,23706,23706,23324,23479,42522,-0.009659186772397521
2016-10-20,23707,24012,23363,23517,118534,0.001618467566761872
2016-10-21,23477,24434,23401,24434,128940,0.03899306884381515
2016-10-24,24318,24318,23821,24091,101184,-0.014037816157812855
2016-10-25,24165,24433,23935,24205,121772,0.004732057614876828
2016-10-26,24203,24203,23477,23632,71794,-0.023672794877091508
2016-10-27,23706,23897,23552,23861,73541,0.009690250507786047
2016-10-28,23860,23860,23401,23785,85856,-0.003185113783998994
2016-10-31,23745,23860,23286,23326,61363,-0.019297876813117565
2016-11-01,23324,23669,23324,23632,66626,0.013118408642716295
2016-11-02,23401,23553,23210,23249,66586,-0.016206838185511163
2016-11-03,22827,23553,22827,23249,77157,0.0
2016-11-04,23248,23516,22980,23517,55365,0.011527377521613813
2016-11-07,23516,23669,23210,23402,45720,-0.0048900795169452005
2016-11-08,23592,23669,23057,23249,102355,-0.006537902743355306
2016-11-09,23361,23438,21908,22714,223136,-0.023011742440535055
2016-11-10,23170,23209,22635,22905,126412,0.008408910803909375
2016-11-11,22941,22941,22176,22331,134768,-0.025060030561012914
2016-11-14,22100,22826,22100,22714,123078,0.017151045631633055
2016-11-15,23018,23286,22407,22408,262581,-0.013471867570661211
2016-11-16,22519,22635,22253,22523,228465,0.00513209568011419
2016-11-17,22559,22559,22176,22178,170306,-0.01531767526528438
2016-11-18,22176,22559,22023,22178,167759,0.0
2016-11-21,22330,22330,21603,21758,146416,-0.01893768599513035
2016-11-22,21526,21794,20914,21414,300600,-0.015810276679841917
2016-11-23,21412,21795,21106,21261,138300,-0.007144858503782547
2016-11-24,21106,21489,20725,21184,183333,-0.0036216546728752297
2016-11-25,21221,21375,20647,21261,116268,0.003634818731117928
2016-11-28,21373,21373,20838,21031,99423,-0.010817929542354499
2016-11-29,21029,21258,20913,21146,104421,0.005468118491750218
2016-11-30,21144,21375,21030,21261,91163,0.005438380781235264
2016-12-01,21029,21105,20226,20266,255049,-0.046799303889751176
2016-12-02,20264,20532,19958,20381,83711,0.005674528767393605
2016-12-05,20341,20341,19576,19616,130933,-0.03753495903046955
2016-12-06,19577,19730,19080,19654,165387,0.0019371941272430249
2016-12-07,19652,19728,19117,19234,121509,-0.021369695736236927
2016-12-08,19310,19577,18964,19310,153528,0.0039513361755225684
2016-12-09,19193,19500,19155,19348,115498,0.0019678922837906843
2016-12-12,19537,19959,19346,19884,126125,0.02770312176969192
2016-12-13,19920,19959,19576,19807,111396,-0.003872460269563449
2016-12-14,19996,20226,19959,20075,85585,0.013530570000504838
2016-12-15,19997,20571,19922,20419,128820,0.017135740971357505
2016-12-16,20608,20608,20264,20381,83304,-0.0018610118027327927
2016-12-19,20187,20455,20034,20381,63244,0.0
2016-12-20,20495,20647,20304,20496,75139,0.005642510181050886
2016-12-21,20572,20763,20419,20496,52244,0.0
2016-12-22,20646,20646,19958,19999,70772,-0.02424863387978138
2016-12-23,20113,20151,19692,19846,64832,-0.0076503825191259756
2016-12-26,19844,19882,19653,19693,46585,-0.007709362088078153
2016-12-27,19691,19959,19653,19884,38465,0.009698877773828274
2016-12-28,19882,19960,19348,19654,65410,-0.011567089116877871
2016-12-29,19654,19692,19157,19195,85921,-0.023354024626030312
2017-01-02,18965,19080,18621,18623,162350,-0.02979942693409743
2017-01-03,18772,18887,18429,18584,153234,-0.002094184610427985
2017-01-04,18659,18926,18581,18699,127660,0.006188118811881083
2017-01-05,18774,19118,18659,19004,130664,0.016311032675544235
2017-01-06,19004,19041,18621,18737,162484,-0.01404967375289412
2017-01-09,18772,18849,18505,18584,119551,-0.008165661525324275
2017-01-10,18621,18697,18430,18661,126666,0.004143349117520456
2017-01-11,18697,18736,18506,18661,102926,0.0
2017-01-12,18544,19117,18544,18966,214774,0.016344247360805975
2017-01-13,18925,19193,18811,19081,169053,0.0060634820204577
2017-01-16,19194,19500,19040,19425,176288,0.018028405219852273
2017-01-17,19539,20304,19501,20228,212824,0.04133848133848139
2017-01-18,20227,20571,19882,20343,144167,0.0056851888471425305
2017-01-19,20379,20570,20187,20381,109496,0.0018679644103622994
2017-01-20,20493,20532,20034,20381,111951,0.0
2017-01-23,20341,20417,19805,20266,75773,-0.005642510181050997
2017-01-24,20074,20151,19539,19654,117711,-0.030198361788216666
2017-01-25,19728,19728,19346,19540,90656,-0.005800345985550015
2017-01-26,19501,19769,19501,19654,52611,0.0058341862845445736
2017-01-31,19654,19730,19386,19463,61451,-0.00971812353719348
2017-02-01,19462,19692,19386,19693,52040,0.011817294353388519
2017-02-02,19691,20302,19537,19999,125688,0.0155385162240389
2017-02-03,20073,20264,19614,19807,94687,-0.009600480024001157
2017-02-06,19805,19920,19576,19884,100994,0.0038875145150705226
2017-02-07,19960,20456,19730,20419,119993,0.02690605511969424
2017-02-08,20493,20532,20187,20381,85577,-0.0018610118027327927
2017-02-09,20341,20646,20264,20649,104225,0.013149501987144818
2017-02-10,20647,20725,20494,20534,87445,-0.0055692769625648175
2017-02-13,20610,20610,20227,20419,111883,-0.005600467517288377
2017-02-14,20647,21106,20303,20993,133314,0.028111073020226307
2017-02-15,20838,21182,20685,21031,158190,0.0018101271852521972
2017-02-16,21030,21030,20456,20534,108478,-0.023631781655651163
2017-02-17,20610,20992,20036,20496,208659,-0.0018505892665822143
2017-02-20,20265,20342,19997,20228,116753,-0.013075722092115494
2017-02-21,20227,20533,20151,20496,97481,0.013248961835080175
2017-02-22,20264,20570,20187,20457,137909,-0.0019028103044496092
2017-02-23,20455,21220,20418,20916,235725,0.02243730752309725
2017-02-24,20991,21029,20608,20649,104502,-0.0127653471026965
2017-02-27,20838,20876,20532,20572,90775,-0.003728994140152042
2017-02-28,20570,20799,20264,20763,114590,0.009284464320435504
2017-03-02,20838,20838,20342,20534,92055,-0.011029234696334878
2017-03-03,20151,20227,19232,19501,190570,-0.05030680822051237
2017-03-06,19041,19692,18927,19578,80346,0.003948515460745705
2017-03-07,19501,19654,19310,19501,55332,-0.003932986004699157
2017-03-08,19423,19463,19195,19310,56572,-0.009794369519511847
2017-03-09,19346,19843,19346,19616,49677,0.015846711548420434
2017-03-10,19501,20151,19501,20037,84780,0.02146207177814019
2017-03-13,20188,20762,20036,20687,179614,0.032439986025852185
2017-03-14,20761,21144,20455,20457,155409,-0.011118093488664327
2017-03-15,20456,20571,19769,19846,132657,-0.02986752700787021
2017-03-16,19843,20264,19652,20190,174433,0.017333467701299954
2017-03-17,20226,21641,19768,21490,502221,0.06438831104507181
2017-03-20,21602,22291,21488,21949,321227,0.021358771521637898
2017-03-21,21948,22330,21642,21758,149709,-0.008701990979087859
2017-03-22,21909,22062,21375,21834,106659,0.003492968103685934
2017-03-23,22100,22750,21832,22714,269723,0.04030411285151603
2017-03-24,22825,22902,22367,22829,147183,0.005062956766751725
2017-03-27,22790,23057,22368,22752,104474,-0.003372902886679241
2017-03-28,22902,22902,21946,22714,179457,-0.0016701828410689012
2017-03-29,22674,23018,22521,22790,115411,0.00334595403715765
2017-03-30,22788,23209,22559,22982,140317,0.008424747696358148
2017-03-31,23057,23324,22636,22790,74739,-0.00835436428509273
2017-04-03,22751,23248,22599,22943,77752,0.0067134708205354166
2017-04-04,22941,23400,22941,23364,104500,0.018349823475569904
2017-04-05,23247,23476,22903,23364,90420,0.0
2017-04-06,23401,23898,22942,23785,150181,0.018019174798835857
2017-04-07,23859,24280,23820,24205,108308,0.017658187933571545
2017-04-10,24394,24434,23324,23708,115099,-0.020532947738070684
2017-04-11,23707,24472,23707,24472,186965,0.0322254091445926
2017-04-12,24432,24891,24088,24893,159822,0.017203334423014027
2017-04-13,24699,24852,23897,23938,147636,-0.03836419877073871
2017-04-14,23935,24241,23285,24014,119861,0.003174868410059428
2017-04-17,24166,24357,23860,24167,55046,0.0063712834180060796
2017-04-18,23897,24165,23706,23823,57375,-0.014234286423635556
2017-04-19,23590,24088,23590,23670,53192,-0.006422364941443104
2017-04-20,23974,24317,23782,24205,115701,0.022602450359104242
2017-04-21,24202,24471,23858,24129,105211,-0.003139847139020824
2017-04-24,24280,24814,24280,24702,122497,0.023747357951013237
2017-04-25,24701,24968,24434,24740,91103,0.0015383369767629773
2017-04-26,24931,25696,24051,24549,263094,-0.007720291026677484
2017-04-27,24776,24776,23974,24587,199663,0.0015479245590450663
2017-04-28,24585,24852,24356,24778,123551,0.007768332858827831
2017-05-02,24852,25082,24814,24893,94324,0.004641213980143721
2017-05-04,25044,25503,24930,25428,143880,0.02149198569879074
2017-05-08,25617,25656,25235,25352,70967,-0.002988831209690068
2017-05-10,25350,25503,25006,25237,121506,-0.004536131271694499
2017-05-11,25235,25541,24852,25237,83694,0.0
2017-05-12,25236,25466,25045,25467,85890,0.009113603043150897
2017-05-15,25503,25503,24739,24969,113611,-0.019554717870184923
2017-05-16,24968,25045,24548,25008,111137,0.0015619368016339674
2017-05-17,24739,24931,24625,24931,56940,-0.0030790147152911507
2017-05-18,24547,25158,24547,25161,67731,0.009225462275881391
2017-05-19,25235,25235,24891,24969,51843,-0.007630857279122494
2017-05-22,25084,25543,24510,25467,148032,0.01994473146701914
2017-05-23,25312,25770,25312,25620,173962,0.00600777476734593
2017-05-24,25848,26728,25809,26729,240083,0.043286494925839136
2017-05-25,26765,26994,25617,26767,161758,0.0014216768304089467
2017-05-26,27071,27836,27032,27800,209906,0.03859229648447715
2017-05-29,27683,27761,27301,27455,120104,-0.012410071942446033
2017-05-30,27530,28103,27490,27991,109432,0.019522855581861176
2017-05-31,27988,28218,27490,27991,114293,0.0
2017-06-01,27722,27913,27187,27341,85017,-0.023221749848165496
2017-06-02,27338,28027,27338,27876,48943,0.01956768223547045
2017-06-05,27761,28181,27570,27914,63501,0.0013631797962405656
2017-06-07,27989,28792,27951,28679,169954,0.027405602923264327
2017-06-08,29060,29824,29022,29138,246637,0.016004742145820927
2017-06-09,27912,29097,27682,29100,2112758,-0.0013041389251149393
2017-06-12,28907,28907,27798,27914,321852,-0.04075601374570448
2017-06-13,28295,29251,28220,28564,256231,0.02328580640538802
2017-06-14,29175,29443,28793,29138,223658,0.02009522475843717
2017-06-15,29442,30321,29288,29826,350937,0.02361177843366047
2017-06-16,29823,30206,28294,30017,155851,0.006403808757459828
2017-06-19,30015,30283,29442,30132,184066,0.0038311623413398443
2017-06-20,30512,30512,30015,30208,128583,0.0025222354971459193
2017-06-21,30244,30474,28982,30399,191627,0.006322828389830448
2017-06-22,30397,30779,30206,30514,199502,0.0037830191782624034
2017-06-23,30589,30972,30169,30285,109065,-0.00750475191715283
2017-06-26,30321,30398,29060,29634,160505,-0.021495789995047088
2017-06-27,30015,30512,29862,30514,115656,0.029695619896065395
2017-06-28,30589,30743,29824,29979,114421,-0.017532935701645158
2017-06-29,30129,30321,29670,29826,98026,-0.005103572500750553
2017-06-30,29787,29902,29328,29711,126574,-0.0038556963722926607
2017-07-03,29978,30055,28792,29711,167071,0.0
2017-07-04,29479,29479,28141,28144,284813,-0.052741408905792486
2017-07-05,28142,28525,28104,28220,160669,0.002700397953382616
2017-07-06,28563,28983,28257,28679,138063,0.016265060240963747
2017-07-07,28983,29787,28640,29329,181907,0.02266466752676166
2017-07-10,29556,29594,28561,29023,98112,-0.010433359473558612
2017-07-11,29060,29557,29022,29329,111695,0.010543362161044678
2017-07-12,29442,29747,28868,29559,97935,0.007842067578164968
2017-07-13,29672,29939,29060,29062,138292,-0.01681382996718428
2017-07-14,29060,29290,28372,28679,116181,-0.013178721354345835
2017-07-17,28677,29021,28562,28717,60431,0.0013250113323337587
2017-07-18,28754,29328,28754,29138,83734,0.014660305742243196
2017-07-19,29442,29442,28753,29291,95245,0.0052508751458575365
2017-07-20,29594,29594,28905,29100,96831,-0.00652077429927278
2017-07-21,29288,29288,28677,29100,92013,0.0
2017-07-24,29290,29328,29099,29253,90206,0.005257731958762779
2017-07-25,29443,29634,28831,29062,122323,-0.006529244863774708
2017-07-26,29020,29020,27644,27991,200999,-0.03685224692037714
2017-07-27,27913,28563,27492,28373,99868,0.013647243756921945
2017-07-28,28372,28448,27683,27914,74727,-0.016177351707609366
2017-07-31,27569,27989,27301,27379,88708,-0.019166009887511604
2017-08-01,27339,28410,27339,28220,114256,0.030716972862412817
2017-08-02,28295,29213,28257,28947,91442,0.02576187101346572
2017-08-03,29404,29443,28028,28106,221438,-0.02905309703941683
2017-08-04,28984,29634,28601,28947,333636,0.02992243649042914
2017-08-07,29213,29251,28754,28947,117407,0.0
2017-08-08,29059,30244,29059,30208,446771,0.04356237261201512
2017-08-09,30093,30552,29749,29979,196399,-0.007580773305084776
2017-08-10,29824,30130,28869,29902,119985,-0.002568464591880981
2017-08-11,29443,29710,28754,29253,124797,-0.02170423383051301
2017-08-14,29364,29594,28753,29100,88660,-0.005230232796636258
2017-08-16,29060,29710,29060,29253,86060,0.005257731958762779
2017-08-17,29251,29710,28754,29711,115581,0.015656513861826094
2017-08-18,29442,29823,28868,29482,102490,-0.007707583050048816
2017-08-21,29480,29748,28678,29634,190302,0.0051556882165388895
2017-08-22,29672,29787,29060,29253,117089,-0.012856853614091945
2017-08-23,29404,29823,29364,29826,98028,0.019587734591324013
2017-08-24,29902,30361,29481,29597,102912,-0.0076778649500436336
2017-08-25,29710,29787,29251,29406,55184,-0.006453356759130946
2017-08-28,29443,29596,28983,29062,65237,-0.011698292865401583
2017-08-29,28944,29135,28677,29023,77645,-0.0013419585713302373
2017-08-30,29059,29097,28714,29100,73589,0.0026530682562107
2017-08-31,28830,29059,28523,28526,95097,-0.019725085910652917
2017-09-01,28523,29020,28523,28832,95513,0.010727056019070424
2017-09-04,27836,28638,27836,28067,84692,-0.026533018867924474
2017-09-05,28256,28830,28180,28794,93825,0.025902305198275632
2017-09-06,28677,29364,28332,29368,97072,0.01993470861985136
2017-09-07,29288,29633,29021,29368,76891,0.0
2017-09-08,29366,29710,29251,29597,68497,0.00779760283301556
2017-09-11,29595,30015,29442,29559,59828,-0.001283913910193557
2017-09-12,29634,29634,29099,29138,81811,-0.014242701038600813
2017-09-13,29251,29596,28678,29521,75949,0.013144347587342953
2017-09-14,29596,29672,28946,28947,67197,-0.019443785779614475
2017-09-15,28332,29288,28332,29176,58097,0.007911009776488065
2017-09-18,29173,29173,28639,28985,52213,-0.006546476556073433
2017-09-19,28677,28982,28486,28717,64336,-0.009246161807831665
2017-09-20,28754,28831,28372,28412,63113,-0.010620886582860312
2017-09-21,28409,28447,27721,27800,75708,-0.021540194284105363
2017-09-22,27568,27797,27071,27111,77679,-0.024784172661870496
2017-09-25,27108,27414,26306,26958,92139,-0.005643465751908772
2017-09-26,26231,27836,26231,27838,86701,0.03264337116996807
2017-09-27,27949,27949,27224,27494,36189,-0.012357209569653027
2017-09-28,27796,27796,26650,26767,80940,-0.02644213282898089
2017-09-29,26805,27530,26805,27532,76002,0.028579967870885792
2017-10-10,27530,27951,27301,27341,90363,-0.00693738195554261
2017-10-11,27185,27530,26879,26958,60944,-0.014008265974177925
2017-10-12,27301,27301,26728,26805,46641,-0.005675495214778503
2017-10-13,26688,27300,26153,26652,122991,-0.005707890318970343
2017-10-16,26918,26956,26306,26461,92986,-0.007166441542848512
2017-10-17,26689,26728,26155,26155,63391,-0.011564188806167608
2017-10-18,26229,26497,25923,26117,74379,-0.0014528770789523637
2017-10-19,26038,26459,25962,26461,50604,0.013171497492054929
2017-10-20,26346,26383,25504,25773,167268,-0.02600052908053363
2017-10-23,25770,25809,25082,25734,115037,-0.0015132115004073965
2017-10-24,25696,25886,25313,25696,72945,-0.0014766456827542962
2017-10-25,25848,26155,25618,25696,98046,0.0
2017-10-26,25696,26766,25657,26614,178145,0.03572540473225394
2017-10-27,26841,27453,26573,26767,154833,0.005748853986623503
2017-10-30,26919,27301,26766,26805,51096,0.001419658534763002
2017-10-31,26840,27108,26688,26958,80599,0.005707890318970232
2017-11-01,27148,27187,26040,26040,183332,-0.03405297128867124
2017-11-02,26077,26192,24472,24740,407271,-0.049923195084485394
2017-11-03,25005,25235,24547,25161,209843,0.017016976556184282
2017-11-06,25198,25390,24739,25199,159528,0.001510273836492937
2017-11-07,25235,26154,24891,26079,197996,0.03492202071510775
2017-11-08,26076,26306,25580,25887,168669,-0.007362245484872854
2017-11-09,26000,26076,25617,25887,107863,0.0
2017-11-10,26154,26191,25617,25887,88082,0.0
2017-11-13,25962,26114,25847,25887,66035,0.0
2017-11-14,25885,25923,25426,25811,83910,-0.0029358365202610814
2017-11-15,25847,26000,25541,25543,109256,-0.010383169966293404
2017-11-16,25543,25963,25390,25849,46937,0.011979798770700434
2017-11-17,26191,27223,26075,27149,294393,0.05029208093156412
2017-11-20,27339,28066,26805,27838,202716,0.02537846697852597
2017-11-21,27605,28103,26765,26958,135275,-0.03161146634097278
2017-11-22,27110,27264,26422,26690,103845,-0.009941390310853948
2017-11-23,26879,27683,26726,27685,124851,0.037279880104908125
2017-11-24,27875,27875,27225,27379,103384,-0.011052916741917995
2017-11-27,27760,27760,26804,27188,91293,-0.006976149603710846
2017-11-28,27187,28907,27187,28679,330838,0.05484037075180237
2017-11-29,29097,29556,28868,29215,298679,0.018689633529760385
2017-11-30,29404,29404,27797,28144,159112,-0.036659250385076114
2017-12-01,28141,28371,27224,27876,74009,-0.00952245594087553
2017-12-04,27837,27913,27301,27532,82442,-0.01234036447122977
2017-12-05,27683,27761,26919,27532,76185,0.0
2017-12-06,27339,27760,27072,27188,79730,-0.012494551794275721
2017-12-07,27072,27301,26537,26882,75061,-0.011254965425923191
2017-12-08,26728,26919,25963,26805,122510,-0.0028643702105498603
2017-12-11,26879,26917,26076,26193,95031,-0.022831561275881374
2017-12-12,26420,26459,25656,26002,82756,-0.007292024586721624
2017-12-13,26001,27033,25849,26882,107203,0.03384355049611565
2017-12-14,26957,27798,26537,27379,108132,0.018488207722639594
2017-12-15,27377,27492,26880,27379,49213,0.0
2017-12-18,27263,27263,26805,26805,38405,-0.020964973154607547
2017-12-19,26805,27072,26499,26882,71451,0.0028725983958217682
2017-12-20,26881,27530,26537,27532,76724,0.02417974853061522
2017-12-21,27454,27454,26842,27188,69787,-0.012494551794275721
2017-12-22,27108,27147,26573,27149,45304,-0.0014344563778136976
2017-12-26,27147,27530,26956,27149,42551,0.0
2017-12-27,26994,27185,26688,27035,27024,-0.004199049688754619
2017-12-28,27299,27299,26688,27035,32190,0.0
2018-01-02,27071,28141,26879,28144,116977,0.04102089883484372
2018-01-03,28142,28142,27301,27532,81168,-0.021745309835133564
2018-01-04,27301,27378,26268,26690,111378,-0.03058259479877956
2018-01-05,26690,26766,25963,26308,120290,-0.014312476582989841
2018-01-08,26344,26879,26344,26767,63565,0.017447164360650858
2018-01-09,26766,26805,26192,26308,54373,-0.01714798072253143
2018-01-10,26346,26460,26115,26232,53703,-0.0028888551011099217
2018-01-11,26268,26728,25733,26729,128711,0.018946325099115535
2018-01-12,26459,26765,26154,26270,69910,-0.01717235960941299
2018-01-15,26268,26766,26116,26690,83651,0.015987818804720222
2018-01-16,27071,27836,26879,27226,202565,0.020082427875608877
2018-01-17,27224,27224,26613,27073,87212,-0.005619628296481327
2018-01-18,27071,27224,26573,26576,109145,-0.01835777342739997
2018-01-19,26650,26994,26573,26843,99197,0.010046658639373929
2018-01-22,26918,26956,26573,26652,61498,-0.007115449092873427
2018-01-23,26651,26880,26613,26729,38794,0.002889088998949463
2018-01-24,26994,29364,26956,29215,403512,0.09300759474727816
2018-01-25,29443,29481,28792,29329,213227,0.0039021050830052584
2018-01-26,29097,30244,29097,30055,324916,0.02475365679020758
2018-01-29,30207,30857,29787,30093,229740,0.0012643486940608906
2018-01-30,30015,30552,29098,29444,145640,-0.021566477253846417
2018-01-31,29481,30130,29443,29521,110327,0.0026151338133406643
2018-02-01,30015,30053,29518,29826,60746,0.010331628332373555
2018-02-02,29824,30130,29672,29902,92463,0.0025481123851673892
2018-02-05,28982,29595,28447,29176,107788,-0.024279312420573906
2018-02-06,27836,30589,27798,29711,331107,0.018336989306279028
2018-02-07,30894,31774,29976,30132,334892,0.014169836087644327
2018-02-08,30894,31277,30397,31088,230468,0.0317270675693615
2018-02-09,30284,33649,30169,33459,557300,0.07626737004632012
2018-02-12,33611,34567,33458,33459,315168,0.0
2018-02-13,34605,34605,32501,32885,195049,-0.01715532442691059
2018-02-14,32884,33840,31967,32694,177943,-0.005808119203284168
2018-02-19,33457,33685,32692,32962,159868,0.008197222731999743
2018-02-20,32808,33305,32272,32503,89587,-0.013925125902554458
2018-02-21,33000,33000,32158,32503,54904,0.0
2018-02-22,32500,33610,32195,32273,169396,-0.007076269882780095
2018-02-23,32310,33419,31967,33268,126140,0.03083072537415177
2018-02-26,33916,33953,32233,32924,120967,-0.010340266923169361
2018-02-27,33000,33228,32272,32694,97617,-0.006985785445267845
2018-02-28,32883,33494,31391,33497,118167,0.024561081544014263
2018-03-02,32195,33152,32195,32312,78466,-0.03537630235543476
2018-03-05,32272,32310,31354,31585,61711,-0.02249938103490967
2018-03-06,31583,32003,31353,31547,56319,-0.0012031027386417703
2018-03-07,31584,32004,30437,30552,134748,-0.03154024154436241
2018-03-08,30971,31009,30053,30246,152371,-0.010015710919088816
2018-03-09,30971,32845,30703,32847,182956,0.08599484229319576
2018-03-12,33113,33113,31737,32312,127750,-0.01628763661826038
2018-03-13,32195,32309,31506,31814,71062,-0.015412230750185718
2018-03-14,31774,31774,31047,31738,47931,-0.0023888853963663914
2018-03-15,31469,32616,31317,32350,96980,0.019282878568277706
2018-03-16,32387,32884,32004,32885,124493,0.01653786707882543
2018-03-19,33112,33265,32309,33115,69747,0.006994070244792372
2018-03-20,33000,33000,31852,32235,99049,-0.026574060093613183
2018-03-21,32270,33303,31812,33153,151957,0.02847836202885068
2018-03-22,33457,33494,32768,32962,73681,-0.0057611679184387254
2018-03-23,32846,32846,31278,31661,76349,-0.03946969237303566
2018-03-26,31659,32692,31125,31891,85111,0.007264457850352235
2018-03-27,32348,32461,31736,31738,66258,-0.004797591797058742
2018-03-28,31737,32654,31622,31967,43509,0.007215325477345713
2018-03-29,32042,34222,32042,34224,219042,0.07060406043732592
2018-03-30,34260,36287,34260,36020,309367,0.05247779336138381
2018-04-02,36593,38314,35255,36556,304081,0.014880621876735223
2018-04-03,36171,37357,36018,37244,153047,0.01882043987307136
2018-04-04,37779,38238,35790,37474,177046,0.006175491354312168
2018-04-05,37624,37854,36630,36900,110008,-0.015317286652078765
2018-04-06,36630,37700,36286,36900,72264,0.0
2018-04-09,36900,36938,35752,36250,157632,-0.017615176151761558
2018-04-10,36248,37891,35904,36977,173401,0.020055172413793176
2018-04-11,36670,37205,36210,36671,84782,-0.008275414446818341
2018-04-12,36515,36783,34833,35026,144861,-0.044858334924054444
2018-04-13,36095,36095,34833,36059,94478,0.02949237709130359
2018-04-16,35982,37129,34949,37130,186657,0.029701322832025312
2018-04-17,37129,37473,36326,36632,104802,-0.013412335039051926
2018-04-18,37127,37127,36209,36518,69073,-0.003112033195020736
2018-04-19,36439,36515,35406,35485,124690,-0.028287419902513822
2018-04-20,35866,37243,35523,36747,143549,0.03556432295336065
2018-04-23,36860,36860,35789,35944,94148,-0.021852123982910143
2018-04-24,36173,36670,36058,36250,66628,0.008513242822167921
2018-04-25,35982,37166,35560,36824,91502,0.01583448275862076
2018-04-26,36554,37089,36095,36326,62923,-0.013523788833369577
2018-04-27,36401,36938,36173,36556,45824,0.0063315531575180994
2018-04-30,36554,37433,36439,37436,99281,0.024072655651603103
2018-05-02,37472,37512,36860,37321,81793,-0.0030719093920290597
2018-05-03,37129,37281,36364,36556,80833,-0.020497843037431962
2018-05-04,36630,38772,36630,38009,226252,0.039747237115658196
2018-05-08,39002,39079,36975,37397,182505,-0.01610144965666027
2018-05-09,38467,39766,37778,38545,325242,0.030697649544081163
2018-05-10,38695,39306,36936,37168,262571,-0.03572447788299393
2018-05-11,37434,38238,37166,37665,149816,0.01337171760654332
2018-05-14,37166,37625,36784,37015,130113,-0.01725740076994553
2018-05-15,37397,37702,36784,37397,102969,0.010320140483587759
2018-05-16,37320,37625,36707,37397,89900,0.0
2018-05-17,37395,37663,36362,36403,112759,-0.026579672166216595
2018-05-18,36326,36747,35943,36250,100646,-0.004202950306293474
2018-05-21,36325,36325,35675,36097,96913,-0.004220689655172416
2018-05-23,36210,36822,35408,36097,171242,0.0
2018-05-24,36324,37739,36018,37550,175353,0.04025265257500621
2018-05-25,37549,37625,36708,37474,106053,-0.002023968042609847
2018-05-28,37512,39232,37281,39004,213818,0.04082830762662115
2018-05-29,39079,39155,37779,38239,126699,-0.019613372987385858
2018-05-30,38313,38847,37854,38392,92162,0.0040011506577055655
2018-05-31,38849,39232,37472,39004,217681,0.015940821004375882
2018-06-01,39002,39614,37855,38239,110160,-0.019613372987385858
2018-06-04,37703,38621,37703,38315,59736,0.001987499673108628
2018-06-05,38619,39460,37739,38851,161938,0.013989299230066532
2018-06-07,39308,39767,38620,38698,111879,-0.00393812257084758
2018-06-08,38773,39155,38046,38621,93334,-0.0019897669130187756
2018-06-11,38696,38926,37779,37856,82112,-0.01980787654384919
2018-06-12,37891,39537,37891,38851,194254,0.026283812341504564
2018-06-14,38695,39001,37854,38774,92645,-0.001981930967027923
2018-06-15,38773,38773,36975,37588,208712,-0.03058750709238145
2018-06-18,36900,37588,34720,35600,191110,-0.052889219963818235
2018-06-19,35522,35522,33303,33306,337543,-0.06443820224719099
2018-06-20,33265,34641,33265,34262,243852,0.028703536900258175
2018-06-21,34335,34450,32424,32771,324094,-0.0435175996731072
2018-06-22,32578,33228,31393,32426,212146,-0.010527600622501576
2018-06-25,32806,34413,32271,33497,130199,0.033029050761734347
2018-06-26,33036,33457,32462,33038,76513,-0.013702719646535466
2018-06-27,33036,33036,31659,32082,254143,-0.028936376293964505
2018-06-28,31659,31812,30626,30897,204384,-0.036936599962595795
2018-06-29,31278,32693,30972,32159,171277,0.04084538952001804
2018-07-02,32463,32463,30820,30820,123444,-0.04163686681799805
2018-07-03,31583,32042,31162,31547,100994,0.02358857884490595
2018-07-04,31085,32653,31085,32465,124252,0.029099438932386645
2018-07-05,32195,32654,31431,31585,121355,-0.027106114276913562
2018-07-06,31583,31812,30703,31355,189057,-0.007281937628621171
2018-07-09,31621,32653,31544,32273,121984,0.02927762717269977
2018-07-10,32654,34108,32616,33650,243722,0.042667245065534765
2018-07-11,33151,35559,32653,35103,229484,0.04317979197622579
2018-07-12,35559,36668,35177,35485,222472,0.010882260775432195
2018-07-13,35675,36019,34795,35064,81408,-0.01186416795829226
2018-07-16,35100,35942,33876,33880,126866,-0.033766826374629244
2018-07-17,33916,36325,33916,35332,342010,0.04285714285714293
2018-07-18,35370,35523,33343,33535,194783,-0.05086040982678597
2018-07-19,33648,33876,32386,33229,161917,-0.009124794990308605
2018-07-20,32731,33458,32654,33382,100373,0.0046044118089620945
2018-07-23,33305,33650,31776,32312,151282,-0.03205320232460607
2018-07-24,32195,32998,32003,32847,140839,0.01655731616736822
2018-07-25,32500,33036,32500,32732,78352,-0.003501080768411158
2018-07-26,33152,33534,33152,33344,67101,0.018697299278993107
2018-07-27,33419,33419,32578,33382,44259,0.001139635316698584
2018-07-30,33228,33496,32272,32426,92454,-0.028638188245162066
2018-07-31,32195,33112,31965,32465,63471,0.0012027385431443438
2018-08-01,32960,33075,32654,32809,61474,0.01059602649006619
2018-08-02,32844,33342,32195,32388,66059,-0.012831844920601077
2018-08-03,32426,32463,31889,32312,63891,-0.002346548104236179
2018-08-06,32309,32424,31774,31814,72751,-0.015412230750185718
2018-08-07,31812,33151,31277,31814,215336,0.0
2018-08-08,31852,32501,31278,31661,210643,-0.00480920349531655
2018-08-09,31737,31775,31239,31317,135578,-0.010865102176178865
2018-08-10,31317,31545,30743,30744,164229,-0.018296771721429295
2018-08-13,30628,30628,29251,29597,176207,-0.037308092635961465
2018-08-14,29251,29978,29213,29406,155660,-0.006453356759130946
2018-08-16,28907,30207,28334,30170,137458,0.025981092294089736
2018-08-17,30551,31316,30168,31050,183663,0.02916804772953263
2018-08-20,31048,31048,30436,30476,82249,-0.01848631239935583
2018-08-21,30474,30818,30053,30208,99932,-0.008793804961281015
2018-08-22,30246,30361,29404,29521,88661,-0.022742319915254217
2018-08-23,29519,30130,29519,30093,116497,0.01937603739710725
2018-08-24,30093,30514,29749,30438,78253,0.011464460173462365
2018-08-27,30513,30743,29939,30667,97939,0.007523490373874786
2018-08-28,30743,31010,30436,30667,93687,0.0
2018-08-29,30666,30666,30474,30591,61889,-0.0024782339322398927
2018-08-30,30703,30703,29442,29559,304116,-0.033735412376189045
2018-08-31,29596,29902,29481,29902,114037,0.011603910822422847
2018-09-03,30131,30361,29902,30170,99915,0.008962611196575487
2018-09-04,30053,30282,29900,30246,56971,0.0025190586675505333
2018-09-05,30207,30207,29824,30093,62305,-0.005058520134893829
2018-09-06,29863,30015,29328,29521,161163,-0.019007742664406968
2018-09-07,29443,29902,29365,29711,71668,0.00643609633819997
2018-09-10,29749,29825,28295,28373,297626,-0.04503382585574367
2018-09-11,28678,29443,28525,29253,153380,0.031015401966658418
2018-09-12,29060,29978,28640,29329,115005,0.0025980241342768995
2018-09-13,29251,29481,29099,29253,86321,-0.0025912918953936437
2018-09-14,29517,29556,29135,29215,56710,-0.0012990120671384497
2018-09-17,29213,29328,28525,28756,68018,-0.015711107307889827
2018-09-18,28753,28945,28447,28450,82090,-0.010641257476700527
2018-09-19,28562,29136,28523,28985,54115,0.018804920913884082
2018-09-20,29022,29022,28448,28564,84027,-0.014524754183198207
2018-09-21,28601,28907,28563,28679,28556,0.004026046772160674
2018-09-27,28678,28907,28181,28220,98391,-0.016004742145821038
2018-09-28,28257,28678,27989,28679,106693,0.016265060240963747
2018-10-01,28677,28753,27912,28067,98586,-0.021339656194428014
2018-10-02,27605,27988,26765,27149,174184,-0.032707450030284635
2018-10-04,27148,27454,26537,27188,92577,0.0014365169987844428
2018-10-05,27072,27454,26192,27188,106657,0.0
2018-10-08,26996,27148,26383,26614,56822,-0.021112255406797065
2018-10-10,26153,26344,25158,25352,125301,-0.04741865183737881
2018-10-11,24931,24931,23821,24167,149310,-0.046741874408330664
2018-10-12,23667,24471,23629,24243,205263,0.003144784209873075
2018-10-15,24394,24472,23248,23517,150035,-0.029946788763766885
2018-10-16,23286,24012,23248,23976,94156,0.019517795637198576
2018-10-17,24280,24280,23552,23861,59606,-0.004796463129796424
2018-10-18,23706,24165,23552,23938,84974,0.0032270231758937395
2018-10-19,23706,25082,23668,25046,119791,0.046286239451917455
2018-10-22,25273,25350,24508,24855,99719,-0.007625968218478052
2018-10-23,25084,25122,24128,24167,85864,-0.027680547173606906
2018-10-24,24357,25350,24357,25199,175667,0.04270285927090667
2018-10-25,24317,24585,23935,24587,133510,-0.024286678042779508
2018-10-26,24585,24699,22978,23670,147652,-0.037296132102330515
2018-10-29,23018,23669,21795,22025,127581,-0.06949725390790029
2018-10-30,21106,22827,21106,22484,113194,0.020839954597048793
2018-10-31,22483,24357,22483,23517,120364,0.045943782245152054
2018-11-01,24088,24967,23629,24205,122937,0.029255432240506973
2018-11-02,24852,26306,24814,25620,248922,0.058458996075191116
2018-11-05,25885,25962,24814,25352,86329,-0.010460577673692462
2018-11-06,25350,27185,25082,26652,226363,0.051278005680025274
2018-11-07,27416,27989,26842,27379,264419,0.02727750262644446
2018-11-08,27722,28448,26651,26996,168961,-0.0139888235508967
2018-11-09,26918,27530,25885,27494,191075,0.01844717735960888
2018-11-12,27032,27606,26765,27608,82900,0.004146359205644767
2018-11-13,27300,27377,26650,26920,70451,-0.02492031295276731
2018-11-14,28028,29060,28028,28297,360634,0.05115156017830613
2018-11-15,28294,29442,27224,29368,164647,0.03784853518040787
2018-11-16,29366,29366,27875,28564,162914,-0.027376736584037054
2018-11-19,28141,28638,27377,27608,180620,-0.033468701862484296
2018-11-20,27530,27760,26689,26996,190642,-0.022167487684729092
2018-11-21,27759,28371,27453,27685,284190,0.02552229959994068
2018-11-22,27453,28371,27453,28067,135094,0.013798085605923882
2018-11-23,28294,29364,27377,29176,199993,0.03951259486229386
2018-11-26,29634,30284,29443,29902,241349,0.024883465862352683
2018-11-27,30053,30168,28600,29559,252085,-0.011470804628452957
2018-11-28,29747,29747,28639,28794,133264,-0.02588044250482091
2018-11-29,29365,29902,28831,29902,185731,0.03848023893866781
2018-11-30,29672,29902,29175,29597,76894,-0.010199986622968393
2018-12-03,29596,29749,28563,28947,118701,-0.021961685305943224
2018-12-04,28678,28831,28028,28603,162868,-0.011883787611842278
2018-12-05,28181,28257,27760,28029,58142,-0.020067825053316057
2018-12-06,28066,28219,27339,27379,75218,-0.02319026722323303
2018-12-07,27913,28257,27645,27761,60310,0.013952299207421692
2018-12-10,27683,27761,25849,26499,169989,-0.04545945751233749
2018-12-11,26956,26956,26076,26079,72798,-0.015849654703951055
2018-12-12,26192,26766,26192,26423,58310,0.01319068982706395
2018-12-13,26460,27110,26383,26805,52604,0.01445710176739956
2018-12-14,26919,26995,25886,26155,55301,-0.024249207237455717
2018-12-17,26000,26191,25082,25237,156283,-0.035098451538902675
2018-12-18,25121,25656,24967,25237,122786,0.0
2018-12-19,26000,26535,25770,26461,230534,0.048500217933985734
2018-12-20,26229,27530,25656,27226,187225,0.028910472015418964
2018-12-21,27455,27455,26574,26882,102586,-0.012634981267905632
2018-12-24,26765,26765,25809,26079,99212,-0.029871289338590845
2018-12-26,25580,26114,25389,26079,87804,0.0
2018-12-27,26077,26383,25656,26155,52077,0.002914222171095604
2018-12-28,26155,26346,25466,25658,99351,-0.019002102848403757
2019-01-02,25695,25962,25426,25887,86679,0.00892509158936794
2019-01-03,25466,25772,23936,24625,175431,-0.048750338007494065
2019-01-04,24472,24472,23745,23976,208556,-0.026355329949238615
2019-01-07,23975,25809,23783,25696,199625,0.07173840507173845
2019-01-08,25849,26268,24892,25658,58252,-0.001478829389788272
2019-01-09,25695,26153,25695,26002,46554,0.013407124483591826
2019-01-10,25579,25962,25197,25352,104222,-0.02499807707099455
2019-01-11,25390,25849,25160,25849,76674,0.019603976017671165
2019-01-14,25694,25809,25273,25734,76880,-0.0044489148516383414
2019-01-15,25427,25618,25274,25505,85197,-0.008898733193440589
2019-01-16,25312,25579,25044,25161,112256,-0.01348755146049796
2019-01-17,24931,25313,24777,24931,104356,-0.00914113111561543
2019-01-18,24891,25082,24508,24587,99413,-0.013798082708274872
2019-01-21,24509,24700,24357,24472,102007,-0.004677268475210439
2019-01-22,24509,24739,24472,24472,54440,0.0
2019-01-23,24701,24892,24548,24740,54626,0.010951291271657393
2019-01-24,24777,25465,24739,25314,106903,0.023201293451899696
2019-01-25,25464,25503,24967,25237,77532,-0.0030417950541202776
2019-01-28,25464,25464,24930,25046,84270,-0.007568252961920985
2019-01-29,25045,25083,24509,24663,91639,-0.015291862972131254
2019-01-30,24509,25198,24509,24931,62456,0.010866480152455171
2019-01-31,25158,25273,24815,25046,88965,0.0046127311379406954
2019-02-01,25198,25274,24968,25122,78416,0.003034416673321161
2019-02-07,25121,25426,24891,25352,72807,0.009155322028501
2019-02-08,25350,25390,24931,25122,57018,-0.009072262543389109
2019-02-11,25198,25198,24891,25046,33264,-0.0030252368442003075
2019-02-12,25044,25235,24699,25161,73991,0.004591551545156891
2019-02-13,25159,26192,25007,25964,244456,0.03191447080799659
2019-02-14,26153,26420,25732,26002,100533,0.0014635649360652536
2019-02-15,26000,26076,25464,25620,93929,-0.014691177601722893
2019-02-18,25849,26040,25504,25849,86998,0.008938329430132619
2019-02-19,26191,27377,26114,27226,382878,0.05327091957135677
2019-02-20,27225,27645,26651,27379,249634,0.005619628296481327
2019-02-21,27377,28523,26803,28182,200404,0.029329047810365605
2019-02-22,28372,28601,27951,28297,199165,0.004080618834717109
2019-02-25,28562,28677,27797,28450,168066,0.0054069335972011245
2019-02-26,28868,30129,28753,29559,443278,0.03898066783831289
2019-02-27,29556,29976,28868,29482,178213,-0.002604959572380716
2019-02-28,29481,29863,28869,28870,157568,-0.020758428871853973
2019-03-04,28946,30093,28946,29979,203628,0.038413578108763335
2019-03-05,29634,29978,28716,29138,164659,-0.028052970412622114
2019-03-06,28716,28869,28028,28297,179968,-0.028862653579518116
2019-03-07,28064,29364,27949,29215,147750,0.03244160158320675
2019-03-08,28907,29634,28334,29062,158246,-0.005237035769296572
2019-03-11,29364,29404,28218,29368,133990,0.010529213405822135
2019-03-12,29365,29365,28372,29062,126431,-0.010419504222282772
2019-03-13,28982,28982,27988,28067,98542,-0.034237148165989995
2019-03-14,27759,28905,27682,28909,134904,0.029999643709694768
2019-03-15,28600,29327,28141,29291,127896,0.013213878031062887
2019-03-18,29976,30703,29938,30132,364198,0.028711891024546743
2019-03-19,30129,30741,29747,29749,168104,-0.012710739413248406
2019-03-20,30513,31163,29596,30744,309760,0.03344650240344205
2019-03-21,30552,30552,29213,30170,173140,-0.01867030965391625
2019-03-22,30131,30934,29596,30820,128827,0.021544580709313976
2019-03-25,30475,30704,29939,30093,68003,-0.02358857884490595
2019-03-26,30437,30437,29443,29711,110934,-0.012693981989166936
2019-03-27,29748,30589,29672,29902,103501,0.006428595469691434
2019-03-28,29902,30055,29022,29406,68527,-0.016587519229482983
2019-03-29,30129,30512,29326,30246,70575,0.028565598857376084
2019-04-01,30207,30820,29557,30629,77298,0.01266283144878666
2019-04-02,30550,30894,29785,29864,103087,-0.02497632962225338
2019-04-03,29594,30168,29517,29864,89045,0.0
2019-04-04,29863,30055,29481,29597,97123,-0.00894053040450038
2019-04-05,29748,29978,29443,29521,54137,-0.002567827820387225
2019-04-08,29902,29940,29596,29597,45319,0.0025744385352799437
2019-04-09,29251,29785,29251,29482,88874,-0.003885528938743832
2019-04-10,29481,30207,29290,30093,99826,0.020724509870429397
2019-04-11,30321,30971,29862,29940,156786,-0.0050842388595354615
2019-04-12,30321,35178,29978,31508,1300377,0.05237140948563801
2019-04-15,32119,35943,31354,32350,1477257,0.026723371842071852
2019-04-16,32732,32732,30361,30552,498917,-0.0555795981452859
2019-04-17,30359,31544,30359,30897,270904,0.011292223095050957
2019-04-18,31508,31737,30552,31126,147193,0.007411722820985789
2019-04-19,31278,32501,31278,31661,252526,0.017188202788665397
2019-04-22,32118,32270,30435,30514,158694,-0.03622753545371282
2019-04-23,30552,30589,29443,29902,212532,-0.020056367568984768
2019-04-24,29900,30053,29479,29864,112508,-0.0012708180054845641
2019-04-25,29978,29978,29557,29979,96180,0.0038507902491293766
2019-04-26,29634,30055,29443,29902,72880,-0.002568464591880981
2019-04-29,29901,30512,29901,30514,65725,0.020466858404120103
2019-04-30,30588,31468,30206,31241,136131,0.023825129448777682
2019-05-02,31967,31967,31125,31126,167290,-0.0036810601453218794
2019-05-03,32272,32616,30437,31126,280625,0.0
2019-05-07,30589,32119,30475,30820,176892,-0.009831009445479655
2019-05-08,30820,30857,29596,29597,250298,-0.03968202465931214
2019-05-09,29137,29557,28372,28373,208586,-0.04135554279149911
2019-05-10,28181,29099,28181,28488,103384,0.004053149120642807
2019-05-13,28064,29364,27873,28832,110033,0.012075259758494772
2019-05-14,28180,29136,28180,28985,55198,0.005306603773584939
2019-05-15,29251,29251,28448,28564,73891,-0.014524754183198207
2019-05-16,28562,28791,28447,28450,28359,-0.00399103766979414
2019-05-17,28487,29022,27569,27761,62422,-0.024217926186291705
2019-05-20,27760,28142,26766,26996,137980,-0.027556644213104664
2019-05-21,26995,26995,26001,26346,146964,-0.0240776411320196
2019-05-22,26689,26957,26383,26614,82476,0.0101723221741441
2019-05-23,27071,27262,26000,26270,97336,-0.012925527917637347
2019-05-24,26421,26689,25465,26538,137688,0.010201751046821528
2019-05-27,26155,26499,26040,26308,38184,-0.008666817393925719
2019-05-28,26040,28640,26040,27914,279941,0.06104606963661241
2019-05-29,27759,27759,26535,26576,94201,-0.04793293687755251
2019-05-30,26573,27109,25962,26079,77468,-0.018701083684527386
2019-05-31,25848,26192,25772,25964,63912,-0.004409678285210328
2019-06-03,25923,26956,25923,26920,104700,0.03682021260206447
2019-06-04,26918,28294,26765,28144,141931,0.0454680534918277
2019-06-05,27798,28563,27798,28220,59964,0.002700397953382616
2019-06-07,28256,28409,28027,28144,35810,-0.0026931254429483076
2019-06-10,28141,28181,27186,27379,98494,-0.027181637293916983
2019-06-11,27490,27530,26803,27226,85401,-0.005588224551663634
2019-06-12,27301,27301,26805,26882,98851,-0.012634981267905632
2019-06-13,26919,27033,26307,26423,122521,-0.017074622423926766
2019-06-14,26038,26382,25695,25811,144653,-0.023161639480755447
2019-06-17,25886,26537,25809,25849,76192,0.0014722405176088582
2019-06-18,25696,26230,25696,26155,48843,0.011837982126968072
2019-06-19,26155,26307,25963,26232,45746,0.002943987765245737
2019-06-20,26229,26306,25962,26079,58968,-0.005832570905763945
2019-06-21,26076,26076,25847,25887,47411,-0.007362245484872854
2019-06-24,25963,25963,25581,25658,42515,-0.008846138988681584
2019-06-25,25657,25924,25007,25199,93113,-0.017889157377815934
2019-06-26,25197,25426,24814,25084,75586,-0.004563673161633419
2019-06-27,24853,25390,24777,25314,54583,0.009169191516504638
2019-06-28,24891,25464,24891,25352,37285,0.0015011456111242438
2019-07-01,25390,25466,25122,25199,49292,-0.006035026822341472
2019-07-02,25236,25236,24357,24549,112579,-0.02579467439184091
2019-07-03,24853,24853,23439,23708,243487,-0.034258014583078755
2019-07-04,23707,23707,22712,22867,323793,-0.03547325797199252
2019-07-05,22598,23171,22407,22867,204056,0.0
2019-07-08,23057,23057,22215,22217,106025,-0.02842524161455373
2019-07-09,22023,22711,21946,22178,81567,-0.0017554125219426675
2019-07-10,21833,22560,21833,22408,105153,0.010370637568761776
2019-07-11,22137,22482,22061,22255,113545,-0.006827918600499805
2019-07-12,22253,22406,21794,21949,119248,-0.013749719164232732
2019-07-15,22137,22137,21335,21414,138468,-0.02437468677388488
2019-07-16,21411,21985,21182,21299,219047,-0.005370318483235215
2019-07-17,21144,21603,21144,21452,113638,0.007183435842058383
2019-07-18,21260,21680,21184,21261,100401,-0.00890359873205293
2019-07-19,21069,21528,20953,21528,102519,0.01255820516438555
2019-07-22,21335,21335,20952,21031,118863,-0.023086213303604608
2019-07-23,21067,21296,21029,21146,76212,0.005468118491750218
2019-07-24,21297,21297,20992,21069,59753,-0.003641350610044447
2019-07-25,21069,21184,20571,20878,87444,-0.009065451611372177
2019-07-26,20341,20685,20187,20457,111249,-0.020164766740109252
2019-07-29,20303,20380,19653,19693,137055,-0.03734662951556922
2019-07-30,19654,21527,19654,21069,191355,0.06987254354339112
2019-07-31,20686,21030,20036,20687,131350,-0.018130903222744355
2019-08-01,20456,20992,20265,20343,59257,-0.016628800696089296
2019-08-02,19805,20340,19728,19999,71976,-0.01690999360959544
2019-08-05,19615,19729,18889,18928,142047,-0.05355267763388172
2019-08-06,17971,19386,17665,18355,162080,-0.030272612003381272
2019-08-07,17588,18046,17205,17858,236879,-0.02707709071097797
2019-08-08,18239,18736,17971,18355,115260,0.02783066412812185
2019-08-09,18696,19117,18505,18584,102728,0.012476164532824852
2019-08-12,18200,18851,18200,18431,61454,-0.008232888506241931
2019-08-13,18237,18734,17969,18240,64436,-0.010362975421843612
2019-08-14,17971,18621,17895,17896,79748,-0.01885964912280702
2019-08-16,17818,17818,16976,17628,56273,-0.014975413500223467
2019-08-19,17628,18048,17321,17972,63111,0.01951440889493994
2019-08-20,18009,18583,17971,18164,115478,0.01068328511017147
2019-08-21,18161,19040,18161,18584,232432,0.023122660207002932
2019-08-22,18698,18850,18353,18355,72431,-0.012322427894963406
2019-08-23,18048,18659,17436,18164,97969,-0.01040588395532549
2019-08-26,17971,17971,17589,17628,56932,-0.029508918740365542
2019-08-27,17933,17933,17512,17590,66326,-0.002155661447696855
2019-08-28,17588,17663,17435,17475,41036,-0.0065378055713473104
2019-08-29,17663,17779,17435,17475,45956,0.0
2019-08-30,17626,18772,17626,18317,101103,0.04818311874105863
2019-09-02,18160,18505,17969,18240,66420,-0.0042037451547742855
2019-09-03,18735,18735,18353,18584,111033,0.01885964912280702
2019-09-04,18506,18506,18086,18431,103311,-0.008232888506241931
2019-09-05,18659,18659,18239,18278,117935,-0.008301231620639116
2019-09-06,18430,18430,18009,18164,46609,-0.006237006237006182
2019-09-09,18315,18315,17895,17896,103354,-0.014754459370182826
2019-09-10,17895,18315,17665,18278,88003,0.02134555207867672
2019-09-11,18583,19348,18506,18814,170902,0.029324871430134625
2019-09-16,18390,18812,18122,18584,215907,-0.012224938875305624
2019-09-17,18583,19041,18392,19004,116261,0.022600086095566185
2019-09-18,19003,19231,18772,19042,75773,0.0019995790359923493
2019-09-19,19232,19348,18698,18814,120913,-0.011973532191996594
2019-09-20,18735,18887,18581,18699,66056,-0.006112469437652757
2019-09-23,18696,18811,18467,18508,73205,-0.010214449970586625
2019-09-24,18430,18583,18430,18546,41226,0.00205316619840068
2019-09-25,18545,18583,18277,18355,47656,-0.010298716704410626
2019-09-26,18353,18583,18315,18355,37209,0.0
2019-09-27,18392,18698,17895,18623,142380,0.014600926178153006
2019-09-30,18659,18811,18428,18699,100721,0.004080975138269771
2019-10-01,18811,19270,18772,18889,121480,0.01016097117492909
2019-10-02,18889,19004,18200,18355,93230,-0.028270421938694446
2019-10-04,18277,18353,17895,17972,88173,-0.020866248978479995
2019-10-07,17895,18239,17819,17972,66229,0.0
2019-10-08,17971,18123,17589,17628,129045,-0.019140885822390374
2019-10-10,17703,17818,17359,17437,109261,-0.010835035171318341
2019-10-11,17819,17819,17437,17590,91757,0.008774445145380616
2019-10-14,17664,19155,17626,19042,494625,0.08254690164866396
2019-10-15,18849,19767,18849,18889,172755,-0.008034870286734552
2019-10-16,19080,19538,19004,19501,202325,0.032399809412885894
2019-10-17,19691,19767,19423,19540,135385,0.001999897441156806
2019-10-18,19729,20456,19729,19769,233794,0.011719549641760585
2019-10-21,19805,20111,19576,19884,102626,0.005817188527492467
2019-10-22,19881,20034,19155,19272,165817,-0.030778515389257688
2019-10-23,19423,19423,18391,18470,185104,-0.04161477791614776
2019-10-24,18506,18888,18008,18661,176554,0.010341093665403367
2019-10-25,18811,18811,18085,18240,111514,-0.022560420127538672
2019-10-28,18009,18545,17818,18355,99512,0.006304824561403466
2019-10-29,18468,18736,18392,18623,62373,0.014600926178153006
2019-10-30,18621,18698,18430,18470,38426,-0.008215647317832753
2019-10-31,18239,18430,18162,18355,104726,-0.006226312939902501
2019-11-01,18199,18467,18160,18240,41374,-0.006265322800326878
2019-11-04,18239,18927,18239,18623,166713,0.020997807017543835
2019-11-05,18849,19959,18696,19234,307561,0.03280889223003802
2019-11-06,19501,19577,19080,19195,120848,-0.0020276593532286835
2019-11-07,19386,19998,19157,19463,198370,0.013961969262828777
2019-11-08,19461,19881,19078,19234,189937,-0.0117659148127216
2019-11-11,19156,19156,18506,18737,140499,-0.02583965893729856
2019-11-12,18621,19615,18621,19578,168733,0.044884453220899845
2019-11-13,19843,19881,19117,19234,101239,-0.017570742670344308
2019-11-14,19271,19347,18964,19119,61619,-0.005978995528751141
2019-11-15,19118,19463,18850,19310,80262,0.009990062241749031
2019-11-18,19310,19538,18927,19119,85977,-0.009891248058001012
2019-11-19,19080,19080,18812,18814,70071,-0.01595271719232172
2019-11-20,18773,18812,18162,18278,148685,-0.02848942277027744
2019-11-21,18353,18390,17779,17858,99977,-0.02297844403107563
2019-11-22,17817,18046,17549,17858,94928,0.0
2019-11-25,18734,19270,18581,19081,299284,0.06848471273378887
2019-11-26,18812,19501,18812,19387,236833,0.016036895340915125
2019-11-27,19231,19691,19194,19425,137661,0.00196007633981532
2019-11-28,19270,19614,19117,19348,55371,-0.0039639639639639235
2019-11-29,19346,19346,18925,19081,47471,-0.01379987595617116
2019-12-02,19155,19231,17894,18393,117115,-0.036056810439704434
2019-12-03,18392,18774,18277,18546,54599,0.008318381993149604
2019-12-04,18544,19002,18046,18889,95318,0.01849455408174272
2019-12-05,18659,19231,18659,18889,80485,0.0
2019-12-06,19156,19538,19041,19310,132616,0.022288104187622393
2019-12-09,19386,19423,19004,19387,90246,0.003987571206628626
2019-12-10,19118,19310,19004,19195,61432,-0.00990354361169854
2019-12-11,19346,19346,19040,19157,23955,-0.0019796822089085397
2019-12-12,19156,19310,19118,19310,48064,0.007986636738529063
2019-12-13,19310,19501,19310,19463,107274,0.007923355774210217
2019-12-16,19616,19616,19310,19463,71194,0.0
2019-12-17,19462,19806,19156,19693,98773,0.011817294353388519
2019-12-18,19845,24625,19769,21184,2896709,0.07571218199360175
2019-12-19,21335,22482,20302,20381,1027452,-0.03790596676737157
2019-12-20,20379,21144,20187,20649,304994,0.013149501987144818
2019-12-23,20570,20838,20302,20572,166873,-0.003728994140152042
2019-12-24,20570,20913,20455,20763,200393,0.009284464320435504
2019-12-26,20647,20801,20419,20610,140952,-0.007368877329865575
2019-12-27,20264,20876,20264,20649,115530,0.0018922852983989102
2019-12-30,20647,20801,20380,20496,87221,-0.007409559784977482
2020-01-02,20495,20838,20419,20687,70589,0.009318891491022718
2020-01-03,20838,20838,19499,20304,329080,-0.018514042635471517
2020-01-06,19806,19845,19232,19387,262226,-0.04516351457840817
2020-01-07,19386,19692,19386,19654,96943,0.01377211533501832
2020-01-08,19423,19654,18659,18814,260555,-0.04273939147247374
2020-01-09,19155,19537,19155,19348,137769,0.0283831189539705
2020-01-10,19501,19730,19348,19463,77714,0.00594376679760189
2020-01-13,19501,19845,19423,19769,157066,0.015722139444073413
2020-01-14,19960,19960,19386,19578,104337,-0.00966159138044409
2020-01-15,19539,19730,19501,19654,49512,0.0038819082643783975
2020-01-16,19806,19845,19463,19846,66312,0.009769003765136786
2020-01-17,19959,20073,19537,19616,74926,-0.011589237125869234
2020-01-20,19615,19769,18965,19004,187605,-0.03119902120717777
2020-01-21,19004,19195,18506,18623,167357,-0.02004841086087139
2020-01-22,18620,18735,18276,18393,154335,-0.012350319497395734
2020-01-23,18390,18390,17626,17934,271172,-0.0249551459794487
2020-01-28,17015,17130,16441,16557,394738,-0.07678153228504514
2020-01-29,16670,17166,16670,17093,155576,0.032373014434982084
2020-01-30,17091,17167,16594,16787,119867,-0.017902065172877735
2020-01-31,16785,17436,16594,16787,80191,0.0
2020-02-03,16364,16899,15216,16902,122121,0.006850539107642772
2020-02-04,16900,17627,16862,17513,146640,0.036149568098449825
2020-02-05,17665,17819,17437,17590,61269,0.004396733854850732
2020-02-06,17626,17970,17626,17934,107302,0.019556566230813033
2020-02-07,17970,17970,17588,17666,71077,-0.0149436823909892
2020-02-10,17549,17740,17473,17743,66307,0.004358655043586568
2020-02-11,17894,17931,17549,17743,64842,0.0
2020-02-12,17588,18238,17549,17934,178103,0.010764808656935188
2020-02-13,18085,18085,17626,17743,134152,-0.010650161704025884
2020-02-14,17740,17740,17435,17475,76251,-0.015104548272558138
2020-02-17,17205,17205,16785,16978,154310,-0.028440629470672385
2020-02-18,16898,17129,16746,16825,126131,-0.009011662151019006
2020-02-19,16824,17015,16441,16596,106680,-0.01361069836552753
2020-02-20,16632,16746,16133,16251,123754,-0.020788141720896602
2020-02-21,16058,16133,15522,15792,172566,-0.02824441572826286
2020-02-24,14987,15446,14605,14760,281141,-0.06534954407294835
2020-02-25,14873,15562,14530,15372,172911,0.04146341463414638
2020-02-26,15140,15675,14911,15678,122139,0.01990632318501162
2020-02-27,15408,16096,15293,15792,107794,0.0072713356295446285
2020-02-28,15754,15754,15256,15372,107011,-0.02659574468085102
2020-03-02,15371,18659,15217,15257,1905403,-0.007481134530314848
2020-03-03,15828,17740,15675,16328,1475785,0.07019728649144663
2020-03-04,16403,16785,15944,16596,237448,0.016413522782949608
2020-03-05,16555,17282,16555,16978,341985,0.023017594601108637
2020-03-06,16632,16900,16250,16557,179008,-0.0247967958534574
2020-03-09,16020,16555,15484,16328,190708,-0.013831008032856196
2020-03-10,15676,16288,15639,16022,170340,-0.018740813326800554
2020-03-11,16174,16326,15371,15372,140432,-0.040569217326176465
2020-03-12,15294,15332,14530,14607,231765,-0.049765807962529274
2020-03-13,12234,14681,12234,14186,306277,-0.02882179776819338
2020-03-16,14758,15293,14184,14377,234250,0.013463978570421586
2020-03-17,13765,14835,13612,14492,135902,0.007998887111358322
2020-03-18,14568,14874,13000,13193,242405,-0.08963566105437482
2020-03-19,12924,13191,9290,9559,591531,-0.27544910179640714
2020-03-20,9176,10857,8448,9674,1670248,0.012030547128360602
2020-03-23,8755,10093,8372,9177,658218,-0.05137481910274966
2020-03-24,9481,9595,9175,9406,387620,0.024953688569249177
2020-03-25,10132,12120,10018,11319,1412587,0.20338082075271102
2020-03-26,11853,14070,11700,12810,1514925,0.13172541743970312
2020-03-27,13841,14300,12120,12925,658544,0.008977361436377729
2020-03-30,12656,13077,11662,13001,338552,0.005880077369438963
2020-03-31,13228,13534,12769,12887,433545,-0.008768556264902694
2020-04-01,13230,14568,12579,12810,1049458,-0.005975013579576305
2020-04-02,12618,13000,12044,12543,319693,-0.020843091334894592
2020-04-03,12540,12655,12234,12581,195215,0.0030295782508171776
2020-04-06,12388,12924,12044,12810,514977,0.01820205071139025
2020-04-07,13344,13727,13077,13460,504328,0.050741608118657355
2020-04-08,13459,13994,12924,13880,362098,0.031203566121842385
2020-04-09,14223,14681,13916,14454,409202,0.04135446685878952
2020-04-10,14720,15140,14222,15028,504484,0.039712190397121816
2020-04-13,14798,14798,14070,14148,494596,-0.058557359595421854
2020-04-14,14032,14338,13955,14263,243318,0.008128357364998617
2020-04-16,14300,14606,13841,14416,251390,0.010727056019070424
2020-04-17,15180,15217,14530,14989,467634,0.03974750277469474
2020-04-20,15216,16670,15178,15410,1022563,0.0280872639935954
2020-04-21,15408,15599,14146,15142,555873,-0.017391304347826098
2020-04-22,15982,16632,15294,15372,544448,0.015189539030511234
2020-04-23,15867,15942,15446,15601,306714,0.014897215716887846
2020-04-24,15905,15942,15216,15334,248993,-0.017114287545670126
2020-04-27,15331,15522,15216,15410,244072,0.004956306247554387
2020-04-28,15523,15754,15294,15448,337349,0.0024659312134978073
2020-04-29,15639,15676,15371,15639,247891,0.012364060072501237
2020-05-04,15562,15562,15026,15181,286797,-0.029285759959076674
2020-05-06,15180,15294,14644,14722,306678,-0.03023516237402013
2020-05-07,14683,14798,14224,14683,208848,-0.0026490965901372343
2020-05-08,14682,14798,14567,14722,154152,0.0026561329428591574
2020-05-11,14376,14415,14224,14339,250445,-0.026015487026219253
2020-05-12,14146,14222,13228,13536,589012,-0.05600111583792455
2020-05-13,13305,13725,12999,13536,243628,0.0
2020-05-14,13305,13457,12998,13078,210760,-0.03383569739952719
2020-05-15,13115,13153,12541,12619,349457,-0.03509710964979351
2020-05-18,12655,13573,12617,13536,379779,0.07266819874791985
2020-05-19,16174,16174,14606,14798,1555870,0.0932328605200945
2020-05-20,14530,15026,14147,14683,383504,-0.007771320448709318
2020-05-21,15141,15180,14758,14989,352793,0.020840427705509867
2020-05-22,14069,14911,14069,14836,679521,-0.010207485489358903
2020-05-25,14528,14566,14222,14301,331905,-0.03606093286600165
2020-05-26,14147,14490,13955,14454,408540,0.010698552548772833
2020-05-27,15103,15141,14683,14989,780921,0.03701397537013973
2020-05-28,15257,15257,14530,14683,405719,-0.020414970978717695
2020-05-29,14415,14721,14376,14530,191657,-0.010420213852754934
2020-06-01,14529,14605,14299,14569,140244,0.0026841018582244303
2020-06-02,14568,14721,14530,14683,125220,0.007824833550689858
2020-06-03,14796,15408,14681,14951,809875,0.01825240073554446
2020-06-04,15484,15522,14758,15028,486489,0.005150157180121795
2020-06-05,15522,15943,15140,15295,1398321,0.017766835240883738
2020-06-08,15599,15599,14949,15142,351641,-0.010003269042170637
2020-06-09,15256,15409,15141,15181,277184,0.0025756174877822335
2020-06-10,15102,15102,14719,14760,270299,-0.027732033462881223
2020-06-11,14567,14644,14339,14416,237462,-0.023306233062330595
2020-06-12,13879,13954,13381,13918,339011,-0.03454495005549385
2020-06-15,13994,14185,13229,13307,235821,-0.04389998563011932
2020-06-16,13536,14224,13230,13842,173561,0.04020440369730216
2020-06-17,13841,13880,13306,13651,164208,-0.013798584019650395
2020-06-18,13650,13650,13344,13574,88675,-0.005640612409347323
2020-06-19,13610,13725,13382,13613,80779,0.002873139826138127
2020-06-22,13574,13917,13343,13880,193737,0.019613604642620963
2020-06-23,14635,14635,13712,14049,221247,0.012175792507204575
2020-06-24,14257,14257,13291,13503,519383,-0.038863976083707064
2020-06-25,13334,13376,12999,13294,122509,-0.015478041916611174
2020-06-26,13460,13712,13166,13629,131730,0.025199338047239284
2020-06-29,13418,14551,13041,13503,337390,-0.009244992295839749
2020-06-30,13670,13796,13334,13503,174839,0.0
2020-07-01,13545,13587,13250,13294,95308,-0.015478041916611174
2020-07-02,13418,16312,13250,14216,1273312,0.06935459605837213
2020-07-03,14215,14215,13754,13965,201199,-0.017656162070906034
2020-07-06,13880,13880,13460,13755,124778,-0.015037593984962405
2020-07-07,13963,14425,13670,13796,453055,0.0029807342784442525
2020-07-08,13796,13921,13418,13713,151993,-0.006016236590316026
2020-07-09,13712,13712,13502,13629,108005,-0.006125574272588086
2020-07-10,13418,13587,13292,13419,88077,-0.015408320493066285
2020-07-13,13545,13670,13376,13503,97864,0.006259780907668322
2020-07-14,13545,13712,13376,13713,120384,0.015552099533437058
2020-07-15,14089,14383,13838,14216,403250,0.03668052213228323
2020-07-16,14425,15306,14005,14091,793188,-0.008792909397861592
2020-07-17,14047,14047,13587,13796,196912,-0.020935348804201226
2020-07-20,13754,13796,13334,13671,160571,-0.009060597274572313
2020-07-21,13628,13922,13587,13880,150814,0.01528783556433333
2020-07-22,13922,13963,13502,13629,146220,-0.018083573487031712
2020-07-23,14676,14928,13754,13796,530230,0.012253283439724205
2020-07-24,13670,13670,13418,13461,175200,-0.024282400695853856
2020-07-27,13459,13459,13083,13168,172031,-0.02176658494911221
2020-07-28,12832,15053,12832,13336,964659,0.012758201701093652
2020-07-29,13334,13460,13125,13419,120136,0.006223755248950136
2020-07-30,13418,13418,13209,13294,84882,-0.009315150160220553
2020-07-31,13292,13334,13041,13083,96842,-0.015871821874529846
2020-08-03,13083,13124,12789,12832,95798,-0.01918520217075592
2020-08-04,12874,13041,12748,12874,81617,0.003273067331670765
2020-08-05,12874,13041,12831,12958,67769,0.006524778623582472
2020-08-06,12832,13083,12621,13000,143171,0.0032412409322426505
2020-08-07,13418,13418,12915,12958,191277,-0.0032307692307692593
2020-08-10,12790,12790,12579,12665,170787,-0.022611514122549803
2020-08-11,12748,12874,12621,12706,166424,0.003237268061587084
2020-08-12,12748,13545,12705,13125,401769,0.03297654651345816
2020-08-13,13167,13209,12832,13042,193579,-0.006323809523809509
2020-08-14,12957,13375,12915,13000,155281,-0.003220364974697132
2020-08-18,12537,12705,12244,12287,233322,-0.05484615384615388
2020-08-19,12202,12286,11993,12119,146257,-0.013672987710588447
2020-08-20,12161,12285,11657,11826,147815,-0.024176912286492325
2020-08-21,11825,12370,11741,12077,81790,0.021224420767799845
2020-08-24,11824,12035,11615,11868,57680,-0.01730562225718313
2020-08-25,11992,12161,11824,11868,162274,0.0
2020-08-26,11824,11908,11741,11868,93781,0.0
2020-08-27,11865,11951,11530,11658,124739,-0.01769464105156726
2020-08-28,11657,11741,11573,11658,98296,0.0
2020-08-31,11698,11741,11489,11658,103565,0.0
2020-09-01,10651,10860,10231,10820,1241134,-0.07188196946302972
2020-09-02,10818,10860,10650,10862,298545,0.003881700554528633
2020-09-03,10818,10860,10525,10862,644613,0.0
2020-09-04,10567,10818,10525,10735,404318,-0.011692137727858598
2020-09-07,10735,10818,10567,10693,323937,-0.003912435957149518
2020-09-08,10651,10860,10651,10778,371854,0.007949125596184325
2020-09-09,10693,10776,10609,10693,197929,-0.007886435331230235
2020-09-10,10651,10818,10651,10820,206956,0.011876928831946243
2020-09-11,10776,10818,10651,10735,195096,-0.007855822550831837
2020-09-14,10776,11070,10693,11029,412615,0.027387051700046516
2020-09-15,11070,11657,11028,11616,771127,0.05322332033729249
2020-09-16,11657,11908,11489,11575,551333,-0.0035296143250688194
2020-09-17,11573,11824,11531,11575,327846,0.0
2020-09-18,11489,11741,11322,11742,256658,0.014427645788336996
2020-09-21,11614,11782,11364,11490,229768,-0.02146142054164535
2020-09-22,11364,11364,10985,11197,217753,-0.025500435161009527
2020-09-23,11070,11196,10693,10945,181492,-0.02250602840046445
2020-09-24,10651,10860,10609,10609,270690,-0.03069894929191408
2020-09-25,10693,11279,10693,10820,246016,0.01988877368272224
2020-09-28,10985,11112,10902,11029,166651,0.019316081330868817
2020-09-29,11112,11280,10902,10987,203192,-0.003808142170641071
2020-10-05,10985,11070,10860,11029,126919,0.0038226995540184827
2020-10-06,10943,11279,10943,11155,207824,0.011424426511923214
2020-10-07,11112,11154,10944,11071,89425,-0.007530255490811322
2020-10-08,11322,11322,11070,11155,160173,0.007587390479631528
2020-10-12,11322,11825,11238,11742,675382,0.05262214253697883
2020-10-13,11741,11783,11406,11616,281251,-0.01073071027082273
2020-10-14,11615,11866,11364,11868,309675,0.02169421487603307
2020-10-15,11866,11866,11406,11575,590655,-0.024688237276710434
2020-10-16,11448,11573,11321,11364,237500,-0.018228941684665267
2020-10-19,11364,11699,11322,11575,225816,0.018567405843012974
2020-10-20,11573,11573,11196,11364,215056,-0.018228941684665267
2020-10-21,11489,11657,11322,11575,151376,0.018567405843012974
2020-10-22,11406,11573,11364,11406,125815,-0.014600431965442806
2020-10-23,11657,11657,11448,11575,177732,0.014816763107136532
2020-10-26,11573,11615,11238,11280,236408,-0.02548596112311019
2020-10-27,10986,11279,10986,11155,116486,-0.011081560283687897
2020-10-28,11028,11322,10986,11280,116046,0.01120573733751673
2020-10-29,11070,11112,10776,11029,290095,-0.02225177304964543
2020-10-30,11028,11070,10818,10862,160394,-0.015141898630882222
2020-11-02,10818,10986,10776,10987,116143,0.011508009574664024
2020-11-03,10986,11196,10944,10945,142386,-0.0038226995540183717
2020-11-04,11028,11153,10860,10945,116475,0.0
2020-11-05,10902,11153,10860,11113,184566,0.01534947464595704
2020-11-06,11322,11322,10902,10945,319134,-0.015117430036893698
2020-11-09,11027,11322,10986,11322,257798,0.034444952032891774
2020-11-10,13544,13544,12077,12581,2743235,0.11119943472884652
2020-11-11,12663,14299,12370,13587,3968008,0.07996184722994992
2020-11-12,13250,13754,12831,13629,1078519,0.0030911901081915882
2020-11-13,13627,14299,13376,13503,1227916,-0.009244992295839749
2020-11-16,13670,16061,13502,14551,6286441,0.0776123824335333
2020-11-17,15138,15180,13838,14258,1682021,-0.020136073122122178
2020-11-18,14005,14383,13754,13796,588992,-0.0324028615514097
2020-11-19,13587,13754,13167,13587,520663,-0.015149318643084997
2020-11-20,13418,13712,13125,13713,408580,0.009273570324574987
2020-11-23,13460,13838,13333,13713,431450,0.0
2020-11-24,14047,14215,13796,14007,579142,0.0214395099540583
2020-11-25,14341,14509,13838,14091,647072,0.0059970014992503096
2020-11-26,13963,14173,13838,14132,253180,0.002909658647363589
2020-11-27,14131,14257,13963,14258,293461,0.00891593546560987
2020-11-30,14341,14383,13628,13629,571508,-0.044115584233412775
2020-12-01,13628,14341,13628,14174,589984,0.03998826032724345
2020-12-02,14509,14844,14215,14677,739239,0.03548751234655012
2020-12-03,15264,15766,14970,15516,933547,0.05716427062751239
2020-12-04,15683,16479,15683,15810,823737,0.018948182521268286
2020-12-07,15473,15515,14173,15264,568522,-0.034535104364326386
2020-12-08,15138,15515,15012,15348,404734,0.005503144654088077
2020-12-09,15431,16270,15222,16145,880074,0.05192859004430539
2020-12-10,16019,16563,15766,16481,536927,0.020811396717249853
2020-12-11,16563,16815,16061,16312,485728,-0.010254232146107656
2020-12-14,15892,15892,15431,15432,663047,-0.05394801373222169
2020-12-15,15306,15850,14928,15558,440529,0.008164852255054367
2020-12-16,15641,15808,15138,15264,330939,-0.01889703046664093
2020-12-17,15180,15180,14676,14845,508682,-0.027450209643605894
2020-12-18,14844,15431,14551,15348,410139,0.03388346244526774
2020-12-21,15138,15138,14802,15013,301622,-0.02182694813656505
2020-12-22,14718,14844,14635,14719,209975,-0.019583028042363337
2020-12-23,14635,14844,14257,14468,250638,-0.01705278891229023
2020-12-24,14635,15180,14635,15055,273212,0.04057229748410274
2020-12-28,14760,14970,14551,14719,233053,-0.02231816672201925
2020-12-29,14928,15180,14718,15139,176245,0.028534547183912018
2020-12-30,15222,15515,15012,15390,265741,0.01657969482792776
2021-01-04,15431,15515,15095,15306,327823,-0.00545808966861594
2021-01-05,15264,15557,15053,15348,346505,0.0027440219521757125
2021-01-06,15348,15515,15180,15264,283465,-0.005473025801407294
2021-01-07,15180,15473,15095,15390,402239,0.008254716981132004
2021-01-08,15557,15599,15095,15390,347211,0.0
2021-01-11,15389,16186,15180,15642,930417,0.01637426900584793
2021-01-12,15641,16061,15306,15726,554557,0.00537015726889134
2021-01-13,15808,16144,15599,16103,531472,0.023973038280554526
2021-01-14,16270,18744,16228,18033,2889030,0.11985344345774074
2021-01-15,18325,19290,17234,17487,1668725,-0.03027782398935286
2021-01-18,17025,17234,16521,16690,591665,-0.04557671413049691
2021-01-19,16605,17234,16563,17109,450841,0.025104853205512256
2021-01-20,17109,17318,16689,17025,308777,-0.004909696650885476
2021-01-21,17444,17486,16774,16858,462035,-0.009809104258443502
2021-01-22,16857,17402,16647,17109,553245,0.01488907343694379
2021-01-25,17402,18073,17192,17991,864290,0.051551814834297716
2021-01-26,18031,18409,17570,17822,475728,-0.009393585681729766
2021-01-27,17947,18157,17486,17613,296304,-0.011727078891258014
2021-01-28,17067,17402,16899,17067,313818,-0.030999829671265577
2021-01-29,17276,17360,16354,16648,372154,-0.024550301751918857
2021-02-01,16438,17109,15725,17025,317946,0.022645362806342995
2021-02-02,17276,17276,16899,17109,220793,0.004933920704845773
2021-02-03,17318,17318,17025,17067,200274,-0.002454848325442738
2021-02-04,17192,17486,16857,17067,270550,0.0
2021-02-05,17234,17738,16983,17655,547504,0.03445245210054493
2021-02-08,17654,18451,17318,18368,1056109,0.0403851600113283
2021-02-09,18409,18618,17822,18116,474329,-0.013719512195121908
2021-02-10,18199,18282,17780,18242,278989,0.006955177743431129
2021-02-15,18451,18493,18031,18410,419719,0.009209516500383819
2021-02-16,18073,18199,17738,18158,453711,-0.013688212927756682
2021-02-17,18199,18324,17864,17949,334524,-0.011510078202445206
2021-02-18,17864,18282,17654,17949,247650,0.0
2021-02-19,17780,18115,17612,18116,272041,0.009304139506379094
2021-02-22,18367,18618,18031,18284,511537,0.009273570324574987
2021-02-23,18618,19122,18367,18997,1001165,0.03899584336031503
2021-02-24,19457,20128,18912,19039,1842111,0.0022108754013792087
2021-02-25,19919,19961,19079,19416,677308,0.019801460160722817
2021-02-26,18912,19667,18702,19584,550366,0.008652657601977642
2021-03-02,19708,19876,18870,18997,521189,-0.029973447712418277
2021-03-03,18995,19583,18451,19458,320004,0.024266989524661886
2021-03-04,19583,20254,19289,20045,590177,0.03016754034330349
2021-03-05,19876,20253,19457,20213,427199,0.008381142429533472
2021-03-08,20338,20462,19708,19836,352083,-0.0186513629842181
2021-03-09,19750,20212,19079,19836,378697,0.0
2021-03-10,19833,19876,19331,19416,210214,-0.021173623714458523
2021-03-11,19415,19541,18618,19290,329565,-0.006489493201483287
2021-03-12,19290,19625,19122,19584,218636,0.015241057542768166
2021-03-15,19961,20086,19457,20087,289309,0.025684232026143894
2021-03-16,20296,21344,20253,21345,930641,0.0626275700701946
2021-03-17,21260,21680,20925,21387,518804,0.0019676739283205347
2021-03-18,21386,21470,21051,21262,263032,-0.005844671997007556
2021-03-19,20882,21806,20841,21638,313313,0.01768413131408142
2021-03-22,21428,21512,20925,21303,250712,-0.01548202236805618
2021-03-23,21386,21470,19961,20171,576948,-0.05313805567290997
2021-03-24,19667,20338,19248,19961,479192,-0.010410986069109063
2021-03-25,19834,20254,19625,19752,291046,-0.01047041731376186
2021-03-26,20170,20380,19919,20045,254959,0.014833940866747719
2021-03-29,20254,20254,19540,19584,238028,-0.022998253928660506
2021-03-30,19750,19750,19248,19458,227921,-0.006433823529411797
2021-03-31,19667,19667,19331,19542,153957,0.004316990440949686
2021-04-01,19583,19667,19331,19584,119921,0.002149217070924081
2021-04-02,19583,19583,18954,19458,171815,-0.006433823529411797
2021-04-05,19290,19290,18954,19081,182504,-0.019375064240929163
2021-04-06,19290,19876,19247,19668,233099,0.03076358681410829
2021-04-07,19750,19918,19499,19542,161674,-0.006406345332519825
2021-04-08,19415,19541,19164,19206,205956,-0.017193736567393314
2021-04-09,19290,19290,18870,18913,228468,-0.01525564927626788
2021-04-12,18912,18912,18199,18242,440807,-0.035478242478718336
2021-04-13,18115,18786,17905,18410,304665,0.009209516500383819
2021-04-14,18409,18451,18031,18116,281464,-0.01596958174904939
2021-04-15,18031,18409,17654,18116,331371,0.0
2021-04-16,18073,18282,17947,18284,122745,0.009273570324574987
2021-04-19,18199,18282,17989,18200,133204,-0.004594180704441064
2021-04-20,18157,18660,18031,18661,243124,0.025329670329670373
2021-04-21,18493,18535,18199,18535,126384,-0.006752049729382148
2021-04-22,18577,18954,18493,18746,244567,0.011383868357162097
2021-04-23,18660,18870,18325,18829,175587,0.004427611223727812
2021-04-26,18954,19792,18912,19668,536625,0.044558925062403665
2021-04-27,19750,20044,19331,19584,248704,-0.004270896888346587
2021-04-28,19582,19667,19037,19542,264236,-0.002144607843137303
2021-04-29,19625,19708,19206,19626,206371,0.004298434141848384
2021-04-30,19750,20966,19624,20213,908414,0.029909303984510416
2021-05-03,20128,20380,19457,19919,350375,-0.014545094741008291
2021-05-04,19792,19919,19122,19458,284510,-0.02314373211506604
2021-05-06,19457,19791,19164,19752,163733,0.015109466543324013
2021-05-07,19750,20128,19708,20087,207233,0.01696030781693003
2021-05-10,20128,21386,19876,20925,899386,0.041718524418778324
2021-05-11,20883,21512,20630,21051,534994,0.006021505376344161
2021-05-12,21008,21008,20380,20465,324193,-0.027837157379696942
2021-05-13,20128,21134,19876,21009,434458,0.02658196921573408
2021-05-14,21009,21260,20338,20549,329315,-0.02189537817125997
2021-05-17,20883,21512,20547,21051,713863,0.024429412623485414
2021-05-18,20631,20757,20003,20129,677002,-0.0437983943755641
2021-05-20,19708,20505,19206,20507,312199,0.018778876248199072
2021-05-21,20505,20505,20044,20171,164645,-0.016384649144194685
2021-05-24,20170,20212,19834,19961,138416,-0.010410986069109063
2021-05-25,20044,20589,20002,20254,289485,0.014678623315465211
2021-05-26,20379,20673,20212,20632,248154,0.018662980152068798
2021-05-27,20883,21386,20631,21345,602040,0.03455796820473056
2021-05-28,21344,21344,20841,21262,267926,-0.0038884984773951414
2021-05-31,21259,21638,20967,21136,537744,-0.005926065280782655
2021-06-01,21302,21512,20463,20884,580934,-0.011922785768357258
2021-06-02,21176,22937,21051,22435,2140774,0.07426738172763847
2021-06-03,22644,22812,22224,22603,646061,0.007488299531981379
2021-06-04,22602,22644,21973,22226,403238,-0.01667920187585714
2021-06-07,22309,22518,21511,21806,356608,-0.018896787546117122
2021-06-08,21973,22351,21638,22142,251081,0.015408603136751298
2021-06-09,22435,23776,22393,23441,1374390,0.058666787101436135
2021-06-10,23525,24867,22937,23610,922366,0.007209590034554791
2021-06-11,23609,23903,23148,23736,310094,0.005336721728081306
2021-06-14,23650,23734,23190,23694,237855,-0.0017694641051567706
2021-06-15,23567,23692,23105,23526,282603,-0.0070904026335780745
2021-06-16,23525,23860,23399,23652,218796,0.00535577658760511
2021-06-17,23650,23860,23232,23736,181588,0.003551496702181689
2021-06-18,23734,23818,22602,22897,497173,-0.035347152005392624
2021-06-21,22519,22519,21638,22058,443895,-0.036642354893654194
2021-06-22,22224,22435,21722,21806,324703,-0.011424426511923103
2021-06-23,21680,21680,20841,21387,494229,-0.019214894983032194
2021-06-24,21218,21260,20673,20925,335089,-0.021601907700939837
2021-06-25,20967,21638,20967,21429,235963,0.02408602150537642
2021-06-28,21051,21554,20547,21513,170253,0.003919921601567955
2021-06-29,21512,21680,21134,21513,144289,0.0
2021-06-30,21722,21722,21218,21262,116680,-0.011667363919490525
2021-07-01,21302,21344,21051,21220,99552,-0.0019753550935942554
2021-07-02,21302,21302,21009,21093,121408,-0.005984919886899198
2021-07-05,20967,20967,20673,20925,162500,-0.007964727634760305
2021-07-06,21009,21470,20924,21345,141310,0.02007168458781372
2021-07-07,21009,21051,20589,20800,194685,-0.025532911688920135
2021-07-08,18451,20003,18325,19416,1775028,-0.06653846153846155
2021-07-09,19164,19373,18409,19206,530176,-0.01081582200247222
2021-07-12,19037,19373,18660,19332,226714,0.006560449859418949
2021-07-13,19372,19708,19079,19668,205765,0.017380509000620714
2021-07-14,19457,20128,19206,20003,243134,0.01703274354281059
2021-07-15,20086,20086,19708,19961,128690,-0.002099685047242894
2021-07-16,19961,20462,19708,20339,173568,0.018936927007664917
2021-07-19,20169,20212,19625,19752,108486,-0.028860809282658884
2021-07-20,19164,19625,19079,19290,250382,-0.02339003645200488
2021-07-21,19541,19625,19206,19248,136170,-0.002177293934681135
2021-07-22,19373,19750,19331,19542,137194,0.015274314214463791
2021-07-23,19373,19499,19206,19206,106707,-0.017193736567393314
2021-07-26,19206,19206,18828,18997,154570,-0.010882016036655173
2021-07-27,19037,19415,18912,19039,80010,0.0022108754013792087
2021-07-28,18954,19164,18828,18955,53629,-0.0044119964283838575
2021-07-29,19037,19079,18828,19081,70436,0.006647322606172512
2021-07-30,18954,19122,18786,18871,97180,-0.011005712488863284
2021-08-02,18870,18912,18535,18619,68494,-0.013353823326797687
2021-08-03,18702,18912,18618,18787,68798,0.009023040979644348
2021-08-04,18786,19708,18702,19416,246778,0.03348059828604888
2021-08-05,19499,19499,19206,19458,86319,0.002163164400494466
2021-08-06,19750,19792,19373,19458,91212,0.0
2021-08-09,19457,19876,19121,19542,195486,0.004316990440949686
2021-08-10,19583,19708,19290,19626,99657,0.004298434141848384
2021-08-11,19708,19708,19290,19332,93251,-0.014980128401100634
2021-08-12,19415,19415,19037,19206,71451,-0.0065176908752327956
2021-08-13,19122,19290,18744,19123,137950,-0.004321566177236336
2021-08-17,18870,18870,17864,17949,204443,-0.06139204099775142
2021-08-18,17780,18157,17151,18074,146388,0.006964176277229894
2021-08-19,17738,17905,17151,17152,131899,-0.05101250414960712
2021-08-20,17276,17486,16354,16523,255147,-0.03667210820895528
2021-08-23,16521,17570,16396,17403,152234,0.053259093384978584
2021-08-24,17738,18702,17738,18661,196877,0.07228638740447058
2021-08-25,19206,19206,18451,18871,161636,0.011253416215636802
2021-08-26,18702,19206,18618,19123,143810,0.013353823326797798
2021-08-27,0,0,0,19123,0,0.0
2021-08-30,0,0,0,19123,0,0.0
2021-08-31,0,0,0,19123,0,0.0
2021-09-01,0,0,0,19123,0,0.0
2021-09-02,0,0,0,19123,0,0.0
2021-09-03,0,0,0,19123,0,0.0
2021-09-06,0,0,0,19123,0,0.0
2021-09-07,0,0,0,19123,0,0.0
2021-09-08,0,0,0,19123,0,0.0
2021-09-09,0,0,0,19123,0,0.0
2021-09-10,19122,20989,17847,19441,523530,0.01662918998065166
2021-09-13,19122,20533,18803,20488,300628,0.053855254359343574
2021-09-14,20488,21535,20488,21171,503222,0.03333658727059752
2021-09-15,21216,21490,20807,20853,169438,-0.015020546974635063
2021-09-16,20898,21399,20533,21035,134240,0.008727760993622047
2021-09-17,20989,21672,20670,21399,242114,0.01730449251247923
2021-09-23,21399,22355,20807,22082,405546,0.031917379316790395
2021-09-24,22218,22400,21717,21763,156055,-0.014446155239561609
2021-09-27,21626,21899,20852,21126,214755,-0.029269861691862298
2021-09-28,21125,21444,20488,21217,163166,0.004307488402915949
2021-09-29,20488,21672,20488,21399,234674,0.008578027053777637
2021-09-30,21444,21535,20943,21080,220593,-0.014907238656011956
2021-10-01,21080,21171,20488,20716,107547,-0.017267552182163137
2021-10-05,20852,21535,20716,21262,295311,0.026356439467078552
2021-10-06,21399,21444,20033,20170,278697,-0.05135923243344931
2021-10-07,20442,20898,20169,20671,109385,0.02483886960832926
2021-10-08,20898,20898,20215,20488,99899,-0.00885298243916599
2021-10-12,20488,20488,20033,20170,80375,-0.015521280749707156
2021-10-13,20215,20579,20033,20579,111375,0.020277640059494395
2021-10-14,20397,20579,20169,20306,117426,-0.013265950726468745
2021-10-15,20351,20807,20306,20579,91603,0.013444302176696565
2021-10-18,20579,20579,20033,20124,137724,-0.02210991787744787
2021-10-19,20124,20215,19577,19805,128780,-0.01585171934009144
2021-10-20,19714,19850,19122,19487,114808,-0.016056551375915218
2021-10-21,19532,19805,19213,19441,62851,-0.00236054805767949
2021-10-22,19668,19668,19259,19350,49009,-0.004680829175453982
2021-10-25,19441,20898,19304,20853,334181,0.07767441860465119
2021-10-26,21125,21353,20488,20944,199485,0.004363880496810912
2021-10-27,20761,20989,20260,20261,147484,-0.03261077158135983
2021-10-28,20215,20625,19850,20261,116458,0.0
2021-10-29,20260,20625,19668,19942,90097,-0.015744533833473184
2021-11-01,20033,20306,19668,19714,71942,-0.011433156152843238
2021-11-02,19805,20169,19577,19760,59440,0.0023333671502485664
2021-11-03,19987,19987,19350,19441,87609,-0.016143724696356276
2021-11-04,19441,19759,19441,19532,46631,0.004680829175453871
2021-11-05,19395,19486,18439,19214,159164,-0.016280974810567228
2021-11-08,19805,20260,19759,20215,196102,0.05209742895805136
2021-11-09,20215,20260,19850,20033,75277,-0.009003215434083556
2021-11-10,18394,19577,18257,19396,736067,-0.03179753406878649
2021-11-11,19031,19122,18667,18804,149692,-0.03052175706331206
2021-11-12,18576,18712,18211,18667,227089,-0.007285683897043205
2021-11-15,18758,18849,18439,18576,134673,-0.004874912947983034
2021-11-16,18576,18621,18120,18166,263452,-0.02207149009474596
2021-11-17,18029,18075,17574,17575,193709,-0.03253330397445775
2021-11-18,17483,18075,17119,17939,151760,0.02071123755334292
2021-11-19,17802,18257,17620,18166,91432,0.012653994091086362
2021-11-22,18029,18120,17665,17848,87177,-0.017505229549708234
2021-11-23,18029,18029,17528,17666,70887,-0.010197220977140264
2021-11-24,17665,17711,17210,17301,85479,-0.02066115702479343
2021-11-25,17301,17301,16754,16892,119958,-0.023640252008554463
2021-11-26,16709,16891,15935,16391,220174,-0.029659010182334855
2021-11-29,15206,15798,14842,15252,581189,-0.06948935391373312
2021-11-30,15434,15616,14296,14387,452574,-0.05671387359034885
2021-12-01,14387,14888,14068,14797,254794,0.028497949537777068
2021-12-02,14387,15161,14341,14934,253108,0.009258633506791902
2021-12-03,15434,15662,15161,15389,259391,0.03046738984866737
2021-12-06,15389,15616,15024,15480,177219,0.005913314705308981
2021-12-07,15798,15980,15480,15708,286184,0.014728682170542573
2021-12-08,15798,16254,15707,15844,228820,0.008658008658008587
2021-12-09,15935,16208,15844,15844,132452,0.0
2021-12-10,15935,15980,15480,15662,146860,-0.011486998232769552
2021-12-13,15707,15753,15480,15480,95262,-0.011620482696973577
2021-12-14,15389,15389,15115,15207,81264,-0.017635658914728736
2021-12-15,15206,15389,15024,15207,67472,0.0
2021-12-16,15115,15343,15070,15116,81081,-0.005984086276057066
2021-12-17,14979,15298,14979,15207,43263,0.006020111140513373
2021-12-20,15206,15252,14979,15025,82846,-0.011968172552114131
2021-12-21,15024,15115,14842,14979,60796,-0.0030615640599002125
2021-12-22,15434,15571,15070,15298,100105,0.021296481741104323
2021-12-23,15434,15480,15206,15344,61951,0.0030069290103280633
2021-12-24,15480,15707,15343,15617,121111,0.01779197080291972
2021-12-27,15571,15662,15298,15526,58050,-0.005826983415508691
2021-12-28,15480,15571,15343,15435,78674,-0.005861136158701541
2021-12-29,15480,16026,15480,15935,122969,0.03239390994493041
2021-12-30,15935,16117,15753,16026,89592,0.005710699717602852
2022-01-03,15935,16572,15935,16573,145610,0.03413203544240617
2022-01-04,16754,16754,16345,16618,116318,0.002715259759850319
2022-01-05,16663,16709,16254,16345,78208,-0.016427969671440557
2022-01-06,16254,16254,15798,15935,110559,-0.025084123585194296
2022-01-07,16072,16208,15935,16072,65046,0.00859742704738009
2022-01-10,16072,16072,15662,15890,64718,-0.011324041811846652
2022-01-11,15889,16026,15343,15662,121683,-0.014348646947765942
2022-01-12,15662,15889,15434,15662,105682,0.0
2022-01-13,15662,16299,15571,16209,198983,0.03492529689694801
2022-01-14,16390,16390,15889,16026,84615,-0.011290024060707005
2022-01-17,15935,15980,15434,15480,109918,-0.034069636840134754
2022-01-18,15525,15753,15070,15161,100151,-0.020607235142118818
2022-01-19,14660,15252,14296,14387,342930,-0.05105204142206976
2022-01-20,14387,14751,14296,14752,87680,0.025370125808021227
2022-01-21,14751,14842,14478,14706,72797,-0.003118221258134435
2022-01-24,14615,14615,14023,14296,122968,-0.02787977696178434
2022-01-25,14296,14524,13932,14069,105622,-0.01587856743144933
2022-01-26,14023,14524,13932,14023,126996,-0.0032695998294122175
2022-01-27,14023,14114,13203,13522,184161,-0.03572701989588534
2022-01-28,13613,13886,13067,13750,169727,0.016861411033870732
2022-02-03,13932,14797,13932,14205,244834,0.03309090909090906
2022-02-04,13932,17028,13932,15935,891184,0.12178810278071106
2022-02-07,15844,16663,15115,16072,613218,0.00859742704738009
2022-02-08,16663,17574,16527,16937,882031,0.05382030861124942
2022-02-09,17255,18576,17119,18212,1220944,0.07527897502509306
2022-02-10,18302,18485,17301,18121,692611,-0.004996705468921614
2022-02-11,17437,18485,17210,17984,633514,-0.007560289167264478
2022-02-14,17437,18166,17164,17984,462003,0.0
2022-02-15,18029,18302,17164,17529,296590,-0.025300266903914626
2022-02-16,18302,19577,17711,19396,1044188,0.10650921330366825
2022-02-17,19395,20488,18029,19259,1328373,-0.007063312023097512
2022-02-18,18985,19714,18712,19350,335672,0.00472506360662539
2022-02-21,18667,19896,18485,19760,404376,0.021188630490956095
2022-02-22,19213,19850,18985,19123,396418,-0.03223684210526312
2022-02-23,19168,19532,18621,19441,334898,0.01662918998065166
2022-02-24,18940,19213,18439,18622,432293,-0.042127462579085395
2022-02-25,18940,19350,18712,19031,355699,0.021963269251423112
2022-02-28,19122,19486,19031,19441,211223,0.021543796962850026
2022-03-02,19076,19259,18485,18531,469364,-0.04680829175453938
2022-03-03,18712,18985,18302,18986,225606,0.02455345097404349
2022-03-04,18849,18940,18211,18303,322509,-0.0359738754872011
2022-03-07,17847,18029,17392,17757,333605,-0.029831175217177486
2022-03-08,16937,17301,16117,16618,884946,-0.06414371797037788
2022-03-10,17574,18621,17301,17893,620166,0.076724034179805
2022-03-11,18120,19076,18120,19031,439712,0.06360029061644212
2022-03-14,19031,19031,18257,18940,272869,-0.004781672008827731
2022-03-15,18758,19805,18576,19396,585280,0.024076029567053903
2022-03-16,20488,20533,19714,20124,809177,0.03753351206434319
2022-03-17,20488,20533,19714,20170,409286,0.002285827867223311
2022-03-18,19850,19942,19395,19851,276232,-0.015815567674764552
2022-03-21,19896,20033,18849,19396,276543,-0.022920759659463052
2022-03-22,19122,19395,18894,19077,357012,-0.01644669003918331
2022-03-23,19259,19259,18849,18986,200787,-0.004770142055878779
2022-03-24,18667,19122,18439,19031,237675,0.0023701674918361615
2022-03-25,19168,19168,18667,18804,199127,-0.011927907098943868
2022-03-28,19031,19076,18576,18758,172545,-0.0024462880238247386
2022-03-29,18940,19213,18667,19214,316172,0.02430962789209934
2022-03-30,19486,19714,19031,19123,268794,-0.004736129905277386
2022-03-31,18940,19168,18849,19031,83854,-0.004810960623333194
2022-04-01,19122,20579,19076,20443,1131177,0.07419473490620576
2022-04-04,20807,21763,20579,21763,1072076,0.06456977938658714
2022-04-05,21672,22036,21034,21536,707936,-0.010430547259109524
2022-04-06,21353,22264,21034,22082,813176,0.025352897473996938
2022-04-07,21763,22309,21490,22264,487981,0.00824200706457745
2022-04-08,21945,22173,21444,21809,332728,-0.020436579231045582
2022-04-11,21626,22036,21034,21171,279593,-0.029253977715621993
2022-04-12,21125,21808,21034,21809,341093,0.030135562798167204
2022-04-13,21535,21990,21353,21718,249228,-0.004172589297996243
2022-04-14,22446,22673,21854,22036,397819,0.014642232249746812
2022-04-15,22218,22264,21399,22036,237621,0.0
2022-04-18,22127,22127,21490,21536,215073,-0.022690143401706275
2022-04-19,21490,21490,20852,20989,274120,-0.025399331352154553
2022-04-20,21353,21535,20533,21171,346114,0.008671208728381563
2022-04-21,21171,21216,20761,21171,186263,0.0
2022-04-22,21262,21353,20215,20671,285779,-0.023617212224269046
2022-04-25,20124,20351,19942,19988,227228,-0.033041459048909094
2022-04-26,20033,20260,19441,19760,313531,-0.011406844106463865
2022-04-27,19304,19714,19076,19396,259788,-0.018421052631578894
2022-04-28,19577,19668,19122,19305,176412,-0.004691689008042843
2022-04-29,19623,20260,19395,20170,270859,0.04480704480704478
2022-05-02,19942,20033,19259,19851,308760,-0.015815567674764552
2022-05-03,19805,19987,19395,19441,157294,-0.0206538713414941
2022-05-04,19577,19623,18849,19031,274712,-0.021089450131166143
2022-05-06,18576,19213,18576,19214,281551,0.009615889863906268
2022-05-09,18667,19122,18485,18485,138765,-0.03794108462579371
2022-05-10,18075,19395,17528,19214,425641,0.039437381660806015
2022-05-11,18940,19213,18667,19123,159767,-0.004736129905277386
2022-05-12,18985,18985,18166,18166,150121,-0.05004444909271555
2022-05-13,18211,18667,18211,18622,137524,0.025101838599581594
2022-05-16,18621,19031,18621,18895,131888,0.014660079475888654
2022-05-17,18849,19076,18576,19031,165319,0.007197671341624856
2022-05-18,19532,19532,18940,19168,135711,0.007198780936366944
2022-05-19,18257,19304,18120,19168,200714,0.0
2022-05-20,19213,19259,18758,18895,154304,-0.014242487479131927
2022-05-23,18803,18849,18211,18531,338941,-0.019264355649642795
2022-05-24,18485,18576,17938,18075,170712,-0.024607414602557887
2022-05-25,18075,18166,17392,17529,412206,-0.030207468879668076
2022-05-26,17574,17756,17119,17256,270392,-0.015574191340064991
2022-05-27,17483,19168,17392,18849,597990,0.09231571627260093
2022-05-30,19122,19759,18940,19259,372210,0.021751817072523716
2022-05-31,19623,19759,19076,19760,403314,0.026013811724388658
2022-06-02,19623,20033,19350,19714,352839,-0.0023279352226720507
2022-06-03,20078,20306,19896,20306,445250,0.030029420716242372
2022-06-07,20442,20488,19850,20352,312744,0.0022653402935093325
2022-06-08,20488,20533,20169,20170,237361,-0.008942610062893097
2022-06-09,19850,19850,19076,19305,401398,-0.04288547347545857
2022-06-10,19031,19076,18166,18212,496756,-0.05661745661745665
2022-06-13,17483,17802,16754,17119,747673,-0.06001537447836591
2022-06-14,16436,16800,16117,16755,631748,-0.021262924236228775
2022-06-15,16572,16754,15434,15753,583031,-0.05980304386750224
2022-06-16,16299,16481,15844,16072,349637,0.020250111089951117
2022-06-17,15389,16208,15298,15935,403127,-0.008524141363862592
2022-06-20,16345,16481,15389,15662,364613,-0.017132099152808333
2022-06-21,15844,16026,15298,15890,196210,0.014557527774230694
2022-06-22,16026,16026,14660,14843,316819,-0.0658904971680302
2022-06-23,15024,15161,14205,14296,361307,-0.03685238833119986
2022-06-24,14478,14797,14068,14570,253962,0.01916620033575822
2022-06-27,14797,15115,14660,14752,259589,0.012491420727522407
2022-06-28,14751,14888,14524,14888,196325,0.009219088937093334
2022-06-29,14615,14797,14478,14615,152077,-0.018336915636754436
2022-06-30,14569,14615,14250,14615,213621,0.0
2022-07-01,14569,14569,13795,13932,318331,-0.046732808758125244
2022-07-04,13932,13977,13431,13522,238603,-0.02942865345966117
2022-07-05,13795,14387,13658,14160,236944,0.04718236947197152
2022-07-06,14478,14888,14068,14387,370309,0.016031073446327593
2022-07-07,14478,14569,14205,14570,170634,0.012719816501007841
2022-07-08,14615,14615,14159,14296,201368,-0.018805765271105
2022-07-11,14205,14205,13658,13750,252464,-0.03819250139899277
2022-07-12,13476,13476,13021,13067,287486,-0.04967272727272731
2022-07-13,13431,14205,13431,13932,463332,0.06619729088543669
2022-07-14,13841,14068,13658,13704,197871,-0.01636520241171402
2022-07-15,13795,13841,13340,13659,119663,-0.0032837127845883884
2022-07-18,13658,13841,13567,13841,129669,0.01332454791712423
2022-07-19,13795,13795,13431,13477,235452,-0.02629867784119644
2022-07-20,13704,13841,13522,13659,365950,0.013504489129628316
2022-07-21,13749,13841,13567,13750,191839,0.006662273958562226
2022-07-22,13750,14023,13613,13796,177314,0.0033454545454545404
2022-07-25,13750,13932,13613,13796,89001,0.0
2022-07-26,13795,13977,13431,13522,285288,-0.01986082922586252
2022-07-27,13522,13522,13158,13295,254064,-0.016787457476704626
2022-07-28,13476,13476,13249,13340,110857,0.0033847311019179482
2022-07-29,13385,13658,13340,13659,149682,0.023913043478260843
2022-08-01,13658,13749,13522,13750,154863,0.006662273958562226
2022-08-02,13795,13841,13567,13568,92062,-0.013236363636363602
2022-08-03,13658,13841,13522,13841,127631,0.020120872641509413
2022-08-04,14068,14432,14023,14342,500131,0.03619680658911939
2022-08-05,14478,14478,14068,14205,216720,-0.009552363687072907
2022-08-08,14114,14296,13932,14251,113912,0.003238296374516114
2022-08-09,14341,14387,13977,14114,119981,-0.009613360465932197
2022-08-10,14114,14114,13795,13841,96689,-0.019342496811676324
2022-08-11,14068,14341,13977,14296,157491,0.03287334730149549
2022-08-12,14250,14478,14205,14387,139750,0.006365416899832166
2022-08-16,14432,14979,14432,14888,369335,0.03482310419128387
2022-08-17,15070,15434,14797,15161,517453,0.018336915636754325
2022-08-18,14979,15206,14706,15070,108313,-0.006002242596134799
2022-08-19,15070,15070,14023,14478,628954,-0.03928334439283343
2022-08-22,14250,14296,13977,14114,170722,-0.025141594142837453
2022-08-23,13704,14341,13658,14205,163475,0.006447498937225404
2022-08-24,14205,15298,14159,15252,481050,0.0737064413938755
2022-08-25,15480,15616,15206,15298,347383,0.0030159979019144245
2022-08-26,15480,15889,15024,15070,219708,-0.014903909007713434
2022-08-29,13249,13886,12748,13522,1337371,-0.10272063702720635
2022-08-30,13476,13750,13294,13386,637092,-0.010057683774589599
2022-08-31,13522,14387,13476,14251,932161,0.06461975197968028
2022-09-01,14205,15070,13932,14478,1051076,0.01592870675742053
2022-09-02,14478,14842,14205,14524,314698,0.0031772344246443485
2022-09-05,14387,14751,14205,14387,211971,-0.009432663178187806
2022-09-06,14205,14296,13704,13932,371993,-0.03162577326753324
2022-09-07,13932,13932,13385,13659,299551,-0.01959517657192078
2022-09-08,13886,14296,13750,13841,189128,0.01332454791712423
2022-09-13,14159,14387,14114,14205,216630,0.02629867784119644
2022-09-14,13795,14250,13613,14069,160434,-0.009574093629003855
2022-09-15,14068,14432,14068,14160,156405,0.006468121401663307
2022-09-16,14114,14205,13658,13841,216733,-0.022528248587570632
2022-09-19,13841,13977,13476,13613,123477,-0.016472798208221895
2022-09-20,14023,14569,13932,14570,443223,0.07030044810107983
2022-09-21,14569,15070,14296,14387,279608,-0.01256005490734391
2022-09-22,14205,14387,13932,14251,193728,-0.009452978383262645
2022-09-23,14432,15024,13476,13750,576706,-0.035155427689284924
2022-09-26,13950,14200,13300,13650,472668,-0.0072727272727273196
2022-09-27,13650,14650,13400,14000,287575,0.02564102564102555
2022-09-28,14100,14150,13100,13200,195452,-0.05714285714285716
2022-09-29,13500,13600,12600,12750,262608,-0.03409090909090906
2022-09-30,12500,12800,11950,12800,427694,0.0039215686274509665
2022-10-04,12800,12800,12250,12400,225422,-0.03125
2022-10-05,12550,12700,12100,12200,217244,-0.016129032258064502
2022-10-06,12050,12400,12050,12300,120058,0.008196721311475308
2022-10-07,12250,12400,12000,12250,114600,-0.004065040650406471
2022-10-11,12200,12200,11600,11650,147312,-0.048979591836734726
2022-10-12,11650,11950,11350,11800,133004,0.012875536480686733
2022-10-13,11900,12500,11400,12200,398945,0.03389830508474567
2022-10-14,12300,12600,12150,12200,145898,0.0
2022-10-17,12000,12300,11800,12150,104334,-0.004098360655737654
2022-10-18,12200,12300,11700,11800,282323,-0.028806584362139898
2022-10-19,12050,12050,11300,11400,362828,-0.03389830508474578
2022-10-20,11400,11450,11100,11200,172405,-0.01754385964912286
2022-10-21,11200,11200,10350,10450,396069,-0.0669642857142857
2022-10-24,10550,10700,10400,10600,209166,0.014354066985645897
2022-10-25,10650,10650,10250,10350,165292,-0.02358490566037741
2022-10-26,10550,10550,10050,10050,187821,-0.02898550724637683
2022-10-27,10100,10250,10050,10150,185826,0.00995024875621886
2022-10-28,10100,10350,10050,10150,181499,0.0
2022-10-31,10350,10350,9940,9970,318587,-0.017733990147783207
2022-11-01,9850,10200,9700,10200,365418,0.02306920762286868
2022-11-02,10200,10350,10050,10200,179620,0.0
2022-11-03,10000,10300,10000,10100,168911,-0.009803921568627416
2022-11-04,10050,10300,9990,10250,247973,0.014851485148514865
2022-11-07,10250,10750,10250,10500,306116,0.024390243902439046
2022-11-08,10650,10800,10500,10500,210798,0.0
2022-11-09,10600,10950,10500,10650,400813,0.014285714285714235
2022-11-10,10550,10800,10300,10550,127618,-0.009389671361502372
2022-11-11,10950,12050,10700,11750,729643,0.11374407582938395
2022-11-14,11800,12350,11600,11700,406716,-0.004255319148936176
2022-11-15,11600,11750,11450,11550,173228,-0.012820512820512775
2022-11-16,11550,12000,11500,11800,283425,0.02164502164502169
2022-11-17,11600,12050,11550,11600,113683,-0.016949152542372836
2022-11-18,11600,12050,11600,11650,285339,0.004310344827586299
2022-11-21,11650,11800,11100,11250,214050,-0.03433476394849788
2022-11-22,8770,10250,8740,9980,7830584,-0.11288888888888893
2022-11-23,10100,10400,9780,10200,1195584,0.022044088176352616
2022-11-24,10050,10500,9950,10400,1381398,0.019607843137254832
2022-11-25,10500,11000,10400,10550,1193273,0.014423076923076872
2022-11-28,10600,10600,10050,10250,698975,-0.028436018957345932
2022-11-29,10100,10700,10100,10600,696539,0.034146341463414664
2022-11-30,10850,11000,10600,10950,796053,0.03301886792452824
2022-12-01,11150,11650,11000,11550,998404,0.0547945205479452
2022-12-02,11550,11850,11200,11250,651113,-0.025974025974025983
2022-12-05,11400,12650,11400,12450,2997348,0.10666666666666669
2022-12-06,12450,12800,12150,12300,1315151,-0.012048192771084376
2022-12-07,12200,13450,12150,13250,2150885,0.0772357723577235
2022-12-08,13300,13800,12600,13750,2259510,0.037735849056603765
2022-12-09,13650,14250,13300,14150,1641629,0.029090909090909056
2022-12-12,14050,14400,13800,14000,924452,-0.010600706713780883
2022-12-13,14050,14650,13900,14050,1344659,0.0035714285714285587
2022-12-14,14050,14150,13200,13550,1528766,-0.03558718861209964
2022-12-15,13700,13800,13500,13600,619096,0.0036900369003689537
2022-12-16,13250,13500,13100,13250,910960,-0.02573529411764708
2022-12-19,13200,13800,12900,13700,894969,0.03396226415094339
2022-12-20,13600,13600,13100,13250,637033,-0.03284671532846717
2022-12-21,13300,13600,13000,13500,688063,0.018867924528301883
2022-12-22,13700,14350,13650,13900,1394557,0.029629629629629672
2022-12-23,13650,14200,13500,13900,1025271,0.0
2022-12-26,14150,14800,13800,13950,1087081,0.003597122302158251
2022-12-27,14250,14950,14200,14650,2131405,0.05017921146953408
2022-12-28,14650,15400,14500,15250,1205480,0.04095563139931735
2022-12-29,14900,15100,14300,14900,962505,-0.022950819672131195
2023-01-02,14350,14750,13600,14700,1122919,-0.01342281879194629
2023-01-03,14700,14900,14250,14800,557144,0.006802721088435382
2023-01-04,14600,14900,14150,14300,797370,-0.03378378378378377
2023-01-05,14500,14600,14050,14500,614531,0.013986013986013957
2023-01-06,14400,14700,14300,14400,313764,-0.006896551724137945
2023-01-09,14600,14850,14450,14500,678179,0.00694444444444442
2023-01-10,14550,14950,14200,14500,804965,0.0
2023-01-11,14450,14650,14350,14550,501984,0.0034482758620688614
2023-01-12,14550,14750,14050,14700,997238,0.010309278350515427
2023-01-13,14950,15250,14900,14900,709615,0.013605442176870763
2023-01-16,14900,15150,14750,15050,471611,0.010067114093959662
2023-01-17,15150,15650,15000,15650,814347,0.039867109634551534
2023-01-18,15700,16400,15450,16350,1123313,0.04472843450479225
2023-01-19,16350,16600,15950,16400,666623,0.003058103975535076
2023-01-20,16350,16950,16100,16750,661493,0.021341463414634054
2023-01-25,16820,16900,15850,16190,1137683,-0.03343283582089551
2023-01-26,16000,16300,15900,16070,513798,-0.0074119827053736875
2023-01-27,16070,16260,15810,16070,406024,0.0
2023-01-30,16070,16390,16070,16260,391964,0.011823273179838223
2023-01-31,16260,16430,16070,16300,333968,0.002460024600245969
2023-02-01,16390,16480,16150,16480,389247,0.01104294478527601
2023-02-02,16570,16690,16430,16590,324976,0.006674757281553312
2023-02-03,16590,16600,15760,16200,777136,-0.023508137432188048
2023-02-06,16150,17000,15950,16890,883935,0.042592592592592515
2023-02-07,16890,17000,16640,16980,502276,0.005328596802841812
2023-02-08,17030,17060,16730,16950,391079,-0.0017667844522968323
2023-02-09,16950,17080,16750,16950,337760,0.0
2023-02-10,16980,17140,16520,16790,416066,-0.00943952802359882
2023-02-13,16800,16830,16300,16580,349461,-0.012507444907683185
2023-02-14,16750,17100,16640,16930,503013,0.021109770808202644
2023-02-15,17090,17090,16230,16480,386992,-0.026580035440047278
2023-02-16,16530,16920,16530,16900,478841,0.025485436893203817
2023-02-17,16780,17320,16700,17080,460158,0.010650887573964596
2023-02-20,17200,17200,16630,16840,475743,-0.014051522248243575
2023-02-21,16890,16890,16530,16600,411977,-0.014251781472684133
2023-02-22,16280,16430,15610,15820,844892,-0.04698795180722892
2023-02-23,15900,16040,15650,15720,349432,-0.006321112515802807
2023-02-24,15750,15910,15530,15680,381149,-0.0025445292620864812
2023-02-27,15560,16230,15440,16180,450366,0.03188775510204089
2023-02-28,16250,16340,16040,16080,345306,-0.006180469715698411
2023-03-02,16170,16430,16020,16270,445018,0.011815920398009938
2023-03-03,16250,16380,15990,16150,313856,-0.007375537799631182
2023-03-06,16190,16270,15880,16200,298817,0.003095975232198178
2023-03-07,16350,16350,15480,15600,505823,-0.03703703703703709
2023-03-08,15470,15560,15110,15230,372529,-0.023717948717948745
2023-03-09,15390,15530,15250,15330,205508,0.006565988181221227
2023-03-10,15100,15160,14920,14940,239333,-0.025440313111546042
2023-03-13,14890,14900,14380,14730,477197,-0.014056224899598346
2023-03-14,14700,14720,14110,14110,277194,-0.04209097080787505
2023-03-15,14170,14530,13940,14050,306175,-0.00425230333097093
2023-03-16,13670,13980,13510,13810,532993,-0.01708185053380784
2023-03-17,14190,14760,14010,14760,1127782,0.0687907313540912
2023-03-20,14780,15230,14400,14480,362987,-0.01897018970189701
2023-03-21,14700,14750,14480,14710,194394,0.015883977900552404
2023-03-22,14800,14870,14270,14370,268219,-0.023113528212100665
2023-03-23,14220,15170,14220,15070,639204,0.04871259568545572
