Date,Open,High,Low,Close,Volume,Change
2015-01-02,9000,9390,8950,9350,58846,0.03888888888888897
2015-01-05,9230,9430,9200,9350,45443,0.0
2015-01-06,9370,9480,9240,9310,86643,-0.004278074866310155
2015-01-07,9200,9500,9190,9440,170785,0.013963480128893702
2015-01-08,9390,9500,9200,9430,118334,-0.0010593220338983578
2015-01-09,9490,9490,9330,9330,55229,-0.010604453870625696
2015-01-12,9260,9420,9260,9380,58054,0.005359056806002238
2015-01-13,9210,9390,9210,9370,62075,-0.0010660980810234255
2015-01-14,9320,9370,9150,9160,34829,-0.022411953041622246
2015-01-15,9250,9540,9050,9350,178749,0.020742358078602585
2015-01-16,9350,9530,9230,9500,127315,0.016042780748663166
2015-01-19,9460,9750,9350,9430,68723,-0.00736842105263158
2015-01-20,9400,9470,9350,9450,47981,0.0021208907741250282
2015-01-21,9390,9580,9390,9480,88711,0.0031746031746031633
2015-01-22,9450,9500,9420,9420,41650,-0.006329113924050667
2015-01-23,9420,9540,9240,9370,58656,-0.005307855626326963
2015-01-26,9380,9500,9280,9500,75895,0.01387406616862319
2015-01-27,9450,9500,9350,9360,25564,-0.01473684210526316
2015-01-28,9360,9380,9250,9310,37347,-0.005341880341880323
2015-01-29,9210,9350,9140,9330,68743,0.002148227712137407
2015-01-30,9320,9730,9220,9730,131875,0.04287245444801724
2015-02-02,9800,10400,9600,10200,189640,0.04830421377183969
2015-02-03,10150,10350,10000,10250,101443,0.004901960784313708
2015-02-04,10250,10600,10000,10550,74706,0.029268292682926855
2015-02-05,10400,10500,10100,10100,89194,-0.042654028436018954
2015-02-06,10050,10300,9900,10100,103580,0.0
2015-02-09,10200,10500,9970,10100,136884,0.0
2015-02-10,10000,10400,9980,10400,98125,0.02970297029702973
2015-02-11,10200,10600,10150,10600,88632,0.019230769230769162
2015-02-12,10600,10700,10200,10500,79980,-0.009433962264150941
2015-02-13,10500,10550,10200,10400,114082,-0.00952380952380949
2015-02-16,10500,10500,10150,10300,105392,-0.009615384615384581
2015-02-17,10250,10500,10100,10500,91446,0.01941747572815533
2015-02-23,10350,10400,10150,10400,521543,-0.00952380952380949
2015-02-24,10250,10400,10100,10300,500025,-0.009615384615384581
2015-02-25,10300,11000,10200,11000,3049138,0.06796116504854366
2015-02-26,11200,11550,11000,11550,374103,0.050000000000000044
2015-02-27,11650,12400,11350,11800,240825,0.02164502164502169
2015-03-02,11600,12200,11550,12150,216633,0.029661016949152463
2015-03-03,12000,12300,11750,12100,197859,-0.004115226337448541
2015-03-04,11900,12200,11500,11950,238554,-0.012396694214875992
2015-03-05,12000,12000,11500,11550,188547,-0.03347280334728031
2015-03-06,11650,11700,11350,11400,163729,-0.012987012987012991
2015-03-09,11350,11600,11300,11400,320689,0.0
2015-03-10,11250,11400,11050,11200,149399,-0.01754385964912286
2015-03-11,11100,11300,11000,11000,83804,-0.017857142857142905
2015-03-12,11050,11500,10950,11500,102489,0.045454545454545414
2015-03-13,11500,11600,11350,11400,135244,-0.008695652173912993
2015-03-16,11400,11400,11050,11350,125595,-0.004385964912280715
2015-03-17,11300,11800,11250,11600,199514,0.022026431718061623
2015-03-18,11750,11750,11300,11300,207739,-0.025862068965517238
2015-03-19,11200,11750,11200,11450,157955,0.01327433628318575
2015-03-20,11350,11750,11350,11600,137673,0.013100436681222627
2015-03-23,11550,11800,11350,11450,135700,-0.012931034482758674
2015-03-24,11400,12000,11350,12000,214375,0.048034934497816595
2015-03-25,11900,12200,11700,12200,166620,0.016666666666666607
2015-03-26,12200,12350,11850,12100,232315,-0.008196721311475419
2015-03-27,12100,12800,11800,12600,263048,0.04132231404958686
2015-03-30,12650,13200,12450,12950,216685,0.02777777777777768
2015-03-31,12850,13750,12850,13750,466202,0.061776061776061875
2015-04-01,13600,13700,13150,13500,273054,-0.018181818181818188
2015-04-02,13350,13750,13350,13550,204455,0.0037037037037037646
2015-04-03,13500,13650,13150,13250,102338,-0.022140221402214055
2015-04-06,13150,13500,12900,13050,167035,-0.015094339622641506
2015-04-07,13050,13150,12600,12950,181439,-0.007662835249042099
2015-04-08,12900,13650,12900,13550,231552,0.04633204633204624
2015-04-09,13500,13550,12750,12950,233230,-0.044280442804428
2015-04-10,13100,13400,12950,13200,322359,0.019305019305019266
2015-04-13,13100,13450,13100,13450,209235,0.018939393939394034
2015-04-14,13250,13600,12950,13300,246045,-0.01115241635687736
2015-04-15,13250,13700,12900,13300,268433,0.0
2015-04-16,13200,13450,12900,13150,173341,-0.011278195488721776
2015-04-17,13150,13600,13000,13500,235457,0.026615969581748944
2015-04-20,13300,14000,13250,13800,297181,0.022222222222222143
2015-04-21,14050,14150,13750,13800,190069,0.0
2015-04-22,13850,13950,13200,13400,194392,-0.02898550724637683
2015-04-23,13400,13550,13000,13200,270908,-0.014925373134328401
2015-04-24,13300,13600,12950,13100,179935,-0.007575757575757569
2015-04-27,13050,13300,12950,13150,110990,0.003816793893129722
2015-04-28,13250,13450,13000,13150,98390,0.0
2015-04-29,13250,13700,13200,13450,118053,0.02281368821292773
2015-04-30,13700,13850,13450,13750,199675,0.02230483271375472
2015-05-04,13600,13950,13600,13800,166213,0.0036363636363636598
2015-05-06,13700,13750,12650,12900,302055,-0.06521739130434778
2015-05-07,12800,12950,12450,12750,194629,-0.011627906976744207
2015-05-08,12750,13400,12750,13400,109410,0.050980392156862786
2015-05-11,13450,13650,13200,13400,95403,0.0
2015-05-12,13300,13550,13300,13550,117586,0.011194029850746245
2015-05-13,13500,13650,13350,13650,89848,0.007380073800737907
2015-05-14,13500,13650,13350,13350,97875,-0.02197802197802201
2015-05-15,13350,13650,13300,13650,86182,0.022471910112359605
2015-05-18,13750,13750,13400,13700,79845,0.00366300366300365
2015-05-19,13550,13700,13350,13700,100774,0.0
2015-05-20,13550,13800,13450,13750,133121,0.0036496350364962904
2015-05-21,13550,13800,13300,13800,279991,0.0036363636363636598
2015-05-22,13800,13900,13500,13600,219980,-0.01449275362318836
2015-05-26,13500,13900,13400,13650,167620,0.003676470588235281
2015-05-27,13550,13800,13400,13600,103491,-0.00366300366300365
2015-05-28,13700,13700,13250,13250,231474,-0.02573529411764708
2015-05-29,13450,14500,13300,14200,240950,0.07169811320754715
2015-06-01,14200,14300,13850,13850,78633,-0.02464788732394363
2015-06-02,13850,14200,13500,13850,96858,0.0
2015-06-03,13650,14000,13500,13500,70219,-0.02527075812274371
2015-06-04,13450,13850,13400,13700,95632,0.014814814814814836
2015-06-05,13650,13950,13550,13600,65580,-0.007299270072992692
2015-06-08,13600,13700,13400,13600,173822,0.0
2015-06-09,13600,13800,13600,13700,117389,0.007352941176470562
2015-06-10,13600,14200,13600,14200,294443,0.03649635036496357
2015-06-11,14300,14400,13850,14200,111295,0.0
2015-06-12,14200,14400,13950,14200,258385,0.0
2015-06-15,14200,14700,14100,14700,443020,0.035211267605633756
2015-06-16,14850,14900,14350,14750,182955,0.00340136054421758
2015-06-17,14450,14900,14400,14800,600199,0.003389830508474523
2015-06-18,15250,15450,14600,15100,241845,0.020270270270270174
2015-06-19,15200,15550,15000,15200,230015,0.0066225165562914245
2015-06-22,15200,15400,14900,15050,95719,-0.009868421052631526
2015-06-23,15050,15400,14700,15350,99560,0.019933554817275656
2015-06-24,15500,15550,15200,15500,153258,0.009771986970684043
2015-06-25,15500,15850,15300,15500,129583,0.0
2015-06-26,15700,15900,15400,15900,157959,0.02580645161290329
2015-06-29,15850,16100,15450,15850,145012,-0.0031446540880503138
2015-06-30,15700,16300,15200,15850,234697,0.0
2015-07-01,15600,16300,15600,16000,236584,0.009463722397476282
2015-07-02,16000,16050,15650,15800,210181,-0.012499999999999956
2015-07-03,15800,16000,15300,15750,188400,-0.0031645569620253333
2015-07-06,15500,15950,15500,15900,228774,0.00952380952380949
2015-07-07,15750,16250,15750,16150,227213,0.01572327044025168
2015-07-08,16100,16200,15750,15950,121976,-0.012383900928792602
2015-07-09,15850,15850,15150,15500,236271,-0.028213166144200663
2015-07-10,15400,16200,15400,16100,2942428,0.03870967741935494
2015-07-13,16800,16800,15900,16450,303232,0.021739130434782705
2015-07-14,16400,16500,16200,16350,203614,-0.006079027355623046
2015-07-15,16200,16700,16150,16650,195960,0.0183486238532109
2015-07-16,16800,16850,16450,16550,95260,-0.006006006006005982
2015-07-17,16500,17100,16450,16700,72589,0.009063444108761365
2015-07-20,16650,16700,16300,16550,88508,-0.008982035928143728
2015-07-21,16550,16700,15950,16600,123060,0.0030211480362538623
2015-07-22,16450,16450,16000,16000,134444,-0.03614457831325302
2015-07-23,16100,16100,15300,15800,93991,-0.012499999999999956
2015-07-24,15800,15850,15450,15450,105677,-0.022151898734177222
2015-07-27,15150,15800,15150,15700,98628,0.016181229773462702
2015-07-28,15450,16000,15250,15800,154423,0.006369426751592355
2015-07-29,15700,15850,15500,15850,246329,0.0031645569620253333
2015-07-30,15650,15950,15500,15750,105122,-0.006309148264984188
2015-07-31,15500,16000,15500,15950,92385,0.012698412698412653
2015-08-03,16000,16150,15850,16050,190393,0.006269592476489061
2015-08-04,16050,16300,15700,16050,96855,0.0
2015-08-05,16000,16150,15650,16050,85985,0.0
2015-08-06,16050,16300,15800,16200,172328,0.009345794392523255
2015-08-07,15900,16450,15800,16350,122564,0.0092592592592593
2015-08-10,16600,16600,16050,16250,91127,-0.006116207951070374
2015-08-11,16300,16450,16100,16250,89711,0.0
2015-08-12,15800,16000,15250,15650,189936,-0.03692307692307695
2015-08-13,15350,15750,15300,15700,149443,0.0031948881789136685
2015-08-17,15550,16000,15400,15750,121530,0.0031847133757962887
2015-08-18,15600,16250,15550,15900,122099,0.00952380952380949
2015-08-19,15650,15900,15300,15800,124507,-0.0062893081761006275
2015-08-20,15800,16150,15550,15950,66253,0.009493670886076
2015-08-21,15600,16000,15050,15750,271718,-0.01253918495297801
2015-08-24,15600,15800,14450,15200,260250,-0.03492063492063491
2015-08-25,15000,15400,14400,15400,235807,0.013157894736842035
2015-08-26,15400,15500,15050,15400,33333,0.0
2015-08-27,15500,16000,15450,15750,101487,0.022727272727272707
2015-08-28,15850,16100,15500,15650,100069,-0.006349206349206327
2015-08-31,15800,16300,15450,16300,107560,0.04153354632587858
2015-09-01,16300,16300,15700,15900,106546,-0.024539877300613466
2015-09-02,15550,15750,15400,15650,65479,-0.01572327044025157
2015-09-03,15600,15950,15600,15700,40773,0.0031948881789136685
2015-09-04,15900,15950,15000,15200,128034,-0.031847133757961776
2015-09-07,15200,15200,14900,14900,71066,-0.019736842105263164
2015-09-08,14700,15000,14600,14600,63302,-0.020134228187919434
2015-09-09,14900,15000,14550,14850,103162,0.017123287671232834
2015-09-10,14850,15050,14500,14750,127291,-0.006734006734006703
2015-09-11,14750,15350,14600,15250,71685,0.03389830508474567
2015-09-14,15300,15300,14900,15300,61114,0.003278688524590123
2015-09-15,15350,15350,14950,14950,31978,-0.022875816993464082
2015-09-16,15000,15350,14900,15300,65867,0.02341137123745818
2015-09-17,15500,15500,14850,15350,144088,0.0032679738562091387
2015-09-18,15400,15800,15100,15500,141850,0.009771986970684043
2015-09-21,15350,15700,15200,15350,78365,-0.009677419354838679
2015-09-22,15350,15550,15100,15300,97376,-0.0032573289902280145
2015-09-23,15250,15300,14500,14500,106627,-0.05228758169934644
2015-09-24,14500,14800,14250,14450,140334,-0.0034482758620689724
2015-09-25,14500,14550,14300,14450,110172,0.0
2015-09-30,14200,14700,14200,14400,348074,-0.0034602076124568004
2015-10-01,14350,14950,14350,14500,116117,0.00694444444444442
2015-10-02,14650,14900,14600,14900,107032,0.02758620689655178
2015-10-05,14800,15150,14750,15050,53269,0.010067114093959662
2015-10-06,15200,15200,14800,14800,184757,-0.01661129568106312
2015-10-07,14650,14900,14550,14750,134791,-0.0033783783783783994
2015-10-08,14600,14900,14200,14900,486725,0.01016949152542379
2015-10-12,14750,15000,14650,14850,114505,-0.003355704697986628
2015-10-13,14700,15000,14700,14950,87738,0.006734006734006703
2015-10-14,15100,15100,14200,14850,65286,-0.006688963210702337
2015-10-15,14900,15050,14650,14850,90128,0.0
2015-10-16,14550,15000,14500,14700,165329,-0.010101010101010055
2015-10-19,14800,15000,14600,14950,130600,0.017006802721088343
2015-10-20,14950,15350,14750,15300,152263,0.02341137123745818
2015-10-21,15300,15350,14900,14950,78739,-0.022875816993464082
2015-10-22,15000,15050,14450,14700,91928,-0.01672240802675584
2015-10-23,14650,15100,14650,14900,74581,0.013605442176870763
2015-10-26,14800,15100,14750,15050,68286,0.010067114093959662
2015-10-27,14950,15200,14900,15100,46649,0.0033222591362125353
2015-10-28,14950,15050,14700,14700,46124,-0.026490066225165587
2015-10-29,14750,14850,14550,14850,54878,0.010204081632652962
2015-10-30,14900,14900,14250,14650,136152,-0.013468013468013518
2015-11-02,14450,14650,14250,14300,142063,-0.023890784982935176
2015-11-03,14300,14400,13850,14250,192953,-0.0034965034965035446
2015-11-04,14100,14400,14050,14400,67254,0.010526315789473717
2015-11-05,14300,14500,14050,14500,62975,0.00694444444444442
2015-11-06,14500,14500,14100,14200,81639,-0.020689655172413834
2015-11-09,14000,14450,14000,14350,74902,0.010563380281690238
2015-11-10,14350,14350,13800,13850,134521,-0.03484320557491294
2015-11-11,13700,13850,13250,13600,161151,-0.018050541516245522
2015-11-12,13400,13850,13400,13800,69997,0.014705882352941124
2015-11-13,13550,13750,12950,13550,115787,-0.018115942028985477
2015-11-16,13150,13800,13150,13600,109345,0.0036900369003689537
2015-11-17,13500,13700,13250,13600,109787,0.0
2015-11-18,13600,13700,13200,13700,141803,0.007352941176470562
2015-11-19,13600,13800,13400,13750,138279,0.0036496350364962904
2015-11-20,13700,13900,13400,13600,101551,-0.010909090909090868
2015-11-23,13400,13550,13200,13400,183087,-0.014705882352941124
2015-11-24,13400,13600,13200,13400,57243,0.0
2015-11-25,13300,13950,13300,13800,131803,0.029850746268656803
2015-11-26,13850,14150,13550,14150,122782,0.0253623188405796
2015-11-27,13950,14200,13550,13550,78765,-0.04240282685512364
2015-11-30,13500,13550,13300,13500,94980,-0.0036900369003689537
2015-12-01,13450,13750,13250,13650,115314,0.011111111111111072
2015-12-02,13400,13550,13300,13300,62394,-0.02564102564102566
2015-12-03,13150,13400,12900,12950,87752,-0.02631578947368418
2015-12-04,12950,13200,12850,13200,81323,0.019305019305019266
2015-12-07,13200,13350,12850,13300,104937,0.007575757575757569
2015-12-08,13300,13350,12900,13250,127833,-0.003759398496240629
2015-12-09,13050,13250,12750,12900,129070,-0.026415094339622636
2015-12-10,12750,13000,12600,13000,192427,0.007751937984496138
2015-12-11,13050,13100,12500,12750,125945,-0.019230769230769273
2015-12-14,12500,12600,12000,12150,247026,-0.04705882352941182
2015-12-15,12050,12400,12050,12400,203349,0.020576131687242816
2015-12-16,12400,12600,11950,12500,230077,0.008064516129032251
2015-12-17,12500,12850,12200,12800,171821,0.02400000000000002
2015-12-18,12800,13050,12300,13000,148504,0.015625
2015-12-21,13100,13100,12450,12500,124304,-0.038461538461538436
2015-12-22,12500,12800,12350,12700,68802,0.016000000000000014
2015-12-23,12550,12750,12450,12600,79910,-0.007874015748031482
2015-12-24,12600,12750,12500,12700,67382,0.007936507936507908
2015-12-28,12750,12750,12200,12250,86149,-0.03543307086614178
2015-12-29,12250,12400,12150,12400,61108,0.012244897959183598
2015-12-30,12300,13050,12200,13000,130288,0.048387096774193505
2016-01-04,12900,13200,12300,12900,172797,-0.007692307692307665
2016-01-05,12600,12950,12350,12850,245325,-0.003875968992248069
2016-01-06,12950,12950,12000,12900,301367,0.0038910505836575737
2016-01-07,12900,12950,12500,12900,280727,0.0
2016-01-08,12900,12950,12500,12800,221002,-0.007751937984496138
2016-01-11,12600,12700,12000,12050,256155,-0.05859375
2016-01-12,12050,12200,11800,12050,204638,0.0
2016-01-13,12050,12200,11900,12100,131819,0.004149377593360981
2016-01-14,12000,12350,11850,12200,181730,0.008264462809917328
2016-01-15,12200,12250,11850,11850,62231,-0.02868852459016391
2016-01-18,11750,12050,11600,12000,135895,0.012658227848101333
2016-01-19,12000,12100,11800,12100,90244,0.008333333333333304
2016-01-20,11950,12100,10600,11450,418169,-0.05371900826446285
2016-01-21,11200,11500,10850,11500,345749,0.004366812227074135
2016-01-22,11500,11700,11150,11500,191243,0.0
2016-01-25,11500,11700,11450,11500,62357,0.0
2016-01-26,11400,11700,11300,11650,78522,0.01304347826086949
2016-01-27,11500,11750,11300,11600,85260,-0.0042918454935622075
2016-01-28,11600,12000,11400,11900,111892,0.02586206896551735
2016-01-29,11900,12350,11650,12350,97352,0.037815126050420256
2016-02-01,12200,12450,11900,12100,191278,-0.020242914979757054
2016-02-02,11950,12150,11750,12000,116128,-0.008264462809917328
2016-02-03,11950,12050,11650,11900,78146,-0.008333333333333304
2016-02-04,11900,12100,11750,12050,64705,0.012605042016806678
2016-02-05,12150,12800,12050,12600,110062,0.045643153526971014
2016-02-11,12150,12650,12100,12300,66731,-0.023809523809523836
2016-02-12,12300,12300,11400,11650,157858,-0.05284552845528456
2016-02-15,11650,12200,11600,11950,97666,0.025751072961373467
2016-02-16,11950,12900,11850,12650,98214,0.05857740585774063
2016-02-17,12650,12750,11550,11800,221493,-0.06719367588932801
2016-02-18,11850,12100,11850,11950,72699,0.012711864406779627
2016-02-19,11850,12300,11850,12100,92749,0.012552301255230214
2016-02-22,12150,12200,11900,12150,47058,0.004132231404958775
2016-02-23,12100,12450,12100,12200,70394,0.004115226337448652
2016-02-24,12100,12200,11900,11950,49430,-0.020491803278688492
2016-02-25,11950,12250,11950,12100,55770,0.012552301255230214
2016-02-26,12100,12300,11850,11900,79568,-0.016528925619834656
2016-02-29,11900,12400,11850,12400,85930,0.04201680672268915
2016-03-02,12500,12550,12150,12450,57419,0.0040322580645162365
2016-03-03,12250,12450,12150,12300,63940,-0.012048192771084376
2016-03-04,12200,12300,12050,12250,70028,-0.004065040650406471
2016-03-07,12250,12300,11950,11950,110879,-0.024489795918367308
2016-03-08,11950,12400,11850,12300,59232,0.029288702928870203
2016-03-09,12200,12550,12000,12450,84483,0.012195121951219523
2016-03-10,12350,12400,12100,12300,60902,-0.012048192771084376
2016-03-11,12200,12500,12150,12400,37556,0.008130081300812941
2016-03-14,12350,12400,12150,12200,64793,-0.016129032258064502
2016-03-15,12100,12550,12050,12500,85220,0.024590163934426146
2016-03-16,12300,12700,12200,12600,64381,0.008000000000000007
2016-03-17,12600,12700,12400,12650,90893,0.003968253968253954
2016-03-18,12550,12650,12300,12300,61811,-0.02766798418972327
2016-03-21,12300,12450,12050,12400,111167,0.008130081300812941
2016-03-22,12350,12350,11900,12150,138245,-0.020161290322580627
2016-03-23,12050,12400,11850,12250,159721,0.008230452674897082
2016-03-24,12150,12500,12050,12500,98207,0.020408163265306145
2016-03-25,12500,12500,12100,12100,74781,-0.03200000000000003
2016-03-28,12100,12500,12100,12450,67469,0.02892561983471076
2016-03-29,12450,12500,12250,12350,61750,-0.008032128514056214
2016-03-30,12350,12450,11900,12400,241479,0.004048582995951344
2016-03-31,12300,12500,12050,12350,159157,-0.0040322580645161255
2016-04-01,12500,12800,12300,12800,137990,0.036437246963562764
2016-04-04,12700,12800,12400,12450,56062,-0.02734375
2016-04-05,12400,12550,12100,12500,120882,0.004016064257028162
2016-04-06,12400,12550,12200,12350,81608,-0.01200000000000001
2016-04-07,12350,12500,12200,12450,72382,0.00809716599190291
2016-04-08,12450,12500,12200,12500,119920,0.004016064257028162
2016-04-11,12400,12450,12250,12450,77974,-0.0040000000000000036
2016-04-12,12350,12400,12200,12300,77747,-0.012048192771084376
2016-04-14,12300,12600,12300,12500,69579,0.016260162601626105
2016-04-15,12500,12650,12350,12600,92839,0.008000000000000007
2016-04-18,12550,12600,12300,12500,91057,-0.007936507936507908
2016-04-19,12500,12700,12400,12500,42392,0.0
2016-04-20,12500,12750,12400,12550,94246,0.0040000000000000036
2016-04-21,12600,12900,12500,12800,61782,0.019920318725099584
2016-04-22,12900,12900,12600,12600,60952,-0.015625
2016-04-25,12600,12650,12500,12600,49371,0.0
2016-04-26,12600,12850,12450,12750,130165,0.011904761904761862
2016-04-27,12750,12850,12500,12600,98982,-0.0117647058823529
2016-04-28,12500,12750,12400,12550,142913,-0.003968253968253954
2016-04-29,12500,12700,12450,12650,48817,0.007968127490039834
2016-05-02,12650,12700,12450,12600,56569,-0.0039525691699604515
2016-05-03,12500,12800,12500,12750,34354,0.011904761904761862
2016-05-04,12600,12650,12450,12500,64314,-0.019607843137254943
2016-05-09,12550,12550,12150,12200,87977,-0.02400000000000002
2016-05-10,12200,12400,12200,12400,39631,0.016393442622950838
2016-05-11,12400,12450,12100,12150,81179,-0.020161290322580627
2016-05-12,12150,12200,12000,12050,81852,-0.008230452674897082
2016-05-13,12000,12100,11800,11850,88330,-0.016597510373444035
2016-05-16,11850,11950,11650,11850,175800,0.0
2016-05-17,11800,11900,11600,11600,151649,-0.021097046413502074
2016-05-18,11600,11650,11400,11550,116657,-0.004310344827586188
2016-05-19,11450,11650,11450,11550,40411,0.0
2016-05-20,11400,11850,11300,11600,143272,0.0043290043290042934
2016-05-23,11500,11650,11400,11550,47272,-0.004310344827586188
2016-05-24,11550,11550,11400,11500,27597,-0.0043290043290042934
2016-05-25,11500,11800,11350,11750,62187,0.021739130434782705
2016-05-26,11600,11700,11400,11450,102718,-0.025531914893617058
2016-05-27,11400,11700,11350,11650,42507,0.017467248908296984
2016-05-30,11550,11700,11450,11650,97147,0.0
2016-05-31,11650,12100,11500,12050,192021,0.03433476394849788
2016-06-01,12050,12050,11650,11950,167637,-0.008298755186721962
2016-06-02,11750,12100,11750,11950,73073,0.0
2016-06-03,11950,11950,11650,11800,98150,-0.012552301255230103
2016-06-07,11750,12100,11700,12050,64258,0.021186440677966045
2016-06-08,11900,12100,11850,12050,52621,0.0
2016-06-09,11900,12100,11850,11900,88826,-0.012448132780082943
2016-06-10,11850,12000,11800,12000,69835,0.008403361344537785
2016-06-13,11900,12000,11550,11700,90850,-0.025000000000000022
2016-06-14,11600,11850,11600,11850,39709,0.012820512820512775
2016-06-15,11850,11850,11700,11850,37710,0.0
2016-06-16,11750,11850,11550,11850,64247,0.0
2016-06-17,11900,11950,11700,11900,72506,0.00421940928270037
2016-06-20,11900,11900,11700,11750,63270,-0.012605042016806678
2016-06-21,11750,11900,11600,11850,67275,0.008510638297872353
2016-06-22,11700,12000,11700,12000,53003,0.012658227848101333
2016-06-23,11850,11950,11550,11800,92466,-0.01666666666666672
2016-06-24,11800,11900,11300,11500,102304,-0.025423728813559365
2016-06-27,11200,11700,10850,11700,317671,0.017391304347825987
2016-06-28,11750,11950,11450,11650,76051,-0.004273504273504258
2016-06-29,11650,11700,11400,11450,114950,-0.01716738197424894
2016-06-30,11400,11850,11300,11750,96174,0.026200873362445476
2016-07-01,11650,11900,11550,11800,86533,0.004255319148936065
2016-07-04,11750,11800,11550,11750,91527,-0.004237288135593209
2016-07-05,11750,11800,11500,11750,148136,0.0
2016-07-06,11650,11850,11300,11700,124925,-0.004255319148936176
2016-07-07,11600,11700,11550,11550,57033,-0.012820512820512775
2016-07-08,11500,11950,11500,11900,98230,0.030303030303030276
2016-07-11,11900,12200,11750,12050,94376,0.012605042016806678
2016-07-12,11950,12150,11750,12050,137581,0.0
2016-07-13,12150,12200,11800,12050,170887,0.0
2016-07-14,11950,12150,11900,12150,102576,0.008298755186721962
2016-07-15,12050,12350,12050,12200,100607,0.004115226337448652
2016-07-18,12150,12250,12000,12050,63239,-0.012295081967213073
2016-07-19,12000,12100,11750,11800,101030,-0.020746887966805017
2016-07-20,11800,11950,11650,11900,104413,0.008474576271186418
2016-07-21,11800,11950,11700,11800,101622,-0.008403361344537785
2016-07-22,11750,12050,11750,12000,58574,0.016949152542372836
2016-07-25,11950,12150,11950,12050,61841,0.004166666666666652
2016-07-26,12050,12350,12050,12350,48587,0.024896265560165887
2016-07-27,12350,12500,12150,12400,68294,0.004048582995951344
2016-07-28,12600,12600,12250,12250,31141,-0.012096774193548376
2016-07-29,12200,12550,12100,12400,175763,0.012244897959183598
2016-08-01,12300,12450,12200,12300,150437,-0.008064516129032251
2016-08-02,12300,12400,12150,12200,71286,-0.008130081300813052
2016-08-03,12200,12300,12050,12150,53915,-0.004098360655737654
2016-08-04,12100,12200,12000,12050,62506,-0.008230452674897082
2016-08-05,12000,12150,11900,12050,50329,0.0
2016-08-08,12100,12450,12000,12200,115750,0.012448132780082943
2016-08-09,12300,12500,12200,12350,106079,0.012295081967213184
2016-08-10,12350,12450,12050,12350,131589,0.0
2016-08-11,12350,12450,12050,12150,136279,-0.01619433198380571
2016-08-12,12100,12200,12050,12050,53877,-0.008230452674897082
2016-08-16,12000,12150,11950,12000,45731,-0.004149377593360981
2016-08-17,12000,12000,11750,11800,66778,-0.01666666666666672
2016-08-18,11700,12050,11700,12050,94463,0.021186440677966045
2016-08-19,11950,11950,11750,11800,117921,-0.020746887966805017
2016-08-22,11800,11850,11750,11750,23732,-0.004237288135593209
2016-08-23,11750,11900,11700,11800,42146,0.004255319148936065
2016-08-24,11800,11950,11650,11900,68366,0.008474576271186418
2016-08-25,11800,11900,11750,11800,37722,-0.008403361344537785
2016-08-26,11800,11850,11700,11800,62439,0.0
2016-08-29,11750,11900,11750,11750,32624,-0.004237288135593209
2016-08-30,11750,11850,11650,11850,51569,0.008510638297872353
2016-08-31,11850,11850,11650,11750,81695,-0.008438818565400852
2016-09-01,11700,11800,11600,11700,73177,-0.004255319148936176
2016-09-02,11650,11750,11550,11550,78103,-0.012820512820512775
2016-09-05,11550,11800,11500,11750,96767,0.017316017316017396
2016-09-06,11650,11900,11650,11800,72954,0.004255319148936065
2016-09-07,11800,11900,11650,11650,84812,-0.012711864406779627
2016-09-08,11650,11800,11550,11800,71711,0.012875536480686733
2016-09-09,11650,11900,11600,11900,99844,0.008474576271186418
2016-09-12,11900,11900,11600,11800,66075,-0.008403361344537785
2016-09-13,11700,12000,11600,12000,79838,0.016949152542372836
2016-09-19,11950,12000,11300,11900,61109,-0.008333333333333304
2016-09-20,11900,11950,11700,11900,21690,0.0
2016-09-21,11800,11850,11700,11700,27900,-0.01680672268907568
2016-09-22,11700,11750,11600,11650,47178,-0.004273504273504258
2016-09-23,11750,11750,11400,11500,164962,-0.012875536480686733
2016-09-26,11500,11550,11350,11450,37990,-0.004347826086956497
2016-09-27,11400,11650,11350,11650,61837,0.017467248908296984
2016-09-28,11650,11900,11500,11800,119454,0.012875536480686733
2016-09-29,11800,12200,11500,12000,115941,0.016949152542372836
2016-09-30,11800,12050,11650,11800,210143,-0.01666666666666672
2016-10-04,11800,11850,11550,11600,127283,-0.016949152542372836
2016-10-05,11500,11600,11400,11500,195350,-0.008620689655172376
2016-10-06,11500,11550,11400,11550,73126,0.004347826086956497
2016-10-07,11550,11700,11450,11500,72659,-0.0043290043290042934
2016-10-10,11450,11500,11350,11350,36870,-0.013043478260869601
2016-10-11,11350,11400,11200,11400,65505,0.004405286343612369
2016-10-12,11400,11600,11250,11500,83998,0.00877192982456143
2016-10-13,11450,11600,11400,11550,42917,0.004347826086956497
2016-10-14,11650,11700,11500,11650,35457,0.008658008658008587
2016-10-17,11650,11700,11500,11500,72377,-0.012875536480686733
2016-10-18,11400,11550,11400,11500,50022,0.0
2016-10-19,11550,11600,11450,11450,59355,-0.004347826086956497
2016-10-20,11450,11650,11400,11650,31987,0.017467248908296984
2016-10-21,11650,12000,11300,12000,253384,0.030042918454935563
2016-10-24,12000,12000,11650,11750,235415,-0.02083333333333337
2016-10-25,11650,11750,11400,11500,118965,-0.021276595744680882
2016-10-26,11500,11550,11100,11450,285760,-0.004347826086956497
2016-10-27,11450,11500,11300,11350,54592,-0.008733624454148492
2016-10-28,11400,11400,11250,11300,44829,-0.004405286343612369
2016-10-31,11250,11300,11100,11250,71134,-0.004424778761061954
2016-11-01,11150,11250,11100,11250,24288,0.0
2016-11-02,11250,11250,10600,10900,318253,-0.03111111111111109
2016-11-03,10850,10950,10750,10850,27123,-0.004587155963302725
2016-11-04,10850,10850,10700,10700,42775,-0.01382488479262678
2016-11-07,10650,10900,10650,10850,41481,0.014018691588784993
2016-11-08,10850,10850,10550,10600,69133,-0.02304147465437789
2016-11-09,10600,10800,9950,10400,252151,-0.018867924528301883
2016-11-10,10700,10750,10400,10650,61237,0.024038461538461453
2016-11-11,10750,10950,10650,10850,51381,0.018779342723004744
2016-11-14,10850,10850,10650,10700,10692,-0.01382488479262678
2016-11-15,10700,10800,10450,10700,49893,0.0
2016-11-16,10700,11150,10550,11100,116431,0.03738317757009346
2016-11-17,11200,11300,10950,11200,31489,0.009009009009008917
2016-11-18,11200,11600,11100,11500,121215,0.02678571428571419
2016-11-21,11600,11600,11100,11500,69392,0.0
2016-11-22,11350,11500,11100,11100,71952,-0.034782608695652195
2016-11-23,11100,11500,11100,11500,105698,0.03603603603603611
2016-11-24,11350,11600,11300,11400,156459,-0.008695652173912993
2016-11-25,11300,11350,11100,11250,27772,-0.013157894736842146
2016-11-28,11150,11350,11100,11300,72147,0.004444444444444473
2016-11-29,11200,11400,11150,11250,22106,-0.004424778761061954
2016-11-30,11400,11400,11050,11400,73576,0.01333333333333342
2016-12-01,11250,11450,11250,11350,28678,-0.004385964912280715
2016-12-02,11250,11400,11250,11300,47650,-0.004405286343612369
2016-12-05,11300,11300,11150,11150,19503,-0.013274336283185861
2016-12-06,11150,11200,11100,11100,5786,-0.004484304932735439
2016-12-07,11150,11450,10900,11400,57762,0.027027027027026973
2016-12-08,11300,11450,11150,11400,48357,0.0
2016-12-09,11300,11550,11200,11350,84769,-0.004385964912280715
2016-12-12,11300,11350,11150,11150,84613,-0.017621145374449365
2016-12-13,11150,11250,10950,11150,95876,0.0
2016-12-14,11100,11350,11050,11200,75286,0.004484304932735439
2016-12-15,11200,11200,11000,11150,75639,-0.004464285714285698
2016-12-16,11200,11500,11150,11500,74871,0.03139013452914807
2016-12-19,11350,11550,11350,11500,45377,0.0
2016-12-20,11500,11500,11300,11300,22117,-0.017391304347826098
2016-12-21,11300,11600,11300,11500,40882,0.017699115044247815
2016-12-22,11500,11500,11250,11250,31205,-0.021739130434782594
2016-12-23,11350,11350,11100,11150,19717,-0.008888888888888835
2016-12-26,11200,11200,11000,11100,42728,-0.004484304932735439
2016-12-27,11100,11350,11000,11300,89251,0.018018018018018056
2016-12-28,11300,11300,11000,11200,63936,-0.008849557522123908
2016-12-29,11250,11250,11000,11100,50169,-0.008928571428571397
2017-01-02,11150,11150,11000,11100,14634,0.0
2017-01-03,11100,11150,10950,11000,35912,-0.009009009009009028
2017-01-04,11050,11100,10850,10900,44488,-0.009090909090909038
2017-01-05,10850,11150,10850,11050,21145,0.013761467889908285
2017-01-06,11150,11150,11000,11050,31614,0.0
2017-01-09,11050,11150,10950,11150,35327,0.009049773755656076
2017-01-10,11300,11300,10900,11100,60726,-0.004484304932735439
2017-01-11,11050,11050,10800,10850,82740,-0.022522522522522515
2017-01-12,10850,10900,10750,10850,16844,0.0
2017-01-13,10800,11050,10800,10950,33851,0.009216589861751112
2017-01-16,10950,11000,10850,10900,32056,-0.004566210045662156
2017-01-17,10900,11150,10850,10950,72330,0.004587155963302836
2017-01-18,10950,11050,10900,11050,25635,0.009132420091324311
2017-01-19,11100,11100,10950,11000,32269,-0.004524886877828038
2017-01-20,11050,11100,10950,11050,68685,0.00454545454545463
2017-01-23,11100,11100,10950,11000,11871,-0.004524886877828038
2017-01-24,11050,11050,10950,11000,11708,0.0
2017-01-25,11000,11000,10900,10900,15804,-0.009090909090909038
2017-01-26,11000,11000,10850,10950,22981,0.004587155963302836
2017-01-31,10950,10950,10850,10950,4212,0.0
2017-02-01,10950,11000,10800,10950,64188,0.0
2017-02-02,10950,11200,10950,11050,105273,0.009132420091324311
2017-02-03,11050,11150,11000,11050,29964,0.0
2017-02-06,11050,11200,11000,11100,47859,0.004524886877828038
2017-02-07,11150,11200,11000,11000,35286,-0.009009009009009028
2017-02-08,11100,11100,10950,11100,38886,0.009090909090909038
2017-02-09,11100,11350,11000,11150,193141,0.0045045045045044585
2017-02-10,11150,11300,11100,11250,74421,0.008968609865470878
2017-02-13,11300,11600,11200,11600,92813,0.03111111111111109
2017-02-14,11650,11700,11400,11700,81311,0.008620689655172376
2017-02-15,11750,11750,11500,11500,60236,-0.017094017094017144
2017-02-16,11500,11850,11500,11850,353281,0.0304347826086957
2017-02-17,11900,11900,11650,11800,22192,-0.00421940928270037
2017-02-20,11750,11750,11450,11500,43443,-0.025423728813559365
2017-02-21,11500,11600,11450,11500,368028,0.0
2017-02-22,11500,11600,11450,11450,40109,-0.004347826086956497
2017-02-23,11450,11650,11450,11550,74244,0.008733624454148492
2017-02-24,11550,11800,11450,11700,77094,0.01298701298701288
2017-02-27,11800,12100,11750,12100,109936,0.03418803418803429
2017-02-28,12100,12100,11750,11750,109212,-0.02892561983471076
2017-03-02,11750,12000,11750,11950,39031,0.017021276595744705
2017-03-03,11900,12050,11750,12000,53164,0.004184100418409997
2017-03-06,11900,12300,11800,12250,117101,0.02083333333333326
2017-03-07,12100,12250,11800,11850,75488,-0.03265306122448974
2017-03-08,11800,11900,11700,11850,196938,0.0
2017-03-09,11800,11950,11700,11950,92551,0.00843881856540074
2017-03-10,11950,11950,11600,11750,114570,-0.01673640167364021
2017-03-13,11700,11800,11650,11700,91304,-0.004255319148936176
2017-03-14,11650,11800,11650,11800,30696,0.008547008547008517
2017-03-15,11800,11850,11600,11600,58666,-0.016949152542372836
2017-03-16,11650,11750,11400,11700,212112,0.008620689655172376
2017-03-17,11600,11950,11600,11700,32288,0.0
2017-03-20,11700,11950,11700,11950,27015,0.02136752136752129
2017-03-21,11900,12100,11850,12100,31544,0.012552301255230214
2017-03-22,12100,12150,11700,12000,89880,-0.008264462809917328
2017-03-23,12000,12100,11850,12000,46258,0.0
2017-03-24,11900,12100,11900,11900,38531,-0.008333333333333304
2017-03-27,12000,12050,11800,11950,30976,0.004201680672268893
2017-03-28,12050,12100,11850,12000,47879,0.004184100418409997
2017-03-29,12050,12050,11850,11900,45844,-0.008333333333333304
2017-03-30,11850,12000,11850,11900,40450,0.0
2017-03-31,11950,12150,11900,12150,41542,0.021008403361344463
2017-04-03,12200,12250,12050,12200,56989,0.004115226337448652
2017-04-04,12100,12250,12050,12250,41164,0.004098360655737654
2017-04-05,12250,12300,12100,12250,70835,0.0
2017-04-06,12250,12300,12150,12200,32327,-0.004081632653061273
2017-04-07,12200,12400,12200,12300,59858,0.008196721311475308
2017-04-10,12300,12300,11850,12100,124863,-0.016260162601625994
2017-04-11,12000,12200,11850,12150,62905,0.004132231404958775
2017-04-12,12150,12300,12150,12250,50695,0.008230452674897082
2017-04-13,12250,12300,12100,12300,61805,0.004081632653061273
2017-04-14,12350,12350,12100,12100,49550,-0.016260162601625994
2017-04-17,12150,12450,12150,12300,57455,0.016528925619834656
2017-04-18,12350,12500,12350,12500,47823,0.016260162601626105
2017-04-19,12500,12500,12100,12200,74307,-0.02400000000000002
2017-04-20,12150,12200,12100,12150,83545,-0.004098360655737654
2017-04-21,12100,12300,12050,12050,50103,-0.008230452674897082
2017-04-24,12100,12450,12100,12400,52432,0.029045643153526868
2017-04-25,12450,12550,12350,12550,51454,0.012096774193548487
2017-04-26,12600,12650,12400,12500,79810,-0.003984063745019917
2017-04-27,12500,12600,12400,12550,42167,0.0040000000000000036
2017-04-28,12450,12700,12400,12700,58885,0.01195219123505975
2017-05-02,12750,13100,12750,12800,70872,0.007874015748031482
2017-05-04,12800,13500,12750,13450,165069,0.05078125
2017-05-08,13550,13600,13150,13600,110652,0.011152416356877248
2017-05-10,13500,14150,13500,13700,124784,0.007352941176470562
2017-05-11,13600,13950,13500,13950,86598,0.018248175182481674
2017-05-12,13850,14050,13650,14000,112574,0.0035842293906809264
2017-05-15,13850,14050,13700,14000,136523,0.0
2017-05-16,14000,14250,13850,14100,143315,0.0071428571428571175
2017-05-17,14000,14100,13700,14100,166841,0.0
2017-05-18,13900,14250,13900,13950,109961,-0.010638297872340385
2017-05-19,14000,14300,14000,14050,96021,0.007168458781362075
2017-05-22,14000,14200,13850,14150,111224,0.007117437722419906
2017-05-23,14250,14450,14150,14400,109377,0.0176678445229681
2017-05-24,14450,14450,14200,14250,79593,-0.01041666666666663
2017-05-25,14300,14650,14000,14650,326423,0.02807017543859658
2017-05-26,14650,14700,14500,14700,77398,0.0034129692832765013
2017-05-29,14700,14750,14250,14300,110559,-0.027210884353741527
2017-05-30,14200,14450,14200,14250,49054,-0.0034965034965035446
2017-05-31,14250,14500,14150,14250,91952,0.0
2017-06-01,14200,14600,14200,14600,105674,0.024561403508772006
2017-06-02,14600,14800,14350,14500,95833,-0.006849315068493178
2017-06-05,14650,14700,14300,14450,105229,-0.0034482758620689724
2017-06-07,14400,14600,14350,14400,85446,-0.0034602076124568004
2017-06-08,14350,14700,14150,14700,109005,0.02083333333333326
2017-06-09,14550,14700,14300,14650,159593,-0.003401360544217691
2017-06-12,14450,15000,14400,15000,139667,0.023890784982935065
2017-06-13,15150,15200,14750,14950,124990,-0.0033333333333332993
2017-06-14,14950,15100,14550,15100,200080,0.010033444816053505
2017-06-15,15100,15100,14800,14950,103317,-0.009933774834437137
2017-06-16,14950,14950,14500,14800,193998,-0.010033444816053505
2017-06-19,14750,14750,14400,14500,109934,-0.020270270270270285
2017-06-20,14500,14650,14200,14250,116035,-0.017241379310344862
2017-06-21,14100,14250,13950,14050,116110,-0.01403508771929829
2017-06-22,14050,14100,13750,14050,168362,0.0
2017-06-23,14150,14300,14050,14150,99061,0.007117437722419906
2017-06-26,14300,14300,13950,14150,55970,0.0
2017-06-27,14150,14200,13900,13900,110754,-0.017667844522968212
2017-06-28,13900,13950,13800,13850,98716,-0.003597122302158251
2017-06-29,13950,14450,13950,14400,209043,0.03971119133573997
2017-06-30,14500,14500,14150,14250,54510,-0.01041666666666663
2017-07-03,14350,14400,14000,14050,66120,-0.01403508771929829
2017-07-04,14100,14300,14000,14050,93323,0.0
2017-07-05,14050,14200,13900,14000,73204,-0.003558718861209953
2017-07-06,13950,14300,13800,14300,183869,0.021428571428571352
2017-07-07,14200,14550,14200,14550,117116,0.0174825174825175
2017-07-10,14650,14850,14500,14700,95011,0.010309278350515427
2017-07-11,14900,15150,14700,15050,111309,0.023809523809523725
2017-07-12,15150,15150,14750,15050,81687,0.0
2017-07-13,15050,15200,14900,15150,107581,0.006644518272425293
2017-07-14,15050,15400,15050,15400,33976,0.01650165016501659
2017-07-17,15400,15500,15300,15450,63194,0.0032467532467532756
2017-07-18,15550,15550,15100,15200,63692,-0.016181229773462813
2017-07-19,15050,15650,15050,15600,69280,0.026315789473684292
2017-07-20,15450,15650,15250,15650,79236,0.0032051282051281937
2017-07-21,15650,15700,15300,15700,103222,0.0031948881789136685
2017-07-24,15700,15700,15400,15450,76353,-0.015923566878980888
2017-07-25,15500,15750,15400,15400,90093,-0.003236245954692518
2017-07-26,15400,15650,15350,15550,60018,0.009740259740259827
2017-07-27,15500,15600,15350,15500,56718,-0.003215434083601254
2017-07-28,15400,15550,15000,15000,66095,-0.032258064516129004
2017-07-31,14900,15200,14700,15200,137162,0.01333333333333342
2017-08-01,15200,15550,15100,15450,53596,0.016447368421052655
2017-08-02,15500,15600,15150,15400,51415,-0.003236245954692518
2017-08-03,15300,15300,14950,14950,73904,-0.02922077922077926
2017-08-04,14950,15250,14900,15250,31021,0.02006688963210701
2017-08-07,15100,15300,15100,15250,23441,0.0
2017-08-08,15350,15650,15150,15600,43191,0.022950819672131084
2017-08-09,15550,15650,15450,15550,50052,-0.0032051282051281937
2017-08-10,15550,15600,14550,15450,201509,-0.006430868167202619
2017-08-11,15350,15450,15000,15300,72246,-0.009708737864077666
2017-08-14,15400,15400,15150,15300,31820,0.0
2017-08-16,15250,15450,15100,15250,55063,-0.0032679738562091387
2017-08-17,15350,15350,15150,15250,29398,0.0
2017-08-18,15150,15400,15150,15400,20674,0.009836065573770592
2017-08-21,15350,15600,15250,15600,38860,0.01298701298701288
2017-08-22,15650,15750,15550,15750,30508,0.009615384615384581
2017-08-23,15750,15750,15350,15350,40457,-0.025396825396825418
2017-08-24,15450,15750,15400,15700,32477,0.0228013029315961
2017-08-25,15750,15850,15600,15750,29271,0.0031847133757962887
2017-08-28,15800,16000,15600,15850,35675,0.006349206349206327
2017-08-29,15950,16000,15650,15700,31867,-0.009463722397476393
2017-08-30,15700,15750,15300,15700,41802,0.0
2017-08-31,15700,16750,15500,16750,129721,0.06687898089171984
2017-09-01,16700,16700,15950,16300,106307,-0.0268656716417911
2017-09-04,15900,16450,15850,15950,47533,-0.021472392638036797
2017-09-05,15850,16000,15600,15800,58302,-0.009404388714733591
2017-09-06,16000,16000,14900,15450,188712,-0.022151898734177222
2017-09-07,15350,16000,15200,15400,83672,-0.003236245954692518
2017-09-08,15450,15600,15000,15050,86708,-0.022727272727272707
2017-09-11,15000,15200,14850,15000,89795,-0.0033222591362126463
2017-09-12,15050,15200,14950,15100,42001,0.006666666666666599
2017-09-13,15000,15000,14850,15000,47917,-0.0066225165562914245
2017-09-14,15000,15000,14800,14950,41391,-0.0033333333333332993
2017-09-15,14850,15000,14800,15000,72422,0.0033444816053511683
2017-09-18,14850,15200,14850,15050,55684,0.0033333333333334103
2017-09-19,15200,15900,15000,15750,65041,0.04651162790697683
2017-09-20,15900,15950,15450,15650,53476,-0.006349206349206327
2017-09-21,15650,15950,15650,15850,43823,0.012779552715654896
2017-09-22,15850,16000,15650,15900,51522,0.003154574132492094
2017-09-25,15950,16000,15650,15950,51722,0.003144654088050425
2017-09-26,16150,16150,15650,15800,25211,-0.009404388714733591
2017-09-27,15800,16000,15250,15450,128541,-0.022151898734177222
2017-09-28,15500,16050,15500,16050,60233,0.03883495145631066
2017-09-29,16000,16450,15900,16450,92956,0.024922118380062308
2017-10-10,16450,16500,16300,16450,66926,0.0
2017-10-11,16350,16450,15500,15650,81004,-0.04863221884498481
2017-10-12,15750,16300,15700,15900,178399,0.015974440894568787
2017-10-13,15850,15900,15200,15600,435429,-0.018867924528301883
2017-10-16,15550,15800,15450,15700,72870,0.0064102564102563875
2017-10-17,15650,15800,15350,15400,162813,-0.019108280254777066
2017-10-18,15450,15950,15400,15750,99040,0.022727272727272707
2017-10-19,15850,16000,15650,15950,100595,0.012698412698412653
2017-10-20,16150,16150,15650,15650,105452,-0.018808777429467072
2017-10-23,15700,16100,15650,15850,74074,0.012779552715654896
2017-10-24,15700,15950,15650,15800,40527,-0.003154574132492094
2017-10-25,15700,16200,15700,15900,37709,0.006329113924050667
2017-10-26,15850,16300,15750,16150,99691,0.01572327044025168
2017-10-27,16050,16250,15950,16050,76761,-0.006191950464396245
2017-10-30,16050,16450,16050,16150,46621,0.006230529595015577
2017-10-31,16200,16350,16000,16300,67189,0.009287925696594534
2017-11-01,16300,16500,16200,16350,48121,0.0030674846625766694
2017-11-02,16350,16400,16150,16350,36016,0.0
2017-11-03,16350,16550,16000,16450,95292,0.006116207951070374
2017-11-06,16450,16550,16300,16500,81054,0.003039513677811634
2017-11-07,16350,16450,16150,16300,70772,-0.012121212121212088
2017-11-08,16250,16350,16050,16350,50605,0.0030674846625766694
2017-11-09,16350,16450,16150,16450,51785,0.006116207951070374
2017-11-10,16500,16550,16100,16300,41219,-0.00911854103343468
2017-11-13,16350,16400,16150,16400,53166,0.006134969325153339
2017-11-14,16450,16450,16000,16100,56482,-0.018292682926829285
2017-11-15,16100,16300,15950,16300,27217,0.012422360248447228
2017-11-16,16300,16350,16150,16200,28826,-0.006134969325153339
2017-11-17,16350,16350,16100,16200,36877,0.0
2017-11-20,16300,16300,15950,16150,38582,-0.0030864197530864335
2017-11-21,16200,16450,16100,16200,57659,0.003095975232198178
2017-11-22,16200,16950,16200,16750,110333,0.033950617283950546
2017-11-23,17100,17100,16200,16600,63971,-0.008955223880596996
2017-11-24,16600,16600,16200,16300,72378,-0.01807228915662651
2017-11-27,16200,16300,15850,16050,66440,-0.015337423312883458
2017-11-28,15950,16100,15750,15900,49606,-0.009345794392523366
2017-11-29,15900,16000,15650,15700,55840,-0.012578616352201255
2017-11-30,15700,15900,15550,15750,53726,0.0031847133757962887
2017-12-01,15750,16000,15650,16000,33462,0.015873015873015817
2017-12-04,15850,16000,15700,16000,30722,0.0
2017-12-05,16050,16100,15850,16100,31758,0.006250000000000089
2017-12-06,16150,16200,16050,16200,23203,0.006211180124223503
2017-12-07,16200,16200,15900,15900,44156,-0.01851851851851849
2017-12-08,15800,16150,15700,15800,42724,-0.0062893081761006275
2017-12-11,15700,16100,15700,16100,42938,0.018987341772152
2017-12-12,16100,16300,15600,15750,52812,-0.021739130434782594
2017-12-13,15800,15800,15450,15450,54335,-0.01904761904761909
2017-12-14,15400,16000,15400,16000,78185,0.03559870550161803
2017-12-15,16000,16000,15200,15300,115695,-0.043749999999999956
2017-12-18,15300,15850,15300,15800,95531,0.03267973856209161
2017-12-19,15800,15900,14850,15250,231585,-0.034810126582278444
2017-12-20,15350,15600,15150,15200,91079,-0.003278688524590123
2017-12-21,15200,15650,15200,15550,52252,0.023026315789473673
2017-12-22,15550,15600,15000,15450,51164,-0.006430868167202619
2017-12-26,15600,15650,15300,15400,31420,-0.003236245954692518
2017-12-27,15150,15400,14800,15100,43956,-0.01948051948051943
2017-12-28,14950,15350,14900,15050,36449,-0.0033112582781457123
2018-01-02,15150,15350,15000,15350,16263,0.019933554817275656
2018-01-03,15200,15400,14800,15000,120191,-0.0228013029315961
2018-01-04,15000,15100,14800,14800,57531,-0.013333333333333308
2018-01-05,15000,15400,14800,15300,44799,0.03378378378378377
2018-01-08,15550,15700,15350,15600,54654,0.019607843137254832
2018-01-09,15650,15650,15200,15300,49686,-0.019230769230769273
2018-01-10,15300,15300,15050,15100,39991,-0.013071895424836555
2018-01-11,15100,15250,14850,15250,81618,0.009933774834437026
2018-01-12,15250,15300,14650,14850,106000,-0.02622950819672132
2018-01-15,14850,15200,14850,15200,54194,0.023569023569023573
2018-01-16,15200,15250,15000,15150,41653,-0.003289473684210509
2018-01-17,15100,15250,15000,15100,39201,-0.0033003300330033403
2018-01-18,15400,15450,15100,15450,32663,0.023178807947019875
2018-01-19,15400,15450,15050,15100,59851,-0.02265372168284785
2018-01-22,15100,15600,15100,15550,61080,0.0298013245033113
2018-01-23,15550,15600,15200,15250,55306,-0.019292604501607746
2018-01-24,15300,15650,15200,15500,85636,0.016393442622950838
2018-01-25,15650,15850,15400,15800,71236,0.019354838709677358
2018-01-26,15750,16000,15500,16000,61293,0.012658227848101333
2018-01-29,16000,16450,15900,16350,55400,0.02187500000000009
2018-01-30,16350,16700,16000,16450,100859,0.006116207951070374
2018-01-31,16450,16900,16000,16500,132379,0.003039513677811634
2018-02-01,16500,16750,16000,16700,167388,0.0121212121212122
2018-02-02,16700,17050,16600,16900,68140,0.011976047904191711
2018-02-05,16800,17500,16400,17300,117362,0.023668639053254337
2018-02-06,17100,17150,16300,17000,127694,-0.017341040462427793
2018-02-07,17000,17100,16500,16550,79775,-0.026470588235294135
2018-02-08,16400,16950,16400,16800,74379,0.015105740181268867
2018-02-09,16550,16700,16350,16400,48020,-0.023809523809523836
2018-02-12,16400,16650,16000,16300,123172,-0.0060975609756097615
2018-02-13,16500,16850,16200,16450,100092,0.009202453987730008
2018-02-14,16450,16450,16000,16350,97118,-0.006079027355623046
2018-02-19,16350,16450,16150,16350,48210,0.0
2018-02-20,16250,16300,15950,16050,79713,-0.01834862385321101
2018-02-21,16000,16500,16000,16300,63908,0.015576323987538832
2018-02-22,16100,16500,16050,16050,47036,-0.015337423312883458
2018-02-23,16100,16550,15950,16450,56139,0.024922118380062308
2018-02-26,16450,16500,15950,16400,152447,-0.003039513677811523
2018-02-27,16600,16600,15850,15900,121747,-0.030487804878048808
2018-02-28,15850,16000,15600,15700,83069,-0.012578616352201255
2018-03-02,15500,15800,15350,15500,65133,-0.01273885350318471
2018-03-05,15650,15650,14900,15100,64362,-0.02580645161290318
2018-03-06,15150,15150,14750,15000,88072,-0.0066225165562914245
2018-03-07,15000,15150,14900,15050,30262,0.0033333333333334103
2018-03-08,15000,15050,14400,14800,170992,-0.01661129568106312
2018-03-09,14700,14950,14550,14950,97722,0.010135135135135087
2018-03-12,14900,15350,14800,15300,71960,0.02341137123745818
2018-03-13,15250,15250,14750,14750,97437,-0.03594771241830064
2018-03-14,14600,14900,14450,14650,78979,-0.006779661016949157
2018-03-15,14700,14800,14450,14750,97311,0.006825938566553003
2018-03-16,14850,15050,14600,14750,127031,0.0
2018-03-19,14750,14750,14500,14500,34443,-0.016949152542372836
2018-03-20,14450,14500,14200,14400,27305,-0.006896551724137945
2018-03-21,14400,14550,14300,14400,45205,0.0
2018-03-22,14500,14750,14350,14500,52898,0.00694444444444442
2018-03-23,14100,14400,14100,14350,48411,-0.010344827586206917
2018-03-26,14450,14550,14100,14200,60321,-0.010452961672473893
2018-03-27,14250,14650,14200,14450,41370,0.01760563380281699
2018-03-28,14450,14800,14300,14650,67876,0.01384083044982698
2018-03-29,14650,14700,14450,14500,56402,-0.010238907849829393
2018-03-30,14700,14850,14500,14800,62115,0.020689655172413834
2018-04-02,14800,14800,14350,14500,47012,-0.020270270270270285
2018-04-03,14350,14400,13950,13950,76989,-0.037931034482758585
2018-04-04,14050,14050,13550,13650,69490,-0.021505376344086002
2018-04-05,13750,14150,13700,14150,53548,0.03663003663003672
2018-04-06,14050,14350,13850,14200,34638,0.0035335689045936647
2018-04-09,14150,14300,13800,14300,29691,0.007042253521126751
2018-04-10,14200,14200,13850,13900,45762,-0.027972027972028024
2018-04-11,14000,14000,13700,13750,40228,-0.010791366906474864
2018-04-12,13850,13950,13700,13850,60917,0.0072727272727273196
2018-04-13,13750,13950,13700,13750,59574,-0.0072202166064981865
2018-04-16,13800,13900,13500,13550,49707,-0.014545454545454528
2018-04-17,13450,13600,13450,13500,40593,-0.0036900369003689537
2018-04-18,13550,14150,13450,13800,79818,0.022222222222222143
2018-04-19,13800,13850,13350,13450,116895,-0.025362318840579712
2018-04-20,13400,13500,13300,13500,21975,0.0037174721189590088
2018-04-23,13500,13600,13300,13500,63141,0.0
2018-04-24,13500,13800,13450,13650,41923,0.011111111111111072
2018-04-25,13650,13950,13550,13950,49209,0.0219780219780219
2018-04-26,13950,14000,13700,13800,55682,-0.010752688172043001
2018-04-27,13850,13950,13700,13950,45866,0.010869565217391353
2018-04-30,13950,13950,13750,13950,62665,0.0
2018-05-02,13800,13950,13550,13950,44242,0.0
2018-05-03,13950,14050,13850,14050,12252,0.007168458781362075
2018-05-04,13950,14600,13800,14450,92020,0.028469750889679624
2018-05-08,14300,14450,14100,14350,52173,-0.00692041522491349
2018-05-09,14200,14200,13800,13900,84103,-0.03135888501742157
2018-05-10,13900,14200,13800,14000,50341,0.007194244604316502
2018-05-11,14250,14750,14100,14550,110029,0.03928571428571437
2018-05-14,14550,14750,14400,14600,81513,0.0034364261168384758
2018-05-15,14750,14750,14300,14450,35828,-0.010273972602739767
2018-05-16,14450,14450,14000,14250,63022,-0.01384083044982698
2018-05-17,14250,14450,14000,14450,68924,0.01403508771929829
2018-05-18,14450,14450,13850,13900,119843,-0.03806228373702425
2018-05-21,13950,14350,13750,14300,80235,0.02877697841726623
2018-05-23,14350,14400,14050,14200,51724,-0.006993006993006978
2018-05-24,14200,14250,14000,14200,35288,0.0
2018-05-25,14050,14150,13850,14150,41691,-0.0035211267605633756
2018-05-28,14150,14200,13950,13950,25687,-0.014134275618374548
2018-05-29,13950,13950,13750,13850,56429,-0.007168458781361964
2018-05-30,13800,14200,13500,14150,122686,0.02166064981949467
2018-05-31,14050,14250,13850,14250,75977,0.007067137809187329
2018-06-01,14200,14250,13750,13850,65471,-0.028070175438596467
2018-06-04,13800,13950,13700,13850,32763,0.0
2018-06-05,13950,13950,13600,13700,45674,-0.010830324909747335
2018-06-07,13750,13850,13700,13750,37598,0.0036496350364962904
2018-06-08,13750,13750,13650,13750,24207,0.0
2018-06-11,13750,13950,13700,13900,56278,0.01090909090909098
2018-06-12,13950,13950,13600,13750,36699,-0.010791366906474864
2018-06-14,13750,13750,13400,13550,58845,-0.014545454545454528
2018-06-15,13450,13600,13250,13600,65644,0.0036900369003689537
2018-06-18,13550,13750,13450,13600,45028,0.0
2018-06-19,13600,13700,13350,13450,65804,-0.011029411764705843
2018-06-20,13450,13450,13250,13400,41746,-0.0037174721189591198
2018-06-21,13300,13600,13300,13500,47438,0.00746268656716409
2018-06-22,13400,13550,13300,13550,29412,0.0037037037037037646
2018-06-25,13550,13600,13350,13550,26258,0.0
2018-06-26,13450,13850,13450,13750,37105,0.014760147601476037
2018-06-27,13900,13950,13700,13750,35313,0.0
2018-06-28,13750,13750,13250,13300,71236,-0.032727272727272716
2018-06-29,13300,13550,13050,13400,96957,0.007518796992481258
2018-07-02,13400,13400,13050,13200,65828,-0.014925373134328401
2018-07-03,13200,13300,13050,13300,37016,0.007575757575757569
2018-07-04,13300,13300,13050,13200,11224,-0.007518796992481258
2018-07-05,13200,13250,13100,13150,14687,-0.0037878787878787845
2018-07-06,13150,13350,13050,13300,43195,0.011406844106463865
2018-07-09,13250,13300,13100,13200,25017,-0.007518796992481258
2018-07-10,13250,13500,13200,13250,31734,0.0037878787878788955
2018-07-11,13200,13350,13200,13350,47034,0.007547169811320753
2018-07-12,13250,13300,13150,13250,41508,-0.0074906367041198685
2018-07-13,13250,13300,12950,13000,84171,-0.018867924528301883
2018-07-16,13050,13050,12800,12950,43366,-0.0038461538461538325
2018-07-17,13000,13000,12600,12650,86725,-0.02316602316602312
2018-07-18,12650,12750,12500,12650,74308,0.0
2018-07-19,12650,12650,12350,12400,42775,-0.01976284584980237
2018-07-20,12400,12500,12200,12350,92320,-0.0040322580645161255
2018-07-23,12350,12500,12000,12450,136281,0.00809716599190291
2018-07-24,12500,12550,12100,12550,101622,0.008032128514056325
2018-07-25,12500,12750,12500,12700,51367,0.01195219123505975
2018-07-26,12750,12750,12400,12500,31080,-0.015748031496062964
2018-07-27,12550,12700,12500,12700,9365,0.016000000000000014
2018-07-30,12700,12800,12550,12750,13224,0.003937007874015741
2018-07-31,12750,12750,12450,12500,45721,-0.019607843137254943
2018-08-01,12550,12800,12450,12650,17567,0.01200000000000001
2018-08-02,12750,12750,12450,12700,42982,0.0039525691699604515
2018-08-03,12600,12800,12450,12800,47187,0.007874015748031482
2018-08-06,12700,13000,12550,13000,46394,0.015625
2018-08-07,12950,12950,12700,12750,26709,-0.019230769230769273
2018-08-08,12750,12750,12600,12650,24366,-0.007843137254901933
2018-08-09,12650,12650,12550,12650,14269,0.0
2018-08-10,12650,12900,12550,12900,34574,0.01976284584980248
2018-08-13,12800,12900,12600,12900,33750,0.0
2018-08-14,12850,12850,12600,12600,28140,-0.023255813953488413
2018-08-16,12550,12550,12350,12400,64490,-0.015873015873015928
2018-08-17,12450,12550,12350,12400,21844,0.0
2018-08-20,12450,12500,12400,12450,14196,0.0040322580645162365
2018-08-21,12400,12450,12300,12450,69765,0.0
2018-08-22,12400,12400,12250,12300,41906,-0.012048192771084376
2018-08-23,12350,12350,12100,12300,67875,0.0
2018-08-24,12250,12250,12000,12150,85671,-0.012195121951219523
2018-08-27,12150,12550,12100,12550,56149,0.03292181069958855
2018-08-28,12550,12600,12250,12600,97825,0.003984063745019917
2018-08-29,12600,12950,12450,12900,63876,0.023809523809523725
2018-08-30,12850,12850,12500,12500,38010,-0.03100775193798455
2018-08-31,12500,12500,12250,12300,180188,-0.016000000000000014
2018-09-03,12350,12350,12050,12350,52853,0.004065040650406582
2018-09-04,12350,12350,12100,12250,51002,-0.0080971659919028
2018-09-05,12250,12250,12100,12150,62172,-0.008163265306122436
2018-09-06,12100,12200,12000,12200,46593,0.004115226337448652
2018-09-07,12200,12200,12000,12150,31848,-0.004098360655737654
2018-09-10,12150,12200,12100,12200,16291,0.004115226337448652
2018-09-11,12100,12200,11950,12100,40715,-0.008196721311475419
2018-09-12,12050,12100,11900,12100,91789,0.0
2018-09-13,12100,12200,11800,12150,221757,0.004132231404958775
2018-09-14,12150,12350,12100,12100,46312,-0.004115226337448541
2018-09-17,12100,12150,11800,11800,58769,-0.024793388429752095
2018-09-18,11800,12000,11700,12000,44362,0.016949152542372836
2018-09-19,11900,12350,11850,12300,52033,0.02499999999999991
2018-09-20,12250,12600,12100,12300,100244,0.0
2018-09-21,12300,12600,12300,12550,49708,0.020325203252032464
2018-09-27,12400,12850,12400,12650,72718,0.007968127490039834
2018-09-28,12650,12900,12500,12550,56858,-0.007905138339920903
2018-10-01,12600,12950,12500,12900,79393,0.027888446215139417
2018-10-02,12850,12900,12500,12550,58401,-0.027131782945736482
2018-10-04,12650,12650,12450,12550,58787,0.0
2018-10-05,12500,12600,12400,12550,41704,0.0
2018-10-08,12500,12650,12300,12400,47199,-0.01195219123505975
2018-10-10,12400,12500,12100,12250,53063,-0.012096774193548376
2018-10-11,11900,12050,11550,11750,101220,-0.04081632653061229
2018-10-12,11700,11750,11350,11600,101966,-0.012765957446808529
2018-10-15,11600,11650,11400,11500,38505,-0.008620689655172376
2018-10-16,11500,11550,11150,11250,66303,-0.021739130434782594
2018-10-17,11300,11600,11300,11600,35147,0.03111111111111109
2018-10-18,11600,11850,11500,11500,42395,-0.008620689655172376
2018-10-19,11500,11900,11200,11800,117623,0.026086956521739202
2018-10-22,11800,11800,11550,11600,49777,-0.016949152542372836
2018-10-23,11600,11700,11350,11350,19727,-0.02155172413793105
2018-10-24,11400,11500,11300,11500,35241,0.013215859030837107
2018-10-25,11200,11250,11050,11100,37707,-0.034782608695652195
2018-10-26,11250,11250,10550,10850,72385,-0.022522522522522515
2018-10-29,10750,10900,10350,10500,57997,-0.032258064516129004
2018-10-30,10300,10550,10150,10300,81819,-0.01904761904761909
2018-10-31,10500,10600,10300,10350,52807,0.004854368932038833
2018-11-01,10450,10800,10400,10700,86066,0.033816425120772875
2018-11-02,10700,11150,10600,11000,71279,0.028037383177569986
2018-11-05,11000,11150,10850,11150,25226,0.013636363636363669
2018-11-06,11150,11250,10850,11150,34942,0.0
2018-11-07,11100,11600,11050,11300,111647,0.013452914798206317
2018-11-08,11300,11650,11300,11650,66728,0.030973451327433565
2018-11-09,12000,12000,11350,11500,27369,-0.012875536480686733
2018-11-12,11500,11700,11450,11650,88433,0.01304347826086949
2018-11-13,11500,11950,11200,11950,60331,0.025751072961373467
2018-11-14,12000,12300,11600,11950,42007,0.0
2018-11-15,11850,11950,11700,11850,34788,-0.008368200836820106
2018-11-16,11850,12000,11700,11950,37620,0.00843881856540074
2018-11-19,11950,11950,11600,11700,65330,-0.02092050209205021
2018-11-20,11600,12000,11600,11850,46309,0.012820512820512775
2018-11-21,11750,12150,11600,12100,66820,0.021097046413502074
2018-11-22,12050,12250,11950,12250,41397,0.012396694214876103
2018-11-23,12200,12450,11900,12000,35975,-0.020408163265306145
2018-11-26,11950,12050,11900,11950,33771,-0.004166666666666652
2018-11-27,11900,12000,11800,11850,17685,-0.008368200836820106
2018-11-28,11850,12000,11850,11950,22004,0.00843881856540074
2018-11-29,11950,12150,11900,12100,27169,0.012552301255230214
2018-11-30,12200,12200,11450,11450,120648,-0.05371900826446285
2018-12-03,11650,11850,11500,11750,67613,0.026200873362445476
2018-12-04,11700,11850,11600,11850,33064,0.008510638297872353
2018-12-05,11750,11900,11600,11900,17192,0.00421940928270037
2018-12-06,11900,12050,11750,11850,37002,-0.004201680672268893
2018-12-07,11850,11950,11600,11700,39928,-0.012658227848101222
2018-12-10,11700,11950,11100,11250,127680,-0.038461538461538436
2018-12-11,11300,11650,11150,11650,37577,0.03555555555555556
2018-12-12,11600,11850,11500,11850,45661,0.01716738197424883
2018-12-13,12100,12100,11700,12050,34196,0.016877637130801704
2018-12-14,12000,12150,11800,12100,44947,0.004149377593360981
2018-12-17,12000,12100,11900,12100,52295,0.0
2018-12-18,12000,12000,11500,11750,85159,-0.02892561983471076
2018-12-19,11700,11750,11450,11500,60352,-0.021276595744680882
2018-12-20,11400,11900,11350,11800,66091,0.026086956521739202
2018-12-21,11900,12200,11700,12200,127486,0.03389830508474567
2018-12-24,12100,12200,11850,11900,58482,-0.024590163934426257
2018-12-26,11650,12250,11650,12150,135507,0.021008403361344463
2018-12-27,12150,12150,11500,12000,66314,-0.012345679012345734
2018-12-28,12050,12050,11400,11550,35380,-0.03749999999999998
2019-01-02,11550,11550,11200,11400,29496,-0.012987012987012991
2019-01-03,11400,11450,11100,11150,56319,-0.021929824561403466
2019-01-04,11150,11550,10900,11500,57642,0.03139013452914807
2019-01-07,11500,11700,11400,11500,53047,0.0
2019-01-08,11550,11700,11450,11450,71466,-0.004347826086956497
2019-01-09,11450,11650,11400,11500,87728,0.004366812227074135
2019-01-10,11550,11650,11400,11400,47546,-0.008695652173912993
2019-01-11,11500,11850,11450,11550,63914,0.013157894736842035
2019-01-14,11650,11650,11550,11550,47516,0.0
2019-01-15,11600,11900,11500,11750,72754,0.017316017316017396
2019-01-16,11750,11800,11600,11800,43363,0.004255319148936065
2019-01-17,11850,11900,11600,11700,27508,-0.008474576271186418
2019-01-18,11650,12100,11650,12100,56520,0.03418803418803429
2019-01-21,12100,12200,11950,12200,26659,0.008264462809917328
2019-01-22,12300,12300,11950,12150,31843,-0.004098360655737654
2019-01-23,12050,12200,11800,12100,56871,-0.004115226337448541
2019-01-24,12150,12300,12050,12150,134642,0.004132231404958775
2019-01-25,12150,12200,11950,12150,43444,0.0
2019-01-28,12150,12200,11900,11900,68899,-0.020576131687242816
2019-01-29,11950,12100,11900,12100,38948,0.01680672268907557
2019-01-30,12150,12200,11850,12050,81231,-0.004132231404958664
2019-01-31,12100,12350,12050,12350,121837,0.024896265560165887
2019-02-01,12250,12450,12000,12150,75644,-0.01619433198380571
2019-02-07,12150,12600,12150,12600,73007,0.03703703703703698
2019-02-08,12450,12550,12250,12500,23662,-0.007936507936507908
2019-02-11,12400,12500,12150,12400,54488,-0.008000000000000007
2019-02-12,12400,12400,12200,12250,30201,-0.012096774193548376
2019-02-13,12350,12450,12200,12350,84048,0.008163265306122547
2019-02-14,12350,12450,12200,12400,29952,0.004048582995951344
2019-02-15,12400,12550,12350,12550,39318,0.012096774193548487
2019-02-18,12650,12650,12450,12550,60921,0.0
2019-02-19,12600,12700,12500,12650,33299,0.007968127490039834
2019-02-20,12700,12700,12450,12650,25245,0.0
2019-02-21,12700,12700,12450,12450,15208,-0.015810276679841917
2019-02-22,12450,12650,12450,12600,19209,0.012048192771084265
2019-02-25,12550,12650,12500,12500,31680,-0.007936507936507908
2019-02-26,12600,12850,12450,12800,78743,0.02400000000000002
2019-02-27,12800,12900,12450,12900,46587,0.0078125
2019-02-28,12900,12950,12650,12800,39712,-0.007751937984496138
2019-03-04,12650,13050,12650,12900,43795,0.0078125
2019-03-05,12800,13100,12800,13050,63943,0.011627906976744207
2019-03-06,13100,13100,12750,13000,65250,-0.003831417624521105
2019-03-07,12900,13350,12900,13350,72265,0.026923076923076827
2019-03-08,13150,13400,12950,13300,72935,-0.0037453183520599342
2019-03-11,13250,13400,12900,13400,57084,0.007518796992481258
2019-03-12,13350,13700,13250,13650,67478,0.018656716417910557
2019-03-13,13550,13750,13350,13600,60161,-0.00366300366300365
2019-03-14,13450,13900,13400,13900,95641,0.022058823529411686
2019-03-15,13900,14000,13600,14000,114548,0.007194244604316502
2019-03-18,13950,14050,13650,13900,192169,-0.0071428571428571175
2019-03-19,13900,14250,13800,14050,166406,0.010791366906474753
2019-03-20,14200,14450,13900,14450,179726,0.028469750889679624
2019-03-21,14500,14500,13700,14450,218228,0.0
2019-03-22,14400,14400,13950,14350,87364,-0.00692041522491349
2019-03-25,14100,14200,13850,14000,56965,-0.024390243902439046
2019-03-26,14000,14000,13750,13750,48314,-0.017857142857142905
2019-03-27,13700,13950,13400,13950,53403,0.014545454545454639
2019-03-28,13950,14150,13650,13950,40160,0.0
2019-03-29,14150,14200,13950,14200,46120,0.017921146953405076
2019-04-01,14300,14350,14000,14250,148172,0.0035211267605634866
2019-04-02,14150,14300,14150,14250,419660,0.0
2019-04-03,14200,14250,14050,14200,47975,-0.0035087719298245723
2019-04-04,14100,14200,13950,14200,39001,0.0
2019-04-05,14200,14200,13750,13850,57516,-0.02464788732394363
2019-04-08,13800,14250,13800,14100,81679,0.018050541516245522
2019-04-09,14100,14400,14100,14300,110810,0.014184397163120588
2019-04-10,14350,14350,13950,14100,61616,-0.013986013986013957
2019-04-11,14100,14100,13800,14100,66994,0.0
2019-04-12,14000,14000,13700,13800,111647,-0.021276595744680882
2019-04-15,13800,14200,13550,13800,99732,0.0
2019-04-16,13850,13900,13350,13800,97944,0.0
2019-04-17,13800,13800,13600,13600,48169,-0.01449275362318836
2019-04-18,13450,13700,13250,13550,175581,-0.003676470588235281
2019-04-19,13500,13550,13200,13300,68909,-0.01845018450184499
2019-04-22,13300,13400,13150,13200,37819,-0.007518796992481258
2019-04-23,13150,13350,12950,13300,54658,0.007575757575757569
2019-04-24,13300,13800,13150,13800,106939,0.03759398496240607
2019-04-25,13650,13750,13200,13200,49968,-0.04347826086956519
2019-04-26,13150,13400,12850,13350,65255,0.011363636363636465
2019-04-29,13400,13450,13150,13300,23343,-0.0037453183520599342
2019-04-30,13350,13450,13200,13200,41523,-0.007518796992481258
2019-05-02,13200,13500,13150,13500,52303,0.022727272727272707
2019-05-03,13450,13650,13350,13550,31890,0.0037037037037037646
2019-05-07,13350,13850,13250,13850,125562,0.022140221402213944
2019-05-08,13850,13950,13550,13950,85463,0.0072202166064982976
2019-05-09,13950,14250,13700,13950,250513,0.0
2019-05-10,13900,14150,13750,14150,176706,0.014336917562723928
2019-05-13,14050,14050,13700,13850,93446,-0.021201413427561877
2019-05-14,13700,14500,13600,14150,249435,0.02166064981949467
2019-05-15,14100,14400,14050,14350,74537,0.014134275618374659
2019-05-16,14150,14450,14150,14450,83182,0.006968641114982521
2019-05-17,14250,14700,14250,14550,62727,0.006920415224913601
2019-05-20,14550,14650,14350,14600,82910,0.0034364261168384758
2019-05-21,14650,14700,14000,14700,126052,0.006849315068493178
2019-05-22,14750,14750,14500,14650,45736,-0.003401360544217691
2019-05-23,14500,14650,14350,14400,44043,-0.017064846416382284
2019-05-24,14350,14350,13850,14050,179938,-0.02430555555555558
2019-05-27,14050,14350,14050,14200,39140,0.01067615658362997
2019-05-28,14100,15100,14100,15100,183556,0.06338028169014076
2019-05-29,14700,14700,14150,14400,167850,-0.04635761589403975
2019-05-30,14500,14550,14000,14050,99857,-0.02430555555555558
2019-05-31,14100,14400,13900,14050,118242,0.0
2019-06-03,13950,14250,13750,14250,91786,0.014234875444839812
2019-06-04,14250,14500,14100,14450,76247,0.01403508771929829
2019-06-05,14550,14650,14450,14500,41932,0.0034602076124568004
2019-06-07,14400,14600,14350,14400,45989,-0.006896551724137945
2019-06-10,14550,14650,14300,14400,54222,0.0
2019-06-11,14500,14800,14450,14800,80068,0.02777777777777768
2019-06-12,14850,14850,14500,14550,88553,-0.016891891891891886
2019-06-13,14500,14850,14450,14850,106950,0.020618556701030855
2019-06-14,14750,14850,14500,14500,67416,-0.023569023569023573
2019-06-17,14650,14700,14500,14700,52750,0.01379310344827589
2019-06-18,14600,14750,14500,14750,77446,0.00340136054421758
2019-06-19,14800,14800,14450,14650,43241,-0.006779661016949157
2019-06-20,14700,14700,14550,14700,36988,0.0034129692832765013
2019-06-21,14600,14950,14550,14950,87296,0.017006802721088343
2019-06-24,14950,15000,14700,14900,65965,-0.0033444816053511683
2019-06-25,15000,15000,14750,14850,45177,-0.003355704697986628
2019-06-26,14750,14850,14650,14850,48396,0.0
2019-06-27,14850,14900,14550,14900,109945,0.0033670033670034627
2019-06-28,14850,14850,14500,14650,53636,-0.016778523489932917
2019-07-01,14700,14700,14400,14450,33479,-0.013651877133105783
2019-07-02,14400,14600,14300,14600,38701,0.01038062283737018
2019-07-03,14600,14600,13900,14000,80444,-0.04109589041095896
2019-07-04,14050,14050,13500,13850,101752,-0.010714285714285676
2019-07-05,13900,14000,13650,13950,54930,0.0072202166064982976
2019-07-08,13900,13900,13700,13850,33279,-0.007168458781361964
2019-07-09,13850,13950,13800,13850,25656,0.0
2019-07-10,13850,13850,13600,13700,55757,-0.010830324909747335
2019-07-11,13600,13900,13450,13900,50657,0.014598540145985384
2019-07-12,13950,13950,13400,13650,128327,-0.017985611510791366
2019-07-15,13650,13650,13350,13550,48333,-0.0073260073260073
2019-07-16,13550,14000,13550,14000,88007,0.03321033210332103
2019-07-17,14000,14250,13800,14250,40468,0.017857142857142794
2019-07-18,14250,14250,13700,13750,88257,-0.03508771929824561
2019-07-19,13750,14050,13650,13900,46016,0.01090909090909098
2019-07-22,13900,14000,13750,14000,61408,0.007194244604316502
2019-07-23,14000,14000,13800,13950,29936,-0.0035714285714285587
2019-07-24,13950,14100,13750,13900,99914,-0.0035842293906810374
2019-07-25,13850,13850,13350,13500,77824,-0.02877697841726623
2019-07-26,13400,14000,13300,13850,123684,0.025925925925925908
2019-07-29,13850,13850,13750,13800,28283,-0.0036101083032491488
2019-07-30,13750,13750,13500,13600,46074,-0.01449275362318836
2019-07-31,13600,13950,13450,13950,90552,0.025735294117646967
2019-08-01,13900,13900,13750,13800,36375,-0.010752688172043001
2019-08-02,13550,13950,13550,13700,72246,-0.007246376811594235
2019-08-05,13700,13800,13400,13550,95289,-0.010948905109489093
2019-08-06,13250,13700,13200,13600,51730,0.0036900369003689537
2019-08-07,13650,13650,13000,13000,83778,-0.044117647058823484
2019-08-08,13000,13350,12900,13350,29733,0.026923076923076827
2019-08-09,13250,13450,13250,13350,32080,0.0
2019-08-12,13400,13450,13300,13300,33163,-0.0037453183520599342
2019-08-13,13250,13300,12900,12950,100520,-0.02631578947368418
2019-08-14,12950,13050,12600,12600,71104,-0.027027027027026973
2019-08-16,12800,12800,12300,12600,284820,0.0
2019-08-19,12600,12900,12550,12750,44544,0.011904761904761862
2019-08-20,12700,12850,12550,12700,46814,-0.0039215686274509665
2019-08-21,12600,13050,12600,12900,49705,0.015748031496062964
2019-08-22,12900,13150,12850,13100,63186,0.015503875968992276
2019-08-23,13100,13100,12700,12750,65309,-0.026717557251908386
2019-08-26,12400,12800,12400,12750,31307,0.0
2019-08-27,12800,12850,12700,12750,27062,0.0
2019-08-28,12700,12700,12550,12550,34753,-0.015686274509803977
2019-08-29,12600,12850,12550,12700,39201,0.01195219123505975
2019-08-30,12700,12950,12700,12850,27815,0.011811023622047223
2019-09-02,12850,13200,12850,13000,42339,0.011673151750972721
2019-09-03,13100,13150,12800,12850,16631,-0.011538461538461497
2019-09-04,12900,13050,12700,12700,51202,-0.011673151750972721
2019-09-05,12800,12900,12650,12700,44838,0.0
2019-09-06,12850,12850,12600,12650,44825,-0.003937007874015741
2019-09-09,12700,12900,12650,12700,66737,0.0039525691699604515
2019-09-10,12700,13150,12700,13050,43085,0.027559055118110187
2019-09-11,13100,13250,12850,13000,52725,-0.003831417624521105
2019-09-16,13000,13300,12950,13300,54511,0.023076923076922995
2019-09-17,13300,13400,13000,13050,53673,-0.018796992481203034
2019-09-18,13150,13300,13100,13200,18445,0.011494252873563315
2019-09-19,13300,13300,13150,13300,22400,0.007575757575757569
2019-09-20,13300,13450,13300,13450,36689,0.011278195488721776
2019-09-23,13400,13400,13200,13300,37326,-0.01115241635687736
2019-09-24,13350,13450,13250,13300,31681,0.0
2019-09-25,13250,13300,12900,12900,60865,-0.03007518796992481
2019-09-26,12950,13100,12900,13100,41401,0.015503875968992276
2019-09-27,13100,13100,12300,12450,143964,-0.04961832061068705
2019-09-30,12550,12950,12500,12850,80222,0.032128514056224855
2019-10-01,12950,13050,12750,12800,151152,-0.0038910505836575737
2019-10-02,12800,13050,12500,12650,66269,-0.01171875
2019-10-04,12750,12900,12600,12650,41652,0.0
2019-10-07,12650,12850,12450,12500,40538,-0.011857707509881465
2019-10-08,12650,12750,12500,12750,42109,0.020000000000000018
2019-10-10,12800,13000,12350,12400,59086,-0.027450980392156876
2019-10-11,12450,12550,12400,12450,63189,0.0040322580645162365
2019-10-14,12600,12750,12550,12650,41601,0.016064257028112428
2019-10-15,12600,13200,12550,12600,88725,-0.0039525691699604515
2019-10-16,12750,13250,12650,13000,51631,0.031746031746031855
2019-10-17,13000,13150,12850,12850,57687,-0.011538461538461497
2019-10-18,13000,13000,12450,12550,137508,-0.023346303501945553
2019-10-21,12550,12700,12400,12400,141390,-0.01195219123505975
2019-10-22,12400,12600,12400,12500,53868,0.008064516129032251
2019-10-23,12500,12550,12350,12500,39224,0.0
2019-10-24,12500,12550,12300,12550,37117,0.0040000000000000036
2019-10-25,12600,12600,12500,12600,20380,0.003984063745019917
2019-10-28,12650,12750,12550,12700,41017,0.007936507936507908
2019-10-29,12700,12700,12400,12500,54297,-0.015748031496062964
2019-10-30,12600,12600,12400,12500,32332,0.0
2019-10-31,12500,12600,12450,12450,28331,-0.0040000000000000036
2019-11-01,12550,12550,12400,12500,17428,0.004016064257028162
2019-11-04,12500,12750,12500,12750,47702,0.020000000000000018
2019-11-05,12750,12750,12550,12650,31825,-0.007843137254901933
2019-11-06,12650,12700,12500,12500,36770,-0.011857707509881465
2019-11-07,12600,12600,12350,12400,76975,-0.008000000000000007
2019-11-08,12400,12550,12400,12450,32200,0.0040322580645162365
2019-11-11,12500,12600,12450,12500,105092,0.004016064257028162
2019-11-12,12500,12650,12450,12600,69668,0.008000000000000007
2019-11-13,12600,12700,12450,12550,53673,-0.003968253968253954
2019-11-14,12550,12600,12450,12550,31096,0.0
2019-11-15,12450,12600,12450,12550,33052,0.0
2019-11-18,12550,12550,12350,12450,29516,-0.007968127490039834
2019-11-19,12450,12650,12400,12600,80928,0.012048192771084265
2019-11-20,12550,12600,12400,12400,40693,-0.015873015873015928
2019-11-21,12500,12500,12250,12450,79125,0.0040322580645162365
2019-11-22,12450,12500,12350,12500,15435,0.004016064257028162
2019-11-25,12500,12550,12450,12500,25369,0.0
2019-11-26,12500,12700,12500,12500,109948,0.0
2019-11-27,12550,12700,12300,12450,59154,-0.0040000000000000036
2019-11-28,12450,12500,12400,12500,13675,0.004016064257028162
2019-11-29,12500,12550,12450,12500,43465,0.0
2019-12-02,12500,12500,12100,12150,92093,-0.028000000000000025
2019-12-03,12100,12150,11950,12000,51342,-0.012345679012345734
2019-12-04,11950,12050,11800,11900,317654,-0.008333333333333304
2019-12-05,11900,12050,11850,12000,45276,0.008403361344537785
2019-12-06,11850,11950,10800,11050,639046,-0.07916666666666672
2019-12-09,11150,11250,10950,11000,163465,-0.004524886877828038
2019-12-10,11000,11550,11000,11400,113768,0.036363636363636376
2019-12-11,11400,11950,11400,11900,212475,0.04385964912280693
2019-12-12,11850,12400,11850,12250,104397,0.02941176470588225
2019-12-13,12200,12250,11950,12200,96525,-0.004081632653061273
2019-12-16,12200,12250,12050,12250,68284,0.004098360655737654
2019-12-17,12250,12250,11950,12200,85835,-0.004081632653061273
2019-12-18,12200,12200,12000,12100,48052,-0.008196721311475419
2019-12-19,12200,12200,12050,12100,64233,0.0
2019-12-20,12100,12200,11950,12200,78644,0.008264462809917328
2019-12-23,12200,12250,11750,11950,154454,-0.020491803278688492
2019-12-24,11950,11950,11800,11950,90905,0.0
2019-12-26,12050,12050,11900,11950,66502,0.0
2019-12-27,11650,11650,11400,11600,132545,-0.029288702928870314
2019-12-30,11600,11800,11550,11800,103184,0.01724137931034475
2020-01-02,11750,11800,11400,11450,104503,-0.029661016949152574
2020-01-03,11500,11550,11300,11400,78982,-0.004366812227074246
2020-01-06,11350,11400,11000,11250,115523,-0.013157894736842146
2020-01-07,11250,11250,10950,11100,200754,-0.013333333333333308
2020-01-08,11100,11150,10850,10950,133201,-0.013513513513513487
2020-01-09,11150,11400,11000,11250,198469,0.027397260273972712
2020-01-10,11300,11300,11050,11200,86508,-0.004444444444444473
2020-01-13,11200,11200,11050,11150,93136,-0.004464285714285698
2020-01-14,11150,11250,11050,11100,71101,-0.004484304932735439
2020-01-15,11100,11400,11000,11150,168217,0.0045045045045044585
2020-01-16,11200,11200,11050,11100,82485,-0.004484304932735439
2020-01-17,11100,11150,11000,11100,30307,0.0
2020-01-20,11150,11150,11000,11050,65997,-0.0045045045045044585
2020-01-21,11100,11100,10950,11050,46173,0.0
2020-01-22,11050,11050,10900,10900,100789,-0.013574660633484115
2020-01-23,10900,10950,10500,10550,136779,-0.032110091743119296
2020-01-28,10400,10500,10150,10200,164526,-0.033175355450236976
2020-01-29,10400,10500,10300,10350,53845,0.014705882352941124
2020-01-30,10500,10500,10200,10250,98410,-0.009661835748792313
2020-01-31,10500,10800,10350,10700,159554,0.04390243902439028
2020-02-03,10700,10700,10400,10450,88501,-0.02336448598130836
2020-02-04,10500,10600,10200,10350,172507,-0.009569377990430672
2020-02-05,10400,10650,10300,10400,184763,0.004830917874396157
2020-02-06,10500,10600,10150,10250,475695,-0.014423076923076872
2020-02-07,10300,10350,9970,10200,398423,-0.004878048780487809
2020-02-10,10200,10200,9990,10000,291180,-0.019607843137254943
2020-02-11,10000,10200,9950,10050,308487,0.004999999999999893
2020-02-12,10000,10150,9970,10050,196557,0.0
2020-02-13,10150,10150,9990,10000,124330,-0.00497512437810943
2020-02-14,10000,10050,9970,9990,112374,-0.0010000000000000009
2020-02-17,10000,10050,9980,10050,95902,0.006006006006006093
2020-02-18,10000,10050,9990,9990,86343,-0.005970149253731294
2020-02-19,9970,10050,9930,9990,113254,0.0
2020-02-20,10000,10050,9740,9790,167478,-0.020020020020020013
2020-02-21,9790,9880,9650,9840,165677,0.005107252298263587
2020-02-24,9820,9820,9500,9580,73789,-0.026422764227642226
2020-02-25,9490,9890,9310,9890,63786,0.03235908141962418
2020-02-26,9730,9850,9710,9770,129324,-0.01213346814964611
2020-02-27,9770,10100,9630,9900,115286,0.013306038894575156
2020-02-28,9940,10250,9600,10200,257553,0.030303030303030276
2020-03-02,10150,10200,9900,9930,133503,-0.026470588235294135
2020-03-03,10000,10150,9990,10000,202700,0.007049345417925457
2020-03-04,9990,10200,9900,10150,173674,0.014999999999999902
2020-03-05,10150,10450,10000,10450,136044,0.029556650246305383
2020-03-06,10400,10650,10000,10450,537448,0.0
2020-03-09,10400,10500,10000,10100,288243,-0.03349282296650713
2020-03-10,10000,10200,9990,10050,102690,-0.004950495049504955
2020-03-11,10050,10200,9980,10050,98400,0.0
2020-03-12,10050,10050,9500,9900,152390,-0.014925373134328401
2020-03-13,9400,9710,8580,8790,408661,-0.11212121212121207
2020-03-16,8990,9000,8680,8790,163830,0.0
2020-03-17,8400,8740,8000,8030,106832,-0.08646188850967007
2020-03-18,8120,8300,7310,7380,149203,-0.0809464508094645
2020-03-19,7380,7500,5560,6000,281279,-0.1869918699186992
2020-03-20,6010,6930,6010,6540,173142,0.09000000000000008
2020-03-23,6060,6640,5950,6600,264852,0.00917431192660545
2020-03-24,6640,7040,6640,6940,106915,0.051515151515151514
2020-03-25,7720,8000,7230,8000,145528,0.1527377521613833
2020-03-26,8000,8380,8000,8380,142950,0.0475000000000001
2020-03-27,8500,8920,8500,8700,158873,0.038186157517899666
2020-03-30,8660,9290,8560,9260,102520,0.06436781609195408
2020-03-31,9260,10300,9260,10300,161620,0.11231101511879049
2020-04-01,10250,10300,9990,10100,143931,-0.01941747572815533
2020-04-02,10050,10050,9780,9830,93415,-0.026732673267326756
2020-04-03,9920,10700,9440,9850,196939,0.0020345879959309254
2020-04-06,9850,9890,9560,9640,101002,-0.02131979695431474
2020-04-07,9790,9800,9510,9520,116912,-0.012448132780082943
2020-04-08,9520,9770,9330,9740,75126,0.02310924369747891
2020-04-09,9740,9980,9680,9850,62686,0.011293634496919891
2020-04-10,9990,10050,9810,9890,53896,0.004060913705583813
2020-04-13,9890,10100,9630,9940,80761,0.005055611729019249
2020-04-14,9940,10000,9750,9990,43741,0.005030181086519203
2020-04-16,9810,9950,9810,9830,29433,-0.016016016016015988
2020-04-17,9930,9980,9780,9790,91528,-0.004069175991861629
2020-04-20,9790,9900,9610,9610,58053,-0.018386108273748758
2020-04-21,9730,9730,9390,9560,28219,-0.005202913631633721
2020-04-22,9560,9560,9320,9420,34785,-0.014644351464435101
2020-04-23,9470,9530,9420,9450,16234,0.0031847133757962887
2020-04-24,9450,9510,9130,9150,68506,-0.031746031746031744
2020-04-27,9200,9670,9200,9490,39688,0.0371584699453551
2020-04-28,9630,9980,9500,9800,67157,0.03266596417281353
2020-04-29,9800,10200,9800,9930,57416,0.013265306122449028
2020-05-04,9970,9970,9580,9780,64809,-0.015105740181268867
2020-05-06,9790,10050,9790,9990,50048,0.021472392638036908
2020-05-07,9990,10100,9780,9840,72204,-0.01501501501501501
2020-05-08,9830,10200,9830,10150,54876,0.0315040650406504
2020-05-11,10250,10650,10000,10050,156731,-0.009852216748768461
2020-05-12,11150,11200,10250,10350,145647,0.029850746268656803
2020-05-13,10300,10450,10050,10100,78129,-0.024154589371980673
2020-05-14,10050,10200,9400,10200,58944,0.00990099009900991
2020-05-15,10300,10300,10100,10300,64237,0.009803921568627416
2020-05-18,10300,10350,9990,10300,81981,0.0
2020-05-19,10350,10550,10200,10250,80563,-0.004854368932038833
2020-05-20,10300,10500,10150,10400,45697,0.014634146341463428
2020-05-21,10400,10500,10250,10450,35839,0.004807692307692291
2020-05-22,10450,10450,9800,10000,96882,-0.0430622009569378
2020-05-25,10000,10250,9990,10100,83654,0.010000000000000009
2020-05-26,10200,10250,10000,10200,69027,0.00990099009900991
2020-05-27,10350,11000,10200,10300,147097,0.009803921568627416
2020-05-28,10650,10650,10150,10300,57253,0.0
2020-05-29,10350,10400,10050,10050,116185,-0.024271844660194164
2020-06-01,10150,10200,10050,10200,46186,0.014925373134328401
2020-06-02,10200,10500,10100,10500,50991,0.02941176470588225
2020-06-03,10550,10950,10550,10750,144694,0.023809523809523725
2020-06-04,10850,10900,10600,10600,84119,-0.013953488372092981
2020-06-05,10700,10700,10550,10550,50786,-0.004716981132075526
2020-06-08,10850,11150,10750,10850,110486,0.028436018957346043
2020-06-09,10850,10950,10300,10400,123312,-0.04147465437788023
2020-06-10,10400,10550,10250,10400,84093,0.0
2020-06-11,10300,10400,10100,10200,159104,-0.019230769230769273
2020-06-12,9800,10350,9650,10350,93581,0.014705882352941124
2020-06-15,10350,10350,9850,9850,65693,-0.048309178743961345
2020-06-16,10000,10150,9940,10000,77459,0.015228426395939021
2020-06-17,10000,10050,9940,10000,30938,0.0
2020-06-18,10050,10100,9950,9990,57815,-0.0010000000000000009
2020-06-19,9990,10050,9690,9800,85104,-0.019019019019019034
2020-06-22,9800,9800,9470,9530,104737,-0.027551020408163263
2020-06-23,9630,9660,9450,9510,25023,-0.0020986358866736943
2020-06-24,9520,9790,9490,9620,21553,0.011566771819137678
2020-06-25,9600,9900,9290,9900,77370,0.029106029106028997
2020-06-26,9890,9890,9650,9720,21974,-0.018181818181818188
2020-06-29,9720,9720,9390,9390,9725,-0.03395061728395066
2020-06-30,9440,9640,9390,9400,34428,0.0010649627263046302
2020-07-01,9440,9510,9310,9390,40330,-0.0010638297872340718
2020-07-02,9340,9500,9240,9300,38922,-0.009584664536741228
2020-07-03,9360,9390,9240,9260,35540,-0.004301075268817178
2020-07-06,9260,9310,9130,9240,77426,-0.002159827213822907
2020-07-07,9260,9280,9060,9070,57771,-0.018398268398268414
2020-07-08,9070,9100,8920,8950,92836,-0.013230429988974612
2020-07-09,8950,9070,8920,8940,49785,-0.0011173184357542443
2020-07-10,8940,8960,8580,8780,116471,-0.017897091722595126
2020-07-13,8780,8950,8670,8930,75863,0.017084282460136713
2020-07-14,8920,8930,8790,8830,68168,-0.011198208286674172
2020-07-15,8890,9000,8830,8930,105668,0.011325028312570762
2020-07-16,8990,9130,8970,9010,74683,0.008958566629339249
2020-07-17,9040,9080,8970,9010,94337,0.0
2020-07-20,9020,9040,8970,9010,78671,0.0
2020-07-21,9040,9180,8990,9070,101497,0.006659267480577213
2020-07-22,9080,9270,9010,9020,134802,-0.005512679162072764
2020-07-23,9070,9070,8850,8900,99418,-0.013303769401330379
2020-07-24,8820,8890,8680,8860,134679,-0.004494382022471877
2020-07-27,8860,8890,8800,8840,78847,-0.0022573363431150906
2020-07-28,8810,8880,8690,8710,154304,-0.014705882352941124
2020-07-29,8700,8700,8580,8590,156951,-0.013777267508610747
2020-07-30,8600,8720,8550,8570,169754,-0.002328288707799775
2020-07-31,8580,8610,8500,8500,158879,-0.008168028004667427
2020-08-03,8490,8580,8460,8570,119472,0.008235294117647118
2020-08-04,8600,9020,8570,8960,193522,0.04550758459743287
2020-08-05,9000,9140,8830,8990,161038,0.0033482142857141906
2020-08-06,8990,9160,8950,9080,113949,0.010011123470522909
2020-08-07,9130,9130,8920,8950,61191,-0.014317180616740033
2020-08-10,8960,9210,8940,9210,96788,0.02905027932960902
2020-08-11,9240,9300,9190,9300,122084,0.009771986970684043
2020-08-12,9310,9610,9300,9590,155109,0.031182795698924792
2020-08-13,9660,9820,9640,9640,113851,0.005213764337852034
2020-08-14,9640,9740,9320,9410,87324,-0.023858921161825752
2020-08-18,9500,9500,9100,9110,76273,-0.03188097768331566
2020-08-19,9150,9420,9150,9390,65710,0.03073545554335899
2020-08-20,9390,9390,8910,9030,68568,-0.03833865814696491
2020-08-21,9060,9160,9000,9150,37321,0.013289036544850585
2020-08-24,9150,9160,9000,9140,42714,-0.0010928961748634114
2020-08-25,9140,9350,9100,9220,67272,0.00875273522975939
2020-08-26,9220,9220,9130,9200,38985,-0.002169197396963085
2020-08-27,9200,9200,9110,9190,34789,-0.0010869565217391797
2020-08-28,9190,9310,9110,9290,66357,0.01088139281828071
2020-08-31,9290,9320,9210,9230,48183,-0.006458557588805203
2020-09-01,9210,9290,9210,9260,38718,0.003250270855904569
2020-09-02,9290,9390,9210,9370,35894,0.011879049676025932
2020-09-03,9380,9670,9300,9620,50201,0.026680896478121774
2020-09-04,9600,9600,9280,9300,84074,-0.033264033264033266
2020-09-07,9300,9580,9270,9380,55643,0.008602150537634357
2020-09-08,9440,9450,9310,9380,53140,0.0
2020-09-09,9340,9340,9190,9280,28971,-0.010660980810234588
2020-09-10,9290,9350,9190,9330,37227,0.005387931034482651
2020-09-11,9330,9330,9230,9300,30013,-0.003215434083601254
2020-09-14,9300,9370,9280,9350,57535,0.005376344086021501
2020-09-15,9350,9390,9250,9320,44299,-0.0032085561497325887
2020-09-16,9320,9340,9200,9210,85850,-0.011802575107296098
2020-09-17,9240,9240,9160,9160,60661,-0.005428881650380024
2020-09-18,9170,9200,9060,9180,82549,0.0021834061135370675
2020-09-21,9170,9270,9150,9220,34870,0.004357298474945592
2020-09-22,9220,9220,9000,9090,88929,-0.014099783080260275
2020-09-23,9060,9110,8960,9100,26792,0.0011001100110010764
2020-09-24,9070,9070,8890,8910,109170,-0.020879120879120916
2020-09-25,8980,9050,8920,9050,24044,0.015712682379348974
2020-09-28,9050,9140,9050,9100,14771,0.005524861878453136
2020-09-29,9120,9180,9110,9110,22769,0.001098901098901095
2020-10-05,9130,9460,9110,9430,95751,0.03512623490669586
2020-10-06,9460,9460,9340,9430,21141,0.0
2020-10-07,9400,9410,9260,9400,9934,-0.0031813361611876534
2020-10-08,9390,9460,9380,9460,46758,0.006382978723404209
2020-10-12,9470,9530,9340,9440,192356,-0.0021141649048626032
2020-10-13,9440,9440,9320,9390,46123,-0.005296610169491567
2020-10-14,9410,9410,9300,9320,47248,-0.007454739084132078
2020-10-15,9320,9350,9120,9200,43515,-0.012875536480686733
2020-10-16,9200,9230,9050,9110,79987,-0.009782608695652173
2020-10-19,9130,9380,9130,9290,32021,0.019758507135016368
2020-10-20,9260,9350,9190,9300,82128,0.0010764262648008671
2020-10-21,9340,9400,9260,9380,78149,0.008602150537634357
2020-10-22,9370,9840,9290,9810,223342,0.04584221748400852
2020-10-23,9990,9990,9750,9800,146381,-0.0010193679918450993
2020-10-26,9850,9850,9640,9650,58572,-0.015306122448979553
2020-10-27,9630,9630,9370,9470,57803,-0.01865284974093262
2020-10-28,9470,9590,9380,9590,41804,0.012671594508975703
2020-10-29,9490,9500,9390,9500,43715,-0.009384775808133461
2020-10-30,9410,9510,9340,9420,78696,-0.008421052631578996
2020-11-02,9420,9690,9400,9650,33281,0.02441613588110414
2020-11-03,9700,9860,9700,9720,81529,0.007253886010362587
2020-11-04,9730,9890,9620,9720,30284,0.0
2020-11-05,9740,9810,9700,9810,42810,0.0092592592592593
2020-11-06,9820,9840,9760,9780,27823,-0.003058103975535187
2020-11-09,9830,9910,9780,9780,68941,0.0
2020-11-10,9840,10100,9840,10050,88090,0.027607361963190247
2020-11-11,10100,10200,10000,10100,196985,0.004975124378109541
2020-11-12,10100,10200,9990,10050,84383,-0.004950495049504955
2020-11-13,10100,10300,10050,10100,54970,0.004975124378109541
2020-11-16,10150,10700,10150,10550,245860,0.044554455445544594
2020-11-17,10650,10650,10250,10350,118908,-0.018957345971563955
2020-11-18,10400,10400,10000,10200,220599,-0.01449275362318836
2020-11-19,10150,10150,9990,10050,186551,-0.014705882352941124
2020-11-20,10050,10150,9980,10050,278929,0.0
2020-11-23,10050,10300,10000,10200,104305,0.014925373134328401
2020-11-24,10300,10450,10000,10150,325521,-0.004901960784313708
2020-11-25,10200,10250,9990,10000,937236,-0.014778325123152691
2020-11-26,10050,10100,9920,9990,226870,-0.0010000000000000009
2020-11-27,10000,10150,9920,10000,153929,0.0010010010010010895
2020-11-30,10050,10100,9910,9910,139826,-0.009000000000000008
2020-12-01,9940,10100,9940,10100,121200,0.019172552976791213
2020-12-02,10050,10150,10000,10050,230092,-0.004950495049504955
2020-12-03,10050,10050,9990,10000,98607,-0.00497512437810943
2020-12-04,10050,10200,9990,10000,487639,0.0
2020-12-07,10000,10150,9990,10050,258656,0.004999999999999893
2020-12-08,9990,10050,9930,9960,120613,-0.008955223880596996
2020-12-09,10000,10050,9930,9990,340385,0.003012048192771122
2020-12-10,9990,10150,9900,10050,234298,0.006006006006006093
2020-12-11,10100,10350,10000,10100,647289,0.004975124378109541
2020-12-14,10200,10200,10000,10100,943099,0.0
2020-12-15,10100,10250,9990,10150,579663,0.004950495049504955
2020-12-16,10250,10450,10250,10350,323825,0.019704433497536922
2020-12-17,10350,10450,10250,10350,127767,0.0
2020-12-18,10400,10500,10300,10300,327941,-0.004830917874396157
2020-12-21,10300,10550,10250,10500,338114,0.01941747572815533
2020-12-22,10400,10550,10300,10400,208261,-0.00952380952380949
2020-12-23,10400,10450,10250,10400,232746,0.0
2020-12-24,10400,10500,10350,10500,247697,0.009615384615384581
2020-12-28,10500,10550,10400,10500,691625,0.0
2020-12-29,10100,10100,9930,9950,377199,-0.05238095238095242
2020-12-30,9980,9980,9680,9810,324436,-0.014070351758794009
2021-01-04,9810,9810,9510,9680,319610,-0.013251783893985736
2021-01-05,9680,9720,9540,9720,115471,0.004132231404958775
2021-01-06,9760,9980,9650,9780,224198,0.006172839506172867
2021-01-07,9880,9950,9850,9930,208620,0.015337423312883347
2021-01-08,9980,10000,9880,9930,164831,0.0
2021-01-11,9930,10100,9780,9940,287213,0.001007049345417954
2021-01-12,9940,9940,9690,9790,355374,-0.015090543259557387
2021-01-13,9870,9970,9810,9840,192053,0.005107252298263587
2021-01-14,9900,9910,9800,9900,172451,0.0060975609756097615
2021-01-15,9960,9970,9780,9870,132202,-0.00303030303030305
2021-01-18,9830,9830,9590,9600,214509,-0.027355623100303927
2021-01-19,9600,9680,9560,9660,116632,0.006250000000000089
2021-01-20,9660,9670,9550,9630,122096,-0.0031055900621117516
2021-01-21,9630,9730,9570,9730,101795,0.010384215991692702
2021-01-22,9750,9750,9620,9700,81770,-0.0030832476875641834
2021-01-25,9700,9740,9640,9730,282016,0.003092783505154628
2021-01-26,9740,9740,9570,9730,239113,0.0
2021-01-27,9730,9820,9710,9790,322888,0.006166495375128367
2021-01-28,9610,9720,9610,9690,162646,-0.010214504596527063
2021-01-29,9740,9740,9500,9540,247970,-0.015479876160990669
2021-02-01,9510,9660,9450,9610,72070,0.007337526205450695
2021-02-02,9700,9860,9660,9790,189531,0.018730489073881307
2021-02-03,9880,9880,9760,9770,163648,-0.002042900919305368
2021-02-04,9800,9870,9730,9770,202577,0.0
2021-02-05,9820,9860,9750,9820,312624,0.0051177072671442225
2021-02-08,9950,10150,9940,10150,398783,0.033604887983706755
2021-02-09,10500,10550,10250,10450,587093,0.029556650246305383
2021-02-10,10550,10750,10450,10750,349724,0.028708133971291794
2021-02-15,11000,11400,10950,11150,411707,0.037209302325581506
2021-02-16,11150,11150,10900,11050,327372,-0.008968609865470878
2021-02-17,11050,11100,10900,11050,159691,0.0
2021-02-18,11000,11100,10950,11000,234630,-0.004524886877828038
2021-02-19,11050,11300,10950,11300,219068,0.027272727272727337
2021-02-22,11400,11900,11400,11800,424870,0.04424778761061954
2021-02-23,12050,12300,11600,12250,331895,0.03813559322033888
2021-02-24,12250,12300,11800,11950,227506,-0.024489795918367308
2021-02-25,12100,12250,12000,12200,159954,0.02092050209205021
2021-02-26,11850,12350,11400,12250,288764,0.004098360655737654
2021-03-02,12300,12600,12150,12300,215933,0.004081632653061273
2021-03-03,12500,12500,12200,12300,149859,0.0
2021-03-04,12300,12650,12250,12500,145285,0.016260162601626105
2021-03-05,12450,12650,12150,12500,260872,0.0
2021-03-08,13000,13250,12750,13100,415192,0.04800000000000004
2021-03-09,13300,13850,13250,13400,324539,0.022900763358778553
2021-03-10,13400,13500,13100,13350,204088,-0.003731343283582045
2021-03-11,13400,14050,13350,13800,251864,0.03370786516853941
2021-03-12,13800,13850,13350,13600,257636,-0.01449275362318836
2021-03-15,13500,13900,13300,13900,175898,0.022058823529411686
2021-03-16,13900,14000,13750,13950,168037,0.003597122302158251
2021-03-17,14000,14450,13900,14050,262406,0.007168458781362075
2021-03-18,14050,14450,14050,14400,199001,0.02491103202846978
2021-03-19,14550,14750,14250,14300,217353,-0.00694444444444442
2021-03-22,14350,14450,14100,14400,159887,0.006993006993007089
2021-03-23,14350,14800,14350,14800,165420,0.02777777777777768
2021-03-24,14850,15050,14650,14850,263229,0.0033783783783782884
2021-03-25,14850,15050,14650,14900,169618,0.0033670033670034627
2021-03-26,15000,15350,14900,15300,127415,0.02684563758389258
2021-03-29,15300,15500,15150,15500,131645,0.013071895424836555
2021-03-30,15500,16300,15450,16300,188292,0.05161290322580636
2021-03-31,16400,17250,16400,17200,400848,0.05521472392638027
2021-04-01,17500,17500,16000,16550,571024,-0.03779069767441856
2021-04-02,16500,16500,15600,15700,378649,-0.051359516616314216
2021-04-05,15650,15900,15200,15850,232841,0.009554140127388644
2021-04-06,15500,16050,15500,15850,129737,0.0
2021-04-07,15800,15950,15450,15800,163861,-0.003154574132492094
2021-04-08,16150,16150,15450,16000,110386,0.012658227848101333
2021-04-09,16000,16050,15700,16000,115961,0.0
2021-04-12,16150,16200,15800,15900,106293,-0.006249999999999978
2021-04-13,15850,16050,15700,16050,196454,0.009433962264151052
2021-04-14,16200,16300,15950,16300,115942,0.015576323987538832
2021-04-15,16300,16700,16150,16700,155191,0.024539877300613577
2021-04-16,16750,17000,16450,16950,147732,0.014970059880239583
2021-04-19,16950,17000,16700,16900,129924,-0.002949852507374673
2021-04-20,16750,17050,16750,16950,129211,0.002958579881656709
2021-04-21,16900,16900,16350,16400,179199,-0.03244837758112096
2021-04-22,16450,16600,16350,16500,111505,0.0060975609756097615
2021-04-23,16500,16750,16250,16650,121359,0.009090909090909038
2021-04-26,16700,16900,16650,16900,222044,0.01501501501501501
2021-04-27,16900,17050,16850,16950,158698,0.002958579881656709
2021-04-28,17000,17300,16950,17150,144092,0.01179941002949847
2021-04-29,17250,17300,16850,17150,123892,0.0
2021-04-30,17150,17900,17150,17900,239706,0.0437317784256559
2021-05-03,17950,18400,17700,17900,144057,0.0
2021-05-04,17900,18450,17550,18350,183285,0.025139664804469275
2021-05-06,18500,19200,18400,19150,234799,0.043596730245231585
2021-05-07,19200,19350,18850,19200,159517,0.0026109660574411553
2021-05-10,19200,19900,18950,19750,182565,0.02864583333333326
2021-05-11,19800,20550,19650,20500,250065,0.03797468354430378
2021-05-12,20500,21400,20250,20700,419654,0.009756097560975618
2021-05-13,20700,21250,20250,20450,277776,-0.012077294685990392
2021-05-14,20850,20950,19550,19600,418958,-0.041564792176039145
2021-05-17,16300,17700,16050,16550,2800391,-0.15561224489795922
2021-05-18,16550,17400,16550,16950,1283721,0.024169184290030232
2021-05-20,17000,17550,16050,17250,910601,0.017699115044247815
2021-05-21,17150,17850,17150,17700,390203,0.026086956521739202
2021-05-24,17850,19000,17700,18500,712704,0.04519774011299438
2021-05-25,18600,19600,18450,19550,520139,0.05675675675675684
2021-05-26,19850,19950,18550,19750,548558,0.010230179028132946
2021-05-27,19500,19800,19200,19300,344950,-0.02278481012658229
2021-05-28,19300,19650,18600,18850,260662,-0.023316062176165775
2021-05-31,18800,19000,18200,18700,306839,-0.007957559681697646
2021-06-01,18750,19450,18500,19200,248495,0.02673796791443861
2021-06-02,19200,19350,18900,19000,122817,-0.01041666666666663
2021-06-03,19050,19100,18600,18600,146848,-0.021052631578947323
2021-06-04,18650,18700,18200,18400,137832,-0.010752688172043001
2021-06-07,18350,18450,17750,17950,299749,-0.024456521739130488
2021-06-08,17800,18150,17800,18050,205293,0.0055710306406684396
2021-06-09,18050,18150,17700,17750,233795,-0.0166204986149584
2021-06-10,17750,17800,17050,17150,527557,-0.033802816901408406
2021-06-11,17300,17750,17050,17350,331313,0.011661807580174877
2021-06-14,17400,17650,17200,17300,195334,-0.0028818443804035088
2021-06-15,17500,17700,17200,17700,275174,0.023121387283236983
2021-06-16,17650,17900,17450,17850,259232,0.008474576271186418
2021-06-17,17850,18100,17350,17600,215217,-0.014005602240896309
2021-06-18,18350,19150,18100,19050,715265,0.08238636363636354
2021-06-21,19000,19700,18800,19650,402060,0.03149606299212593
2021-06-22,19900,19950,18950,19050,300904,-0.03053435114503822
2021-06-23,19200,19200,18550,18650,225674,-0.02099737532808399
2021-06-24,18700,19100,18450,18800,209562,0.008042895442359255
2021-06-25,18900,19550,18850,19300,197055,0.02659574468085113
2021-06-28,19500,19800,19300,19800,168517,0.02590673575129543
2021-06-29,19800,20400,19400,20250,256696,0.022727272727272707
2021-06-30,20300,21300,20250,21200,326169,0.04691358024691361
2021-07-01,21300,21850,21000,21250,326350,0.002358490566037652
2021-07-02,21450,21550,21050,21300,143238,0.0023529411764706687
2021-07-05,21300,21500,21050,21400,119076,0.0046948356807512415
2021-07-06,21500,22100,21350,22100,138811,0.032710280373831724
2021-07-07,22100,22600,21800,22250,172369,0.006787330316742057
2021-07-08,22250,22650,22100,22550,165605,0.01348314606741563
2021-07-09,22300,22500,21900,22300,204117,-0.011086474501108667
2021-07-12,22300,22500,21950,22000,169122,-0.013452914798206317
2021-07-13,22050,22400,22000,22300,112495,0.013636363636363669
2021-07-14,22450,22450,22050,22150,66569,-0.006726457399103158
2021-07-15,22200,22300,21900,22100,133259,-0.0022573363431150906
2021-07-16,22150,22150,21850,22000,99141,-0.004524886877828038
2021-07-19,21900,22000,21300,21300,140708,-0.03181818181818186
2021-07-20,21000,22000,20700,21300,261486,0.0
2021-07-21,21450,21850,21450,21650,169414,0.016431924882629012
2021-07-22,21950,22000,21300,21500,177861,-0.006928406466512715
2021-07-23,21700,21700,21400,21550,114926,0.0023255813953488857
2021-07-26,21550,21950,21350,21650,138465,0.004640371229698292
2021-07-27,21900,23150,21650,23050,350414,0.0646651270207852
2021-07-28,23250,24200,23000,24000,316819,0.04121475054229928
2021-07-29,24000,24850,23350,24700,203631,0.029166666666666563
2021-07-30,24600,25600,24500,25100,208616,0.0161943319838056
2021-08-02,25350,25500,24200,24600,187394,-0.019920318725099584
2021-08-03,24400,25050,23600,24900,158459,0.012195121951219523
2021-08-04,24950,25700,24750,25500,187435,0.024096385542168752
2021-08-05,25500,25750,25250,25600,137460,0.0039215686274509665
2021-08-06,25550,25600,25300,25350,103335,-0.009765625
2021-08-09,25250,25400,24250,24450,207030,-0.035502958579881616
2021-08-10,24450,25150,24050,24650,201561,0.008179959100204526
2021-08-11,24600,24750,24200,24450,166222,-0.008113590263691739
2021-08-12,24350,25000,24200,24650,111169,0.008179959100204526
2021-08-13,25000,25000,24300,24700,142979,0.0020283975659229903
2021-08-17,24550,24850,24300,24850,169820,0.006072874493927127
2021-08-18,24950,24950,24450,24600,97755,-0.010060362173038184
2021-08-19,24550,24600,23450,24050,197701,-0.022357723577235755
2021-08-20,24050,24450,23600,23600,124649,-0.018711018711018657
2021-08-23,23500,24550,23500,24300,107870,0.029661016949152463
2021-08-24,24650,25500,24600,25350,265458,0.043209876543209846
2021-08-25,25600,25800,25250,25750,212434,0.015779092702169706
2021-08-26,25950,26950,25550,26450,278725,0.027184466019417375
2021-08-27,26650,27300,26300,26700,200585,0.00945179584120992
2021-08-30,26650,27000,25800,27000,134863,0.011235955056179803
2021-08-31,28900,29800,27950,28750,566814,0.06481481481481488
2021-09-01,28800,30850,28350,30750,314189,0.06956521739130439
2021-09-02,30850,32300,30350,31700,262676,0.030894308943089532
2021-09-03,31650,33150,31150,32650,199502,0.029968454258675115
2021-09-06,32400,33950,31750,33900,181739,0.038284839203675425
2021-09-07,33900,36000,33650,35700,248759,0.053097345132743445
2021-09-08,35800,37200,34600,36500,296711,0.022408963585434094
2021-09-09,37300,37600,36200,37600,244488,0.03013698630136985
2021-09-10,38450,39200,37750,38200,258583,0.015957446808510634
2021-09-13,38100,38600,36400,38050,241631,-0.003926701570680646
2021-09-14,37700,37700,33950,36950,377643,-0.02890932982917216
2021-09-15,36850,36850,34800,35600,324613,-0.03653585926928282
2021-09-16,35300,36650,34850,36600,152474,0.028089887640449396
2021-09-17,36150,37900,36100,37150,259950,0.015027322404371546
2021-09-23,37000,37000,34500,34700,158498,-0.06594885598923284
2021-09-24,34700,34800,32950,33900,233384,-0.023054755043227626
2021-09-27,33550,33700,32300,32650,217366,-0.03687315634218291
2021-09-28,32650,34900,32650,33500,236479,0.026033690658499253
2021-09-29,34300,34300,32300,34050,168588,0.016417910447761086
2021-09-30,34200,34600,32800,33650,118315,-0.011747430249632873
2021-10-01,33550,34100,32150,32150,87700,-0.04457652303120352
2021-10-05,31150,32450,31000,32250,179177,0.0031104199066873672
2021-10-06,32250,33500,31800,32000,145858,-0.007751937984496138
2021-10-07,32000,33400,32000,33200,186277,0.03750000000000009
2021-10-08,33600,33650,31550,32250,220452,-0.028614457831325324
2021-10-12,32500,32750,31150,32550,141315,0.009302325581395321
2021-10-13,32650,32800,31950,32650,56563,0.003072196620583778
2021-10-14,32850,32900,32200,32850,35535,0.006125574272588086
2021-10-15,33100,33500,32600,32850,87611,0.0
2021-10-18,33050,33450,32000,33400,99823,0.016742770167427645
2021-10-19,33600,33850,33200,33450,80354,0.0014970059880239361
2021-10-20,33600,33600,33050,33100,72136,-0.010463378176382654
2021-10-21,33100,35450,33100,33500,449032,0.012084592145015005
2021-10-22,33300,34200,33300,33500,141728,0.0
2021-10-25,33550,33700,32350,32900,101334,-0.017910447761193993
2021-10-26,32650,33950,32650,33800,106277,0.02735562310030404
2021-10-27,33950,34000,33150,33700,76656,-0.00295857988165682
2021-10-28,33400,33500,32600,33150,83789,-0.016320474777448024
2021-10-29,32700,33250,32200,33250,127619,0.003016591251885359
2021-11-01,33250,33700,32700,33350,86309,0.003007518796992459
2021-11-02,33650,33800,32950,33450,71456,0.0029985007496251548
2021-11-03,33800,35850,33400,35350,313705,0.05680119581464882
2021-11-04,35450,35800,34950,35350,140235,0.0
2021-11-05,35300,35750,34550,35350,172850,0.0
2021-11-08,34950,35200,33900,34750,97481,-0.016973125884017004
2021-11-09,34650,34950,34100,34550,99582,-0.0057553956834532904
2021-11-10,34550,34800,33200,34500,121491,-0.0014471780028944004
2021-11-11,34200,34700,33950,34300,99712,-0.005797101449275366
2021-11-12,34100,34450,33750,34050,86077,-0.007288629737609353
2021-11-15,34150,35300,33500,34150,230887,0.002936857562408246
2021-11-16,34500,34500,33800,34100,102009,-0.0014641288433382416
2021-11-17,34300,34500,33900,34100,119947,0.0
2021-11-18,34300,34500,33400,33600,92503,-0.014662756598240456
2021-11-19,33800,35100,33200,35100,252772,0.044642857142857206
2021-11-22,35500,35550,33650,33650,221742,-0.04131054131054135
2021-11-23,33800,35400,33750,35100,284539,0.043090638930163516
2021-11-24,35200,37300,34500,36300,442380,0.03418803418803429
2021-11-25,36650,36650,35400,35700,266616,-0.016528925619834656
2021-11-26,35950,37100,35700,36150,278530,0.012605042016806678
2021-11-29,35000,35800,33600,35000,227117,-0.0318118948824343
2021-11-30,35350,35600,34200,34350,205233,-0.018571428571428572
2021-12-01,34350,34900,33700,34150,157236,-0.005822416302765698
2021-12-02,34300,35450,33900,34950,204659,0.02342606149341142
2021-12-03,35350,36550,35300,36150,401132,0.03433476394849788
2021-12-06,36000,36800,35450,36450,180939,0.008298755186721962
2021-12-07,36200,36400,34550,34800,260448,-0.04526748971193417
2021-12-08,34600,34950,33000,33400,419407,-0.04022988505747127
2021-12-09,33700,35900,33650,34350,958774,0.02844311377245501
2021-12-10,34050,34050,32450,32550,575363,-0.05240174672489084
2021-12-13,32550,33200,32550,32850,228915,0.009216589861751112
2021-12-14,32850,32850,31600,31950,323113,-0.0273972602739726
2021-12-15,32100,33750,31500,33150,323565,0.03755868544600949
2021-12-16,33100,33900,32450,33200,384952,0.0015082956259426794
2021-12-17,33550,36250,33350,35750,488608,0.07680722891566272
2021-12-20,35450,37950,35350,36750,447749,0.027972027972027913
2021-12-21,36950,39200,36900,37900,596071,0.0312925170068028
2021-12-22,37550,39650,37500,39100,335965,0.0316622691292876
2021-12-23,39150,39900,38100,39000,376356,-0.002557544757033292
2021-12-24,38800,40800,38800,40600,401434,0.0410256410256411
2021-12-27,40550,41400,39550,40950,280942,0.008620689655172376
2021-12-28,40950,42000,40500,42000,438854,0.02564102564102555
2021-12-29,41600,43600,40700,42900,456890,0.021428571428571352
2021-12-30,42550,44400,42500,44000,351362,0.02564102564102555
2022-01-03,43550,46300,43000,45500,355882,0.03409090909090917
2022-01-04,45500,50000,45500,48000,695595,0.05494505494505497
2022-01-05,47800,49450,46900,47000,504312,-0.02083333333333337
2022-01-06,46550,48300,46000,46800,389948,-0.004255319148936176
2022-01-07,46700,50700,46500,49300,621791,0.05341880341880345
2022-01-10,49300,50500,46950,48250,505263,-0.02129817444219062
2022-01-11,48050,50000,48000,49350,468561,0.022797927461139844
2022-01-12,49350,52300,48900,51400,715662,0.041540020263424626
2022-01-13,51700,54300,51500,53700,599025,0.04474708171206232
2022-01-14,53900,55900,47350,51900,1273655,-0.03351955307262566
2022-01-17,51000,55300,49500,54500,616880,0.050096339113680166
2022-01-18,55100,55300,51400,51800,672966,-0.04954128440366967
2022-01-19,51800,53800,50000,51100,561174,-0.013513513513513487
2022-01-20,51100,52300,49350,51200,403211,0.001956947162426559
2022-01-21,51200,52900,50400,50900,372574,-0.005859375
2022-01-24,50900,51500,49150,50000,405599,-0.017681728880157177
2022-01-25,49350,50200,47750,48500,497160,-0.030000000000000027
2022-01-26,48400,50000,46500,46950,448148,-0.031958762886597936
2022-01-27,47000,47500,43550,44750,489084,-0.04685835995740151
2022-01-28,44700,45300,41000,43500,627022,-0.027932960893854775
2022-02-03,44450,47050,44400,45750,396653,0.051724137931034475
2022-02-04,45750,52300,44650,45300,543440,-0.00983606557377048
2022-02-07,45350,46200,43550,44800,483546,-0.01103752759381893
2022-02-08,44900,46700,43850,44300,461135,-0.011160714285714302
2022-02-09,44500,45750,43700,44550,414591,0.0056433408577878375
2022-02-10,43950,44550,41250,41550,555267,-0.06734006734006737
2022-02-11,41550,42700,39450,42150,492114,0.014440433212996373
2022-02-14,42200,42700,40950,42000,300533,-0.003558718861209953
2022-02-15,42000,42400,39500,39900,394366,-0.050000000000000044
2022-02-16,40100,40850,38900,39100,428186,-0.020050125313283207
2022-02-17,39100,39800,38400,38450,410998,-0.01662404092071612
2022-02-18,38000,38700,37300,38400,370334,-0.0013003901170350884
2022-02-21,37500,38900,37450,38150,247579,-0.00651041666666663
2022-02-22,39600,42200,39500,40150,745480,0.05242463958060295
2022-02-23,40500,41500,39500,39650,615857,-0.012453300124533051
2022-02-24,39650,40150,37250,38500,589360,-0.0290037831021438
2022-02-25,38800,40400,38600,39450,527247,0.024675324675324628
2022-02-28,39450,40200,36550,36850,3273783,-0.06590621039290245
2022-03-02,36400,36700,34050,35950,842497,-0.024423337856173677
2022-03-03,36300,36300,34600,35050,407170,-0.025034770514603566
2022-03-04,34900,34900,33800,33950,442441,-0.031383737517831634
2022-03-07,34850,34850,32400,32800,488843,-0.03387334315169366
2022-03-08,32500,32600,31200,31700,524254,-0.03353658536585369
2022-03-10,32400,32450,30850,31550,568712,-0.004731861198738141
2022-03-11,31500,31950,30850,31500,394664,-0.0015847860538826808
2022-03-14,31150,32150,30750,31750,363352,0.007936507936507908
2022-03-15,31750,34200,31600,34100,720649,0.07401574803149602
2022-03-16,33850,34050,32350,33700,540092,-0.011730205278592365
2022-03-17,34350,35200,33750,34100,519646,0.011869436201780381
2022-03-18,34200,35850,34050,34600,793793,0.014662756598240456
2022-03-21,34800,35600,33850,34050,295198,-0.01589595375722541
2022-03-22,34200,34650,33650,34500,270523,0.013215859030837107
2022-03-23,34600,36200,34600,36150,331189,0.047826086956521685
2022-03-24,36150,38200,35500,37800,455728,0.045643153526971014
2022-03-25,37800,38550,36150,36150,533830,-0.04365079365079361
2022-03-28,36150,37700,35850,37150,327776,0.027662517289073207
2022-03-29,37800,38850,37200,38600,406167,0.03903095558546443
2022-03-30,38800,39450,38150,39050,292443,0.011658031088082943
2022-03-31,39050,41250,38950,40650,375903,0.04097311139564663
2022-04-01,40650,40950,39600,40600,290192,-0.0012300123001229846
2022-04-04,40200,42450,40200,40700,291910,0.0024630541871921707
2022-04-05,40500,40600,39250,39300,301180,-0.03439803439803435
2022-04-06,39350,41150,39300,40600,277383,0.0330788804071247
2022-04-07,40650,41300,40100,40350,221430,-0.006157635467980316
2022-04-08,40450,40950,39500,39800,231875,-0.013630731102850069
2022-04-11,39900,41100,39750,40800,256240,0.025125628140703515
2022-04-12,41200,42300,40700,41200,350400,0.009803921568627416
2022-04-13,41750,41900,41050,41400,185042,0.004854368932038833
2022-04-14,41000,42400,40800,42350,234175,0.022946859903381744
2022-04-15,42100,42350,40900,41000,217390,-0.031877213695395534
2022-04-18,40900,41000,39550,39950,223172,-0.025609756097561
2022-04-19,39800,41150,39800,41000,116854,0.026282853566958808
2022-04-20,40400,40550,37800,37800,439430,-0.07804878048780484
2022-04-21,38000,38800,36900,38600,315162,0.021164021164021163
2022-04-22,38000,38800,37600,38000,205678,-0.015544041450777257
2022-04-25,37000,37600,36800,37300,240285,-0.018421052631578894
2022-04-26,37350,38500,37150,38150,142663,0.02278820375335111
2022-04-27,37900,38250,37100,38100,194728,-0.001310615989515096
2022-04-28,38000,39400,37850,39200,218593,0.028871391076115582
2022-04-29,38600,39750,37450,37850,232972,-0.034438775510204134
2022-05-02,37750,38400,37250,38050,127541,0.005284015852047519
2022-05-03,37850,38650,36850,37050,245195,-0.026281208935611033
2022-05-04,36900,37050,36000,36500,313508,-0.014844804318488558
2022-05-06,36050,36850,35500,35750,206362,-0.020547945205479423
2022-05-09,35250,36250,34600,34850,131111,-0.025174825174825166
2022-05-10,33800,34500,33050,33950,321388,-0.02582496413199431
2022-05-11,33350,34000,30750,30900,509809,-0.08983799705449191
2022-05-12,31000,31500,29700,30150,361573,-0.024271844660194164
2022-05-13,30400,30800,29400,30350,258265,0.0066334991708125735
2022-05-16,30800,30800,29750,30000,196696,-0.011532125205930832
2022-05-17,30000,31200,29550,31050,226563,0.03499999999999992
2022-05-18,31050,32350,30750,31700,230584,0.02093397745571668
2022-05-19,30800,31350,30300,30600,293261,-0.034700315457413256
2022-05-20,30650,31250,30400,30700,163464,0.0032679738562091387
2022-05-23,30800,32250,30650,32000,134348,0.04234527687296419
2022-05-24,32250,32500,31250,31300,99280,-0.021874999999999978
2022-05-25,31900,32700,31500,32550,116460,0.039936102236421744
2022-05-26,32100,32650,31450,31800,133898,-0.02304147465437789
2022-05-27,31600,32850,31600,32750,157623,0.029874213836478036
2022-05-30,32500,32900,31950,31950,112386,-0.02442748091603053
2022-05-31,32050,32900,31250,32700,402091,0.023474178403755763
2022-06-02,32200,32300,31150,31850,202824,-0.025993883792048922
2022-06-03,32200,32250,31550,31800,62365,-0.0015698587127158659
2022-06-07,31300,31300,30250,30800,208292,-0.03144654088050314
2022-06-08,30800,30950,30350,30450,115473,-0.011363636363636354
2022-06-09,30800,30800,30000,30450,301115,0.0
2022-06-10,30050,30250,29750,29950,231255,-0.016420361247947435
2022-06-13,29550,29800,28500,28750,171585,-0.04006677796327207
2022-06-14,28450,28950,27600,28000,225887,-0.02608695652173909
2022-06-15,28200,28650,27000,27250,156932,-0.0267857142857143
2022-06-16,27400,28450,27400,28100,130216,0.031192660550458662
2022-06-17,27650,27800,26900,27650,185297,-0.016014234875444844
2022-06-20,27600,27650,26400,26450,182677,-0.04339963833634719
2022-06-21,26800,27700,26450,27150,113389,0.026465028355387554
2022-06-22,27550,27700,25700,25900,157834,-0.046040515653775316
2022-06-23,26400,27000,25400,25600,232762,-0.01158301158301156
2022-06-24,26400,26900,25450,26600,145230,0.0390625
2022-06-27,26700,27500,26250,27150,130570,0.020676691729323293
2022-06-28,27050,27250,26400,26850,108918,-0.011049723756906049
2022-06-29,26200,26650,25850,25950,102674,-0.03351955307262566
2022-06-30,26250,26350,25600,25850,102282,-0.003853564547206201
2022-07-01,26250,26600,25700,26200,131893,0.013539651837524147
2022-07-04,26450,26900,25500,25900,97471,-0.011450381679389277
2022-07-05,26400,27100,25850,27050,97143,0.044401544401544424
2022-07-06,26150,26900,24950,26500,232429,-0.020332717190388205
2022-07-07,27000,27000,26100,26600,88903,0.0037735849056603765
2022-07-08,26650,27050,26600,26600,72408,0.0
2022-07-11,26900,26900,26150,26400,60502,-0.007518796992481258
2022-07-12,26350,26700,25300,25400,95685,-0.037878787878787845
2022-07-13,25600,26000,25200,25400,76393,0.0
2022-07-14,25250,25400,24100,24800,170357,-0.023622047244094446
2022-07-15,24900,24900,23000,23250,304256,-0.0625
2022-07-18,23450,24400,23100,24150,240295,0.03870967741935494
2022-07-19,24000,25100,23800,24900,136268,0.03105590062111796
2022-07-20,25350,26050,24950,25150,110322,0.010040160642570184
2022-07-21,24550,25550,24350,25400,129639,0.00994035785288272
2022-07-22,24600,25500,24550,25100,76431,-0.011811023622047223
2022-07-25,25050,25600,25000,25400,37052,0.01195219123505975
2022-07-26,25400,25400,24850,25300,47154,-0.003937007874015741
2022-07-27,25350,25600,24950,25000,53405,-0.011857707509881465
2022-07-28,25050,25750,25000,25400,125268,0.016000000000000014
2022-07-29,25550,26600,25350,26250,152908,0.0334645669291338
2022-08-01,25850,26550,25650,25900,95258,-0.013333333333333308
2022-08-02,25500,26150,25250,26100,108936,0.007722007722007707
2022-08-03,26100,27850,25950,27350,176591,0.04789272030651337
2022-08-04,27250,28300,26900,28000,172833,0.02376599634369292
2022-08-05,28000,29400,27800,28850,178386,0.03035714285714275
2022-08-08,28450,29350,28300,29300,94726,0.015597920277296451
2022-08-09,28900,30300,28900,30300,126304,0.03412969283276457
2022-08-10,30500,30500,28150,28500,216370,-0.05940594059405946
2022-08-11,28850,29550,28800,29200,117845,0.024561403508772006
2022-08-12,29200,29700,28650,28950,98624,-0.008561643835616417
2022-08-16,29000,29200,28350,28400,106309,-0.01899827288428324
2022-08-17,28650,30050,28450,29850,170261,0.051056338028169
2022-08-18,29850,30500,29500,30050,141079,0.00670016750418756
2022-08-19,30100,31650,29600,31300,191290,0.04159733777038266
2022-08-22,30500,31400,30450,30950,168271,-0.011182108626198062
2022-08-23,30800,31150,30300,30500,103953,-0.014539579967689842
2022-08-24,30500,30700,28700,29250,171834,-0.040983606557377095
2022-08-25,29250,29750,29150,29500,69587,0.008547008547008517
2022-08-26,29600,29900,29050,29550,103193,0.0016949152542373724
2022-08-29,29000,29300,28450,29000,136723,-0.0186125211505922
2022-08-30,29000,30250,29000,30100,96128,0.037931034482758585
2022-08-31,29950,30850,29700,30800,172053,0.023255813953488413
2022-09-01,30250,30350,29200,29300,152416,-0.04870129870129869
2022-09-02,29250,29600,28300,28300,134249,-0.03412969283276446
2022-09-05,28350,29200,27500,27900,116032,-0.014134275618374548
2022-09-06,28350,28350,26900,27000,128765,-0.032258064516129004
2022-09-07,26550,26850,25300,25900,240698,-0.040740740740740744
2022-09-08,26350,26450,25200,25450,177957,-0.01737451737451734
2022-09-13,25900,26800,25700,25950,215976,0.01964636542239684
2022-09-14,25050,25500,24650,25250,193555,-0.026974951830443183
2022-09-15,25050,25600,24900,25100,143504,-0.005940594059405946
2022-09-16,25300,25500,24550,24550,201672,-0.021912350597609542
2022-09-19,24600,24900,24150,24200,116503,-0.014256619144602856
2022-09-20,24850,24850,24000,24600,246314,0.016528925619834656
2022-09-21,24350,24800,23900,24250,103055,-0.014227642276422814
2022-09-22,24050,24050,23150,23800,276789,-0.01855670103092788
2022-09-23,24200,24200,22600,22900,217030,-0.037815126050420145
2022-09-26,22300,22700,21600,22150,306379,-0.03275109170305679
2022-09-27,22350,22900,21400,21700,252084,-0.020316027088036148
2022-09-28,21250,21600,20350,20850,294659,-0.03917050691244239
2022-09-29,21000,22050,20650,20850,318723,0.0
2022-09-30,20850,21350,20050,20850,260337,0.0
2022-10-04,21000,22050,20950,21600,239499,0.03597122302158273
2022-10-05,21900,22200,20600,20800,202448,-0.03703703703703709
2022-10-06,20800,21450,20650,21250,120637,0.02163461538461542
2022-10-07,20850,21900,20800,21750,219820,0.0235294117647058
2022-10-11,21050,21600,20500,20850,218196,-0.04137931034482756
2022-10-12,20600,21200,20500,20850,164308,0.0
2022-10-13,20900,21200,20150,20350,186650,-0.023980815347721784
2022-10-14,20650,22350,20600,22300,197655,0.0958230958230959
2022-10-17,21900,22850,21750,22750,130205,0.020179372197309364
2022-10-18,23300,24550,23250,23950,241273,0.05274725274725278
2022-10-19,24150,24700,23200,23400,170307,-0.022964509394572064
2022-10-20,23050,23050,22150,22850,245720,-0.023504273504273532
2022-10-21,22700,23000,20900,21200,275434,-0.07221006564551424
2022-10-24,22000,22650,21100,21200,185767,0.0
2022-10-25,21600,21600,19950,20950,278957,-0.011792452830188704
2022-10-26,21050,21150,20450,20550,131905,-0.019093078758949833
2022-10-27,20800,22150,20650,22150,217464,0.07785888077858871
2022-10-28,22150,22500,21950,22100,200592,-0.0022573363431150906
2022-10-31,22550,22800,21150,21700,257591,-0.018099547511312264
2022-11-01,21800,21950,21350,21550,190336,-0.00691244239631339
2022-11-02,21250,22600,21200,22200,122190,0.030162412993039345
2022-11-03,21550,22750,21300,22350,221625,0.006756756756756799
2022-11-04,22650,24700,22550,24500,402391,0.09619686800894844
2022-11-07,24600,24600,23600,23850,263522,-0.026530612244897944
2022-11-08,24000,26150,24000,25900,277012,0.08595387840670865
2022-11-09,26000,29300,25750,28550,313449,0.10231660231660222
2022-11-10,28100,29200,27400,27950,260509,-0.021015761821365997
2022-11-11,29250,29400,27300,27900,235292,-0.0017889087656529634
2022-11-14,28100,28700,27050,28700,218014,0.028673835125448077
2022-11-15,28900,30400,28700,29850,313376,0.04006968641114983
2022-11-16,29700,29850,27900,28000,323142,-0.061976549413735316
2022-11-17,28200,28300,27000,27750,159983,-0.008928571428571397
2022-11-18,27400,28450,27200,28050,192315,0.0108108108108107
2022-11-21,27900,28450,26550,26750,231484,-0.04634581105169344
2022-11-22,34750,34750,34750,34750,245785,0.2990654205607477
2022-11-23,45100,45150,35000,36400,4922520,0.04748201438848931
2022-11-24,36400,36700,34450,36000,1404253,-0.01098901098901095
2022-11-25,35700,37800,34850,37050,976637,0.029166666666666563
2022-11-28,36650,37500,35600,35600,962900,-0.03913630229419707
2022-11-29,35250,39800,35200,36600,2248224,0.028089887640449396
2022-11-30,36450,39400,36400,37750,4381321,0.031420765027322384
2022-12-01,38500,41600,38100,41200,1559846,0.09139072847682117
2022-12-02,41100,42650,40050,40300,1140943,-0.021844660194174748
2022-12-05,39700,40050,37750,38950,903912,-0.03349875930521096
2022-12-06,38550,39900,38550,39350,582962,0.010269576379974277
2022-12-07,39100,39500,37300,37750,848172,-0.0406607369758577
2022-12-08,37750,38250,37000,37200,707491,-0.014569536423841067
2022-12-09,37200,37450,36050,36750,539520,-0.012096774193548376
2022-12-12,36750,38300,36700,37500,412176,0.020408163265306145
2022-12-13,37750,38250,37200,38200,428883,0.01866666666666661
2022-12-14,38300,38350,37850,38250,285321,0.0013089005235602524
2022-12-15,38100,38250,36750,37250,371126,-0.02614379084967322
2022-12-16,36500,39250,36450,38800,719713,0.041610738255033475
2022-12-19,38650,40000,38250,39500,557238,0.018041237113401998
2022-12-20,39700,41600,39300,40850,730773,0.03417721518987338
2022-12-21,41400,41450,40050,40650,331835,-0.004895960832313362
2022-12-22,40900,42300,40850,42300,517240,0.040590405904058935
2022-12-23,41900,42650,41550,42250,538433,-0.0011820330969266601
2022-12-26,42100,42150,40050,41700,327189,-0.013017751479289963
2022-12-27,41900,42400,40750,41700,358954,0.0
2022-12-28,41100,43000,40700,42250,414966,0.01318944844124692
2022-12-29,42000,43850,42000,42700,355631,0.010650887573964596
2023-01-02,42750,43500,40850,41550,343924,-0.02693208430913352
2023-01-03,41750,41800,39400,40150,408959,-0.03369434416365824
2023-01-04,40150,40550,38950,40400,315699,0.0062266500622665255
2023-01-05,40100,40600,39000,39200,429569,-0.02970297029702973
2023-01-06,38750,39000,37300,37600,623730,-0.04081632653061229
2023-01-09,38150,39150,37800,38650,385166,0.027925531914893664
2023-01-10,39050,40050,38700,39750,353353,0.028460543337645472
2023-01-11,39950,40000,38350,38650,380877,-0.02767295597484276
2023-01-12,38950,42300,38900,42200,923206,0.09184993531694685
2023-01-13,42600,45500,42250,43900,955702,0.04028436018957349
2023-01-16,43900,44950,43150,44500,511954,0.013667425968109326
2023-01-17,44100,46900,43800,45950,857265,0.03258426966292127
2023-01-18,45800,47150,45650,47100,729047,0.02502720348204579
2023-01-19,47150,48650,47150,48200,740911,0.023354564755838636
2023-01-20,48350,48550,46800,47000,618861,-0.024896265560165998
2023-01-25,47000,47450,45400,45950,713081,-0.022340425531914843
2023-01-26,45650,47050,45050,45250,699880,-0.015233949945593017
2023-01-27,45000,45300,43400,43550,3464391,-0.037569060773480656
2023-01-30,43600,43600,41600,42650,510831,-0.02066590126291623
2023-01-31,42650,44250,42600,42950,491127,0.00703399765533419
2023-02-01,42950,44000,42700,43950,451822,0.02328288707799775
2023-02-02,44000,45000,41850,42750,670330,-0.027303754266211566
2023-02-03,42600,42950,41700,42600,366365,-0.0035087719298245723
2023-02-06,42700,42800,40900,41900,550398,-0.016431924882629123
2023-02-07,41900,42500,41200,42150,342509,0.005966587112171906
2023-02-08,42150,42200,41400,41850,288510,-0.007117437722419906
2023-02-09,41600,43050,41500,42950,405455,0.02628434886499398
2023-02-10,43500,43500,42150,42500,202558,-0.010477299185098987
2023-02-13,42250,43000,41800,42950,233884,0.010588235294117565
2023-02-14,43100,43800,42800,43600,308400,0.015133876600698537
2023-02-15,43600,43700,41950,42200,355185,-0.032110091743119296
2023-02-16,42400,42500,41800,42400,245935,0.004739336492890933
2023-02-17,41650,42950,41550,42550,242054,0.0035377358490567
2023-02-20,42500,42750,41950,42000,202559,-0.01292596944770863
2023-02-21,41700,45150,41300,43400,1107454,0.03333333333333344
2023-02-22,43050,43200,40550,41150,1178335,-0.0518433179723502
2023-02-23,41050,42700,39850,41850,1331596,0.017010935601458055
2023-02-24,41650,44200,41650,43600,944359,0.041816009557944955
2023-02-27,43050,43900,42750,43600,615092,0.0
2023-02-28,43650,45000,43400,45000,1221978,0.032110091743119185
2023-03-02,44550,44750,43100,43300,793953,-0.0377777777777778
2023-03-03,43300,43300,41400,41750,909793,-0.035796766743648956
2023-03-06,41700,42250,41050,41400,430082,-0.008383233532934131
2023-03-07,41250,42300,40850,42100,483444,0.01690821256038655
2023-03-08,41500,42200,41300,41800,596621,-0.0071258907363420665
2023-03-09,41850,44350,41400,43150,1099112,0.03229665071770338
2023-03-10,42400,43700,41350,43500,688130,0.008111239860950192
2023-03-13,42900,43000,41700,42700,621471,-0.01839080459770115
2023-03-14,41850,42200,39850,39950,1041990,-0.06440281030444961
2023-03-15,40900,41400,40500,40900,447056,0.02377972465581979
2023-03-16,40800,41950,39950,41750,561621,0.020782396088019572
2023-03-17,42100,43450,42000,42150,855319,0.009580838323353325
2023-03-20,43650,44150,42350,42450,616151,0.007117437722419906
2023-03-21,42400,42900,41900,42250,405698,-0.004711425206124886
2023-03-22,42400,43200,41450,41500,366960,-0.017751479289940808
2023-03-23,41500,41500,40200,40650,460914,-0.02048192771084334
